origin_date,forecast_date,feature,feature_value,shap_value,prediction,base_value
1976-06-01,1976-07-01,lag_0,0.0010263728636865,-0.0002225276469251347,-0.000427370195314007,0.0010491894938722602
1976-06-01,1976-07-01,lag_1,0.0042418145250855,2.915359911283153e-05,-0.000427370195314007,0.0010491894938722602
1976-06-01,1976-07-01,lag_2,0.0049490355971983,0.0003974735913000445,-0.000427370195314007,0.0010491894938722602
1976-06-01,1976-07-01,lag_3,0.002160118714749,3.608031499152024e-05,-0.000427370195314007,0.0010491894938722602
1976-06-01,1976-07-01,lag_4,0.0097589294368396,6.660960139098787e-05,-0.000427370195314007,0.0010491894938722602
1976-06-01,1976-07-01,lag_5,0.0131037213318072,-0.000964671179233768,-0.000427370195314007,0.0010491894938722602
1976-06-01,1976-07-01,lag_6,0.0135618859783548,-0.0009057362104950112,-0.000427370195314007,0.0010491894938722602
1976-06-01,1976-07-01,lag_7,0.00134316107532,2.296607828122526e-06,-0.000427370195314007,0.0010491894938722602
1976-06-01,1976-07-01,lag_8,0.0043885842792676,0.0005663050672474945,-0.000427370195314007,0.0010491894938722602
1976-06-01,1976-07-01,lag_9,0.0128274143058635,-0.0005137224644699018,-0.000427370195314007,0.0010491894938722602
1976-06-01,1976-07-01,lag_10,0.0097899049851579,0.0009785839850262699,-0.000427370195314007,0.0010491894938722602
1976-06-01,1976-07-01,lag_11,0.0104277982971066,-0.0009619181109344461,-0.000427370195314007,0.0010491894938722602
1976-06-01,1976-07-01,volatility_3m,0.0020907139786678543,1.5513155974723584e-05,-0.000427370195314007,0.0010491894938722602
1976-07-01,1976-08-01,lag_0,0.0056794493189409,0.00155313736211041,0.00030078409453767154,0.0009489230793631824
1976-07-01,1976-08-01,lag_1,0.0010263728636865,-8.004190377184188e-06,0.00030078409453767154,0.0009489230793631824
1976-07-01,1976-08-01,lag_2,0.0042418145250855,0.00029326247101857215,0.00030078409453767154,0.0009489230793631824
1976-07-01,1976-08-01,lag_3,0.0049490355971983,0.00032386968876613886,0.00030078409453767154,0.0009489230793631824
1976-07-01,1976-08-01,lag_4,0.002160118714749,6.4887838308570885e-06,0.00030078409453767154,0.0009489230793631824
1976-07-01,1976-08-01,lag_5,0.0097589294368396,-0.0006298773394498103,0.00030078409453767154,0.0009489230793631824
1976-07-01,1976-08-01,lag_6,0.0131037213318072,-0.0007288909816388586,0.00030078409453767154,0.0009489230793631824
1976-07-01,1976-08-01,lag_7,0.0135618859783548,-0.0016468204106900263,0.00030078409453767154,0.0009489230793631824
1976-07-01,1976-08-01,lag_8,0.00134316107532,-8.471343609891312e-06,0.00030078409453767154,0.0009489230793631824
1976-07-01,1976-08-01,lag_9,0.0043885842792676,-0.00010541159451237371,0.00030078409453767154,0.0009489230793631824
1976-07-01,1976-08-01,lag_10,0.0128274143058635,0.0011984469825933957,0.00030078409453767154,0.0009489230793631824
1976-07-01,1976-08-01,lag_11,0.0097899049851579,-0.0007045771334849928,0.00030078409453767154,0.0009489230793631824
1976-07-01,1976-08-01,volatility_3m,0.002382469985008796,-0.00019129127938174756,0.00030078409453767154,0.0009489230793631824
1976-08-01,1976-09-01,lag_0,0.006854351585718,0.0020830772385101617,0.0032939515436465525,0.0012896156880791187
1976-08-01,1976-09-01,lag_1,0.0056794493189409,-1.0614737686465461e-05,0.0032939515436465525,0.0012896156880791187
1976-08-01,1976-09-01,lag_2,0.0010263728636865,-7.398892911133801e-05,0.0032939515436465525,0.0012896156880791187
1976-08-01,1976-09-01,lag_3,0.0042418145250855,0.00020246430864024416,0.0032939515436465525,0.0012896156880791187
1976-08-01,1976-09-01,lag_4,0.0049490355971983,-2.512204853670403e-05,0.0032939515436465525,0.0012896156880791187
1976-08-01,1976-09-01,lag_5,0.002160118714749,-2.7040528695780296e-05,0.0032939515436465525,0.0012896156880791187
1976-08-01,1976-09-01,lag_6,0.0097589294368396,-0.0007840197749858468,0.0032939515436465525,0.0012896156880791187
1976-08-01,1976-09-01,lag_7,0.0131037213318072,-0.000494818559854805,0.0032939515436465525,0.0012896156880791187
1976-08-01,1976-09-01,lag_8,0.0135618859783548,0.0019772176755712624,0.0032939515436465525,0.0012896156880791187
1976-08-01,1976-09-01,lag_9,0.00134316107532,5.570852796661002e-06,0.0032939515436465525,0.0012896156880791187
1976-08-01,1976-09-01,lag_10,0.0043885842792676,0.00036607149524924416,0.0032939515436465525,0.0012896156880791187
1976-08-01,1976-09-01,lag_11,0.0128274143058635,-0.0014198182970667388,0.0032939515436465525,0.0012896156880791187
1976-08-01,1976-09-01,volatility_3m,0.0030821218832532875,0.000205357160737539,0.0032939515436465525,0.0012896156880791187
1976-09-01,1976-10-01,lag_0,0.0034510513529513,0.0006906051533281099,0.003367905394888199,0.0013631534818201038
1976-09-01,1976-10-01,lag_1,0.006854351585718,3.216513638979574e-06,0.003367905394888199,0.0013631534818201038
1976-09-01,1976-10-01,lag_2,0.0056794493189409,0.0003971532742872837,0.003367905394888199,0.0013631534818201038
1976-09-01,1976-10-01,lag_3,0.0010263728636865,-6.749420678991678e-05,0.003367905394888199,0.0013631534818201038
1976-09-01,1976-10-01,lag_4,0.0042418145250855,-2.6557297015659002e-05,0.003367905394888199,0.0013631534818201038
1976-09-01,1976-10-01,lag_5,0.0049490355971983,-0.000189999352312253,0.003367905394888199,0.0013631534818201038
1976-09-01,1976-10-01,lag_6,0.002160118714749,-3.538519975153202e-05,0.003367905394888199,0.0013631534818201038
1976-09-01,1976-10-01,lag_7,0.0097589294368396,-0.0005156458408512143,0.003367905394888199,0.0013631534818201038
1976-09-01,1976-10-01,lag_8,0.0131037213318072,0.0020743624434842105,0.003367905394888199,0.0013631534818201038
1976-09-01,1976-10-01,lag_9,0.0135618859783548,-0.0003027428222762137,0.003367905394888199,0.0013631534818201038
1976-09-01,1976-10-01,lag_10,0.00134316107532,-1.8024692515769995e-05,0.003367905394888199,0.0013631534818201038
1976-09-01,1976-10-01,lag_11,0.0043885842792676,-0.00035847376020026346,0.003367905394888199,0.0013631534818201038
1976-09-01,1976-10-01,volatility_3m,0.0017286124158630062,0.0003537377000423337,0.003367905394888199,0.0013631534818201038
1976-10-01,1976-11-01,lag_0,-0.0003044869306836,-0.0007961978509525507,0.0031787537862255338,0.0011693326148222393
1976-10-01,1976-11-01,lag_1,0.0034510513529513,1.0889660277772015e-05,0.0031787537862255338,0.0011693326148222393
1976-10-01,1976-11-01,lag_2,0.006854351585718,0.0006127025052661688,0.0031787537862255338,0.0011693326148222393
1976-10-01,1976-11-01,lag_3,0.0056794493189409,0.00034011647669346607,0.0031787537862255338,0.0011693326148222393
1976-10-01,1976-11-01,lag_4,0.0010263728636865,-4.314328063895813e-06,0.0031787537862255338,0.0011693326148222393
1976-10-01,1976-11-01,lag_5,0.0042418145250855,-0.00018439244851551284,0.0031787537862255338,0.0011693326148222393
1976-10-01,1976-11-01,lag_6,0.0049490355971983,-0.00026242057868180893,0.0031787537862255338,0.0011693326148222393
1976-10-01,1976-11-01,lag_7,0.002160118714749,-3.257776563223641e-05,0.0031787537862255338,0.0011693326148222393
1976-10-01,1976-11-01,lag_8,0.0097589294368396,0.0013475906764334941,0.0031787537862255338,0.0011693326148222393
1976-10-01,1976-11-01,lag_9,0.0131037213318072,-0.0004868368151552394,0.0031787537862255338,0.0011693326148222393
1976-10-01,1976-11-01,lag_10,0.0135618859783548,0.0014156920010678792,0.0031787537862255338,0.0011693326148222393
1976-10-01,1976-11-01,lag_11,0.00134316107532,1.7901069036143183e-05,0.0031787537862255338,0.0011693326148222393
1976-10-01,1976-11-01,volatility_3m,0.0035808632380594186,3.126856962961515e-05,0.0031787537862255338,0.0011693326148222393
1976-11-01,1976-12-01,lag_0,0.0151273417142681,0.0052243581122910126,0.006286686369387999,0.0012138777877963604
1976-11-01,1976-12-01,lag_1,-0.0003044869306836,-1.3125696791758892e-05,0.006286686369387999,0.0012138777877963604
1976-11-01,1976-12-01,lag_2,0.0034510513529513,0.00017367553360462517,0.006286686369387999,0.0012138777877963604
1976-11-01,1976-12-01,lag_3,0.006854351585718,0.0004541147083872544,0.006286686369387999,0.0012138777877963604
1976-11-01,1976-12-01,lag_4,0.0056794493189409,-1.1402216269730676e-06,0.006286686369387999,0.0012138777877963604
1976-11-01,1976-12-01,lag_5,0.0010263728636865,5.512804185875194e-05,0.006286686369387999,0.0012138777877963604
1976-11-01,1976-12-01,lag_6,0.0042418145250855,-0.00016972966657571227,0.006286686369387999,0.0012138777877963604
1976-11-01,1976-12-01,lag_7,0.0049490355971983,-0.0003777755901138812,0.006286686369387999,0.0012138777877963604
1976-11-01,1976-12-01,lag_8,0.002160118714749,8.159872873436777e-05,0.006286686369387999,0.0012138777877963604
1976-11-01,1976-12-01,lag_9,0.0097589294368396,-0.0002366330842272595,0.006286686369387999,0.0012138777877963604
1976-11-01,1976-12-01,lag_10,0.0131037213318072,0.0012561466507730497,0.006286686369387999,0.0012138777877963604
1976-11-01,1976-12-01,lag_11,0.0135618859783548,-0.0012918963947982712,0.006286686369387999,0.0012138777877963604
1976-11-01,1976-12-01,volatility_3m,0.008047578929185046,-8.19125399235655e-05,0.006286686369387999,0.0012138777877963604
1976-12-01,1977-01-01,lag_0,0.0107538061144394,0.0035135708527033018,0.004141928448628825,0.001646740162240127
1976-12-01,1977-01-01,lag_1,0.0151273417142681,-0.0003112721278416648,0.004141928448628825,0.001646740162240127
1976-12-01,1977-01-01,lag_2,-0.0003044869306836,-0.00022625048631169583,0.004141928448628825,0.001646740162240127
1976-12-01,1977-01-01,lag_3,0.0034510513529513,0.0002195607167472362,0.004141928448628825,0.001646740162240127
1976-12-01,1977-01-01,lag_4,0.006854351585718,-0.00013563481722790387,0.004141928448628825,0.001646740162240127
1976-12-01,1977-01-01,lag_5,0.0056794493189409,-0.00027480534401085375,0.004141928448628825,0.001646740162240127
1976-12-01,1977-01-01,lag_6,0.0010263728636865,4.357344012788587e-05,0.004141928448628825,0.001646740162240127
1976-12-01,1977-01-01,lag_7,0.0042418145250855,-0.0003267188286834862,0.004141928448628825,0.001646740162240127
1976-12-01,1977-01-01,lag_8,0.0049490355971983,0.0006936904583056838,0.004141928448628825,0.001646740162240127
1976-12-01,1977-01-01,lag_9,0.002160118714749,1.110624501524504e-06,0.004141928448628825,0.001646740162240127
1976-12-01,1977-01-01,lag_10,0.0097589294368396,0.000978707913980949,0.004141928448628825,0.001646740162240127
1976-12-01,1977-01-01,lag_11,0.0131037213318072,-0.0015190887707192899,0.004141928448628825,0.001646740162240127
1976-12-01,1977-01-01,volatility_3m,0.007953563080384545,-0.00016125534518299052,0.004141928448628825,0.001646740162240127
1977-01-01,1977-02-01,lag_0,-0.0070222901040648,-0.0036130557622699156,-0.0030785753371512536,0.0018028986021444485
1977-01-01,1977-02-01,lag_1,0.0107538061144394,-0.0003537177901765018,-0.0030785753371512536,0.0018028986021444485
1977-01-01,1977-02-01,lag_2,0.0151273417142681,0.0015059365560304721,-0.0030785753371512536,0.0018028986021444485
1977-01-01,1977-02-01,lag_3,-0.0003044869306836,-0.00029254281135993667,-0.0030785753371512536,0.0018028986021444485
1977-01-01,1977-02-01,lag_4,0.0034510513529513,-7.885716624835777e-05,-0.0030785753371512536,0.0018028986021444485
1977-01-01,1977-02-01,lag_5,0.006854351585718,-0.0002939271046852563,-0.0030785753371512536,0.0018028986021444485
1977-01-01,1977-02-01,lag_6,0.0056794493189409,-0.00028598542860099334,-0.0030785753371512536,0.0018028986021444485
1977-01-01,1977-02-01,lag_7,0.0010263728636865,8.808500062630698e-05,-0.0030785753371512536,0.0018028986021444485
1977-01-01,1977-02-01,lag_8,0.0042418145250855,0.0005404014994273369,-0.0030785753371512536,0.0018028986021444485
1977-01-01,1977-02-01,lag_9,0.0049490355971983,2.0701242141758888e-05,-0.0030785753371512536,0.0018028986021444485
1977-01-01,1977-02-01,lag_10,0.002160118714749,4.409196012297373e-05,-0.0030785753371512536,0.0018028986021444485
1977-01-01,1977-02-01,lag_11,0.0097589294368396,-0.0012610741736196565,-0.0030785753371512536,0.0018028986021444485
1977-01-01,1977-02-01,volatility_3m,0.011731180674454679,-0.0009015299606839334,-0.0030785753371512536,0.0018028986021444485
1977-02-01,1977-03-01,lag_0,0.0156756690486763,0.005509329930192769,0.009154580611290791,0.0014681147633755771
1977-02-01,1977-03-01,lag_1,-0.0070222901040648,0.00022199575340966455,0.009154580611290791,0.0014681147633755771
1977-02-01,1977-03-01,lag_2,0.0107538061144394,0.0011587622808323208,0.009154580611290791,0.0014681147633755771
1977-02-01,1977-03-01,lag_3,0.0151273417142681,0.0017201945815224452,0.009154580611290791,0.0014681147633755771
1977-02-01,1977-03-01,lag_4,-0.0003044869306836,4.129570978221486e-05,0.009154580611290791,0.0014681147633755771
1977-02-01,1977-03-01,lag_5,0.0034510513529513,-0.00012778208213958325,0.009154580611290791,0.0014681147633755771
1977-02-01,1977-03-01,lag_6,0.006854351585718,-0.00027854765398936356,0.009154580611290791,0.0014681147633755771
1977-02-01,1977-03-01,lag_7,0.0056794493189409,-0.0005649051603001105,0.009154580611290791,0.0014681147633755771
1977-02-01,1977-03-01,lag_8,0.0010263728636865,-0.0001614501129625396,0.009154580611290791,0.0014681147633755771
1977-02-01,1977-03-01,lag_9,0.0042418145250855,-1.9019964418502593e-05,0.009154580611290791,0.0014681147633755771
1977-02-01,1977-03-01,lag_10,0.0049490355971983,0.00040435210017200916,0.009154580611290791,0.0014681147633755771
1977-02-01,1977-03-01,lag_11,0.002160118714749,-3.9076449704139944e-05,0.009154580611290791,0.0014681147633755771
1977-02-01,1977-03-01,volatility_3m,0.011940209945198045,-0.00017868308448197075,0.009154580611290791,0.0014681147633755771
1977-03-01,1977-04-01,lag_0,0.0126992384400579,0.004516559639891009,0.004832712464695637,0.0017589316510925762
1977-03-01,1977-04-01,lag_1,0.0156756690486763,-0.0005694522347401876,0.004832712464695637,0.0017589316510925762
1977-03-01,1977-04-01,lag_2,-0.0070222901040648,-0.0013717715609096394,0.004832712464695637,0.0017589316510925762
1977-03-01,1977-04-01,lag_3,0.0107538061144394,0.001204994491349482,0.004832712464695637,0.0017589316510925762
1977-03-01,1977-04-01,lag_4,0.0151273417142681,-0.00047687750544154345,0.004832712464695637,0.0017589316510925762
1977-03-01,1977-04-01,lag_5,-0.0003044869306836,0.00018377933346819418,0.004832712464695637,0.0017589316510925762
1977-03-01,1977-04-01,lag_6,0.0034510513529513,-0.0001228246360663577,0.004832712464695637,0.0017589316510925762
1977-03-01,1977-04-01,lag_7,0.006854351585718,-0.00039178840647630716,0.004832712464695637,0.0017589316510925762
1977-03-01,1977-04-01,lag_8,0.0056794493189409,0.0007397724930381101,0.004832712464695637,0.0017589316510925762
1977-03-01,1977-04-01,lag_9,0.0010263728636865,1.8374493659372133e-05,0.004832712464695637,0.0017589316510925762
1977-03-01,1977-04-01,lag_10,0.0042418145250855,0.0003610897945065331,0.004832712464695637,0.0017589316510925762
1977-03-01,1977-04-01,lag_11,0.0049490355971983,-0.0004537183469375033,0.004832712464695637,0.0017589316510925762
1977-03-01,1977-04-01,volatility_3m,0.012335552797936475,-0.0005643567417381006,0.004832712464695637,0.0017589316510925762
1977-04-01,1977-05-01,lag_0,0.0095635721668867,0.0031059090465345492,0.003849385076246667,0.0016469222440439165
1977-04-01,1977-05-01,lag_1,0.0126992384400579,-0.00016108025968713545,0.003849385076246667,0.0016469222440439165
1977-04-01,1977-05-01,lag_2,0.0156756690486763,0.0021723605320677045,0.003849385076246667,0.0016469222440439165
1977-04-01,1977-05-01,lag_3,-0.0070222901040648,-0.0015206925665042037,0.003849385076246667,0.0016469222440439165
1977-04-01,1977-05-01,lag_4,0.0107538061144394,-0.00011697667208709182,0.003849385076246667,0.0016469222440439165
1977-04-01,1977-05-01,lag_5,0.0151273417142681,-0.001574106270951358,0.003849385076246667,0.0016469222440439165
1977-04-01,1977-05-01,lag_6,-0.0003044869306836,5.7979276510552846e-05,0.003849385076246667,0.0016469222440439165
1977-04-01,1977-05-01,lag_7,0.0034510513529513,-0.00020778953735541773,0.003849385076246667,0.0016469222440439165
1977-04-01,1977-05-01,lag_8,0.006854351585718,0.001010581554763844,0.003849385076246667,0.0016469222440439165
1977-04-01,1977-05-01,lag_9,0.0056794493189409,-1.3753442002393477e-05,0.003849385076246667,0.0016469222440439165
1977-04-01,1977-05-01,lag_10,0.0010263728636865,-0.00010588086496966242,0.003849385076246667,0.0016469222440439165
1977-04-01,1977-05-01,lag_11,0.0042418145250855,-0.00022870174250255905,0.003849385076246667,0.0016469222440439165
1977-04-01,1977-05-01,volatility_3m,0.0030563941291715524,-0.0002153862216140792,0.003849385076246667,0.0016469222440439165
1977-05-01,1977-06-01,lag_0,0.0078538379353396,0.0023633234148239253,0.007356372014945798,0.0018276238005052435
1977-05-01,1977-06-01,lag_1,0.0095635721668867,-7.884864614706242e-05,0.007356372014945798,0.0018276238005052435
1977-05-01,1977-06-01,lag_2,0.0126992384400579,0.0019211738906542402,0.007356372014945798,0.0018276238005052435
1977-05-01,1977-06-01,lag_3,0.0156756690486763,0.0016432331222721002,0.007356372014945798,0.0018276238005052435
1977-05-01,1977-06-01,lag_4,-0.0070222901040648,0.0002060725432951886,0.007356372014945798,0.0018276238005052435
1977-05-01,1977-06-01,lag_5,0.0107538061144394,-0.0008482611175219655,0.007356372014945798,0.0018276238005052435
1977-05-01,1977-06-01,lag_6,0.0151273417142681,-0.000696700797544846,0.007356372014945798,0.0018276238005052435
1977-05-01,1977-06-01,lag_7,-0.0003044869306836,0.00020711902267239033,0.007356372014945798,0.0018276238005052435
1977-05-01,1977-06-01,lag_8,0.0034510513529513,0.00031063984416805515,0.007356372014945798,0.0018276238005052435
1977-05-01,1977-06-01,lag_9,0.006854351585718,5.367056545337605e-06,0.007356372014945798,0.0018276238005052435
1977-05-01,1977-06-01,lag_10,0.0056794493189409,0.00045750588206623026,0.007356372014945798,0.0018276238005052435
1977-05-01,1977-06-01,lag_11,0.0010263728636865,0.00011141709094474234,0.007356372014945798,0.0018276238005052435
1977-05-01,1977-06-01,volatility_3m,0.0024574207403411023,-7.32930917877807e-05,0.007356372014945798,0.0018276238005052435
1977-06-01,1977-07-01,lag_0,0.007746814316869,0.002380684150181673,0.00414390398335826,0.002336668893152476
1977-06-01,1977-07-01,lag_1,0.0078538379353396,4.817357196490706e-06,0.00414390398335826,0.002336668893152476
1977-06-01,1977-07-01,lag_2,0.0095635721668867,0.0012629976774517395,0.00414390398335826,0.002336668893152476
1977-06-01,1977-07-01,lag_3,0.0126992384400579,0.0007827375214880306,0.00414390398335826,0.002336668893152476
1977-06-01,1977-07-01,lag_4,0.0156756690486763,-0.0008970664799190605,0.00414390398335826,0.002336668893152476
1977-06-01,1977-07-01,lag_5,-0.0070222901040648,0.0005298565140716523,0.00414390398335826,0.002336668893152476
1977-06-01,1977-07-01,lag_6,0.0107538061144394,-0.0005518269632982662,0.00414390398335826,0.002336668893152476
1977-06-01,1977-07-01,lag_7,0.0151273417142681,-0.0010134623976275586,0.00414390398335826,0.002336668893152476
1977-06-01,1977-07-01,lag_8,-0.0003044869306836,-0.00048156405821922314,0.00414390398335826,0.002336668893152476
1977-06-01,1977-07-01,lag_9,0.0034510513529513,-4.13853887055261e-05,0.00414390398335826,0.002336668893152476
1977-06-01,1977-07-01,lag_10,0.006854351585718,0.0003740278393957176,0.00414390398335826,0.002336668893152476
1977-06-01,1977-07-01,lag_11,0.0056794493189409,-0.000507195243377063,0.00414390398335826,0.002336668893152476
1977-06-01,1977-07-01,volatility_3m,0.0010194160324286507,-3.538543843282216e-05,0.00414390398335826,0.002336668893152476
1977-07-01,1977-08-01,lag_0,0.0012780405675312,-0.00041105638776087704,0.004295910045313234,0.0022827659049972043
1977-07-01,1977-08-01,lag_1,0.007746814316869,7.433495102674409e-06,0.004295910045313234,0.0022827659049972043
1977-07-01,1977-08-01,lag_2,0.0078538379353396,0.0009448626224527557,0.004295910045313234,0.0022827659049972043
1977-07-01,1977-08-01,lag_3,0.0095635721668867,0.0005638724918002226,0.004295910045313234,0.0022827659049972043
1977-07-01,1977-08-01,lag_4,0.0126992384400579,-0.0007700741303962342,0.004295910045313234,0.0022827659049972043
1977-07-01,1977-08-01,lag_5,0.0156756690486763,-0.0006627924143517278,0.004295910045313234,0.0022827659049972043
1977-07-01,1977-08-01,lag_6,-0.0070222901040648,0.0006063314141086469,0.004295910045313234,0.0022827659049972043
1977-07-01,1977-08-01,lag_7,0.0107538061144394,-0.0007233852965213972,0.004295910045313234,0.0022827659049972043
1977-07-01,1977-08-01,lag_8,0.0151273417142681,0.002975114911293853,0.004295910045313234,0.0022827659049972043
1977-07-01,1977-08-01,lag_9,-0.0003044869306836,6.391766000498146e-05,0.004295910045313234,0.0022827659049972043
1977-07-01,1977-08-01,lag_10,0.0034510513529513,0.00011073515991408461,0.004295910045313234,0.0022827659049972043
1977-07-01,1977-08-01,lag_11,0.006854351585718,-0.0006559287137541293,0.004295910045313234,0.0022827659049972043
1977-07-01,1977-08-01,volatility_3m,0.003766023519520916,-3.5886671576823905e-05,0.004295910045313234,0.0022827659049972043
1977-08-01,1977-09-01,lag_0,0.0009875927970335,-0.0005108236393721969,0.003263600640270773,0.0022416981837594142
1977-08-01,1977-09-01,lag_1,0.0012780405675312,9.186058787048554e-07,0.003263600640270773,0.0022416981837594142
1977-08-01,1977-09-01,lag_2,0.007746814316869,0.0009127205803448061,0.003263600640270773,0.0022416981837594142
1977-08-01,1977-09-01,lag_3,0.0078538379353396,0.00041272201548536773,0.003263600640270773,0.0022416981837594142
1977-08-01,1977-09-01,lag_4,0.0095635721668867,-0.0005245661850890446,0.003263600640270773,0.0022416981837594142
1977-08-01,1977-09-01,lag_5,0.0126992384400579,-0.0006164444678326205,0.003263600640270773,0.0022416981837594142
1977-08-01,1977-09-01,lag_6,0.0156756690486763,-0.0007002204895232085,0.003263600640270773,0.0022416981837594142
1977-08-01,1977-09-01,lag_7,-0.0070222901040648,0.0008301697890585543,0.003263600640270773,0.0022416981837594142
1977-08-01,1977-09-01,lag_8,0.0107538061144394,0.0019254580471986355,0.003263600640270773,0.0022416981837594142
1977-08-01,1977-09-01,lag_9,0.0151273417142681,-0.00030901320739496477,0.003263600640270773,0.0022416981837594142
1977-08-01,1977-09-01,lag_10,-0.0003044869306836,-0.0001619896184360138,0.003263600640270773,0.0022416981837594142
1977-08-01,1977-09-01,lag_11,0.0034510513529513,-0.00019473286049012838,0.003263600640270773,0.0022416981837594142
1977-08-01,1977-09-01,volatility_3m,0.003821353802029594,-4.229611331653166e-05,0.003263600640270773,0.0022416981837594142
1977-09-01,1977-10-01,lag_0,0.0041145067243357,0.0008214947738633298,-0.00035037760216419505,0.0022958954521085408
1977-09-01,1977-10-01,lag_1,0.0009875927970335,2.211543165124371e-06,-0.00035037760216419505,0.0022958954521085408
1977-09-01,1977-10-01,lag_2,0.0012780405675312,-0.0001565635843688663,-0.00035037760216419505,0.0022958954521085408
1977-09-01,1977-10-01,lag_3,0.007746814316869,0.0004068668845648177,-0.00035037760216419505,0.0022958954521085408
1977-09-01,1977-10-01,lag_4,0.0078538379353396,-0.0003895048417772562,-0.00035037760216419505,0.0022958954521085408
1977-09-01,1977-10-01,lag_5,0.0095635721668867,-0.0004453536141609018,-0.00035037760216419505,0.0022958954521085408
1977-09-01,1977-10-01,lag_6,0.0126992384400579,-0.0004978293862628115,-0.00035037760216419505,0.0022958954521085408
1977-09-01,1977-10-01,lag_7,0.0156756690486763,-0.0013182652617908202,-0.00035037760216419505,0.0022958954521085408
1977-09-01,1977-10-01,lag_8,-0.0070222901040648,-0.0020418420875018676,-0.00035037760216419505,0.0022958954521085408
1977-09-01,1977-10-01,lag_9,0.0107538061144394,-0.00018722417247725592,-0.00035037760216419505,0.0022958954521085408
1977-09-01,1977-10-01,lag_10,0.0151273417142681,0.0009595541169586071,-0.00035037760216419505,0.0022958954521085408
1977-09-01,1977-10-01,lag_11,-0.0003044869306836,0.0002900418410150004,-0.00035037760216419505,0.0022958954521085408
1977-09-01,1977-10-01,volatility_3m,0.001727594226800227,-8.985926549983542e-05,-0.00035037760216419505,0.0022958954521085408
1977-10-01,1977-11-01,lag_0,0.0014104608050469,-0.000382986905275558,0.0015990710139878318,0.002315699957425119
1977-10-01,1977-11-01,lag_1,0.0041145067243357,-6.457298594926393e-06,0.0015990710139878318,0.002315699957425119
1977-10-01,1977-11-01,lag_2,0.0009875927970335,-0.00019064300249685417,0.0015990710139878318,0.002315699957425119
1977-10-01,1977-11-01,lag_3,0.0012780405675312,-7.13431853758694e-05,0.0015990710139878318,0.002315699957425119
1977-10-01,1977-11-01,lag_4,0.007746814316869,-0.00038045682750469117,0.0015990710139878318,0.002315699957425119
1977-10-01,1977-11-01,lag_5,0.0078538379353396,-0.00032651980491718216,0.0015990710139878318,0.002315699957425119
1977-10-01,1977-11-01,lag_6,0.0095635721668867,-0.0003547130600844294,0.0015990710139878318,0.002315699957425119
1977-10-01,1977-11-01,lag_7,0.0126992384400579,-0.0009703414036293346,0.0015990710139878318,0.002315699957425119
1977-10-01,1977-11-01,lag_8,0.0156756690486763,0.002951004089898793,0.0015990710139878318,0.002315699957425119
1977-10-01,1977-11-01,lag_9,-0.0070222901040648,0.00017830977149308616,0.0015990710139878318,0.002315699957425119
1977-10-01,1977-11-01,lag_10,0.0107538061144394,0.0006731628351044193,0.0015990710139878318,0.002315699957425119
1977-10-01,1977-11-01,lag_11,0.0151273417142681,-0.001777522940252098,0.0015990710139878318,0.002315699957425119
1977-10-01,1977-11-01,volatility_3m,0.0016964802972910368,-5.8121211802641806e-05,0.0015990710139878318,0.002315699957425119
1977-11-01,1977-12-01,lag_0,0.0018376437087685,-0.00016247239784535105,0.00121007693804392,0.002295653117499033
1977-11-01,1977-12-01,lag_1,0.0014104608050469,3.312352746834034e-06,0.00121007693804392,0.002295653117499033
1977-11-01,1977-12-01,lag_2,0.0041145067243357,0.00030358449276578925,0.00121007693804392,0.002295653117499033
1977-11-01,1977-12-01,lag_3,0.0009875927970335,-8.857406189322112e-05,0.00121007693804392,0.002295653117499033
1977-11-01,1977-12-01,lag_4,0.0012780405675312,6.540773953352035e-05,0.00121007693804392,0.002295653117499033
1977-11-01,1977-12-01,lag_5,0.007746814316869,-0.00032224435494309766,0.00121007693804392,0.002295653117499033
1977-11-01,1977-12-01,lag_6,0.0078538379353396,-0.0002641963836811518,0.00121007693804392,0.002295653117499033
1977-11-01,1977-12-01,lag_7,0.0095635721668867,-0.000692139075553423,0.00121007693804392,0.002295653117499033
1977-11-01,1977-12-01,lag_8,0.0126992384400579,0.0022921047568617917,0.00121007693804392,0.002295653117499033
1977-11-01,1977-12-01,lag_9,0.0156756690486763,-0.0002815824455869891,0.00121007693804392,0.002295653117499033
1977-11-01,1977-12-01,lag_10,-0.0070222901040648,-0.0007137879466808064,0.00121007693804392,0.002295653117499033
1977-11-01,1977-12-01,lag_11,0.0107538061144394,-0.001164640372680182,0.00121007693804392,0.002295653117499033
1977-11-01,1977-12-01,volatility_3m,0.001453642250722428,-6.034848249882611e-05,0.00121007693804392,0.002295653117499033
1977-12-01,1978-01-01,lag_0,0.0017889719215924,-0.00016916007225928063,0.005062342771287573,0.002276545022457937
1977-12-01,1978-01-01,lag_1,0.0018376437087685,1.4051659059495953e-06,0.005062342771287573,0.002276545022457937
1977-12-01,1978-01-01,lag_2,0.0014104608050469,-0.00014042380894688382,0.005062342771287573,0.002276545022457937
1977-12-01,1978-01-01,lag_3,0.0041145067243357,0.0001423081500037885,0.005062342771287573,0.002276545022457937
1977-12-01,1978-01-01,lag_4,0.0009875927970335,8.113303806924663e-05,0.005062342771287573,0.002276545022457937
1977-12-01,1978-01-01,lag_5,0.0012780405675312,5.6290001173922834e-05,0.005062342771287573,0.002276545022457937
1977-12-01,1978-01-01,lag_6,0.007746814316869,-0.0002538173863797689,0.005062342771287573,0.002276545022457937
1977-12-01,1978-01-01,lag_7,0.0078538379353396,-0.0005283666764306476,0.005062342771287573,0.002276545022457937
1977-12-01,1978-01-01,lag_8,0.0095635721668867,0.0016165148310616656,0.005062342771287573,0.002276545022457937
1977-12-01,1978-01-01,lag_9,0.0126992384400579,-0.00019500486174257308,0.005062342771287573,0.002276545022457937
1977-12-01,1978-01-01,lag_10,0.0156756690486763,0.0010319599617370201,0.005062342771287573,0.002276545022457937
1977-12-01,1978-01-01,lag_11,-0.0070222901040648,0.0012047513711155753,0.005062342771287573,0.002276545022457937
1977-12-01,1978-01-01,volatility_3m,0.0007736727695581294,-6.179196447837856e-05,0.005062342771287573,0.002276545022457937
1978-01-01,1978-02-01,lag_0,-0.0148284552105955,-0.007413664903581416,-0.005381432993584392,0.0022145817255079772
1978-01-01,1978-02-01,lag_1,0.0017889719215924,-9.656426970510493e-07,-0.005381432993584392,0.0022145817255079772
1978-01-01,1978-02-01,lag_2,0.0018376437087685,-6.092763864048881e-05,-0.005381432993584392,0.0022145817255079772
1978-01-01,1978-02-01,lag_3,0.0014104608050469,-6.387578064250685e-05,-0.005381432993584392,0.0022145817255079772
1978-01-01,1978-02-01,lag_4,0.0041145067243357,-0.00011559015545596217,-0.005381432993584392,0.0022145817255079772
1978-01-01,1978-02-01,lag_5,0.0009875927970335,6.121278035915607e-05,-0.005381432993584392,0.0022145817255079772
1978-01-01,1978-02-01,lag_6,0.0012780405675312,5.0219670662530165e-05,-0.005381432993584392,0.0022145817255079772
1978-01-01,1978-02-01,lag_7,0.007746814316869,-0.0004988325689466201,-0.005381432993584392,0.0022145817255079772
1978-01-01,1978-02-01,lag_8,0.0078538379353396,0.0011332883142198187,-0.005381432993584392,0.0022145817255079772
1978-01-01,1978-02-01,lag_9,0.0095635721668867,-0.00012548861650929255,-0.005381432993584392,0.0022145817255079772
1978-01-01,1978-02-01,lag_10,0.0126992384400579,0.0005239880473194992,-0.005381432993584392,0.0022145817255079772
1978-01-01,1978-02-01,lag_11,0.0156756690486763,-0.0013275256187068026,-0.005381432993584392,0.0022145817255079772
1978-01-01,1978-02-01,volatility_3m,0.009608157182193919,0.00024214739352676614,-0.005381432993584392,0.0022145817255079772
1978-02-01,1978-03-01,lag_0,0.0053422393279238,0.0013444708025554686,0.0043504917955554424,0.002228476575615116
1978-02-01,1978-03-01,lag_1,-0.0148284552105955,-0.0003199702318442585,0.0043504917955554424,0.002228476575615116
1978-02-01,1978-03-01,lag_2,0.0017889719215924,-6.565977326649484e-05,0.0043504917955554424,0.002228476575615116
1978-02-01,1978-03-01,lag_3,0.0018376437087685,-2.87856504164763e-05,0.0043504917955554424,0.002228476575615116
1978-02-01,1978-03-01,lag_4,0.0014104608050469,4.51089830400684e-05,0.0043504917955554424,0.002228476575615116
1978-02-01,1978-03-01,lag_5,0.0041145067243357,-0.00010851108966623528,0.0043504917955554424,0.002228476575615116
1978-02-01,1978-03-01,lag_6,0.0009875927970335,6.696075747213034e-05,0.0043504917955554424,0.002228476575615116
1978-02-01,1978-03-01,lag_7,0.0012780405675312,8.613149609244573e-05,0.0043504917955554424,0.002228476575615116
1978-02-01,1978-03-01,lag_8,0.007746814316869,0.001063874022317323,0.0043504917955554424,0.002228476575615116
1978-02-01,1978-03-01,lag_9,0.0078538379353396,-2.846719482975946e-05,0.0043504917955554424,0.002228476575615116
1978-02-01,1978-03-01,lag_10,0.0095635721668867,0.0003623788650787955,0.0043504917955554424,0.002228476575615116
1978-02-01,1978-03-01,lag_11,0.0126992384400579,-0.0008401831378512872,0.0043504917955554424,0.002228476575615116
1978-02-01,1978-03-01,volatility_3m,0.010767400738035806,0.0005446673712586061,0.0043504917955554424,0.002228476575615116
1978-03-01,1978-04-01,lag_0,0.0189873192292036,0.007127051440867288,0.007600654859572438,0.0023668009554445976
1978-03-01,1978-04-01,lag_1,0.0053422393279238,-3.903760883028664e-05,0.007600654859572438,0.0023668009554445976
1978-03-01,1978-04-01,lag_2,-0.0148284552105955,-0.0030856073876576913,0.007600654859572438,0.0023668009554445976
1978-03-01,1978-04-01,lag_3,0.0017889719215924,-2.8841545940646952e-05,0.007600654859572438,0.0023668009554445976
1978-03-01,1978-04-01,lag_4,0.0018376437087685,1.8311700231467904e-05,0.007600654859572438,0.0023668009554445976
1978-03-01,1978-04-01,lag_5,0.0014104608050469,4.657016075357258e-05,0.007600654859572438,0.0023668009554445976
1978-03-01,1978-04-01,lag_6,0.0041145067243357,-0.0001072078912260665,0.007600654859572438,0.0023668009554445976
1978-03-01,1978-04-01,lag_7,0.0009875927970335,0.0001186193099012921,0.007600654859572438,0.0023668009554445976
1978-03-01,1978-04-01,lag_8,0.0012780405675312,-0.00018886728591744023,0.007600654859572438,0.0023668009554445976
1978-03-01,1978-04-01,lag_9,0.007746814316869,-5.55057770615874e-05,0.007600654859572438,0.0023668009554445976
1978-03-01,1978-04-01,lag_10,0.0078538379353396,0.00032269323681217434,0.007600654859572438,0.0023668009554445976
1978-03-01,1978-04-01,lag_11,0.0095635721668867,-0.0004947843306003072,0.007600654859572438,0.0023668009554445976
1978-03-01,1978-04-01,volatility_3m,0.01701250385570337,0.0016004598827960709,0.007600654859572438,0.0023668009554445976
1978-04-01,1978-05-01,lag_0,0.0200739523307373,0.007763829356469153,0.009537111094260656,0.002537485089184604
1978-04-01,1978-05-01,lag_1,0.0189873192292036,-5.3960156376219975e-05,0.009537111094260656,0.002537485089184604
1978-04-01,1978-05-01,lag_2,0.0053422393279238,0.0005169972446251534,0.009537111094260656,0.002537485089184604
1978-04-01,1978-05-01,lag_3,-0.0148284552105955,-0.001463152137648301,0.009537111094260656,0.002537485089184604
1978-04-01,1978-05-01,lag_4,0.0017889719215924,1.891752246306935e-05,0.009537111094260656,0.002537485089184604
1978-04-01,1978-05-01,lag_5,0.0018376437087685,1.790783632107031e-05,0.009537111094260656,0.002537485089184604
1978-04-01,1978-05-01,lag_6,0.0014104608050469,4.423930578606578e-05,0.009537111094260656,0.002537485089184604
1978-04-01,1978-05-01,lag_7,0.0041145067243357,-0.00020369550229053585,0.009537111094260656,0.002537485089184604
1978-04-01,1978-05-01,lag_8,0.0009875927970335,-0.00022260004842076237,0.009537111094260656,0.002537485089184604
1978-04-01,1978-05-01,lag_9,0.0012780405675312,8.164320278529521e-06,0.009537111094260656,0.002537485089184604
1978-04-01,1978-05-01,lag_10,0.007746814316869,0.0002942362918848691,0.009537111094260656,0.002537485089184604
1978-04-01,1978-05-01,lag_11,0.0078538379353396,-0.0002131491279487152,0.009537111094260656,0.002537485089184604
1978-04-01,1978-05-01,volatility_3m,0.008209672598089433,0.0004918910999326743,0.009537111094260656,0.002537485089184604
1978-05-01,1978-06-01,lag_0,0.0046552251817142,0.0008745397569220441,0.007715797748722324,0.0025893633852728734
1978-05-01,1978-06-01,lag_1,0.0200739523307373,-0.00018192803409222423,0.007715797748722324,0.0025893633852728734
1978-05-01,1978-06-01,lag_2,0.0189873192292036,0.0024762769906901704,0.007715797748722324,0.0025893633852728734
1978-05-01,1978-06-01,lag_3,0.0053422393279238,0.00035337327537045656,0.007715797748722324,0.0025893633852728734
1978-05-01,1978-06-01,lag_4,-0.0148284552105955,0.0008672849063139771,0.007715797748722324,0.0025893633852728734
1978-05-01,1978-06-01,lag_5,0.0017889719215924,1.9241606994650023e-05,0.007715797748722324,0.0025893633852728734
1978-05-01,1978-06-01,lag_6,0.0018376437087685,1.8290955746444676e-05,0.007715797748722324,0.0025893633852728734
1978-05-01,1978-06-01,lag_7,0.0014104608050469,0.0001006997057934797,0.007715797748722324,0.0025893633852728734
1978-05-01,1978-06-01,lag_8,0.0041145067243357,0.0003687443553888839,0.007715797748722324,0.0025893633852728734
1978-05-01,1978-06-01,lag_9,0.0009875927970335,5.094377783789677e-06,0.007715797748722324,0.0025893633852728734
1978-05-01,1978-06-01,lag_10,0.0012780405675312,-4.93799235711853e-05,0.007715797748722324,0.0025893633852728734
1978-05-01,1978-06-01,lag_11,0.007746814316869,-0.0002480450931959641,0.007715797748722324,0.0025893633852728734
1978-05-01,1978-06-01,volatility_3m,0.008605490865134229,0.0005222414833049272,0.007715797748722324,0.0025893633852728734
1978-06-01,1978-07-01,lag_0,0.0064680725447341,0.0015442338391607837,0.011968120384038366,0.00218642567994915
1978-06-01,1978-07-01,lag_1,0.0046552251817142,-2.0310499371914104e-05,0.011968120384038366,0.00218642567994915
1978-06-01,1978-07-01,lag_2,0.0200739523307373,0.0029933475505302945,0.011968120384038366,0.00218642567994915
1978-06-01,1978-07-01,lag_3,0.0189873192292036,0.0027468969609328606,0.011968120384038366,0.00218642567994915
1978-06-01,1978-07-01,lag_4,0.0053422393279238,6.732086410042665e-07,0.011968120384038366,0.00218642567994915
1978-06-01,1978-07-01,lag_5,-0.0148284552105955,0.0023375134828764505,0.011968120384038366,0.00218642567994915
1978-06-01,1978-07-01,lag_6,0.0017889719215924,3.473572697152373e-06,0.011968120384038366,0.00218642567994915
1978-06-01,1978-07-01,lag_7,0.0018376437087685,6.405527718015345e-05,0.011968120384038366,0.00218642567994915
1978-06-01,1978-07-01,lag_8,0.0014104608050469,-0.00018123921041696418,0.011968120384038366,0.00218642567994915
1978-06-01,1978-07-01,lag_9,0.0041145067243357,4.634587868721645e-05,0.011968120384038366,0.00218642567994915
1978-06-01,1978-07-01,lag_10,0.0009875927970335,-0.00013240661624323486,0.011968120384038366,0.00218642567994915
1978-06-01,1978-07-01,lag_11,0.0012780405675312,7.266693789006284e-05,0.011968120384038366,0.00218642567994915
1978-06-01,1978-07-01,volatility_3m,0.008427569115792928,0.0003064443215253486,0.011968120384038366,0.00218642567994915
1978-07-01,1978-08-01,lag_0,-0.0008247749395784,-0.0015595668866205154,0.003919826773967584,0.0023247219016908666
1978-07-01,1978-08-01,lag_1,0.0064680725447341,1.9930525972839575e-06,0.003919826773967584,0.0023247219016908666
1978-07-01,1978-08-01,lag_2,0.0046552251817142,0.00028538165107075755,0.003919826773967584,0.0023247219016908666
1978-07-01,1978-08-01,lag_3,0.0200739523307373,0.002507755513608677,0.003919826773967584,0.0023247219016908666
1978-07-01,1978-08-01,lag_4,0.0189873192292036,-0.0005623147461253126,0.003919826773967584,0.0023247219016908666
1978-07-01,1978-08-01,lag_5,0.0053422393279238,-0.00018434324144487042,0.003919826773967584,0.0023247219016908666
1978-07-01,1978-08-01,lag_6,-0.0148284552105955,0.0010120118228688915,0.003919826773967584,0.0023247219016908666
1978-07-01,1978-08-01,lag_7,0.0017889719215924,6.345234762378192e-05,0.003919826773967584,0.0023247219016908666
1978-07-01,1978-08-01,lag_8,0.0018376437087685,-7.806787888664683e-05,0.003919826773967584,0.0023247219016908666
1978-07-01,1978-08-01,lag_9,0.0014104608050469,-3.1792931208882116e-05,0.003919826773967584,0.0023247219016908666
1978-07-01,1978-08-01,lag_10,0.0041145067243357,0.00015682796894690124,0.003919826773967584,0.0023247219016908666
1978-07-01,1978-08-01,lag_11,0.0009875927970335,8.786988096714363e-05,0.003919826773967584,0.0023247219016908666
1978-07-01,1978-08-01,volatility_3m,0.0037969821639564022,-0.00010410168112049156,0.003919826773967584,0.0023247219016908666
1978-08-01,1978-09-01,lag_0,0.0040954125102032,0.0004859419153646048,0.004468657534340107,0.002374602653829066
1978-08-01,1978-09-01,lag_1,-0.0008247749395784,-1.416836835526846e-05,0.004468657534340107,0.002374602653829066
1978-08-01,1978-09-01,lag_2,0.0064680725447341,0.0004424162402663991,0.004468657534340107,0.002374602653829066
1978-08-01,1978-09-01,lag_3,0.0046552251817142,0.00028976162761846445,0.004468657534340107,0.002374602653829066
1978-08-01,1978-09-01,lag_4,0.0200739523307373,-0.0008901586724957432,0.004468657534340107,0.002374602653829066
1978-08-01,1978-09-01,lag_5,0.0189873192292036,-0.00048132186339796385,0.004468657534340107,0.002374602653829066
1978-08-01,1978-09-01,lag_6,0.0053422393279238,-0.0002533385126752186,0.004468657534340107,0.002374602653829066
1978-08-01,1978-09-01,lag_7,-0.0148284552105955,0.0028687045549220577,0.004468657534340107,0.002374602653829066
1978-08-01,1978-09-01,lag_8,0.0017889719215924,-8.145187448119204e-05,0.004468657534340107,0.002374602653829066
1978-08-01,1978-09-01,lag_9,0.0018376437087685,-3.77617123042432e-06,0.004468657534340107,0.002374602653829066
1978-08-01,1978-09-01,lag_10,0.0014104608050469,-7.828180691184571e-05,0.004468657534340107,0.002374602653829066
1978-08-01,1978-09-01,lag_11,0.0041145067243357,-0.00014326542814383913,0.004468657534340107,0.002374602653829066
1978-08-01,1978-09-01,volatility_3m,0.0037198428418839533,-4.7006759968990336e-05,0.004468657534340107,0.002374602653829066
1978-09-01,1978-10-01,lag_0,0.0025309942048967,-0.00018192458511471168,-0.003949483389950383,0.0024590115940339636
1978-09-01,1978-10-01,lag_1,0.0040954125102032,5.007519926610083e-06,-0.003949483389950383,0.0024590115940339636
1978-09-01,1978-10-01,lag_2,-0.0008247749395784,-0.0004519110202251443,-0.003949483389950383,0.0024590115940339636
1978-09-01,1978-10-01,lag_3,0.0064680725447341,0.0005803757938520893,-0.003949483389950383,0.0024590115940339636
1978-09-01,1978-10-01,lag_4,0.0046552251817142,-9.475060229228888e-05,-0.003949483389950383,0.0024590115940339636
1978-09-01,1978-10-01,lag_5,0.0200739523307373,-0.00117629946305292,-0.003949483389950383,0.0024590115940339636
1978-09-01,1978-10-01,lag_6,0.0189873192292036,-0.0009998723861913857,-0.003949483389950383,0.0024590115940339636
1978-09-01,1978-10-01,lag_7,0.0053422393279238,-0.00046604594225953846,-0.003949483389950383,0.0024590115940339636
1978-09-01,1978-10-01,lag_8,-0.0148284552105955,-0.003511162513277785,-0.003949483389950383,0.0024590115940339636
1978-09-01,1978-10-01,lag_9,0.0017889719215924,-7.692845527621271e-06,-0.003949483389950383,0.0024590115940339636
1978-09-01,1978-10-01,lag_10,0.0018376437087685,-3.399000855399898e-05,-0.003949483389950383,0.0024590115940339636
1978-09-01,1978-10-01,lag_11,0.0014104608050469,7.367697966900826e-05,-0.003949483389950383,0.0024590115940339636
1978-09-01,1978-10-01,volatility_3m,0.002513856125755064,-0.00014390591093665876,-0.003949483389950383,0.0024590115940339636
1978-10-01,1978-11-01,lag_0,0.0074708832622936,0.0016790566464708763,0.0007274686695470487,0.002474204488572629
1978-10-01,1978-11-01,lag_1,0.0025309942048967,-8.255638945363065e-07,0.0007274686695470487,0.002474204488572629
1978-10-01,1978-11-01,lag_2,0.0040954125102032,0.000109743864367378,0.0007274686695470487,0.002474204488572629
1978-10-01,1978-11-01,lag_3,-0.0008247749395784,-0.0005346212838828955,0.0007274686695470487,0.002474204488572629
1978-10-01,1978-11-01,lag_4,0.0064680725447341,-0.00019259722182085585,0.0007274686695470487,0.002474204488572629
1978-10-01,1978-11-01,lag_5,0.0046552251817142,-4.093340153463549e-06,0.0007274686695470487,0.002474204488572629
1978-10-01,1978-11-01,lag_6,0.0200739523307373,-0.0011277241098095357,0.0007274686695470487,0.002474204488572629
1978-10-01,1978-11-01,lag_7,0.0189873192292036,-0.0015541745453864653,0.0007274686695470487,0.002474204488572629
1978-10-01,1978-11-01,lag_8,0.0053422393279238,0.0005351268610241825,0.0007274686695470487,0.002474204488572629
1978-10-01,1978-11-01,lag_9,-0.0148284552105955,-0.0006712207011652509,0.0007274686695470487,0.002474204488572629
1978-10-01,1978-11-01,lag_10,0.0017889719215924,-2.9547434963530038e-05,0.0007274686695470487,0.002474204488572629
1978-10-01,1978-11-01,lag_11,0.0018376437087685,3.1579209940807296e-05,0.0007274686695470487,0.002474204488572629
1978-10-01,1978-11-01,volatility_3m,0.00252466866907275,1.2561800247708332e-05,0.0007274686695470487,0.002474204488572629
1978-11-01,1978-12-01,lag_0,0.0076865673724948,0.0017746081050269919,0.003375708947209817,0.0023445169453501172
1978-11-01,1978-12-01,lag_1,0.0074708832622936,-8.180525478085457e-05,0.003375708947209817,0.0023445169453501172
1978-11-01,1978-12-01,lag_2,0.0025309942048967,-2.438021716852557e-05,0.003375708947209817,0.0023445169453501172
1978-11-01,1978-12-01,lag_3,0.0040954125102032,0.00018763826188876326,0.003375708947209817,0.0023445169453501172
1978-11-01,1978-12-01,lag_4,-0.0008247749395784,0.00015080658726795255,0.003375708947209817,0.0023445169453501172
1978-11-01,1978-12-01,lag_5,0.0064680725447341,-5.867076935322206e-06,0.003375708947209817,0.0023445169453501172
1978-11-01,1978-12-01,lag_6,0.0046552251817142,-8.154933138642817e-05,0.003375708947209817,0.0023445169453501172
1978-11-01,1978-12-01,lag_7,0.0200739523307373,-0.002214534826052556,0.003375708947209817,0.0023445169453501172
1978-11-01,1978-12-01,lag_8,0.0189873192292036,0.00278209917137352,0.003375708947209817,0.0023445169453501172
1978-11-01,1978-12-01,lag_9,0.0053422393279238,-1.5081177105578277e-05,0.003375708947209817,0.0023445169453501172
1978-11-01,1978-12-01,lag_10,-0.0148284552105955,-0.001682419020284736,0.003375708947209817,0.0023445169453501172
1978-11-01,1978-12-01,lag_11,0.0017889719215924,3.3634323107504595e-05,0.003375708947209817,0.0023445169453501172
1978-11-01,1978-12-01,volatility_3m,0.002916303545621878,0.00020804245690896886,0.003375708947209817,0.0023445169453501172
1978-12-01,1979-01-01,lag_0,0.0049748848264123,0.0006846769212104378,0.008320247530296475,0.002512412946358743
1978-12-01,1979-01-01,lag_1,0.0076865673724948,4.315179001916992e-06,0.008320247530296475,0.002512412946358743
1978-12-01,1979-01-01,lag_2,0.0074708832622936,0.00033826473386803054,0.008320247530296475,0.002512412946358743
1978-12-01,1979-01-01,lag_3,0.0025309942048967,-6.767811477922609e-05,0.008320247530296475,0.002512412946358743
1978-12-01,1979-01-01,lag_4,0.0040954125102032,-5.9977085284151627e-05,0.008320247530296475,0.002512412946358743
1978-12-01,1979-01-01,lag_5,-0.0008247749395784,1.3377488276571635e-05,0.008320247530296475,0.002512412946358743
1978-12-01,1979-01-01,lag_6,0.0064680725447341,-0.00020916002978641437,0.008320247530296475,0.002512412946358743
1978-12-01,1979-01-01,lag_7,0.0046552251817142,-0.00018776123074654933,0.008320247530296475,0.002512412946358743
1978-12-01,1979-01-01,lag_8,0.0200739523307373,0.0029393448873905608,0.008320247530296475,0.002512412946358743
1978-12-01,1979-01-01,lag_9,0.0189873192292036,0.0005573248732746645,0.008320247530296475,0.002512412946358743
1978-12-01,1979-01-01,lag_10,0.0053422393279238,0.0002480303810613194,0.008320247530296475,0.002512412946358743
1978-12-01,1979-01-01,lag_11,-0.0148284552105955,0.00143827741202092,0.008320247530296475,0.002512412946358743
1978-12-01,1979-01-01,volatility_3m,0.001507191099255148,0.00010879916842965213,0.008320247530296475,0.002512412946358743
1979-01-01,1979-02-01,lag_0,-0.005431898444077,-0.0032545172466334933,0.0017433160611805285,0.002693117984235227
1979-01-01,1979-02-01,lag_1,0.0049748848264123,1.933858115585393e-05,0.0017433160611805285,0.002693117984235227
1979-01-01,1979-02-01,lag_2,0.0076865673724948,0.00022260640676637793,0.0017433160611805285,0.002693117984235227
1979-01-01,1979-02-01,lag_3,0.0074708832622936,0.0006674327378355457,0.0017433160611805285,0.002693117984235227
1979-01-01,1979-02-01,lag_4,0.0025309942048967,2.967565273906242e-05,0.0017433160611805285,0.002693117984235227
1979-01-01,1979-02-01,lag_5,0.0040954125102032,3.6229933935191435e-06,0.0017433160611805285,0.002693117984235227
1979-01-01,1979-02-01,lag_6,-0.0008247749395784,0.00021582387361582147,0.0017433160611805285,0.002693117984235227
1979-01-01,1979-02-01,lag_7,0.0064680725447341,-0.00037067475435215825,0.0017433160611805285,0.002693117984235227
1979-01-01,1979-02-01,lag_8,0.0046552251817142,0.00029488586184241996,0.0017433160611805285,0.002693117984235227
1979-01-01,1979-02-01,lag_9,0.0200739523307373,0.0002477490026591269,0.0017433160611805285,0.002693117984235227
1979-01-01,1979-02-01,lag_10,0.0189873192292036,0.0011823594968430012,0.0017433160611805285,0.002693117984235227
1979-01-01,1979-02-01,lag_11,0.0053422393279238,-0.0001660153000819826,0.0017433160611805285,0.002693117984235227
1979-01-01,1979-02-01,volatility_3m,0.006925177562708258,-4.208922883779338e-05,0.0017433160611805285,0.002693117984235227
1979-02-01,1979-03-01,lag_0,0.0047805468665731,0.0005620542094446113,0.0049662752570525165,0.002744092837298691
1979-02-01,1979-03-01,lag_1,-0.005431898444077,-1.4736064131841752e-05,0.0049662752570525165,0.002744092837298691
1979-02-01,1979-03-01,lag_2,0.0049748848264123,0.00010828839841160068,0.0049662752570525165,0.002744092837298691
1979-02-01,1979-03-01,lag_3,0.0076865673724948,0.0006832310860039647,0.0049662752570525165,0.002744092837298691
1979-02-01,1979-03-01,lag_4,0.0074708832622936,-0.00024342135934333432,0.0049662752570525165,0.002744092837298691
1979-02-01,1979-03-01,lag_5,0.0025309942048967,-1.391198011489127e-07,0.0049662752570525165,0.002744092837298691
1979-02-01,1979-03-01,lag_6,0.0040954125102032,-6.084373037107614e-05,0.0049662752570525165,0.002744092837298691
1979-02-01,1979-03-01,lag_7,-0.0008247749395784,0.00037976286135307894,0.0049662752570525165,0.002744092837298691
1979-02-01,1979-03-01,lag_8,0.0064680725447341,0.0005538835319387596,0.0049662752570525165,0.002744092837298691
1979-02-01,1979-03-01,lag_9,0.0046552251817142,4.199906985431688e-05,0.0049662752570525165,0.002744092837298691
1979-02-01,1979-03-01,lag_10,0.0200739523307373,0.0012745133583377888,0.0049662752570525165,0.002744092837298691
1979-02-01,1979-03-01,lag_11,0.0189873192292036,-0.0010615747463720666,0.0049662752570525165,0.002744092837298691
1979-02-01,1979-03-01,volatility_3m,0.005953051661467274,-8.350755708280576e-07,0.0049662752570525165,0.002744092837298691
1979-03-01,1979-04-01,lag_0,0.0032602093161364,-9.418167345224982e-05,0.000988961577188495,0.0029268717957938867
1979-03-01,1979-04-01,lag_1,0.0047805468665731,4.121246079187683e-05,0.000988961577188495,0.0029268717957938867
1979-03-01,1979-04-01,lag_2,-0.005431898444077,-0.0005899634481489221,0.000988961577188495,0.0029268717957938867
1979-03-01,1979-04-01,lag_3,0.0049748848264123,0.0002672373593762101,0.000988961577188495,0.0029268717957938867
1979-03-01,1979-04-01,lag_4,0.0076865673724948,-0.0002821218182697314,0.000988961577188495,0.0029268717957938867
1979-03-01,1979-04-01,lag_5,0.0074708832622936,-1.283455997189227e-05,0.000988961577188495,0.0029268717957938867
1979-03-01,1979-04-01,lag_6,0.0025309942048967,2.600965915638389e-05,0.000988961577188495,0.0029268717957938867
1979-03-01,1979-04-01,lag_7,0.0040954125102032,-0.00010260246933722759,0.000988961577188495,0.0029268717957938867
1979-03-01,1979-04-01,lag_8,-0.0008247749395784,-0.0005224095684826349,0.000988961577188495,0.0029268717957938867
1979-03-01,1979-04-01,lag_9,0.0064680725447341,0.00011614387294655071,0.000988961577188495,0.0029268717957938867
1979-03-01,1979-04-01,lag_10,0.0046552251817142,0.0001371932375589853,0.000988961577188495,0.0029268717957938867
1979-03-01,1979-04-01,lag_11,0.0200739523307373,-0.0009097426313046877,0.000988961577188495,0.0029268717957938867
1979-03-01,1979-04-01,volatility_3m,0.005509963744669728,-1.1850639468052556e-05,0.000988961577188495,0.0029268717957938867
1979-04-01,1979-05-01,lag_0,-0.0120874549161809,-0.00602765890771848,-0.0044376883629048194,0.002859507393941623
1979-04-01,1979-05-01,lag_1,0.0032602093161364,-2.9257844688153395e-06,-0.0044376883629048194,0.002859507393941623
1979-04-01,1979-05-01,lag_2,0.0047805468665731,0.000171295957032449,-0.0044376883629048194,0.002859507393941623
1979-04-01,1979-05-01,lag_3,-0.005431898444077,-0.0011971533449044159,-0.0044376883629048194,0.002859507393941623
1979-04-01,1979-05-01,lag_4,0.0049748848264123,-0.0001101675163961557,-0.0044376883629048194,0.002859507393941623
1979-04-01,1979-05-01,lag_5,0.0076865673724948,-3.281778111522749e-05,-0.0044376883629048194,0.002859507393941623
1979-04-01,1979-05-01,lag_6,0.0074708832622936,-0.00033962758642403743,-0.0044376883629048194,0.002859507393941623
1979-04-01,1979-05-01,lag_7,0.0025309942048967,3.395052514135255e-05,-0.0044376883629048194,0.002859507393941623
1979-04-01,1979-05-01,lag_8,0.0040954125102032,0.00020359878926808162,-0.0044376883629048194,0.002859507393941623
1979-04-01,1979-05-01,lag_9,-0.0008247749395784,-0.00013156812077336785,-0.0044376883629048194,0.002859507393941623
1979-04-01,1979-05-01,lag_10,0.0064680725447341,0.0002646794073611383,-0.0044376883629048194,0.002859507393941623
1979-04-01,1979-05-01,lag_11,0.0046552251817142,-0.00018506013540259928,-0.0044376883629048194,0.002859507393941623
1979-04-01,1979-05-01,volatility_3m,0.009330878020477778,5.62587415536347e-05,-0.0044376883629048194,0.002859507393941623
1979-05-01,1979-06-01,lag_0,0.0090277066611546,0.002067035936225284,0.004290432595985803,0.002849621768710426
1979-05-01,1979-06-01,lag_1,-0.0120874549161809,-0.00030808590769195777,0.004290432595985803,0.002849621768710426
1979-05-01,1979-06-01,lag_2,0.0032602093161364,-2.663596267919553e-05,0.004290432595985803,0.002849621768710426
1979-05-01,1979-06-01,lag_3,0.0047805468665731,0.0002082611544836071,0.004290432595985803,0.002849621768710426
1979-05-01,1979-06-01,lag_4,-0.005431898444077,0.0004940353205975558,0.004290432595985803,0.002849621768710426
1979-05-01,1979-06-01,lag_5,0.0049748848264123,-8.524735603441151e-06,0.004290432595985803,0.002849621768710426
1979-05-01,1979-06-01,lag_6,0.0076865673724948,-0.00028688767308236013,0.004290432595985803,0.002849621768710426
1979-05-01,1979-06-01,lag_7,0.0074708832622936,-0.00035490875231072974,0.004290432595985803,0.002849621768710426
1979-05-01,1979-06-01,lag_8,0.0025309942048967,-7.187986771015847e-05,0.004290432595985803,0.002849621768710426
1979-05-01,1979-06-01,lag_9,0.0040954125102032,5.16389602426461e-05,0.004290432595985803,0.002849621768710426
1979-05-01,1979-06-01,lag_10,-0.0008247749395784,-0.0002827477749867058,0.004290432595985803,0.002849621768710426
1979-05-01,1979-06-01,lag_11,0.0064680725447341,-0.000284887297425275,0.004290432595985803,0.002849621768710426
1979-05-01,1979-06-01,volatility_3m,0.010913789988280341,0.00024439742721610736,0.004290432595985803,0.002849621768710426
1979-06-01,1979-07-01,lag_0,0.0002100554920372,-0.001224768209529771,0.0011480589713421011,0.0030893879856178047
1979-06-01,1979-07-01,lag_1,0.0090277066611546,9.799396927776438e-05,0.0011480589713421011,0.0030893879856178047
1979-06-01,1979-07-01,lag_2,-0.0120874549161809,-0.0017930415769589318,0.0011480589713421011,0.0030893879856178047
1979-06-01,1979-07-01,lag_3,0.0032602093161364,-2.2337706217137002e-05,0.0011480589713421011,0.0030893879856178047
1979-06-01,1979-07-01,lag_4,0.0047805468665731,-9.112332016939543e-05,0.0011480589713421011,0.0030893879856178047
1979-06-01,1979-07-01,lag_5,-0.005431898444077,-9.726244147344956e-05,0.0011480589713421011,0.0030893879856178047
1979-06-01,1979-07-01,lag_6,0.0049748848264123,-7.436891975231491e-05,0.0011480589713421011,0.0030893879856178047
1979-06-01,1979-07-01,lag_7,0.0076865673724948,-0.0003566832990965417,0.0011480589713421011,0.0030893879856178047
1979-06-01,1979-07-01,lag_8,0.0074708832622936,0.0006243882984234098,0.0011480589713421011,0.0030893879856178047
1979-06-01,1979-07-01,lag_9,0.0025309942048967,2.1275541683125992e-05,0.0011480589713421011,0.0030893879856178047
1979-06-01,1979-07-01,lag_10,0.0040954125102032,7.906427756658637e-05,0.0011480589713421011,0.0030893879856178047
1979-06-01,1979-07-01,lag_11,-0.0008247749395784,0.0001599767995589952,0.0011480589713421011,0.0030893879856178047
1979-06-01,1979-07-01,volatility_3m,0.010605264280986867,0.0007355575724119554,0.0011480589713421011,0.0030893879856178047
1979-07-01,1979-08-01,lag_0,-0.001673960096288,-0.002006741467654233,0.0010826447505174928,0.0030249226892718794
1979-07-01,1979-08-01,lag_1,0.0002100554920372,-2.8445242721177626e-05,0.0010826447505174928,0.0030249226892718794
1979-07-01,1979-08-01,lag_2,0.0090277066611546,0.0007076687375984414,0.0010826447505174928,0.0030249226892718794
1979-07-01,1979-08-01,lag_3,-0.0120874549161809,-0.0012631370136295258,0.0010826447505174928,0.0030249226892718794
1979-07-01,1979-08-01,lag_4,0.0032602093161364,1.6718485078448175e-05,0.0010826447505174928,0.0030249226892718794
1979-07-01,1979-08-01,lag_5,0.0047805468665731,2.4706928108487386e-05,0.0010826447505174928,0.0030249226892718794
1979-07-01,1979-08-01,lag_6,-0.005431898444077,0.00039894277622123464,0.0010826447505174928,0.0030249226892718794
1979-07-01,1979-08-01,lag_7,0.0049748848264123,-0.00013804896432553464,0.0010826447505174928,0.0030249226892718794
1979-07-01,1979-08-01,lag_8,0.0076865673724948,0.0006236701125111147,0.0010826447505174928,0.0030249226892718794
1979-07-01,1979-08-01,lag_9,0.0074708832622936,-0.00019603625997370794,0.0010826447505174928,0.0030249226892718794
1979-07-01,1979-08-01,lag_10,0.0025309942048967,-3.1832206512498565e-05,0.0010826447505174928,0.0030249226892718794
1979-07-01,1979-08-01,lag_11,0.0040954125102032,-4.921063454729034e-05,0.0010826447505174928,0.0030249226892718794
1979-07-01,1979-08-01,volatility_3m,0.005712940840242175,-5.331889081459336e-07,0.0010826447505174928,0.0030249226892718794
1979-08-01,1979-09-01,lag_0,-0.0066093633100501,-0.0040415982906342905,0.0010517020879758621,0.0029098880019596857
1979-08-01,1979-09-01,lag_1,-0.001673960096288,-7.522523440664477e-05,0.0010517020879758621,0.0029098880019596857
1979-08-01,1979-09-01,lag_2,0.0002100554920372,-0.0002922486735924469,0.0010517020879758621,0.0029098880019596857
1979-08-01,1979-09-01,lag_3,0.0090277066611546,0.0006277530559110198,0.0010517020879758621,0.0029098880019596857
1979-08-01,1979-09-01,lag_4,-0.0120874549161809,0.0011773543544505375,0.0010517020879758621,0.0029098880019596857
1979-08-01,1979-09-01,lag_5,0.0032602093161364,-5.328637566936034e-06,0.0010517020879758621,0.0029098880019596857
1979-08-01,1979-09-01,lag_6,0.0047805468665731,-4.380159296799445e-05,0.0010517020879758621,0.0029098880019596857
1979-08-01,1979-09-01,lag_7,-0.005431898444077,0.0007630394016281536,0.0010517020879758621,0.0029098880019596857
1979-08-01,1979-09-01,lag_8,0.0049748848264123,0.00024365641980247737,0.0010517020879758621,0.0029098880019596857
1979-08-01,1979-09-01,lag_9,0.0076865673724948,-0.00023302059706683192,0.0010517020879758621,0.0029098880019596857
1979-08-01,1979-09-01,lag_10,0.0074708832622936,0.0003079012439730003,0.0010517020879758621,0.0029098880019596857
1979-08-01,1979-09-01,lag_11,0.0025309942048967,1.7891164750366322e-05,0.0010517020879758621,0.0029098880019596857
1979-08-01,1979-09-01,volatility_3m,0.003521651895009107,-0.000304558528264234,0.0010517020879758621,0.0029098880019596857
1979-09-01,1979-10-01,lag_0,-0.0001690500460171,-0.0013746501390463379,-0.0017102391891509832,0.0028805539238816254
1979-09-01,1979-10-01,lag_1,-0.0066093633100501,-0.0001450705215879311,-0.0017102391891509832,0.0028805539238816254
1979-09-01,1979-10-01,lag_2,-0.001673960096288,-0.0004815690894189155,-0.0017102391891509832,0.0028805539238816254
1979-09-01,1979-10-01,lag_3,0.0002100554920372,-0.0003273629955658556,-0.0017102391891509832,0.0028805539238816254
1979-09-01,1979-10-01,lag_4,0.0090277066611546,-0.00040537803054087275,-0.0017102391891509832,0.0028805539238816254
1979-09-01,1979-10-01,lag_5,-0.0120874549161809,-0.0002747463281213967,-0.0017102391891509832,0.0028805539238816254
1979-09-01,1979-10-01,lag_6,0.0032602093161364,8.103127343981072e-06,-0.0017102391891509832,0.0028805539238816254
1979-09-01,1979-10-01,lag_7,0.0047805468665731,-0.00012940496902839708,-0.0017102391891509832,0.0028805539238816254
1979-09-01,1979-10-01,lag_8,-0.005431898444077,-0.001185371737769274,-0.0017102391891509832,0.0028805539238816254
1979-09-01,1979-10-01,lag_9,0.0049748848264123,-8.997532547713083e-05,-0.0017102391891509832,0.0028805539238816254
1979-09-01,1979-10-01,lag_10,0.0076865673724948,0.00030976215901771365,-0.0017102391891509832,0.0028805539238816254
1979-09-01,1979-10-01,lag_11,0.0074708832622936,-0.00016605720189478726,-0.0017102391891509832,0.0028805539238816254
1979-09-01,1979-10-01,volatility_3m,0.003368990800440072,-0.00032907206094340464,-0.0017102391891509832,0.0028805539238816254
1979-10-01,1979-11-01,lag_0,0.0072357520580763,0.0016613546128485962,0.00429008364716066,0.0029283439743426455
1979-10-01,1979-11-01,lag_1,-0.0001690500460171,-1.5426702041004077e-05,0.00429008364716066,0.0029283439743426455
1979-10-01,1979-11-01,lag_2,-0.0066093633100501,-0.0009954164489847487,0.00429008364716066,0.0029283439743426455
1979-10-01,1979-11-01,lag_3,-0.001673960096288,-0.00048101310983518573,0.00429008364716066,0.0029283439743426455
1979-10-01,1979-11-01,lag_4,0.0002100554920372,0.00015109117580529326,0.00429008364716066,0.0029283439743426455
1979-10-01,1979-11-01,lag_5,0.0090277066611546,-3.5416466307422235e-05,0.00429008364716066,0.0029283439743426455
1979-10-01,1979-11-01,lag_6,-0.0120874549161809,0.0003593362722336281,0.00429008364716066,0.0029283439743426455
1979-10-01,1979-11-01,lag_7,0.0032602093161364,2.235107097323825e-05,0.00429008364716066,0.0029283439743426455
1979-10-01,1979-11-01,lag_8,0.0047805468665731,0.0001802358878437255,0.00429008364716066,0.0029283439743426455
1979-10-01,1979-11-01,lag_9,-0.005431898444077,0.00037881019464878454,0.00429008364716066,0.0029283439743426455
1979-10-01,1979-11-01,lag_10,0.0049748848264123,0.00011920135129401479,0.00429008364716066,0.0029283439743426455
1979-10-01,1979-11-01,lag_11,0.0076865673724948,-0.00013980316928583383,0.00429008364716066,0.0029283439743426455
1979-10-01,1979-11-01,volatility_3m,0.0069281545004952465,0.00015643500362492834,0.00429008364716066,0.0029283439743426455
1979-11-01,1979-12-01,lag_0,-0.0015503953910003,-0.0018647980653326084,0.0006603775355420601,0.002912775986389891
1979-11-01,1979-12-01,lag_1,0.0072357520580763,3.269504999496484e-05,0.0006603775355420601,0.002912775986389891
1979-11-01,1979-12-01,lag_2,-0.0001690500460171,-0.00036945430867664183,0.0006603775355420601,0.002912775986389891
1979-11-01,1979-12-01,lag_3,-0.0066093633100501,-0.0009397504246420673,0.0006603775355420601,0.002912775986389891
1979-11-01,1979-12-01,lag_4,-0.001673960096288,0.00019602422590829253,0.0006603775355420601,0.002912775986389891
1979-11-01,1979-12-01,lag_5,0.0002100554920372,7.99489866360748e-05,0.0006603775355420601,0.002912775986389891
1979-11-01,1979-12-01,lag_6,0.0090277066611546,-1.1972932358587725e-05,0.0006603775355420601,0.002912775986389891
1979-11-01,1979-12-01,lag_7,-0.0120874549161809,0.0014163364759388571,0.0006603775355420601,0.002912775986389891
1979-11-01,1979-12-01,lag_8,0.0032602093161364,-3.299680498198106e-05,0.0006603775355420601,0.002912775986389891
1979-11-01,1979-12-01,lag_9,0.0047805468665731,-4.2630459964530985e-05,0.0006603775355420601,0.002912775986389891
1979-11-01,1979-12-01,lag_10,-0.005431898444077,-0.0005152271938628967,0.0006603775355420601,0.002912775986389891
1979-11-01,1979-12-01,lag_11,0.0049748848264123,-6.295085373643461e-05,0.0006603775355420601,0.002912775986389891
1979-11-01,1979-12-01,volatility_3m,0.00472467981560317,-0.00013762214577027175,0.0006603775355420601,0.002912775986389891
1979-12-01,1980-01-01,lag_0,0.0006702665574493,-0.0009947448554063962,0.00036813885418916824,0.002930124075871591
1979-12-01,1980-01-01,lag_1,-0.0015503953910003,-3.74981687738589e-05,0.00036813885418916824,0.002930124075871591
1979-12-01,1980-01-01,lag_2,0.0072357520580763,0.0004478755467812927,0.00036813885418916824,0.002930124075871591
1979-12-01,1980-01-01,lag_3,-0.0001690500460171,-0.0003210833280605894,0.00036813885418916824,0.002930124075871591
1979-12-01,1980-01-01,lag_4,-0.0066093633100501,0.0003818417611532167,0.00036813885418916824,0.002930124075871591
1979-12-01,1980-01-01,lag_5,-0.001673960096288,0.00013474034825429316,0.00036813885418916824,0.002930124075871591
1979-12-01,1980-01-01,lag_6,0.0002100554920372,4.728438204566433e-06,0.00036813885418916824,0.002930124075871591
1979-12-01,1980-01-01,lag_7,0.0090277066611546,-0.0005236010125106816,0.00036813885418916824,0.002930124075871591
1979-12-01,1980-01-01,lag_8,-0.0120874549161809,-0.0019072641488048878,0.00036813885418916824,0.002930124075871591
1979-12-01,1980-01-01,lag_9,0.0032602093161364,7.607949102878108e-06,0.00036813885418916824,0.002930124075871591
1979-12-01,1980-01-01,lag_10,0.0047805468665731,8.869537502961537e-05,0.00036813885418916824,0.002930124075871591
1979-12-01,1980-01-01,lag_11,-0.005431898444077,0.00031384966852232744,0.00036813885418916824,0.002930124075871591
1979-12-01,1980-01-01,volatility_3m,0.004568612596568579,-0.00015713279517419812,0.00036813885418916824,0.002930124075871591
1980-01-01,1980-02-01,lag_0,0.0053940357465207,0.0008443023065166077,0.0049052663643713995,0.002984451907244944
1980-01-01,1980-02-01,lag_1,0.0006702665574493,-7.634135541589827e-06,0.0049052663643713995,0.002984451907244944
1980-01-01,1980-02-01,lag_2,-0.0015503953910003,-0.00056696501102418,0.0049052663643713995,0.002984451907244944
1980-01-01,1980-02-01,lag_3,0.0072357520580763,0.0003649386993745408,0.0049052663643713995,0.002984451907244944
1980-01-01,1980-02-01,lag_4,-0.0001690500460171,0.00014576814397231162,0.0049052663643713995,0.002984451907244944
1980-01-01,1980-02-01,lag_5,-0.0066093633100501,0.0002415217204998638,0.0049052663643713995,0.002984451907244944
1980-01-01,1980-02-01,lag_6,-0.001673960096288,4.77821904491615e-05,0.0049052663643713995,0.002984451907244944
1980-01-01,1980-02-01,lag_7,0.0002100554920372,0.00023314779392719228,0.0049052663643713995,0.002984451907244944
1980-01-01,1980-02-01,lag_8,0.0090277066611546,0.0005892807700708215,0.0049052663643713995,0.002984451907244944
1980-01-01,1980-02-01,lag_9,-0.0120874549161809,0.0003751182085388427,0.0049052663643713995,0.002984451907244944
1980-01-01,1980-02-01,lag_10,0.0032602093161364,-1.800619518372112e-05,0.0049052663643713995,0.002984451907244944
1980-01-01,1980-02-01,lag_11,0.0047805468665731,-6.66092906124307e-05,0.0049052663643713995,0.002984451907244944
1980-01-01,1980-02-01,volatility_3m,0.0035466053878951973,-0.00026183074386096464,0.0049052663643713995,0.002984451907244944
1980-02-01,1980-03-01,lag_0,0.0002707635837602,-0.0011218512725477904,-0.0001178426333948851,0.0029003839876439695
1980-02-01,1980-03-01,lag_1,0.0053940357465207,1.4136404710063827e-05,-0.0001178426333948851,0.0029003839876439695
1980-02-01,1980-03-01,lag_2,0.0006702665574493,-0.0003149597908086307,-0.0001178426333948851,0.0029003839876439695
1980-02-01,1980-03-01,lag_3,-0.0015503953910003,-0.0003984633651245244,-0.0001178426333948851,0.0029003839876439695
1980-02-01,1980-03-01,lag_4,0.0072357520580763,-0.0001617356772410129,-0.0001178426333948851,0.0029003839876439695
1980-02-01,1980-03-01,lag_5,-0.0001690500460171,6.172762123258481e-05,-0.0001178426333948851,0.0029003839876439695
1980-02-01,1980-03-01,lag_6,-0.0066093633100501,0.00010316887981832125,-0.0001178426333948851,0.0029003839876439695
1980-02-01,1980-03-01,lag_7,-0.001673960096288,0.0003477700637533619,-0.0001178426333948851,0.0029003839876439695
1980-02-01,1980-03-01,lag_8,0.0002100554920372,-0.0002668059654752713,-0.0001178426333948851,0.0029003839876439695
1980-02-01,1980-03-01,lag_9,0.0090277066611546,-3.543954115190529e-05,-0.0001178426333948851,0.0029003839876439695
1980-02-01,1980-03-01,lag_10,-0.0120874549161809,-0.0008862518139260815,-0.0001178426333948851,0.0029003839876439695
1980-02-01,1980-03-01,lag_11,0.0032602093161364,1.1081231029374494e-05,-0.0001178426333948851,0.0029003839876439695
1980-02-01,1980-03-01,volatility_3m,0.0028496056929372803,-0.0003706033953073449,-0.0001178426333948851,0.0029003839876439695
1980-03-01,1980-04-01,lag_0,-0.0040788112574068,-0.002823877243430862,0.0015610723272653077,0.00281142524886485
1980-03-01,1980-04-01,lag_1,0.0002707635837602,-6.230403591966277e-06,0.0015610723272653077,0.00281142524886485
1980-03-01,1980-04-01,lag_2,0.0053940357465207,0.00026869921232026983,0.0015610723272653077,0.00281142524886485
1980-03-01,1980-04-01,lag_3,0.0006702665574493,-0.00022259349920758484,0.0015610723272653077,0.00281142524886485
1980-03-01,1980-04-01,lag_4,-0.0015503953910003,0.00021897607291429977,0.0015610723272653077,0.00281142524886485
1980-03-01,1980-04-01,lag_5,0.0072357520580763,-6.191795026347965e-05,0.0015610723272653077,0.00281142524886485
1980-03-01,1980-04-01,lag_6,-0.0001690500460171,1.8110480538134703e-05,0.0015610723272653077,0.00281142524886485
1980-03-01,1980-04-01,lag_7,-0.0066093633100501,0.0007274090693157599,0.0015610723272653077,0.00281142524886485
1980-03-01,1980-04-01,lag_8,-0.001673960096288,-0.0004637156262159226,0.0015610723272653077,0.00281142524886485
1980-03-01,1980-04-01,lag_9,0.0002100554920372,5.376387438543545e-05,0.0015610723272653077,0.00281142524886485
1980-03-01,1980-04-01,lag_10,0.0090277066611546,0.0004124583812931444,0.0015610723272653077,0.00281142524886485
1980-03-01,1980-04-01,lag_11,-0.0120874549161809,0.0007463931104711278,0.0015610723272653077,0.00281142524886485
1980-03-01,1980-04-01,volatility_3m,0.0047416865725261334,-0.00011782840012789976,0.0015610723272653077,0.00281142524886485
1980-04-01,1980-05-01,lag_0,-0.0200630429249257,-0.009253767927319606,-0.006508039259345878,0.00272432247010275
1980-04-01,1980-05-01,lag_1,-0.0040788112574068,-6.782990855502094e-05,-0.006508039259345878,0.00272432247010275
1980-04-01,1980-05-01,lag_2,0.0002707635837602,-0.00032963588663333435,-0.006508039259345878,0.00272432247010275
1980-04-01,1980-05-01,lag_3,0.0053940357465207,0.00019997497375351595,-0.006508039259345878,0.00272432247010275
1980-04-01,1980-05-01,lag_4,0.0006702665574493,0.00010496885629317785,-0.006508039259345878,0.00272432247010275
1980-04-01,1980-05-01,lag_5,-0.0015503953910003,9.806511703320233e-05,-0.006508039259345878,0.00272432247010275
1980-04-01,1980-05-01,lag_6,0.0072357520580763,-9.06204511451439e-06,-0.006508039259345878,0.00272432247010275
1980-04-01,1980-05-01,lag_7,-0.0001690500460171,0.00021220448289589576,-0.006508039259345878,0.00272432247010275
1980-04-01,1980-05-01,lag_8,-0.0066093633100501,-0.0008237655020076214,-0.006508039259345878,0.00272432247010275
1980-04-01,1980-05-01,lag_9,-0.001673960096288,4.1179246001845305e-05,-0.006508039259345878,0.00272432247010275
1980-04-01,1980-05-01,lag_10,0.0002100554920372,-0.00013443425756169594,-0.006508039259345878,0.00272432247010275
1980-04-01,1980-05-01,lag_11,0.0090277066611546,-7.481420238693373e-05,-0.006508039259345878,0.00272432247010275
1980-04-01,1980-05-01,volatility_3m,0.01070730397464354,0.0008045553241524632,-0.006508039259345878,0.00272432247010275
1980-05-01,1980-06-01,lag_0,-0.0249085104965822,-0.01197452976516258,-0.010657429153446115,0.0024602596179525292
1980-05-01,1980-06-01,lag_1,-0.0200630429249257,-2.980336515194406e-05,-0.010657429153446115,0.0024602596179525292
1980-05-01,1980-06-01,lag_2,-0.0040788112574068,-0.000825459730472187,-0.010657429153446115,0.0024602596179525292
1980-05-01,1980-06-01,lag_3,0.0002707635837602,-0.00024570843409542944,-0.010657429153446115,0.0024602596179525292
1980-05-01,1980-06-01,lag_4,0.0053940357465207,-0.00011331069787678579,-0.010657429153446115,0.0024602596179525292
1980-05-01,1980-06-01,lag_5,0.0006702665574493,3.601985585156019e-05,-0.010657429153446115,0.0024602596179525292
1980-05-01,1980-06-01,lag_6,-0.0015503953910003,7.795606380687451e-05,-0.010657429153446115,0.0024602596179525292
1980-05-01,1980-06-01,lag_7,0.0072357520580763,-0.00023752633887133844,-0.010657429153446115,0.0024602596179525292
1980-05-01,1980-06-01,lag_8,-0.0001690500460171,-0.0003441296370711936,-0.010657429153446115,0.0024602596179525292
1980-05-01,1980-06-01,lag_9,-0.0066093633100501,0.00012014153148678889,-0.010657429153446115,0.0024602596179525292
1980-05-01,1980-06-01,lag_10,-0.001673960096288,-0.00026719873098377114,-0.010657429153446115,0.0024602596179525292
1980-05-01,1980-06-01,lag_11,0.0002100554920372,0.00011126397765953016,-0.010657429153446115,0.0024602596179525292
1980-05-01,1980-06-01,volatility_3m,0.0108999280455071,0.0005745964994818306,-0.010657429153446115,0.0024602596179525292
1980-06-01,1980-07-01,lag_0,-0.0130064388579431,-0.00690174947141771,-0.009220006560748605,0.0018224817452325202
1980-06-01,1980-07-01,lag_1,-0.0249085104965822,8.509516295590503e-05,-0.009220006560748605,0.0018224817452325202
1980-06-01,1980-07-01,lag_2,-0.0200630429249257,-0.00405172309668438,-0.009220006560748605,0.0018224817452325202
1980-06-01,1980-07-01,lag_3,-0.0040788112574068,-0.0007466594068333723,-0.009220006560748605,0.0018224817452325202
1980-06-01,1980-07-01,lag_4,0.0002707635837602,6.729116824124218e-05,-0.009220006560748605,0.0018224817452325202
1980-06-01,1980-07-01,lag_5,0.0053940357465207,-0.00017155466759189374,-0.009220006560748605,0.0018224817452325202
1980-06-01,1980-07-01,lag_6,0.0006702665574493,-2.2677309558090512e-05,-0.009220006560748605,0.0018224817452325202
1980-06-01,1980-07-01,lag_7,-0.0015503953910003,0.0004604001424106007,-0.009220006560748605,0.0018224817452325202
1980-06-01,1980-07-01,lag_8,0.0072357520580763,0.0006841825823740733,-0.009220006560748605,0.0018224817452325202
1980-06-01,1980-07-01,lag_9,-0.0001690500460171,-0.0001295968445830228,-0.009220006560748605,0.0018224817452325202
1980-06-01,1980-07-01,lag_10,-0.0066093633100501,-0.0007590092429967901,-0.009220006560748605,0.0018224817452325202
1980-06-01,1980-07-01,lag_11,-0.001673960096288,0.0004169855380570453,-0.009220006560748605,0.0018224817452325202
1980-06-01,1980-07-01,volatility_3m,0.005985169535853146,2.6527139645269447e-05,-0.009220006560748605,0.0018224817452325202
1980-07-01,1980-08-01,lag_0,-0.0070588214834401,-0.004030587446057953,-0.0082560649513174,0.0016797428623569807
1980-07-01,1980-08-01,lag_1,-0.0130064388579431,0.00010884920351045503,-0.0082560649513174,0.0016797428623569807
1980-07-01,1980-08-01,lag_2,-0.0249085104965822,-0.0038507769977223164,-0.0082560649513174,0.0016797428623569807
1980-07-01,1980-08-01,lag_3,-0.0200630429249257,-0.0028270587055287096,-0.0082560649513174,0.0016797428623569807
1980-07-01,1980-08-01,lag_4,-0.0040788112574068,0.0002035423123348285,-0.0082560649513174,0.0016797428623569807
1980-07-01,1980-08-01,lag_5,0.0002707635837602,0.00020942441433455142,-0.0082560649513174,0.0016797428623569807
1980-07-01,1980-08-01,lag_6,0.0053940357465207,4.545023406391083e-06,-0.0082560649513174,0.0016797428623569807
1980-07-01,1980-08-01,lag_7,0.0006702665574493,0.00024049047936319326,-0.0082560649513174,0.0016797428623569807
1980-07-01,1980-08-01,lag_8,-0.0015503953910003,-0.000872503404616934,-0.0082560649513174,0.0016797428623569807
1980-07-01,1980-08-01,lag_9,0.0072357520580763,0.00012577521974829655,-0.0082560649513174,0.0016797428623569807
1980-07-01,1980-08-01,lag_10,-0.0001690500460171,-0.0002565271273419838,-0.0082560649513174,0.0016797428623569807
1980-07-01,1980-08-01,lag_11,-0.0066093633100501,0.0008969341019983073,-0.0082560649513174,0.0016797428623569807
1980-07-01,1980-08-01,volatility_3m,0.009088865528680986,0.00011208511289749282,-0.0082560649513174,0.0016797428623569807
1980-08-01,1980-09-01,lag_0,0.0031306452630932,0.0005508862982503774,-0.0017427273237774804,0.0015801935634880467
1980-08-01,1980-09-01,lag_1,-0.0070588214834401,-0.000126333621367939,-0.0017427273237774804,0.0015801935634880467
1980-08-01,1980-09-01,lag_2,-0.0130064388579431,-0.0013871145385169082,-0.0017427273237774804,0.0015801935634880467
1980-08-01,1980-09-01,lag_3,-0.0249085104965822,-0.0033527650140367116,-0.0017427273237774804,0.0015801935634880467
1980-08-01,1980-09-01,lag_4,-0.0200630429249257,0.0008929283172207955,-0.0017427273237774804,0.0015801935634880467
1980-08-01,1980-09-01,lag_5,-0.0040788112574068,0.000318486990960367,-0.0017427273237774804,0.0015801935634880467
1980-08-01,1980-09-01,lag_6,0.0002707635837602,-2.1844335858542244e-05,-0.0017427273237774804,0.0015801935634880467
1980-08-01,1980-09-01,lag_7,0.0053940357465207,-0.00018311314726837005,-0.0017427273237774804,0.0015801935634880467
1980-08-01,1980-09-01,lag_8,0.0006702665574493,-0.0004887794288029867,-0.0017427273237774804,0.0015801935634880467
1980-08-01,1980-09-01,lag_9,-0.0015503953910003,-0.00010342132480185021,-0.0017427273237774804,0.0015801935634880467
1980-08-01,1980-09-01,lag_10,0.0072357520580763,0.00026808542581812847,-0.0017427273237774804,0.0015801935634880467
1980-08-01,1980-09-01,lag_11,-0.0001690500460171,0.00032056273052177034,-0.0017427273237774804,0.0015801935634880467
1980-08-01,1980-09-01,volatility_3m,0.008160932023382295,-1.0499239383657235e-05,-0.0017427273237774804,0.0015801935634880467
1980-09-01,1980-10-01,lag_0,0.0163657788171902,0.0062132720648596625,0.007488299776961223,0.0014370152560857041
1980-09-01,1980-10-01,lag_1,0.0031306452630932,3.1677640378224056e-05,0.007488299776961223,0.0014370152560857041
1980-09-01,1980-10-01,lag_2,-0.0070588214834401,-0.0009702459209601012,0.007488299776961223,0.0014370152560857041
1980-09-01,1980-10-01,lag_3,-0.0130064388579431,-0.001382506862396028,0.007488299776961223,0.0014370152560857041
1980-09-01,1980-10-01,lag_4,-0.0249085104965822,0.0013343134366248142,0.007488299776961223,0.0014370152560857041
1980-09-01,1980-10-01,lag_5,-0.0200630429249257,0.0009433734396162143,0.007488299776961223,0.0014370152560857041
1980-09-01,1980-10-01,lag_6,-0.0040788112574068,-0.00019728923429616864,0.007488299776961223,0.0014370152560857041
1980-09-01,1980-10-01,lag_7,0.0002707635837602,0.0002444125289340239,0.007488299776961223,0.0014370152560857041
1980-09-01,1980-10-01,lag_8,0.0053940357465207,0.00039095737431850153,0.007488299776961223,0.0014370152560857041
1980-09-01,1980-10-01,lag_9,0.0006702665574493,-6.234607524161607e-05,0.007488299776961223,0.0014370152560857041
1980-09-01,1980-10-01,lag_10,-0.0015503953910003,-0.0002621834576816859,0.007488299776961223,0.0014370152560857041
1980-09-01,1980-10-01,lag_11,0.0072357520580763,-0.00034743580269672506,0.007488299776961223,0.0014370152560857041
1980-09-01,1980-10-01,volatility_3m,0.011745253594663827,0.00011528538941640385,0.007488299776961223,0.0014370152560857041
1980-10-01,1980-11-01,lag_0,0.0126315442892757,0.004499562824893818,0.008536295289767886,0.0015546219982539588
1980-10-01,1980-11-01,lag_1,0.0163657788171902,0.00031283824564579,0.008536295289767886,0.0015546219982539588
1980-10-01,1980-11-01,lag_2,0.0031306452630932,0.00013223308402965757,0.008536295289767886,0.0015546219982539588
1980-10-01,1980-11-01,lag_3,-0.0070588214834401,-0.0007926581824867511,0.008536295289767886,0.0015546219982539588
1980-10-01,1980-11-01,lag_4,-0.0130064388579431,0.0009667085090875722,0.008536295289767886,0.0015546219982539588
1980-10-01,1980-11-01,lag_5,-0.0249085104965822,0.0014971337185140543,0.008536295289767886,0.0015546219982539588
1980-10-01,1980-11-01,lag_6,-0.0200630429249257,-0.00016441516318667793,0.008536295289767886,0.0015546219982539588
1980-10-01,1980-11-01,lag_7,-0.0040788112574068,0.0007581044745690061,0.008536295289767886,0.0015546219982539588
1980-10-01,1980-11-01,lag_8,0.0002707635837602,-0.0005841956039550984,0.008536295289767886,0.0015546219982539588
1980-10-01,1980-11-01,lag_9,0.0053940357465207,6.550231264414244e-05,0.008536295289767886,0.0015546219982539588
1980-10-01,1980-11-01,lag_10,0.0006702665574493,-0.00016131096504583582,0.008536295289767886,0.0015546219982539588
1980-10-01,1980-11-01,lag_11,-0.0015503953910003,0.00047738019773078776,0.008536295289767886,0.0015546219982539588
1980-10-01,1980-11-01,volatility_3m,0.006823737368065107,-2.5210160926537122e-05,0.008536295289767886,0.0015546219982539588
1980-11-01,1980-12-01,lag_0,0.0166035078210593,0.00665745852207246,0.014352530854847431,0.0018909357389819352
1980-11-01,1980-12-01,lag_1,0.0126315442892757,2.5433759920414398e-05,0.014352530854847431,0.0018909357389819352
1980-11-01,1980-12-01,lag_2,0.0163657788171902,0.0012355853096102985,0.014352530854847431,0.0018909357389819352
1980-11-01,1980-12-01,lag_3,0.0031306452630932,0.0001369298733010731,0.014352530854847431,0.0018909357389819352
1980-11-01,1980-12-01,lag_4,-0.0070588214834401,0.0007269899714982488,0.014352530854847431,0.0018909357389819352
1980-11-01,1980-12-01,lag_5,-0.0130064388579431,0.0010473088089724965,0.014352530854847431,0.0018909357389819352
1980-11-01,1980-12-01,lag_6,-0.0249085104965822,0.0008179479108134965,0.014352530854847431,0.0018909357389819352
1980-11-01,1980-12-01,lag_7,-0.0200630429249257,0.0026712858875928593,0.014352530854847431,0.0018909357389819352
1980-11-01,1980-12-01,lag_8,-0.0040788112574068,-0.0009611577345510453,0.014352530854847431,0.0018909357389819352
1980-11-01,1980-12-01,lag_9,0.0002707635837602,-0.0002120836751255633,0.014352530854847431,0.0018909357389819352
1980-11-01,1980-12-01,lag_10,0.0053940357465207,0.00013720634836143487,0.014352530854847431,0.0018909357389819352
1980-11-01,1980-12-01,lag_11,0.0006702665574493,0.00015171563988981233,0.014352530854847431,0.0018909357389819352
1980-11-01,1980-12-01,volatility_3m,0.0022277610915658595,2.6974493509511604e-05,0.014352530854847431,0.0018909357389819352
1980-12-01,1981-01-01,lag_0,0.0066346668586829,0.0019042996391540955,0.004177124770720037,0.0017633388134612434
1980-12-01,1981-01-01,lag_1,0.0166035078210593,0.0003806867780471766,0.004177124770720037,0.0017633388134612434
1980-12-01,1981-01-01,lag_2,0.0126315442892757,0.0009741352569308959,0.004177124770720037,0.0017633388134612434
1980-12-01,1981-01-01,lag_3,0.0163657788171902,0.0013286721113190273,0.004177124770720037,0.0017633388134612434
1980-12-01,1981-01-01,lag_4,0.0031306452630932,-7.894713181356004e-05,0.004177124770720037,0.0017633388134612434
1980-12-01,1981-01-01,lag_5,-0.0070588214834401,0.0005373706414957064,0.004177124770720037,0.0017633388134612434
1980-12-01,1981-01-01,lag_6,-0.0130064388579431,-0.00023132008305782928,0.004177124770720037,0.0017633388134612434
1980-12-01,1981-01-01,lag_7,-0.0249085104965822,0.002822754568213088,0.004177124770720037,0.0017633388134612434
1980-12-01,1981-01-01,lag_8,-0.0200630429249257,-0.004579083751985629,0.004177124770720037,0.0017633388134612434
1980-12-01,1981-01-01,lag_9,-0.0040788112574068,-0.0002574304360058168,0.004177124770720037,0.0017633388134612434
1980-12-01,1981-01-01,lag_10,0.0002707635837602,-0.0001765235421925389,0.004177124770720037,0.0017633388134612434
1980-12-01,1981-01-01,lag_11,0.0053940357465207,-0.00020788206487611056,0.004177124770720037,0.0017633388134612434
1980-12-01,1981-01-01,volatility_3m,0.005018579203794068,-2.946027969710415e-06,0.004177124770720037,0.0017633388134612434
1981-01-01,1981-02-01,lag_0,-0.0064308903302907,-0.003638581833029429,-0.005201742221184713,0.0017359335675616342
1981-01-01,1981-02-01,lag_1,0.0066346668586829,0.00012040111124809863,-0.005201742221184713,0.0017359335675616342
1981-01-01,1981-02-01,lag_2,0.0166035078210593,0.0016431387977708849,-0.005201742221184713,0.0017359335675616342
1981-01-01,1981-02-01,lag_3,0.0126315442892757,0.0006318204079138312,-0.005201742221184713,0.0017359335675616342
1981-01-01,1981-02-01,lag_4,0.0163657788171902,-0.0007920015563228594,-0.005201742221184713,0.0017359335675616342
1981-01-01,1981-02-01,lag_5,0.0031306452630932,-6.0051011189290534e-05,-0.005201742221184713,0.0017359335675616342
1981-01-01,1981-02-01,lag_6,-0.0070588214834401,-0.00033855784784014614,-0.005201742221184713,0.0017359335675616342
1981-01-01,1981-02-01,lag_7,-0.0130064388579431,0.001285243300198494,-0.005201742221184713,0.0017359335675616342
1981-01-01,1981-02-01,lag_8,-0.0249085104965822,-0.005203463093366105,-0.005201742221184713,0.0017359335675616342
1981-01-01,1981-02-01,lag_9,-0.0200630429249257,-0.0003288993067036658,-0.005201742221184713,0.0017359335675616342
1981-01-01,1981-02-01,lag_10,-0.0040788112574068,-0.0004872000491233664,-0.005201742221184713,0.0017359335675616342
1981-01-01,1981-02-01,lag_11,0.0002707635837602,0.0002821171529509633,-0.005201742221184713,0.0017359335675616342
1981-01-01,1981-02-01,volatility_3m,0.011551840206841576,-5.164186125375807e-05,-0.005201742221184713,0.0017359335675616342
1981-02-01,1981-03-01,lag_0,-0.0042703433551958,-0.0026391227571843,-0.004029772755052436,0.0016290876289791637
1981-02-01,1981-03-01,lag_1,-0.0064308903302907,-0.0002622856432030836,-0.004029772755052436,0.0016290876289791637
1981-02-01,1981-03-01,lag_2,0.0066346668586829,0.0005371224971570428,-0.004029772755052436,0.0016290876289791637
1981-02-01,1981-03-01,lag_3,0.0166035078210593,0.0008662756762677788,-0.004029772755052436,0.0016290876289791637
1981-02-01,1981-03-01,lag_4,0.0126315442892757,-0.0005430653171794184,-0.004029772755052436,0.0016290876289791637
1981-02-01,1981-03-01,lag_5,0.0163657788171902,-0.0006348594915396797,-0.004029772755052436,0.0016290876289791637
1981-02-01,1981-03-01,lag_6,0.0031306452630932,6.132234394329757e-05,-0.004029772755052436,0.0016290876289791637
1981-02-01,1981-03-01,lag_7,-0.0070588214834401,0.0006954148660070373,-0.004029772755052436,0.0016290876289791637
1981-02-01,1981-03-01,lag_8,-0.0130064388579431,-0.0026964149488364875,-0.004029772755052436,0.0016290876289791637
1981-02-01,1981-03-01,lag_9,-0.0249085104965822,-0.000294223731698778,-0.004029772755052436,0.0016290876289791637
1981-02-01,1981-03-01,lag_10,-0.0200630429249257,-0.0013724900373576698,-0.004029772755052436,0.0016290876289791637
1981-02-01,1981-03-01,lag_11,-0.0040788112574068,0.0005756645852130394,-0.004029772755052436,0.0016290876289791637
1981-02-01,1981-03-01,volatility_3m,0.007003522871321382,4.780157437962049e-05,-0.004029772755052436,0.0016290876289791637
1981-03-01,1981-04-01,lag_0,0.0050752464528769,0.0013503103623469415,-3.4762949677316635e-05,0.0014437843803615461
1981-03-01,1981-04-01,lag_1,-0.0042703433551958,-0.0002776130090398959,-3.4762949677316635e-05,0.0014437843803615461
1981-03-01,1981-04-01,lag_2,-0.0064308903302907,-0.0008137652622322662,-3.4762949677316635e-05,0.0014437843803615461
1981-03-01,1981-04-01,lag_3,0.0066346668586829,0.00035223582623337995,-3.4762949677316635e-05,0.0014437843803615461
1981-03-01,1981-04-01,lag_4,0.0166035078210593,-0.0007627275815218974,-3.4762949677316635e-05,0.0014437843803615461
1981-03-01,1981-04-01,lag_5,0.0126315442892757,-0.00035762715949205504,-3.4762949677316635e-05,0.0014437843803615461
1981-03-01,1981-04-01,lag_6,0.0163657788171902,0.0007028635621469149,-3.4762949677316635e-05,0.0014437843803615461
1981-03-01,1981-04-01,lag_7,0.0031306452630932,-9.865053788435615e-05,-3.4762949677316635e-05,0.0014437843803615461
1981-03-01,1981-04-01,lag_8,-0.0070588214834401,-0.0015106339297309497,-3.4762949677316635e-05,0.0014437843803615461
1981-03-01,1981-04-01,lag_9,-0.0130064388579431,-0.00015582544772482857,-3.4762949677316635e-05,0.0014437843803615461
1981-03-01,1981-04-01,lag_10,-0.0249085104965822,-0.0013667198279664159,-3.4762949677316635e-05,0.0014437843803615461
1981-03-01,1981-04-01,lag_11,-0.0200630429249257,0.001447140654384172,-3.4762949677316635e-05,0.0014437843803615461
1981-03-01,1981-04-01,volatility_3m,0.0061155429816889045,1.2465020442393541e-05,-3.4762949677316635e-05,0.0014437843803615461
1981-04-01,1981-05-01,lag_0,-0.0044064948298339,-0.0025794631466689692,-0.0024958413410662407,0.0014076574626723502
1981-04-01,1981-05-01,lag_1,0.0050752464528769,0.000128381004443386,-0.0024958413410662407,0.0014076574626723502
1981-04-01,1981-05-01,lag_2,-0.0042703433551958,-0.0006579263868724543,-0.0024958413410662407,0.0014076574626723502
1981-04-01,1981-05-01,lag_3,-0.0064308903302907,-0.0006157952857154201,-0.0024958413410662407,0.0014076574626723502
1981-04-01,1981-05-01,lag_4,0.0066346668586829,-0.00021973271833265493,-0.0024958413410662407,0.0014076574626723502
1981-04-01,1981-05-01,lag_5,0.0166035078210593,-0.0005621272728573593,-0.0024958413410662407,0.0014076574626723502
1981-04-01,1981-05-01,lag_6,0.0126315442892757,0.0005300543280196787,-0.0024958413410662407,0.0014076574626723502
1981-04-01,1981-05-01,lag_7,0.0163657788171902,-0.0010939620426477033,-0.0024958413410662407,0.0014076574626723502
1981-04-01,1981-05-01,lag_8,0.0031306452630932,0.00021300687793397217,-0.0024958413410662407,0.0014076574626723502
1981-04-01,1981-05-01,lag_9,-0.0070588214834401,-0.00010980737399606716,-0.0024958413410662407,0.0014076574626723502
1981-04-01,1981-05-01,lag_10,-0.0130064388579431,-0.0008352410797458148,-0.0024958413410662407,0.0014076574626723502
1981-04-01,1981-05-01,lag_11,-0.0249085104965822,0.0019210019762428276,-0.0024958413410662407,0.0014076574626723502
1981-04-01,1981-05-01,volatility_3m,0.005435408660457536,-2.1887683542011278e-05,-0.0024958413410662407,0.0014076574626723502
1981-05-01,1981-06-01,lag_0,0.0057152815915175,0.0016953831961942156,0.00797100067107536,0.00142567906695694
1981-05-01,1981-06-01,lag_1,-0.0044064948298339,3.908175869033183e-06,0.00797100067107536,0.00142567906695694
1981-05-01,1981-06-01,lag_2,0.0050752464528769,0.0005956098036291585,0.00797100067107536,0.00142567906695694
1981-05-01,1981-06-01,lag_3,-0.0042703433551958,-1.799315633960708e-05,0.00797100067107536,0.00142567906695694
1981-05-01,1981-06-01,lag_4,-0.0064308903302907,0.00041523802498084656,0.00797100067107536,0.00142567906695694
1981-05-01,1981-06-01,lag_5,0.0066346668586829,-0.00018480175429894276,0.00797100067107536,0.00142567906695694
1981-05-01,1981-06-01,lag_6,0.0166035078210593,0.0007571987605986619,0.00797100067107536,0.00142567906695694
1981-05-01,1981-06-01,lag_7,0.0126315442892757,-0.0007063151237039684,0.00797100067107536,0.00142567906695694
1981-05-01,1981-06-01,lag_8,0.0163657788171902,0.002711997005113443,0.00797100067107536,0.00142567906695694
1981-05-01,1981-06-01,lag_9,0.0031306452630932,-4.3882326249943425e-06,0.00797100067107536,0.00142567906695694
1981-05-01,1981-06-01,lag_10,-0.0070588214834401,-0.0006225247656627882,0.00797100067107536,0.00142567906695694
1981-05-01,1981-06-01,lag_11,-0.0130064388579431,0.0019094041099027802,0.00797100067107536,0.00142567906695694
1981-05-01,1981-06-01,volatility_3m,0.005668089340844675,-7.3944395394184015e-06,0.00797100067107536,0.00142567906695694
1981-06-01,1981-07-01,lag_0,0.005081934033587,0.0015332707169110904,0.005185340773055623,0.0018960980208179907
1981-06-01,1981-07-01,lag_1,0.0057152815915175,2.5307645502879657e-05,0.005185340773055623,0.0018960980208179907
1981-06-01,1981-07-01,lag_2,-0.0044064948298339,-0.0005239859779572944,0.005185340773055623,0.0018960980208179907
1981-06-01,1981-07-01,lag_3,0.0050752464528769,0.00012164990058143058,0.005185340773055623,0.0018960980208179907
1981-06-01,1981-07-01,lag_4,-0.0042703433551958,0.00048380239378928105,0.005185340773055623,0.0018960980208179907
1981-06-01,1981-07-01,lag_5,-0.0064308903302907,0.0001730688764501496,0.005185340773055623,0.0018960980208179907
1981-06-01,1981-07-01,lag_6,0.0066346668586829,-1.2024041394899776e-05,0.005185340773055623,0.0018960980208179907
1981-06-01,1981-07-01,lag_7,0.0166035078210593,-0.0005138265483185124,0.005185340773055623,0.0018960980208179907
1981-06-01,1981-07-01,lag_8,0.0126315442892757,0.001430453728704772,0.005185340773055623,0.0018960980208179907
1981-06-01,1981-07-01,lag_9,0.0163657788171902,-0.00024327886094935224,0.005185340773055623,0.0018960980208179907
1981-06-01,1981-07-01,lag_10,0.0031306452630932,8.387923675358415e-05,0.005185340773055623,0.0018960980208179907
1981-06-01,1981-07-01,lag_11,-0.0070588214834401,0.0007517220236173335,0.005185340773055623,0.0018960980208179907
1981-06-01,1981-07-01,volatility_3m,0.005669829058992292,-2.07963414528303e-05,0.005185340773055623,0.0018960980208179907
1981-07-01,1981-08-01,lag_0,0.0065337407155321,0.0022085120561942885,0.0063128391977056286,0.0018795639866916395
1981-07-01,1981-08-01,lag_1,0.005081934033587,2.762465486938462e-05,0.0063128391977056286,0.0018795639866916395
1981-07-01,1981-08-01,lag_2,0.0057152815915175,0.0003405517019451787,0.0063128391977056286,0.0018795639866916395
1981-07-01,1981-08-01,lag_3,-0.0044064948298339,-0.00024367087943343447,0.0063128391977056286,0.0018795639866916395
1981-07-01,1981-08-01,lag_4,0.0050752464528769,-0.0002515341241278898,0.0063128391977056286,0.0018795639866916395
1981-07-01,1981-08-01,lag_5,-0.0042703433551958,0.00014679602786526086,0.0063128391977056286,0.0018795639866916395
1981-07-01,1981-08-01,lag_6,-0.0064308903302907,1.7289091778636713e-05,0.0063128391977056286,0.0018795639866916395
1981-07-01,1981-08-01,lag_7,0.0066346668586829,-0.0001511296041592431,0.0063128391977056286,0.0018795639866916395
1981-07-01,1981-08-01,lag_8,0.0166035078210593,0.001975361785361504,0.0063128391977056286,0.0018795639866916395
1981-07-01,1981-08-01,lag_9,0.0126315442892757,-0.00014736325575010457,0.0063128391977056286,0.0018795639866916395
1981-07-01,1981-08-01,lag_10,0.0163657788171902,0.0009641020404584056,0.0063128391977056286,0.0018795639866916395
1981-07-01,1981-08-01,lag_11,0.0031306452630932,-0.00010966583969923914,0.0063128391977056286,0.0018795639866916395
1981-07-01,1981-08-01,volatility_3m,0.0007426591278476368,-0.0003435984442887596,0.0063128391977056286,0.0018795639866916395
1981-08-01,1981-09-01,lag_0,-0.0012472241215277,-0.0012461184027411508,0.001603390134005499,0.0018914536507256756
1981-08-01,1981-09-01,lag_1,0.0065337407155321,5.710747753380455e-05,0.001603390134005499,0.0018914536507256756
1981-08-01,1981-09-01,lag_2,0.005081934033587,0.00024641118605087754,0.001603390134005499,0.0018914536507256756
1981-08-01,1981-09-01,lag_3,0.0057152815915175,0.0002156469328934805,0.001603390134005499,0.0018914536507256756
1981-08-01,1981-09-01,lag_4,-0.0044064948298339,0.0005419338159488718,0.001603390134005499,0.0018914536507256756
1981-08-01,1981-09-01,lag_5,0.0050752464528769,-3.206818897240679e-05,0.001603390134005499,0.0018914536507256756
1981-08-01,1981-09-01,lag_6,-0.0042703433551958,-5.0882464013325916e-05,0.001603390134005499,0.0018914536507256756
1981-08-01,1981-09-01,lag_7,-0.0064308903302907,0.00030048542693621367,0.001603390134005499,0.0018914536507256756
1981-08-01,1981-09-01,lag_8,0.0066346668586829,0.0005341184514718666,0.001603390134005499,0.0018914536507256756
1981-08-01,1981-09-01,lag_9,0.0166035078210593,-0.0002080398092398635,0.001603390134005499,0.0018914536507256756
1981-08-01,1981-09-01,lag_10,0.0126315442892757,0.0005295699912052656,0.001603390134005499,0.0018914536507256756
1981-08-01,1981-09-01,lag_11,0.0163657788171902,-0.0010146271722283784,0.001603390134005499,0.0018914536507256756
1981-08-01,1981-09-01,volatility_3m,0.00413741866767506,-0.00016160076156543175,0.001603390134005499,0.0018914536507256756
1981-09-01,1981-10-01,lag_0,-0.0048275681612497,-0.0028707167356845052,-0.0018811763992912464,0.001834646656070886
1981-09-01,1981-10-01,lag_1,-0.0012472241215277,-1.4669159379507284e-05,-0.0018811763992912464,0.001834646656070886
1981-09-01,1981-10-01,lag_2,0.0065337407155321,0.0003654447783006561,-0.0018811763992912464,0.001834646656070886
1981-09-01,1981-10-01,lag_3,0.005081934033587,0.0001547981503022914,-0.0018811763992912464,0.001834646656070886
1981-09-01,1981-10-01,lag_4,0.0057152815915175,-0.00032387401442169364,-0.0018811763992912464,0.001834646656070886
1981-09-01,1981-10-01,lag_5,-0.0044064948298339,9.72598612347316e-05,-0.0018811763992912464,0.001834646656070886
1981-09-01,1981-10-01,lag_6,0.0050752464528769,4.1108195206580135e-05,-0.0018811763992912464,0.001834646656070886
1981-09-01,1981-10-01,lag_7,-0.0042703433551958,0.00016048544973623128,-0.0018811763992912464,0.001834646656070886
1981-09-01,1981-10-01,lag_8,-0.0064308903302907,-0.0010378460823696133,-0.0018811763992912464,0.001834646656070886
1981-09-01,1981-10-01,lag_9,0.0066346668586829,-0.00011420083040028052,-0.0018811763992912464,0.001834646656070886
1981-09-01,1981-10-01,lag_10,0.0166035078210593,0.0006948497242122701,-0.0018811763992912464,0.001834646656070886
1981-09-01,1981-10-01,lag_11,0.0126315442892757,-0.0008611385551727165,-0.0018811763992912464,0.001834646656070886
1981-09-01,1981-10-01,volatility_3m,0.005808637485560833,-7.323836926577382e-06,-0.0018811763992912464,0.001834646656070886
1981-10-01,1981-11-01,lag_0,-0.0079171382626155,-0.004273078747039405,-0.004816573728009927,0.0017007960329732614
1981-10-01,1981-11-01,lag_1,-0.0048275681612497,-5.899070274999739e-05,-0.004816573728009927,0.0017007960329732614
1981-10-01,1981-11-01,lag_2,-0.0012472241215277,-0.00018866858296649793,-0.004816573728009927,0.0017007960329732614
1981-10-01,1981-11-01,lag_3,0.0065337407155321,0.0002241514590506405,-0.004816573728009927,0.0017007960329732614
1981-10-01,1981-11-01,lag_4,0.005081934033587,-0.00031147800770365435,-0.004816573728009927,0.0017007960329732614
1981-10-01,1981-11-01,lag_5,0.0057152815915175,-1.4283766321231142e-05,-0.004816573728009927,0.0017007960329732614
1981-10-01,1981-11-01,lag_6,-0.0044064948298339,-1.2452132184834393e-05,-0.004816573728009927,0.0017007960329732614
1981-10-01,1981-11-01,lag_7,0.0050752464528769,-4.970735731523751e-05,-0.004816573728009927,0.0017007960329732614
1981-10-01,1981-11-01,lag_8,-0.0042703433551958,-0.0008109499655285268,-0.004816573728009927,0.0017007960329732614
1981-10-01,1981-11-01,lag_9,-0.0064308903302907,0.0002703728679492193,-0.004816573728009927,0.0017007960329732614
1981-10-01,1981-11-01,lag_10,0.0066346668586829,0.0001627629023172099,-0.004816573728009927,0.0017007960329732614
1981-10-01,1981-11-01,lag_11,0.0166035078210593,-0.001257203176148163,-0.004816573728009927,0.0017007960329732614
1981-10-01,1981-11-01,volatility_3m,0.003337964986422848,-0.00019784455234271017,-0.004816573728009927,0.0017007960329732614
1981-11-01,1981-12-01,lag_0,-0.0116910828757204,-0.0059957059022008605,-0.005786796969093433,0.0015659064613299497
1981-11-01,1981-12-01,lag_1,-0.0079171382626155,-0.00010999108745149117,-0.005786796969093433,0.0015659064613299497
1981-11-01,1981-12-01,lag_2,-0.0048275681612497,-0.00047889810811242343,-0.005786796969093433,0.0015659064613299497
1981-11-01,1981-12-01,lag_3,-0.0012472241215277,-0.0001097602602471591,-0.005786796969093433,0.0015659064613299497
1981-11-01,1981-12-01,lag_4,0.0065337407155321,-0.00043917127217376695,-0.005786796969093433,0.0015659064613299497
1981-11-01,1981-12-01,lag_5,0.005081934033587,-4.632828928573711e-05,-0.005786796969093433,0.0015659064613299497
1981-11-01,1981-12-01,lag_6,0.0057152815915175,4.455378397702436e-05,-0.005786796969093433,0.0015659064613299497
1981-11-01,1981-12-01,lag_7,-0.0044064948298339,0.00014836871696934383,-0.005786796969093433,0.0015659064613299497
1981-11-01,1981-12-01,lag_8,0.0050752464528769,0.00045789885086316236,-0.005786796969093433,0.0015659064613299497
1981-11-01,1981-12-01,lag_9,-0.0042703433551958,0.00015650952715070727,-0.005786796969093433,0.0015659064613299497
1981-11-01,1981-12-01,lag_10,-0.0064308903302907,-0.00031647186478813246,-0.005786796969093433,0.0015659064613299497
1981-11-01,1981-12-01,lag_11,0.0066346668586829,-0.0004462647009807577,-0.005786796969093433,0.0015659064613299497
1981-11-01,1981-12-01,volatility_3m,0.0034374393470962454,-0.00021744282414329458,-0.005786796969093433,0.0015659064613299497
1981-12-01,1982-01-01,lag_0,-0.0106904281928961,-0.005555284080434971,-0.005810228798039661,0.0014191628363517373
1981-12-01,1982-01-01,lag_1,-0.0116910828757204,-0.0001759997674960528,-0.005810228798039661,0.0014191628363517373
1981-12-01,1982-01-01,lag_2,-0.0079171382626155,-0.0007491515967249688,-0.005810228798039661,0.0014191628363517373
1981-12-01,1982-01-01,lag_3,-0.0048275681612497,-0.00025576805917582133,-0.005810228798039661,0.0014191628363517373
1981-12-01,1982-01-01,lag_4,-0.0012472241215277,0.00026440320707671853,-0.005810228798039661,0.0014191628363517373
1981-12-01,1982-01-01,lag_5,0.0065337407155321,-5.517873162984887e-05,-0.005810228798039661,0.0014191628363517373
1981-12-01,1982-01-01,lag_6,0.005081934033587,8.994287213748199e-06,-0.005810228798039661,0.0014191628363517373
1981-12-01,1982-01-01,lag_7,0.0057152815915175,-6.231241106370006e-05,-0.005810228798039661,0.0014191628363517373
1981-12-01,1982-01-01,lag_8,-0.0044064948298339,-0.0008534156400524051,-0.005810228798039661,0.0014191628363517373
1981-12-01,1982-01-01,lag_9,0.0050752464528769,-7.15664330560891e-05,-0.005810228798039661,0.0014191628363517373
1981-12-01,1982-01-01,lag_10,-0.0042703433551958,-0.00027908805871619747,-0.005810228798039661,0.0014191628363517373
1981-12-01,1982-01-01,lag_11,-0.0064308903302907,0.000933212210678551,-0.005810228798039661,0.0014191628363517373
1981-12-01,1982-01-01,volatility_3m,0.0019551259454076726,-0.0003782365610103595,-0.005810228798039661,0.0014191628363517373
1982-01-01,1982-02-01,lag_0,-0.0208619331800021,-0.010376999161236614,-0.00877588844938289,0.001265880974097277
1982-01-01,1982-02-01,lag_1,-0.0106904281928961,-0.00024550246623673307,-0.00877588844938289,0.001265880974097277
1982-01-01,1982-02-01,lag_2,-0.0116910828757204,-0.0011126922659620178,-0.00877588844938289,0.001265880974097277
1982-01-01,1982-02-01,lag_3,-0.0079171382626155,-0.0004154132128677043,-0.00877588844938289,0.001265880974097277
1982-01-01,1982-02-01,lag_4,-0.0048275681612497,0.0005820454740014346,-0.00877588844938289,0.001265880974097277
1982-01-01,1982-02-01,lag_5,-0.0012472241215277,4.996824971394083e-05,-0.00877588844938289,0.001265880974097277
1982-01-01,1982-02-01,lag_6,0.0065337407155321,1.3474999189383836e-05,-0.00877588844938289,0.001265880974097277
1982-01-01,1982-02-01,lag_7,0.005081934033587,-8.020504249987342e-05,-0.00877588844938289,0.001265880974097277
1982-01-01,1982-02-01,lag_8,0.0057152815915175,0.0006149935253158492,-0.00877588844938289,0.001265880974097277
1982-01-01,1982-02-01,lag_9,-0.0044064948298339,0.00017853701754417977,-0.00877588844938289,0.001265880974097277
1982-01-01,1982-02-01,lag_10,0.0050752464528769,0.00015171222191012328,-0.00877588844938289,0.001265880974097277
1982-01-01,1982-02-01,lag_11,-0.0042703433551958,0.0006367661573576192,-0.00877588844938289,0.001265880974097277
1982-01-01,1982-02-01,volatility_3m,0.005606028285107086,-3.8454919709754624e-05,-0.00877588844938289,0.001265880974097277
1982-02-01,1982-03-01,lag_0,0.0201582605211254,0.008787725212399683,0.010055642240918419,0.0012553226016442836
1982-02-01,1982-03-01,lag_1,-0.0208619331800021,-0.0005168456390038636,0.010055642240918419,0.0012553226016442836
1982-02-01,1982-03-01,lag_2,-0.0106904281928961,-0.0009430338021554617,0.010055642240918419,0.0012553226016442836
1982-02-01,1982-03-01,lag_3,-0.0116910828757204,-0.0005172061625214257,0.010055642240918419,0.0012553226016442836
1982-02-01,1982-03-01,lag_4,-0.0079171382626155,0.0008725502686484099,0.010055642240918419,0.0012553226016442836
1982-02-01,1982-03-01,lag_5,-0.0048275681612497,0.00013917427604542363,0.010055642240918419,0.0012553226016442836
1982-02-01,1982-03-01,lag_6,-0.0012472241215277,-2.8459469115711856e-05,0.010055642240918419,0.0012553226016442836
1982-02-01,1982-03-01,lag_7,0.0065337407155321,-0.00012079680598981952,0.010055642240918419,0.0012553226016442836
1982-02-01,1982-03-01,lag_8,0.005081934033587,0.0005535931507712792,0.010055642240918419,0.0012553226016442836
1982-02-01,1982-03-01,lag_9,0.0057152815915175,-0.00016278930407253713,0.010055642240918419,0.0012553226016442836
1982-02-01,1982-03-01,lag_10,-0.0044064948298339,-0.0003651911278532012,0.010055642240918419,0.0012553226016442836
1982-02-01,1982-03-01,lag_11,0.0050752464528769,-0.0003702257812417882,0.010055642240918419,0.0012553226016442836
1982-02-01,1982-03-01,volatility_3m,0.01867426392669918,0.0014718248233631507,0.010055642240918419,0.0012553226016442836
1982-03-01,1982-04-01,lag_0,-0.0066662956298908,-0.00326233478091261,0.0007153345797695802,0.0012434654733742417
1982-03-01,1982-04-01,lag_1,0.0201582605211254,0.0009407612714941603,0.0007153345797695802,0.0012434654733742417
1982-03-01,1982-04-01,lag_2,-0.0208619331800021,-0.001600370904326452,0.0007153345797695802,0.0012434654733742417
1982-03-01,1982-04-01,lag_3,-0.0106904281928961,-0.000574380749905681,0.0007153345797695802,0.0012434654733742417
1982-03-01,1982-04-01,lag_4,-0.0116910828757204,0.0012515924822553248,0.0007153345797695802,0.0012434654733742417
1982-03-01,1982-04-01,lag_5,-0.0079171382626155,0.00020789925827494825,0.0007153345797695802,0.0012434654733742417
1982-03-01,1982-04-01,lag_6,-0.0048275681612497,-8.132685658432619e-05,0.0007153345797695802,0.0012434654733742417
1982-03-01,1982-04-01,lag_7,-0.0012472241215277,7.47703700092107e-05,0.0007153345797695802,0.0012434654733742417
1982-03-01,1982-04-01,lag_8,0.0065337407155321,0.0008056286136363841,0.0007153345797695802,0.0012434654733742417
1982-03-01,1982-04-01,lag_9,0.005081934033587,-0.00015382904621231188,0.0007153345797695802,0.0012434654733742417
1982-03-01,1982-04-01,lag_10,0.0057152815915175,0.00028935041897769305,0.0007153345797695802,0.0012434654733742417
1982-03-01,1982-04-01,lag_11,-0.0044064948298339,0.0008113360332181598,0.0007153345797695802,0.0012434654733742417
1982-03-01,1982-04-01,volatility_3m,0.01991189372234551,0.0007627729964708387,0.0007153345797695802,0.0012434654733742417
1982-04-01,1982-05-01,lag_0,-0.00927524186261,-0.004561692419059852,-0.0023854145961352225,0.001128095575067565
1982-04-01,1982-05-01,lag_1,-0.0066662956298908,-3.556892751474675e-05,-0.0023854145961352225,0.001128095575067565
1982-04-01,1982-05-01,lag_2,0.0201582605211254,0.0018567921509139748,-0.0023854145961352225,0.001128095575067565
1982-04-01,1982-05-01,lag_3,-0.0208619331800021,-0.0009818732470135076,-0.0023854145961352225,0.001128095575067565
1982-04-01,1982-05-01,lag_4,-0.0106904281928961,0.001084642504025927,-0.0023854145961352225,0.001128095575067565
1982-04-01,1982-05-01,lag_5,-0.0116910828757204,0.00023654416847725964,-0.0023854145961352225,0.001128095575067565
1982-04-01,1982-05-01,lag_6,-0.0079171382626155,-7.268598289352623e-05,-0.0023854145961352225,0.001128095575067565
1982-04-01,1982-05-01,lag_7,-0.0048275681612497,0.00012434097524167658,-0.0023854145961352225,0.001128095575067565
1982-04-01,1982-05-01,lag_8,-0.0012472241215277,-0.0004276892934307024,-0.0023854145961352225,0.001128095575067565
1982-04-01,1982-05-01,lag_9,0.0065337407155321,-0.00022806147580818563,-0.0023854145961352225,0.001128095575067565
1982-04-01,1982-05-01,lag_10,0.005081934033587,0.00023645321857069862,-0.0023854145961352225,0.001128095575067565
1982-04-01,1982-05-01,lag_11,0.0057152815915175,-0.0005405859584463998,-0.0023854145961352225,0.001128095575067565
1982-04-01,1982-05-01,volatility_3m,0.016292608117986093,-0.00020412588426540156,-0.0023854145961352225,0.001128095575067565
1982-05-01,1982-06-01,lag_0,-0.0066794151215754,-0.0034070294483226657,-0.0002175070975572054,0.001036074933067251
1982-05-01,1982-06-01,lag_1,-0.00927524186261,-0.00010589321096022235,-0.0002175070975572054,0.001036074933067251
1982-05-01,1982-06-01,lag_2,-0.0066662956298908,-0.0005338335226853522,-0.0002175070975572054,0.001036074933067251
1982-05-01,1982-06-01,lag_3,0.0201582605211254,0.0012103433691961958,-0.0002175070975572054,0.001036074933067251
1982-05-01,1982-06-01,lag_4,-0.0208619331800021,0.0021398157474154275,-0.0002175070975572054,0.001036074933067251
1982-05-01,1982-06-01,lag_5,-0.0106904281928961,0.00011370305550110471,-0.0002175070975572054,0.001036074933067251
1982-05-01,1982-06-01,lag_6,-0.0116910828757204,-0.00015784307656551804,-0.0002175070975572054,0.001036074933067251
1982-05-01,1982-06-01,lag_7,-0.0079171382626155,0.00018223411996868896,-0.0002175070975572054,0.001036074933067251
1982-05-01,1982-06-01,lag_8,-0.0048275681612497,-0.0009531836736806907,-0.0002175070975572054,0.001036074933067251
1982-05-01,1982-06-01,lag_9,-0.0012472241215277,0.00014337838887173025,-0.0002175070975572054,0.001036074933067251
1982-05-01,1982-06-01,lag_10,0.0065337407155321,0.0003416317418525271,-0.0002175070975572054,0.001036074933067251
1982-05-01,1982-06-01,lag_11,0.005081934033587,-0.000456867874455602,-0.0002175070975572054,0.001036074933067251
1982-05-01,1982-06-01,volatility_3m,0.0015025028583307302,0.0002299623532399209,-0.0002175070975572054,0.001036074933067251
1982-06-01,1982-07-01,lag_0,-0.0026065618328554,-0.0014639090061758092,-0.004264867580872475,0.0005312685378429521
1982-06-01,1982-07-01,lag_1,-0.0066794151215754,-0.0002027970891647536,-0.004264867580872475,0.0005312685378429521
1982-06-01,1982-07-01,lag_2,-0.00927524186261,-0.0006595628858836598,-0.004264867580872475,0.0005312685378429521
1982-06-01,1982-07-01,lag_3,-0.0066662956298908,-0.0006905797177455996,-0.004264867580872475,0.0005312685378429521
1982-06-01,1982-07-01,lag_4,0.0201582605211254,-0.0005889332071263767,-0.004264867580872475,0.0005312685378429521
1982-06-01,1982-07-01,lag_5,-0.0208619331800021,0.0006891959484004578,-0.004264867580872475,0.0005312685378429521
1982-06-01,1982-07-01,lag_6,-0.0106904281928961,-0.0006641818611873528,-0.004264867580872475,0.0005312685378429521
1982-06-01,1982-07-01,lag_7,-0.0116910828757204,0.0008808002956647588,-0.004264867580872475,0.0005312685378429521
1982-06-01,1982-07-01,lag_8,-0.0079171382626155,-0.0015567044508601135,-0.004264867580872475,0.0005312685378429521
1982-06-01,1982-07-01,lag_9,-0.0048275681612497,-1.034867564199523e-05,-0.004264867580872475,0.0005312685378429521
1982-06-01,1982-07-01,lag_10,-0.0012472241215277,-0.00015156952382722592,-0.004264867580872475,0.0005312685378429521
1982-06-01,1982-07-01,lag_11,0.0065337407155321,-0.0004516435820522388,-0.004264867580872475,0.0005312685378429521
1982-06-01,1982-07-01,volatility_3m,0.0033614913287645476,7.409763688448138e-05,-0.004264867580872475,0.0005312685378429521
1982-07-01,1982-08-01,lag_0,-0.0032920314435886,-0.001774922189035851,-0.0064682396394558726,0.0006591730362784153
1982-07-01,1982-08-01,lag_1,-0.0026065618328554,-5.173778556572606e-05,-0.0064682396394558726,0.0006591730362784153
1982-07-01,1982-08-01,lag_2,-0.0066794151215754,-0.0006277735750077033,-0.0064682396394558726,0.0006591730362784153
1982-07-01,1982-08-01,lag_3,-0.00927524186261,-0.0008925911304381751,-0.0064682396394558726,0.0006591730362784153
1982-07-01,1982-08-01,lag_4,-0.0066662956298908,0.0001273869412413142,-0.0064682396394558726,0.0006591730362784153
1982-07-01,1982-08-01,lag_5,0.0201582605211254,-0.0013371927324106372,-0.0064682396394558726,0.0006591730362784153
1982-07-01,1982-08-01,lag_6,-0.0208619331800021,-0.0012673382162195091,-0.0064682396394558726,0.0006591730362784153
1982-07-01,1982-08-01,lag_7,-0.0106904281928961,0.0008526379292184841,-0.0064682396394558726,0.0006591730362784153
1982-07-01,1982-08-01,lag_8,-0.0116910828757204,-0.0023553420770348133,-0.0064682396394558726,0.0006591730362784153
1982-07-01,1982-08-01,lag_9,-0.0079171382626155,2.9957321443482032e-05,-0.0064682396394558726,0.0006591730362784153
1982-07-01,1982-08-01,lag_10,-0.0048275681612497,-0.00039263528131608583,-0.0064682396394558726,0.0006591730362784153
1982-07-01,1982-08-01,lag_11,-0.0012472241215277,0.00034748096971023664,-0.0064682396394558726,0.0006591730362784153
1982-07-01,1982-08-01,volatility_3m,0.002180686844420332,0.0002146571496806948,-0.0064682396394558726,0.0006591730362784153
1982-08-01,1982-09-01,lag_0,-0.0091708008352875,-0.0043408763351206366,-0.0021546362431244673,0.0005097335577120672
1982-08-01,1982-09-01,lag_1,-0.0032920314435886,-2.9086159085337184e-05,-0.0021546362431244673,0.0005097335577120672
1982-08-01,1982-09-01,lag_2,-0.0026065618328554,-0.0003039887845336017,-0.0021546362431244673,0.0005097335577120672
1982-08-01,1982-09-01,lag_3,-0.0066794151215754,-0.0007214399392155038,-0.0021546362431244673,0.0005097335577120672
1982-08-01,1982-09-01,lag_4,-0.00927524186261,0.00013076506057722805,-0.0021546362431244673,0.0005097335577120672
1982-08-01,1982-09-01,lag_5,-0.0066662956298908,0.00070131477366259,-0.0021546362431244673,0.0005097335577120672
1982-08-01,1982-09-01,lag_6,0.0201582605211254,0.0018018474486923989,-0.0021546362431244673,0.0005097335577120672
1982-08-01,1982-09-01,lag_7,-0.0208619331800021,0.001772659982215656,-0.0021546362431244673,0.0005097335577120672
1982-08-01,1982-09-01,lag_8,-0.0106904281928961,-0.0022559962355820306,-0.0021546362431244673,0.0005097335577120672
1982-08-01,1982-09-01,lag_9,-0.0116910828757204,0.00018066487234444777,-0.0021546362431244673,0.0005097335577120672
1982-08-01,1982-09-01,lag_10,-0.0079171382626155,-0.0006112723827632752,-0.0021546362431244673,0.0005097335577120672
1982-08-01,1982-09-01,lag_11,-0.0048275681612497,0.00088512721669377,-0.0021546362431244673,0.0005097335577120672
1982-08-01,1982-09-01,volatility_3m,0.0036083013507989545,0.0001259106812777583,-0.0021546362431244673,0.0005097335577120672
1982-09-01,1982-10-01,lag_0,-0.0024687251904382,-0.0013960742845957291,-0.006232691833821526,0.0005790694684230098
1982-09-01,1982-10-01,lag_1,-0.0091708008352875,-7.234669061240662e-05,-0.006232691833821526,0.0005790694684230098
1982-09-01,1982-10-01,lag_2,-0.0032920314435886,-0.00037895492078499104,-0.006232691833821526,0.0005790694684230098
1982-09-01,1982-10-01,lag_3,-0.0026065618328554,-0.00032574187035144743,-0.006232691833821526,0.0005790694684230098
1982-09-01,1982-10-01,lag_4,-0.0066794151215754,0.00011852362334263653,-0.006232691833821526,0.0005790694684230098
1982-09-01,1982-10-01,lag_5,-0.00927524186261,0.000933371768939844,-0.006232691833821526,0.0005790694684230098
1982-09-01,1982-10-01,lag_6,-0.0066662956298908,-0.000625936349189735,-0.006232691833821526,0.0005790694684230098
1982-09-01,1982-10-01,lag_7,0.0201582605211254,-0.0015021542716235864,-0.006232691833821526,0.0005790694684230098
1982-09-01,1982-10-01,lag_8,-0.0208619331800021,-0.004268969669479678,-0.006232691833821526,0.0005790694684230098
1982-09-01,1982-10-01,lag_9,-0.0106904281928961,0.00010355272986752123,-0.006232691833821526,0.0005790694684230098
1982-09-01,1982-10-01,lag_10,-0.0116910828757204,-0.0008616824292537348,-0.006232691833821526,0.0005790694684230098
1982-09-01,1982-10-01,lag_11,-0.0079171382626155,0.0013212068992122501,-0.006232691833821526,0.0005790694684230098
1982-09-01,1982-10-01,volatility_3m,0.0036550326194744734,0.0001434441622845216,-0.006232691833821526,0.0005790694684230098
1982-10-01,1982-11-01,lag_0,-0.0097275827660441,-0.0044582863954723845,-0.00022566289156792318,0.0004059947848903372
1982-10-01,1982-11-01,lag_1,-0.0024687251904382,-6.826229079384346e-05,-0.00022566289156792318,0.0004059947848903372
1982-10-01,1982-11-01,lag_2,-0.0091708008352875,-0.0007571623462647467,-0.00022566289156792318,0.0004059947848903372
1982-10-01,1982-11-01,lag_3,-0.0032920314435886,-0.00038786370402427644,-0.00022566289156792318,0.0004059947848903372
1982-10-01,1982-11-01,lag_4,-0.0026065618328554,4.7192663123634486e-05,-0.00022566289156792318,0.0004059947848903372
1982-10-01,1982-11-01,lag_5,-0.0066794151215754,0.0006181830534288829,-0.00022566289156792318,0.0004059947848903372
1982-10-01,1982-11-01,lag_6,-0.00927524186261,-0.0008686403808953098,-0.00022566289156792318,0.0004059947848903372
1982-10-01,1982-11-01,lag_7,-0.0066662956298908,0.0006313052969985223,-0.00022566289156792318,0.0004059947848903372
1982-10-01,1982-11-01,lag_8,0.0201582605211254,0.003610273916012427,-0.00022566289156792318,0.0004059947848903372
1982-10-01,1982-11-01,lag_9,-0.0208619331800021,7.564506359182274e-05,-0.00022566289156792318,0.0004059947848903372
1982-10-01,1982-11-01,lag_10,-0.0106904281928961,-0.0006226041374750661,-0.00022566289156792318,0.0004059947848903372
1982-10-01,1982-11-01,lag_11,-0.0116910828757204,0.001489085260664268,-0.00022566289156792318,0.0004059947848903372
1982-10-01,1982-11-01,volatility_3m,0.00403977799246919,5.947632464780906e-05,-0.00022566289156792318,0.0004059947848903372
1982-11-01,1982-12-01,lag_0,-0.0032538001112216,-0.0016560955615209933,-0.003382869185766655,0.00039734822684019935
1982-11-01,1982-12-01,lag_1,-0.0097275827660441,-0.0001732084353012768,-0.003382869185766655,0.00039734822684019935
1982-11-01,1982-12-01,lag_2,-0.0024687251904382,-0.0002677161117079016,-0.003382869185766655,0.00039734822684019935
1982-11-01,1982-12-01,lag_3,-0.0091708008352875,-0.0009321176832125105,-0.003382869185766655,0.00039734822684019935
1982-11-01,1982-12-01,lag_4,-0.0032920314435886,5.347582716483669e-05,-0.003382869185766655,0.00039734822684019935
1982-11-01,1982-12-01,lag_5,-0.0026065618328554,0.0002806130583704527,-0.003382869185766655,0.00039734822684019935
1982-11-01,1982-12-01,lag_6,-0.0066794151215754,-0.0006800003195356429,-0.003382869185766655,0.00039734822684019935
1982-11-01,1982-12-01,lag_7,-0.00927524186261,0.0007709750516824583,-0.003382869185766655,0.00039734822684019935
1982-11-01,1982-12-01,lag_8,-0.0066662956298908,-0.0013711948297767365,-0.003382869185766655,0.00039734822684019935
1982-11-01,1982-12-01,lag_9,0.0201582605211254,-8.557071515710204e-05,-0.003382869185766655,0.00039734822684019935
1982-11-01,1982-12-01,lag_10,-0.0208619331800021,-0.0011931786896236976,-0.003382869185766655,0.00039734822684019935
1982-11-01,1982-12-01,lag_11,-0.0106904281928961,0.0014052829564686717,-0.003382869185766655,0.00039734822684019935
1982-11-01,1982-12-01,volatility_3m,0.003983658657483405,6.851803954258767e-05,-0.003382869185766655,0.00039734822684019935
1982-12-01,1983-01-01,lag_0,-0.0070995665994071,-0.0032786688149930975,-0.0016468119085216377,0.00023845836965941504
1982-12-01,1983-01-01,lag_1,-0.0032538001112216,-9.863533622839347e-05,-0.0016468119085216377,0.00023845836965941504
1982-12-01,1983-01-01,lag_2,-0.0097275827660441,-0.0007119552882658821,-0.0016468119085216377,0.00023845836965941504
1982-12-01,1983-01-01,lag_3,-0.0024687251904382,-0.0003436468202642304,-0.0016468119085216377,0.00023845836965941504
1982-12-01,1983-01-01,lag_4,-0.0091708008352875,0.0001764080140412577,-0.0016468119085216377,0.00023845836965941504
1982-12-01,1983-01-01,lag_5,-0.0032920314435886,0.00028899852742475486,-0.0016468119085216377,0.00023845836965941504
1982-12-01,1983-01-01,lag_6,-0.0026065618328554,-0.00032656780258270195,-0.0016468119085216377,0.00023845836965941504
1982-12-01,1983-01-01,lag_7,-0.0066794151215754,0.0005943231691034337,-0.0016468119085216377,0.00023845836965941504
1982-12-01,1983-01-01,lag_8,-0.00927524186261,-0.0017661371465938081,-0.0016468119085216377,0.00023845836965941504
1982-12-01,1983-01-01,lag_9,-0.0066662956298908,6.599363640605004e-05,-0.0016468119085216377,0.00023845836965941504
1982-12-01,1983-01-01,lag_10,0.0201582605211254,0.0010622270392241205,-0.0016468119085216377,0.00023845836965941504
1982-12-01,1983-01-01,lag_11,-0.0208619331800021,0.0024016939647250046,-0.0016468119085216377,0.00023845836965941504
1982-12-01,1983-01-01,volatility_3m,0.003255924106292936,5.069657982243897e-05,-0.0016468119085216377,0.00023845836965941504
1983-01-01,1983-02-01,lag_0,0.0184638031987667,0.0074691997954094485,0.0026243571214427577,0.00025033051077337476
1983-01-01,1983-02-01,lag_1,-0.0070995665994071,-0.00028152089202418054,0.0026243571214427577,0.00025033051077337476
1983-01-01,1983-02-01,lag_2,-0.0032538001112216,-0.00016574864493894357,0.0026243571214427577,0.00025033051077337476
1983-01-01,1983-02-01,lag_3,-0.0097275827660441,-0.0012488235814220477,0.0026243571214427577,0.00025033051077337476
1983-01-01,1983-02-01,lag_4,-0.0024687251904382,3.999029740578151e-05,0.0026243571214427577,0.00025033051077337476
1983-01-01,1983-02-01,lag_5,-0.0091708008352875,0.0006933961875152064,0.0026243571214427577,0.00025033051077337476
1983-01-01,1983-02-01,lag_6,-0.0032920314435886,-0.0003295609635375259,0.0026243571214427577,0.00025033051077337476
1983-01-01,1983-02-01,lag_7,-0.0026065618328554,0.0002977740199644194,0.0026243571214427577,0.00025033051077337476
1983-01-01,1983-02-01,lag_8,-0.0066794151215754,-0.001271145110197602,0.0026243571214427577,0.00025033051077337476
1983-01-01,1983-02-01,lag_9,-0.00927524186261,0.000209986800070738,0.0026243571214427577,0.00025033051077337476
1983-01-01,1983-02-01,lag_10,-0.0066662956298908,-0.0005709220146770926,0.0026243571214427577,0.00025033051077337476
1983-01-01,1983-02-01,lag_11,0.0201582605211254,-0.0022413291588180566,0.0026243571214427577,0.00025033051077337476
1983-01-01,1983-02-01,volatility_3m,0.013783626088284666,-0.00022727012408076203,0.0026243571214427577,0.00025033051077337476
1983-02-01,1983-03-01,lag_0,-0.0062949423731928,-0.00287874193453067,-0.0034355632078922464,0.00020594182532946304
1983-02-01,1983-03-01,lag_1,0.0184638031987667,0.0006543879731575646,-0.0034355632078922464,0.00020594182532946304
1983-02-01,1983-03-01,lag_2,-0.0070995665994071,-0.000349278539517386,-0.0034355632078922464,0.00020594182532946304
1983-02-01,1983-03-01,lag_3,-0.0032538001112216,-0.0005590566228187682,-0.0034355632078922464,0.00020594182532946304
1983-02-01,1983-03-01,lag_4,-0.0097275827660441,0.0002229846916334586,-0.0034355632078922464,0.00020594182532946304
1983-02-01,1983-03-01,lag_5,-0.0024687251904382,0.00025816256516891485,-0.0034355632078922464,0.00020594182532946304
1983-02-01,1983-03-01,lag_6,-0.0091708008352875,-0.0007595776800337225,-0.0034355632078922464,0.00020594182532946304
1983-02-01,1983-03-01,lag_7,-0.0032920314435886,0.0003904425257167199,-0.0034355632078922464,0.00020594182532946304
1983-02-01,1983-03-01,lag_8,-0.0026065618328554,-0.0006356176805136422,-0.0034355632078922464,0.00020594182532946304
1983-02-01,1983-03-01,lag_9,-0.0066794151215754,0.00034811113794196207,-0.0034355632078922464,0.00020594182532946304
1983-02-01,1983-03-01,lag_10,-0.00927524186261,-0.0011108890159448339,-0.0034355632078922464,0.00020594182532946304
1983-02-01,1983-03-01,lag_11,-0.0066662956298908,0.00117138947740964,-0.0034355632078922464,0.00020594182532946304
1983-02-01,1983-03-01,volatility_3m,0.014532313293029774,-0.00039382193089094536,-0.0034355632078922464,0.00020594182532946304
1983-03-01,1983-04-01,lag_0,0.0084046522038421,0.00317325091958256,0.003951776186425584,0.0003925939080410268
1983-03-01,1983-04-01,lag_1,-0.0062949423731928,-0.0004921622795400697,0.003951776186425584,0.0003925939080410268
1983-03-01,1983-04-01,lag_2,0.0184638031987667,0.0002541672355343143,0.003951776186425584,0.0003925939080410268
1983-03-01,1983-04-01,lag_3,-0.0070995665994071,-0.0011001572249456585,0.003951776186425584,0.0003925939080410268
1983-03-01,1983-04-01,lag_4,-0.0032538001112216,0.00013025500431207402,0.003951776186425584,0.0003925939080410268
1983-03-01,1983-04-01,lag_5,-0.0097275827660441,0.0006762125570364625,0.003951776186425584,0.0003925939080410268
1983-03-01,1983-04-01,lag_6,-0.0024687251904382,-0.000190310524359482,0.003951776186425584,0.0003925939080410268
1983-03-01,1983-04-01,lag_7,-0.0091708008352875,0.0010944214040196445,0.003951776186425584,0.0003925939080410268
1983-03-01,1983-04-01,lag_8,-0.0032920314435886,-0.0007963040604077086,0.003951776186425584,0.0003925939080410268
1983-03-01,1983-04-01,lag_9,-0.0026065618328554,0.0001704778128904187,0.003951776186425584,0.0003925939080410268
1983-03-01,1983-04-01,lag_10,-0.0066794151215754,-0.00097366529182863,0.003951776186425584,0.0003925939080410268
1983-03-01,1983-04-01,lag_11,-0.00927524186261,0.0016357411386555415,0.003951776186425584,0.0003925939080410268
1983-03-01,1983-04-01,volatility_3m,0.012451640332133692,-2.2744412564909645e-05,0.003951776186425584,0.0003925939080410268
1983-04-01,1983-05-01,lag_0,0.012580060260646,0.004821411128473643,0.005863950445844319,0.000806654475735483
1983-04-01,1983-05-01,lag_1,0.0084046522038421,0.00047488709577179084,0.005863950445844319,0.000806654475735483
1983-04-01,1983-05-01,lag_2,-0.0062949423731928,-0.0008216022018991374,0.005863950445844319,0.000806654475735483
1983-04-01,1983-05-01,lag_3,0.0184638031987667,0.0014186295778194809,0.005863950445844319,0.000806654475735483
1983-04-01,1983-05-01,lag_4,-0.0070995665994071,0.0002096455992525792,0.005863950445844319,0.000806654475735483
1983-04-01,1983-05-01,lag_5,-0.0032538001112216,0.00043517671928317405,0.005863950445844319,0.000806654475735483
1983-04-01,1983-05-01,lag_6,-0.0097275827660441,-0.0006494595352478342,0.005863950445844319,0.000806654475735483
1983-04-01,1983-05-01,lag_7,-0.0024687251904382,0.00028328625846449503,0.005863950445844319,0.000806654475735483
1983-04-01,1983-05-01,lag_8,-0.0091708008352875,-0.002023122370748768,0.005863950445844319,0.000806654475735483
1983-04-01,1983-05-01,lag_9,-0.0032920314435886,0.00010738914676490992,0.005863950445844319,0.000806654475735483
1983-04-01,1983-05-01,lag_10,-0.0026065618328554,-0.0003734196102271941,0.005863950445844319,0.000806654475735483
1983-04-01,1983-05-01,lag_11,-0.0066794151215754,0.0011938876159138401,0.005863950445844319,0.000806654475735483
1983-04-01,1983-05-01,volatility_3m,0.00991444936777831,-1.9413453512144822e-05,0.005863950445844319,0.000806654475735483
1983-05-01,1983-06-01,lag_0,0.0060151175148983,0.0018970390730861184,0.004629550396306314,0.0009517811863482428
1983-05-01,1983-06-01,lag_1,0.012580060260646,0.0007157411179391643,0.004629550396306314,0.0009517811863482428
1983-05-01,1983-06-01,lag_2,0.0084046522038421,0.0008175652330401807,0.004629550396306314,0.0009517811863482428
1983-05-01,1983-06-01,lag_3,-0.0062949423731928,-0.000624984207590214,0.004629550396306314,0.0009517811863482428
1983-05-01,1983-06-01,lag_4,0.0184638031987667,-0.0005064885161723632,0.004629550396306314,0.0009517811863482428
1983-05-01,1983-06-01,lag_5,-0.0070995665994071,0.0008727211285175913,0.004629550396306314,0.0009517811863482428
1983-05-01,1983-06-01,lag_6,-0.0032538001112216,-0.000251228199106989,0.004629550396306314,0.0009517811863482428
1983-05-01,1983-06-01,lag_7,-0.0097275827660441,0.0009575672611312962,0.004629550396306314,0.0009517811863482428
1983-05-01,1983-06-01,lag_8,-0.0024687251904382,-0.0006530650245352412,0.004629550396306314,0.0009517811863482428
1983-05-01,1983-06-01,lag_9,-0.0091708008352875,0.00033594880368148164,0.004629550396306314,0.0009517811863482428
1983-05-01,1983-06-01,lag_10,-0.0032920314435886,-0.0004703871020099086,0.004629550396306314,0.0009517811863482428
1983-05-01,1983-06-01,lag_11,-0.0026065618328554,0.0005538893436702161,0.004629550396306314,0.0009517811863482428
1983-05-01,1983-06-01,volatility_3m,0.003322709279223658,3.3450298306737995e-05,0.004629550396306314,0.0009517811863482428
1983-06-01,1983-07-01,lag_0,0.0061074098253901,0.001872111564994607,0.0006112407019883243,0.0010930389344093359
1983-06-01,1983-07-01,lag_1,0.0060151175148983,0.00028416546036127494,0.0006112407019883243,0.0010930389344093359
1983-06-01,1983-07-01,lag_2,0.012580060260646,0.0013396187747104409,0.0006112407019883243,0.0010930389344093359
1983-06-01,1983-07-01,lag_3,0.0084046522038421,0.0006650849024617876,0.0006112407019883243,0.0010930389344093359
1983-06-01,1983-07-01,lag_4,-0.0062949423731928,0.00019860897376905464,0.0006112407019883243,0.0010930389344093359
1983-06-01,1983-07-01,lag_5,0.0184638031987667,-0.002206755792101668,0.0006112407019883243,0.0010930389344093359
1983-06-01,1983-07-01,lag_6,-0.0070995665994071,-0.0004811914254285968,0.0006112407019883243,0.0010930389344093359
1983-06-01,1983-07-01,lag_7,-0.0032538001112216,0.0003297819231056534,0.0006112407019883243,0.0010930389344093359
1983-06-01,1983-07-01,lag_8,-0.0097275827660441,-0.002141446408475426,0.0006112407019883243,0.0010930389344093359
1983-06-01,1983-07-01,lag_9,-0.0024687251904382,0.00011006095594066995,0.0006112407019883243,0.0010930389344093359
1983-06-01,1983-07-01,lag_10,-0.0091708008352875,-0.00114602659869892,0.0006112407019883243,0.0010930389344093359
1983-06-01,1983-07-01,lag_11,-0.0032920314435886,0.0006769466950620061,0.0006112407019883243,0.0010930389344093359
1983-06-01,1983-07-01,volatility_3m,0.0037639118565339184,1.7242741878104642e-05,0.0006112407019883243,0.0010930389344093359
1983-07-01,1983-08-01,lag_0,0.0147834120886369,0.005376257697190754,0.011458747566598685,0.0013556634474675884
1983-07-01,1983-08-01,lag_1,0.0061074098253901,0.0002888776032725646,0.011458747566598685,0.0013556634474675884
1983-07-01,1983-08-01,lag_2,0.0060151175148983,0.0005240753476363717,0.011458747566598685,0.0013556634474675884
1983-07-01,1983-08-01,lag_3,0.012580060260646,0.0008941439574372494,0.011458747566598685,0.0013556634474675884
1983-07-01,1983-08-01,lag_4,0.0084046522038421,-0.00024286552242618452,0.011458747566598685,0.0013556634474675884
1983-07-01,1983-08-01,lag_5,-0.0062949423731928,0.0007813671770141546,0.011458747566598685,0.0013556634474675884
1983-07-01,1983-08-01,lag_6,0.0184638031987667,0.000978539988128461,0.011458747566598685,0.0013556634474675884
1983-07-01,1983-08-01,lag_7,-0.0070995665994071,0.000699420181252547,0.011458747566598685,0.0013556634474675884
1983-07-01,1983-08-01,lag_8,-0.0032538001112216,-0.0007829925294933094,0.011458747566598685,0.0013556634474675884
1983-07-01,1983-08-01,lag_9,-0.0097275827660441,0.0003145468984106481,0.011458747566598685,0.0013556634474675884
1983-07-01,1983-08-01,lag_10,-0.0024687251904382,-0.0003656053803350841,0.011458747566598685,0.0013556634474675884
1983-07-01,1983-08-01,lag_11,-0.0091708008352875,0.001623053094292326,0.011458747566598685,0.0013556634474675884
1983-07-01,1983-08-01,volatility_3m,0.005035946168534987,1.4265606750598225e-05,0.011458747566598685,0.0013556634474675884
1983-08-01,1983-09-01,lag_0,0.0117589882838116,0.0040127109931177235,0.001932534668890396,0.001529883853361843
1983-08-01,1983-09-01,lag_1,0.0147834120886369,0.0008124792320418239,0.001932534668890396,0.001529883853361843
1983-08-01,1983-09-01,lag_2,0.0061074098253901,0.0005294050537616841,0.001932534668890396,0.001529883853361843
1983-08-01,1983-09-01,lag_3,0.0060151175148983,0.0003660221313507641,0.001932534668890396,0.001529883853361843
1983-08-01,1983-09-01,lag_4,0.012580060260646,-0.0003255853688628921,0.001932534668890396,0.001529883853361843
1983-08-01,1983-09-01,lag_5,0.0084046522038421,-0.0009194187753307363,0.001932534668890396,0.001529883853361843
1983-08-01,1983-09-01,lag_6,-0.0062949423731928,-0.0004196041705226178,0.001932534668890396,0.001529883853361843
1983-08-01,1983-09-01,lag_7,0.0184638031987667,-0.0015525718736660182,0.001932534668890396,0.001529883853361843
1983-08-01,1983-09-01,lag_8,-0.0070995665994071,-0.0015515405521056916,0.001932534668890396,0.001529883853361843
1983-08-01,1983-09-01,lag_9,-0.0032538001112216,0.00011695521766873104,0.001932534668890396,0.001529883853361843
1983-08-01,1983-09-01,lag_10,-0.0097275827660441,-0.0012441742076020202,0.001932534668890396,0.001529883853361843
1983-08-01,1983-09-01,lag_11,-0.0024687251904382,0.0005499680905129081,0.001932534668890396,0.001529883853361843
1983-08-01,1983-09-01,volatility_3m,0.004403795591962904,2.800504516489427e-05,0.001932534668890396,0.001529883853361843
1983-09-01,1983-10-01,lag_0,0.0144399949384292,0.005223251460448697,0.014263971297033596,0.0017408074281467744
1983-09-01,1983-10-01,lag_1,0.0117589882838116,0.0005656505043293403,0.014263971297033596,0.0017408074281467744
1983-09-01,1983-10-01,lag_2,0.0147834120886369,0.0016329535915545169,0.014263971297033596,0.0017408074281467744
1983-09-01,1983-10-01,lag_3,0.0061074098253901,0.0002733595399629691,0.014263971297033596,0.0017408074281467744
1983-09-01,1983-10-01,lag_4,0.0060151175148983,-0.0001421783713327464,0.014263971297033596,0.0017408074281467744
1983-09-01,1983-10-01,lag_5,0.012580060260646,-0.0013007741428084797,0.014263971297033596,0.0017408074281467744
1983-09-01,1983-10-01,lag_6,0.0084046522038421,0.0004045947579058735,0.014263971297033596,0.0017408074281467744
1983-09-01,1983-10-01,lag_7,-0.0062949423731928,0.00046563140238706544,0.014263971297033596,0.0017408074281467744
1983-09-01,1983-10-01,lag_8,0.0184638031987667,0.003452322120161726,0.014263971297033596,0.0017408074281467744
1983-09-01,1983-10-01,lag_9,-0.0070995665994071,0.0002598920340605471,0.014263971297033596,0.0017408074281467744
1983-09-01,1983-10-01,lag_10,-0.0032538001112216,-0.00040461957709850163,0.014263971297033596,0.0017408074281467744
1983-09-01,1983-10-01,lag_11,-0.0097275827660441,0.0018942926077529837,0.014263971297033596,0.0017408074281467744
1983-09-01,1983-10-01,volatility_3m,0.00165594239897581,0.00019878794156283206,0.014263971297033596,0.0017408074281467744
1983-10-01,1983-11-01,lag_0,0.0076167819842005,0.0021744214641771773,0.00448957463444891,0.0017438519974235227
1983-10-01,1983-11-01,lag_1,0.0144399949384292,0.0007917563692674018,0.00448957463444891,0.0017438519974235227
1983-10-01,1983-11-01,lag_2,0.0117589882838116,0.0010303147150212458,0.00448957463444891,0.0017438519974235227
1983-10-01,1983-11-01,lag_3,0.0147834120886369,0.0009717568901661884,0.00448957463444891,0.0017438519974235227
1983-10-01,1983-11-01,lag_4,0.0061074098253901,-0.00010894585373143253,0.00448957463444891,0.0017438519974235227
1983-10-01,1983-11-01,lag_5,0.0060151175148983,-0.0004968335283666199,0.00448957463444891,0.0017438519974235227
1983-10-01,1983-11-01,lag_6,0.012580060260646,0.0007526757656231023,0.00448957463444891,0.0017438519974235227
1983-10-01,1983-11-01,lag_7,0.0084046522038421,-0.0005641540996086957,0.00448957463444891,0.0017438519974235227
1983-10-01,1983-11-01,lag_8,-0.0062949423731928,-0.001297495437998507,0.00448957463444891,0.0017438519974235227
1983-10-01,1983-11-01,lag_9,0.0184638031987667,-0.0004202604413880529,0.00448957463444891,0.0017438519974235227
1983-10-01,1983-11-01,lag_10,-0.0070995665994071,-0.0007731596852007783,0.00448957463444891,0.0017438519974235227
1983-10-01,1983-11-01,lag_11,-0.0032538001112216,0.0006134347796241911,0.00448957463444891,0.0017438519974235227
1983-10-01,1983-11-01,volatility_3m,0.0034375840530183424,7.221169944016585e-05,0.00448957463444891,0.0017438519974235227
1983-11-01,1983-12-01,lag_0,0.00445010147308,0.000845223256311227,0.008331818291950902,0.0017455558997569252
1983-11-01,1983-12-01,lag_1,0.0076167819842005,0.00029987588045027645,0.008331818291950902,0.0017455558997569252
1983-11-01,1983-12-01,lag_2,0.0144399949384292,0.0013217721827475577,0.008331818291950902,0.0017455558997569252
1983-11-01,1983-12-01,lag_3,0.0117589882838116,0.0007570988502457644,0.008331818291950902,0.0017455558997569252
1983-11-01,1983-12-01,lag_4,0.0147834120886369,-0.0002934738934507927,0.008331818291950902,0.0017455558997569252
1983-11-01,1983-12-01,lag_5,0.0061074098253901,-0.0004962219402904535,0.008331818291950902,0.0017455558997569252
1983-11-01,1983-12-01,lag_6,0.0060151175148983,0.0003116233296189182,0.008331818291950902,0.0017455558997569252
1983-11-01,1983-12-01,lag_7,0.012580060260646,-0.0008368273009161187,0.008331818291950902,0.0017455558997569252
1983-11-01,1983-12-01,lag_8,0.0084046522038421,0.001432086293790957,0.008331818291950902,0.0017455558997569252
1983-11-01,1983-12-01,lag_9,-0.0062949423731928,0.00018520210609626972,0.008331818291950902,0.0017455558997569252
1983-11-01,1983-12-01,lag_10,0.0184638031987667,0.0018112254510784015,0.008331818291950902,0.0017455558997569252
1983-11-01,1983-12-01,lag_11,-0.0070995665994071,0.001225403717429536,0.008331818291950902,0.0017455558997569252
1983-11-01,1983-12-01,volatility_3m,0.00510525990078356,2.3274459082433385e-05,0.008331818291950902,0.0017455558997569252
1983-12-01,1984-01-01,lag_0,0.0050087386761155,0.0010937572691141065,0.002037224937611928,0.0017000299655590947
1983-12-01,1984-01-01,lag_1,0.00445010147308,0.00012728252708678025,0.002037224937611928,0.0017000299655590947
1983-12-01,1984-01-01,lag_2,0.0076167819842005,0.00040502348809155715,0.002037224937611928,0.0017000299655590947
1983-12-01,1984-01-01,lag_3,0.0144399949384292,0.0010168073908073038,0.002037224937611928,0.0017000299655590947
1983-12-01,1984-01-01,lag_4,0.0117589882838116,-0.0001698892113522895,0.002037224937611928,0.0017000299655590947
1983-12-01,1984-01-01,lag_5,0.0147834120886369,-0.0010430068028458356,0.002037224937611928,0.0017000299655590947
1983-12-01,1984-01-01,lag_6,0.0061074098253901,0.0003142315744539331,0.002037224937611928,0.0017000299655590947
1983-12-01,1984-01-01,lag_7,0.0060151175148983,-0.0004071409192845965,0.002037224937611928,0.0017000299655590947
1983-12-01,1984-01-01,lag_8,0.012580060260646,0.0020296668780025486,0.002037224937611928,0.0017000299655590947
1983-12-01,1984-01-01,lag_9,0.0084046522038421,-8.313228833372211e-05,0.002037224937611928,0.0017000299655590947
1983-12-01,1984-01-01,lag_10,-0.0062949423731928,-0.0006267051316283305,0.002037224937611928,0.0017000299655590947
1983-12-01,1984-01-01,lag_11,0.0184638031987667,-0.002380275253441352,0.002037224937611928,0.0017000299655590947
1983-12-01,1984-01-01,volatility_3m,0.0016902579133065594,6.0575451382729705e-05,0.002037224937611928,0.0017000299655590947
1984-01-01,1984-02-01,lag_0,0.0197633049245928,0.007243299582813061,0.011593106686602416,0.0016345723280501354
1984-01-01,1984-02-01,lag_1,0.0050087386761155,0.00018288143518068402,0.011593106686602416,0.0016345723280501354
1984-01-01,1984-02-01,lag_2,0.00445010147308,0.00012324430484122838,0.011593106686602416,0.0016345723280501354
1984-01-01,1984-02-01,lag_3,0.0076167819842005,0.0004922070662212267,0.011593106686602416,0.0016345723280501354
1984-01-01,1984-02-01,lag_4,0.0144399949384292,-0.00010992379006484055,0.011593106686602416,0.0016345723280501354
1984-01-01,1984-02-01,lag_5,0.0117589882838116,-0.0007544816826415379,0.011593106686602416,0.0016345723280501354
1984-01-01,1984-02-01,lag_6,0.0147834120886369,0.0010726018432530863,0.011593106686602416,0.0016345723280501354
1984-01-01,1984-02-01,lag_7,0.0061074098253901,-0.0003878127905633818,0.011593106686602416,0.0016345723280501354
1984-01-01,1984-02-01,lag_8,0.0060151175148983,0.0007816226192671543,0.011593106686602416,0.0016345723280501354
1984-01-01,1984-02-01,lag_9,0.012580060260646,-4.0373041122674684e-05,0.011593106686602416,0.0016345723280501354
1984-01-01,1984-02-01,lag_10,0.0084046522038421,0.0005448597561794933,0.011593106686602416,0.0016345723280501354
1984-01-01,1984-02-01,lag_11,-0.0062949423731928,0.0008135168526614013,0.011593106686602416,0.0016345723280501354
1984-01-01,1984-02-01,volatility_3m,0.008684310571875624,-3.107797472618752e-06,0.011593106686602416,0.0016345723280501354
1984-02-01,1984-03-01,lag_0,0.0043840968911044,0.0008107281593799994,0.0033024135984093027,0.0017491781586697526
1984-02-01,1984-03-01,lag_1,0.0197633049245928,0.001251948249847598,0.0033024135984093027,0.0017491781586697526
1984-02-01,1984-03-01,lag_2,0.0050087386761155,0.00016910134942243248,0.0033024135984093027,0.0017491781586697526
1984-02-01,1984-03-01,lag_3,0.00445010147308,0.00015664194045685059,0.0033024135984093027,0.0017491781586697526
1984-02-01,1984-03-01,lag_4,0.0076167819842005,-9.674303248600293e-05,0.0033024135984093027,0.0017491781586697526
1984-02-01,1984-03-01,lag_5,0.0144399949384292,-0.0008101813042146601,0.0033024135984093027,0.0017491781586697526
1984-02-01,1984-03-01,lag_6,0.0117589882838116,0.0006210803953353914,0.0033024135984093027,0.0017491781586697526
1984-02-01,1984-03-01,lag_7,0.0147834120886369,-0.0010984562971122613,0.0033024135984093027,0.0017491781586697526
1984-02-01,1984-03-01,lag_8,0.0061074098253901,0.0007453083862372389,0.0033024135984093027,0.0017491781586697526
1984-02-01,1984-03-01,lag_9,0.0060151175148983,-4.06062164489654e-05,0.0033024135984093027,0.0017491781586697526
1984-02-01,1984-03-01,lag_10,0.012580060260646,0.0008806500386624663,0.0033024135984093027,0.0017491781586697526
1984-02-01,1984-03-01,lag_11,0.0084046522038421,-0.0009577175866479447,0.0033024135984093027,0.0017491781586697526
1984-02-01,1984-03-01,volatility_3m,0.008704476264903416,-7.851864269259312e-05,0.0033024135984093027,0.0017491781586697526
1984-03-01,1984-04-01,lag_0,0.0048838204638044,0.0010098875995073874,0.004870819604455764,0.001676923539215873
1984-03-01,1984-04-01,lag_1,0.0043840968911044,0.0001499919055900605,0.004870819604455764,0.001676923539215873
1984-03-01,1984-04-01,lag_2,0.0197633049245928,0.0009197963349286388,0.004870819604455764,0.001676923539215873
1984-03-01,1984-04-01,lag_3,0.0050087386761155,0.00024956737884793893,0.004870819604455764,0.001676923539215873
1984-03-01,1984-04-01,lag_4,0.00445010147308,-2.1451792551654383e-05,0.004870819604455764,0.001676923539215873
1984-03-01,1984-04-01,lag_5,0.0076167819842005,-0.0003783007893796396,0.004870819604455764,0.001676923539215873
1984-03-01,1984-04-01,lag_6,0.0144399949384292,0.0009739591313930106,0.004870819604455764,0.001676923539215873
1984-03-01,1984-04-01,lag_7,0.0117589882838116,-0.0008522722152184354,0.004870819604455764,0.001676923539215873
1984-03-01,1984-04-01,lag_8,0.0147834120886369,0.0021673777482326237,0.004870819604455764,0.001676923539215873
1984-03-01,1984-04-01,lag_9,0.0061074098253901,-2.3717394509565112e-05,0.004870819604455764,0.001676923539215873
1984-03-01,1984-04-01,lag_10,0.0060151175148983,0.00034293760113567675,0.004870819604455764,0.001676923539215873
1984-03-01,1984-04-01,lag_11,0.012580060260646,-0.00133184994724729,0.004870819604455764,0.001676923539215873
1984-03-01,1984-04-01,volatility_3m,0.008738505032377008,-1.2029495488861146e-05,0.004870819604455764,0.001676923539215873
1984-04-01,1984-05-01,lag_0,0.0058993928473447,0.0014339986599183874,0.005672864921033949,0.0016919750060916004
1984-04-01,1984-05-01,lag_1,0.0048838204638044,0.00017709501896709203,0.005672864921033949,0.0016919750060916004
1984-04-01,1984-05-01,lag_2,0.0043840968911044,0.00011041465526031852,0.005672864921033949,0.0016919750060916004
1984-04-01,1984-05-01,lag_3,0.0197633049245928,0.0017524295087585561,0.005672864921033949,0.0016919750060916004
1984-04-01,1984-05-01,lag_4,0.0050087386761155,-3.62632370660003e-05,0.005672864921033949,0.0016919750060916004
1984-04-01,1984-05-01,lag_5,0.00445010147308,-0.00013758855400905745,0.005672864921033949,0.0016919750060916004
1984-04-01,1984-05-01,lag_6,0.0076167819842005,0.0004751487791346426,0.005672864921033949,0.0016919750060916004
1984-04-01,1984-05-01,lag_7,0.0144399949384292,-0.001049967200025495,0.005672864921033949,0.0016919750060916004
1984-04-01,1984-05-01,lag_8,0.0117589882838116,0.0016302224017367445,0.005672864921033949,0.0016919750060916004
1984-04-01,1984-05-01,lag_9,0.0147834120886369,-0.00011514752478707557,0.005672864921033949,0.0016919750060916004
1984-04-01,1984-05-01,lag_10,0.0061074098253901,0.0002986345302964948,0.005672864921033949,0.0016919750060916004
1984-04-01,1984-05-01,lag_11,0.0060151175148983,-0.0004666498907162893,0.005672864921033949,0.0016919750060916004
1984-04-01,1984-05-01,volatility_3m,0.0007721434182758176,-9.143723252596833e-05,0.005672864921033949,0.0016919750060916004
1984-05-01,1984-06-01,lag_0,0.0054128883111812,0.0012612401623411547,0.005045987779588206,0.0016637143247749723
1984-05-01,1984-06-01,lag_1,0.0058993928473447,0.0002540173549928285,0.005045987779588206,0.0016637143247749723
1984-05-01,1984-06-01,lag_2,0.0048838204638044,0.0001305043029005878,0.005045987779588206,0.0016637143247749723
1984-05-01,1984-06-01,lag_3,0.0043840968911044,0.0001929728470961621,0.005045987779588206,0.0016637143247749723
1984-05-01,1984-06-01,lag_4,0.0197633049245928,-0.00029316003381184963,0.005045987779588206,0.0016637143247749723
1984-05-01,1984-06-01,lag_5,0.0050087386761155,-0.00016624031140788988,0.005045987779588206,0.0016637143247749723
1984-05-01,1984-06-01,lag_6,0.00445010147308,0.0001831255281190671,0.005045987779588206,0.0016637143247749723
1984-05-01,1984-06-01,lag_7,0.0076167819842005,-0.00043427755986809893,0.005045987779588206,0.0016637143247749723
1984-05-01,1984-06-01,lag_8,0.0144399949384292,0.0020233863556994303,0.005045987779588206,0.0016637143247749723
1984-05-01,1984-06-01,lag_9,0.0117589882838116,-0.00010077377714015962,0.005045987779588206,0.0016637143247749723
1984-05-01,1984-06-01,lag_10,0.0147834120886369,0.0008634731836593906,0.005045987779588206,0.0016637143247749723
1984-05-01,1984-06-01,lag_11,0.0061074098253901,-0.00043672598625352883,0.005045987779588206,0.0016637143247749723
1984-05-01,1984-06-01,volatility_3m,0.0007254093439726168,-9.526861151386062e-05,0.005045987779588206,0.0016637143247749723
1984-06-01,1984-07-01,lag_0,0.0036610110501089,0.0005598892059737308,0.0018789611767357124,0.001602056183598408
1984-06-01,1984-07-01,lag_1,0.0054128883111812,0.00022498753942533763,0.0018789611767357124,0.001602056183598408
1984-06-01,1984-07-01,lag_2,0.0058993928473447,0.0001942070159069376,0.0018789611767357124,0.001602056183598408
1984-06-01,1984-07-01,lag_3,0.0048838204638044,0.00022849453726539448,0.0018789611767357124,0.001602056183598408
1984-06-01,1984-07-01,lag_4,0.0043840968911044,-4.3509058772780194e-05,0.0018789611767357124,0.001602056183598408
1984-06-01,1984-07-01,lag_5,0.0197633049245928,-0.0009702650272892188,0.0018789611767357124,0.001602056183598408
1984-06-01,1984-07-01,lag_6,0.0050087386761155,0.0002385200720021723,0.0018789611767357124,0.001602056183598408
1984-06-01,1984-07-01,lag_7,0.00445010147308,-0.0001680489798622075,0.0018789611767357124,0.001602056183598408
1984-06-01,1984-07-01,lag_8,0.0076167819842005,0.0008528020515775319,0.0018789611767357124,0.001602056183598408
1984-06-01,1984-07-01,lag_9,0.0144399949384292,-0.00015391884538346902,0.0018789611767357124,0.001602056183598408
1984-06-01,1984-07-01,lag_10,0.0117589882838116,0.0006623624039264095,0.0018789611767357124,0.001602056183598408
1984-06-01,1984-07-01,lag_11,0.0147834120886369,-0.001228662644833863,0.0018789611767357124,0.001602056183598408
1984-06-01,1984-07-01,volatility_3m,0.0011772930583734888,-0.00011995327679867176,0.0018789611767357124,0.001602056183598408
1984-07-01,1984-08-01,lag_0,0.0027663195051639,0.0002132855826829197,0.003611958821676903,0.0015823948214449888
1984-07-01,1984-08-01,lag_1,0.0036610110501089,0.0001017504713318202,0.003611958821676903,0.0015823948214449888
1984-07-01,1984-08-01,lag_2,0.0054128883111812,0.00016504824626355157,0.003611958821676903,0.0015823948214449888
1984-07-01,1984-08-01,lag_3,0.0058993928473447,0.0003045286088795521,0.003611958821676903,0.0015823948214449888
1984-07-01,1984-08-01,lag_4,0.0048838204638044,-6.931992227513279e-05,0.003611958821676903,0.0015823948214449888
1984-07-01,1984-08-01,lag_5,0.0043840968911044,-8.889824168065082e-05,0.003611958821676903,0.0015823948214449888
1984-07-01,1984-08-01,lag_6,0.0197633049245928,0.0014676372398975642,0.003611958821676903,0.0015823948214449888
1984-07-01,1984-08-01,lag_7,0.0050087386761155,-0.00020909932627715972,0.003611958821676903,0.0015823948214449888
1984-07-01,1984-08-01,lag_8,0.00445010147308,0.0003119457057709232,0.003611958821676903,0.0015823948214449888
1984-07-01,1984-08-01,lag_9,0.0076167819842005,-4.1129745973380336e-05,0.003611958821676903,0.0015823948214449888
1984-07-01,1984-08-01,lag_10,0.0144399949384292,0.0008213516678797723,0.003611958821676903,0.0015823948214449888
1984-07-01,1984-08-01,lag_11,0.0117589882838116,-0.0008362820289799084,0.003611958821676903,0.0015823948214449888
1984-07-01,1984-08-01,volatility_3m,0.0013462214616871235,-0.00011125425728795708,0.003611958821676903,0.0015823948214449888
1984-08-01,1984-09-01,lag_0,0.0010296775197859,-0.0005073700472588634,-0.00047663665287499637,0.0015691463944698728
1984-08-01,1984-09-01,lag_1,0.0027663195051639,4.1378663717377556e-05,-0.00047663665287499637,0.0015691463944698728
1984-08-01,1984-09-01,lag_2,0.0036610110501089,7.538071536059018e-05,-0.00047663665287499637,0.0015691463944698728
1984-08-01,1984-09-01,lag_3,0.0054128883111812,0.0002624215812035028,-0.00047663665287499637,0.0015691463944698728
1984-08-01,1984-09-01,lag_4,0.0058993928473447,-9.313887076821349e-05,-0.00047663665287499637,0.0015691463944698728
1984-08-01,1984-09-01,lag_5,0.0048838204638044,-0.00010307576479552491,-0.00047663665287499637,0.0015691463944698728
1984-08-01,1984-09-01,lag_6,0.0043840968911044,0.00016085423644236454,-0.00047663665287499637,0.0015691463944698728
1984-08-01,1984-09-01,lag_7,0.0197633049245928,-0.0013665756460203978,-0.00047663665287499637,0.0015691463944698728
1984-08-01,1984-09-01,lag_8,0.0050087386761155,0.0004117409039120097,-0.00047663665287499637,0.0015691463944698728
1984-08-01,1984-09-01,lag_9,0.00445010147308,-8.856713057764318e-06,-0.00047663665287499637,0.0015691463944698728
1984-08-01,1984-09-01,lag_10,0.0076167819842005,0.0003336836660655596,-0.00047663665287499637,0.0015691463944698728
1984-08-01,1984-09-01,lag_11,0.0144399949384292,-0.0011326348223377211,-0.00047663665287499637,0.0015691463944698728
1984-08-01,1984-09-01,volatility_3m,0.0013379284045229411,-0.00011959094980778873,-0.00047663665287499637,0.0015691463944698728
1984-09-01,1984-10-01,lag_0,-0.0029654810283661,-0.0021552946416094282,0.001565701892220446,0.0014974977578639857
1984-09-01,1984-10-01,lag_1,0.0010296775197859,-9.134429360089818e-05,0.001565701892220446,0.0014974977578639857
1984-09-01,1984-10-01,lag_2,0.0027663195051639,3.1023802791311865e-05,0.001565701892220446,0.0014974977578639857
1984-09-01,1984-10-01,lag_3,0.0036610110501089,0.00012157727094326766,0.001565701892220446,0.0014974977578639857
1984-09-01,1984-10-01,lag_4,0.0054128883111812,-8.557180088175544e-05,0.001565701892220446,0.0014974977578639857
1984-09-01,1984-10-01,lag_5,0.0058993928473447,-0.0001607506566535791,0.001565701892220446,0.0014974977578639857
1984-09-01,1984-10-01,lag_6,0.0048838204638044,0.00019468196637108796,0.001565701892220446,0.0014974977578639857
1984-09-01,1984-10-01,lag_7,0.0043840968911044,-0.0001609527860291003,0.001565701892220446,0.0014974977578639857
1984-09-01,1984-10-01,lag_8,0.0197633049245928,0.002832532346671227,0.001565701892220446,0.0014974977578639857
1984-09-01,1984-10-01,lag_9,0.0050087386761155,-1.2565680430612873e-05,0.001565701892220446,0.0014974977578639857
1984-09-01,1984-10-01,lag_10,0.00445010147308,0.00012024427842403922,0.001565701892220446,0.0014974977578639857
1984-09-01,1984-10-01,lag_11,0.0076167819842005,-0.0005007614044764975,0.001565701892220446,0.0014974977578639857
1984-09-01,1984-10-01,volatility_3m,0.0029391255662873732,-6.461426716260092e-05,0.001565701892220446,0.0014974977578639857
1984-10-01,1984-11-01,lag_0,-0.0001102057910582,-0.0009252807868591024,0.00012189552322653839,0.0014392515393221925
1984-10-01,1984-11-01,lag_1,-0.0029654810283661,-0.00041708945517359786,0.00012189552322653839,0.0014392515393221925
1984-10-01,1984-11-01,lag_2,0.0010296775197859,-6.278969942037852e-05,0.00012189552322653839,0.0014392515393221925
1984-10-01,1984-11-01,lag_3,0.0027663195051639,4.6652535081510404e-05,0.00012189552322653839,0.0014392515393221925
1984-10-01,1984-11-01,lag_4,0.0036610110501089,-3.687709000371269e-05,0.00012189552322653839,0.0014392515393221925
1984-10-01,1984-11-01,lag_5,0.0054128883111812,-0.00013236104825366517,0.00012189552322653839,0.0014392515393221925
1984-10-01,1984-11-01,lag_6,0.0058993928473447,0.0002916894188606753,0.00012189552322653839,0.0014392515393221925
1984-10-01,1984-11-01,lag_7,0.0048838204638044,-0.00020586938385519876,0.00012189552322653839,0.0014392515393221925
1984-10-01,1984-11-01,lag_8,0.0043840968911044,0.00030623162366826505,0.00012189552322653839,0.0014392515393221925
1984-10-01,1984-11-01,lag_9,0.0197633049245928,-8.060195417349386e-05,0.00012189552322653839,0.0014392515393221925
1984-10-01,1984-11-01,lag_10,0.0050087386761155,0.00017608054891821287,0.00012189552322653839,0.0014392515393221925
1984-10-01,1984-11-01,lag_11,0.00445010147308,-0.00019516900349410456,0.00012189552322653839,0.0014392515393221925
1984-10-01,1984-11-01,volatility_3m,0.0020580420496188684,-8.197172139106389e-05,0.00012189552322653839,0.0014392515393221925
1984-11-01,1984-12-01,lag_0,0.0033631475816369,0.0004990269144959534,0.0024487666304214314,0.0014762546731713218
1984-11-01,1984-12-01,lag_1,-0.0001102057910582,-0.00019609526442064288,0.0024487666304214314,0.0014762546731713218
1984-11-01,1984-12-01,lag_2,-0.0029654810283661,-0.0002635967275218255,0.0024487666304214314,0.0014762546731713218
1984-11-01,1984-12-01,lag_3,0.0010296775197859,-0.0001078994913494834,0.0024487666304214314,0.0014762546731713218
1984-11-01,1984-12-01,lag_4,0.0027663195051639,-1.4464943649252225e-05,0.0024487666304214314,0.0014762546731713218
1984-11-01,1984-12-01,lag_5,0.0036610110501089,-5.289823614498363e-05,0.0024487666304214314,0.0014762546731713218
1984-11-01,1984-12-01,lag_6,0.0054128883111812,0.00024265103594602226,0.0024487666304214314,0.0014762546731713218
1984-11-01,1984-12-01,lag_7,0.0058993928473447,-0.0002755531760409246,0.0024487666304214314,0.0014762546731713218
1984-11-01,1984-12-01,lag_8,0.0048838204638044,0.00038319830819635495,0.0024487666304214314,0.0014762546731713218
1984-11-01,1984-12-01,lag_9,0.0043840968911044,1.4598841851218166e-06,0.0024487666304214314,0.0014762546731713218
1984-11-01,1984-12-01,lag_10,0.0197633049245928,0.0010744797033127986,0.0024487666304214314,0.0014762546731713218
1984-11-01,1984-12-01,lag_11,0.0050087386761155,-0.00024970338122401285,0.0024487666304214314,0.0014762546731713218
1984-11-01,1984-12-01,volatility_3m,0.003169340636361256,-6.809266853501624e-05,0.0024487666304214314,0.0014762546731713218
1984-12-01,1985-01-01,lag_0,0.0003221507986452,-0.0007407553582934285,-0.0008670419551945875,0.0014900741204387923
1984-12-01,1985-01-01,lag_1,0.0033631475816369,9.681908736635912e-05,-0.0008670419551945875,0.0014900741204387923
1984-12-01,1985-01-01,lag_2,-0.0001102057910582,-0.000128689766099579,-0.0008670419551945875,0.0014900741204387923
1984-12-01,1985-01-01,lag_3,-0.0029654810283661,-0.0004430099234683652,-0.0008670419551945875,0.0014900741204387923
1984-12-01,1985-01-01,lag_4,0.0010296775197859,3.370628058739671e-05,-0.0008670419551945875,0.0014900741204387923
1984-12-01,1985-01-01,lag_5,0.0027663195051639,-2.2942476104455216e-05,-0.0008670419551945875,0.0014900741204387923
1984-12-01,1985-01-01,lag_6,0.0036610110501089,0.00011502057540169087,-0.0008670419551945875,0.0014900741204387923
1984-12-01,1985-01-01,lag_7,0.0054128883111812,-0.00024101407118542583,-0.0008670419551945875,0.0014900741204387923
1984-12-01,1985-01-01,lag_8,0.0058993928473447,0.0005289755315763768,-0.0008670419551945875,0.0014900741204387923
1984-12-01,1985-01-01,lag_9,0.0048838204638044,6.630117424653808e-06,-0.0008670419551945875,0.0014900741204387923
1984-12-01,1985-01-01,lag_10,0.0043840968911044,0.00011578463639487381,-0.0008670419551945875,0.0014900741204387923
1984-12-01,1985-01-01,lag_11,0.0197633049245928,-0.0015480801886162503,-0.0008670419551945875,0.0014900741204387923
1984-12-01,1985-01-01,volatility_3m,0.0018929156217520739,-0.00012956052061722736,-0.0008670419551945875,0.0014900741204387923
1985-01-01,1985-02-01,lag_0,-0.0001720449004833,-0.0009147158893031757,0.0008143013857116726,0.0015282912913133135
1985-01-01,1985-02-01,lag_1,0.0003221507986452,-0.00015564168517301127,0.0008143013857116726,0.0015282912913133135
1985-01-01,1985-02-01,lag_2,0.0033631475816369,6.448331802510243e-05,0.0008143013857116726,0.0015282912913133135
1985-01-01,1985-02-01,lag_3,-0.0001102057910582,-0.00017403098073443988,0.0008143013857116726,0.0015282912913133135
1985-01-01,1985-02-01,lag_4,-0.0029654810283661,0.00017630310337828182,0.0008143013857116726,0.0015282912913133135
1985-01-01,1985-02-01,lag_5,0.0010296775197859,4.2552333908435375e-05,0.0008143013857116726,0.0015282912913133135
1985-01-01,1985-02-01,lag_6,0.0027663195051639,4.09429031029797e-05,0.0008143013857116726,0.0015282912913133135
1985-01-01,1985-02-01,lag_7,0.0036610110501089,-9.968503321020986e-05,0.0008143013857116726,0.0015282912913133135
1985-01-01,1985-02-01,lag_8,0.0054128883111812,0.00044058875502876743,0.0008143013857116726,0.0015282912913133135
1985-01-01,1985-02-01,lag_9,0.0058993928473447,3.499536749851414e-05,0.0008143013857116726,0.0015282912913133135
1985-01-01,1985-02-01,lag_10,0.0048838204638044,0.00010658174232238127,0.0008143013857116726,0.0015282912913133135
1985-01-01,1985-02-01,lag_11,0.0043840968911044,-0.00015012660955082547,0.0008143013857116726,0.0015282912913133135
1985-01-01,1985-02-01,volatility_3m,0.0019143961932700938,-0.00012623723089444106,0.0008143013857116726,0.0015282912913133135
1985-02-01,1985-03-01,lag_0,0.0027473473772294,0.0002998189114644136,0.0017928290212823365,0.001532066791552648
1985-02-01,1985-03-01,lag_1,-0.0001720449004833,-0.00020710682393162687,0.0017928290212823365,0.001532066791552648
1985-02-01,1985-03-01,lag_2,0.0003221507986452,-8.39976412898376e-05,0.0017928290212823365,0.001532066791552648
1985-02-01,1985-03-01,lag_3,0.0033631475816369,9.349728874369709e-05,0.0017928290212823365,0.001532066791552648
1985-02-01,1985-03-01,lag_4,-0.0001102057910582,7.511182857919001e-05,0.0017928290212823365,0.001532066791552648
1985-02-01,1985-03-01,lag_5,-0.0029654810283661,0.00019004838296546127,0.0017928290212823365,0.001532066791552648
1985-02-01,1985-03-01,lag_6,0.0010296775197859,-0.00010373121826120288,0.0017928290212823365,0.001532066791552648
1985-02-01,1985-03-01,lag_7,0.0027663195051639,-3.9038744920890103e-05,0.0017928290212823365,0.001532066791552648
1985-02-01,1985-03-01,lag_8,0.0036610110501089,0.0001934677005531534,0.0017928290212823365,0.001532066791552648
1985-02-01,1985-03-01,lag_9,0.0054128883111812,4.3895504431465937e-05,0.0017928290212823365,0.001532066791552648
1985-02-01,1985-03-01,lag_10,0.0058993928473447,0.0001400640651558682,0.0017928290212823365,0.001532066791552648
1985-02-01,1985-03-01,lag_11,0.0048838204638044,-0.00017544281181286077,0.0017928290212823365,0.001532066791552648
1985-02-01,1985-03-01,volatility_3m,0.0015625118188876824,-0.00016582421194714274,0.0017928290212823365,0.001532066791552648
1985-03-01,1985-04-01,lag_0,0.0015102905072197,-0.0002150942298839745,0.0006282008401899955,0.0015248367755271545
1985-03-01,1985-04-01,lag_1,0.0027473473772294,7.11392164666822e-05,0.0006282008401899955,0.0015248367755271545
1985-03-01,1985-04-01,lag_2,-0.0001720449004833,-9.558243028514727e-05,0.0006282008401899955,0.0015248367755271545
1985-03-01,1985-04-01,lag_3,0.0003221507986452,-0.00013533368917107623,0.0006282008401899955,0.0015248367755271545
1985-03-01,1985-04-01,lag_4,0.0033631475816369,-4.204553133107811e-05,0.0006282008401899955,0.0015248367755271545
1985-03-01,1985-04-01,lag_5,-0.0001102057910582,7.62648340587217e-05,0.0006282008401899955,0.0015248367755271545
1985-03-01,1985-04-01,lag_6,-0.0029654810283661,-0.00044017275268399896,0.0006282008401899955,0.0015248367755271545
1985-03-01,1985-04-01,lag_7,0.0010296775197859,9.416754808846881e-05,0.0006282008401899955,0.0015248367755271545
1985-03-01,1985-04-01,lag_8,0.0027663195051639,7.306741744767576e-05,0.0006282008401899955,0.0015248367755271545
1985-03-01,1985-04-01,lag_9,0.0036610110501089,2.2022354688635013e-05,0.0006282008401899955,0.0015248367755271545
1985-03-01,1985-04-01,lag_10,0.0054128883111812,0.00012011737683239807,0.0006282008401899955,0.0015248367755271545
1985-03-01,1985-04-01,lag_11,0.0058993928473447,-0.0002395486559709201,0.0006282008401899955,0.0015248367755271545
1985-03-01,1985-04-01,volatility_3m,0.0014653448624139622,-0.00018563739359354542,0.0006282008401899955,0.0015248367755271545
1985-04-01,1985-05-01,lag_0,-0.0021786103468643,-0.0016582785966565644,-0.0006400351738427941,0.0014500684977526133
1985-04-01,1985-05-01,lag_1,0.0015102905072197,-5.167900355112452e-05,-0.0006400351738427941,0.0014500684977526133
1985-04-01,1985-05-01,lag_2,0.0027473473772294,3.137945639298861e-05,-0.0006400351738427941,0.0014500684977526133
1985-04-01,1985-05-01,lag_3,-0.0001720449004833,-0.0001691329845001843,-0.0006400351738427941,0.0014500684977526133
1985-04-01,1985-05-01,lag_4,0.0003221507986452,6.01155606289635e-05,-0.0006400351738427941,0.0014500684977526133
1985-04-01,1985-05-01,lag_5,0.0033631475816369,-4.217569089901322e-05,-0.0006400351738427941,0.0014500684977526133
1985-04-01,1985-05-01,lag_6,-0.0001102057910582,-0.00019607140923587796,-0.0006400351738427941,0.0014500684977526133
1985-04-01,1985-05-01,lag_7,-0.0029654810283661,0.00039647668533267883,-0.0006400351738427941,0.0014500684977526133
1985-04-01,1985-05-01,lag_8,0.0010296775197859,-0.00017459511497670377,-0.0006400351738427941,0.0014500684977526133
1985-04-01,1985-05-01,lag_9,0.0027663195051639,8.131386131526095e-06,-0.0006400351738427941,0.0014500684977526133
1985-04-01,1985-05-01,lag_10,0.0036610110501089,5.237472335203992e-05,-0.0006400351738427941,0.0014500684977526133
1985-04-01,1985-05-01,lag_11,0.0054128883111812,-0.00020698564402981063,-0.0006400351738427941,0.0014500684977526133
1985-04-01,1985-05-01,volatility_3m,0.0025626600343672274,-0.0001396630395843252,-0.0006400351738427941,0.0014500684977526133
1985-05-01,1985-06-01,lag_0,0.0014529341416293,-0.0001342938407326674,0.00031346295999682924,0.0013838593444757531
1985-05-01,1985-06-01,lag_1,-0.0021786103468643,-0.00028528146059201534,0.00031346295999682924,0.0013838593444757531
1985-05-01,1985-06-01,lag_2,0.0015102905072197,-3.7714758508087725e-05,0.00031346295999682924,0.0013838593444757531
1985-05-01,1985-06-01,lag_3,0.0027473473772294,5.377566483602828e-05,0.00031346295999682924,0.0013838593444757531
1985-05-01,1985-06-01,lag_4,-0.0001720449004833,8.468063208136116e-05,0.00031346295999682924,0.0013838593444757531
1985-05-01,1985-06-01,lag_5,0.0003221507986452,5.1516711093061055e-05,0.00031346295999682924,0.0013838593444757531
1985-05-01,1985-06-01,lag_6,0.0033631475816369,9.04140741884021e-05,0.00031346295999682924,0.0013838593444757531
1985-05-01,1985-06-01,lag_7,-0.0001102057910582,0.0001536982462555991,0.00031346295999682924,0.0013838593444757531
1985-05-01,1985-06-01,lag_8,-0.0029654810283661,-0.0007730331900242861,0.00031346295999682924,0.0013838593444757531
1985-05-01,1985-06-01,lag_9,0.0010296775197859,-1.523890239174173e-05,0.00031346295999682924,0.0013838593444757531
1985-05-01,1985-06-01,lag_10,0.0027663195051639,2.4466356696366247e-05,0.00031346295999682924,0.0013838593444757531
1985-05-01,1985-06-01,lag_11,0.0036610110501089,-0.00010060027287022489,0.00031346295999682924,0.0013838593444757531
1985-05-01,1985-06-01,volatility_3m,0.002113425128231565,-0.0001827856445107187,0.00031346295999682924,0.0013838593444757531
1985-06-01,1985-07-01,lag_0,-0.0004852934296026,-0.0009441489732704495,0.0002528897441822506,0.0017908534597741012
1985-06-01,1985-07-01,lag_1,0.0014529341416293,-2.652535183207488e-05,0.0002528897441822506,0.0017908534597741012
1985-06-01,1985-07-01,lag_2,-0.0021786103468643,-0.00040334127947547324,0.0002528897441822506,0.0017908534597741012
1985-06-01,1985-07-01,lag_3,0.0015102905072197,-3.2818781077009694e-05,0.0002528897441822506,0.0017908534597741012
1985-06-01,1985-07-01,lag_4,0.0027473473772294,-8.359241486767153e-05,0.0002528897441822506,0.0017908534597741012
1985-06-01,1985-07-01,lag_5,-0.0001720449004833,-8.05391553808137e-06,0.0002528897441822506,0.0017908534597741012
1985-06-01,1985-07-01,lag_6,0.0003221507986452,-1.7386735738849997e-05,0.0002528897441822506,0.0017908534597741012
1985-06-01,1985-07-01,lag_7,0.0033631475816369,6.25283829396016e-06,0.0002528897441822506,0.0017908534597741012
1985-06-01,1985-07-01,lag_8,-0.0001102057910582,-0.00030574486784889495,0.0002528897441822506,0.0017908534597741012
1985-06-01,1985-07-01,lag_9,-0.0029654810283661,0.0002977633662933534,0.0002528897441822506,0.0017908534597741012
1985-06-01,1985-07-01,lag_10,0.0010296775197859,-6.253345240120346e-05,0.0002528897441822506,0.0017908534597741012
1985-06-01,1985-07-01,lag_11,0.0027663195051639,-6.932309061810315e-05,0.0002528897441822506,0.0017908534597741012
1985-06-01,1985-07-01,volatility_3m,0.00181714811687969,0.0001114889424886479,0.0002528897441822506,0.0017908534597741012
1985-07-01,1985-08-01,lag_0,-0.0047430774359953,-0.00259701395773031,-0.0011140332763558288,0.001679698117356793
1985-07-01,1985-08-01,lag_1,-0.0004852934296026,-0.00018965558273659682,-0.0011140332763558288,0.001679698117356793
1985-07-01,1985-08-01,lag_2,0.0014529341416293,-3.2906940640016094e-05,-0.0011140332763558288,0.001679698117356793
1985-07-01,1985-08-01,lag_3,-0.0021786103468643,-0.00025262353622733163,-0.0011140332763558288,0.001679698117356793
1985-07-01,1985-08-01,lag_4,0.0015102905072197,6.072522966825123e-05,-0.0011140332763558288,0.001679698117356793
1985-07-01,1985-08-01,lag_5,0.0027473473772294,3.370629880614389e-06,-0.0011140332763558288,0.001679698117356793
1985-07-01,1985-08-01,lag_6,-0.0001720449004833,-2.1970132651703805e-05,-0.0011140332763558288,0.001679698117356793
1985-07-01,1985-08-01,lag_7,0.0003221507986452,-6.398946649905112e-06,-0.0011140332763558288,0.001679698117356793
1985-07-01,1985-08-01,lag_8,0.0033631475816369,0.00016664333695255018,-0.0011140332763558288,0.001679698117356793
1985-07-01,1985-08-01,lag_9,-0.0001102057910582,0.00012507419363303967,-0.0011140332763558288,0.001679698117356793
1985-07-01,1985-08-01,lag_10,-0.0029654810283661,-0.0002634771636653833,-0.0011140332763558288,0.001679698117356793
1985-07-01,1985-08-01,lag_11,0.0010296775197859,0.00016679425276207665,-0.0011140332763558288,0.001679698117356793
1985-07-01,1985-08-01,volatility_3m,0.0031695428227909847,4.770722369209377e-05,-0.0011140332763558288,0.001679698117356793
1985-08-01,1985-09-01,lag_0,0.0030372094955404,0.0006045991078098011,0.00224320524337026,0.0016400744527690662
1985-08-01,1985-09-01,lag_1,-0.0047430774359953,-0.0005223382635066722,0.00224320524337026,0.0016400744527690662
1985-08-01,1985-09-01,lag_2,-0.0004852934296026,-0.0002394500171424752,0.00224320524337026,0.0016400744527690662
1985-08-01,1985-09-01,lag_3,0.0014529341416293,-1.957442713875767e-05,0.00224320524337026,0.0016400744527690662
1985-08-01,1985-09-01,lag_4,-0.0021786103468643,0.00046389108582950596,0.00224320524337026,0.0016400744527690662
1985-08-01,1985-09-01,lag_5,0.0015102905072197,-2.4262209498336738e-06,0.00224320524337026,0.0016400744527690662
1985-08-01,1985-09-01,lag_6,0.0027473473772294,7.035341932490814e-06,0.00224320524337026,0.0016400744527690662
1985-08-01,1985-09-01,lag_7,-0.0001720449004833,-7.604396444249309e-06,0.00224320524337026,0.0016400744527690662
1985-08-01,1985-09-01,lag_8,0.0003221507986452,-0.00024580952898044223,0.00224320524337026,0.0016400744527690662
1985-08-01,1985-09-01,lag_9,0.0033631475816369,-6.767151105837771e-05,0.00224320524337026,0.0016400744527690662
1985-08-01,1985-09-01,lag_10,-0.0001102057910582,-0.0001098641862707737,0.00224320524337026,0.0016400744527690662
1985-08-01,1985-09-01,lag_11,-0.0029654810283661,0.000703796499588834,0.00224320524337026,0.0016400744527690662
1985-08-01,1985-09-01,volatility_3m,0.0038959298470703082,3.8547306932143827e-05,0.00224320524337026,0.0016400744527690662
1985-09-01,1985-10-01,lag_0,0.0033778606355214,0.0007680901497337801,0.0019026082496962264,0.0016109558843631078
1985-09-01,1985-10-01,lag_1,0.0030372094955404,0.00012107833201160813,0.0019026082496962264,0.0016109558843631078
1985-09-01,1985-10-01,lag_2,-0.0047430774359953,-0.0006555182692178133,0.0019026082496962264,0.0016109558843631078
1985-09-01,1985-10-01,lag_3,-0.0004852934296026,-0.00014177634369952439,0.0019026082496962264,0.0016109558843631078
1985-09-01,1985-10-01,lag_4,0.0014529341416293,3.69882895398145e-05,0.0019026082496962264,0.0016109558843631078
1985-09-01,1985-10-01,lag_5,-0.0021786103468643,-1.8842726385311696e-05,0.0019026082496962264,0.0016109558843631078
1985-09-01,1985-10-01,lag_6,0.0015102905072197,-5.210794880572543e-06,0.0019026082496962264,0.0016109558843631078
1985-09-01,1985-10-01,lag_7,0.0027473473772294,2.3985252054561673e-06,0.0019026082496962264,0.0016109558843631078
1985-09-01,1985-10-01,lag_8,-0.0001720449004833,-0.0003040903284960549,0.0019026082496962264,0.0016109558843631078
1985-09-01,1985-10-01,lag_9,0.0003221507986452,9.819309832094842e-05,0.0019026082496962264,0.0016109558843631078
1985-09-01,1985-10-01,lag_10,0.0033631475816369,5.9654988050505394e-05,0.0019026082496962264,0.0016109558843631078
1985-09-01,1985-10-01,lag_11,-0.0001102057910582,0.00030815583866525856,0.0019026082496962264,0.0016109558843631078
1985-09-01,1985-10-01,volatility_3m,0.004593447200407789,2.2531606485024136e-05,0.0019026082496962264,0.0016109558843631078
1985-10-01,1985-11-01,lag_0,-0.0031146676276252,-0.0018118726984454308,-0.00013764029258904204,0.0015168478043908061
1985-10-01,1985-11-01,lag_1,0.0033778606355214,0.00015120956504871514,-0.00013764029258904204,0.0015168478043908061
1985-10-01,1985-11-01,lag_2,0.0030372094955404,0.00015913171561474047,-0.00013764029258904204,0.0015168478043908061
1985-10-01,1985-11-01,lag_3,-0.0047430774359953,-0.00039266570495029215,-0.00013764029258904204,0.0015168478043908061
1985-10-01,1985-11-01,lag_4,-0.0004852934296026,0.00026812105083785196,-0.00013764029258904204,0.0015168478043908061
1985-10-01,1985-11-01,lag_5,0.0014529341416293,-1.981928022324124e-06,-0.00013764029258904204,0.0015168478043908061
1985-10-01,1985-11-01,lag_6,-0.0021786103468643,-3.683728816634877e-05,-0.00013764029258904204,0.0015168478043908061
1985-10-01,1985-11-01,lag_7,0.0015102905072197,-1.3197188073266e-06,-0.00013764029258904204,0.0015168478043908061
1985-10-01,1985-11-01,lag_8,0.0027473473772294,0.00010137708517715902,-0.00013764029258904204,0.0015168478043908061
1985-10-01,1985-11-01,lag_9,-0.0001720449004833,0.00011975725344067471,-0.00013764029258904204,0.0015168478043908061
1985-10-01,1985-11-01,lag_10,0.0003221507986452,-8.403176600134426e-05,-0.00013764029258904204,0.0015168478043908061
1985-10-01,1985-11-01,lag_11,0.0033631475816369,-0.00016556904508852513,-0.00013764029258904204,0.0015168478043908061
1985-10-01,1985-11-01,volatility_3m,0.0036540972114749953,4.019338238260209e-05,-0.00013764029258904204,0.0015168478043908061
1985-11-01,1985-12-01,lag_0,0.0035117423940054,0.0008763133071629025,0.0030787549148876196,0.0014977653686263418
1985-11-01,1985-12-01,lag_1,-0.0031146676276252,-0.00036392847137357317,0.0030787549148876196,0.0014977653686263418
1985-11-01,1985-12-01,lag_2,0.0033778606355214,0.00020402864417544414,0.0030787549148876196,0.0014977653686263418
1985-11-01,1985-12-01,lag_3,0.0030372094955404,8.839059865332036e-05,0.0030787549148876196,0.0014977653686263418
1985-11-01,1985-12-01,lag_4,-0.0047430774359953,0.0007366510746458348,0.0030787549148876196,0.0014977653686263418
1985-11-01,1985-12-01,lag_5,-0.0004852934296026,-1.4681733602705215e-05,0.0030787549148876196,0.0014977653686263418
1985-11-01,1985-12-01,lag_6,0.0014529341416293,-2.6345403845695258e-06,0.0030787549148876196,0.0014977653686263418
1985-11-01,1985-12-01,lag_7,-0.0021786103468643,-1.3002576518730613e-05,0.0030787549148876196,0.0014977653686263418
1985-11-01,1985-12-01,lag_8,0.0015102905072197,-7.378672235749035e-05,0.0030787549148876196,0.0014977653686263418
1985-11-01,1985-12-01,lag_9,0.0027473473772294,-3.9828060122335e-05,0.0030787549148876196,0.0014977653686263418
1985-11-01,1985-12-01,lag_10,-0.0001720449004833,-0.00010216300065104003,0.0030787549148876196,0.0014977653686263418
1985-11-01,1985-12-01,lag_11,0.0003221507986452,0.00024176633957885595,0.0030787549148876196,0.0014977653686263418
1985-11-01,1985-12-01,volatility_3m,0.003787702851504647,4.3864687055364064e-05,0.0030787549148876196,0.0014977653686263418
1985-12-01,1986-01-01,lag_0,0.0095838114477926,0.0033031468304853396,0.00415817029917061,0.001535330321311467
1985-12-01,1986-01-01,lag_1,0.0035117423940054,0.00016674160090042895,0.00415817029917061,0.001535330321311467
1985-12-01,1986-01-01,lag_2,-0.0031146676276252,-0.0004894916504606912,0.00415817029917061,0.001535330321311467
1985-12-01,1986-01-01,lag_3,0.0033778606355214,0.00011565651193031733,0.00415817029917061,0.001535330321311467
1985-12-01,1986-01-01,lag_4,0.0030372094955404,-0.00017920714975648404,0.00415817029917061,0.001535330321311467
1985-12-01,1986-01-01,lag_5,-0.0047430774359953,-3.9655817194618803e-05,0.00415817029917061,0.001535330321311467
1985-12-01,1986-01-01,lag_6,-0.0004852934296026,-2.0809726426019676e-05,0.00415817029917061,0.001535330321311467
1985-12-01,1986-01-01,lag_7,0.0014529341416293,-3.959161548554199e-07,0.00415817029917061,0.001535330321311467
1985-12-01,1986-01-01,lag_8,-0.0021786103468643,-0.0005716729805012574,0.00415817029917061,0.001535330321311467
1985-12-01,1986-01-01,lag_9,0.0015102905072197,2.8622993293700226e-05,0.00415817029917061,0.001535330321311467
1985-12-01,1986-01-01,lag_10,0.0027473473772294,3.3505841113739515e-05,0.00415817029917061,0.001535330321311467
1985-12-01,1986-01-01,lag_11,-0.0001720449004833,0.00030308859141466444,0.00415817029917061,0.001535330321311467
1985-12-01,1986-01-01,volatility_3m,0.006351255823293929,-2.668915078511998e-05,0.00415817029917061,0.001535330321311467
1986-01-01,1986-02-01,lag_0,0.0055203293729357,0.00164686881201764,0.003641520688588129,0.0015642692695016908
1986-01-01,1986-02-01,lag_1,0.0095838114477926,0.0006237900335839086,0.003641520688588129,0.0015642692695016908
1986-01-01,1986-02-01,lag_2,0.0035117423940054,0.00023574416489945528,0.003641520688588129,0.0015642692695016908
1986-01-01,1986-02-01,lag_3,-0.0031146676276252,-0.0002747317244744639,0.003641520688588129,0.0015642692695016908
1986-01-01,1986-02-01,lag_4,0.0033778606355214,-0.0002264576939934712,0.003641520688588129,0.0015642692695016908
1986-01-01,1986-02-01,lag_5,0.0030372094955404,8.311457378370918e-06,0.003641520688588129,0.0015642692695016908
1986-01-01,1986-02-01,lag_6,-0.0047430774359953,-5.71046731654592e-05,0.003641520688588129,0.0015642692695016908
1986-01-01,1986-02-01,lag_7,-0.0004852934296026,-3.119592600618662e-06,0.003641520688588129,0.0015642692695016908
1986-01-01,1986-02-01,lag_8,0.0014529341416293,-4.5270810057525444e-05,0.003641520688588129,0.0015642692695016908
1986-01-01,1986-02-01,lag_9,-0.0021786103468643,0.00021828033701524064,0.003641520688588129,0.0015642692695016908
1986-01-01,1986-02-01,lag_10,0.0015102905072197,-2.4447614195834368e-05,0.003641520688588129,0.0015642692695016908
1986-01-01,1986-02-01,lag_11,0.0027473473772294,-0.00010033298762677242,0.003641520688588129,0.0015642692695016908
1986-01-01,1986-02-01,volatility_3m,0.0030934428182466823,7.572171030596738e-05,0.003641520688588129,0.0015642692695016908
1986-02-01,1986-03-01,lag_0,-0.0070438228714575,-0.0033856064579282025,-0.0004508291329226857,0.0015317464452589964
1986-02-01,1986-03-01,lag_1,0.0055203293729357,0.00028549427804634497,-0.0004508291329226857,0.0015317464452589964
1986-02-01,1986-03-01,lag_2,0.0095838114477926,0.0008846707746351449,-0.0004508291329226857,0.0015317464452589964
1986-02-01,1986-03-01,lag_3,0.0035117423940054,0.0001502135149190129,-0.0004508291329226857,0.0015317464452589964
1986-02-01,1986-03-01,lag_4,-0.0031146676276252,0.0005417701333172425,-0.0004508291329226857,0.0015317464452589964
1986-02-01,1986-03-01,lag_5,0.0033778606355214,4.587170770507025e-06,-0.0004508291329226857,0.0015317464452589964
1986-02-01,1986-03-01,lag_6,0.0030372094955404,2.186507434642655e-05,-0.0004508291329226857,0.0015317464452589964
1986-02-01,1986-03-01,lag_7,-0.0047430774359953,-3.1243526373269066e-06,-0.0004508291329226857,0.0015317464452589964
1986-02-01,1986-03-01,lag_8,-0.0004852934296026,-0.00032641034352430195,-0.0004508291329226857,0.0015317464452589964
1986-02-01,1986-03-01,lag_9,0.0014529341416293,1.6223510546223113e-05,-0.0004508291329226857,0.0015317464452589964
1986-02-01,1986-03-01,lag_10,-0.0021786103468643,-0.00018427749829133888,-0.0004508291329226857,0.0015317464452589964
1986-02-01,1986-03-01,lag_11,0.0015102905072197,7.291398375690275e-05,-0.0004508291329226857,0.0015317464452589964
1986-02-01,1986-03-01,volatility_3m,0.008668410381452855,-6.089536613831631e-05,-0.0004508291329226857,0.0015317464452589964
1986-03-01,1986-04-01,lag_0,-0.0071483716635922,-0.0034745743127069127,-0.0021092993564737713,0.0014629033042419248
1986-03-01,1986-04-01,lag_1,-0.0070438228714575,-0.0005518074861737606,-0.0021092993564737713,0.0014629033042419248
1986-03-01,1986-04-01,lag_2,0.0055203293729357,0.0004168833356347597,-0.0021092993564737713,0.0014629033042419248
1986-03-01,1986-04-01,lag_3,0.0095838114477926,0.0005507586610878057,-0.0021092993564737713,0.0014629033042419248
1986-03-01,1986-04-01,lag_4,0.0035117423940054,-0.0002584809832829281,-0.0021092993564737713,0.0014629033042419248
1986-03-01,1986-04-01,lag_5,-0.0031146676276252,-9.116875516476733e-06,-0.0021092993564737713,0.0014629033042419248
1986-03-01,1986-04-01,lag_6,0.0033778606355214,2.287003534195425e-05,-0.0021092993564737713,0.0014629033042419248
1986-03-01,1986-04-01,lag_7,0.0030372094955404,6.514245676713552e-06,-0.0021092993564737713,0.0014629033042419248
1986-03-01,1986-04-01,lag_8,-0.0047430774359953,-0.0008941265190180178,-0.0021092993564737713,0.0014629033042419248
1986-03-01,1986-04-01,lag_9,-0.0004852934296026,0.00012259982081999716,-0.0021092993564737713,0.0014629033042419248
1986-03-01,1986-04-01,lag_10,0.0014529341416293,-1.5722783099737955e-05,-0.0021092993564737713,0.0014629033042419248
1986-03-01,1986-04-01,lag_11,-0.0021786103468643,0.0005637951552962021,-0.0021092993564737713,0.0014629033042419248
1986-03-01,1986-04-01,volatility_3m,0.0072842848885248685,-5.17949547752944e-05,-0.0021092993564737713,0.0014629033042419248
1986-04-01,1986-05-01,lag_0,0.0014326780252771,7.144418512373226e-05,-0.00012115660012198323,0.001453338201325571
1986-04-01,1986-05-01,lag_1,-0.0071483716635922,-0.0005299676450232345,-0.00012115660012198323,0.001453338201325571
1986-04-01,1986-05-01,lag_2,-0.0070438228714575,-0.0008808692237659796,-0.00012115660012198323,0.001453338201325571
1986-04-01,1986-05-01,lag_3,0.0055203293729357,0.000283724549754745,-0.00012115660012198323,0.001453338201325571
1986-04-01,1986-05-01,lag_4,0.0095838114477926,-0.0009585589405035846,-0.00012115660012198323,0.001453338201325571
1986-04-01,1986-05-01,lag_5,0.0035117423940054,-8.669165327821261e-07,-0.00012115660012198323,0.001453338201325571
1986-04-01,1986-05-01,lag_6,-0.0031146676276252,-5.727074705774655e-05,-0.00012115660012198323,0.001453338201325571
1986-04-01,1986-05-01,lag_7,0.0033778606355214,9.616094584265957e-06,-0.00012115660012198323,0.001453338201325571
1986-04-01,1986-05-01,lag_8,0.0030372094955404,0.00020692367764469301,-0.00012115660012198323,0.001453338201325571
1986-04-01,1986-05-01,lag_9,-0.0047430774359953,0.000331414764927292,-0.00012115660012198323,0.001453338201325571
1986-04-01,1986-05-01,lag_10,-0.0004852934296026,-0.00011589495336386034,-0.00012115660012198323,0.001453338201325571
1986-04-01,1986-05-01,lag_11,0.0014529341416293,4.55278230112197e-05,-0.00012115660012198323,0.001453338201325571
1986-04-01,1986-05-01,volatility_3m,0.00492436817715605,2.0282529753686163e-05,-0.00012115660012198323,0.001453338201325571
1986-05-01,1986-06-01,lag_0,0.0014759828720576,9.057798817440391e-05,-0.0002013914541346977,0.0014157471483217492
1986-05-01,1986-06-01,lag_1,0.0014326780252771,1.0716664590700996e-05,-0.0002013914541346977,0.0014157471483217492
1986-05-01,1986-06-01,lag_2,-0.0071483716635922,-0.000870501667479611,-0.0002013914541346977,0.0014157471483217492
1986-05-01,1986-06-01,lag_3,-0.0070438228714575,-0.0005920558748422294,-0.0002013914541346977,0.0014157471483217492
1986-05-01,1986-06-01,lag_4,0.0055203293729357,-0.000472196040900201,-0.0002013914541346977,0.0014157471483217492
1986-05-01,1986-06-01,lag_5,0.0095838114477926,-5.530304678020702e-07,-0.0002013914541346977,0.0014157471483217492
1986-05-01,1986-06-01,lag_6,0.0035117423940054,2.5699543578179632e-05,-0.0002013914541346977,0.0014157471483217492
1986-05-01,1986-06-01,lag_7,-0.0031146676276252,-2.3399210714810174e-05,-0.0002013914541346977,0.0014157471483217492
1986-05-01,1986-06-01,lag_8,0.0033778606355214,0.00026318899994364305,-0.0002013914541346977,0.0014157471483217492
1986-05-01,1986-06-01,lag_9,0.0030372094955404,-7.884498337837614e-05,-0.0002013914541346977,0.0014157471483217492
1986-05-01,1986-06-01,lag_10,-0.0047430774359953,-0.00031817508304035294,-0.0002013914541346977,0.0014157471483217492
1986-05-01,1986-06-01,lag_11,-0.0004852934296026,0.0003279803653695356,-0.0002013914541346977,0.0014157471483217492
1986-05-01,1986-06-01,volatility_3m,0.004966819576435573,2.0423726710473e-05,-0.0002013914541346977,0.0014157471483217492
1986-06-01,1986-07-01,lag_0,-0.0040373394621271,-0.0022521218646728556,-0.0003612641035539697,0.0013370145504692555
1986-06-01,1986-07-01,lag_1,0.0014759828720576,1.0918779377254635e-05,-0.0003612641035539697,0.0013370145504692555
1986-06-01,1986-07-01,lag_2,0.0014326780252771,1.6817880706735342e-05,-0.0003612641035539697,0.0013370145504692555
1986-06-01,1986-07-01,lag_3,-0.0071483716635922,-0.0006472840979029896,-0.0003612641035539697,0.0013370145504692555
1986-06-01,1986-07-01,lag_4,-0.0070438228714575,0.0008498607069446508,-0.0003612641035539697,0.0013370145504692555
1986-06-01,1986-07-01,lag_5,0.0055203293729357,-7.190397909715403e-05,-0.0003612641035539697,0.0013370145504692555
1986-06-01,1986-07-01,lag_6,0.0095838114477926,0.00017023394314152074,-0.0003612641035539697,0.0013370145504692555
1986-06-01,1986-07-01,lag_7,0.0035117423940054,-3.3993097100209287e-05,-0.0003612641035539697,0.0013370145504692555
1986-06-01,1986-07-01,lag_8,-0.0031146676276252,-0.0006376739623531124,-0.0003612641035539697,0.0013370145504692555
1986-06-01,1986-07-01,lag_9,0.0033778606355214,-6.874444692911627e-05,-0.0003612641035539697,0.0013370145504692555
1986-06-01,1986-07-01,lag_10,0.0030372094955404,7.634497447292205e-05,-0.0003612641035539697,0.0013370145504692555
1986-06-01,1986-07-01,lag_11,-0.0047430774359953,0.0008802968711112865,-0.0003612641035539697,0.0013370145504692555
1986-06-01,1986-07-01,volatility_3m,0.0031706910335887943,8.969638277841793e-06,-0.0003612641035539697,0.0013370145504692555
1986-07-01,1986-08-01,lag_0,0.0065123864306064,0.002114770862493292,0.004611577831867687,0.0013736868780667
1986-07-01,1986-08-01,lag_1,-0.0040373394621271,-0.00028601363108700037,0.004611577831867687,0.0013736868780667
1986-07-01,1986-08-01,lag_2,0.0014759828720576,2.1536991285932877e-05,0.004611577831867687,0.0013736868780667
1986-07-01,1986-08-01,lag_3,0.0014326780252771,1.2104207270215083e-05,0.004611577831867687,0.0013736868780667
1986-07-01,1986-08-01,lag_4,-0.0071483716635922,0.000909063299409229,0.004611577831867687,0.0013736868780667
1986-07-01,1986-08-01,lag_5,-0.0070438228714575,0.00011043101416016485,0.004611577831867687,0.0013736868780667
1986-07-01,1986-08-01,lag_6,0.0055203293729357,0.00010313866997051072,0.004611577831867687,0.0013736868780667
1986-07-01,1986-08-01,lag_7,0.0095838114477926,-9.757807133267718e-05,0.004611577831867687,0.0013736868780667
1986-07-01,1986-08-01,lag_8,0.0035117423940054,0.00029554631416628483,0.004611577831867687,0.0013736868780667
1986-07-01,1986-08-01,lag_9,-0.0031146676276252,0.00016128441659445672,0.004611577831867687,0.0013736868780667
1986-07-01,1986-08-01,lag_10,0.0033778606355214,0.00010639263104160896,0.004611577831867687,0.0013736868780667
1986-07-01,1986-08-01,lag_11,0.0030372094955404,-0.00021839116408490695,0.004611577831867687,0.0013736868780667
1986-07-01,1986-08-01,volatility_3m,0.0052766593026426995,5.605413913876769e-06,0.004611577831867687,0.0013736868780667
1986-08-01,1986-09-01,lag_0,-0.0018566171981273,-0.0012236685392654988,0.00019560057358371328,0.001318511506824643
1986-08-01,1986-09-01,lag_1,0.0065123864306064,0.00030677512930168087,0.00019560057358371328,0.001318511506824643
1986-08-01,1986-09-01,lag_2,-0.0040373394621271,-0.0005189607464410581,0.00019560057358371328,0.001318511506824643
1986-08-01,1986-09-01,lag_3,0.0014759828720576,1.5347991219081445e-05,0.00019560057358371328,0.001318511506824643
1986-08-01,1986-09-01,lag_4,0.0014326780252771,-1.7916384860813458e-05,0.00019560057358371328,0.001318511506824643
1986-08-01,1986-09-01,lag_5,-0.0071483716635922,6.909838024532582e-05,0.00019560057358371328,0.001318511506824643
1986-08-01,1986-09-01,lag_6,-0.0070438228714575,-0.00019160904224455679,0.00019560057358371328,0.001318511506824643
1986-08-01,1986-09-01,lag_7,0.0055203293729357,-6.90869745851659e-05,0.00019560057358371328,0.001318511506824643
1986-08-01,1986-09-01,lag_8,0.0095838114477926,0.0010955064464248344,0.00019560057358371328,0.001318511506824643
1986-08-01,1986-09-01,lag_9,0.0035117423940054,-6.566790906787945e-05,0.00019560057358371328,0.001318511506824643
1986-08-01,1986-09-01,lag_10,-0.0031146676276252,-0.00024366312846231997,0.00019560057358371328,0.001318511506824643
1986-08-01,1986-09-01,lag_11,0.0033778606355214,-0.0002776827868081388,0.00019560057358371328,0.001318511506824643
1986-08-01,1986-09-01,volatility_3m,0.0055691484648653705,-1.383368696421029e-06,0.00019560057358371328,0.001318511506824643
1986-09-01,1986-10-01,lag_0,0.0025494743751623,0.0006253572563481264,0.002821808550431157,0.0012520485584723612
1986-09-01,1986-10-01,lag_1,-0.0018566171981273,-0.00019102875390091458,0.002821808550431157,0.0012520485584723612
1986-09-01,1986-10-01,lag_2,0.0065123864306064,0.00048393403207518744,0.002821808550431157,0.0012520485584723612
1986-09-01,1986-10-01,lag_3,-0.0040373394621271,-0.00038075950826126873,0.002821808550431157,0.0012520485584723612
1986-09-01,1986-10-01,lag_4,0.0014759828720576,-2.249274825775158e-05,0.002821808550431157,0.0012520485584723612
1986-09-01,1986-10-01,lag_5,0.0014326780252771,-1.9775778484560735e-06,0.002821808550431157,0.0012520485584723612
1986-09-01,1986-10-01,lag_6,-0.0071483716635922,-0.00017845672622155963,0.002821808550431157,0.0012520485584723612
1986-09-01,1986-10-01,lag_7,-0.0070438228714575,0.0001353243014250763,0.002821808550431157,0.0012520485584723612
1986-09-01,1986-10-01,lag_8,0.0055203293729357,0.0005546356620448042,0.002821808550431157,0.0012520485584723612
1986-09-01,1986-10-01,lag_9,0.0095838114477926,-0.00023689003956044654,0.002821808550431157,0.0012520485584723612
1986-09-01,1986-10-01,lag_10,0.0035117423940054,0.00011281157123049093,0.002821808550431157,0.0012520485584723612
1986-09-01,1986-10-01,lag_11,-0.0031146676276252,0.0006537941780367472,0.002821808550431157,0.0012520485584723612
1986-09-01,1986-10-01,volatility_3m,0.004186457067122422,1.550834484876047e-05,0.002821808550431157,0.0012520485584723612
1986-10-01,1986-11-01,lag_0,0.0042533405515881,0.001313431118039659,0.0022644647927080445,0.0012180792800192697
1986-10-01,1986-11-01,lag_1,0.0025494743751623,9.593771260209127e-05,0.0022644647927080445,0.0012180792800192697
1986-10-01,1986-11-01,lag_2,-0.0018566171981273,-0.0002895877861404285,0.0022644647927080445,0.0012180792800192697
1986-10-01,1986-11-01,lag_3,0.0065123864306064,0.0003580565844579194,0.0022644647927080445,0.0012180792800192697
1986-10-01,1986-11-01,lag_4,-0.0040373394621271,0.0005487375451798958,0.0022644647927080445,0.0012180792800192697
1986-10-01,1986-11-01,lag_5,0.0014759828720576,-2.5712234528247085e-06,0.0022644647927080445,0.0012180792800192697
1986-10-01,1986-11-01,lag_6,0.0014326780252771,3.4850880089752013e-06,0.0022644647927080445,0.0012180792800192697
1986-10-01,1986-11-01,lag_7,-0.0071483716635922,0.00014785543519535795,0.0022644647927080445,0.0012180792800192697
1986-10-01,1986-11-01,lag_8,-0.0070438228714575,-0.0011556267375931746,0.0022644647927080445,0.0012180792800192697
1986-10-01,1986-11-01,lag_9,0.0055203293729357,-0.00011188343252064568,0.0022644647927080445,0.0012180792800192697
1986-10-01,1986-11-01,lag_10,0.0095838114477926,0.0004301901418247591,0.0022644647927080445,0.0012180792800192697
1986-10-01,1986-11-01,lag_11,0.0035117423940054,-0.00032145051040959375,0.0022644647927080445,0.0012180792800192697
1986-10-01,1986-11-01,volatility_3m,0.0031529982186983226,2.981157749678428e-05,0.0022644647927080445,0.0012180792800192697
1986-11-01,1986-12-01,lag_0,0.0039986071649558,0.001222604939168692,0.00023720402742593845,0.0011877278440066516
1986-11-01,1986-12-01,lag_1,0.0042533405515881,0.00020146551487461412,0.00023720402742593845,0.0011877278440066516
1986-11-01,1986-12-01,lag_2,0.0025494743751623,0.00014618119255344712,0.00023720402742593845,0.0011877278440066516
1986-11-01,1986-12-01,lag_3,-0.0018566171981273,-0.00021532972207690632,0.00023720402742593845,0.0011877278440066516
1986-11-01,1986-12-01,lag_4,0.0065123864306064,-0.0005271405152412421,0.00023720402742593845,0.0011877278440066516
1986-11-01,1986-12-01,lag_5,-0.0040373394621271,6.05261049036565e-05,0.00023720402742593845,0.0011877278440066516
1986-11-01,1986-12-01,lag_6,0.0014759828720576,4.6082435616405095e-06,0.00023720402742593845,0.0011877278440066516
1986-11-01,1986-12-01,lag_7,0.0014326780252771,-3.387284764157331e-06,0.00023720402742593845,0.0011877278440066516
1986-11-01,1986-12-01,lag_8,-0.0071483716635922,-0.0011452837875048766,0.00023720402742593845,0.0011877278440066516
1986-11-01,1986-12-01,lag_9,-0.0070438228714575,0.00022424242310029288,0.00023720402742593845,0.0011877278440066516
1986-11-01,1986-12-01,lag_10,0.0055203293729357,0.00022162305561536895,0.00023720402742593845,0.0011877278440066516
1986-11-01,1986-12-01,lag_11,0.0095838114477926,-0.0012054276266477378,0.00023720402742593845,0.0011877278440066516
1986-11-01,1986-12-01,volatility_3m,0.0009190606515973914,6.479364587649468e-05,0.00023720402742593845,0.0011877278440066516
1986-12-01,1987-01-01,lag_0,0.0094395391395245,0.0034001625182994892,0.00467426437118223,0.0012473783015531713
1986-12-01,1987-01-01,lag_1,0.0039986071649558,0.00019086496881462082,0.00467426437118223,0.0012473783015531713
1986-12-01,1987-01-01,lag_2,0.0042533405515881,0.0003053771337760932,0.00467426437118223,0.0012473783015531713
1986-12-01,1987-01-01,lag_3,0.0025494743751623,9.872030027163605e-05,0.00467426437118223,0.0012473783015531713
1986-12-01,1987-01-01,lag_4,-0.0018566171981273,0.00029602608560374833,0.00467426437118223,0.0012473783015531713
1986-12-01,1987-01-01,lag_5,0.0065123864306064,-7.587795692605626e-05,0.00467426437118223,0.0012473783015531713
1986-12-01,1987-01-01,lag_6,-0.0040373394621271,-0.00011947255952476766,0.00467426437118223,0.0012473783015531713
1986-12-01,1987-01-01,lag_7,0.0014759828720576,-3.3300295689755744e-06,0.00467426437118223,0.0012473783015531713
1986-12-01,1987-01-01,lag_8,0.0014326780252771,2.193107955681395e-05,0.00467426437118223,0.0012473783015531713
1986-12-01,1987-01-01,lag_9,-0.0071483716635922,0.00028931093004472394,0.00467426437118223,0.0012473783015531713
1986-12-01,1987-01-01,lag_10,-0.0070438228714575,-0.00047541547922741077,0.00467426437118223,0.0012473783015531713
1986-12-01,1987-01-01,lag_11,0.0055203293729357,-0.0005722592721259691,0.00467426437118223,0.0012473783015531713
1986-12-01,1987-01-01,volatility_3m,0.00307043117611796,7.084835063511237e-05,0.00467426437118223,0.0012473783015531713
1987-01-01,1987-02-01,lag_0,-0.0034937346824053,-0.0017783145078827144,0.001372062930714338,0.0012382548513223185
1987-01-01,1987-02-01,lag_1,0.0094395391395245,0.0005455631534641411,0.001372062930714338,0.0012382548513223185
1987-01-01,1987-02-01,lag_2,0.0039986071649558,0.0002814581933440836,0.001372062930714338,0.0012382548513223185
1987-01-01,1987-02-01,lag_3,0.0042533405515881,0.0002081541723031525,0.001372062930714338,0.0012382548513223185
1987-01-01,1987-02-01,lag_4,0.0025494743751623,-0.0001426960341639482,0.001372062930714338,0.0012382548513223185
1987-01-01,1987-02-01,lag_5,-0.0018566171981273,6.939102698877803e-05,0.001372062930714338,0.0012382548513223185
1987-01-01,1987-02-01,lag_6,0.0065123864306064,0.00014654378372622388,0.001372062930714338,0.0012382548513223185
1987-01-01,1987-02-01,lag_7,-0.0040373394621271,9.9429613362209e-05,0.001372062930714338,0.0012382548513223185
1987-01-01,1987-02-01,lag_8,0.0014759828720576,2.7826895631834157e-05,0.001372062930714338,0.0012382548513223185
1987-01-01,1987-02-01,lag_9,0.0014326780252771,-4.621228473417291e-06,0.001372062930714338,0.0012382548513223185
1987-01-01,1987-02-01,lag_10,-0.0071483716635922,-0.0005463396574547656,0.001372062930714338,0.0012382548513223185
1987-01-01,1987-02-01,lag_11,-0.0070438228714575,0.0012547378341305477,0.001372062930714338,0.0012382548513223185
1987-01-01,1987-02-01,volatility_3m,0.00649369564606854,-2.7325165584104767e-05,0.001372062930714338,0.0012382548513223185
1987-02-01,1987-03-01,lag_0,0.0130949117680598,0.00460303073808603,0.006510756064373621,0.001308828437572691
1987-02-01,1987-03-01,lag_1,-0.0034937346824053,-0.0003482150153839277,0.006510756064373621,0.001308828437572691
1987-02-01,1987-03-01,lag_2,0.0094395391395245,0.0007708232845247546,0.006510756064373621,0.001308828437572691
1987-02-01,1987-03-01,lag_3,0.0039986071649558,0.00020159399607282198,0.006510756064373621,0.001308828437572691
1987-02-01,1987-03-01,lag_4,0.0042533405515881,-0.0002957158476377469,0.006510756064373621,0.001308828437572691
1987-02-01,1987-03-01,lag_5,0.0025494743751623,-4.663823319991431e-05,0.006510756064373621,0.001308828437572691
1987-02-01,1987-03-01,lag_6,-0.0018566171981273,-0.00010561450122814017,0.006510756064373621,0.001308828437572691
1987-02-01,1987-03-01,lag_7,0.0065123864306064,-0.00011852088469911801,0.006510756064373621,0.001308828437572691
1987-02-01,1987-03-01,lag_8,-0.0040373394621271,-0.0007015017231713199,0.006510756064373621,0.001308828437572691
1987-02-01,1987-03-01,lag_9,0.0014759828720576,-5.046086038194901e-06,0.006510756064373621,0.001308828437572691
1987-02-01,1987-03-01,lag_10,0.0014326780252771,1.017876523467926e-05,0.006510756064373621,0.001308828437572691
1987-02-01,1987-03-01,lag_11,-0.0071483716635922,0.0012965706844296635,0.006510756064373621,0.001308828437572691
1987-02-01,1987-03-01,volatility_3m,0.008716024627709089,-5.901755018865704e-05,0.006510756064373621,0.001308828437572691
1987-03-01,1987-04-01,lag_0,0.0014471947964986,0.00015339653898560827,0.0031769525081016036,0.0013019060490012915
1987-03-01,1987-04-01,lag_1,0.0130949117680598,0.0010406036879868998,0.0031769525081016036,0.0013019060490012915
1987-03-01,1987-04-01,lag_2,-0.0034937346824053,-0.0003812201026641819,0.0031769525081016036,0.0013019060490012915
1987-03-01,1987-04-01,lag_3,0.0094395391395245,0.0005681197836800667,0.0031769525081016036,0.0013019060490012915
1987-03-01,1987-04-01,lag_4,0.0039986071649558,-0.0002772987154118182,0.0031769525081016036,0.0013019060490012915
1987-03-01,1987-04-01,lag_5,0.0042533405515881,-0.00010457266655974523,0.0031769525081016036,0.0013019060490012915
1987-03-01,1987-04-01,lag_6,0.0025494743751623,6.236056362831684e-05,0.0031769525081016036,0.0013019060490012915
1987-03-01,1987-04-01,lag_7,-0.0018566171981273,8.421086129262097e-05,0.0031769525081016036,0.0013019060490012915
1987-03-01,1987-04-01,lag_8,0.0065123864306064,0.0006868469708490746,0.0031769525081016036,0.0013019060490012915
1987-03-01,1987-04-01,lag_9,-0.0040373394621271,0.00012260239002832052,0.0031769525081016036,0.0013019060490012915
1987-03-01,1987-04-01,lag_10,0.0014759828720576,1.2247694340690131e-05,0.0031769525081016036,0.0013019060490012915
1987-03-01,1987-04-01,lag_11,0.0014326780252771,-2.5738151658726853e-05,0.0031769525081016036,0.0013019060490012915
1987-03-01,1987-04-01,volatility_3m,0.008517289140562124,-6.651239539681345e-05,0.0031769525081016036,0.0013019060490012915
1987-04-01,1987-05-01,lag_0,0.0063111142311358,0.0019697454989038134,0.00228492826949141,0.001295871749272369
1987-04-01,1987-05-01,lag_1,0.0014471947964986,3.788039488121147e-05,0.00228492826949141,0.001295871749272369
1987-04-01,1987-05-01,lag_2,0.0130949117680598,0.0009629745489120306,0.00228492826949141,0.001295871749272369
1987-04-01,1987-05-01,lag_3,-0.0034937346824053,-0.00032187110944486473,0.00228492826949141,0.001295871749272369
1987-04-01,1987-05-01,lag_4,0.0094395391395245,-0.0007698316026268927,0.00228492826949141,0.001295871749272369
1987-04-01,1987-05-01,lag_5,0.0039986071649558,-9.643911589536293e-05,0.00228492826949141,0.001295871749272369
1987-04-01,1987-05-01,lag_6,0.0042533405515881,0.00013421828684842942,0.00228492826949141,0.001295871749272369
1987-04-01,1987-05-01,lag_7,0.0025494743751623,-4.749631227794148e-05,0.00228492826949141,0.001295871749272369
1987-04-01,1987-05-01,lag_8,-0.0018566171981273,-0.0004127924531829117,0.00228492826949141,0.001295871749272369
1987-04-01,1987-05-01,lag_9,0.0065123864306064,-0.00012668838423601515,0.00228492826949141,0.001295871749272369
1987-04-01,1987-05-01,lag_10,-0.0040373394621271,-0.0003029530762699741,0.00228492826949141,0.001295871749272369
1987-04-01,1987-05-01,lag_11,0.0014759828720576,-3.2457681231709746e-05,0.00228492826949141,0.001295871749272369
1987-04-01,1987-05-01,volatility_3m,0.005850169968160646,-5.232474160771776e-06,0.00228492826949141,0.001295871749272369
1987-05-01,1987-06-01,lag_0,0.0063027667626691,0.001971200927765394,0.0060489613776159926,0.0012537209952759617
1987-05-01,1987-06-01,lag_1,0.0063111142311358,0.0004751550439715706,0.0060489613776159926,0.0012537209952759617
1987-05-01,1987-06-01,lag_2,0.0014471947964986,3.5241702401617545e-05,0.0060489613776159926,0.0012537209952759617
1987-05-01,1987-06-01,lag_3,0.0130949117680598,0.000800639919885586,0.0060489613776159926,0.0012537209952759617
1987-05-01,1987-06-01,lag_4,-0.0034937346824053,0.00039453740684902656,0.0060489613776159926,0.0012537209952759617
1987-05-01,1987-06-01,lag_5,0.0094395391395245,-0.00027346493906684643,0.0060489613776159926,0.0012537209952759617
1987-05-01,1987-06-01,lag_6,0.0039986071649558,0.00012531640984473158,0.0060489613776159926,0.0012537209952759617
1987-05-01,1987-06-01,lag_7,0.0042533405515881,-9.617526299777763e-05,0.0060489613776159926,0.0012537209952759617
1987-05-01,1987-06-01,lag_8,0.0025494743751623,0.00020716312753603144,0.0060489613776159926,0.0012537209952759617
1987-05-01,1987-06-01,lag_9,-0.0018566171981273,6.495514412063474e-05,0.0060489613776159926,0.0012537209952759617
1987-05-01,1987-06-01,lag_10,0.0065123864306064,0.0002668324587440121,0.0060489613776159926,0.0012537209952759617
1987-05-01,1987-06-01,lag_11,-0.0040373394621271,0.0007912223962380161,0.0060489613776159926,0.0012537209952759617
1987-05-01,1987-06-01,volatility_3m,0.0028057785926409126,3.261604704803347e-05,0.0060489613776159926,0.0012537209952759617
1987-06-01,1987-07-01,lag_0,0.0051660293028339,0.0016611091229444752,0.0034400367454671416,0.0010009416125299287
1987-06-01,1987-07-01,lag_1,0.0063027667626691,0.00038867414644526286,0.0034400367454671416,0.0010009416125299287
1987-06-01,1987-07-01,lag_2,0.0063111142311358,0.00036299137985698057,0.0034400367454671416,0.0010009416125299287
1987-06-01,1987-07-01,lag_3,0.0014471947964986,2.9922932002929618e-05,0.0034400367454671416,0.0010009416125299287
1987-06-01,1987-07-01,lag_4,0.0130949117680598,-0.00037571872383580253,0.0034400367454671416,0.0010009416125299287
1987-06-01,1987-07-01,lag_5,-0.0034937346824053,0.0002500350350406651,0.0034400367454671416,0.0010009416125299287
1987-06-01,1987-07-01,lag_6,0.0094395391395245,0.0005713514051731023,0.0034400367454671416,0.0010009416125299287
1987-06-01,1987-07-01,lag_7,0.0039986071649558,-0.0002411456877389555,0.0034400367454671416,0.0010009416125299287
1987-06-01,1987-07-01,lag_8,0.0042533405515881,0.0005327871164356369,0.0034400367454671416,0.0010009416125299287
1987-06-01,1987-07-01,lag_9,0.0025494743751623,1.5779988010825273e-05,0.0034400367454671416,0.0010009416125299287
1987-06-01,1987-07-01,lag_10,-0.0018566171981273,-0.00017222388191706774,0.0034400367454671416,0.0010009416125299287
1987-06-01,1987-07-01,lag_11,0.0065123864306064,-0.000536720364420225,0.0034400367454671416,0.0010009416125299287
1987-06-01,1987-07-01,volatility_3m,0.0007168055882143395,-4.7747335060614794e-05,0.0034400367454671416,0.0010009416125299287
1987-07-01,1987-08-01,lag_0,0.0067970654739664,0.0022864407546791137,0.003265108957054984,0.0009670728980571799
1987-07-01,1987-08-01,lag_1,0.0051660293028339,0.0003756154265235511,0.003265108957054984,0.0009670728980571799
1987-07-01,1987-08-01,lag_2,0.0063027667626691,0.00025611912988766103,0.003265108957054984,0.0009670728980571799
1987-07-01,1987-08-01,lag_3,0.0063111142311358,0.00036454267496201145,0.003265108957054984,0.0009670728980571799
1987-07-01,1987-08-01,lag_4,0.0014471947964986,-1.0543040915320042e-05,0.003265108957054984,0.0009670728980571799
1987-07-01,1987-08-01,lag_5,0.0130949117680598,-0.0006386335288433564,0.003265108957054984,0.0009670728980571799
1987-07-01,1987-08-01,lag_6,-0.0034937346824053,-0.0003406924825600238,0.003265108957054984,0.0009670728980571799
1987-07-01,1987-08-01,lag_7,0.0094395391395245,-0.0006550042837106824,0.003265108957054984,0.0009670728980571799
1987-07-01,1987-08-01,lag_8,0.0039986071649558,0.00044830644937364456,0.003265108957054984,0.0009670728980571799
1987-07-01,1987-08-01,lag_9,0.0042533405515881,8.012216991023066e-05,0.003265108957054984,0.0009670728980571799
1987-07-01,1987-08-01,lag_10,0.0025494743751623,6.721526081966266e-05,0.003265108957054984,0.0009670728980571799
1987-07-01,1987-08-01,lag_11,-0.0018566171981273,0.00023303940820733901,0.003265108957054984,0.0009670728980571799
1987-07-01,1987-08-01,volatility_3m,0.0008363394705625739,-0.00016849187933602774,0.003265108957054984,0.0009670728980571799
1987-08-01,1987-09-01,lag_0,0.0074780815378376,0.002611350198229896,0.007206862252512537,0.0011111594449075073
1987-08-01,1987-09-01,lag_1,0.0067970654739664,0.0003916764905267376,0.007206862252512537,0.0011111594449075073
1987-08-01,1987-09-01,lag_2,0.0051660293028339,0.00030082322453398334,0.007206862252512537,0.0011111594449075073
1987-08-01,1987-09-01,lag_3,0.0063027667626691,0.00037329968305719116,0.007206862252512537,0.0011111594449075073
1987-08-01,1987-09-01,lag_4,0.0063111142311358,-0.0001413958140430172,0.007206862252512537,0.0011111594449075073
1987-08-01,1987-09-01,lag_5,0.0014471947964986,-2.6779448255237567e-05,0.007206862252512537,0.0011111594449075073
1987-08-01,1987-09-01,lag_6,0.0130949117680598,0.0007614546178623455,0.007206862252512537,0.0011111594449075073
1987-08-01,1987-09-01,lag_7,-0.0034937346824053,0.0003595858034349431,0.007206862252512537,0.0011111594449075073
1987-08-01,1987-09-01,lag_8,0.0094395391395245,0.001401355955182878,0.007206862252512537,0.0011111594449075073
1987-08-01,1987-09-01,lag_9,0.0039986071649558,2.8030692316676702e-05,0.007206862252512537,0.0011111594449075073
1987-08-01,1987-09-01,lag_10,0.0042533405515881,0.00019877168240525149,0.007206862252512537,0.0011111594449075073
1987-08-01,1987-09-01,lag_11,0.0025494743751623,-0.00017673041432175057,0.007206862252512537,0.0011111594449075073
1987-08-01,1987-09-01,volatility_3m,0.0011881110644056522,1.4260136675133043e-05,0.007206862252512537,0.0011111594449075073
1987-09-01,1987-10-01,lag_0,0.0039317740129067,0.0010649996606639112,0.001155612087050659,0.001202068360030944
1987-09-01,1987-10-01,lag_1,0.0074780815378376,0.0004240025487896657,0.001155612087050659,0.001202068360030944
1987-09-01,1987-10-01,lag_2,0.0067970654739664,0.0004342200397225763,0.001155612087050659,0.001202068360030944
1987-09-01,1987-10-01,lag_3,0.0051660293028339,0.0002900371024403272,0.001155612087050659,0.001202068360030944
1987-09-01,1987-10-01,lag_4,0.0063027667626691,-0.0001510236706732437,0.001155612087050659,0.001202068360030944
1987-09-01,1987-10-01,lag_5,0.0063111142311358,-0.00032966808261040466,0.001155612087050659,0.001202068360030944
1987-09-01,1987-10-01,lag_6,0.0014471947964986,2.5623158721838083e-05,0.001155612087050659,0.001202068360030944
1987-09-01,1987-10-01,lag_7,0.0130949117680598,-0.0009623503788763942,0.001155612087050659,0.001202068360030944
1987-09-01,1987-10-01,lag_8,-0.0034937346824053,-0.0007462171517505604,0.001155612087050659,0.001202068360030944
1987-09-01,1987-10-01,lag_9,0.0094395391395245,9.77471980919281e-05,0.001155612087050659,0.001202068360030944
1987-09-01,1987-10-01,lag_10,0.0039986071649558,0.00017830715133033783,0.001155612087050659,0.001202068360030944
1987-09-01,1987-10-01,lag_11,0.0042533405515881,-0.00038708395574749024,0.001155612087050659,0.001202068360030944
1987-09-01,1987-10-01,volatility_3m,0.0018819305290690984,1.4950106917223785e-05,0.001155612087050659,0.001202068360030944
1987-10-01,1987-11-01,lag_0,0.0132334951092074,0.004842741218161984,0.008714508908464692,0.0011926131510609087
1987-10-01,1987-11-01,lag_1,0.0039317740129067,0.0002215396089836385,0.008714508908464692,0.0011926131510609087
1987-10-01,1987-11-01,lag_2,0.0074780815378376,0.0003279088523133439,0.008714508908464692,0.0011926131510609087
1987-10-01,1987-11-01,lag_3,0.0067970654739664,0.0003713567570275171,0.008714508908464692,0.0011926131510609087
1987-10-01,1987-11-01,lag_4,0.0051660293028339,-8.379837949908869e-05,0.008714508908464692,0.0011926131510609087
1987-10-01,1987-11-01,lag_5,0.0063027667626691,-0.0002949334747157365,0.008714508908464692,0.0011926131510609087
1987-10-01,1987-11-01,lag_6,0.0063111142311358,0.00038031629073549894,0.008714508908464692,0.0011926131510609087
1987-10-01,1987-11-01,lag_7,0.0014471947964986,-2.8751378836042987e-05,0.008714508908464692,0.0011926131510609087
1987-10-01,1987-11-01,lag_8,0.0130949117680598,0.0017266212136079148,0.008714508908464692,0.0011926131510609087
1987-10-01,1987-11-01,lag_9,-0.0034937346824053,-9.685642951734218e-05,0.008714508908464692,0.0011926131510609087
1987-10-01,1987-11-01,lag_10,0.0094395391395245,0.0004502273072133671,0.008714508908464692,0.0011926131510609087
1987-10-01,1987-11-01,lag_11,0.0039986071649558,-0.0002939399589201317,0.008714508908464692,0.0011926131510609087
1987-10-01,1987-11-01,volatility_3m,0.00469437780386025,-5.358691511411189e-07,0.008714508908464692,0.0011926131510609087
1987-11-01,1987-12-01,lag_0,0.0048659460435285,0.0012842579484072375,0.0035239982108739975,0.0011804905706772756
1987-11-01,1987-12-01,lag_1,0.0132334951092074,0.0011111223403164582,0.0035239982108739975,0.0011804905706772756
1987-11-01,1987-12-01,lag_2,0.0039317740129067,0.00012371516143056717,0.0035239982108739975,0.0011804905706772756
1987-11-01,1987-12-01,lag_3,0.0074780815378376,0.0004519534133768865,0.0035239982108739975,0.0011804905706772756
1987-11-01,1987-12-01,lag_4,0.0067970654739664,-7.651803629846002e-05,0.0035239982108739975,0.0011804905706772756
1987-11-01,1987-12-01,lag_5,0.0051660293028339,-0.0001581521325712156,0.0035239982108739975,0.0011804905706772756
1987-11-01,1987-12-01,lag_6,0.0063027667626691,0.0003667941720756315,0.0035239982108739975,0.0011804905706772756
1987-11-01,1987-12-01,lag_7,0.0063111142311358,-0.000317311057863333,0.0035239982108739975,0.0011804905706772756
1987-11-01,1987-12-01,lag_8,0.0014471947964986,4.8134905143949976e-05,0.0035239982108739975,0.0011804905706772756
1987-11-01,1987-12-01,lag_9,0.0130949117680598,0.00048812587046265026,0.0035239982108739975,0.0011804905706772756
1987-11-01,1987-12-01,lag_10,-0.0034937346824053,-0.00012383507608562658,0.0035239982108739975,0.0011804905706772756
1987-11-01,1987-12-01,lag_11,0.0094395391395245,-0.0008544769538294135,0.0035239982108739975,0.0011804905706772756
1987-11-01,1987-12-01,volatility_3m,0.0051220205990524445,-3.0291436861080633e-07,0.0035239982108739975,0.0011804905706772756
1987-12-01,1988-01-01,lag_0,0.005592546578943,0.0015344597909990796,0.004688744591645356,0.0012071998507359495
1987-12-01,1988-01-01,lag_1,0.0048659460435285,0.000362263207151332,0.004688744591645356,0.0012071998507359495
1987-12-01,1988-01-01,lag_2,0.0132334951092074,0.00037093752896990873,0.004688744591645356,0.0012071998507359495
1987-12-01,1988-01-01,lag_3,0.0039317740129067,0.00020089492394228297,0.004688744591645356,0.0012071998507359495
1987-12-01,1988-01-01,lag_4,0.0074780815378376,-6.439390392650573e-05,0.004688744591645356,0.0012071998507359495
1987-12-01,1988-01-01,lag_5,0.0067970654739664,-0.00022167810717346222,0.004688744591645356,0.0012071998507359495
1987-12-01,1988-01-01,lag_6,0.0051660293028339,0.00029428422073896673,0.004688744591645356,0.0012071998507359495
1987-12-01,1988-01-01,lag_7,0.0063027667626691,-0.0003180544398349413,0.004688744591645356,0.0012071998507359495
1987-12-01,1988-01-01,lag_8,0.0063111142311358,0.0005848192013792595,0.004688744591645356,0.0012071998507359495
1987-12-01,1988-01-01,lag_9,0.0014471947964986,1.8262538005991007e-05,0.004688744591645356,0.0012071998507359495
1987-12-01,1988-01-01,lag_10,0.0130949117680598,0.0003009908551395296,0.004688744591645356,0.0012071998507359495
1987-12-01,1988-01-01,lag_11,-0.0034937346824053,0.0004329250404317346,0.004688744591645356,0.0012071998507359495
1987-12-01,1988-01-01,volatility_3m,0.0046355136383281585,-1.416611491376897e-05,0.004688744591645356,0.0012071998507359495
1988-01-01,1988-02-01,lag_0,-0.0001970082890574,-0.0006550226300600955,0.0016121247314593353,0.0012426007296749953
1988-01-01,1988-02-01,lag_1,0.005592546578943,0.0004194872009543107,0.0016121247314593353,0.0012426007296749953
1988-01-01,1988-02-01,lag_2,0.0048659460435285,0.00012005714192460643,0.0016121247314593353,0.0012426007296749953
1988-01-01,1988-02-01,lag_3,0.0132334951092074,0.0009295743073600752,0.0016121247314593353,0.0012426007296749953
1988-01-01,1988-02-01,lag_4,0.0039317740129067,-3.37498248028493e-05,0.0016121247314593353,0.0012426007296749953
1988-01-01,1988-02-01,lag_5,0.0074780815378376,-0.00018890970530503252,0.0016121247314593353,0.0012426007296749953
1988-01-01,1988-02-01,lag_6,0.0067970654739664,0.0004023458973652589,0.0016121247314593353,0.0012426007296749953
1988-01-01,1988-02-01,lag_7,0.0051660293028339,-0.00022489100673947333,0.0016121247314593353,0.0012426007296749953
1988-01-01,1988-02-01,lag_8,0.0063027667626691,0.0005476482313383642,0.0016121247314593353,0.0012426007296749953
1988-01-01,1988-02-01,lag_9,0.0063111142311358,0.00024702543947822665,0.0016121247314593353,0.0012426007296749953
1988-01-01,1988-02-01,lag_10,0.0014471947964986,6.768733798398607e-06,0.0016121247314593353,0.0012426007296749953
1988-01-01,1988-02-01,lag_11,0.0130949117680598,-0.0011044577477153444,0.0016121247314593353,0.0012426007296749953
1988-01-01,1988-02-01,volatility_3m,0.0031538442278564874,-9.635203581210536e-05,0.0016121247314593353,0.0012426007296749953
1988-02-01,1988-03-01,lag_0,0.0049992713406421,0.0012436740321755072,0.003242943558863535,0.0012859696424109765
1988-02-01,1988-03-01,lag_1,-0.0001970082890574,-0.00018184134903709797,0.003242943558863535,0.0012859696424109765
1988-02-01,1988-03-01,lag_2,0.005592546578943,0.00014279231959622385,0.003242943558863535,0.0012859696424109765
1988-02-01,1988-03-01,lag_3,0.0048659460435285,0.00026013408076379666,0.003242943558863535,0.0012859696424109765
1988-02-01,1988-03-01,lag_4,0.0132334951092074,-0.00020254422234107034,0.003242943558863535,0.0012859696424109765
1988-02-01,1988-03-01,lag_5,0.0039317740129067,-6.659397359409197e-05,0.003242943558863535,0.0012859696424109765
1988-02-01,1988-03-01,lag_6,0.0074780815378376,0.0004616495318297554,0.003242943558863535,0.0012859696424109765
1988-02-01,1988-03-01,lag_7,0.0067970654739664,-0.00030029141284405235,0.003242943558863535,0.0012859696424109765
1988-02-01,1988-03-01,lag_8,0.0051660293028339,0.0004132641252121752,0.003242943558863535,0.0012859696424109765
1988-02-01,1988-03-01,lag_9,0.0063027667626691,0.0002199784341884709,0.003242943558863535,0.0012859696424109765
1988-02-01,1988-03-01,lag_10,0.0063111142311358,0.00010145915071301011,0.003242943558863535,0.0012859696424109765
1988-02-01,1988-03-01,lag_11,0.0014471947964986,-3.406847053412009e-05,0.003242943558863535,0.0012859696424109765
1988-02-01,1988-03-01,volatility_3m,0.003185180347274915,-0.00010063832967594772,0.003242943558863535,0.0012859696424109765
1988-03-01,1988-04-01,lag_0,0.0024648224249466,0.000317791049183483,0.001885163527548312,0.0012620885004670742
1988-03-01,1988-04-01,lag_1,0.0049992713406421,0.00035062409199856486,0.001885163527548312,0.0012620885004670742
1988-03-01,1988-04-01,lag_2,-0.0001970082890574,-5.9409143783065166e-05,0.001885163527548312,0.0012620885004670742
1988-03-01,1988-04-01,lag_3,0.005592546578943,0.00033090371461200034,0.001885163527548312,0.0012620885004670742
1988-03-01,1988-04-01,lag_4,0.0048659460435285,-4.413358756331534e-05,0.001885163527548312,0.0012620885004670742
1988-03-01,1988-04-01,lag_5,0.0132334951092074,-0.00032678481575171877,0.001885163527548312,0.0012620885004670742
1988-03-01,1988-04-01,lag_6,0.0039317740129067,0.00018233719494052165,0.001885163527548312,0.0012620885004670742
1988-03-01,1988-04-01,lag_7,0.0074780815378376,-0.00035336669759944347,0.001885163527548312,0.0012620885004670742
1988-03-01,1988-04-01,lag_8,0.0067970654739664,0.0005840704152639663,0.001885163527548312,0.0012620885004670742
1988-03-01,1988-04-01,lag_9,0.0051660293028339,0.00018937226866070963,0.001885163527548312,0.0012620885004670742
1988-03-01,1988-04-01,lag_10,0.0063027667626691,8.201137803711862e-05,0.001885163527548312,0.0012620885004670742
1988-03-01,1988-04-01,lag_11,0.0063111142311358,-0.0005153364879872533,0.001885163527548312,0.0012620885004670742
1988-03-01,1988-04-01,volatility_3m,0.0025984000220108244,-0.00011500435293033079,0.001885163527548312,0.0012620885004670742
1988-04-01,1988-05-01,lag_0,0.0057843790126419,0.0015217233574810762,0.0037999623523418064,0.0012843487879763784
1988-04-01,1988-05-01,lag_1,0.0024648224249466,9.266302526739358e-05,0.0037999623523418064,0.0012843487879763784
1988-04-01,1988-05-01,lag_2,0.0049992713406421,8.748074544164439e-05,0.0037999623523418064,0.0012843487879763784
1988-04-01,1988-05-01,lag_3,-0.0001970082890574,-0.00014124590434478707,0.0037999623523418064,0.0012843487879763784
1988-04-01,1988-05-01,lag_4,0.005592546578943,-6.77214417463436e-05,0.0037999623523418064,0.0012843487879763784
1988-04-01,1988-05-01,lag_5,0.0048659460435285,-7.144361757430105e-05,0.0037999623523418064,0.0012843487879763784
1988-04-01,1988-05-01,lag_6,0.0132334951092074,0.0008809614035449116,0.0037999623523418064,0.0012843487879763784
1988-04-01,1988-05-01,lag_7,0.0039317740129067,-0.0001336542628489977,0.0037999623523418064,0.0012843487879763784
1988-04-01,1988-05-01,lag_8,0.0074780815378376,0.0006324382146238748,0.0037999623523418064,0.0012843487879763784
1988-04-01,1988-05-01,lag_9,0.0067970654739664,0.00023662566921743675,0.0037999623523418064,0.0012843487879763784
1988-04-01,1988-05-01,lag_10,0.0051660293028339,7.720769807010371e-05,0.0037999623523418064,0.0012843487879763784
1988-04-01,1988-05-01,lag_11,0.0063027667626691,-0.00047939728860062506,0.0037999623523418064,0.0012843487879763784
1988-04-01,1988-05-01,volatility_3m,0.001734900636050679,-0.00012002403416595865,0.0037999623523418064,0.0012843487879763784
1988-05-01,1988-06-01,lag_0,-0.0020182730831876,-0.0013109943154939437,0.00042335958424966394,0.0013112810949777536
1988-05-01,1988-06-01,lag_1,0.0057843790126419,0.00043686284283974146,0.00042335958424966394,0.0013112810949777536
1988-05-01,1988-06-01,lag_2,0.0024648224249466,2.8986071090642362e-05,0.00042335958424966394,0.0013112810949777536
1988-05-01,1988-06-01,lag_3,0.0049992713406421,0.00027968096692678406,0.00042335958424966394,0.0013112810949777536
1988-05-01,1988-06-01,lag_4,-0.0001970082890574,1.9000955492908283e-05,0.00042335958424966394,0.0013112810949777536
1988-05-01,1988-06-01,lag_5,0.005592546578943,-0.00011267652045632537,0.00042335958424966394,0.0013112810949777536
1988-05-01,1988-06-01,lag_6,0.0048659460435285,0.0002362184609555816,0.00042335958424966394,0.0013112810949777536
1988-05-01,1988-06-01,lag_7,0.0132334951092074,-0.0006420312555054675,0.00042335958424966394,0.0013112810949777536
1988-05-01,1988-06-01,lag_8,0.0039317740129067,0.0002562448403709059,0.00042335958424966394,0.0013112810949777536
1988-05-01,1988-06-01,lag_9,0.0074780815378376,0.0003174715528847251,0.00042335958424966394,0.0013112810949777536
1988-05-01,1988-06-01,lag_10,0.0067970654739664,7.410949547923901e-05,0.00042335958424966394,0.0013112810949777536
1988-05-01,1988-06-01,lag_11,0.0051660293028339,-0.00041960859914243144,0.00042335958424966394,0.0013112810949777536
1988-05-01,1988-06-01,volatility_3m,0.003915758355723635,-5.1186006170449637e-05,0.00042335958424966394,0.0013112810949777536
1988-06-01,1988-07-01,lag_0,0.0028969273941674,0.00046152280816743056,0.002816566719267898,0.001822113639429464
1988-06-01,1988-07-01,lag_1,-0.0020182730831876,-0.00041098081835445286,0.002816566719267898,0.001822113639429464
1988-06-01,1988-07-01,lag_2,0.0057843790126419,0.0003788785493792402,0.002816566719267898,0.001822113639429464
1988-06-01,1988-07-01,lag_3,0.0024648224249466,6.0035489607993935e-05,0.002816566719267898,0.001822113639429464
1988-06-01,1988-07-01,lag_4,0.0049992713406421,-0.00032896769028764236,0.002816566719267898,0.001822113639429464
1988-06-01,1988-07-01,lag_5,-0.0001970082890574,3.2959409091168514e-05,0.002816566719267898,0.001822113639429464
1988-06-01,1988-07-01,lag_6,0.005592546578943,9.107202535456247e-05,0.002816566719267898,0.001822113639429464
1988-06-01,1988-07-01,lag_7,0.0048659460435285,4.1245693126559616e-05,0.002816566719267898,0.001822113639429464
1988-06-01,1988-07-01,lag_8,0.0132334951092074,0.0012413365713300091,0.002816566719267898,0.001822113639429464
1988-06-01,1988-07-01,lag_9,0.0039317740129067,-3.855399456370288e-05,0.002816566719267898,0.001822113639429464
1988-06-01,1988-07-01,lag_10,0.0074780815378376,0.0001257696802601163,0.002816566719267898,0.001822113639429464
1988-06-01,1988-07-01,lag_11,0.0067970654739664,-0.0007147041657343374,0.002816566719267898,0.001822113639429464
1988-06-01,1988-07-01,volatility_3m,0.00394499582404034,5.48395224614887e-05,0.002816566719267898,0.001822113639429464
1988-07-01,1988-08-01,lag_0,0.0001469114322585,-0.0005271901005434257,0.000840878260922549,0.0018365773929960056
1988-07-01,1988-08-01,lag_1,0.0028969273941674,0.00014643123739670975,0.000840878260922549,0.0018365773929960056
1988-07-01,1988-08-01,lag_2,-0.0020182730831876,-0.0003316634968556374,0.000840878260922549,0.0018365773929960056
1988-07-01,1988-08-01,lag_3,0.0057843790126419,0.0002846854560174415,0.000840878260922549,0.0018365773929960056
1988-07-01,1988-08-01,lag_4,0.0024648224249466,-8.578617524563317e-05,0.000840878260922549,0.0018365773929960056
1988-07-01,1988-08-01,lag_5,0.0049992713406421,-5.769823201552251e-05,0.000840878260922549,0.0018365773929960056
1988-07-01,1988-08-01,lag_6,-0.0001970082890574,-3.90274270035263e-05,0.000840878260922549,0.0018365773929960056
1988-07-01,1988-08-01,lag_7,0.005592546578943,5.078909573155841e-05,0.000840878260922549,0.0018365773929960056
1988-07-01,1988-08-01,lag_8,0.0048659460435285,0.0003482490799883561,0.000840878260922549,0.0018365773929960056
1988-07-01,1988-08-01,lag_9,0.0132334951092074,-0.00016598319864687984,0.000840878260922549,0.0018365773929960056
1988-07-01,1988-08-01,lag_10,0.0039317740129067,4.956837213802254e-05,0.000840878260922549,0.0018365773929960056
1988-07-01,1988-08-01,lag_11,0.0074780815378376,-0.0007954431093918395,0.000840878260922549,0.0018365773929960056
1988-07-01,1988-08-01,volatility_3m,0.002463392224463119,0.0001273693663569197,0.000840878260922549,0.0018365773929960056
1988-08-01,1988-09-01,lag_0,0.0050016792782372,0.0011823895704992276,0.002738662721571398,0.001850704024977263
1988-08-01,1988-09-01,lag_1,0.0001469114322585,-0.00016881310343524244,0.002738662721571398,0.001850704024977263
1988-08-01,1988-09-01,lag_2,0.0028969273941674,0.00011298648607710938,0.002738662721571398,0.001850704024977263
1988-08-01,1988-09-01,lag_3,-0.0020182730831876,-0.00025976212420660894,0.002738662721571398,0.001850704024977263
1988-08-01,1988-09-01,lag_4,0.0057843790126419,-0.0004066847504903176,0.002738662721571398,0.001850704024977263
1988-08-01,1988-09-01,lag_5,0.0024648224249466,-1.4319068656792838e-05,0.002738662721571398,0.001850704024977263
1988-08-01,1988-09-01,lag_6,0.0049992713406421,6.74148500834491e-05,0.002738662721571398,0.001850704024977263
1988-08-01,1988-09-01,lag_7,-0.0001970082890574,-2.3650454163464837e-05,0.002738662721571398,0.001850704024977263
1988-08-01,1988-09-01,lag_8,0.005592546578943,0.000411023724905217,0.002738662721571398,0.001850704024977263
1988-08-01,1988-09-01,lag_9,0.0048659460435285,-3.439090967779214e-05,0.002738662721571398,0.001850704024977263
1988-08-01,1988-09-01,lag_10,0.0132334951092074,0.00020632762175823254,0.002738662721571398,0.001850704024977263
1988-08-01,1988-09-01,lag_11,0.0039317740129067,-0.0003217458728161341,0.002738662721571398,0.001850704024977263
1988-08-01,1988-09-01,volatility_3m,0.002434520456633358,0.00013718272671725242,0.002738662721571398,0.001850704024977263
1988-09-01,1988-10-01,lag_0,-0.0031296333588732,-0.0017821476510913893,-0.0007112421983579763,0.0019288056388082513
1988-09-01,1988-10-01,lag_1,0.0050016792782372,0.00038880895612142675,-0.0007112421983579763,0.0019288056388082513
1988-09-01,1988-10-01,lag_2,0.0001469114322585,-0.00012841975010089896,-0.0007112421983579763,0.0019288056388082513
1988-09-01,1988-10-01,lag_3,0.0028969273941674,9.572459721473308e-05,-0.0007112421983579763,0.0019288056388082513
1988-09-01,1988-10-01,lag_4,-0.0020182730831876,0.0003687612950943741,-0.0007112421983579763,0.0019288056388082513
1988-09-01,1988-10-01,lag_5,0.0057843790126419,-6.639416021125466e-05,-0.0007112421983579763,0.0019288056388082513
1988-09-01,1988-10-01,lag_6,0.0024648224249466,1.641116171771327e-05,-0.0007112421983579763,0.0019288056388082513
1988-09-01,1988-10-01,lag_7,0.0049992713406421,5.361044400461452e-05,-0.0007112421983579763,0.0019288056388082513
1988-09-01,1988-10-01,lag_8,-0.0001970082890574,-0.00017878683812089054,-0.0007112421983579763,0.0019288056388082513
1988-09-01,1988-10-01,lag_9,0.005592546578943,-3.576801043585415e-05,-0.0007112421983579763,0.0019288056388082513
1988-09-01,1988-10-01,lag_10,0.0048659460435285,3.494897813297613e-05,-0.0007112421983579763,0.0019288056388082513
1988-09-01,1988-10-01,lag_11,0.0132334951092074,-0.00144696704019393,-0.0007112421983579763,0.0019288056388082513
1988-09-01,1988-10-01,volatility_3m,0.0040911033925065616,4.017018070215241e-05,-0.0007112421983579763,0.0019288056388082513
1988-10-01,1988-11-01,lag_0,0.0043015363906127,0.0007593038079463778,0.0023856346778082984,0.002055309672365913
1988-10-01,1988-11-01,lag_1,-0.0031296333588732,-0.0006047417622440864,0.0023856346778082984,0.002055309672365913
1988-10-01,1988-11-01,lag_2,0.0050016792782372,0.00028206041621204144,0.0023856346778082984,0.002055309672365913
1988-10-01,1988-11-01,lag_3,0.0001469114322585,-0.00011088574725517029,0.0023856346778082984,0.002055309672365913
1988-10-01,1988-11-01,lag_4,0.0028969273941674,-0.00013213271757137117,0.0023856346778082984,0.002055309672365913
1988-10-01,1988-11-01,lag_5,-0.0020182730831876,5.132072868450346e-05,0.0023856346778082984,0.002055309672365913
1988-10-01,1988-11-01,lag_6,0.0057843790126419,7.776663508780155e-05,0.0023856346778082984,0.002055309672365913
1988-10-01,1988-11-01,lag_7,0.0024648224249466,1.4927444773445077e-05,0.0023856346778082984,0.002055309672365913
1988-10-01,1988-11-01,lag_8,0.0049992713406421,0.0003257545100153004,0.0023856346778082984,0.002055309672365913
1988-10-01,1988-11-01,lag_9,-0.0001970082890574,1.3642763174523112e-05,0.0023856346778082984,0.002055309672365913
1988-10-01,1988-11-01,lag_10,0.005592546578943,3.453158020702255e-05,0.0023856346778082984,0.002055309672365913
1988-10-01,1988-11-01,lag_11,0.0048659460435285,-0.0003989879970567812,0.0023856346778082984,0.002055309672365913
1988-10-01,1988-11-01,volatility_3m,0.004506120450956987,1.776534346877921e-05,0.0023856346778082984,0.002055309672365913
1988-11-01,1988-12-01,lag_0,0.0024157555877204,3.842243264234127e-05,0.0020270756283499594,0.002157336921001075
1988-11-01,1988-12-01,lag_1,0.0043015363906127,0.0002595421426626005,0.0020270756283499594,0.002157336921001075
1988-11-01,1988-12-01,lag_2,-0.0031296333588732,-0.0004273302071851833,0.0020270756283499594,0.002157336921001075
1988-11-01,1988-12-01,lag_3,0.0050016792782372,0.0002493083366504149,0.0020270756283499594,0.002157336921001075
1988-11-01,1988-12-01,lag_4,0.0001469114322585,0.00015101050775076784,0.0020270756283499594,0.002157336921001075
1988-11-01,1988-12-01,lag_5,0.0028969273941674,-1.7990538007751975e-05,0.0020270756283499594,0.002157336921001075
1988-11-01,1988-12-01,lag_6,-0.0020182730831876,-6.906178864931578e-05,0.0020270756283499594,0.002157336921001075
1988-11-01,1988-12-01,lag_7,0.0057843790126419,7.005421502331983e-05,0.0020270756283499594,0.002157336921001075
1988-11-01,1988-12-01,lag_8,0.0024648224249466,8.437570170213175e-05,0.0020270756283499594,0.002157336921001075
1988-11-01,1988-12-01,lag_9,0.0049992713406421,-2.507917058199289e-05,0.0020270756283499594,0.002157336921001075
1988-11-01,1988-12-01,lag_10,-0.0001970082890574,-1.5157396089496763e-05,0.0020270756283499594,0.002157336921001075
1988-11-01,1988-12-01,lag_11,0.005592546578943,-0.00047558854439316525,0.0020270756283499594,0.002157336921001075
1988-11-01,1988-12-01,volatility_3m,0.0038628528242572644,4.723301582421406e-05,0.0020270756283499594,0.002157336921001075
1988-12-01,1989-01-01,lag_0,0.004519309178077,0.0007421554050491487,0.0032324335071331153,0.0022471265873905007
1988-12-01,1989-01-01,lag_1,0.0024157555877204,1.3223535658350734e-05,0.0032324335071331153,0.0022471265873905007
1988-12-01,1989-01-01,lag_2,0.0043015363906127,0.0001794777763682015,0.0032324335071331153,0.0022471265873905007
1988-12-01,1989-01-01,lag_3,-0.0031296333588732,-0.0003836984227856993,0.0032324335071331153,0.0022471265873905007
1988-12-01,1989-01-01,lag_4,0.0050016792782372,-0.00034150065101981337,0.0032324335071331153,0.0022471265873905007
1988-12-01,1989-01-01,lag_5,0.0001469114322585,2.0001624577250417e-05,0.0032324335071331153,0.0022471265873905007
1988-12-01,1989-01-01,lag_6,0.0028969273941674,2.2826434517269264e-05,0.0032324335071331153,0.0022471265873905007
1988-12-01,1989-01-01,lag_7,-0.0020182730831876,-6.557093307203309e-05,0.0032324335071331153,0.0022471265873905007
1988-12-01,1989-01-01,lag_8,0.0057843790126419,0.00039680566110069856,0.0032324335071331153,0.0022471265873905007
1988-12-01,1989-01-01,lag_9,0.0024648224249466,-5.7514139925187726e-06,0.0032324335071331153,0.0022471265873905007
1988-12-01,1989-01-01,lag_10,0.0049992713406421,2.3611973045568936e-05,0.0032324335071331153,0.0022471265873905007
1988-12-01,1989-01-01,lag_11,-0.0001970082890574,0.00020687577980377686,0.0032324335071331153,0.0022471265873905007
1988-12-01,1989-01-01,volatility_3m,0.0011567578204489796,0.0001768501504924142,0.0032324335071331153,0.0022471265873905007
1989-01-01,1989-02-01,lag_0,0.002945349132478,0.00018590686056181073,0.002771849484759174,0.0022724132881202746
1989-01-01,1989-02-01,lag_1,0.004519309178077,0.00025537720965441497,0.002771849484759174,0.0022724132881202746
1989-01-01,1989-02-01,lag_2,0.0024157555877204,9.064047165221134e-06,0.002771849484759174,0.0022724132881202746
1989-01-01,1989-02-01,lag_3,0.0043015363906127,0.00016516552181667957,0.002771849484759174,0.0022724132881202746
1989-01-01,1989-02-01,lag_4,-0.0031296333588732,0.0005178352759953685,0.002771849484759174,0.0022724132881202746
1989-01-01,1989-02-01,lag_5,0.0050016792782372,-4.4777711573810185e-05,0.002771849484759174,0.0022724132881202746
1989-01-01,1989-02-01,lag_6,0.0001469114322585,-2.6075994113289287e-05,0.002771849484759174,0.0022724132881202746
1989-01-01,1989-02-01,lag_7,0.0028969273941674,2.2960193657821608e-05,0.002771849484759174,0.0022724132881202746
1989-01-01,1989-02-01,lag_8,-0.0020182730831876,-0.00035164839217841987,0.002771849484759174,0.0022724132881202746
1989-01-01,1989-02-01,lag_9,0.0057843790126419,-2.6317162373107282e-05,0.002771849484759174,0.0022724132881202746
1989-01-01,1989-02-01,lag_10,0.0024648224249466,5.989190089473674e-06,0.002771849484759174,0.0022724132881202746
1989-01-01,1989-02-01,lag_11,0.0049992713406421,-0.00038809317824874936,0.002771849484759174,0.0022724132881202746
1989-01-01,1989-02-01,volatility_3m,0.001094132628713499,0.0001740503361854851,0.002771849484759174,0.0022724132881202746
1989-02-01,1989-03-01,lag_0,-0.0044349968419306,-0.0023479671291992328,8.647899220660688e-05,0.002182376311351352
1989-02-01,1989-03-01,lag_1,0.002945349132478,6.318100304770716e-05,8.647899220660688e-05,0.002182376311351352
1989-02-01,1989-03-01,lag_2,0.004519309178077,0.00017811045591338147,8.647899220660688e-05,0.002182376311351352
1989-02-01,1989-03-01,lag_3,0.0024157555877204,8.223016751783606e-06,8.647899220660688e-05,0.002182376311351352
1989-02-01,1989-03-01,lag_4,0.0043015363906127,-0.00021130644987064144,8.647899220660688e-05,0.002182376311351352
1989-02-01,1989-03-01,lag_5,-0.0031296333588732,8.423265245944414e-05,8.647899220660688e-05,0.002182376311351352
1989-02-01,1989-03-01,lag_6,0.0050016792782372,6.555785821940221e-05,8.647899220660688e-05,0.002182376311351352
1989-02-01,1989-03-01,lag_7,0.0001469114322585,-2.3469444793579835e-05,8.647899220660688e-05,0.002182376311351352
1989-02-01,1989-03-01,lag_8,0.0028969273941674,0.00012911884530231066,8.647899220660688e-05,0.002182376311351352
1989-02-01,1989-03-01,lag_9,-0.0020182730831876,3.231255061614173e-05,8.647899220660688e-05,0.002182376311351352
1989-02-01,1989-03-01,lag_10,0.0057843790126419,3.263640898758026e-05,8.647899220660688e-05,0.002182376311351352
1989-02-01,1989-03-01,lag_11,0.0024648224249466,-0.00010151224113776861,8.647899220660688e-05,0.002182376311351352
1989-02-01,1989-03-01,volatility_3m,0.004780628501690539,-5.014845441274193e-06,8.647899220660688e-05,0.002182376311351352
1989-03-01,1989-04-01,lag_0,0.0024976084295813,0.00013474797996366604,0.0008799136031129801,0.002112152098361207
1989-03-01,1989-04-01,lag_1,-0.0044349968419306,-0.0008045809089255025,0.0008799136031129801,0.002112152098361207
1989-03-01,1989-04-01,lag_2,0.002945349132478,4.492949935628841e-05,0.0008799136031129801,0.002112152098361207
1989-03-01,1989-04-01,lag_3,0.004519309178077,0.00015853276743686297,0.0008799136031129801,0.002112152098361207
1989-03-01,1989-04-01,lag_4,0.0024157555877204,-1.0581530833647047e-05,0.0008799136031129801,0.002112152098361207
1989-03-01,1989-04-01,lag_5,0.0043015363906127,-4.014032254643178e-05,0.0008799136031129801,0.002112152098361207
1989-03-01,1989-04-01,lag_6,-0.0031296333588732,-0.00010582766097368555,0.0008799136031129801,0.002112152098361207
1989-03-01,1989-04-01,lag_7,0.0050016792782372,5.015159144144688e-05,0.0008799136031129801,0.002112152098361207
1989-03-01,1989-04-01,lag_8,0.0001469114322585,-0.00014861210055646634,0.0008799136031129801,0.002112152098361207
1989-03-01,1989-04-01,lag_9,0.0028969273941674,-1.230289296948818e-05,0.0008799136031129801,0.002112152098361207
1989-03-01,1989-04-01,lag_10,-0.0020182730831876,-3.298738791441112e-05,0.0008799136031129801,0.002112152098361207
1989-03-01,1989-04-01,lag_11,0.0057843790126419,-0.00048238189486321146,0.0008799136031129801,0.002112152098361207
1989-03-01,1989-04-01,volatility_3m,0.004137853595959993,1.681436613635252e-05,0.0008799136031129801,0.002112152098361207
1989-04-01,1989-05-01,lag_0,-0.0001496807216438,-0.000735194079890961,0.0014031892747160928,0.002018952232283504
1989-04-01,1989-05-01,lag_1,0.0024976084295813,4.6797467688583464e-05,0.0014031892747160928,0.002018952232283504
1989-04-01,1989-05-01,lag_2,-0.0044349968419306,-0.0005661492885300778,0.0014031892747160928,0.002018952232283504
1989-04-01,1989-05-01,lag_3,0.002945349132478,3.959063060143057e-05,0.0014031892747160928,0.002018952232283504
1989-04-01,1989-05-01,lag_4,0.004519309178077,-0.00020376651858625155,0.0014031892747160928,0.002018952232283504
1989-04-01,1989-05-01,lag_5,0.0024157555877204,-2.089222421143382e-06,0.0014031892747160928,0.002018952232283504
1989-04-01,1989-05-01,lag_6,0.0043015363906127,4.716338307835827e-05,0.0014031892747160928,0.002018952232283504
1989-04-01,1989-05-01,lag_7,-0.0031296333588732,-7.304472155734607e-05,0.0014031892747160928,0.002018952232283504
1989-04-01,1989-05-01,lag_8,0.0050016792782372,0.0003346218762390329,0.0014031892747160928,0.002018952232283504
1989-04-01,1989-05-01,lag_9,0.0001469114322585,1.4164638564900834e-05,0.0014031892747160928,0.002018952232283504
1989-04-01,1989-05-01,lag_10,0.0028969273941674,1.2314822525051034e-05,0.0014031892747160928,0.002018952232283504
1989-04-01,1989-05-01,lag_11,-0.0020182730831876,0.00043061110402375414,0.0014031892747160928,0.002018952232283504
1989-04-01,1989-05-01,volatility_3m,0.0034984065408787328,3.9216950697257875e-05,0.0014031892747160928,0.002018952232283504
1989-05-01,1989-06-01,lag_0,-0.00570129548713,-0.002652333618961875,-0.0021155191823474606,0.001952071092578573
1989-05-01,1989-06-01,lag_1,-0.0001496807216438,-0.00025193621474995303,-0.0021155191823474606,0.001952071092578573
1989-05-01,1989-06-01,lag_2,0.0024976084295813,3.48158494906661e-05,-0.0021155191823474606,0.001952071092578573
1989-05-01,1989-06-01,lag_3,-0.0044349968419306,-0.0004902661273731959,-0.0021155191823474606,0.001952071092578573
1989-05-01,1989-06-01,lag_4,0.002945349132478,-5.178987409423112e-05,-0.0021155191823474606,0.001952071092578573
1989-05-01,1989-06-01,lag_5,0.004519309178077,-3.8104562812487844e-05,-0.0021155191823474606,0.001952071092578573
1989-05-01,1989-06-01,lag_6,0.0024157555877204,2.0839478103299253e-06,-0.0021155191823474606,0.001952071092578573
1989-05-01,1989-06-01,lag_7,0.0043015363906127,4.189941726060841e-05,-0.0021155191823474606,0.001952071092578573
1989-05-01,1989-06-01,lag_8,-0.0031296333588732,-0.0004907845092022626,-0.0021155191823474606,0.001952071092578573
1989-05-01,1989-06-01,lag_9,0.0050016792782372,-2.7022854749593583e-05,-0.0021155191823474606,0.001952071092578573
1989-05-01,1989-06-01,lag_10,0.0001469114322585,-1.04631092666447e-05,-0.0021155191823474606,0.001952071092578573
1989-05-01,1989-06-01,lag_11,0.0028969273941674,-0.00014628917484429396,-0.0021155191823474606,0.001952071092578573
1989-05-01,1989-06-01,volatility_3m,0.004184307823882432,1.2600556566900204e-05,-0.0021155191823474606,0.001952071092578573
1989-06-01,1989-07-01,lag_0,-7.60861911217603e-05,-0.0006891628324603427,0.001362890382112466,0.001968025650194796
1989-06-01,1989-07-01,lag_1,-0.00570129548713,-0.0009059293115266876,0.001362890382112466,0.001968025650194796
1989-06-01,1989-07-01,lag_2,-0.0001496807216438,-0.000191459694919044,0.001362890382112466,0.001968025650194796
1989-06-01,1989-07-01,lag_3,0.0024976084295813,2.773079000954643e-05,0.001362890382112466,0.001968025650194796
1989-06-01,1989-07-01,lag_4,-0.0044349968419306,0.0006504317329264737,0.001362890382112466,0.001968025650194796
1989-06-01,1989-07-01,lag_5,0.002945349132478,-9.440000150216146e-06,0.001362890382112466,0.001968025650194796
1989-06-01,1989-07-01,lag_6,0.004519309178077,4.0243461027341304e-05,0.001362890382112466,0.001968025650194796
1989-06-01,1989-07-01,lag_7,0.0024157555877204,2.1965034636375067e-06,0.001362890382112466,0.001968025650194796
1989-06-01,1989-07-01,lag_8,0.0043015363906127,0.00020715433161809814,0.001362890382112466,0.001968025650194796
1989-06-01,1989-07-01,lag_9,-0.0031296333588732,3.493699711147515e-05,0.001362890382112466,0.001968025650194796
1989-06-01,1989-07-01,lag_10,0.0050016792782372,2.156312989303439e-05,0.001362890382112466,0.001968025650194796
1989-06-01,1989-07-01,lag_11,0.0001469114322585,0.00016744862312927797,0.001362890382112466,0.001968025650194796
1989-06-01,1989-07-01,volatility_3m,0.003226681016234914,3.915100179507497e-05,0.001362890382112466,0.001968025650194796
1989-07-01,1989-08-01,lag_0,-0.0096939596892555,-0.0040193032352627564,-0.0033674046011550277,0.0019432806900694945
1989-07-01,1989-08-01,lag_1,-7.60861911217603e-05,-0.0002513660163910264,-0.0033674046011550277,0.0019432806900694945
1989-07-01,1989-08-01,lag_2,-0.00570129548713,-0.0006921377636655901,-0.0033674046011550277,0.0019432806900694945
1989-07-01,1989-08-01,lag_3,-0.0001496807216438,-0.0001468533293654272,-0.0033674046011550277,0.0019432806900694945
1989-07-01,1989-08-01,lag_4,0.0024976084295813,-3.4696754170606764e-05,-0.0033674046011550277,0.0019432806900694945
1989-07-01,1989-08-01,lag_5,-0.0044349968419306,0.00013751699740157796,-0.0033674046011550277,0.0019432806900694945
1989-07-01,1989-08-01,lag_6,0.002945349132478,9.203537373812269e-06,-0.0033674046011550277,0.0019432806900694945
1989-07-01,1989-08-01,lag_7,0.004519309178077,4.343643221470847e-05,-0.0033674046011550277,0.0019432806900694945
1989-07-01,1989-08-01,lag_8,0.0024157555877204,1.0076831505666558e-05,-0.0033674046011550277,0.0019432806900694945
1989-07-01,1989-08-01,lag_9,0.0043015363906127,1.0808500732101672e-07,-0.0033674046011550277,0.0019432806900694945
1989-07-01,1989-08-01,lag_10,-0.0031296333588732,3.2122179841332394e-07,-0.0033674046011550277,0.0019432806900694945
1989-07-01,1989-08-01,lag_11,0.0050016792782372,-0.00036079132329461456,-0.0033674046011550277,0.0019432806900694945
1989-07-01,1989-08-01,volatility_3m,0.004831974021745415,-6.199974376000693e-06,-0.0033674046011550277,0.0019432806900694945
1989-08-01,1989-09-01,lag_0,0.0097506201691528,0.00264277742996691,0.0029631757033668996,0.0019463168119588923
1989-08-01,1989-09-01,lag_1,-0.0096939596892555,-0.0015495291634864254,0.0029631757033668996,0.0019463168119588923
1989-08-01,1989-09-01,lag_2,-7.60861911217603e-05,-0.00016970704096328437,0.0029631757033668996,0.0019463168119588923
1989-08-01,1989-09-01,lag_3,-0.00570129548713,-0.0005354719270024281,0.0029631757033668996,0.0019463168119588923
1989-08-01,1989-09-01,lag_4,-0.0001496807216438,0.0001802227230272596,0.0029631757033668996,0.0019463168119588923
1989-08-01,1989-09-01,lag_5,0.0024976084295813,-1.1382685970212144e-05,0.0029631757033668996,0.0019463168119588923
1989-08-01,1989-09-01,lag_6,-0.0044349968419306,-0.00014493336460502052,0.0029631757033668996,0.0019463168119588923
1989-08-01,1989-09-01,lag_7,0.002945349132478,1.1947338173465389e-05,0.0029631757033668996,0.0019463168119588923
1989-08-01,1989-09-01,lag_8,0.004519309178077,0.0001950016965722476,0.0029631757033668996,0.0019463168119588923
1989-08-01,1989-09-01,lag_9,0.0024157555877204,5.55840425738391e-07,0.0029631757033668996,0.0019463168119588923
1989-08-01,1989-09-01,lag_10,0.0043015363906127,-2.0476852459295138e-05,0.0029631757033668996,0.0019463168119588923
1989-08-01,1989-09-01,lag_11,-0.0031296333588732,0.0005236018406054285,0.0029631757033668996,0.0019463168119588923
1989-08-01,1989-09-01,volatility_3m,0.009722476831095919,-0.00010574694287637692,0.0029631757033668996,0.0019463168119588923
1989-09-01,1989-10-01,lag_0,-0.0031389665895469,-0.0016486741850818172,0.0005866749161339308,0.0019338441215232985
1989-09-01,1989-10-01,lag_1,0.0097506201691528,0.0011365842624737807,0.0005866749161339308,0.0019338441215232985
1989-09-01,1989-10-01,lag_2,-0.0096939596892555,-0.0009665897310732732,0.0005866749161339308,0.0019338441215232985
1989-09-01,1989-10-01,lag_3,-7.60861911217603e-05,-0.00014611243801398568,0.0005866749161339308,0.0019338441215232985
1989-09-01,1989-10-01,lag_4,-0.00570129548713,0.000646505422999618,0.0005866749161339308,0.0019338441215232985
1989-09-01,1989-10-01,lag_5,-0.0001496807216438,7.003896482170256e-05,0.0005866749161339308,0.0019338441215232985
1989-09-01,1989-10-01,lag_6,0.0024976084295813,1.0206886827356438e-05,0.0005866749161339308,0.0019338441215232985
1989-09-01,1989-10-01,lag_7,-0.0044349968419306,-0.00014322809502935872,0.0005866749161339308,0.0019338441215232985
1989-09-01,1989-10-01,lag_8,0.002945349132478,4.800721729963312e-05,0.0005866749161339308,0.0019338441215232985
1989-09-01,1989-10-01,lag_9,0.004519309178077,1.3062343490359916e-05,0.0005866749161339308,0.0019338441215232985
1989-09-01,1989-10-01,lag_10,0.0024157555877204,-1.514231804619188e-06,0.0005866749161339308,0.0019338441215232985
1989-09-01,1989-10-01,lag_11,0.0043015363906127,-0.0002172103415768402,0.0005866749161339308,0.0019338441215232985
1989-09-01,1989-10-01,volatility_3m,0.009892767284042179,-0.00014824528072192395,0.0005866749161339308,0.0019338441215232985
1989-10-01,1989-11-01,lag_0,-0.0013487581284179,-0.0010444115274997072,-0.00039673696550521697,0.00186969066696589
1989-10-01,1989-11-01,lag_1,-0.0031389665895469,-0.0007115591334028099,-0.00039673696550521697,0.00186969066696589
1989-10-01,1989-11-01,lag_2,0.0097506201691528,0.0006797216618874904,-0.00039673696550521697,0.00186969066696589
1989-10-01,1989-11-01,lag_3,-0.0096939596892555,-0.0008468018604535759,-0.00039673696550521697,0.00186969066696589
1989-10-01,1989-11-01,lag_4,-7.60861911217603e-05,0.00016709617080847139,-0.00039673696550521697,0.00186969066696589
1989-10-01,1989-11-01,lag_5,-0.00570129548713,0.0002511191603545413,-0.00039673696550521697,0.00186969066696589
1989-10-01,1989-11-01,lag_6,-0.0001496807216438,-5.334463555669822e-05,-0.00039673696550521697,0.00186969066696589
1989-10-01,1989-11-01,lag_7,0.0024976084295813,8.819960117855465e-06,-0.00039673696550521697,0.00186969066696589
1989-10-01,1989-11-01,lag_8,-0.0044349968419306,-0.0006042424551879826,-0.00039673696550521697,0.00186969066696589
1989-10-01,1989-11-01,lag_9,0.002945349132478,3.067174649555578e-06,-0.00039673696550521697,0.00186969066696589
1989-10-01,1989-11-01,lag_10,0.004519309178077,-2.8681621799178494e-05,-0.00039673696550521697,0.00186969066696589
1989-10-01,1989-11-01,lag_11,0.0024157555877204,-1.1093699142597022e-05,-0.00039673696550521697,0.00186969066696589
1989-10-01,1989-11-01,volatility_3m,0.006982627152881259,-7.611682724647129e-05,-0.00039673696550521697,0.00186969066696589
1989-11-01,1989-12-01,lag_0,0.0033733524412147,0.0005137262178001527,0.002565175848079908,0.0018212705190303272
1989-11-01,1989-12-01,lag_1,-0.0013487581284179,-0.00044304436248482533,0.002565175848079908,0.0018212705190303272
1989-11-01,1989-12-01,lag_2,-0.0031389665895469,-0.0004601000435041887,0.002565175848079908,0.0018212705190303272
1989-11-01,1989-12-01,lag_3,0.0097506201691528,0.0005417436946337129,0.002565175848079908,0.0018212705190303272
1989-11-01,1989-12-01,lag_4,-0.0096939596892555,0.0009617485545243054,0.002565175848079908,0.0018212705190303272
1989-11-01,1989-12-01,lag_5,-7.60861911217603e-05,6.946302283290925e-05,0.002565175848079908,0.0018212705190303272
1989-11-01,1989-12-01,lag_6,-0.00570129548713,-0.0001908954340403448,0.002565175848079908,0.0018212705190303272
1989-11-01,1989-12-01,lag_7,-0.0001496807216438,-5.132949232916963e-05,0.002565175848079908,0.0018212705190303272
1989-11-01,1989-12-01,lag_8,0.0024976084295813,3.3896893210895535e-05,0.002565175848079908,0.0018212705190303272
1989-11-01,1989-12-01,lag_9,-0.0044349968419306,-4.60019326712485e-05,0.002565175848079908,0.0018212705190303272
1989-11-01,1989-12-01,lag_10,0.002945349132478,-6.552915020506184e-06,0.002565175848079908,0.0018212705190303272
1989-11-01,1989-12-01,lag_11,0.004519309178077,-0.00021546852776775958,0.002565175848079908,0.0018212705190303272
1989-11-01,1989-12-01,volatility_3m,0.003364359119866008,3.671965386564726e-05,0.002565175848079908,0.0018212705190303272
1989-12-01,1990-01-01,lag_0,0.0054692282901092,0.0012103258413481977,0.0019480212523887218,0.0018148819021934059
1989-12-01,1990-01-01,lag_1,0.0033733524412147,0.00021703426175022277,0.0019480212523887218,0.0018148819021934059
1989-12-01,1990-01-01,lag_2,-0.0013487581284179,-0.0002840950314910228,0.0019480212523887218,0.0018148819021934059
1989-12-01,1990-01-01,lag_3,-0.0031389665895469,-0.0003635799721004836,0.0019480212523887218,0.0018148819021934059
1989-12-01,1990-01-01,lag_4,0.0097506201691528,-0.0006854951544208735,0.0019480212523887218,0.0018148819021934059
1989-12-01,1990-01-01,lag_5,-0.0096939596892555,0.0003937860556394851,0.0019480212523887218,0.0018148819021934059
1989-12-01,1990-01-01,lag_6,-7.60861911217603e-05,-4.652986285026951e-05,0.0019480212523887218,0.0018148819021934059
1989-12-01,1990-01-01,lag_7,-0.00570129548713,-0.00018354562520096106,0.0019480212523887218,0.0018148819021934059
1989-12-01,1990-01-01,lag_8,-0.0001496807216438,-0.00018729541639027724,0.0019480212523887218,0.0018148819021934059
1989-12-01,1990-01-01,lag_9,0.0024976084295813,1.836902887898912e-06,0.0019480212523887218,0.0018148819021934059
1989-12-01,1990-01-01,lag_10,-0.0044349968419306,7.765199559999991e-05,0.0019480212523887218,0.0018148819021934059
1989-12-01,1990-01-01,lag_11,0.002945349132478,-5.3703110705660185e-05,0.0019480212523887218,0.0018148819021934059
1989-12-01,1990-01-01,volatility_3m,0.003492276301808396,3.6748466129059716e-05,0.0019480212523887218,0.0018148819021934059
1990-01-01,1990-02-01,lag_0,-0.0050706327669249,-0.002243513482940496,-6.837877545917692e-05,0.001785652080699687
1990-01-01,1990-02-01,lag_1,0.0054692282901092,0.0005024962707627412,-6.837877545917692e-05,0.001785652080699687
1990-01-01,1990-02-01,lag_2,0.0033733524412147,0.0001447659565752568,-6.837877545917692e-05,0.001785652080699687
1990-01-01,1990-02-01,lag_3,-0.0013487581284179,-0.00023997635179242755,-6.837877545917692e-05,0.001785652080699687
1990-01-01,1990-02-01,lag_4,-0.0031389665895469,0.000482006903175972,-6.837877545917692e-05,0.001785652080699687
1990-01-01,1990-02-01,lag_5,0.0097506201691528,-0.0001971700015818091,-6.837877545917692e-05,0.001785652080699687
1990-01-01,1990-02-01,lag_6,-0.0096939596892555,-0.00024172175016532252,-6.837877545917692e-05,0.001785652080699687
1990-01-01,1990-02-01,lag_7,-7.60861911217603e-05,-5.5187873183870314e-05,-6.837877545917692e-05,0.001785652080699687
1990-01-01,1990-02-01,lag_8,-0.00570129548713,-0.0006734169081239356,-6.837877545917692e-05,0.001785652080699687
1990-01-01,1990-02-01,lag_9,-0.0001496807216438,-3.3063908039905453e-06,-6.837877545917692e-05,0.001785652080699687
1990-01-01,1990-02-01,lag_10,0.0024976084295813,-2.151807234740538e-06,-6.837877545917692e-05,0.001785652080699687
1990-01-01,1990-02-01,lag_11,-0.0044349968419306,0.0006995959220861984,-6.837877545917692e-05,0.001785652080699687
1990-01-01,1990-02-01,volatility_3m,0.005579460142206765,-2.6451342932439808e-05,-6.837877545917692e-05,0.001785652080699687
1990-02-01,1990-03-01,lag_0,0.0090406409731595,0.002297097664965957,0.003457135027293089,0.001856182893134643
1990-02-01,1990-03-01,lag_1,-0.0050706327669249,-0.0009685616135870505,0.003457135027293089,0.001856182893134643
1990-02-01,1990-03-01,lag_2,0.0054692282901092,0.0003517193570626321,0.003457135027293089,0.001856182893134643
1990-02-01,1990-03-01,lag_3,0.0033733524412147,0.00011429647189678352,0.003457135027293089,0.001856182893134643
1990-02-01,1990-03-01,lag_4,-0.0013487581284179,0.000317018616014328,0.003457135027293089,0.001856182893134643
1990-02-01,1990-03-01,lag_5,-0.0031389665895469,7.328917637049465e-05,0.003457135027293089,0.001856182893134643
1990-02-01,1990-03-01,lag_6,0.0097506201691528,7.878461861706398e-05,0.003457135027293089,0.001856182893134643
1990-02-01,1990-03-01,lag_7,-0.0096939596892555,-0.000363129492899733,0.003457135027293089,0.001856182893134643
1990-02-01,1990-03-01,lag_8,-7.60861911217603e-05,-0.00016471666481659855,0.003457135027293089,0.001856182893134643
1990-02-01,1990-03-01,lag_9,-0.00570129548713,-1.2462813733087776e-05,0.003457135027293089,0.001856182893134643
1990-02-01,1990-03-01,lag_10,-0.0001496807216438,-8.912274463486195e-07,0.003457135027293089,0.001856182893134643
1990-02-01,1990-03-01,lag_11,0.0024976084295813,-4.307953164801982e-05,0.003457135027293089,0.001856182893134643
1990-02-01,1990-03-01,volatility_3m,0.007336798873053471,-7.841242663797477e-05,0.003457135027293089,0.001856182893134643
1990-03-01,1990-04-01,lag_0,0.0049692029917487,0.000951372346981503,0.0027611046930119416,0.0019426741722451367
1990-03-01,1990-04-01,lag_1,0.0090406409731595,0.00100267932607172,0.0027611046930119416,0.0019426741722451367
1990-03-01,1990-04-01,lag_2,-0.0050706327669249,-0.0006562009185371265,0.0027611046930119416,0.0019426741722451367
1990-03-01,1990-04-01,lag_3,0.0054692282901092,0.0002694369265800585,0.0027611046930119416,0.0019426741722451367
1990-03-01,1990-04-01,lag_4,0.0033733524412147,-0.00015708592035832338,0.0027611046930119416,0.0019426741722451367
1990-03-01,1990-04-01,lag_5,-0.0013487581284179,4.747947836977237e-05,0.0027611046930119416,0.0019426741722451367
1990-03-01,1990-04-01,lag_6,-0.0031389665895469,-5.8873793677688536e-05,0.0027611046930119416,0.0019426741722451367
1990-03-01,1990-04-01,lag_7,0.0097506201691528,0.00023281896697750973,0.0027611046930119416,0.0019426741722451367
1990-03-01,1990-04-01,lag_8,-0.0096939596892555,-0.0009707435704229787,0.0027611046930119416,0.0019426741722451367
1990-03-01,1990-04-01,lag_9,-7.60861911217603e-05,-1.551992326973897e-06,0.0027611046930119416,0.0019426741722451367
1990-03-01,1990-04-01,lag_10,-0.00570129548713,-3.82734590969775e-06,0.0027611046930119416,0.0019426741722451367
1990-03-01,1990-04-01,lag_11,-0.0001496807216438,0.00023404221092866644,0.0027611046930119416,0.0019426741722451367
1990-03-01,1990-04-01,volatility_3m,0.0072629534381133025,-7.111519390963654e-05,0.0027611046930119416,0.0019426741722451367
1990-04-01,1990-05-01,lag_0,-0.0026232502058824,-0.001527949450878885,0.0020857276659655573,0.002001265877162224
1990-04-01,1990-05-01,lag_1,0.0049692029917487,0.00039840986793829,0.0020857276659655573,0.002001265877162224
1990-04-01,1990-05-01,lag_2,0.0090406409731595,0.0007236555716041854,0.0020857276659655573,0.002001265877162224
1990-04-01,1990-05-01,lag_3,-0.0050706327669249,-0.0004888051686106049,0.0020857276659655573,0.002001265877162224
1990-04-01,1990-05-01,lag_4,0.0054692282901092,-0.00037250910801972563,0.0020857276659655573,0.002001265877162224
1990-04-01,1990-05-01,lag_5,0.0033733524412147,-2.132411799496332e-05,0.0020857276659655573,0.002001265877162224
1990-04-01,1990-05-01,lag_6,-0.0013487581284179,-4.327171990885161e-05,0.0020857276659655573,0.002001265877162224
1990-04-01,1990-05-01,lag_7,-0.0031389665895469,-0.00011911091001854814,0.0020857276659655573,0.002001265877162224
1990-04-01,1990-05-01,lag_8,0.0097506201691528,0.0007157133119372412,0.0020857276659655573,0.002001265877162224
1990-04-01,1990-05-01,lag_9,-0.0096939596892555,1.0154657538364306e-05,0.0020857276659655573,0.002001265877162224
1990-04-01,1990-05-01,lag_10,-7.60861911217603e-05,-8.400296179068156e-06,0.0020857276659655573,0.002001265877162224
1990-04-01,1990-05-01,lag_11,-0.00570129548713,0.000855214005004126,0.0020857276659655573,0.002001265877162224
1990-04-01,1990-05-01,volatility_3m,0.005919857968893407,-3.7314853608226884e-05,0.0020857276659655573,0.002001265877162224
1990-05-01,1990-06-01,lag_0,0.003036903319729,0.00025370572925648773,0.0027945655453705145,0.0020722681729684056
1990-05-01,1990-06-01,lag_1,-0.0026232502058824,-0.0006422191261810155,0.0027945655453705145,0.0020722681729684056
1990-05-01,1990-06-01,lag_2,0.0049692029917487,0.00030064946053662923,0.0027945655453705145,0.0020722681729684056
1990-05-01,1990-06-01,lag_3,0.0090406409731595,0.0005060230602965822,0.0027945655453705145,0.0020722681729684056
1990-05-01,1990-06-01,lag_4,-0.0050706327669249,0.0006900680893838118,0.0027945655453705145,0.0020722681729684056
1990-05-01,1990-06-01,lag_5,0.0054692282901092,-4.971457228886622e-05,0.0027945655453705145,0.0020722681729684056
1990-05-01,1990-06-01,lag_6,0.0033733524412147,2.0950062139674046e-05,0.0027945655453705145,0.0020722681729684056
1990-05-01,1990-06-01,lag_7,-0.0013487581284179,-7.353764306905551e-05,0.0027945655453705145,0.0020722681729684056
1990-05-01,1990-06-01,lag_8,-0.0031389665895469,-0.0004632535316576183,0.0027945655453705145,0.0020722681729684056
1990-05-01,1990-06-01,lag_9,0.0097506201691528,-1.3881027180329124e-05,0.0027945655453705145,0.0020722681729684056
1990-05-01,1990-06-01,lag_10,-0.0096939596892555,-5.450670064587937e-05,0.0027945655453705145,0.0020722681729684056
1990-05-01,1990-06-01,lag_11,-7.60861911217603e-05,0.00022481614565607604,0.0027945655453705145,0.0020722681729684056
1990-05-01,1990-06-01,volatility_3m,0.003945809285689424,2.319742615561231e-05,0.0027945655453705145,0.0020722681729684056
1990-06-01,1990-07-01,lag_0,0.0033858350269504,0.00028886620773677736,0.002850847205403676,0.002174841179402058
1990-06-01,1990-07-01,lag_1,0.003036903319729,0.00010661752521719038,0.002850847205403676,0.002174841179402058
1990-06-01,1990-07-01,lag_2,-0.0026232502058824,-0.00048342052442316486,0.002850847205403676,0.002174841179402058
1990-06-01,1990-07-01,lag_3,0.0049692029917487,0.00020995336455840189,0.002850847205403676,0.002174841179402058
1990-06-01,1990-07-01,lag_4,0.0090406409731595,-0.0007249795425595821,0.002850847205403676,0.002174841179402058
1990-06-01,1990-07-01,lag_5,-0.0050706327669249,9.099476322776727e-05,0.002850847205403676,0.002174841179402058
1990-06-01,1990-07-01,lag_6,0.0054692282901092,4.949676091407046e-05,0.002850847205403676,0.002174841179402058
1990-06-01,1990-07-01,lag_7,0.0033733524412147,3.591568009776254e-05,0.002850847205403676,0.002174841179402058
1990-06-01,1990-07-01,lag_8,-0.0013487581284179,-0.00029100436139426963,0.002850847205403676,0.002174841179402058
1990-06-01,1990-07-01,lag_9,-0.0031389665895469,4.855463940222539e-06,0.002850847205403676,0.002174841179402058
1990-06-01,1990-07-01,lag_10,0.0097506201691528,3.11273532485593e-05,0.002850847205403676,0.002174841179402058
1990-06-01,1990-07-01,lag_11,-0.0096939596892555,0.0013178350710493253,0.002850847205403676,0.002174841179402058
1990-06-01,1990-07-01,volatility_3m,0.0033731339682172134,3.9748264388557007e-05,0.002850847205403676,0.002174841179402058
1990-07-01,1990-08-01,lag_0,-0.0017488731555337,-0.0012966378947264108,-0.0003022752899546413,0.0021456276699869906
1990-07-01,1990-08-01,lag_1,0.0033858350269504,0.00012080786889570744,-0.0003022752899546413,0.0021456276699869906
1990-07-01,1990-08-01,lag_2,0.003036903319729,8.2393881970173e-05,-0.0003022752899546413,0.0021456276699869906
1990-07-01,1990-08-01,lag_3,-0.0026232502058824,-0.0003345443590117621,-0.0003022752899546413,0.0021456276699869906
1990-07-01,1990-08-01,lag_4,0.0049692029917487,-0.0003066691410490105,-0.0003022752899546413,0.0021456276699869906
1990-07-01,1990-08-01,lag_5,0.0090406409731595,-6.777800007143005e-05,-0.0003022752899546413,0.0021456276699869906
1990-07-01,1990-08-01,lag_6,-0.0050706327669249,-8.10979868445598e-05,-0.0003022752899546413,0.0021456276699869906
1990-07-01,1990-08-01,lag_7,0.0054692282901092,8.207301165819998e-05,-0.0003022752899546413,0.0021456276699869906
1990-07-01,1990-08-01,lag_8,0.0033733524412147,0.00014554272553709337,-0.0003022752899546413,0.0021456276699869906
1990-07-01,1990-08-01,lag_9,-0.0013487581284179,-3.4308870181204334e-06,-0.0003022752899546413,0.0021456276699869906
1990-07-01,1990-08-01,lag_10,-0.0031389665895469,1.4242573570572682e-05,-0.0003022752899546413,0.0021456276699869906
1990-07-01,1990-08-01,lag_11,0.0097506201691528,-0.0008435953530131517,-0.0003022752899546413,0.0021456276699869906
1990-07-01,1990-08-01,volatility_3m,0.0028691066532619373,4.0790600161067274e-05,-0.0003022752899546413,0.0021456276699869906
1990-08-01,1990-09-01,lag_0,0.0034867499970046,0.00035814026724737463,0.0034043706645455335,0.002156911614858283
1990-08-01,1990-09-01,lag_1,-0.0017488731555337,-0.0005444850414166609,0.0034043706645455335,0.002156911614858283
1990-08-01,1990-09-01,lag_2,0.0033858350269504,9.422146644568876e-05,0.0034043706645455335,0.002156911614858283
1990-08-01,1990-09-01,lag_3,0.003036903319729,5.385099980741884e-05,0.0034043706645455335,0.002156911614858283
1990-08-01,1990-09-01,lag_4,-0.0026232502058824,0.0004892205633699519,0.0034043706645455335,0.002156911614858283
1990-08-01,1990-09-01,lag_5,0.0049692029917487,-2.0627134685900464e-05,0.0034043706645455335,0.002156911614858283
1990-08-01,1990-09-01,lag_6,0.0090406409731595,6.303914561171319e-05,0.0034043706645455335,0.002156911614858283
1990-08-01,1990-09-01,lag_7,-0.0050706327669249,-0.0001650311127611315,0.0034043706645455335,0.002156911614858283
1990-08-01,1990-09-01,lag_8,0.0054692282901092,0.0003413224160738215,0.0034043706645455335,0.002156911614858283
1990-08-01,1990-09-01,lag_9,0.0033733524412147,-2.1091585030815447e-08,0.0034043706645455335,0.002156911614858283
1990-08-01,1990-09-01,lag_10,-0.0013487581284179,1.8164423031847624e-05,0.0034043706645455335,0.002156911614858283
1990-08-01,1990-09-01,lag_11,-0.0031389665895469,0.0005222883151667764,0.0034043706645455335,0.002156911614858283
1990-08-01,1990-09-01,volatility_3m,0.0029940819891313736,3.737583338138171e-05,0.0034043706645455335,0.002156911614858283
1990-09-01,1990-10-01,lag_0,7.625111401843299e-05,-0.0007666123615884981,0.0011186361870939238,0.002195447331505524
1990-09-01,1990-10-01,lag_1,0.0034867499970046,0.0001526753324409999,0.0011186361870939238,0.002195447331505524
1990-09-01,1990-10-01,lag_2,-0.0017488731555337,-0.0004207026205520882,0.0011186361870939238,0.002195447331505524
1990-09-01,1990-10-01,lag_3,0.0033858350269504,6.078934644057228e-05,0.0011186361870939238,0.002195447331505524
1990-09-01,1990-10-01,lag_4,0.003036903319729,-7.97965605658867e-05,0.0011186361870939238,0.002195447331505524
1990-09-01,1990-10-01,lag_5,-0.0026232502058824,3.568081234542774e-05,0.0011186361870939238,0.002195447331505524
1990-09-01,1990-10-01,lag_6,0.0049692029917487,1.9047029029018717e-05,0.0011186361870939238,0.002195447331505524
1990-09-01,1990-10-01,lag_7,0.0090406409731595,0.00019143702856594497,0.0011186361870939238,0.002195447331505524
1990-09-01,1990-10-01,lag_8,-0.0050706327669249,-0.0006215620219036524,0.0011186361870939238,0.002195447331505524
1990-09-01,1990-10-01,lag_9,0.0054692282901092,-1.0275846831654619e-06,0.0011186361870939238,0.002195447331505524
1990-09-01,1990-10-01,lag_10,0.0033733524412147,-8.094178068202179e-06,0.0011186361870939238,0.002195447331505524
1990-09-01,1990-10-01,lag_11,-0.0013487581284179,0.000324271979898192,0.0011186361870939238,0.002195447331505524
1990-09-01,1990-10-01,volatility_3m,0.002657515475826785,3.708265422973713e-05,0.0011186361870939238,0.002195447331505524
1990-10-01,1990-11-01,lag_0,-0.0058596531436769,-0.002695091141846826,-0.0005086682566614042,0.0021745747606316747
1990-10-01,1990-11-01,lag_1,7.625111401843299e-05,-0.0003212298880996884,-0.0005086682566614042,0.0021745747606316747
1990-10-01,1990-11-01,lag_2,0.0034867499970046,0.0001197232479794611,-0.0005086682566614042,0.0021745747606316747
1990-10-01,1990-11-01,lag_3,-0.0017488731555337,-0.0002722279410273523,-0.0005086682566614042,0.0021745747606316747
1990-10-01,1990-11-01,lag_4,0.0033858350269504,-9.169466948731736e-05,-0.0005086682566614042,0.0021745747606316747
1990-10-01,1990-11-01,lag_5,0.003036903319729,-2.5767451581782436e-06,-0.0005086682566614042,0.0021745747606316747
1990-10-01,1990-11-01,lag_6,-0.0026232502058824,-2.213798058224605e-05,-0.0005086682566614042,0.0021745747606316747
1990-10-01,1990-11-01,lag_7,0.0049692029917487,6.394641131468092e-05,-0.0005086682566614042,0.0021745747606316747
1990-10-01,1990-11-01,lag_8,0.0090406409731595,0.0006975525774859758,-0.0005086682566614042,0.0021745747606316747
1990-10-01,1990-11-01,lag_9,-0.0050706327669249,2.4888635212427833e-05,-0.0005086682566614042,0.0021745747606316747
1990-10-01,1990-11-01,lag_10,0.0054692282901092,-2.282181562253063e-05,-0.0005086682566614042,0.0021745747606316747
1990-10-01,1990-11-01,lag_11,0.0033733524412147,-0.00015479778998548287,-0.0005086682566614042,0.0021745747606316747
1990-10-01,1990-11-01,volatility_3m,0.004729723629267649,-6.775917476002749e-06,-0.0005086682566614042,0.0021745747606316747
1990-11-01,1990-12-01,lag_0,-0.0127971437648062,-0.005009676936942649,-0.0037967844175645035,0.002183855771249765
1990-11-01,1990-12-01,lag_1,-0.0058596531436769,-0.0011229719755376233,-0.0037967844175645035,0.002183855771249765
1990-11-01,1990-12-01,lag_2,7.625111401843299e-05,-0.00024745374390921344,-0.0037967844175645035,0.002183855771249765
1990-11-01,1990-12-01,lag_3,0.0034867499970046,7.917681078418702e-05,-0.0037967844175645035,0.002183855771249765
1990-11-01,1990-12-01,lag_4,-0.0017488731555337,0.00041616952768180925,-0.0037967844175645035,0.002183855771249765
1990-11-01,1990-12-01,lag_5,0.0033858350269504,-3.9872977262452376e-06,-0.0037967844175645035,0.002183855771249765
1990-11-01,1990-12-01,lag_6,0.003036903319729,7.884812195430029e-06,-0.0037967844175645035,0.002183855771249765
1990-11-01,1990-12-01,lag_7,-0.0026232502058824,-9.130695664311875e-05,-0.0037967844175645035,0.002183855771249765
1990-11-01,1990-12-01,lag_8,0.0049692029917487,0.00026606001453445056,-0.0037967844175645035,0.002183855771249765
1990-11-01,1990-12-01,lag_9,0.0090406409731595,3.2039458851531027e-05,-0.0037967844175645035,0.002183855771249765
1990-11-01,1990-12-01,lag_10,-0.0050706327669249,7.65573198077456e-05,-0.0037967844175645035,0.002183855771249765
1990-11-01,1990-12-01,lag_11,0.0054692282901092,-0.00035527148466378057,-0.0037967844175645035,0.002183855771249765
1990-11-01,1990-12-01,volatility_3m,0.006443188020187559,-2.7859737246792144e-05,-0.0037967844175645035,0.002183855771249765
1990-12-01,1991-01-01,lag_0,-0.0073665965881337,-0.0032500787647300757,-0.0040300879130683595,0.0021581126457324426
1990-12-01,1991-01-01,lag_1,-0.0127971437648062,-0.002053969215554623,-0.0040300879130683595,0.0021581126457324426
1990-12-01,1991-01-01,lag_2,-0.0058596531436769,-0.000858398819339841,-0.0040300879130683595,0.0021581126457324426
1990-12-01,1991-01-01,lag_3,7.625111401843299e-05,-0.00016522374173851527,-0.0040300879130683595,0.0021581126457324426
1990-12-01,1991-01-01,lag_4,0.0034867499970046,-0.00011497718729722938,-0.0040300879130683595,0.0021581126457324426
1990-12-01,1991-01-01,lag_5,-0.0017488731555337,1.657621672067262e-05,-0.0040300879130683595,0.0021581126457324426
1990-12-01,1991-01-01,lag_6,0.0033858350269504,8.015922969925604e-06,-0.0040300879130683595,0.0021581126457324426
1990-12-01,1991-01-01,lag_7,0.003036903319729,1.67646293952071e-05,-0.0040300879130683595,0.0021581126457324426
1990-12-01,1991-01-01,lag_8,-0.0026232502058824,-0.00042076632658550196,-0.0040300879130683595,0.0021581126457324426
1990-12-01,1991-01-01,lag_9,0.0049692029917487,3.7665846203893406e-06,-0.0040300879130683595,0.0021581126457324426
1990-12-01,1991-01-01,lag_10,0.0090406409731595,-5.2763129102854305e-05,-0.0040300879130683595,0.0021581126457324426
1990-12-01,1991-01-01,lag_11,-0.0050706327669249,0.0006724344426519291,-0.0040300879130683595,0.0021581126457324426
1990-12-01,1991-01-01,volatility_3m,0.003648983815190059,1.0418829189715435e-05,-0.0040300879130683595,0.0021581126457324426
1991-01-01,1991-02-01,lag_0,-0.0032611910765636,-0.001892205748091675,-0.0036310877975958846,0.002153090841814989
1991-01-01,1991-02-01,lag_1,-0.0073665965881337,-0.001305138774743578,-0.0036310877975958846,0.002153090841814989
1991-01-01,1991-02-01,lag_2,-0.0127971437648062,-0.0015595617892059156,-0.0036310877975958846,0.002153090841814989
1991-01-01,1991-02-01,lag_3,-0.0058596531436769,-0.0005764673735790047,-0.0036310877975958846,0.002153090841814989
1991-01-01,1991-02-01,lag_4,7.625111401843299e-05,0.00024584186709247264,-0.0036310877975958846,0.002153090841814989
1991-01-01,1991-02-01,lag_5,0.0034867499970046,-4.785489653959404e-06,-0.0036310877975958846,0.002153090841814989
1991-01-01,1991-02-01,lag_6,-0.0017488731555337,-3.613221280968942e-05,-0.0036310877975958846,0.002153090841814989
1991-01-01,1991-02-01,lag_7,0.0033858350269504,1.9063444544898763e-05,-0.0036310877975958846,0.002153090841814989
1991-01-01,1991-02-01,lag_8,0.003036903319729,6.965191747427356e-05,-0.0036310877975958846,0.002153090841814989
1991-01-01,1991-02-01,lag_9,-0.0026232502058824,-7.692099380261063e-06,-0.0036310877975958846,0.002153090841814989
1991-01-01,1991-02-01,lag_10,0.0049692029917487,-1.9175208186969974e-05,-0.0036310877975958846,0.002153090841814989
1991-01-01,1991-02-01,lag_11,0.0090406409731595,-0.0007098730694208301,-0.0036310877975958846,0.002153090841814989
1991-01-01,1991-02-01,volatility_3m,0.004783297166963688,-7.704103450634995e-06,-0.0036310877975958846,0.002153090841814989
1991-02-01,1991-03-01,lag_0,-0.0074159360650281,-0.0032582583376614713,-0.0033669032932926763,0.0021168496542623514
1991-02-01,1991-03-01,lag_1,-0.0032611910765636,-0.0007703274748326479,-0.0033669032932926763,0.0021168496542623514
1991-02-01,1991-03-01,lag_2,-0.0073665965881337,-0.001036224962678305,-0.0033669032932926763,0.0021168496542623514
1991-02-01,1991-03-01,lag_3,-0.0127971437648062,-0.0010664157719665378,-0.0033669032932926763,0.0021168496542623514
1991-02-01,1991-03-01,lag_4,-0.0058596531436769,0.0008584412735390529,-0.0033669032932926763,0.0021168496542623514
1991-02-01,1991-03-01,lag_5,7.625111401843299e-05,1.4874165976679636e-05,-0.0033669032932926763,0.0021168496542623514
1991-02-01,1991-03-01,lag_6,0.0034867499970046,1.0937182921629653e-05,-0.0033669032932926763,0.0021168496542623514
1991-02-01,1991-03-01,lag_7,-0.0017488731555337,-8.313270081036952e-05,-0.0033669032932926763,0.0021168496542623514
1991-02-01,1991-03-01,lag_8,0.0033858350269504,7.918721150738307e-05,-0.0033669032932926763,0.0021168496542623514
1991-02-01,1991-03-01,lag_9,0.003036903319729,3.269793587930588e-06,-0.0033669032932926763,0.0021168496542623514
1991-02-01,1991-03-01,lag_10,-0.0026232502058824,3.5616288459128483e-05,-0.0033669032932926763,0.0021168496542623514
1991-02-01,1991-03-01,lag_11,0.0049692029917487,-0.00030015469787782076,-0.0033669032932926763,0.0021168496542623514
1991-02-01,1991-03-01,volatility_3m,0.002384627668965718,2.8435082280319888e-05,-0.0033669032932926763,0.0021168496542623514
1991-03-01,1991-04-01,lag_0,-0.0057710392662917,-0.002732342009211988,-0.0015283660453412236,0.0020796425556534183
1991-03-01,1991-04-01,lag_1,-0.0074159360650281,-0.0013253254952898792,-0.0015283660453412236,0.0020796425556534183
1991-03-01,1991-04-01,lag_2,-0.0032611910765636,-0.0006090854122045794,-0.0015283660453412236,0.0020796425556534183
1991-03-01,1991-04-01,lag_3,-0.0073665965881337,-0.000703458873341633,-0.0015283660453412236,0.0020796425556534183
1991-03-01,1991-04-01,lag_4,-0.0127971437648062,0.001553386799647136,-0.0015283660453412236,0.0020796425556534183
1991-03-01,1991-04-01,lag_5,-0.0058596531436769,5.031379870946836e-05,-0.0015283660453412236,0.0020796425556534183
1991-03-01,1991-04-01,lag_6,7.625111401843299e-05,-2.0310062256915278e-05,-0.0015283660453412236,0.0020796425556534183
1991-03-01,1991-04-01,lag_7,0.0034867499970046,2.345036080594305e-05,-0.0015283660453412236,0.0020796425556534183
1991-03-01,1991-04-01,lag_8,-0.0017488731555337,-0.00035350636370084886,-0.0015283660453412236,0.0020796425556534183
1991-03-01,1991-04-01,lag_9,0.0033858350269504,3.491650519513339e-06,-0.0015283660453412236,0.0020796425556534183
1991-03-01,1991-04-01,lag_10,0.003036903319729,-4.740397838418005e-06,-0.0015283660453412236,0.0020796425556534183
1991-03-01,1991-04-01,lag_11,-0.0026232502058824,0.0004865840991359017,-0.0015283660453412236,0.0020796425556534183
1991-03-01,1991-04-01,volatility_3m,0.0020923244383996135,2.353330403165795e-05,-0.0015283660453412236,0.0020796425556534183
1991-04-01,1991-05-01,lag_0,0.0026351435941132,6.53292580534341e-05,0.0005994105996973264,0.0021058179398255735
1991-04-01,1991-05-01,lag_1,-0.0057710392662917,-0.0010933519868782308,0.0005994105996973264,0.0021058179398255735
1991-04-01,1991-05-01,lag_2,-0.0074159360650281,-0.001057591185586123,0.0005994105996973264,0.0021058179398255735
1991-04-01,1991-05-01,lag_3,-0.0032611910765636,-0.00040041790321947466,0.0005994105996973264,0.0021058179398255735
1991-04-01,1991-05-01,lag_4,-0.0073665965881337,0.0010291142641962639,0.0005994105996973264,0.0021058179398255735
1991-04-01,1991-05-01,lag_5,-0.0127971437648062,0.00011010750588153039,0.0005994105996973264,0.0021058179398255735
1991-04-01,1991-05-01,lag_6,-0.0058596531436769,-7.363745206889386e-05,0.0005994105996973264,0.0021058179398255735
1991-04-01,1991-05-01,lag_7,7.625111401843299e-05,-5.5425279973811006e-05,0.0005994105996973264,0.0021058179398255735
1991-04-01,1991-05-01,lag_8,0.0034867499970046,9.663623785806435e-05,0.0005994105996973264,0.0021058179398255735
1991-04-01,1991-05-01,lag_9,-0.0017488731555337,-1.828019425783802e-05,0.0005994105996973264,0.0021058179398255735
1991-04-01,1991-05-01,lag_10,0.0033858350269504,-4.118395524659215e-06,0.0005994105996973264,0.0021058179398255735
1991-04-01,1991-05-01,lag_11,0.003036903319729,-8.345404124277019e-05,0.0005994105996973264,0.0021058179398255735
1991-04-01,1991-05-01,volatility_3m,0.005391255235339638,-2.131816736573875e-05,0.0005994105996973264,0.0021058179398255735
1991-05-01,1991-06-01,lag_0,0.0093701506011978,0.0022885557597677694,0.0029836597162050133,0.002161497978393963
1991-05-01,1991-06-01,lag_1,0.0026351435941132,2.5403502780190413e-05,0.0029836597162050133,0.002161497978393963
1991-05-01,1991-06-01,lag_2,-0.0057710392662917,-0.0008509262907079034,0.0029836597162050133,0.002161497978393963
1991-05-01,1991-06-01,lag_3,-0.0074159360650281,-0.0007038212020143686,0.0029836597162050133,0.002161497978393963
1991-05-01,1991-06-01,lag_4,-0.0032611910765636,0.0006158716826619282,0.0029836597162050133,0.002161497978393963
1991-05-01,1991-06-01,lag_5,-0.0073665965881337,0.0001331199803219715,0.0029836597162050133,0.002161497978393963
1991-05-01,1991-06-01,lag_6,-0.0127971437648062,-0.00010530798506631706,0.0029836597162050133,0.002161497978393963
1991-05-01,1991-06-01,lag_7,-0.0058596531436769,-0.00020252852866919303,0.0029836597162050133,0.002161497978393963
1991-05-01,1991-06-01,lag_8,7.625111401843299e-05,-0.00021706870252653947,0.0029836597162050133,0.002161497978393963
1991-05-01,1991-06-01,lag_9,0.0034867499970046,1.0374233501023692e-06,0.0029836597162050133,0.002161497978393963
1991-05-01,1991-06-01,lag_10,-0.0017488731555337,1.218299705304363e-05,0.0029836597162050133,0.002161497978393963
1991-05-01,1991-06-01,lag_11,0.0033858350269504,-9.471663617622285e-05,0.0029836597162050133,0.002161497978393963
1991-05-01,1991-06-01,volatility_3m,0.007585950393890564,-7.964026296341041e-05,0.0029836597162050133,0.002161497978393963
1991-06-01,1991-07-01,lag_0,0.0080704132490545,0.00193250459253348,0.004690144093653393,0.0021828213636819463
1991-06-01,1991-07-01,lag_1,0.0093701506011978,0.0008814353481243948,0.004690144093653393,0.0021828213636819463
1991-06-01,1991-07-01,lag_2,0.0026351435941132,1.9852489756305348e-05,0.004690144093653393,0.0021828213636819463
1991-06-01,1991-07-01,lag_3,-0.0057710392662917,-0.0006056543346158211,0.004690144093653393,0.0021828213636819463
1991-06-01,1991-07-01,lag_4,-0.0074159360650281,0.001117472937629971,0.004690144093653393,0.0021828213636819463
1991-06-01,1991-07-01,lag_5,-0.0032611910765636,8.65033972512223e-05,0.004690144093653393,0.0021828213636819463
1991-06-01,1991-07-01,lag_6,-0.0073665965881337,-6.674427643446834e-05,0.004690144093653393,0.0021828213636819463
1991-06-01,1991-07-01,lag_7,-0.0127971437648062,-0.00041163820866435324,0.004690144093653393,0.0021828213636819463
1991-06-01,1991-07-01,lag_8,-0.0058596531436769,-0.0008482882180807785,0.004690144093653393,0.0021828213636819463
1991-06-01,1991-07-01,lag_9,7.625111401843299e-05,5.31859603199402e-06,0.004690144093653393,0.0021828213636819463
1991-06-01,1991-07-01,lag_10,0.0034867499970046,-1.2006583385241065e-05,0.004690144093653393,0.0021828213636819463
1991-06-01,1991-07-01,lag_11,-0.0017488731555337,0.00039661213056114454,0.004690144093653393,0.0021828213636819463
1991-06-01,1991-07-01,volatility_3m,0.003572855832336388,1.1954859263596181e-05,0.004690144093653393,0.0021828213636819463
1991-07-01,1991-08-01,lag_0,0.0027966918655684,7.160994048645095e-05,0.0028587022838278586,0.0022071257742349746
1991-07-01,1991-08-01,lag_1,0.0080704132490545,0.0007205923351141202,0.0028587022838278586,0.0022071257742349746
1991-07-01,1991-08-01,lag_2,0.0093701506011978,0.0006865008799523426,0.0028587022838278586,0.0022071257742349746
1991-07-01,1991-08-01,lag_3,0.0026351435941132,1.4726858543455012e-05,0.0028587022838278586,0.0022071257742349746
1991-07-01,1991-08-01,lag_4,-0.0057710392662917,0.0009248165419219567,0.0028587022838278586,0.0022071257742349746
1991-07-01,1991-08-01,lag_5,-0.0074159360650281,0.0001533029157106262,0.0028587022838278586,0.0022071257742349746
1991-07-01,1991-08-01,lag_6,-0.0032611910765636,-4.1148567221335304e-05,0.0028587022838278586,0.0022071257742349746
1991-07-01,1991-08-01,lag_7,-0.0073665965881337,-0.00027530715588831053,0.0028587022838278586,0.0022071257742349746
1991-07-01,1991-08-01,lag_8,-0.0127971437648062,-0.0015508780931429403,0.0028587022838278586,0.0022071257742349746
1991-07-01,1991-08-01,lag_9,-0.0058596531436769,1.7998004093699415e-05,0.0028587022838278586,0.0022071257742349746
1991-07-01,1991-08-01,lag_10,7.625111401843299e-05,2.8095889575558518e-05,0.0028587022838278586,0.0022071257742349746
1991-07-01,1991-08-01,lag_11,0.0034867499970046,-0.000109151566502228,0.0028587022838278586,0.0022071257742349746
1991-07-01,1991-08-01,volatility_3m,0.003481183088267012,1.0418526949488894e-05,0.0028587022838278586,0.0022071257742349746
1991-08-01,1991-09-01,lag_0,-1.1339677612909329e-05,-0.0008715252474111469,0.001605559111387346,0.0021739523741675804
1991-08-01,1991-09-01,lag_1,0.0027966918655684,2.652617304726654e-05,0.001605559111387346,0.0021739523741675804
1991-08-01,1991-09-01,lag_2,0.0080704132490545,0.0005574727416453037,0.001605559111387346,0.0021739523741675804
1991-08-01,1991-09-01,lag_3,0.0093701506011978,0.000509507835754888,0.001605559111387346,0.0021739523741675804
1991-08-01,1991-09-01,lag_4,0.0026351435941132,-2.1915232851849547e-05,0.001605559111387346,0.0021739523741675804
1991-08-01,1991-09-01,lag_5,-0.0057710392662917,0.00011855342120889461,0.001605559111387346,0.0021739523741675804
1991-08-01,1991-09-01,lag_6,-0.0074159360650281,-6.595371128799616e-05,0.001605559111387346,0.0021739523741675804
1991-08-01,1991-09-01,lag_7,-0.0032611910765636,-0.00016193712087162246,0.001605559111387346,0.0021739523741675804
1991-08-01,1991-09-01,lag_8,-0.0073665965881337,-0.0010138592826631028,0.001605559111387346,0.0021739523741675804
1991-08-01,1991-09-01,lag_9,-0.0127971437648062,2.094433672410231e-05,0.001605559111387346,0.0021739523741675804
1991-08-01,1991-09-01,lag_10,-0.0058596531436769,9.825484744791571e-05,0.001605559111387346,0.0021739523741675804
1991-08-01,1991-09-01,lag_11,7.625111401843299e-05,0.00023631685168555306,0.001605559111387346,0.0021739523741675804
1991-08-01,1991-09-01,volatility_3m,0.004103086414433184,-7.78875208440553e-07,0.001605559111387346,0.0021739523741675804
1991-09-01,1991-10-01,lag_0,0.0079016589511224,0.0018738018328489816,0.003567741252874522,0.002141348526809148
1991-09-01,1991-10-01,lag_1,-1.1339677612909329e-05,-0.00032196071039535706,0.003567741252874522,0.002141348526809148
1991-09-01,1991-10-01,lag_2,0.0027966918655684,2.1271251026464803e-05,0.003567741252874522,0.002141348526809148
1991-09-01,1991-10-01,lag_3,0.0080704132490545,0.00043904615547052774,0.003567741252874522,0.002141348526809148
1991-09-01,1991-10-01,lag_4,0.0093701506011978,-0.0007545614806558913,0.003567741252874522,0.002141348526809148
1991-09-01,1991-10-01,lag_5,0.0026351435941132,-3.426656062705726e-06,0.003567741252874522,0.002141348526809148
1991-09-01,1991-10-01,lag_6,-0.0057710392662917,-3.2957157419767315e-05,0.003567741252874522,0.002141348526809148
1991-09-01,1991-10-01,lag_7,-0.0074159360650281,-0.00028966500626015503,0.003567741252874522,0.002141348526809148
1991-09-01,1991-10-01,lag_8,-0.0032611910765636,-0.0005878177404135751,0.003567741252874522,0.002141348526809148
1991-09-01,1991-10-01,lag_9,-0.0073665965881337,5.583663717283242e-05,0.003567741252874522,0.002141348526809148
1991-09-01,1991-10-01,lag_10,-0.0127971437648062,0.00021161518381205055,0.003567741252874522,0.002141348526809148
1991-09-01,1991-10-01,lag_11,-0.0058596531436769,0.0008155614775907082,0.003567741252874522,0.002141348526809148
1991-09-01,1991-10-01,volatility_3m,0.004011676237153612,-3.5106064873929966e-07,0.003567741252874522,0.002141348526809148
1991-10-01,1991-11-01,lag_0,-0.0005466018382946,-0.001006487153765435,0.0011751607574836877,0.0021330297081686538
1991-10-01,1991-11-01,lag_1,0.0079016589511224,0.0007061383255955515,0.0011751607574836877,0.0021330297081686538
1991-10-01,1991-11-01,lag_2,-1.1339677612909329e-05,-0.0002600788039201333,0.0011751607574836877,0.0021330297081686538
1991-10-01,1991-11-01,lag_3,0.0027966918655684,1.5961167830611586e-05,0.0011751607574836877,0.0021330297081686538
1991-10-01,1991-11-01,lag_4,0.0080704132490545,-0.0006326532455983593,0.0011751607574836877,0.0021330297081686538
1991-10-01,1991-11-01,lag_5,0.0093701506011978,-0.00012112956740526342,0.0011751607574836877,0.0021330297081686538
1991-10-01,1991-11-01,lag_6,0.0026351435941132,1.1641240875575184e-06,0.0011751607574836877,0.0021330297081686538
1991-10-01,1991-11-01,lag_7,-0.0057710392662917,-0.00025567414589984223,0.0011751607574836877,0.0021330297081686538
1991-10-01,1991-11-01,lag_8,-0.0074159360650281,-0.001006129274169623,0.0011751607574836877,0.0021330297081686538
1991-10-01,1991-11-01,lag_9,-0.0032611910765636,2.8657426971565102e-05,0.0011751607574836877,0.0021330297081686538
1991-10-01,1991-11-01,lag_10,-0.0073665965881337,0.00010116272609536235,0.0011751607574836877,0.0021330297081686538
1991-10-01,1991-11-01,lag_11,-0.0127971437648062,0.0014813624693070888,0.0011751607574836877,0.0021330297081686538
1991-10-01,1991-11-01,volatility_3m,0.004730665267609925,-1.0162999814047082e-05,0.0011751607574836877,0.0021330297081686538
1991-11-01,1991-12-01,lag_0,-0.0015836157055426,-0.001339524153732079,0.0008179111888460544,0.002080646442194707
1991-11-01,1991-12-01,lag_1,-0.0005466018382946,-0.00037701769466656375,0.0008179111888460544,0.002080646442194707
1991-11-01,1991-12-01,lag_2,0.0079016589511224,0.000567573643607171,0.0008179111888460544,0.002080646442194707
1991-11-01,1991-12-01,lag_3,-1.1339677612909329e-05,-0.00019498497562326714,0.0008179111888460544,0.002080646442194707
1991-11-01,1991-12-01,lag_4,0.0027966918655684,-2.371818997149352e-05,0.0008179111888460544,0.002080646442194707
1991-11-01,1991-12-01,lag_5,0.0080704132490545,-0.00010696939228153557,0.0008179111888460544,0.002080646442194707
1991-11-01,1991-12-01,lag_6,0.0093701506011978,3.7194825751747304e-05,0.0008179111888460544,0.002080646442194707
1991-11-01,1991-12-01,lag_7,0.0026351435941132,6.342743693692596e-06,0.0008179111888460544,0.002080646442194707
1991-11-01,1991-12-01,lag_8,-0.0057710392662917,-0.0008509434628805649,0.0008179111888460544,0.002080646442194707
1991-11-01,1991-12-01,lag_9,-0.0074159360650281,5.3052340606511474e-05,0.0008179111888460544,0.002080646442194707
1991-11-01,1991-12-01,lag_10,-0.0032611910765636,5.719812470036445e-05,0.0008179111888460544,0.002080646442194707
1991-11-01,1991-12-01,lag_11,-0.0073665965881337,0.0009247738063803078,0.0008179111888460544,0.002080646442194707
1991-11-01,1991-12-01,volatility_3m,0.005202866893025369,-1.571286893294353e-05,0.0008179111888460544,0.002080646442194707
1991-12-01,1992-01-01,lag_0,-0.0048743843095229,-0.0024131799217787355,0.0004099243425985783,0.0019868896997074685
1991-12-01,1992-01-01,lag_1,-0.0015836157055426,-0.0005052304449313234,0.0004099243425985783,0.0019868896997074685
1991-12-01,1992-01-01,lag_2,-0.0005466018382946,-0.00029609386874841694,0.0004099243425985783,0.0019868896997074685
1991-12-01,1992-01-01,lag_3,0.0079016589511224,0.0004364484565430119,0.0004099243425985783,0.0019868896997074685
1991-12-01,1992-01-01,lag_4,-1.1339677612909329e-05,0.00028692375337346026,0.0004099243425985783,0.0019868896997074685
1991-12-01,1992-01-01,lag_5,0.0027966918655684,-4.418670961787683e-06,0.0004099243425985783,0.0019868896997074685
1991-12-01,1992-01-01,lag_6,0.0080704132490545,1.4166716013217597e-05,0.0004099243425985783,0.0019868896997074685
1991-12-01,1992-01-01,lag_7,0.0093701506011978,0.00021105012694790906,0.0004099243425985783,0.0019868896997074685
1991-12-01,1992-01-01,lag_8,0.0026351435941132,2.0969008605574273e-05,0.0004099243425985783,0.0019868896997074685
1991-12-01,1992-01-01,lag_9,-0.0057710392662917,2.1329562970312138e-05,0.0004099243425985783,0.0019868896997074685
1991-12-01,1992-01-01,lag_10,-0.0074159360650281,0.00010837418573593762,0.0004099243425985783,0.0019868896997074685
1991-12-01,1992-01-01,lag_11,-0.0032611910765636,0.0005207155743001971,0.0004099243425985783,0.0019868896997074685
1991-12-01,1992-01-01,volatility_3m,0.002259581704802832,2.1980164821753494e-05,0.0004099243425985783,0.0019868896997074685
1992-01-01,1992-02-01,lag_0,-0.0052512640267554,-0.0025045564547213654,-0.0008669899120888492,0.0018966102480072453
1992-01-01,1992-02-01,lag_1,-0.0048743843095229,-0.0009062999824058584,-0.0008669899120888492,0.0018966102480072453
1992-01-01,1992-02-01,lag_2,-0.0015836157055426,-0.0003983768009000869,-0.0008669899120888492,0.0018966102480072453
1992-01-01,1992-02-01,lag_3,-0.0005466018382946,-0.0002271078373716716,-0.0008669899120888492,0.0018966102480072453
1992-01-01,1992-02-01,lag_4,0.0079016589511224,-0.0006062684537168027,-0.0008669899120888492,0.0018966102480072453
1992-01-01,1992-02-01,lag_5,-1.1339677612909329e-05,5.0162164315616484e-05,-0.0008669899120888492,0.0018966102480072453
1992-01-01,1992-02-01,lag_6,0.0027966918655684,6.664767715548643e-08,-0.0008669899120888492,0.0018966102480072453
1992-01-01,1992-02-01,lag_7,0.0080704132490545,0.0001545779004733508,-0.0008669899120888492,0.0018966102480072453
1992-01-01,1992-02-01,lag_8,0.0093701506011978,0.0007154471666875835,-0.0008669899120888492,0.0018966102480072453
1992-01-01,1992-02-01,lag_9,0.0026351435941132,1.304510916121148e-08,-0.0008669899120888492,0.0018966102480072453
1992-01-01,1992-02-01,lag_10,-0.0057710392662917,5.8441273242543234e-05,-0.0008669899120888492,0.0018966102480072453
1992-01-01,1992-02-01,lag_11,-0.0074159360650281,0.0008898317911817028,-0.0008669899120888492,0.0018966102480072453
1992-01-01,1992-02-01,volatility_3m,0.0020175414301528308,1.046938033257723e-05,-0.0008669899120888492,0.0018966102480072453
1992-02-01,1992-03-01,lag_0,0.0070348895922904,0.0017676677995300523,0.0032306824733193285,0.0018262369733555767
1992-02-01,1992-03-01,lag_1,-0.0052512640267554,-0.0009158295676108318,0.0032306824733193285,0.0018262369733555767
1992-02-01,1992-03-01,lag_2,-0.0048743843095229,-0.0007179900814209229,0.0032306824733193285,0.0018262369733555767
1992-02-01,1992-03-01,lag_3,-0.0015836157055426,-0.0002946214816922445,0.0032306824733193285,0.0018262369733555767
1992-02-01,1992-03-01,lag_4,-0.0005466018382946,0.00031453305929691485,0.0032306824733193285,0.0018262369733555767
1992-02-01,1992-03-01,lag_5,0.0079016589511224,-0.00013408545130766844,0.0032306824733193285,0.0018262369733555767
1992-02-01,1992-03-01,lag_6,-1.1339677612909329e-05,2.071277810424734e-06,0.0032306824733193285,0.0018262369733555767
1992-02-01,1992-03-01,lag_7,0.0027966918655684,6.447459906781121e-06,0.0032306824733193285,0.0018262369733555767
1992-02-01,1992-03-01,lag_8,0.0080704132490545,0.0006199137913066566,0.0032306824733193285,0.0018262369733555767
1992-02-01,1992-03-01,lag_9,0.0093701506011978,1.3947504604061803e-05,0.0032306824733193285,0.0018262369733555767
1992-02-01,1992-03-01,lag_10,0.0026351435941132,-2.3185985600548534e-06,0.0032306824733193285,0.0018262369733555767
1992-02-01,1992-03-01,lag_11,-0.0057710392662917,0.0007946556072603084,0.0032306824733193285,0.0018262369733555767
1992-02-01,1992-03-01,volatility_3m,0.0069871598180813645,-4.9945819159725386e-05,0.0032306824733193285,0.0018262369733555767
1992-03-01,1992-04-01,lag_0,0.0084895220004987,0.0022871906328285176,0.003774368916182103,0.001813035924113544
1992-03-01,1992-04-01,lag_1,0.0070348895922904,0.0006355263661642479,0.003774368916182103,0.001813035924113544
1992-03-01,1992-04-01,lag_2,-0.0052512640267554,-0.0007276082784159047,0.003774368916182103,0.001813035924113544
1992-03-01,1992-04-01,lag_3,-0.0048743843095229,-0.0005281768784793674,0.003774368916182103,0.001813035924113544
1992-03-01,1992-04-01,lag_4,-0.0015836157055426,0.00042174580193621037,0.003774368916182103,0.001813035924113544
1992-03-01,1992-04-01,lag_5,-0.0005466018382946,6.182414191376559e-05,0.003774368916182103,0.001813035924113544
1992-03-01,1992-04-01,lag_6,0.0079016589511224,-1.7043073725010034e-05,0.003774368916182103,0.001813035924113544
1992-03-01,1992-04-01,lag_7,-1.1339677612909329e-05,-7.674975778961156e-05,0.003774368916182103,0.001813035924113544
1992-03-01,1992-04-01,lag_8,0.0027966918655684,2.3452512958519714e-05,0.003774368916182103,0.001813035924113544
1992-03-01,1992-04-01,lag_9,0.0080704132490545,2.40900686262808e-05,0.003774368916182103,0.001813035924113544
1992-03-01,1992-04-01,lag_10,0.0093701506011978,-6.816806417376154e-05,0.003774368916182103,0.001813035924113544
1992-03-01,1992-04-01,lag_11,0.0026351435941132,-1.9886513178256995e-05,0.003774368916182103,0.001813035924113544
1992-03-01,1992-04-01,volatility_3m,0.007548451572348945,-5.486396659707097e-05,0.003774368916182103,0.001813035924113544
1992-04-01,1992-05-01,lag_0,0.0075614666667966,0.0019641680871364847,0.0045998420426371835,0.0018077181529765503
1992-04-01,1992-05-01,lag_1,0.0084895220004987,0.0008267908686313859,0.0045998420426371835,0.0018077181529765503
1992-04-01,1992-05-01,lag_2,0.0070348895922904,0.0005064377859503779,0.0045998420426371835,0.0018077181529765503
1992-04-01,1992-05-01,lag_3,-0.0052512640267554,-0.0005336352664060281,0.0045998420426371835,0.0018077181529765503
1992-04-01,1992-05-01,lag_4,-0.0048743843095229,0.000758505428295066,0.0045998420426371835,0.0018077181529765503
1992-04-01,1992-05-01,lag_5,-0.0015836157055426,8.358231722356046e-05,0.0045998420426371835,0.0018077181529765503
1992-04-01,1992-05-01,lag_6,-0.0005466018382946,1.0629129066310133e-06,0.0045998420426371835,0.0018077181529765503
1992-04-01,1992-05-01,lag_7,0.0079016589511224,0.00015769521120442,0.0045998420426371835,0.0018077181529765503
1992-04-01,1992-05-01,lag_8,-1.1339677612909329e-05,-0.00028319519681569967,0.0045998420426371835,0.0018077181529765503
1992-04-01,1992-05-01,lag_9,0.0027966918655684,1.0731162943686927e-06,0.0045998420426371835,0.0018077181529765503
1992-04-01,1992-05-01,lag_10,0.0080704132490545,-4.432929488441507e-05,0.0045998420426371835,0.0018077181529765503
1992-04-01,1992-05-01,lag_11,0.0093701506011978,-0.0006902943156690597,0.0045998420426371835,0.0018077181529765503
1992-04-01,1992-05-01,volatility_3m,0.0007364923127929103,4.426223579354237e-05,0.0045998420426371835,0.0018077181529765503
1992-05-01,1992-06-01,lag_0,0.0032856911647831,0.0004799947223751079,0.004916337967235464,0.0018146316779264111
1992-05-01,1992-06-01,lag_1,0.0075614666667966,0.0007042683141299267,0.004916337967235464,0.0018146316779264111
1992-05-01,1992-06-01,lag_2,0.0084895220004987,0.0006456279133678987,0.004916337967235464,0.0018146316779264111
1992-05-01,1992-06-01,lag_3,0.0070348895922904,0.0003869627806729834,0.004916337967235464,0.0018146316779264111
1992-05-01,1992-06-01,lag_4,-0.0052512640267554,0.0007748675151418152,0.004916337967235464,0.0018146316779264111
1992-05-01,1992-06-01,lag_5,-0.0048743843095229,0.00014943187342323342,0.004916337967235464,0.0018146316779264111
1992-05-01,1992-06-01,lag_6,-0.0015836157055426,4.880811221995223e-07,0.004916337967235464,0.0018146316779264111
1992-05-01,1992-06-01,lag_7,-0.0005466018382946,-8.215581917878918e-05,0.004916337967235464,0.0018146316779264111
1992-05-01,1992-06-01,lag_8,0.0079016589511224,0.0006146866027531323,0.004916337967235464,0.0018146316779264111
1992-05-01,1992-06-01,lag_9,-1.1339677612909329e-05,-1.4043934636966043e-05,0.004916337967235464,0.0018146316779264111
1992-05-01,1992-06-01,lag_10,0.0027966918655684,-1.706770092014936e-06,0.004916337967235464,0.0018146316779264111
1992-05-01,1992-06-01,lag_11,0.0080704132490545,-0.0005706360196331689,0.004916337967235464,0.0018146316779264111
1992-05-01,1992-06-01,volatility_3m,0.002775589973704577,1.3921029863694923e-05,0.004916337967235464,0.0018146316779264111
1992-06-01,1992-07-01,lag_0,0.0005117224959834,-0.000412112323192577,0.0020578710876563524,0.0015161372845964086
1992-06-01,1992-07-01,lag_1,0.0032856911647831,0.00011011500542519779,0.0020578710876563524,0.0015161372845964086
1992-06-01,1992-07-01,lag_2,0.0075614666667966,0.0005069499781541023,0.0020578710876563524,0.0015161372845964086
1992-06-01,1992-07-01,lag_3,0.0084895220004987,0.00043884657588455446,0.0020578710876563524,0.0015161372845964086
1992-06-01,1992-07-01,lag_4,0.0070348895922904,-0.0001607244927907902,0.0020578710876563524,0.0015161372845964086
1992-06-01,1992-07-01,lag_5,-0.0052512640267554,0.00027299635753170846,0.0020578710876563524,0.0015161372845964086
1992-06-01,1992-07-01,lag_6,-0.0048743843095229,-0.00017628550523591648,0.0020578710876563524,0.0015161372845964086
1992-06-01,1992-07-01,lag_7,-0.0015836157055426,8.149449545419837e-05,0.0020578710876563524,0.0015161372845964086
1992-06-01,1992-07-01,lag_8,-0.0005466018382946,-0.0003076875685852415,0.0020578710876563524,0.0015161372845964086
1992-06-01,1992-07-01,lag_9,0.0079016589511224,0.00025489056610940997,0.0020578710876563524,0.0015161372845964086
1992-06-01,1992-07-01,lag_10,-1.1339677612909329e-05,-1.090957843659649e-05,0.0020578710876563524,0.0015161372845964086
1992-06-01,1992-07-01,lag_11,0.0027966918655684,-1.331289245955558e-05,0.0020578710876563524,0.0015161372845964086
1992-06-01,1992-07-01,volatility_3m,0.00355143283743843,-4.252681479855035e-05,0.0020578710876563524,0.0015161372845964086
1992-07-01,1992-08-01,lag_0,0.0091649380729315,0.0025158429803450264,0.0038742536722693012,0.0014925896490044204
1992-07-01,1992-08-01,lag_1,0.0005117224959834,-8.090423945733041e-05,0.0038742536722693012,0.0014925896490044204
1992-07-01,1992-08-01,lag_2,0.0032856911647831,0.00015268309237140894,0.0038742536722693012,0.0014925896490044204
1992-07-01,1992-08-01,lag_3,0.0075614666667966,0.0003966079272220133,0.0038742536722693012,0.0014925896490044204
1992-07-01,1992-08-01,lag_4,0.0084895220004987,-0.00015445863976797696,0.0038742536722693012,0.0014925896490044204
1992-07-01,1992-08-01,lag_5,0.0070348895922904,-0.00015754913823626477,0.0038742536722693012,0.0014925896490044204
1992-07-01,1992-08-01,lag_6,-0.0052512640267554,-8.379319518008566e-05,0.0038742536722693012,0.0014925896490044204
1992-07-01,1992-08-01,lag_7,-0.0048743843095229,0.00016757004909511553,0.0038742536722693012,0.0014925896490044204
1992-07-01,1992-08-01,lag_8,-0.0015836157055426,-0.00038841671475069325,0.0038742536722693012,0.0014925896490044204
1992-07-01,1992-08-01,lag_9,-0.0005466018382946,-0.00020215666406515271,0.0038742536722693012,0.0014925896490044204
1992-07-01,1992-08-01,lag_10,0.0079016589511224,-1.861813316577215e-05,0.0038742536722693012,0.0014925896490044204
1992-07-01,1992-08-01,lag_11,-1.1339677612909329e-05,0.00017982283036662694,0.0038742536722693012,0.0014925896490044204
1992-07-01,1992-08-01,volatility_3m,0.0044184949587612625,5.503386848796528e-05,0.0038742536722693012,0.0014925896490044204
1992-08-01,1992-09-01,lag_0,-0.0056075545766312,-0.002422613400855015,-0.0014248627960974842,0.0014227399499536462
1992-08-01,1992-09-01,lag_1,0.0091649380729315,0.0005260933585225609,-0.0014248627960974842,0.0014227399499536462
1992-08-01,1992-09-01,lag_2,0.0005117224959834,-0.00012712349104074326,-0.0014248627960974842,0.0014227399499536462
1992-08-01,1992-09-01,lag_3,0.0032856911647831,0.00010252830580581999,-0.0014248627960974842,0.0014227399499536462
1992-08-01,1992-09-01,lag_4,0.0075614666667966,-0.00013411558694109195,-0.0014248627960974842,0.0014227399499536462
1992-08-01,1992-09-01,lag_5,0.0084895220004987,-0.0002659821229473907,-0.0014248627960974842,0.0014227399499536462
1992-08-01,1992-09-01,lag_6,0.0070348895922904,0.0001412505174088552,-0.0014248627960974842,0.0014227399499536462
1992-08-01,1992-09-01,lag_7,-0.0052512640267554,0.0001943229622876489,-0.0014248627960974842,0.0014227399499536462
1992-08-01,1992-09-01,lag_8,-0.0048743843095229,-0.000691443281254025,-0.0014248627960974842,0.0014227399499536462
1992-08-01,1992-09-01,lag_9,-0.0015836157055426,-0.00022862487505982503,-0.0014248627960974842,0.0014227399499536462
1992-08-01,1992-09-01,lag_10,-0.0005466018382946,1.0124781505066952e-05,-0.0014248627960974842,0.0014227399499536462
1992-08-01,1992-09-01,lag_11,0.0079016589511224,-0.0003809751011635277,-0.0014248627960974842,0.0014227399499536462
1992-08-01,1992-09-01,volatility_3m,0.0074223786707715645,0.0004289551876805366,-0.0014248627960974842,0.0014227399499536462
1992-09-01,1992-10-01,lag_0,0.0032931151719015,0.0005439738253586629,0.0011098689306911767,0.001437510745396526
1992-09-01,1992-10-01,lag_1,-0.0056075545766312,-0.0006872240068017308,0.0011098689306911767,0.001437510745396526
1992-09-01,1992-10-01,lag_2,0.0091649380729315,0.0006363339642194183,0.0011098689306911767,0.001437510745396526
1992-09-01,1992-10-01,lag_3,0.0005117224959834,-7.746082426573948e-05,0.0011098689306911767,0.001437510745396526
1992-09-01,1992-10-01,lag_4,0.0032856911647831,-3.328352905849563e-05,0.0011098689306911767,0.001437510745396526
1992-09-01,1992-10-01,lag_5,0.0075614666667966,-0.00026938877119252327,0.0011098689306911767,0.001437510745396526
1992-09-01,1992-10-01,lag_6,0.0084895220004987,0.00022028187947856402,0.0011098689306911767,0.001437510745396526
1992-09-01,1992-10-01,lag_7,0.0070348895922904,-0.0001265669547783148,0.0011098689306911767,0.001437510745396526
1992-09-01,1992-10-01,lag_8,-0.0052512640267554,-0.0007393953052344342,0.0011098689306911767,0.001437510745396526
1992-09-01,1992-10-01,lag_9,-0.0048743843095229,-0.00035295450174819664,0.0011098689306911767,0.001437510745396526
1992-09-01,1992-10-01,lag_10,-0.0015836157055426,3.5903680921212175e-06,0.0011098689306911767,0.001437510745396526
1992-09-01,1992-10-01,lag_11,-0.0005466018382946,0.00021280491169826758,0.0011098689306911767,0.001437510745396526
1992-09-01,1992-10-01,volatility_3m,0.007437817390817568,0.00034164712952705124,0.0011098689306911767,0.001437510745396526
1992-10-01,1992-11-01,lag_0,0.0067288906847986,0.0016765628546980037,0.003781812722810109,0.0014258969185728014
1992-10-01,1992-11-01,lag_1,0.0032931151719015,0.000146269075505807,0.003781812722810109,0.0014258969185728014
1992-10-01,1992-11-01,lag_2,-0.0056075545766312,-0.0006309034902020595,0.003781812722810109,0.0014258969185728014
1992-10-01,1992-11-01,lag_3,0.0091649380729315,0.00049338503138469,0.003781812722810109,0.0014258969185728014
1992-10-01,1992-11-01,lag_4,0.0005117224959834,2.130774655011457e-05,0.003781812722810109,0.0014258969185728014
1992-10-01,1992-11-01,lag_5,0.0032856911647831,-4.6864309305862536e-05,0.003781812722810109,0.0014258969185728014
1992-10-01,1992-11-01,lag_6,0.0075614666667966,0.0003388465494434673,0.003781812722810109,0.0014258969185728014
1992-10-01,1992-11-01,lag_7,0.0084895220004987,-0.00019016098722987278,0.003781812722810109,0.0014258969185728014
1992-10-01,1992-11-01,lag_8,0.0070348895922904,0.0003721245745001434,0.003781812722810109,0.0014258969185728014
1992-10-01,1992-11-01,lag_9,-0.0052512640267554,-0.00039179280303230425,0.003781812722810109,0.0014258969185728014
1992-10-01,1992-11-01,lag_10,-0.0048743843095229,1.4514250743878462e-05,0.003781812722810109,0.0014258969185728014
1992-10-01,1992-11-01,lag_11,-0.0015836157055426,0.00023577357452404124,0.003781812722810109,0.0014258969185728014
1992-10-01,1992-11-01,volatility_3m,0.006366767325151782,0.00031685373665726077,0.003781812722810109,0.0014258969185728014
1992-11-01,1992-12-01,lag_0,0.0037850447982945,0.0007105620938736734,0.003070808496537907,0.0014782909114749265
1992-11-01,1992-12-01,lag_1,0.0067288906847986,0.000439670222281408,0.003070808496537907,0.0014782909114749265
1992-11-01,1992-12-01,lag_2,0.0032931151719015,0.00014579811542784246,0.003070808496537907,0.0014782909114749265
1992-11-01,1992-12-01,lag_3,-0.0056075545766312,-0.0004868285428698366,0.003070808496537907,0.0014782909114749265
1992-11-01,1992-12-01,lag_4,0.0091649380729315,-0.00014545225284161886,0.003070808496537907,0.0014782909114749265
1992-11-01,1992-12-01,lag_5,0.0005117224959834,3.6050620216035196e-05,0.003070808496537907,0.0014782909114749265
1992-11-01,1992-12-01,lag_6,0.0032856911647831,7.810260772072873e-05,0.003070808496537907,0.0014782909114749265
1992-11-01,1992-12-01,lag_7,0.0075614666667966,-0.00012363834201130233,0.003070808496537907,0.0014782909114749265
1992-11-01,1992-12-01,lag_8,0.0084895220004987,0.00045909843146718773,0.003070808496537907,0.0014782909114749265
1992-11-01,1992-12-01,lag_9,0.0070348895922904,0.0002929141427901464,0.003070808496537907,0.0014782909114749265
1992-11-01,1992-12-01,lag_10,-0.0052512640267554,2.5288728448906148e-05,0.003070808496537907,0.0014782909114749265
1992-11-01,1992-12-01,lag_11,-0.0048743843095229,0.00043690605887281947,0.003070808496537907,0.0014782909114749265
1992-11-01,1992-12-01,volatility_3m,0.0018579907039520589,-0.00027595429831300903,0.003070808496537907,0.0014782909114749265
1992-12-01,1993-01-01,lag_0,0.0016874963663999,1.7101994572136075e-05,0.0029385764688520614,0.0014332143710651369
1992-12-01,1993-01-01,lag_1,0.0037850447982945,0.0001886091818897971,0.0029385764688520614,0.0014332143710651369
1992-12-01,1993-01-01,lag_2,0.0067288906847986,0.00044109201395152496,0.0029385764688520614,0.0014332143710651369
1992-12-01,1993-01-01,lag_3,0.0032931151719015,0.00011086015765679188,0.0029385764688520614,0.0014332143710651369
1992-12-01,1993-01-01,lag_4,-0.0056075545766312,0.00013183976338919612,0.0029385764688520614,0.0014332143710651369
1992-12-01,1993-01-01,lag_5,0.0091649380729315,-0.00025413217311223295,0.0029385764688520614,0.0014332143710651369
1992-12-01,1993-01-01,lag_6,0.0005117224959834,-7.161255495596213e-05,0.0029385764688520614,0.0014332143710651369
1992-12-01,1993-01-01,lag_7,0.0032856911647831,-3.9124736842562626e-05,0.0029385764688520614,0.0014332143710651369
1992-12-01,1993-01-01,lag_8,0.0075614666667966,0.0004097263611466214,0.0029385764688520614,0.0014332143710651369
1992-12-01,1993-01-01,lag_9,0.0084895220004987,0.0003447905393201112,0.0029385764688520614,0.0014332143710651369
1992-12-01,1993-01-01,lag_10,0.0070348895922904,-4.369301555384464e-07,0.0029385764688520614,0.0014332143710651369
1992-12-01,1993-01-01,lag_11,-0.0052512640267554,0.00044156992686412245,0.0029385764688520614,0.0014332143710651369
1992-12-01,1993-01-01,volatility_3m,0.002532508463336082,-0.00021492144593708036,0.0029385764688520614,0.0014332143710651369
1993-01-01,1993-02-01,lag_0,0.0038325424872445,0.0007160513760413014,0.003056618424490724,0.0014580642087749702
1993-01-01,1993-02-01,lag_1,0.0016874963663999,4.478022186475607e-06,0.003056618424490724,0.0014580642087749702
1993-01-01,1993-02-01,lag_2,0.0037850447982945,0.00019019395224437722,0.003056618424490724,0.0014580642087749702
1993-01-01,1993-02-01,lag_3,0.0067288906847986,0.0003441859564644483,0.003056618424490724,0.0014580642087749702
1993-01-01,1993-02-01,lag_4,0.0032931151719015,-3.264614171581735e-05,0.003056618424490724,0.0014580642087749702
1993-01-01,1993-02-01,lag_5,-0.0056075545766312,0.0002490961888369493,0.003056618424490724,0.0014580642087749702
1993-01-01,1993-02-01,lag_6,0.0091649380729315,0.00041315258301783254,0.003056618424490724,0.0014580642087749702
1993-01-01,1993-02-01,lag_7,0.0005117224959834,3.1828244595515284e-05,0.003056618424490724,0.0014580642087749702
1993-01-01,1993-02-01,lag_8,0.0032856911647831,0.00010303430368263544,0.003056618424490724,0.0014580642087749702
1993-01-01,1993-02-01,lag_9,0.0075614666667966,0.00029490854808783394,0.003056618424490724,0.0014580642087749702
1993-01-01,1993-02-01,lag_10,0.0084895220004987,-4.2962336253064455e-06,0.003056618424490724,0.0014580642087749702
1993-01-01,1993-02-01,lag_11,0.0070348895922904,-0.0003225357857783906,0.003056618424490724,0.0014580642087749702
1993-01-01,1993-02-01,volatility_3m,0.001224961789550294,-0.00038889679832210066,0.003056618424490724,0.0014580642087749702
1993-02-01,1993-03-01,lag_0,0.0048043938793247,0.0010121641653476825,0.001412476141242716,0.0015295515471014905
1993-02-01,1993-03-01,lag_1,0.0038325424872445,0.0001881605223956432,0.001412476141242716,0.0015295515471014905
1993-02-01,1993-03-01,lag_2,0.0016874963663999,4.596597126109494e-06,0.001412476141242716,0.0015295515471014905
1993-02-01,1993-03-01,lag_3,0.0037850447982945,0.00014851398958563755,0.001412476141242716,0.0015295515471014905
1993-02-01,1993-03-01,lag_4,0.0067288906847986,-9.346014448613851e-05,0.001412476141242716,0.0015295515471014905
1993-02-01,1993-03-01,lag_5,0.0032931151719015,-5.105591579050055e-05,0.001412476141242716,0.0015295515471014905
1993-02-01,1993-03-01,lag_6,-0.0056075545766312,-0.00041409700327646644,0.001412476141242716,0.0015295515471014905
1993-02-01,1993-03-01,lag_7,0.0091649380729315,-0.00018019496044905877,0.001412476141242716,0.0015295515471014905
1993-02-01,1993-03-01,lag_8,0.0005117224959834,-8.214580821553358e-05,0.001412476141242716,0.0015295515471014905
1993-02-01,1993-03-01,lag_9,0.0032856911647831,8.108496399614589e-05,0.001412476141242716,0.0015295515471014905
1993-02-01,1993-03-01,lag_10,0.0075614666667966,-1.4018275511337035e-05,0.001412476141242716,0.0015295515471014905
1993-02-01,1993-03-01,lag_11,0.0084895220004987,-0.00040908377906121915,0.001412476141242716,0.0015295515471014905
1993-02-01,1993-03-01,volatility_3m,0.0015948232971563286,-0.0003075397575197392,0.001412476141242716,0.0015295515471014905
1993-03-01,1993-04-01,lag_0,-0.0008739137323683,-0.0008451814913478738,0.0012175893014412353,0.0014801414156902781
1993-03-01,1993-04-01,lag_1,0.0048043938793247,0.000266336942237005,0.0012175893014412353,0.0014801414156902781
1993-03-01,1993-04-01,lag_2,0.0038325424872445,0.000201363910756347,0.0012175893014412353,0.0014801414156902781
1993-03-01,1993-04-01,lag_3,0.0016874963663999,4.041615880649513e-06,0.0012175893014412353,0.0014801414156902781
1993-03-01,1993-04-01,lag_4,0.0037850447982945,-4.9666135740332394e-05,0.0012175893014412353,0.0014801414156902781
1993-03-01,1993-04-01,lag_5,0.0067288906847986,-0.00020867165130356166,0.0012175893014412353,0.0014801414156902781
1993-03-01,1993-04-01,lag_6,0.0032931151719015,9.419790704741105e-05,0.0012175893014412353,0.0014801414156902781
1993-03-01,1993-04-01,lag_7,-0.0056075545766312,0.00025828391845325344,0.0012175893014412353,0.0014801414156902781
1993-03-01,1993-04-01,lag_8,0.0091649380729315,0.0006211695307728051,0.0012175893014412353,0.0014801414156902781
1993-03-01,1993-04-01,lag_9,0.0005117224959834,-7.146313076995486e-05,0.0012175893014412353,0.0014801414156902781
1993-03-01,1993-04-01,lag_10,0.0032856911647831,-2.077972350793034e-06,0.0012175893014412353,0.0014801414156902781
1993-03-01,1993-04-01,lag_11,0.0075614666667966,-0.000396431361349394,0.0012175893014412353,0.0014801414156902781
1993-03-01,1993-04-01,volatility_3m,0.0030369502961696874,-0.00013445419653460402,0.0012175893014412353,0.0014801414156902781
1993-04-01,1993-05-01,lag_0,0.002739405003636,0.00033223941837462196,0.0016901793168737893,0.001448492842281601
1993-04-01,1993-05-01,lag_1,-0.0008739137323683,-0.00022155494865082822,0.0016901793168737893,0.001448492842281601
1993-04-01,1993-05-01,lag_2,0.0048043938793247,0.0002847286110318225,0.0016901793168737893,0.001448492842281601
1993-04-01,1993-05-01,lag_3,0.0038325424872445,0.00016358415375878181,0.0016901793168737893,0.001448492842281601
1993-04-01,1993-05-01,lag_4,0.0016874963663999,-1.0184939091972317e-06,0.0016901793168737893,0.001448492842281601
1993-04-01,1993-05-01,lag_5,0.0037850447982945,-9.134375098150445e-05,0.0016901793168737893,0.001448492842281601
1993-04-01,1993-05-01,lag_6,0.0067288906847986,0.00029200669959334645,0.0016901793168737893,0.001448492842281601
1993-04-01,1993-05-01,lag_7,0.0032931151719015,-6.43701594031761e-05,0.0016901793168737893,0.001448492842281601
1993-04-01,1993-05-01,lag_8,-0.0056075545766312,-0.0006246571091023392,0.0016901793168737893,0.001448492842281601
1993-04-01,1993-05-01,lag_9,0.0091649380729315,0.00043391607274493135,0.0016901793168737893,0.001448492842281601
1993-04-01,1993-05-01,lag_10,0.0005117224959834,1.1146096882481066e-06,0.0016901793168737893,0.001448492842281601
1993-04-01,1993-05-01,lag_11,0.0032856911647831,-9.829264628755353e-05,0.0016901793168737893,0.001448492842281601
1993-04-01,1993-05-01,volatility_3m,0.0028741209867160097,-0.00016466598226496512,0.0016901793168737893,0.001448492842281601
1993-05-01,1993-06-01,lag_0,-0.0037915803418799,-0.0017774099218683186,-0.0006735902484155455,0.0014192844690563355
1993-05-01,1993-06-01,lag_1,0.002739405003636,8.949181372353429e-05,-0.0006735902484155455,0.0014192844690563355
1993-05-01,1993-06-01,lag_2,-0.0008739137323683,-0.00024256927206792883,-0.0006735902484155455,0.0014192844690563355
1993-05-01,1993-06-01,lag_3,0.0048043938793247,0.00022030074027442633,-0.0006735902484155455,0.0014192844690563355
1993-05-01,1993-06-01,lag_4,0.0038325424872445,-4.75663637115343e-05,-0.0006735902484155455,0.0014192844690563355
1993-05-01,1993-06-01,lag_5,0.0016874963663999,-2.2161471661815196e-06,-0.0006735902484155455,0.0014192844690563355
1993-05-01,1993-06-01,lag_6,0.0037850447982945,0.00011849082499434088,-0.0006735902484155455,0.0014192844690563355
1993-05-01,1993-06-01,lag_7,0.0067288906847986,-0.00020356877548042635,-0.0006735902484155455,0.0014192844690563355
1993-05-01,1993-06-01,lag_8,0.0032931151719015,0.0001553781798071139,-0.0006735902484155455,0.0014192844690563355
1993-05-01,1993-06-01,lag_9,-0.0056075545766312,-0.000373826648798156,-0.0006735902484155455,0.0014192844690563355
1993-05-01,1993-06-01,lag_10,0.0091649380729315,1.6376356077303324e-06,-0.0006735902484155455,0.0014192844690563355
1993-05-01,1993-06-01,lag_11,0.0005117224959834,8.48042528807146e-05,-0.0006735902484155455,0.0014192844690563355
1993-05-01,1993-06-01,volatility_3m,0.0032716616653611476,-0.00011582103566719594,-0.0006735902484155455,0.0014192844690563355
1993-06-01,1993-07-01,lag_0,0.0022526473495334,0.00017355293168961591,0.000798471722864311,0.0014599148876690113
1993-06-01,1993-07-01,lag_1,-0.0037915803418799,-0.0005203608482733835,0.000798471722864311,0.0014599148876690113
1993-06-01,1993-07-01,lag_2,0.002739405003636,8.750378453891724e-05,0.000798471722864311,0.0014599148876690113
1993-06-01,1993-07-01,lag_3,-0.0008739137323683,-0.00019688401548793456,0.000798471722864311,0.0014599148876690113
1993-06-01,1993-07-01,lag_4,0.0048043938793247,-5.859796820916991e-05,0.000798471722864311,0.0014599148876690113
1993-06-01,1993-07-01,lag_5,0.0038325424872445,-9.870122910697732e-05,0.000798471722864311,0.0014599148876690113
1993-06-01,1993-07-01,lag_6,0.0016874963663999,2.8373845306577695e-06,0.000798471722864311,0.0014599148876690113
1993-06-01,1993-07-01,lag_7,0.0037850447982945,-8.509878889198476e-05,0.000798471722864311,0.0014599148876690113
1993-06-01,1993-07-01,lag_8,0.0067288906847986,0.0004714847828192104,0.000798471722864311,0.0014599148876690113
1993-06-01,1993-07-01,lag_9,0.0032931151719015,8.162695116138065e-05,0.000798471722864311,0.0014599148876690113
1993-06-01,1993-07-01,lag_10,-0.0056075545766312,-1.6608163370106737e-05,0.000798471722864311,0.0014599148876690113
1993-06-01,1993-07-01,lag_11,0.0091649380729315,-0.0004411397718712009,0.000798471722864311,0.0014599148876690113
1993-06-01,1993-07-01,volatility_3m,0.0036383006789529795,-6.105821433372469e-05,0.000798471722864311,0.0014599148876690113
1993-07-01,1993-08-01,lag_0,0.0026931164973129,0.0003164736535493162,0.0023548137932086987,0.0014612385281932774
1993-07-01,1993-08-01,lag_1,0.0022526473495334,5.0299071014517516e-05,0.0023548137932086987,0.0014612385281932774
1993-07-01,1993-08-01,lag_2,-0.0037915803418799,-0.0004864362415203519,0.0023548137932086987,0.0014612385281932774
1993-07-01,1993-08-01,lag_3,0.002739405003636,7.975741789770867e-05,0.0023548137932086987,0.0014612385281932774
1993-07-01,1993-08-01,lag_4,-0.0008739137323683,5.668758901900582e-05,0.0023548137932086987,0.0014612385281932774
1993-07-01,1993-08-01,lag_5,0.0048043938793247,-0.00013837590919452527,0.0023548137932086987,0.0014612385281932774
1993-07-01,1993-08-01,lag_6,0.0038325424872445,0.00012131534535479854,0.0023548137932086987,0.0014612385281932774
1993-07-01,1993-08-01,lag_7,0.0016874963663999,-2.123627337331787e-06,0.0023548137932086987,0.0014612385281932774
1993-07-01,1993-08-01,lag_8,0.0037850447982945,0.00020305649761715166,0.0023548137932086987,0.0014612385281932774
1993-07-01,1993-08-01,lag_9,0.0067288906847986,0.00027847649604635774,0.0023548137932086987,0.0014612385281932774
1993-07-01,1993-08-01,lag_10,0.0032931151719015,9.683361261443422e-08,0.0023548137932086987,0.0014612385281932774
1993-07-01,1993-08-01,lag_11,-0.0056075545766312,0.00047551227320541807,0.0023548137932086987,0.0014612385281932774
1993-07-01,1993-08-01,volatility_3m,0.003623488065203427,-6.116413424925852e-05,0.0023548137932086987,0.0014612385281932774
1993-08-01,1993-09-01,lag_0,-0.0012064683528301,-0.0009324267643014747,0.00017150208664176974,0.0014381696823073916
1993-08-01,1993-09-01,lag_1,0.0026931164973129,9.321036593911673e-05,0.00017150208664176974,0.0014381696823073916
1993-08-01,1993-09-01,lag_2,0.0022526473495334,4.65116118848898e-05,0.00017150208664176974,0.0014381696823073916
1993-08-01,1993-09-01,lag_3,-0.0037915803418799,-0.00039306997644862347,0.00017150208664176974,0.0014381696823073916
1993-08-01,1993-09-01,lag_4,0.002739405003636,-1.9296083695950015e-05,0.00017150208664176974,0.0014381696823073916
1993-08-01,1993-09-01,lag_5,-0.0008739137323683,0.00011459876712893591,0.00017150208664176974,0.0014381696823073916
1993-08-01,1993-09-01,lag_6,0.0048043938793247,0.00017080774271494462,0.00017150208664176974,0.0014381696823073916
1993-08-01,1993-09-01,lag_7,0.0038325424872445,-8.676472314698466e-05,0.00017150208664176974,0.0014381696823073916
1993-08-01,1993-09-01,lag_8,0.0016874963663999,4.9262267514708e-06,0.00017150208664176974,0.0014381696823073916
1993-08-01,1993-09-01,lag_9,0.0037850447982945,9.795576302615686e-05,0.00017150208664176974,0.0014381696823073916
1993-08-01,1993-09-01,lag_10,0.0067288906847986,1.4411440550863139e-05,0.00017150208664176974,0.0014381696823073916
1993-08-01,1993-09-01,lag_11,0.0032931151719015,-0.00010014263607074453,0.00017150208664176974,0.0014381696823073916
1993-08-01,1993-09-01,volatility_3m,0.002135659793285911,-0.0002773893299982223,0.00017150208664176974,0.0014381696823073916
1993-09-01,1993-10-01,lag_0,0.0052914883157351,0.0011410246726571251,0.002035113374303389,0.0014798340782882983
1993-09-01,1993-10-01,lag_1,-0.0012064683528301,-0.00027197727426890827,0.002035113374303389,0.0014798340782882983
1993-09-01,1993-10-01,lag_2,0.0026931164973129,8.393026805231509e-05,0.002035113374303389,0.0014798340782882983
1993-09-01,1993-10-01,lag_3,0.0022526473495334,3.729251720113177e-05,0.002035113374303389,0.0014798340782882983
1993-09-01,1993-10-01,lag_4,-0.0037915803418799,8.533055829401652e-05,0.002035113374303389,0.0014798340782882983
1993-09-01,1993-10-01,lag_5,0.002739405003636,-4.061094241689741e-05,0.002035113374303389,0.0014798340782882983
1993-09-01,1993-10-01,lag_6,-0.0008739137323683,-0.00014937478164503323,0.002035113374303389,0.0014798340782882983
1993-09-01,1993-10-01,lag_7,0.0048043938793247,-9.976857262865029e-05,0.002035113374303389,0.0014798340782882983
1993-09-01,1993-10-01,lag_8,0.0038325424872445,0.0001785721574403472,0.002035113374303389,0.0014798340782882983
1993-09-01,1993-10-01,lag_9,0.0016874963663999,2.4477113656539835e-06,0.002035113374303389,0.0014798340782882983
1993-09-01,1993-10-01,lag_10,0.0037850447982945,1.6532688080286279e-06,0.002035113374303389,0.0014798340782882983
1993-09-01,1993-10-01,lag_11,0.0067288906847986,-0.00029482994575474023,0.002035113374303389,0.0014798340782882983
1993-09-01,1993-10-01,volatility_3m,0.003270620200532473,-0.00011841034108929831,0.002035113374303389,0.0014798340782882983
1993-10-01,1993-11-01,lag_0,0.0073036524223031,0.0017971844391164236,0.0040474651721599045,0.0014918676225228718
1993-10-01,1993-11-01,lag_1,0.0052914883157351,0.0003245194407011938,0.0040474651721599045,0.0014918676225228718
1993-10-01,1993-11-01,lag_2,-0.0012064683528301,-0.00024980323770450733,0.0040474651721599045,0.0014918676225228718
1993-10-01,1993-11-01,lag_3,0.0026931164973129,6.391950536659019e-05,0.0040474651721599045,0.0014918676225228718
1993-10-01,1993-11-01,lag_4,0.0022526473495334,-1.0335282545338361e-05,0.0040474651721599045,0.0014918676225228718
1993-10-01,1993-11-01,lag_5,-0.0037915803418799,0.00021761754971956403,0.0040474651721599045,0.0014918676225228718
1993-10-01,1993-11-01,lag_6,0.002739405003636,5.714044480217147e-05,0.0040474651721599045,0.0014918676225228718
1993-10-01,1993-11-01,lag_7,-0.0008739137323683,8.334362290133853e-05,0.0040474651721599045,0.0014918676225228718
1993-10-01,1993-11-01,lag_8,0.0048043938793247,0.0002564184989075581,0.0040474651721599045,0.0014918676225228718
1993-10-01,1993-11-01,lag_9,0.0038325424872445,9.887275626020245e-05,0.0040474651721599045,0.0014918676225228718
1993-10-01,1993-11-01,lag_10,0.0016874963663999,1.5500751043523322e-07,0.0040474651721599045,0.0014918676225228718
1993-10-01,1993-11-01,lag_11,0.0037850447982945,-0.00012658955197567885,0.0040474651721599045,0.0014918676225228718
1993-10-01,1993-11-01,volatility_3m,0.004447741015872838,4.3154356577079584e-05,0.0040474651721599045,0.0014918676225228718
1993-11-01,1993-12-01,lag_0,0.0045590055532489,0.0008515910724941826,0.0022903596920960958,0.0015949160113402122
1993-11-01,1993-12-01,lag_1,0.0073036524223031,0.0005431175762495463,0.0022903596920960958,0.0015949160113402122
1993-11-01,1993-12-01,lag_2,0.0052914883157351,0.00031737594860873795,0.0022903596920960958,0.0015949160113402122
1993-11-01,1993-12-01,lag_3,-0.0012064683528301,-0.000211142652982389,0.0022903596920960958,0.0015949160113402122
1993-11-01,1993-12-01,lag_4,0.0026931164973129,-2.6383183513220307e-05,0.0022903596920960958,0.0015949160113402122
1993-11-01,1993-12-01,lag_5,0.0022526473495334,-2.909561159195221e-05,0.0022903596920960958,0.0015949160113402122
1993-11-01,1993-12-01,lag_6,-0.0037915803418799,-0.00026966734174375603,0.0022903596920960958,0.0015949160113402122
1993-11-01,1993-12-01,lag_7,0.002739405003636,-3.826377515216464e-05,0.0022903596920960958,0.0015949160113402122
1993-11-01,1993-12-01,lag_8,-0.0008739137323683,-0.00026533858404819566,0.0022903596920960958,0.0015949160113402122
1993-11-01,1993-12-01,lag_9,0.0048043938793247,0.0001606913976663788,0.0022903596920960958,0.0015949160113402122
1993-11-01,1993-12-01,lag_10,0.0038325424872445,1.3336656453314896e-06,0.0022903596920960958,0.0015949160113402122
1993-11-01,1993-12-01,lag_11,0.0016874963663999,-3.3903336781695294e-06,0.0022903596920960958,0.0015949160113402122
1993-11-01,1993-12-01,volatility_3m,0.0014211745039994816,-0.00033538449719844646,0.0022903596920960958,0.0015949160113402122
1993-12-01,1994-01-01,lag_0,0.0059052708470295,0.0012703006161730024,0.0036286408663527567,0.0016395535486283222
1993-12-01,1994-01-01,lag_1,0.0045590055532489,0.0002583947601425775,0.0036286408663527567,0.0016395535486283222
1993-12-01,1994-01-01,lag_2,0.0073036524223031,0.0004906060418383457,0.0036286408663527567,0.0016395535486283222
1993-12-01,1994-01-01,lag_3,0.0052914883157351,0.0002355894971150468,0.0036286408663527567,0.0016395535486283222
1993-12-01,1994-01-01,lag_4,-0.0012064683528301,7.798541886893347e-05,0.0036286408663527567,0.0016395535486283222
1993-12-01,1994-01-01,lag_5,0.0026931164973129,-4.877361523403322e-05,0.0036286408663527567,0.0016395535486283222
1993-12-01,1994-01-01,lag_6,0.0022526473495334,2.7724922106426254e-05,0.0036286408663527567,0.0016395535486283222
1993-12-01,1994-01-01,lag_7,-0.0037915803418799,0.00018588408816992406,0.0036286408663527567,0.0016395535486283222
1993-12-01,1994-01-01,lag_8,0.002739405003636,9.679783118471096e-05,0.0036286408663527567,0.0016395535486283222
1993-12-01,1994-01-01,lag_9,-0.0008739137323683,-0.00013340121982834992,0.0036286408663527567,0.0016395535486283222
1993-12-01,1994-01-01,lag_10,0.0048043938793247,7.065783797721552e-06,0.0036286408663527567,0.0016395535486283222
1993-12-01,1994-01-01,lag_11,0.0038325424872445,-0.00014119419417886987,0.0036286408663527567,0.0016395535486283222
1993-12-01,1994-01-01,volatility_3m,0.0013724058988452761,-0.0003378926124310012,0.0036286408663527567,0.0016395535486283222
1994-01-01,1994-02-01,lag_0,0.0028736794669281,0.0002953218186927499,0.00205071593263972,0.0016451533699703485
1994-01-01,1994-02-01,lag_1,0.0059052708470295,0.00036272140972923707,0.00205071593263972,0.0016451533699703485
1994-01-01,1994-02-01,lag_2,0.0045590055532489,0.00023783031516578983,0.00205071593263972,0.0016451533699703485
1994-01-01,1994-02-01,lag_3,0.0073036524223031,0.0003683955486916145,0.00205071593263972,0.0016451533699703485
1994-01-01,1994-02-01,lag_4,0.0052914883157351,-8.084155893428192e-05,0.00205071593263972,0.0016451533699703485
1994-01-01,1994-02-01,lag_5,-0.0012064683528301,0.00012429632297053883,0.00205071593263972,0.0016451533699703485
1994-01-01,1994-02-01,lag_6,0.0026931164973129,5.4187321506826365e-05,0.00205071593263972,0.0016451533699703485
1994-01-01,1994-02-01,lag_7,0.0022526473495334,-1.7158463810028423e-05,0.00205071593263972,0.0016451533699703485
1994-01-01,1994-02-01,lag_8,-0.0037915803418799,-0.00046413728438265733,0.00205071593263972,0.0016451533699703485
1994-01-01,1994-02-01,lag_9,0.002739405003636,5.343085092387621e-05,0.00205071593263972,0.0016451533699703485
1994-01-01,1994-02-01,lag_10,-0.0008739137323683,-2.5247033219620484e-06,0.00205071593263972,0.0016451533699703485
1994-01-01,1994-02-01,lag_11,0.0048043938793247,-0.00019357239069499327,0.00205071593263972,0.0016451533699703485
1994-01-01,1994-02-01,volatility_3m,0.001518952520345115,-0.00033238662386733843,0.00205071593263972,0.0016451533699703485
1994-02-01,1994-03-01,lag_0,0.0005827318302769,-0.00044398319291666757,0.001115369282444674,0.0016276059592441657
1994-02-01,1994-03-01,lag_1,0.0028736794669281,8.00973256253012e-05,0.001115369282444674,0.0016276059592441657
1994-02-01,1994-03-01,lag_2,0.0059052708470295,0.00037156120819423373,0.001115369282444674,0.0016276059592441657
1994-02-01,1994-03-01,lag_3,0.0045590055532489,0.0001785568203440679,0.001115369282444674,0.0016276059592441657
1994-02-01,1994-03-01,lag_4,0.0073036524223031,-0.00016458902358924086,0.001115369282444674,0.0016276059592441657
1994-02-01,1994-03-01,lag_5,0.0052914883157351,-0.00017197972908538118,0.001115369282444674,0.0016276059592441657
1994-02-01,1994-03-01,lag_6,-0.0012064683528301,-0.00011147979419715109,0.001115369282444674,0.0016276059592441657
1994-02-01,1994-03-01,lag_7,0.0026931164973129,-3.0617152582147114e-05,0.001115369282444674,0.0016276059592441657
1994-02-01,1994-03-01,lag_8,0.0022526473495334,5.510329150380742e-05,0.001115369282444674,0.0016276059592441657
1994-02-01,1994-03-01,lag_9,-0.0037915803418799,-0.0002731145183841581,0.001115369282444674,0.0016276059592441657
1994-02-01,1994-03-01,lag_10,0.002739405003636,3.826609840829848e-06,0.001115369282444674,0.0016276059592441657
1994-02-01,1994-03-01,lag_11,-0.0008739137323683,0.00016740019107858183,0.001115369282444674,0.0016276059592441657
1994-02-01,1994-03-01,volatility_3m,0.002669844220007245,-0.00017301871263156806,0.001115369282444674,0.0016276059592441657
1994-03-01,1994-04-01,lag_0,0.0101498906066312,0.0026472752361206674,0.004604191400304668,0.0016367056265072324
1994-03-01,1994-04-01,lag_1,0.0005827318302769,-0.0001273738231616569,0.004604191400304668,0.0016367056265072324
1994-03-01,1994-04-01,lag_2,0.0028736794669281,7.951157545650484e-05,0.004604191400304668,0.0016367056265072324
1994-03-01,1994-04-01,lag_3,0.0059052708470295,0.0002479882750613519,0.004604191400304668,0.0016367056265072324
1994-03-01,1994-04-01,lag_4,0.0045590055532489,-6.746266807904552e-05,0.004604191400304668,0.0016367056265072324
1994-03-01,1994-04-01,lag_5,0.0073036524223031,-0.0002477466415602505,0.004604191400304668,0.0016367056265072324
1994-03-01,1994-04-01,lag_6,0.0052914883157351,0.00019007203895880144,0.004604191400304668,0.0016367056265072324
1994-03-01,1994-04-01,lag_7,-0.0012064683528301,9.679248453276335e-05,0.004604191400304668,0.0016367056265072324
1994-03-01,1994-04-01,lag_8,0.0026931164973129,9.04319204001795e-05,0.004604191400304668,0.0016367056265072324
1994-03-01,1994-04-01,lag_9,0.0022526473495334,2.5454283986057344e-05,0.004604191400304668,0.0016367056265072324
1994-03-01,1994-04-01,lag_10,-0.0037915803418799,-2.303594667637838e-05,0.004604191400304668,0.0016367056265072324
1994-03-01,1994-04-01,lag_11,0.002739405003636,-6.432468154453832e-05,0.004604191400304668,0.0016367056265072324
1994-03-01,1994-04-01,volatility_3m,0.004995368132503521,0.00011990372030297915,0.004604191400304668,0.0016367056265072324
1994-04-01,1994-05-01,lag_0,0.0058961380426527,0.0012663885663376448,0.003857199602290246,0.0016494493847039554
1994-04-01,1994-05-01,lag_1,0.0101498906066312,0.0007241721449718558,0.003857199602290246,0.0016494493847039554
1994-04-01,1994-05-01,lag_2,0.0005827318302769,-0.00011452816619554088,0.003857199602290246,0.0016494493847039554
1994-04-01,1994-05-01,lag_3,0.0028736794669281,5.8106609464294064e-05,0.003857199602290246,0.0016494493847039554
1994-04-01,1994-05-01,lag_4,0.0059052708470295,-7.625652618207332e-05,0.003857199602290246,0.0016494493847039554
1994-04-01,1994-05-01,lag_5,0.0045590055532489,-9.860236990003938e-05,0.003857199602290246,0.0016494493847039554
1994-04-01,1994-05-01,lag_6,0.0073036524223031,0.00032670192561974745,0.003857199602290246,0.0016494493847039554
1994-04-01,1994-05-01,lag_7,0.0052914883157351,-0.00011293303473928675,0.003857199602290246,0.0016494493847039554
1994-04-01,1994-05-01,lag_8,-0.0012064683528301,-0.0002342433516688723,0.003857199602290246,0.0016494493847039554
1994-04-01,1994-05-01,lag_9,0.0026931164973129,4.596500421852887e-05,0.003857199602290246,0.0016494493847039554
1994-04-01,1994-05-01,lag_10,0.0022526473495334,2.4003649302752798e-06,0.003857199602290246,0.0016494493847039554
1994-04-01,1994-05-01,lag_11,-0.0037915803418799,0.00032718756386808823,0.003857199602290246,0.0016494493847039554
1994-04-01,1994-05-01,volatility_3m,0.0047933499681892715,9.339148686166871e-05,0.003857199602290246,0.0016494493847039554
1994-05-01,1994-06-01,lag_0,0.0045904959585474,0.0008468672362387412,0.003260653338470485,0.0016806577714241077
1994-05-01,1994-06-01,lag_1,0.0058961380426527,0.00033846789334206526,0.003260653338470485,0.0016806577714241077
1994-05-01,1994-06-01,lag_2,0.0101498906066312,0.0006969331587683975,0.003260653338470485,0.0016806577714241077
1994-05-01,1994-06-01,lag_3,0.0005827318302769,-8.568440301297198e-05,0.003260653338470485,0.0016806577714241077
1994-05-01,1994-06-01,lag_4,0.0028736794669281,-1.7555399581989557e-05,0.003260653338470485,0.0016806577714241077
1994-05-01,1994-06-01,lag_5,0.0059052708470295,-0.00013665931557921908,0.003260653338470485,0.0016806577714241077
1994-05-01,1994-06-01,lag_6,0.0045590055532489,0.000160181785340194,0.003260653338470485,0.0016806577714241077
1994-05-01,1994-06-01,lag_7,0.0073036524223031,-0.00016321312046069768,0.003260653338470485,0.0016806577714241077
1994-05-01,1994-06-01,lag_8,0.0052914883157351,0.0002710971706789877,0.003260653338470485,0.0016806577714241077
1994-05-01,1994-06-01,lag_9,-0.0012064683528301,-0.0001483629271639085,0.003260653338470485,0.0016806577714241077
1994-05-01,1994-06-01,lag_10,0.0026931164973129,2.822256538295318e-06,0.003260653338470485,0.0016806577714241077
1994-05-01,1994-06-01,lag_11,0.0022526473495334,-3.383684717685169e-05,0.003260653338470485,0.0016806577714241077
1994-05-01,1994-06-01,volatility_3m,0.0029070598256796414,-0.00015106192088466575,0.003260653338470485,0.0016806577714241077
1994-06-01,1994-07-01,lag_0,0.0067284496871362,0.0015476178234057768,0.004669324579789882,0.0017160004422677431
1994-06-01,1994-07-01,lag_1,0.0045904959585474,0.00022584187650522418,0.004669324579789882,0.0017160004422677431
1994-06-01,1994-07-01,lag_2,0.0058961380426527,0.00033369266271523297,0.004669324579789882,0.0017160004422677431
1994-06-01,1994-07-01,lag_3,0.0101498906066312,0.0005195652050954633,0.004669324579789882,0.0017160004422677431
1994-06-01,1994-07-01,lag_4,0.0005827318302769,2.5295934921542308e-05,0.004669324579789882,0.0017160004422677431
1994-06-01,1994-07-01,lag_5,0.0028736794669281,-3.125523294081663e-05,0.004669324579789882,0.0017160004422677431
1994-06-01,1994-07-01,lag_6,0.0059052708470295,0.0002368343722353252,0.004669324579789882,0.0017160004422677431
1994-06-01,1994-07-01,lag_7,0.0045590055532489,-7.203812486055472e-05,0.004669324579789882,0.0017160004422677431
1994-06-01,1994-07-01,lag_8,0.0073036524223031,0.0004010469007546847,0.004669324579789882,0.0017160004422677431
1994-06-01,1994-07-01,lag_9,0.0052914883157351,0.00019602553072440153,0.004669324579789882,0.0017160004422677431
1994-06-01,1994-07-01,lag_10,-0.0012064683528301,8.938042567204965e-07,0.004669324579789882,0.0017160004422677431
1994-06-01,1994-07-01,lag_11,0.0026931164973129,-6.330665039962762e-05,0.004669324579789882,0.0017160004422677431
1994-06-01,1994-07-01,volatility_3m,0.0010776741986732673,-0.00036688996489123334,0.004669324579789882,0.0017160004422677431
1994-07-01,1994-08-01,lag_0,0.0013295056794984,-0.0002700599430644135,0.0026807388877361986,0.0017296024041466396
1994-07-01,1994-08-01,lag_1,0.0067284496871362,0.0004147171676079763,0.0026807388877361986,0.0017296024041466396
1994-07-01,1994-08-01,lag_2,0.0045904959585474,0.00021997760294652173,0.0026807388877361986,0.0017296024041466396
1994-07-01,1994-08-01,lag_3,0.0058961380426527,0.0002404660722095724,0.0026807388877361986,0.0017296024041466396
1994-07-01,1994-08-01,lag_4,0.0101498906066312,-0.00015367808063921587,0.0026807388877361986,0.0017296024041466396
1994-07-01,1994-08-01,lag_5,0.0005827318302769,4.895230846519312e-05,0.0026807388877361986,0.0017296024041466396
1994-07-01,1994-08-01,lag_6,0.0028736794669281,5.39570402332263e-05,0.0026807388877361986,0.0017296024041466396
1994-07-01,1994-08-01,lag_7,0.0059052708470295,-0.0001148240225937083,0.0026807388877361986,0.0017296024041466396
1994-07-01,1994-08-01,lag_8,0.0045590055532489,0.00020670515742608292,0.0026807388877361986,0.0017296024041466396
1994-07-01,1994-08-01,lag_9,0.0073036524223031,0.0002812921799132069,0.0026807388877361986,0.0017296024041466396
1994-07-01,1994-08-01,lag_10,0.0052914883157351,8.433917703790488e-06,0.0026807388877361986,0.0017296024041466396
1994-07-01,1994-08-01,lag_11,-0.0012064683528301,0.00017987251862298,0.0026807388877361986,0.0017296024041466396
1994-07-01,1994-08-01,volatility_3m,0.0027188692546487943,-0.00016467543524165343,0.0026807388877361986,0.0017296024041466396
1994-08-01,1994-09-01,lag_0,0.0066818575129268,0.0014552655822942264,0.0034057052945620303,0.0018104130291731204
1994-08-01,1994-09-01,lag_1,0.0013295056794984,-7.188955848157826e-05,0.0034057052945620303,0.0018104130291731204
1994-08-01,1994-09-01,lag_2,0.0067284496871362,0.00041562015583713303,0.0034057052945620303,0.0018104130291731204
1994-08-01,1994-09-01,lag_3,0.0045904959585474,0.0001660831876395831,0.0034057052945620303,0.0018104130291731204
1994-08-01,1994-09-01,lag_4,0.0058961380426527,-6.675115070194421e-05,0.0034057052945620303,0.0018104130291731204
1994-08-01,1994-09-01,lag_5,0.0101498906066312,-0.00029915029504372527,0.0034057052945620303,0.0018104130291731204
1994-08-01,1994-09-01,lag_6,0.0005827318302769,-8.130371118249563e-05,0.0034057052945620303,0.0018104130291731204
1994-08-01,1994-09-01,lag_7,0.0028736794669281,-2.3871354453589742e-05,0.0034057052945620303,0.0018104130291731204
1994-08-01,1994-09-01,lag_8,0.0059052708470295,0.0002856105613399408,0.0034057052945620303,0.0018104130291731204
1994-08-01,1994-09-01,lag_9,0.0045590055532489,0.00015570197452290262,0.0034057052945620303,0.0018104130291731204
1994-08-01,1994-09-01,lag_10,0.0073036524223031,-8.879814247697773e-06,0.0034057052945620303,0.0018104130291731204
1994-08-01,1994-09-01,lag_11,0.0052914883157351,-0.00022971024488278942,0.0034057052945620303,0.0018104130291731204
1994-08-01,1994-09-01,volatility_3m,0.0031037192038238584,-0.00010143306725105548,0.0034057052945620303,0.0018104130291731204
1994-09-01,1994-10-01,lag_0,0.0031405492615519,0.0002779122239833768,0.0028409670384766904,0.001833516630605791
1994-09-01,1994-10-01,lag_1,0.0066818575129268,0.00041420952672947505,0.0028409670384766904,0.001833516630605791
1994-09-01,1994-10-01,lag_2,0.0013295056794984,-7.248829725571427e-05,0.0028409670384766904,0.001833516630605791
1994-09-01,1994-10-01,lag_3,0.0067284496871362,0.0002980271399583329,0.0028409670384766904,0.001833516630605791
1994-09-01,1994-10-01,lag_4,0.0045904959585474,-4.8660635167598034e-05,0.0028409670384766904,0.001833516630605791
1994-09-01,1994-10-01,lag_5,0.0058961380426527,-0.00015412134798452646,0.0028409670384766904,0.001833516630605791
1994-09-01,1994-10-01,lag_6,0.0101498906066312,0.0004799704705894143,0.0028409670384766904,0.001833516630605791
1994-09-01,1994-10-01,lag_7,0.0005827318302769,3.438366247028288e-05,0.0028409670384766904,0.001833516630605791
1994-09-01,1994-10-01,lag_8,0.0028736794669281,6.793399898527025e-05,0.0028409670384766904,0.001833516630605791
1994-09-01,1994-10-01,lag_9,0.0059052708470295,0.00022112250772355913,0.0028409670384766904,0.001833516630605791
1994-09-01,1994-10-01,lag_10,0.0045590055532489,-5.6174316527774516e-06,0.0028409670384766904,0.001833516630605791
1994-09-01,1994-10-01,lag_11,0.0073036524223031,-0.0003586151825299023,0.0028409670384766904,0.001833516630605791
1994-09-01,1994-10-01,volatility_3m,0.0027223890591463193,-0.0001466062279782935,0.0028409670384766904,0.001833516630605791
1994-10-01,1994-11-01,lag_0,0.0080129312378582,0.0018602627592468244,0.0035074755854519676,0.001865892770750825
1994-10-01,1994-11-01,lag_1,0.0031405492615519,8.581074649766932e-05,0.0035074755854519676,0.001865892770750825
1994-10-01,1994-11-01,lag_2,0.0066818575129268,0.00035533194796539094,0.0035074755854519676,0.001865892770750825
1994-10-01,1994-11-01,lag_3,0.0013295056794984,-5.1574390327690415e-05,0.0035074755854519676,0.001865892770750825
1994-10-01,1994-11-01,lag_4,0.0067284496871362,-7.759289887983882e-05,0.0035074755854519676,0.001865892770750825
1994-10-01,1994-11-01,lag_5,0.0045904959585474,-0.0001144129626213191,0.0035074755854519676,0.001865892770750825
1994-10-01,1994-11-01,lag_6,0.0058961380426527,0.00022447433191536128,0.0035074755854519676,0.001865892770750825
1994-10-01,1994-11-01,lag_7,0.0101498906066312,-0.00023842673481990457,0.0035074755854519676,0.001865892770750825
1994-10-01,1994-11-01,lag_8,0.0005827318302769,-0.00011270804432737377,0.0035074755854519676,0.001865892770750825
1994-10-01,1994-11-01,lag_9,0.0028736794669281,5.2181422391389823e-05,0.0035074755854519676,0.001865892770750825
1994-10-01,1994-11-01,lag_10,0.0059052708470295,-1.756499510267269e-06,0.0035074755854519676,0.001865892770750825
1994-10-01,1994-11-01,lag_11,0.0045590055532489,-0.0001880194008870342,0.0035074755854519676,0.001865892770750825
1994-10-01,1994-11-01,volatility_3m,0.002518356855686302,-0.0001519874619420645,0.0035074755854519676,0.001865892770750825
1994-11-01,1994-12-01,lag_0,0.0068126229566853,0.0014359199764291094,0.004233029246420877,0.0019505697218033617
1994-11-01,1994-12-01,lag_1,0.0080129312378582,0.0005115022069459837,0.004233029246420877,0.0019505697218033617
1994-11-01,1994-12-01,lag_2,0.0031405492615519,7.491795320598574e-05,0.004233029246420877,0.0019505697218033617
1994-11-01,1994-12-01,lag_3,0.0066818575129268,0.0002890825467429222,0.004233029246420877,0.0019505697218033617
1994-11-01,1994-12-01,lag_4,0.0013295056794984,1.343310724370933e-05,0.004233029246420877,0.0019505697218033617
1994-11-01,1994-12-01,lag_5,0.0067284496871362,-0.0001751318019992313,0.004233029246420877,0.0019505697218033617
1994-11-01,1994-12-01,lag_6,0.0045904959585474,0.0001550625644203858,0.004233029246420877,0.0019505697218033617
1994-11-01,1994-12-01,lag_7,0.0058961380426527,-9.332147522806568e-05,0.004233029246420877,0.0019505697218033617
1994-11-01,1994-12-01,lag_8,0.0101498906066312,0.000562888015551746,0.004233029246420877,0.0019505697218033617
1994-11-01,1994-12-01,lag_9,0.0005827318302769,-8.276182764146872e-05,0.004233029246420877,0.0019505697218033617
1994-11-01,1994-12-01,lag_10,0.0028736794669281,-2.5953418148845063e-06,0.004233029246420877,0.0019505697218033617
1994-11-01,1994-12-01,lag_11,0.0059052708470295,-0.00025429321517652487,0.004233029246420877,0.0019505697218033617
1994-11-01,1994-12-01,volatility_3m,0.0025385353820453695,-0.00015224318406215193,0.004233029246420877,0.0019505697218033617
1994-12-01,1995-01-01,lag_0,0.0101664259222324,0.0025448636240344895,0.006100578965777603,0.0019858972599951534
1994-12-01,1995-01-01,lag_1,0.0068126229566853,0.00038909677573969645,0.006100578965777603,0.0019858972599951534
1994-12-01,1995-01-01,lag_2,0.0080129312378582,0.0004901757748633408,0.006100578965777603,0.0019858972599951534
1994-12-01,1995-01-01,lag_3,0.0031405492615519,5.5438528566139655e-05,0.006100578965777603,0.0019858972599951534
1994-12-01,1995-01-01,lag_4,0.0066818575129268,-8.156390411913955e-05,0.006100578965777603,0.0019858972599951534
1994-12-01,1995-01-01,lag_5,0.0013295056794984,3.0377226030119173e-05,0.006100578965777603,0.0019858972599951534
1994-12-01,1995-01-01,lag_6,0.0067284496871362,0.00028288022591160003,0.006100578965777603,0.0019858972599951534
1994-12-01,1995-01-01,lag_7,0.0045904959585474,-6.177905860283166e-05,0.006100578965777603,0.0019858972599951534
1994-12-01,1995-01-01,lag_8,0.0058961380426527,0.0002698637857639944,0.006100578965777603,0.0019858972599951534
1994-12-01,1995-01-01,lag_9,0.0101498906066312,0.0004803595560589022,0.006100578965777603,0.0019858972599951534
1994-12-01,1995-01-01,lag_10,0.0005827318302769,1.331295549164616e-06,0.006100578965777603,0.0019858972599951534
1994-12-01,1995-01-01,lag_11,0.0028736794669281,-5.6535840695378635e-05,0.006100578965777603,0.0019858972599951534
1994-12-01,1995-01-01,volatility_3m,0.001699327006846764,-0.00022982628331764845,0.006100578965777603,0.0019858972599951534
1995-01-01,1995-02-01,lag_0,0.001700536197938,-0.00027780069333010045,0.0033106782606628395,0.0019697953641915258
1995-01-01,1995-02-01,lag_1,0.0101664259222324,0.0006858224829982587,0.0033106782606628395,0.0019697953641915258
1995-01-01,1995-02-01,lag_2,0.0068126229566853,0.00038015350415909207,0.0033106782606628395,0.0019697953641915258
1995-01-01,1995-02-01,lag_3,0.0080129312378582,0.00036992163441720946,0.0033106782606628395,0.0019697953641915258
1995-01-01,1995-02-01,lag_4,0.0031405492615519,-1.5606135987895596e-05,0.0033106782606628395,0.0019697953641915258
1995-01-01,1995-02-01,lag_5,0.0066818575129268,-0.00015571061958242365,0.0033106782606628395,0.0019697953641915258
1995-01-01,1995-02-01,lag_6,0.0013295056794984,-5.0005608686876476e-05,0.0033106782606628395,0.0019697953641915258
1995-01-01,1995-02-01,lag_7,0.0067284496871362,-0.0001168564911073432,0.0033106782606628395,0.0019697953641915258
1995-01-01,1995-02-01,lag_8,0.0045904959585474,0.00018173874241720998,0.0033106782606628395,0.0019697953641915258
1995-01-01,1995-02-01,lag_9,0.0058961380426527,0.00021266576895252235,0.0033106782606628395,0.0019697953641915258
1995-01-01,1995-02-01,lag_10,0.0101498906066312,-9.996859833687567e-06,0.0033106782606628395,0.0019697953641915258
1995-01-01,1995-02-01,lag_11,0.0005827318302769,8.658610418833759e-05,0.0033106782606628395,0.0019697953641915258
1995-01-01,1995-02-01,volatility_3m,0.004263267803469257,4.997106786701064e-05,0.0033106782606628395,0.0019697953641915258
1995-02-01,1995-03-01,lag_0,-0.0011286873050115,-0.0012123036876802655,0.0019879464641172954,0.0019382384320665875
1995-02-01,1995-03-01,lag_1,0.001700536197938,-7.532344065794425e-05,0.0019879464641172954,0.0019382384320665875
1995-02-01,1995-03-01,lag_2,0.0101664259222324,0.0006475921325092655,0.0019879464641172954,0.0019382384320665875
1995-02-01,1995-03-01,lag_3,0.0068126229566853,0.0002819453676905639,0.0019879464641172954,0.0019382384320665875
1995-02-01,1995-03-01,lag_4,0.0080129312378582,-0.00011212881900594837,0.0019879464641172954,0.0019382384320665875
1995-02-01,1995-03-01,lag_5,0.0031405492615519,-2.995414490116985e-05,0.0019879464641172954,0.0019382384320665875
1995-02-01,1995-03-01,lag_6,0.0066818575129268,0.0002703205802074541,0.0019879464641172954,0.0019382384320665875
1995-02-01,1995-03-01,lag_7,0.0013295056794984,2.3189887818786978e-05,0.0019879464641172954,0.0019382384320665875
1995-02-01,1995-03-01,lag_8,0.0067284496871362,0.000360611974928918,0.0019879464641172954,0.0019382384320665875
1995-02-01,1995-03-01,lag_9,0.0045904959585474,0.00012761594124200876,0.0019879464641172954,0.0019382384320665875
1995-02-01,1995-03-01,lag_10,0.0058961380426527,7.759544159887628e-06,0.0019879464641172954,0.0019382384320665875
1995-02-01,1995-03-01,lag_11,0.0101498906066312,-0.0004993188392583551,0.0019879464641172954,0.0019382384320665875
1995-02-01,1995-03-01,volatility_3m,0.005877292138247219,0.0002597015349975059,0.0019879464641172954,0.0019382384320665875
1995-03-01,1995-04-01,lag_0,0.0016603011582869,-0.00027099093857506584,0.0011308992397436862,0.0019679201403999045
1995-03-01,1995-04-01,lag_1,-0.0011286873050115,-0.00032919741835892003,0.0011308992397436862,0.0019679201403999045
1995-03-01,1995-04-01,lag_2,0.001700536197938,-7.211225563768892e-05,0.0011308992397436862,0.0019679201403999045
1995-03-01,1995-04-01,lag_3,0.0101664259222324,0.0005007025389693169,0.0011308992397436862,0.0019679201403999045
1995-03-01,1995-04-01,lag_4,0.0068126229566853,-8.279201023388866e-05,0.0011308992397436862,0.0019679201403999045
1995-03-01,1995-04-01,lag_5,0.0080129312378582,-0.0002029162043520211,0.0011308992397436862,0.0019679201403999045
1995-03-01,1995-04-01,lag_6,0.0031405492615519,5.218576134361541e-05,0.0011308992397436862,0.0019679201403999045
1995-03-01,1995-04-01,lag_7,0.0066818575129268,-0.00011438608836943391,0.0011308992397436862,0.0019679201403999045
1995-03-01,1995-04-01,lag_8,0.0013295056794984,-5.9974220255552145e-05,0.0011308992397436862,0.0019679201403999045
1995-03-01,1995-04-01,lag_9,0.0067284496871362,0.0002541563117761902,0.0011308992397436862,0.0019679201403999045
1995-03-01,1995-04-01,lag_10,0.0045904959585474,-1.3978194883323386e-06,0.0011308992397436862,0.0019679201403999045
1995-03-01,1995-04-01,lag_11,0.0058961380426527,-0.00024259792527020604,0.0011308992397436862,0.0019679201403999045
1995-03-01,1995-04-01,volatility_3m,0.001621962861086793,-0.0002677006322042319,0.0011308992397436862,0.0019679201403999045
1995-04-01,1995-05-01,lag_0,-0.0017277257902161,-0.0013857207614213405,3.8048858893315572e-06,0.0019236686857231212
1995-04-01,1995-05-01,lag_1,0.0016603011582869,-7.839170620085294e-05,3.8048858893315572e-06,0.0019236686857231212
1995-04-01,1995-05-01,lag_2,-0.0011286873050115,-0.0002995906261255435,3.8048858893315572e-06,0.0019236686857231212
1995-04-01,1995-05-01,lag_3,0.001700536197938,-5.1311732318983365e-05,3.8048858893315572e-06,0.0019236686857231212
1995-04-01,1995-05-01,lag_4,0.0101664259222324,-0.00017691931238127668,3.8048858893315572e-06,0.0019236686857231212
1995-04-01,1995-05-01,lag_5,0.0068126229566853,-0.00017334116376206397,3.8048858893315572e-06,0.0019236686857231212
1995-04-01,1995-05-01,lag_6,0.0080129312378582,0.00033718424409230304,3.8048858893315572e-06,0.0019236686857231212
1995-04-01,1995-05-01,lag_7,0.0031405492615519,-2.475194662730937e-05,3.8048858893315572e-06,0.0019236686857231212
1995-04-01,1995-05-01,lag_8,0.0066818575129268,0.0003705222156947606,3.8048858893315572e-06,0.0019236686857231212
1995-04-01,1995-05-01,lag_9,0.0013295056794984,-3.821544444392453e-05,3.8048858893315572e-06,0.0019236686857231212
1995-04-01,1995-05-01,lag_10,0.0067284496871362,1.8223714321090097e-05,3.8048858893315572e-06,0.0019236686857231212
1995-04-01,1995-05-01,lag_11,0.0045904959585474,-0.00016324422461745284,3.8048858893315572e-06,0.0019236686857231212
1995-04-01,1995-05-01,volatility_3m,0.0018081311880387414,-0.0002543070560431956,3.8048858893315572e-06,0.0019236686857231212
1995-05-01,1995-06-01,lag_0,0.0048989069851188,0.0008452737499332148,0.0017267586931383732,0.00189105296361751
1995-05-01,1995-06-01,lag_1,-0.0017277257902161,-0.00041552706903116144,0.0017267586931383732,0.00189105296361751
1995-05-01,1995-06-01,lag_2,0.0016603011582869,-6.193838059497698e-05,0.0017267586931383732,0.00189105296361751
1995-05-01,1995-06-01,lag_3,-0.0011286873050115,-0.0002210024395043701,0.0017267586931383732,0.00189105296361751
1995-05-01,1995-06-01,lag_4,0.001700536197938,1.8876997469373293e-05,0.0017267586931383732,0.00189105296361751
1995-05-01,1995-06-01,lag_5,0.0101664259222324,-0.00031312479910457414,0.0017267586931383732,0.00189105296361751
1995-05-01,1995-06-01,lag_6,0.0068126229566853,0.0002573531935966513,0.0017267586931383732,0.00189105296361751
1995-05-01,1995-06-01,lag_7,0.0080129312378582,-0.000171928396304249,0.0017267586931383732,0.00189105296361751
1995-05-01,1995-06-01,lag_8,0.0031405492615519,7.483531089020655e-05,0.0017267586931383732,0.00189105296361751
1995-05-01,1995-06-01,lag_9,0.0066818575129268,0.00020069052022628913,0.0017267586931383732,0.00189105296361751
1995-05-01,1995-06-01,lag_10,0.0013295056794984,-4.1916003674133936e-06,0.0017267586931383732,0.00189105296361751
1995-05-01,1995-06-01,lag_11,0.0067284496871362,-0.0003116350164312708,0.0017267586931383732,0.00189105296361751
1995-05-01,1995-06-01,volatility_3m,0.0033135971452112984,-6.197634125685612e-05,0.0017267586931383732,0.00189105296361751
1995-06-01,1995-07-01,lag_0,0.0033088514322034,0.0002865428204197091,0.0035762279073746697,0.00222225659227627
1995-06-01,1995-07-01,lag_1,0.0048989069851188,0.0003312882321620137,0.0035762279073746697,0.00222225659227627
1995-06-01,1995-07-01,lag_2,-0.0017277257902161,-0.0004228711617384265,0.0035762279073746697,0.00222225659227627
1995-06-01,1995-07-01,lag_3,0.0016603011582869,-5.11782923769503e-05,0.0035762279073746697,0.00222225659227627
1995-06-01,1995-07-01,lag_4,-0.0011286873050115,0.0003350996481909022,0.0035762279073746697,0.00222225659227627
1995-06-01,1995-07-01,lag_5,0.001700536197938,2.1436508611482042e-05,0.0035762279073746697,0.00222225659227627
1995-06-01,1995-07-01,lag_6,0.0101664259222324,9.830824076772266e-05,0.0035762279073746697,0.00222225659227627
1995-06-01,1995-07-01,lag_7,0.0068126229566853,0.00011675614914784149,0.0035762279073746697,0.00222225659227627
1995-06-01,1995-07-01,lag_8,0.0080129312378582,0.0006212164600170585,0.0035762279073746697,0.00222225659227627
1995-06-01,1995-07-01,lag_9,0.0031405492615519,-1.7777044016113085e-06,0.0035762279073746697,0.00222225659227627
1995-06-01,1995-07-01,lag_10,0.0066818575129268,-5.687886414611777e-05,0.0035762279073746697,0.00222225659227627
1995-06-01,1995-07-01,lag_11,0.0013295056794984,7.344264886562297e-05,0.0035762279073746697,0.00222225659227627
1995-06-01,1995-07-01,volatility_3m,0.0034594712678359474,2.5866295791532064e-06,0.0035762279073746697,0.00222225659227627
1995-07-01,1995-08-01,lag_0,-0.004189892740106,-0.002132328916352224,0.0005678713206079987,0.002165748676155571
1995-07-01,1995-08-01,lag_1,0.0033088514322034,0.00011171455743172984,0.0005678713206079987,0.002165748676155571
1995-07-01,1995-08-01,lag_2,0.0048989069851188,0.0002658945146952638,0.0005678713206079987,0.002165748676155571
1995-07-01,1995-08-01,lag_3,-0.0017277257902161,-0.0002597762218661519,0.0005678713206079987,0.002165748676155571
1995-07-01,1995-08-01,lag_4,0.0016603011582869,7.280673338119104e-05,0.0005678713206079987,0.002165748676155571
1995-07-01,1995-08-01,lag_5,-0.0011286873050115,8.776056545930701e-05,0.0005678713206079987,0.002165748676155571
1995-07-01,1995-08-01,lag_6,0.001700536197938,-7.004642108327275e-06,0.0005678713206079987,0.002165748676155571
1995-07-01,1995-08-01,lag_7,0.0101664259222324,0.0002010670758722124,0.0005678713206079987,0.002165748676155571
1995-07-01,1995-08-01,lag_8,0.0068126229566853,0.00046732499052299514,0.0005678713206079987,0.002165748676155571
1995-07-01,1995-08-01,lag_9,0.0080129312378582,-6.203796240135694e-07,0.0005678713206079987,0.002165748676155571
1995-07-01,1995-08-01,lag_10,0.0031405492615519,-1.3067566304032141e-05,0.0005678713206079987,0.002165748676155571
1995-07-01,1995-08-01,lag_11,0.0066818575129268,-0.00038951655958329297,0.0005678713206079987,0.002165748676155571
1995-07-01,1995-08-01,volatility_3m,0.00485396266412553,-2.131507072229578e-06,0.0005678713206079987,0.002165748676155571
1995-08-01,1995-09-01,lag_0,0.0131693229924509,0.0034754975926120455,0.006053473084855388,0.002180609633548969
1995-08-01,1995-09-01,lag_1,-0.004189892740106,-0.000852619793426668,0.006053473084855388,0.002180609633548969
1995-08-01,1995-09-01,lag_2,0.0033088514322034,9.585360931291561e-05,0.006053473084855388,0.002180609633548969
1995-08-01,1995-09-01,lag_3,0.0048989069851188,0.00014858407011818868,0.006053473084855388,0.002180609633548969
1995-08-01,1995-09-01,lag_4,-0.0017277257902161,0.00036538755509027713,0.006053473084855388,0.002180609633548969
1995-08-01,1995-09-01,lag_5,0.0016603011582869,2.375529108268156e-05,0.006053473084855388,0.002180609633548969
1995-08-01,1995-09-01,lag_6,-0.0011286873050115,-2.4369251505890258e-05,0.006053473084855388,0.002180609633548969
1995-08-01,1995-09-01,lag_7,0.001700536197938,-2.7659932563104417e-05,0.006053473084855388,0.002180609633548969
1995-08-01,1995-09-01,lag_8,0.0101664259222324,0.0008379816909881127,0.006053473084855388,0.002180609633548969
1995-08-01,1995-09-01,lag_9,0.0068126229566853,1.7635174931842e-05,0.006053473084855388,0.002180609633548969
1995-08-01,1995-09-01,lag_10,0.0080129312378582,-0.00011060900924770659,0.006053473084855388,0.002180609633548969
1995-08-01,1995-09-01,lag_11,0.0031405492615519,-7.308861723101e-05,0.006053473084855388,0.002180609633548969
1995-08-01,1995-09-01,volatility_3m,0.008706342844938252,-3.4849288552648105e-06,0.006053473084855388,0.002180609633548969
1995-09-01,1995-10-01,lag_0,0.0040251761874792,0.0005320389649007913,0.002641712336968488,0.002203581107867156
1995-09-01,1995-10-01,lag_1,0.0131693229924509,0.0014435712315484662,0.002641712336968488,0.002203581107867156
1995-09-01,1995-10-01,lag_2,-0.004189892740106,-0.0007115069403792845,0.002641712336968488,0.002203581107867156
1995-09-01,1995-10-01,lag_3,0.0033088514322034,5.0288066419555216e-05,0.002641712336968488,0.002203581107867156
1995-09-01,1995-10-01,lag_4,0.0048989069851188,-0.00022055358272684975,0.002641712336968488,0.002203581107867156
1995-09-01,1995-10-01,lag_5,-0.0017277257902161,0.00012261532632151765,0.002641712336968488,0.002203581107867156
1995-09-01,1995-10-01,lag_6,0.0016603011582869,-6.145541877108411e-06,0.002641712336968488,0.002203581107867156
1995-09-01,1995-10-01,lag_7,-0.0011286873050115,-0.00012152965028866849,0.002641712336968488,0.002203581107867156
1995-09-01,1995-10-01,lag_8,0.001700536197938,-9.042621557892109e-05,0.002641712336968488,0.002203581107867156
1995-09-01,1995-10-01,lag_9,0.0101664259222324,3.1884792488218266e-05,0.002641712336968488,0.002203581107867156
1995-09-01,1995-10-01,lag_10,0.0068126229566853,-8.948633239916133e-05,0.002641712336968488,0.002203581107867156
1995-09-01,1995-10-01,lag_11,0.0080129312378582,-0.0004867782623865012,0.002641712336968488,0.002203581107867156
1995-09-01,1995-10-01,volatility_3m,0.008683750621374203,-1.584062694072232e-05,0.002641712336968488,0.002203581107867156
1995-10-01,1995-11-01,lag_0,-0.0017591074109057,-0.0012984055371713056,0.0007627259429823497,0.0021673828299267816
1995-10-01,1995-11-01,lag_1,0.0040251761874792,0.0002150225271162822,0.0007627259429823497,0.0021673828299267816
1995-10-01,1995-11-01,lag_2,0.0131693229924509,0.0012265457248621006,0.0007627259429823497,0.0021673828299267816
1995-10-01,1995-11-01,lag_3,-0.004189892740106,-0.0003680813689621647,0.0007627259429823497,0.0021673828299267816
1995-10-01,1995-11-01,lag_4,0.0033088514322034,-7.734394986404322e-05,0.0007627259429823497,0.0021673828299267816
1995-10-01,1995-11-01,lag_5,0.0048989069851188,-7.107882834049331e-05,0.0007627259429823497,0.0021673828299267816
1995-10-01,1995-11-01,lag_6,-0.0017277257902161,-2.752887955199731e-05,0.0007627259429823497,0.0021673828299267816
1995-10-01,1995-11-01,lag_7,0.0016603011582869,-2.8651401204961903e-05,0.0007627259429823497,0.0021673828299267816
1995-10-01,1995-11-01,lag_8,-0.0011286873050115,-0.0003958224581474172,0.0007627259429823497,0.0021673828299267816
1995-10-01,1995-11-01,lag_9,0.001700536197938,-1.3600317379643997e-06,0.0007627259429823497,0.0021673828299267816
1995-10-01,1995-11-01,lag_10,0.0101664259222324,-0.00015761830929679306,0.0007627259429823497,0.0021673828299267816
1995-10-01,1995-11-01,lag_11,0.0068126229566853,-0.0003837923241839874,0.0007627259429823497,0.0021673828299267816
1995-10-01,1995-11-01,volatility_3m,0.007526966983733448,-3.654205046168704e-05,0.0007627259429823497,0.0021673828299267816
1995-11-01,1995-12-01,lag_0,0.0026320058946325,0.00011940757063705417,0.0022053096675581315,0.002147005798940428
1995-11-01,1995-12-01,lag_1,-0.0017591074109057,-0.0005234641436845015,0.0022053096675581315,0.002147005798940428
1995-11-01,1995-12-01,lag_2,0.0040251761874792,0.00019244125514754722,0.0022053096675581315,0.002147005798940428
1995-11-01,1995-12-01,lag_3,0.0131693229924509,0.0005991338162105531,0.0022053096675581315,0.002147005798940428
1995-11-01,1995-12-01,lag_4,-0.004189892740106,0.0005729809322563397,0.0022053096675581315,0.002147005798940428
1995-11-01,1995-12-01,lag_5,0.0033088514322034,-2.383363605873945e-05,0.0022053096675581315,0.002147005798940428
1995-11-01,1995-12-01,lag_6,0.0048989069851188,1.5028402323598079e-05,0.0022053096675581315,0.002147005798940428
1995-11-01,1995-12-01,lag_7,-0.0017277257902161,-0.0001461469707865822,0.0022053096675581315,0.002147005798940428
1995-11-01,1995-12-01,lag_8,0.0016603011582869,-8.834923506775456e-05,0.0022053096675581315,0.002147005798940428
1995-11-01,1995-12-01,lag_9,-0.0011286873050115,-5.493698572724186e-06,0.0022053096675581315,0.002147005798940428
1995-11-01,1995-12-01,lag_10,0.001700536197938,1.6105021604428627e-05,0.0022053096675581315,0.002147005798940428
1995-11-01,1995-12-01,lag_11,0.0101664259222324,-0.0006762044663401999,0.0022053096675581315,0.002147005798940428
1995-11-01,1995-12-01,volatility_3m,0.0030188501197611025,6.699020948684316e-06,0.0022053096675581315,0.002147005798940428
1995-12-01,1996-01-01,lag_0,0.0034648244230837,0.00039683892994399957,0.0011991688710772238,0.00212189936483092
1995-12-01,1996-01-01,lag_1,0.0026320058946325,4.810639130534073e-05,0.0011991688710772238,0.00212189936483092
1995-12-01,1996-01-01,lag_2,-0.0017591074109057,-0.0004675373348946811,0.0011991688710772238,0.00212189936483092
1995-12-01,1996-01-01,lag_3,0.0040251761874792,9.439520327268641e-05,0.0011991688710772238,0.00212189936483092
1995-12-01,1996-01-01,lag_4,0.0131693229924509,-0.0009660655236729112,0.0011991688710772238,0.00212189936483092
1995-12-01,1996-01-01,lag_5,-0.004189892740106,0.00017603444093671156,0.0011991688710772238,0.00212189936483092
1995-12-01,1996-01-01,lag_6,0.0033088514322034,5.509195067968084e-06,0.0011991688710772238,0.00212189936483092
1995-12-01,1996-01-01,lag_7,0.0048989069851188,8.754653280319312e-05,0.0011991688710772238,0.00212189936483092
1995-12-01,1996-01-01,lag_8,-0.0017277257902161,-0.00044951890597613015,0.0011991688710772238,0.00212189936483092
1995-12-01,1996-01-01,lag_9,0.0016603011582869,-9.490579977669546e-07,0.0011991688710772238,0.00212189936483092
1995-12-01,1996-01-01,lag_10,-0.0011286873050115,7.07790438677077e-05,0.0011991688710772238,0.00212189936483092
1995-12-01,1996-01-01,lag_11,0.001700536197938,7.31535892704835e-05,0.0011991688710772238,0.00212189936483092
1995-12-01,1996-01-01,volatility_3m,0.002806686259915006,8.977002319702999e-06,0.0011991688710772238,0.00212189936483092
1996-01-01,1996-02-01,lag_0,-0.0057400787913675,-0.0025097935792930625,-0.0002708759444554369,0.002054086834119059
1996-01-01,1996-02-01,lag_1,0.0034648244230837,0.00015912255124902452,-0.0002708759444554369,0.002054086834119059
1996-01-01,1996-02-01,lag_2,0.0026320058946325,4.433248709697209e-05,-0.0002708759444554369,0.002054086834119059
1996-01-01,1996-02-01,lag_3,-0.0017591074109057,-0.00023081274309662218,-0.0002708759444554369,0.002054086834119059
1996-01-01,1996-02-01,lag_4,0.0040251761874792,-0.00015997374000901887,-0.0002708759444554369,0.002054086834119059
1996-01-01,1996-02-01,lag_5,0.0131693229924509,-0.00023439172240622506,-0.0002708759444554369,0.002054086834119059
1996-01-01,1996-02-01,lag_6,-0.004189892740106,-3.3112815212699074e-05,-0.0002708759444554369,0.002054086834119059
1996-01-01,1996-02-01,lag_7,0.0033088514322034,2.8516015645531365e-05,-0.0002708759444554369,0.002054086834119059
1996-01-01,1996-02-01,lag_8,0.0048989069851188,0.00028038978047825296,-0.0002708759444554369,0.002054086834119059
1996-01-01,1996-02-01,lag_9,-0.0017277257902161,1.044596008006197e-06,-0.0002708759444554369,0.002054086834119059
1996-01-01,1996-02-01,lag_10,0.0016603011582869,1.387153899795552e-05,-0.0002708759444554369,0.002054086834119059
1996-01-01,1996-02-01,lag_11,-0.0011286873050115,0.0003198413023286485,-0.0002708759444554369,0.002054086834119059
1996-01-01,1996-02-01,volatility_3m,0.00509109732569678,-3.9964503612593035e-06,-0.0002708759444554369,0.002054086834119059
1996-02-01,1996-03-01,lag_0,0.0145291599264654,0.003862736445048285,0.005388330975515099,0.002062206044938784
1996-02-01,1996-03-01,lag_1,-0.0057400787913675,-0.0010248888525602716,0.005388330975515099,0.002062206044938784
1996-02-01,1996-03-01,lag_2,0.0034648244230837,0.0001502575054705769,0.005388330975515099,0.002062206044938784
1996-02-01,1996-03-01,lag_3,0.0026320058946325,1.9784277642246388e-05,0.005388330975515099,0.002062206044938784
1996-02-01,1996-03-01,lag_4,-0.0017591074109057,0.00038896103820405077,0.005388330975515099,0.002062206044938784
1996-02-01,1996-03-01,lag_5,0.0040251761874792,-1.824840963835477e-05,0.005388330975515099,0.002062206044938784
1996-02-01,1996-03-01,lag_6,0.0131693229924509,-3.966822963471553e-05,0.005388330975515099,0.002062206044938784
1996-02-01,1996-03-01,lag_7,-0.004189892740106,-0.00022497398667905514,0.005388330975515099,0.002062206044938784
1996-02-01,1996-03-01,lag_8,0.0033088514322034,9.960877695072655e-05,0.005388330975515099,0.002062206044938784
1996-02-01,1996-03-01,lag_9,0.0048989069851188,-1.0236608583068178e-05,0.005388330975515099,0.002062206044938784
1996-02-01,1996-03-01,lag_10,-0.0017277257902161,5.9549066858469955e-05,0.005388330975515099,0.002062206044938784
1996-02-01,1996-03-01,lag_11,0.0016603011582869,7.486363260673354e-05,0.005388330975515099,0.002062206044938784
1996-02-01,1996-03-01,volatility_3m,0.010148824246510061,-1.161972510930952e-05,0.005388330975515099,0.002062206044938784
1996-03-01,1996-04-01,lag_0,-0.0012250426290405,-0.0010043973066664216,0.0017924945310053121,0.002030793103586142
1996-03-01,1996-04-01,lag_1,0.0145291599264654,0.0016835472875216515,0.0017924945310053121,0.002030793103586142
1996-03-01,1996-04-01,lag_2,-0.0057400787913675,-0.000945305081879573,0.0017924945310053121,0.002030793103586142
1996-03-01,1996-04-01,lag_3,0.0034648244230837,6.458879238169575e-05,0.0017924945310053121,0.002030793103586142
1996-03-01,1996-04-01,lag_4,0.0026320058946325,-3.5148112839061035e-05,0.0017924945310053121,0.002030793103586142
1996-03-01,1996-04-01,lag_5,-0.0017591074109057,4.8929111282733535e-05,0.0017924945310053121,0.002030793103586142
1996-03-01,1996-04-01,lag_6,0.0040251761874792,-1.647340287385946e-05,0.0017924945310053121,0.002030793103586142
1996-03-01,1996-04-01,lag_7,0.0131693229924509,0.00043164920027642596,0.0017924945310053121,0.002030793103586142
1996-03-01,1996-04-01,lag_8,-0.004189892740106,-0.0007377901554775408,0.0017924945310053121,0.002030793103586142
1996-03-01,1996-04-01,lag_9,0.0033088514322034,-4.359487997769204e-06,0.0017924945310053121,0.002030793103586142
1996-03-01,1996-04-01,lag_10,0.0048989069851188,-3.1658141362639626e-05,0.0017924945310053121,0.002030793103586142
1996-03-01,1996-04-01,lag_11,-0.0017277257902161,0.00038886101948797314,0.0017924945310053121,0.002030793103586142
1996-03-01,1996-04-01,volatility_3m,0.010641291336953468,-8.074229443444545e-05,0.0017924945310053121,0.002030793103586142
1996-04-01,1996-05-01,lag_0,0.0099012182605209,0.0023459662756068187,0.005821926470108216,0.0020279370633202315
1996-04-01,1996-05-01,lag_1,-0.0012250426290405,-0.0004825649019007168,0.005821926470108216,0.0020279370633202315
1996-04-01,1996-05-01,lag_2,0.0145291599264654,0.0014154642770443778,0.005821926470108216,0.0020279370633202315
1996-04-01,1996-05-01,lag_3,-0.0057400787913675,-0.0004229704783093964,0.005821926470108216,0.0020279370633202315
1996-04-01,1996-05-01,lag_4,0.0034648244230837,-0.00011558461379872032,0.005821926470108216,0.0020279370633202315
1996-04-01,1996-05-01,lag_5,0.0026320058946325,-5.636555450579135e-06,0.005821926470108216,0.0020279370633202315
1996-04-01,1996-05-01,lag_6,-0.0017591074109057,3.421480857425107e-05,0.005821926470108216,0.0020279370633202315
1996-04-01,1996-05-01,lag_7,0.0040251761874792,7.852427473126483e-05,0.005821926470108216,0.0020279370633202315
1996-04-01,1996-05-01,lag_8,0.0131693229924509,0.0011659041666064712,0.005821926470108216,0.0020279370633202315
1996-04-01,1996-05-01,lag_9,-0.004189892740106,2.3030765354045265e-05,0.005821926470108216,0.0020279370633202315
1996-04-01,1996-05-01,lag_10,0.0033088514322034,-9.270890216002713e-06,0.005821926470108216,0.0020279370633202315
1996-04-01,1996-05-01,lag_11,0.0048989069851188,-0.0002408262936765362,0.005821926470108216,0.0020279370633202315
1996-04-01,1996-05-01,volatility_3m,0.008097390769108665,7.738572222707041e-06,0.005821926470108216,0.0020279370633202315
1996-05-01,1996-06-01,lag_0,0.0074455836229239,0.0016059006701802706,0.005684489451808677,0.002036432603893565
1996-05-01,1996-06-01,lag_1,0.0099012182605209,0.0011382952855053688,0.005684489451808677,0.002036432603893565
1996-05-01,1996-06-01,lag_2,-0.0012250426290405,-0.00038341248461166484,0.005684489451808677,0.002036432603893565
1996-05-01,1996-06-01,lag_3,0.0145291599264654,0.0006498366849387535,0.005684489451808677,0.002036432603893565
1996-05-01,1996-06-01,lag_4,-0.0057400787913675,0.0007286299671847989,0.005684489451808677,0.002036432603893565
1996-05-01,1996-06-01,lag_5,0.0034648244230837,-1.8503195701047143e-05,0.005684489451808677,0.002036432603893565
1996-05-01,1996-06-01,lag_6,0.0026320058946325,-3.4258527917006797e-06,0.005684489451808677,0.002036432603893565
1996-05-01,1996-06-01,lag_7,-0.0017591074109057,-0.000191610001916462,0.005684489451808677,0.002036432603893565
1996-05-01,1996-06-01,lag_8,0.0040251761874792,0.0001821996761502909,0.005684489451808677,0.002036432603893565
1996-05-01,1996-06-01,lag_9,0.0131693229924509,-5.1061245050201205e-05,0.005684489451808677,0.002036432603893565
1996-05-01,1996-06-01,lag_10,-0.004189892740106,6.761713146730288e-05,0.005684489451808677,0.002036432603893565
1996-05-01,1996-06-01,lag_11,0.0033088514322034,-8.26075616801161e-05,0.005684489451808677,0.002036432603893565
1996-05-01,1996-06-01,volatility_3m,0.0058452770458608146,6.197774239519076e-06,0.005684489451808677,0.002036432603893565
1996-06-01,1996-07-01,lag_0,0.0075933782411841,0.0016285284934599814,0.004185509611255636,0.0020781262287899575
1996-06-01,1996-07-01,lag_1,0.0074455836229239,0.0007829146125067712,0.004185509611255636,0.0020781262287899575
1996-06-01,1996-07-01,lag_2,0.0099012182605209,0.0009003502312255553,0.004185509611255636,0.0020781262287899575
1996-06-01,1996-07-01,lag_3,-0.0012250426290405,-0.00018053011659400526,0.004185509611255636,0.0020781262287899575
1996-06-01,1996-07-01,lag_4,0.0145291599264654,-0.0011643622228745332,0.004185509611255636,0.0020781262287899575
1996-06-01,1996-07-01,lag_5,-0.0057400787913675,0.00011562133402069818,0.004185509611255636,0.0020781262287899575
1996-06-01,1996-07-01,lag_6,0.0034648244230837,-1.112171074607298e-05,0.004185509611255636,0.0020781262287899575
1996-06-01,1996-07-01,lag_7,0.0026320058946325,1.736258113627777e-05,0.004185509611255636,0.0020781262287899575
1996-06-01,1996-07-01,lag_8,-0.0017591074109057,-0.00044432589799051075,0.004185509611255636,0.0020781262287899575
1996-06-01,1996-07-01,lag_9,0.0040251761874792,-4.859120273467143e-06,0.004185509611255636,0.0020781262287899575
1996-06-01,1996-07-01,lag_10,0.0131693229924509,-0.00013174322315341342,0.004185509611255636,0.0020781262287899575
1996-06-01,1996-07-01,lag_11,-0.004189892740106,0.0006113395690417053,0.004185509611255636,0.0020781262287899575
1996-06-01,1996-07-01,volatility_3m,0.0013770808665074408,-1.1791147293308184e-05,0.004185509611255636,0.0020781262287899575
1996-07-01,1996-08-01,lag_0,0.0001537460357097,-0.0006035381593463081,0.002689931433868648,0.0020773453713256343
1996-07-01,1996-08-01,lag_1,0.0075933782411841,0.0007929873837814912,0.002689931433868648,0.0020773453713256343
1996-07-01,1996-08-01,lag_2,0.0074455836229239,0.0006029444235094298,0.002689931433868648,0.0020773453713256343
1996-07-01,1996-08-01,lag_3,0.0099012182605209,0.0004519722758496405,0.002689931433868648,0.0020773453713256343
1996-07-01,1996-08-01,lag_4,-0.0012250426290405,0.00032299527708508623,0.002689931433868648,0.0020773453713256343
1996-07-01,1996-08-01,lag_5,0.0145291599264654,-0.00013939683350786211,0.002689931433868648,0.0020773453713256343
1996-07-01,1996-08-01,lag_6,-0.0057400787913675,7.35028804745072e-05,0.002689931433868648,0.0020773453713256343
1996-07-01,1996-08-01,lag_7,0.0034648244230837,5.7320449822917914e-05,0.002689931433868648,0.0020773453713256343
1996-07-01,1996-08-01,lag_8,0.0026320058946325,4.1584619536267876e-05,0.002689931433868648,0.0020773453713256343
1996-07-01,1996-08-01,lag_9,-0.0017591074109057,1.40977564769681e-05,0.002689931433868648,0.0020773453713256343
1996-07-01,1996-08-01,lag_10,0.0040251761874792,-2.77420268782149e-05,0.002689931433868648,0.0020773453713256343
1996-07-01,1996-08-01,lag_11,0.0131693229924509,-0.000975230842379614,0.002689931433868648,0.0020773453713256343
1996-07-01,1996-08-01,volatility_3m,0.004253251031078626,1.0888581187039322e-06,0.002689931433868648,0.0020773453713256343
1996-08-01,1996-09-01,lag_0,0.0051052352845752,0.0008810551027694296,0.002396990784918283,0.0020872639288624247
1996-08-01,1996-09-01,lag_1,0.0001537460357097,-0.00029557177158527783,0.002396990784918283,0.0020872639288624247
1996-08-01,1996-09-01,lag_2,0.0075933782411841,0.0006119915017331677,0.002396990784918283,0.0020872639288624247
1996-08-01,1996-09-01,lag_3,0.0074455836229239,0.0003148945178536287,0.002396990784918283,0.0020872639288624247
1996-08-01,1996-09-01,lag_4,0.0099012182605209,-0.0007786607357277587,0.002396990784918283,0.0020872639288624247
1996-08-01,1996-09-01,lag_5,-0.0012250426290405,2.79448181610914e-05,0.002396990784918283,0.0020872639288624247
1996-08-01,1996-09-01,lag_6,0.0145291599264654,-0.00014043081804426542,0.002396990784918283,0.0020872639288624247
1996-08-01,1996-09-01,lag_7,-0.0057400787913675,-0.00036548636626566313,0.002396990784918283,0.0020872639288624247
1996-08-01,1996-09-01,lag_8,0.0034648244230837,0.0001381130105499008,0.002396990784918283,0.0020872639288624247
1996-08-01,1996-09-01,lag_9,0.0026320058946325,-1.716785669883568e-06,0.002396990784918283,0.0020872639288624247
1996-08-01,1996-09-01,lag_10,-0.0017591074109057,6.771429974666772e-05,0.002396990784918283,0.0020872639288624247
1996-08-01,1996-09-01,lag_11,0.0040251761874792,-0.00014695870138705248,0.002396990784918283,0.0020872639288624247
1996-08-01,1996-09-01,volatility_3m,0.0037871763559606648,-3.161216078126516e-06,0.002396990784918283,0.0020872639288624247
1996-09-01,1996-10-01,lag_0,0.0062396321182145,0.0012221749391391206,0.003236646626767409,0.0020922365983198072
1996-09-01,1996-10-01,lag_1,0.0051052352845752,0.00042904062382305896,0.003236646626767409,0.0020922365983198072
1996-09-01,1996-10-01,lag_2,0.0001537460357097,-0.00022860946308703642,0.003236646626767409,0.0020922365983198072
1996-09-01,1996-10-01,lag_3,0.0075933782411841,0.00032280337663301875,0.003236646626767409,0.0020922365983198072
1996-09-01,1996-10-01,lag_4,0.0074455836229239,-0.0005203712479956154,0.003236646626767409,0.0020922365983198072
1996-09-01,1996-10-01,lag_5,0.0099012182605209,-8.787842996247261e-05,0.003236646626767409,0.0020922365983198072
1996-09-01,1996-10-01,lag_6,-0.0012250426290405,2.348411573605796e-05,0.003236646626767409,0.0020922365983198072
1996-09-01,1996-10-01,lag_7,0.0145291599264654,0.0005318465154853119,0.003236646626767409,0.0020922365983198072
1996-09-01,1996-10-01,lag_8,-0.0057400787913675,-0.000880097265383834,0.003236646626767409,0.0020922365983198072
1996-09-01,1996-10-01,lag_9,0.0034648244230837,-4.906027240360617e-06,0.003236646626767409,0.0020922365983198072
1996-09-01,1996-10-01,lag_10,0.0026320058946325,-6.955681281822179e-06,0.003236646626767409,0.0020922365983198072
1996-09-01,1996-10-01,lag_11,-0.0017591074109057,0.00035221879155735293,0.003236646626767409,0.0020922365983198072
1996-09-01,1996-10-01,volatility_3m,0.0032363073444649617,-8.340218975178025e-06,0.003236646626767409,0.0020922365983198072
1996-10-01,1996-11-01,lag_0,0.000296094050018,-0.0005744184518342071,0.0029506891903491148,0.002093628342024561
1996-10-01,1996-11-01,lag_1,0.0062396321182145,0.000594551197859582,0.0029506891903491148,0.002093628342024561
1996-10-01,1996-11-01,lag_2,0.0051052352845752,0.00033736966450794185,0.0029506891903491148,0.002093628342024561
1996-10-01,1996-11-01,lag_3,0.0001537460357097,-0.00011891665192688065,0.0029506891903491148,0.002093628342024561
1996-10-01,1996-11-01,lag_4,0.0075933782411841,-0.0005281220331014338,0.0029506891903491148,0.002093628342024561
1996-10-01,1996-11-01,lag_5,0.0074455836229239,-6.84316038313415e-05,0.0029506891903491148,0.002093628342024561
1996-10-01,1996-11-01,lag_6,0.0099012182605209,-4.0291272754832796e-05,0.0029506891903491148,0.002093628342024561
1996-10-01,1996-11-01,lag_7,-0.0012250426290405,-0.00013120470425990766,0.0029506891903491148,0.002093628342024561
1996-10-01,1996-11-01,lag_8,0.0145291599264654,0.0014184824288215935,0.0029506891903491148,0.002093628342024561
1996-10-01,1996-11-01,lag_9,-0.0057400787913675,3.459572185228594e-05,0.0029506891903491148,0.002093628342024561
1996-10-01,1996-11-01,lag_10,0.0034648244230837,-2.3773536291480077e-05,0.0029506891903491148,0.002093628342024561
1996-10-01,1996-11-01,lag_11,0.0026320058946325,-3.2173742075732845e-05,0.0029506891903491148,0.002093628342024561
1996-10-01,1996-11-01,volatility_3m,0.0031554276085867822,-1.0606168641033204e-05,0.0029506891903491148,0.002093628342024561
1996-11-01,1996-12-01,lag_0,0.0091447851720687,0.0020545536945301805,0.004439463799382738,0.0021188422901301995
1996-11-01,1996-12-01,lag_1,0.000296094050018,-0.0002841612200359119,0.004439463799382738,0.0021188422901301995
1996-11-01,1996-12-01,lag_2,0.0062396321182145,0.0004693401964260644,0.004439463799382738,0.0021188422901301995
1996-11-01,1996-12-01,lag_3,0.0051052352845752,0.00016791406061020245,0.004439463799382738,0.0021188422901301995
1996-11-01,1996-12-01,lag_4,0.0001537460357097,0.00019392699033499177,0.004439463799382738,0.0021188422901301995
1996-11-01,1996-12-01,lag_5,0.0075933782411841,-6.590654652120998e-05,0.004439463799382738,0.0021188422901301995
1996-11-01,1996-12-01,lag_6,0.0074455836229239,-1.0731598658506446e-05,0.004439463799382738,0.0021188422901301995
1996-11-01,1996-12-01,lag_7,0.0099012182605209,0.00028169742133124157,0.004439463799382738,0.0021188422901301995
1996-11-01,1996-12-01,lag_8,-0.0012250426290405,-0.0004009160405358958,0.004439463799382738,0.0021188422901301995
1996-11-01,1996-12-01,lag_9,0.0145291599264654,-0.0001237322484393084,0.004439463799382738,0.0021188422901301995
1996-11-01,1996-12-01,lag_10,-0.0057400787913675,0.00014265449152061862,0.004439463799382738,0.0021188422901301995
1996-11-01,1996-12-01,lag_11,0.0034648244230837,-0.00010719079291055049,0.004439463799382738,0.0021188422901301995
1996-11-01,1996-12-01,volatility_3m,0.004510448861770453,3.1731016006234836e-06,0.004439463799382738,0.0021188422901301995
1996-12-01,1997-01-01,lag_0,0.0063866480924561,0.0012153238603324404,0.005722437515162841,0.0021578416642615466
1996-12-01,1997-01-01,lag_1,0.0091447851720687,0.0010178363943733242,0.005722437515162841,0.0021578416642615466
1996-12-01,1997-01-01,lag_2,0.000296094050018,-0.0002221947658215086,0.005722437515162841,0.0021578416642615466
1996-12-01,1997-01-01,lag_3,0.0062396321182145,0.00023296503270088021,0.005722437515162841,0.0021578416642615466
1996-12-01,1997-01-01,lag_4,0.0051052352845752,-0.000285088699412684,0.005722437515162841,0.0021578416642615466
1996-12-01,1997-01-01,lag_5,0.0001537460357097,2.36415009899181e-05,0.005722437515162841,0.0021578416642615466
1996-12-01,1997-01-01,lag_6,0.0075933782411841,-9.339154382864906e-06,0.005722437515162841,0.0021578416642615466
1996-12-01,1997-01-01,lag_7,0.0074455836229239,0.00019743000592052548,0.005722437515162841,0.0021578416642615466
1996-12-01,1997-01-01,lag_8,0.0099012182605209,0.0009414489993550153,0.005722437515162841,0.0021578416642615466
1996-12-01,1997-01-01,lag_9,-0.0012250426290405,2.59573361807236e-05,0.005722437515162841,0.0021578416642615466
1996-12-01,1997-01-01,lag_10,0.0145291599264654,-0.00024950019493391004,0.005722437515162841,0.0021578416642615466
1996-12-01,1997-01-01,lag_11,-0.0057400787913675,0.0006730881984634977,0.005722437515162841,0.0021578416642615466
1996-12-01,1997-01-01,volatility_3m,0.004527720237000292,3.0273371359355254e-06,0.005722437515162841,0.0021578416642615466
1997-01-01,1997-02-01,lag_0,0.0015838703738682,-0.00021359630161085213,0.0027077183074730245,0.002179526389673894
1997-01-01,1997-02-01,lag_1,0.0063866480924561,0.0005944990484940568,0.0027077183074730245,0.002179526389673894
1997-01-01,1997-02-01,lag_2,0.0091447851720687,0.000808817727308332,0.0027077183074730245,0.002179526389673894
1997-01-01,1997-02-01,lag_3,0.000296094050018,-0.00010778236320279943,0.0027077183074730245,0.002179526389673894
1997-01-01,1997-02-01,lag_4,0.0062396321182145,-0.00039390027296120424,0.0027077183074730245,0.002179526389673894
1997-01-01,1997-02-01,lag_5,0.0051052352845752,-3.0806446129386515e-05,0.0027077183074730245,0.002179526389673894
1997-01-01,1997-02-01,lag_6,0.0001537460357097,5.282500948369597e-06,0.0027077183074730245,0.002179526389673894
1997-01-01,1997-02-01,lag_7,0.0075933782411841,0.00019780772543267103,0.0027077183074730245,0.002179526389673894
1997-01-01,1997-02-01,lag_8,0.0074455836229239,0.0006298939470469208,0.0027077183074730245,0.002179526389673894
1997-01-01,1997-02-01,lag_9,0.0099012182605209,-3.952520237143751e-05,0.0027077183074730245,0.002179526389673894
1997-01-01,1997-02-01,lag_10,-0.0012250426290405,8.426312416159376e-05,0.0027077183074730245,0.002179526389673894
1997-01-01,1997-02-01,lag_11,0.0145291599264654,-0.0010035256017082584,0.0027077183074730245,0.002179526389673894
1997-01-01,1997-02-01,volatility_3m,0.003826256363378039,-3.2359676088752042e-06,0.0027077183074730245,0.002179526389673894
1997-02-01,1997-03-01,lag_0,0.0118678167995964,0.0027969989046193813,0.006441383371074987,0.0022352013751165425
1997-02-01,1997-03-01,lag_1,0.0015838703738682,-0.00010645738565800747,0.006441383371074987,0.0022352013751165425
1997-02-01,1997-03-01,lag_2,0.0063866480924561,0.0004945961223976766,0.006441383371074987,0.0022352013751165425
1997-02-01,1997-03-01,lag_3,0.0091447851720687,0.00036254878743717175,0.006441383371074987,0.0022352013751165425
1997-02-01,1997-03-01,lag_4,0.000296094050018,0.00018059602006733965,0.006441383371074987,0.0022352013751165425
1997-02-01,1997-03-01,lag_5,0.0062396321182145,-4.334478189991324e-05,0.006441383371074987,0.0022352013751165425
1997-02-01,1997-03-01,lag_6,0.0051052352845752,-1.645185547408078e-05,0.006441383371074987,0.0022352013751165425
1997-02-01,1997-03-01,lag_7,0.0001537460357097,-7.954767954296097e-05,0.006441383371074987,0.0022352013751165425
1997-02-01,1997-03-01,lag_8,0.0075933782411841,0.0006455707738240488,0.006441383371074987,0.0022352013751165425
1997-02-01,1997-03-01,lag_9,0.0074455836229239,-2.9911039739152224e-06,0.006441383371074987,0.0022352013751165425
1997-02-01,1997-03-01,lag_10,0.0099012182605209,-0.00027245841395883027,0.006441383371074987,0.0022352013751165425
1997-02-01,1997-03-01,lag_11,-0.0012250426290405,0.00023754963041172503,0.006441383371074987,0.0022352013751165425
1997-02-01,1997-03-01,volatility_3m,0.005145701090838615,9.572977708808605e-06,0.006441383371074987,0.0022352013751165425
1997-03-01,1997-04-01,lag_0,0.0063260801601101,0.0011453984138430563,0.003437883798266275,0.0022768723014237177
1997-03-01,1997-04-01,lag_1,0.0118678167995964,0.001405999050890637,0.003437883798266275,0.0022768723014237177
1997-03-01,1997-04-01,lag_2,0.0015838703738682,-8.704184918526798e-05,0.003437883798266275,0.0022768723014237177
1997-03-01,1997-04-01,lag_3,0.0063866480924561,0.0002137126365732547,0.003437883798266275,0.0022768723014237177
1997-03-01,1997-04-01,lag_4,0.0091447851720687,-0.0006485684471476728,0.003437883798266275,0.0022768723014237177
1997-03-01,1997-04-01,lag_5,0.000296094050018,2.0526876870593503e-05,0.003437883798266275,0.0022768723014237177
1997-03-01,1997-04-01,lag_6,0.0062396321182145,-2.2651629806442933e-05,0.003437883798266275,0.0022768723014237177
1997-03-01,1997-04-01,lag_7,0.0051052352845752,0.00011622031711087218,0.003437883798266275,0.0022768723014237177
1997-03-01,1997-04-01,lag_8,0.0001537460357097,-0.00023930370578415262,0.003437883798266275,0.0022768723014237177
1997-03-01,1997-04-01,lag_9,0.0075933782411841,-2.5819094325593633e-06,0.003437883798266275,0.0022768723014237177
1997-03-01,1997-04-01,lag_10,0.0074455836229239,-0.00018646455538603958,0.003437883798266275,0.0022768723014237177
1997-03-01,1997-04-01,lag_11,0.0099012182605209,-0.0005637007260469834,0.003437883798266275,0.0022768723014237177
1997-03-01,1997-04-01,volatility_3m,0.005147150550311002,9.46702434326248e-06,0.003437883798266275,0.0022768723014237177
1997-04-01,1997-05-01,lag_0,0.0011715145153683,-0.00038041187724323106,0.003095106465846206,0.0022822997550045743
1997-04-01,1997-05-01,lag_1,0.0063260801601101,0.0005704855589283963,0.003095106465846206,0.0022822997550045743
1997-04-01,1997-05-01,lag_2,0.0118678167995964,0.0011585566280294833,0.003095106465846206,0.0022822997550045743
1997-04-01,1997-05-01,lag_3,0.0015838703738682,-3.746473972496579e-05,0.003095106465846206,0.0022822997550045743
1997-04-01,1997-05-01,lag_4,0.0063866480924561,-0.000386616371441708,0.003095106465846206,0.0022822997550045743
1997-04-01,1997-05-01,lag_5,0.0091447851720687,-6.833395609876346e-05,0.003095106465846206,0.0022822997550045743
1997-04-01,1997-05-01,lag_6,0.000296094050018,1.2020438789512497e-05,0.003095106465846206,0.0022822997550045743
1997-04-01,1997-05-01,lag_7,0.0062396321182145,0.00016054103773269787,0.003095106465846206,0.0022822997550045743
1997-04-01,1997-05-01,lag_8,0.0051052352845752,0.00035275888691065326,0.003095106465846206,0.0022822997550045743
1997-04-01,1997-05-01,lag_9,0.0001537460357097,2.050671689058081e-06,0.003095106465846206,0.0022822997550045743
1997-04-01,1997-05-01,lag_10,0.0075933782411841,-0.0001890608643901389,0.003095106465846206,0.0022822997550045743
1997-04-01,1997-05-01,lag_11,0.0074455836229239,-0.0003917323118540913,0.003095106465846206,0.0022822997550045743
1997-04-01,1997-05-01,volatility_3m,0.005349318874444992,1.0013609514729301e-05,0.003095106465846206,0.0022822997550045743
1997-05-01,1997-06-01,lag_0,0.0055243609775672,0.0009058619729021595,0.004023726044077992,0.00229099463632142
1997-05-01,1997-06-01,lag_1,0.0011715145153683,-0.0001898701879796908,0.004023726044077992,0.00229099463632142
1997-05-01,1997-06-01,lag_2,0.0063260801601101,0.00048110518355578365,0.004023726044077992,0.00229099463632142
1997-05-01,1997-06-01,lag_3,0.0118678167995964,0.0004867079089023279,0.004023726044077992,0.00229099463632142
1997-05-01,1997-06-01,lag_4,0.0015838703738682,6.77923475079989e-05,0.004023726044077992,0.00229099463632142
1997-05-01,1997-06-01,lag_5,0.0063866480924561,-3.584660475666517e-05,0.004023726044077992,0.00229099463632142
1997-05-01,1997-06-01,lag_6,0.0091447851720687,-4.977504805628675e-05,0.004023726044077992,0.00229099463632142
1997-05-01,1997-06-01,lag_7,0.000296094050018,-7.668152824902057e-05,0.004023726044077992,0.00229099463632142
1997-05-01,1997-06-01,lag_8,0.0062396321182145,0.0004897453496427255,0.004023726044077992,0.00229099463632142
1997-05-01,1997-06-01,lag_9,0.0051052352845752,-5.197780024551645e-06,0.004023726044077992,0.00229099463632142
1997-05-01,1997-06-01,lag_10,0.0001537460357097,6.853085292728518e-05,0.004023726044077992,0.00229099463632142
1997-05-01,1997-06-01,lag_11,0.0075933782411841,-0.0003946904945995865,0.004023726044077992,0.00229099463632142
1997-05-01,1997-06-01,volatility_3m,0.0027736730448116144,-1.4950564015906937e-05,0.004023726044077992,0.00229099463632142
1997-06-01,1997-07-01,lag_0,0.0045854365477637,0.0006232964257468129,0.002567416163019597,0.002306734254564865
1997-06-01,1997-07-01,lag_1,0.0055243609775672,0.00045280898729299326,0.002567416163019597,0.002306734254564865
1997-06-01,1997-07-01,lag_2,0.0011715145153683,-0.0001598207037391861,0.002567416163019597,0.002306734254564865
1997-06-01,1997-07-01,lag_3,0.0063260801601101,0.00020082757188987125,0.002567416163019597,0.002306734254564865
1997-06-01,1997-07-01,lag_4,0.0118678167995964,-0.0008959807767591675,0.002567416163019597,0.002306734254564865
1997-06-01,1997-07-01,lag_5,0.0015838703738682,6.2856317052524935e-06,0.002567416163019597,0.002306734254564865
1997-06-01,1997-07-01,lag_6,0.0063866480924561,-2.8318801815533262e-05,0.002567416163019597,0.002306734254564865
1997-06-01,1997-07-01,lag_7,0.0091447851720687,0.0002737291785767286,0.002567416163019597,0.002306734254564865
1997-06-01,1997-07-01,lag_8,0.000296094050018,-0.0002310611515297644,0.002567416163019597,0.002306734254564865
1997-06-01,1997-07-01,lag_9,0.0062396321182145,-6.6310863624106104e-06,0.002567416163019597,0.002306734254564865
1997-06-01,1997-07-01,lag_10,0.0051052352845752,-0.00010089351188755319,0.002567416163019597,0.002306734254564865
1997-06-01,1997-07-01,lag_11,0.0001537460357097,0.0001459844924620953,0.002567416163019597,0.002306734254564865
1997-06-01,1997-07-01,volatility_3m,0.002290695493062971,-1.9544347125406508e-05,0.002567416163019597,0.002306734254564865
1997-07-01,1997-08-01,lag_0,0.0085059426597107,0.0017463854390372328,0.004882963299038764,0.0023510459896946886
1997-07-01,1997-08-01,lag_1,0.0045854365477637,0.0003131761551145223,0.004882963299038764,0.0023510459896946886
1997-07-01,1997-08-01,lag_2,0.0055243609775672,0.0003759777101977866,0.004882963299038764,0.0023510459896946886
1997-07-01,1997-08-01,lag_3,0.0011715145153683,-6.708610494722883e-05,0.004882963299038764,0.0023510459896946886
1997-07-01,1997-08-01,lag_4,0.0063260801601101,-0.00035395602760450267,0.004882963299038764,0.0023510459896946886
1997-07-01,1997-08-01,lag_5,0.0118678167995964,-0.00010393232546676103,0.004882963299038764,0.0023510459896946886
1997-07-01,1997-08-01,lag_6,0.0015838703738682,4.454034569270974e-06,0.004882963299038764,0.0023510459896946886
1997-07-01,1997-08-01,lag_7,0.0063866480924561,0.00017048268253452612,0.004882963299038764,0.0023510459896946886
1997-07-01,1997-08-01,lag_8,0.0091447851720687,0.0008147366363760181,0.004882963299038764,0.0023510459896946886
1997-07-01,1997-08-01,lag_9,0.000296094050018,-2.8629971631256097e-07,0.004882963299038764,0.0023510459896946886
1997-07-01,1997-08-01,lag_10,0.0062396321182145,-0.00013691779627021306,0.004882963299038764,0.0023510459896946886
1997-07-01,1997-08-01,lag_11,0.0051052352845752,-0.00021809325046059753,0.004882963299038764,0.0023510459896946886
1997-07-01,1997-08-01,volatility_3m,0.002047021274355711,-1.3023544019665864e-05,0.004882963299038764,0.0023510459896946886
1997-08-01,1997-09-01,lag_0,0.0099549460935852,0.002172750353868751,0.00607771745910427,0.002406298043078733
1997-08-01,1997-09-01,lag_1,0.0085059426597107,0.0008739788946366759,0.00607771745910427,0.002406298043078733
1997-08-01,1997-09-01,lag_2,0.0045854365477637,0.00025895637348604647,0.00607771745910427,0.002406298043078733
1997-08-01,1997-09-01,lag_3,0.0055243609775672,0.00015473221675126384,0.00607771745910427,0.002406298043078733
1997-08-01,1997-09-01,lag_4,0.0011715145153683,0.00011778836688541544,0.00607771745910427,0.002406298043078733
1997-08-01,1997-09-01,lag_5,0.0063260801601101,-2.923554899848383e-05,0.00607771745910427,0.002406298043078733
1997-08-01,1997-09-01,lag_6,0.0118678167995964,-7.689164733611915e-05,0.00607771745910427,0.002406298043078733
1997-08-01,1997-09-01,lag_7,0.0015838703738682,-3.0506516789516043e-05,0.00607771745910427,0.002406298043078733
1997-08-01,1997-09-01,lag_8,0.0063866480924561,0.0004881778236115373,0.00607771745910427,0.002406298043078733
1997-08-01,1997-09-01,lag_9,0.0091447851720687,-1.5894074409614647e-05,0.00607771745910427,0.002406298043078733
1997-08-01,1997-09-01,lag_10,0.000296094050018,6.194406265309285e-05,0.00607771745910427,0.002406298043078733
1997-08-01,1997-09-01,lag_11,0.0062396321182145,-0.0003014266410988976,0.00607771745910427,0.002406298043078733
1997-08-01,1997-09-01,volatility_3m,0.0027779372409476207,-2.95424723461352e-06,0.00607771745910427,0.002406298043078733
1997-09-01,1997-10-01,lag_0,0.0091175754565737,0.0019029079765782123,0.00619274611490208,0.0024683253495650474
1997-09-01,1997-10-01,lag_1,0.0099549460935852,0.001085329449323385,0.00619274611490208,0.0024683253495650474
1997-09-01,1997-10-01,lag_2,0.0085059426597107,0.0007216438883258535,0.00619274611490208,0.0024683253495650474
1997-09-01,1997-10-01,lag_3,0.0045854365477637,0.00010680603589411023,0.00619274611490208,0.0024683253495650474
1997-09-01,1997-10-01,lag_4,0.0055243609775672,-0.0002841265028534066,0.00619274611490208,0.0024683253495650474
1997-09-01,1997-10-01,lag_5,0.0011715145153683,9.48487804045713e-06,0.00619274611490208,0.0024683253495650474
1997-09-01,1997-10-01,lag_6,0.0063260801601101,-2.3681818371281443e-05,0.00619274611490208,0.0024683253495650474
1997-09-01,1997-10-01,lag_7,0.0118678167995964,0.00039281875382991534,0.00619274611490208,0.0024683253495650474
1997-09-01,1997-10-01,lag_8,0.0015838703738682,-8.614099166488619e-05,0.00619274611490208,0.0024683253495650474
1997-09-01,1997-10-01,lag_9,0.0063866480924561,-5.14432690524708e-06,0.00619274611490208,0.0024683253495650474
1997-09-01,1997-10-01,lag_10,0.0091447851720687,-0.00023389403359288255,0.00619274611490208,0.0024683253495650474
1997-09-01,1997-10-01,lag_11,0.000296094050018,0.00013996610689487782,0.00619274611490208,0.0024683253495650474
1997-09-01,1997-10-01,volatility_3m,0.0007274264239206134,-1.548650162075016e-06,0.00619274611490208,0.0024683253495650474
1997-10-01,1997-11-01,lag_0,0.008827849981996,0.001776553421809298,0.006919604503939041,0.0025549847815978105
1997-10-01,1997-11-01,lag_1,0.0091175754565737,0.0009513175098666583,0.006919604503939041,0.0025549847815978105
1997-10-01,1997-11-01,lag_2,0.0099549460935852,0.0008944488283016492,0.006919604503939041,0.0025549847815978105
1997-10-01,1997-11-01,lag_3,0.0085059426597107,0.00029600955958824,0.006919604503939041,0.0025549847815978105
1997-10-01,1997-11-01,lag_4,0.0045854365477637,-0.0001956336019778258,0.006919604503939041,0.0025549847815978105
1997-10-01,1997-11-01,lag_5,0.0055243609775672,-2.5239174119709482e-05,0.006919604503939041,0.0025549847815978105
1997-10-01,1997-11-01,lag_6,0.0011715145153683,7.612181823494528e-06,0.006919604503939041,0.0025549847815978105
1997-10-01,1997-11-01,lag_7,0.0063260801601101,0.0001673136334305894,0.006919604503939041,0.0025549847815978105
1997-10-01,1997-11-01,lag_8,0.0118678167995964,0.001127719031878224,0.006919604503939041,0.0025549847815978105
1997-10-01,1997-11-01,lag_9,0.0015838703738682,6.267037979088645e-07,0.006919604503939041,0.0025549847815978105
1997-10-01,1997-11-01,lag_10,0.0063866480924561,-0.00013350789419902098,0.006919604503939041,0.0025549847815978105
1997-10-01,1997-11-01,lag_11,0.0091447851720687,-0.0005124040727752169,0.006919604503939041,0.0025549847815978105
1997-10-01,1997-11-01,volatility_3m,0.0007198935209829239,9.803594916942216e-06,0.006919604503939041,0.0025549847815978105
1997-11-01,1997-12-01,lag_0,0.0078442888950283,0.0014584569051826863,0.0056581956139008065,0.002617445286277541
1997-11-01,1997-12-01,lag_1,0.008827849981996,0.0008873480659501475,0.0056581956139008065,0.002617445286277541
1997-11-01,1997-12-01,lag_2,0.0091175754565737,0.0007813359955296449,0.0056581956139008065,0.002617445286277541
1997-11-01,1997-12-01,lag_3,0.0099549460935852,0.00036650331698884735,0.0056581956139008065,0.002617445286277541
1997-11-01,1997-12-01,lag_4,0.0085059426597107,-0.0005487882914291106,0.0056581956139008065,0.002617445286277541
1997-11-01,1997-12-01,lag_5,0.0045854365477637,-1.7246108509359745e-05,0.0056581956139008065,0.002617445286277541
1997-11-01,1997-12-01,lag_6,0.0055243609775672,-1.905189394172057e-05,0.0056581956139008065,0.002617445286277541
1997-11-01,1997-12-01,lag_7,0.0011715145153683,-5.565995252563172e-05,0.0056581956139008065,0.002617445286277541
1997-11-01,1997-12-01,lag_8,0.0063260801601101,0.0004641374033093624,0.0056581956139008065,0.002617445286277541
1997-11-01,1997-12-01,lag_9,0.0118678167995964,-1.1115959196581993e-05,0.0056581956139008065,0.002617445286277541
1997-11-01,1997-12-01,lag_10,0.0015838703738682,2.3504373276929197e-05,0.0056581956139008065,0.002617445286277541
1997-11-01,1997-12-01,lag_11,0.0063866480924561,-0.00030132075466584294,0.0056581956139008065,0.002617445286277541
1997-11-01,1997-12-01,volatility_3m,0.0006831351744694044,1.2647227653895495e-05,0.0056581956139008065,0.002617445286277541
1997-12-01,1998-01-01,lag_0,0.0042494435829167,0.00033531095251534287,0.003789394690115735,0.0026945580571969175
1997-12-01,1998-01-01,lag_1,0.0078442888950283,0.0007268061464887972,0.003789394690115735,0.0026945580571969175
1997-12-01,1998-01-01,lag_2,0.008827849981996,0.0007270493805730897,0.003789394690115735,0.0026945580571969175
1997-12-01,1998-01-01,lag_3,0.0091175754565737,0.0003177144159623903,0.003789394690115735,0.0026945580571969175
1997-12-01,1998-01-01,lag_4,0.0099549460935852,-0.0006783810062468826,0.003789394690115735,0.0026945580571969175
1997-12-01,1998-01-01,lag_5,0.0085059426597107,-4.668612689985563e-05,0.003789394690115735,0.0026945580571969175
1997-12-01,1998-01-01,lag_6,0.0045854365477637,-1.3240358411720887e-05,0.003789394690115735,0.0026945580571969175
1997-12-01,1998-01-01,lag_7,0.0055243609775672,0.00013395770629701117,0.003789394690115735,0.0026945580571969175
1997-12-01,1998-01-01,lag_8,0.0011715145153683,-0.00015383624193528975,0.003789394690115735,0.0026945580571969175
1997-12-01,1998-01-01,lag_9,0.0063260801601101,-7.78416938808883e-06,0.003789394690115735,0.0026945580571969175
1997-12-01,1998-01-01,lag_10,0.0118678167995964,-0.00030356071892704574,0.003789394690115735,0.0026945580571969175
1997-12-01,1998-01-01,lag_11,0.0015838703738682,5.3251704109801106e-05,0.003789394690115735,0.0026945580571969175
1997-12-01,1998-01-01,volatility_3m,0.0024101213795484147,4.234948781268588e-06,0.003789394690115735,0.0026945580571969175
1998-01-01,1998-02-01,lag_0,0.0043737842759465,0.00038858291174873906,0.003108554125132155,0.002705325047670878
1998-01-01,1998-02-01,lag_1,0.0042494435829167,0.00016728622876165084,0.003108554125132155,0.002705325047670878
1998-01-01,1998-02-01,lag_2,0.0078442888950283,0.0005968184458323496,0.003108554125132155,0.002705325047670878
1998-01-01,1998-02-01,lag_3,0.008827849981996,0.0002966490068997118,0.003108554125132155,0.002705325047670878
1998-01-01,1998-02-01,lag_4,0.0091175754565737,-0.0005904183991687046,0.003108554125132155,0.002705325047670878
1998-01-01,1998-02-01,lag_5,0.0099549460935852,-5.6592306030040965e-05,0.003108554125132155,0.002705325047670878
1998-01-01,1998-02-01,lag_6,0.0085059426597107,-3.734429138328578e-05,0.003108554125132155,0.002705325047670878
1998-01-01,1998-02-01,lag_7,0.0045854365477637,9.205623534699167e-05,0.003108554125132155,0.002705325047670878
1998-01-01,1998-02-01,lag_8,0.0055243609775672,0.0003663264570555074,0.003108554125132155,0.002705325047670878
1998-01-01,1998-02-01,lag_9,0.0011715145153683,2.3591152112132175e-06,0.003108554125132155,0.002705325047670878
1998-01-01,1998-02-01,lag_10,0.0063260801601101,-0.00012273363537022324,0.003108554125132155,0.002705325047670878
1998-01-01,1998-02-01,lag_11,0.0118678167995964,-0.0007050933347222112,0.003108554125132155,0.002705325047670878
1998-01-01,1998-02-01,volatility_3m,0.0020405381535688887,5.332643279579282e-06,0.003108554125132155,0.002705325047670878
1998-02-01,1998-03-01,lag_0,0.0016174896182681,-0.00045369439011272694,0.002454513239203836,0.0027252568400083833
1998-02-01,1998-03-01,lag_1,0.0043737842759465,0.0001941436355943647,0.002454513239203836,0.0027252568400083833
1998-02-01,1998-03-01,lag_2,0.0042494435829167,0.00013726353091236568,0.002454513239203836,0.0027252568400083833
1998-02-01,1998-03-01,lag_3,0.0078442888950283,0.00024241021838927832,0.002454513239203836,0.0027252568400083833
1998-02-01,1998-03-01,lag_4,0.008827849981996,-0.0005508497161861127,0.002454513239203836,0.0027252568400083833
1998-02-01,1998-03-01,lag_5,0.0091175754565737,-5.2233654536940286e-05,0.002454513239203836,0.0027252568400083833
1998-02-01,1998-03-01,lag_6,0.0099549460935852,-4.8268854059420746e-05,0.002454513239203836,0.0027252568400083833
1998-02-01,1998-03-01,lag_7,0.0085059426597107,0.0002585582346200669,0.002454513239203836,0.0027252568400083833
1998-02-01,1998-03-01,lag_8,0.0045854365477637,0.00025174958747016405,0.002454513239203836,0.0027252568400083833
1998-02-01,1998-03-01,lag_9,0.0055243609775672,-3.7206825659672883e-06,0.002454513239203836,0.0027252568400083833
1998-02-01,1998-03-01,lag_10,0.0011715145153683,4.0878251763035696e-05,0.002454513239203836,0.0027252568400083833
1998-02-01,1998-03-01,lag_11,0.0063260801601101,-0.00029254523117717914,0.002454513239203836,0.0027252568400083833
1998-02-01,1998-03-01,volatility_3m,0.001556695352336647,5.5654690845248695e-06,0.002454513239203836,0.0027252568400083833
1998-03-01,1998-04-01,lag_0,0.0003515910121256,-0.000839805519903424,0.0023632993657565445,0.0027401275545487235
1998-03-01,1998-04-01,lag_1,0.0016174896182681,-0.00022658930648079994,0.0023632993657565445,0.0027401275545487235
1998-03-01,1998-04-01,lag_2,0.0043737842759465,0.00015948749465212895,0.0023632993657565445,0.0027401275545487235
1998-03-01,1998-04-01,lag_3,0.0042494435829167,5.5530001161454496e-05,0.0023632993657565445,0.0027401275545487235
1998-03-01,1998-04-01,lag_4,0.0078442888950283,-0.0004531547175251141,0.0023632993657565445,0.0027401275545487235
1998-03-01,1998-04-01,lag_5,0.008827849981996,-5.0005787030461805e-05,0.0023632993657565445,0.0027401275545487235
1998-03-01,1998-04-01,lag_6,0.0091175754565737,-4.562943683819233e-05,0.0023632993657565445,0.0027401275545487235
1998-03-01,1998-04-01,lag_7,0.0099549460935852,0.00031550458476617047,0.0023632993657565445,0.0027401275545487235
1998-03-01,1998-04-01,lag_8,0.0085059426597107,0.00070604186688118,0.0023632993657565445,0.0027401275545487235
1998-03-01,1998-04-01,lag_9,0.0045854365477637,-2.9407876131011757e-06,0.0023632993657565445,0.0027401275545487235
1998-03-01,1998-04-01,lag_10,0.0055243609775672,-9.512964664449849e-05,0.0023632993657565445,0.0027401275545487235
1998-03-01,1998-04-01,lag_11,0.0011715145153683,9.801943868202419e-05,0.0023632993657565445,0.0027401275545487235
1998-03-01,1998-04-01,volatility_3m,0.0020566031124367124,1.843627100455025e-06,0.0023632993657565445,0.0027401275545487235
1998-04-01,1998-05-01,lag_0,0.0034253831806134,8.41179958429936e-05,0.0029428022318655966,0.002741166982992409
1998-04-01,1998-05-01,lag_1,0.0003515910121256,-0.0004187200052090847,0.0029428022318655966,0.002741166982992409
1998-04-01,1998-05-01,lag_2,0.0016174896182681,-0.00018648347313840347,0.0029428022318655966,0.002741166982992409
1998-04-01,1998-05-01,lag_3,0.0043737842759465,6.42753533177643e-05,0.0029428022318655966,0.002741166982992409
1998-04-01,1998-05-01,lag_4,0.0042494435829167,-0.00010403493149528412,0.0029428022318655966,0.002741166982992409
1998-04-01,1998-05-01,lag_5,0.0078442888950283,-4.037327943061205e-05,0.0029428022318655966,0.002741166982992409
1998-04-01,1998-05-01,lag_6,0.008827849981996,-4.153699726593812e-05,0.0029428022318655966,0.002741166982992409
1998-04-01,1998-05-01,lag_7,0.0091175754565737,0.0002764889409752831,0.0029428022318655966,0.002741166982992409
1998-04-01,1998-05-01,lag_8,0.0099549460935852,0.0008720052505629309,0.0029428022318655966,0.002741166982992409
1998-04-01,1998-05-01,lag_9,0.0085059426597107,-8.017016572696442e-06,0.0029428022318655966,0.002741166982992409
1998-04-01,1998-05-01,lag_10,0.0045854365477637,-6.505582468865065e-05,0.0029428022318655966,0.002741166982992409
1998-04-01,1998-05-01,lag_11,0.0055243609775672,-0.00023506830891254185,0.0029428022318655966,0.002741166982992409
1998-04-01,1998-05-01,volatility_3m,0.001544839619985412,4.037544887427413e-06,0.0029428022318655966,0.002741166982992409
1998-05-01,1998-06-01,lag_0,0.0065697125334116,0.0010266172530236453,0.003938266917239178,0.002769489075283071
1998-05-01,1998-06-01,lag_1,0.0034253831806134,4.177273062891861e-05,0.003938266917239178,0.002769489075283071
1998-05-01,1998-06-01,lag_2,0.0003515910121256,-0.00034298678564910473,0.003938266917239178,0.002769489075283071
1998-05-01,1998-06-01,lag_3,0.0016174896182681,-7.530042018972958e-05,0.003938266917239178,0.002769489075283071
1998-05-01,1998-06-01,lag_4,0.0043737842759465,-0.00012107389235359718,0.003938266917239178,0.002769489075283071
1998-05-01,1998-06-01,lag_5,0.0042494435829167,-8.730669001796309e-06,0.003938266917239178,0.002769489075283071
1998-05-01,1998-06-01,lag_6,0.0078442888950283,-3.1124299416867875e-05,0.003938266917239178,0.002769489075283071
1998-05-01,1998-06-01,lag_7,0.008827849981996,0.00026083868242124993,0.003938266917239178,0.002769489075283071
1998-05-01,1998-06-01,lag_8,0.0091175754565737,0.0007664178529232312,0.003938266917239178,0.002769489075283071
1998-05-01,1998-06-01,lag_9,0.0099549460935852,-5.362749750124335e-06,0.003938266917239178,0.002769489075283071
1998-05-01,1998-06-01,lag_10,0.0085059426597107,-0.00018475087492314304,0.003938266917239178,0.002769489075283071
1998-05-01,1998-06-01,lag_11,0.0045854365477637,-0.00016131944157848414,0.003938266917239178,0.002769489075283071
1998-05-01,1998-06-01,volatility_3m,0.003109127439958179,3.7804558219093464e-06,0.003938266917239178,0.002769489075283071
1998-06-01,1998-07-01,lag_0,-0.0060166552861451,-0.002732210760662374,0.000762153309077728,0.002766005637992136
1998-06-01,1998-07-01,lag_1,0.0065697125334116,0.0005096368434783261,0.000762153309077728,0.002766005637992136
1998-06-01,1998-07-01,lag_2,0.0034253831806134,3.512465283377326e-05,0.000762153309077728,0.002766005637992136
1998-06-01,1998-07-01,lag_3,0.0003515910121256,-0.00014362545516244117,0.000762153309077728,0.002766005637992136
1998-06-01,1998-07-01,lag_4,0.0016174896182681,0.00014189554742250813,0.000762153309077728,0.002766005637992136
1998-06-01,1998-07-01,lag_5,0.0043737842759465,-9.553207566248697e-06,0.000762153309077728,0.002766005637992136
1998-06-01,1998-07-01,lag_6,0.0042494435829167,-9.046345856731568e-06,0.000762153309077728,0.002766005637992136
1998-06-01,1998-07-01,lag_7,0.0078442888950283,0.00020686109319746407,0.000762153309077728,0.002766005637992136
1998-06-01,1998-07-01,lag_8,0.008827849981996,0.0007064959534506057,0.000762153309077728,0.002766005637992136
1998-06-01,1998-07-01,lag_9,0.0091175754565737,-1.8716543399707384e-05,0.000762153309077728,0.002766005637992136
1998-06-01,1998-07-01,lag_10,0.0099549460935852,-0.00024460281472677515,0.000762153309077728,0.002766005637992136
1998-06-01,1998-07-01,lag_11,0.0085059426597107,-0.00044578062666076376,0.000762153309077728,0.002766005637992136
1998-06-01,1998-07-01,volatility_3m,0.00655051591321615,-3.306652620433446e-07,0.000762153309077728,0.002766005637992136
1998-07-01,1998-08-01,lag_0,-0.0038529866935137,-0.0020760895143170912,-0.0001820382568244079,0.002728342183637411
1998-07-01,1998-08-01,lag_1,-0.0060166552861451,-0.0013476652575373392,-0.0001820382568244079,0.002728342183637411
1998-07-01,1998-08-01,lag_2,0.0065697125334116,0.0004251789344771195,-0.0001820382568244079,0.002728342183637411
1998-07-01,1998-08-01,lag_3,0.0034253831806134,1.4565526927074743e-05,-0.0001820382568244079,0.002728342183637411
1998-07-01,1998-08-01,lag_4,0.0003515910121256,0.00026196666884881453,-0.0001820382568244079,0.002728342183637411
1998-07-01,1998-08-01,lag_5,0.0016174896182681,1.121702756544973e-05,-0.0001820382568244079,0.002728342183637411
1998-07-01,1998-08-01,lag_6,0.0043737842759465,-1.0392142435686087e-05,-0.0001820382568244079,0.002728342183637411
1998-07-01,1998-08-01,lag_7,0.0042494435829167,4.6787128491594126e-05,-0.0001820382568244079,0.002728342183637411
1998-07-01,1998-08-01,lag_8,0.0078442888950283,0.0005748086185341882,-0.0001820382568244079,0.002728342183637411
1998-07-01,1998-08-01,lag_9,0.008827849981996,-2.383162475269233e-05,-0.0001820382568244079,0.002728342183637411
1998-07-01,1998-08-01,lag_10,0.0091175754565737,-0.00022069771004025752,-0.0001820382568244079,0.002728342183637411
1998-07-01,1998-08-01,lag_11,0.0099549460935852,-0.000554083280976746,-0.0001820382568244079,0.002728342183637411
1998-07-01,1998-08-01,volatility_3m,0.0067296703218268335,-1.21448152462485e-05,-0.0001820382568244079,0.002728342183637411
1998-08-01,1998-09-01,lag_0,0.019909309205480705,0.004974349966983048,0.005338318285887017,0.002731741214098562
1998-08-01,1998-09-01,lag_1,-0.0038529866935137,-0.0009620586433940503,0.005338318285887017,0.002731741214098562
1998-08-01,1998-09-01,lag_2,-0.0060166552861451,-0.0012008704034033402,0.005338318285887017,0.002731741214098562
1998-08-01,1998-09-01,lag_3,0.0065697125334116,0.00018560960172254038,0.005338318285887017,0.002731741214098562
1998-08-01,1998-09-01,lag_4,0.0034253831806134,-2.6447753589040626e-05,0.005338318285887017,0.002731741214098562
1998-08-01,1998-09-01,lag_5,0.0003515910121256,2.4605133541779965e-05,0.005338318285887017,0.002731741214098562
1998-08-01,1998-09-01,lag_6,0.0016174896182681,1.1777475809175759e-05,0.005338318285887017,0.002731741214098562
1998-08-01,1998-09-01,lag_7,0.0043737842759465,5.305034234943208e-05,0.005338318285887017,0.002731741214098562
1998-08-01,1998-09-01,lag_8,0.0042494435829167,0.0001355093278750893,0.005338318285887017,0.002731741214098562
1998-08-01,1998-09-01,lag_9,0.0078442888950283,-5.186870049484812e-06,0.005338318285887017,0.002731741214098562
1998-08-01,1998-09-01,lag_10,0.008827849981996,-0.0001890349158357765,0.005338318285887017,0.002731741214098562
1998-08-01,1998-09-01,lag_11,0.0091175754565737,-0.00046591123753277075,0.005338318285887017,0.002731741214098562
1998-08-01,1998-09-01,volatility_3m,0.014719933089133934,7.118504731185432e-05,0.005338318285887017,0.002731741214098562
1998-09-01,1998-10-01,lag_0,-0.0005323279149607,-0.001072950699866028,0.001752199086941074,0.0027500282016853653
1998-09-01,1998-10-01,lag_1,0.019906202731419263,0.0024167763097129747,0.001752199086941074,0.0027500282016853653
1998-09-01,1998-10-01,lag_2,-0.0038529866935137,-0.0009310812692886477,0.001752199086941074,0.0027500282016853653
1998-09-01,1998-10-01,lag_3,-0.0060166552861451,-0.0004674005840140524,0.001752199086941074,0.0027500282016853653
1998-09-01,1998-10-01,lag_4,0.0065697125334116,-0.0003276024478486554,0.001752199086941074,0.0027500282016853653
1998-09-01,1998-10-01,lag_5,0.0034253831806134,-2.6970909940989476e-06,0.001752199086941074,0.0027500282016853653
1998-09-01,1998-10-01,lag_6,0.0003515910121256,2.003975106203209e-05,0.001752199086941074,0.0027500282016853653
1998-09-01,1998-10-01,lag_7,0.0016174896182681,-6.281197197506962e-05,0.001752199086941074,0.0027500282016853653
1998-09-01,1998-10-01,lag_8,0.0043737842759465,0.0001580838040362746,0.001752199086941074,0.0027500282016853653
1998-09-01,1998-10-01,lag_9,0.0042494435829167,-1.563415073711251e-06,0.001752199086941074,0.0027500282016853653
1998-09-01,1998-10-01,lag_10,0.0078442888950283,-0.00016638965362397208,0.001752199086941074,0.0027500282016853653
1998-09-01,1998-10-01,lag_11,0.008827849981996,-0.0004567090492976075,0.001752199086941074,0.0027500282016853653
1998-09-01,1998-10-01,volatility_3m,0.013201758331689779,-0.00010352279757373021,0.001752199086941074,0.0027500282016853653
1998-10-01,1998-11-01,lag_0,0.0068129990948513,0.0010231778799128387,0.00523180558624891,0.002747329734933524
1998-10-01,1998-11-01,lag_1,-0.0005323279149607,-0.0005647397843879041,0.00523180558624891,0.002747329734933524
1998-10-01,1998-11-01,lag_2,0.01990309625735782,0.0022233352767132516,0.00523180558624891,0.002747329734933524
1998-10-01,1998-11-01,lag_3,-0.0038529866935137,-0.00033300442944899516,0.00523180558624891,0.002747329734933524
1998-10-01,1998-11-01,lag_4,-0.0060166552861451,0.0008522273966637122,0.00523180558624891,0.002747329734933524
1998-10-01,1998-11-01,lag_5,0.0065697125334116,-3.0479466694113938e-05,0.00523180558624891,0.002747329734933524
1998-10-01,1998-11-01,lag_6,0.0034253831806134,-1.9308453751001377e-06,0.00523180558624891,0.002747329734933524
1998-10-01,1998-11-01,lag_7,0.0003515910121256,-0.00011343489151408643,0.00523180558624891,0.002747329734933524
1998-10-01,1998-11-01,lag_8,0.0016174896182681,-0.0001845403125937472,0.00523180558624891,0.002747329734933524
1998-10-01,1998-11-01,lag_9,0.0043737842759465,-1.6714557305324927e-06,0.00523180558624891,0.002747329734933524
1998-10-01,1998-11-01,lag_10,0.0042494435829167,-3.753614857865968e-05,0.00523180558624891,0.002747329734933524
1998-10-01,1998-11-01,lag_11,0.0078442888950283,-0.0003602308146611824,0.00523180558624891,0.002747329734933524
1998-10-01,1998-11-01,volatility_3m,0.01066992964460753,1.3303447009903466e-05,0.00523180558624891,0.002747329734933524
1998-11-01,1998-12-01,lag_0,-0.0007584271645324,-0.0011212087213322449,0.002855873607655802,0.002767331702902955
1998-11-01,1998-12-01,lag_1,0.0068129990948513,0.0005554299659506274,0.002855873607655802,0.002767331702902955
1998-11-01,1998-12-01,lag_2,-0.0005323279149607,-0.0004572573780675009,0.002855873607655802,0.002767331702902955
1998-11-01,1998-12-01,lag_3,0.01989998978329638,0.0008722660529232068,0.002855873607655802,0.002767331702902955
1998-11-01,1998-12-01,lag_4,-0.0038529866935137,0.0006164247263825537,0.002855873607655802,0.002767331702902955
1998-11-01,1998-12-01,lag_5,-0.0060166552861451,0.00010799052016057263,0.002855873607655802,0.002767331702902955
1998-11-01,1998-12-01,lag_6,0.0065697125334116,-2.4266740616202136e-05,0.002855873607655802,0.002767331702902955
1998-11-01,1998-12-01,lag_7,0.0034253831806134,1.1485028770721175e-05,0.002855873607655802,0.002767331702902955
1998-11-01,1998-12-01,lag_8,0.0003515910121256,-0.00034358598797209756,0.002855873607655802,0.002767331702902955
1998-11-01,1998-12-01,lag_9,0.0016174896182681,2.590749101896949e-06,0.002855873607655802,0.002767331702902955
1998-11-01,1998-12-01,lag_10,0.0043737842759465,-4.436314287760739e-05,0.002855873607655802,0.002767331702902955
1998-11-01,1998-12-01,lag_11,0.0042494435829167,-8.479787743476872e-05,0.002855873607655802,0.002767331702902955
1998-11-01,1998-12-01,volatility_3m,0.004307579470209374,-2.1652902363098086e-06,0.002855873607655802,0.002767331702902955
1998-12-01,1999-01-01,lag_0,0.0045201495934508,0.0003605855861112194,0.0015394453565930114,0.002793558521516566
1998-12-01,1999-01-01,lag_1,-0.0007584271645324,-0.0006139067431888469,0.0015394453565930114,0.002793558521516566
1998-12-01,1999-01-01,lag_2,0.0068129990948513,0.0004373147479757757,0.0015394453565930114,0.002793558521516566
1998-12-01,1999-01-01,lag_3,-0.0005323279149607,-0.0002028951980462542,0.0015394453565930114,0.002793558521516566
1998-12-01,1999-01-01,lag_4,0.019896883309234937,-0.0015168975078293664,0.0015394453565930114,0.002793558521516566
1998-12-01,1999-01-01,lag_5,-0.0038529866935137,8.900567532955396e-05,0.0015394453565930114,0.002793558521516566
1998-12-01,1999-01-01,lag_6,-0.0060166552861451,5.7648027730984786e-05,0.0015394453565930114,0.002793558521516566
1998-12-01,1999-01-01,lag_7,0.0065697125334116,0.00013991984319864398,0.0015394453565930114,0.002793558521516566
1998-12-01,1999-01-01,lag_8,0.0034253831806134,3.442650505195823e-05,0.0015394453565930114,0.002793558521516566
1998-12-01,1999-01-01,lag_9,0.0003515910121256,4.9452166080310656e-06,0.0015394453565930114,0.002793558521516566
1998-12-01,1999-01-01,lag_10,0.0016174896182681,5.176210931657978e-05,0.0015394453565930114,0.002793558521516566
1998-12-01,1999-01-01,lag_11,0.0043737842759465,-9.80981079806879e-05,0.0015394453565930114,0.002793558521516566
1998-12-01,1999-01-01,volatility_3m,0.0038825899222743486,2.076680798853519e-06,0.0015394453565930114,0.002793558521516566
1999-01-01,1999-02-01,lag_0,0.0043112451049784,0.00029914052570460586,0.00337376180475515,0.002786459917760731
1999-01-01,1999-02-01,lag_1,0.0045201495934508,0.00019635185576099526,0.00337376180475515,0.002786459917760731
1999-01-01,1999-02-01,lag_2,-0.0007584271645324,-0.00048570832706589846,0.00337376180475515,0.002786459917760731
1999-01-01,1999-02-01,lag_3,0.0068129990948513,0.00019066589072431648,0.00337376180475515,0.002786459917760731
1999-01-01,1999-02-01,lag_4,-0.0005323279149607,0.00032121377638964077,0.00337376180475515,0.002786459917760731
1999-01-01,1999-02-01,lag_5,0.019893776835173495,-0.0002484454296475212,0.00337376180475515,0.002786459917760731
1999-01-01,1999-02-01,lag_6,-0.0038529866935137,5.6894469268285845e-05,0.00337376180475515,0.002786459917760731
1999-01-01,1999-02-01,lag_7,-0.0060166552861451,-0.00038508752904621173,0.00337376180475515,0.002786459917760731
1999-01-01,1999-02-01,lag_8,0.0065697125334116,0.0004204305328476517,0.00337376180475515,0.002786459917760731
1999-01-01,1999-02-01,lag_9,0.0034253831806134,-4.5530528828265884e-07,0.00337376180475515,0.002786459917760731
1999-01-01,1999-02-01,lag_10,0.0003515910121256,9.733667927899059e-05,0.00337376180475515,0.002786459917760731
1999-01-01,1999-02-01,lag_11,0.0016174896182681,0.0001140907357146841,0.00337376180475515,0.002786459917760731
1999-01-01,1999-02-01,volatility_3m,0.0029891077429970952,1.0874012353162695e-05,0.00337376180475515,0.002786459917760731
1999-02-01,1999-03-01,lag_0,0.0060630796503478,0.0007809387476349654,0.0020800811752733203,0.0028196384610132408
1999-02-01,1999-03-01,lag_1,0.0043112451049784,0.00016297010350461188,0.0020800811752733203,0.0028196384610132408
1999-02-01,1999-03-01,lag_2,0.0045201495934508,0.00015480572591500204,0.0020800811752733203,0.0028196384610132408
1999-02-01,1999-03-01,lag_3,-0.0007584271645324,-0.00021370369952239109,0.0020800811752733203,0.0028196384610132408
1999-02-01,1999-03-01,lag_4,0.0068129990948513,-0.00031431687714678026,0.0020800811752733203,0.0028196384610132408
1999-02-01,1999-03-01,lag_5,-0.0005323279149607,4.0470548221079085e-05,0.0020800811752733203,0.0028196384610132408
1999-02-01,1999-03-01,lag_6,0.019890670361112053,-0.00016812721647508277,0.0020800811752733203,0.0028196384610132408
1999-02-01,1999-03-01,lag_7,-0.0038529866935137,-0.0002755911463572136,0.0020800811752733203,0.0028196384610132408
1999-02-01,1999-03-01,lag_8,-0.0060166552861451,-0.0011379729885699944,0.0020800811752733203,0.0028196384610132408
1999-02-01,1999-03-01,lag_9,0.0065697125334116,-5.493911774498593e-06,0.0020800811752733203,0.0028196384610132408
1999-02-01,1999-03-01,lag_10,0.0034253831806134,-9.736426095134588e-06,0.0020800811752733203,0.0028196384610132408
1999-02-01,1999-03-01,lag_11,0.0003515910121256,0.00021129893609981112,0.0020800811752733203,0.0028196384610132408
1999-02-01,1999-03-01,volatility_3m,0.0009568349317872357,3.490091882570554e-05,0.0020800811752733203,0.0028196384610132408
1999-03-01,1999-04-01,lag_0,0.0022660526894453,-0.00032121283576988237,0.0031936090633717523,0.002838396916128317
1999-03-01,1999-04-01,lag_1,0.0060630796503478,0.0004246579460551616,0.0031936090633717523,0.002838396916128317
1999-03-01,1999-04-01,lag_2,0.0043112451049784,0.000128333124957667,0.0031936090633717523,0.002838396916128317
1999-03-01,1999-04-01,lag_3,0.0045201495934508,6.877354393731369e-05,0.0031936090633717523,0.002838396916128317
1999-03-01,1999-04-01,lag_4,-0.0007584271645324,0.00034529492503365244,0.0031936090633717523,0.002838396916128317
1999-03-01,1999-04-01,lag_5,0.0068129990948513,-3.9455321004490134e-05,0.0031936090633717523,0.002838396916128317
1999-03-01,1999-04-01,lag_6,-0.0005323279149607,3.550750156299896e-05,0.0031936090633717523,0.002838396916128317
1999-03-01,1999-04-01,lag_7,0.019887563887050593,0.000666867231549654,0.0031936090633717523,0.002838396916128317
1999-03-01,1999-04-01,lag_8,-0.0038529866935137,-0.0008517550350789359,0.0031936090633717523,0.002838396916128317
1999-03-01,1999-04-01,lag_9,-0.0060166552861451,1.3552733418073601e-05,0.0031936090633717523,0.002838396916128317
1999-03-01,1999-04-01,lag_10,0.0065697125334116,-0.00011876836192883702,0.0031936090633717523,0.002838396916128317
1999-03-01,1999-04-01,lag_11,0.0034253831806134,-2.118847992047269e-05,0.0031936090633717523,0.002838396916128317
1999-03-01,1999-04-01,volatility_3m,0.0019004012748506651,2.4605174431532463e-05,0.0031936090633717523,0.002838396916128317
1999-04-01,1999-05-01,lag_0,0.0022959860915063,-0.000355023828503113,0.00468741402604697,0.0028961907759924143
1999-04-01,1999-05-01,lag_1,0.0022660526894453,-0.0001745259580662684,0.00468741402604697,0.0028961907759924143
1999-04-01,1999-05-01,lag_2,0.0060630796503478,0.00033406227491481746,0.00468741402604697,0.0028961907759924143
1999-04-01,1999-05-01,lag_3,0.0043112451049784,5.7138755138508094e-05,0.00468741402604697,0.0028961907759924143
1999-04-01,1999-05-01,lag_4,0.0045201495934508,-0.00011052938000006901,0.00468741402604697,0.0028961907759924143
1999-04-01,1999-05-01,lag_5,-0.0007584271645324,4.473411388009993e-05,0.00468741402604697,0.0028961907759924143
1999-04-01,1999-05-01,lag_6,0.0068129990948513,-3.2343447344153364e-05,0.00468741402604697,0.0028961907759924143
1999-04-01,1999-05-01,lag_7,-0.0005323279149607,-0.0001421251015644465,0.00468741402604697,0.0028961907759924143
1999-04-01,1999-05-01,lag_8,0.01988445741298915,0.0020820977184738397,0.00468741402604697,0.0028961907759924143
1999-04-01,1999-05-01,lag_9,-0.0038529866935137,4.612490610722219e-06,0.00468741402604697,0.0028961907759924143
1999-04-01,1999-05-01,lag_10,-0.0060166552861451,0.000321935598470881,0.00468741402604697,0.0028961907759924143
1999-04-01,1999-05-01,lag_11,0.0065697125334116,-0.00025818490980739913,0.00468741402604697,0.0028961907759924143
1999-04-01,1999-05-01,volatility_3m,0.0021836248010836073,1.9374923851136503e-05,0.00468741402604697,0.0028961907759924143
1999-05-01,1999-06-01,lag_0,0.0063026472583853,0.0007444558127528989,0.00407396234285143,0.0029908916749435913
1999-05-01,1999-06-01,lag_1,0.0022959860915063,-0.00019304076410174697,0.00407396234285143,0.0029908916749435913
1999-05-01,1999-06-01,lag_2,0.0022660526894453,-0.00013772281931330777,0.00407396234285143,0.0029908916749435913
1999-05-01,1999-06-01,lag_3,0.0060630796503478,0.00014937258034475976,0.00407396234285143,0.0029908916749435913
1999-05-01,1999-06-01,lag_4,0.0043112451049784,-9.152900383920652e-05,0.00407396234285143,0.0029908916749435913
1999-05-01,1999-06-01,lag_5,0.0045201495934508,-1.5593554057240555e-05,0.00407396234285143,0.0029908916749435913
1999-05-01,1999-06-01,lag_6,-0.0007584271645324,3.3320978018955325e-05,0.00407396234285143,0.0029908916749435913
1999-05-01,1999-06-01,lag_7,0.0068129990948513,0.00013429161285408219,0.00407396234285143,0.0029908916749435913
1999-05-01,1999-06-01,lag_8,-0.0005323279149607,-0.0004727099674398524,0.00407396234285143,0.0029908916749435913
1999-05-01,1999-06-01,lag_9,0.01988135093892771,-2.5843676128424675e-05,0.00407396234285143,0.0029908916749435913
1999-05-01,1999-06-01,lag_10,-0.0038529866935137,0.00025167249700129666,0.00407396234285143,0.0029908916749435913
1999-05-01,1999-06-01,lag_11,-0.0060166552861451,0.0006868606294044238,0.00407396234285143,0.0029908916749435913
1999-05-01,1999-06-01,volatility_3m,0.002321936168686636,1.953634241120129e-05,0.00407396234285143,0.0029908916749435913
1999-06-01,1999-07-01,lag_0,-0.0007846779120086,-0.0012731183817812509,0.0019953031464297736,0.0030463036169424747
1999-06-01,1999-07-01,lag_1,0.0063026472583853,0.00040681369816785297,0.0019953031464297736,0.0030463036169424747
1999-06-01,1999-07-01,lag_2,0.0022959860915063,-0.00015213878454499417,0.0019953031464297736,0.0030463036169424747
1999-06-01,1999-07-01,lag_3,0.0022660526894453,-6.059698958889291e-05,0.0019953031464297736,0.0030463036169424747
1999-06-01,1999-07-01,lag_4,0.0060630796503478,-0.00023957678875570406,0.0019953031464297736,0.0030463036169424747
1999-06-01,1999-07-01,lag_5,0.0043112451049784,-1.2854779526561208e-05,0.0019953031464297736,0.0030463036169424747
1999-06-01,1999-07-01,lag_6,0.0045201495934508,-7.610541343503355e-06,0.0019953031464297736,0.0030463036169424747
1999-06-01,1999-07-01,lag_7,-0.0007584271645324,-0.00014084320158631918,0.0019953031464297736,0.0030463036169424747
1999-06-01,1999-07-01,lag_8,0.0068129990948513,0.00046287701952248806,0.0019953031464297736,0.0030463036169424747
1999-06-01,1999-07-01,lag_9,-0.0005323279149607,3.299397239463932e-05,0.0019953031464297736,0.0030463036169424747
1999-06-01,1999-07-01,lag_10,0.019878244464866267,-0.0005627908273732646,0.0019953031464297736,0.0030463036169424747
1999-06-01,1999-07-01,lag_11,-0.0038529866935137,0.000492552853033957,0.0019953031464297736,0.0030463036169424747
1999-06-01,1999-07-01,volatility_3m,0.0035537304924925387,3.2922808688517444e-06,0.0019953031464297736,0.0030463036169424747
1999-07-01,1999-08-01,lag_0,0.005769502318011,0.0005457639542231132,0.001587136935896702,0.003105462313072592
1999-07-01,1999-08-01,lag_1,-0.0007846779120086,-0.0006990608830100617,0.001587136935896702,0.003105462313072592
1999-07-01,1999-08-01,lag_2,0.0063026472583853,0.00031864774165507836,0.001587136935896702,0.003105462313072592
1999-07-01,1999-08-01,lag_3,0.0022959860915063,-6.680935886368633e-05,0.001587136935896702,0.003105462313072592
1999-07-01,1999-08-01,lag_4,0.0022660526894453,9.799840226013385e-05,0.001587136935896702,0.003105462313072592
1999-07-01,1999-08-01,lag_5,0.0060630796503478,-3.1972790945295436e-05,0.001587136935896702,0.003105462313072592
1999-07-01,1999-08-01,lag_6,0.0043112451049784,-6.093765718736573e-06,0.001587136935896702,0.003105462313072592
1999-07-01,1999-08-01,lag_7,0.0045201495934508,4.301984968372492e-05,0.001587136935896702,0.003105462313072592
1999-07-01,1999-08-01,lag_8,-0.0007584271645324,-0.0005139848535149593,0.001587136935896702,0.003105462313072592
1999-07-01,1999-08-01,lag_9,0.0068129990948513,-3.870611497284765e-05,0.001587136935896702,0.003105462313072592
1999-07-01,1999-08-01,lag_10,-0.0005323279149607,9.971893642252716e-05,0.001587136935896702,0.003105462313072592
1999-07-01,1999-08-01,lag_11,0.019875137990804825,-0.0012672907792119366,0.001587136935896702,0.003105462313072592
1999-07-01,1999-08-01,volatility_3m,0.00394697563724272,4.44284817056284e-07,0.001587136935896702,0.003105462313072592
1999-08-01,1999-09-01,lag_0,0.0040072431636248,2.1095332610111542e-05,0.003574532454474053,0.003143440798641632
1999-08-01,1999-09-01,lag_1,0.005769502318011,0.0002997017015428504,0.003574532454474053,0.003143440798641632
1999-08-01,1999-09-01,lag_2,-0.0007846779120086,-0.0005467196981642018,0.003574532454474053,0.003143440798641632
1999-08-01,1999-09-01,lag_3,0.0063026472583853,0.000139054438971732,0.003574532454474053,0.003143440798641632
1999-08-01,1999-09-01,lag_4,0.0022959860915063,0.00010833614243856721,0.003574532454474053,0.003143440798641632
1999-08-01,1999-09-01,lag_5,0.0022660526894453,1.2459828083934911e-05,0.003574532454474053,0.003143440798641632
1999-08-01,1999-09-01,lag_6,0.0060630796503478,-1.4947714662430262e-05,0.003574532454474053,0.003143440798641632
1999-08-01,1999-09-01,lag_7,0.0043112451049784,3.593485739978366e-05,0.003574532454474053,0.003143440798641632
1999-08-01,1999-09-01,lag_8,0.0045201495934508,0.0001639857130132648,0.003574532454474053,0.003143440798641632
1999-08-01,1999-09-01,lag_9,-0.0007584271645324,4.03521893319607e-05,0.003574532454474053,0.003143440798641632
1999-08-01,1999-09-01,lag_10,0.0068129990948513,-0.0001027081528064262,0.003574532454474053,0.003143440798641632
1999-08-01,1999-09-01,lag_11,-0.0005323279149607,0.00026928798028406025,0.003574532454474053,0.003143440798641632
1999-08-01,1999-09-01,volatility_3m,0.003391787714708801,5.2590377892137985e-06,0.003574532454474053,0.003143440798641632
1999-09-01,1999-10-01,lag_0,-0.0040452610454524,-0.00223501506897927,0.0008208833738742711,0.00314579695940798
1999-09-01,1999-10-01,lag_1,0.0040072431636248,1.1432971799626156e-05,0.0008208833738742711,0.00314579695940798
1999-09-01,1999-10-01,lag_2,0.005769502318011,0.00024153880958007688,0.0008208833738742711,0.00314579695940798
1999-09-01,1999-10-01,lag_3,-0.0007846779120086,-0.0002292724244909154,0.0008208833738742711,0.00314579695940798
1999-09-01,1999-10-01,lag_4,0.0063026472583853,-0.0002235220957248507,0.0008208833738742711,0.00314579695940798
1999-09-01,1999-10-01,lag_5,0.0022959860915063,1.315526019310221e-05,0.0008208833738742711,0.00314579695940798
1999-09-01,1999-10-01,lag_6,0.0022660526894453,8.02481206129928e-06,0.0008208833738742711,0.00314579695940798
1999-09-01,1999-10-01,lag_7,0.0060630796503478,9.326158348726966e-05,0.0008208833738742711,0.00314579695940798
1999-09-01,1999-10-01,lag_8,0.0043112451049784,0.0001347755645824353,0.0008208833738742711,0.00314579695940798
1999-09-01,1999-10-01,lag_9,0.0045201495934508,-9.238123750600606e-06,0.0008208833738742711,0.00314579695940798
1999-09-01,1999-10-01,lag_10,-0.0007584271645324,0.00012658216301296283,0.0008208833738742711,0.00314579695940798
1999-09-01,1999-10-01,lag_11,0.0068129990948513,-0.00025059384219650613,0.0008208833738742711,0.00314579695940798
1999-09-01,1999-10-01,volatility_3m,0.005232557711820727,-6.043195108338853e-06,0.0008208833738742711,0.00314579695940798
1999-10-01,1999-11-01,lag_0,0.0121488838987993,0.002274693329253619,0.0051553011871099935,0.003157416347818845
1999-10-01,1999-11-01,lag_1,-0.0040452610454524,-0.0012347748843179582,0.0051553011871099935,0.003157416347818845
1999-10-01,1999-11-01,lag_2,0.0040072431636248,9.609423284058743e-06,0.0051553011871099935,0.003157416347818845
1999-10-01,1999-11-01,lag_3,0.005769502318011,9.207443575879873e-05,0.0051553011871099935,0.003157416347818845
1999-10-01,1999-11-01,lag_4,-0.0007846779120086,0.0003651952364613146,0.0051553011871099935,0.003157416347818845
1999-10-01,1999-11-01,lag_5,0.0063026472583853,-3.352044032820155e-05,0.0051553011871099935,0.003157416347818845
1999-10-01,1999-11-01,lag_6,0.0022959860915063,9.629244566039679e-06,0.0051553011871099935,0.003157416347818845
1999-10-01,1999-11-01,lag_7,0.0022660526894453,-4.1555124314993756e-05,0.0051553011871099935,0.003157416347818845
1999-10-01,1999-11-01,lag_8,0.0060630796503478,0.00035362928328846885,0.0051553011871099935,0.003157416347818845
1999-10-01,1999-11-01,lag_9,0.0043112451049784,-4.983536969304514e-06,0.0051553011871099935,0.003157416347818845
1999-10-01,1999-11-01,lag_10,0.0045201495934508,-4.8371908760326805e-05,0.0051553011871099935,0.003157416347818845
1999-10-01,1999-11-01,lag_11,-0.0007584271645324,0.00026022559784497356,0.0051553011871099935,0.003157416347818845
1999-10-01,1999-11-01,volatility_3m,0.008097113357788809,-3.9658164753395805e-06,0.0051553011871099935,0.003157416347818845
1999-11-01,1999-12-01,lag_0,0.0048356761014245,0.00026800993262147206,0.0032563719302978107,0.0031659600519518224
1999-11-01,1999-12-01,lag_1,0.0121488838987993,0.001290594081584293,0.0032563719302978107,0.0031659600519518224
1999-11-01,1999-12-01,lag_2,-0.0040452610454524,-0.0010196077305475012,0.0032563719302978107,0.0031659600519518224
1999-11-01,1999-12-01,lag_3,0.0040072431636248,3.542501230329191e-06,0.0032563719302978107,0.0031659600519518224
1999-11-01,1999-12-01,lag_4,0.005769502318011,-0.00015692908118926325,0.0032563719302978107,0.0031659600519518224
1999-11-01,1999-12-01,lag_5,-0.0007846779120086,5.792532648802931e-05,0.0032563719302978107,0.0031659600519518224
1999-11-01,1999-12-01,lag_6,0.0063026472583853,-1.994288829339551e-05,0.0032563719302978107,0.0031659600519518224
1999-11-01,1999-12-01,lag_7,0.0022959860915063,-4.591156209999513e-05,0.0032563719302978107,0.0031659600519518224
1999-11-01,1999-12-01,lag_8,0.0022660526894453,-0.0001452718775827614,0.0032563719302978107,0.0031659600519518224
1999-11-01,1999-12-01,lag_9,0.0060630796503478,-1.2770214044687864e-05,0.0032563719302978107,0.0031659600519518224
1999-11-01,1999-12-01,lag_10,0.0043112451049784,-4.023350167336201e-05,0.0032563719302978107,0.0031659600519518224
1999-11-01,1999-12-01,lag_11,0.0045201495934508,-8.380989187644563e-05,0.0032563719302978107,0.0031659600519518224
1999-11-01,1999-12-01,volatility_3m,0.008109710058214108,-5.183216270723422e-06,0.0032563719302978107,0.0031659600519518224
1999-12-01,2000-01-01,lag_0,0.0076835338351468,0.001037530227470478,0.00478848153255817,0.003183122522197973
1999-12-01,2000-01-01,lag_1,0.0048356761014245,0.00015566066715680803,0.00478848153255817,0.003183122522197973
1999-12-01,2000-01-01,lag_2,0.0121488838987993,0.00103830572158878,0.00478848153255817,0.003183122522197973
1999-12-01,2000-01-01,lag_3,-0.0040452610454524,-0.00038187912531792846,0.00478848153255817,0.003183122522197973
1999-12-01,2000-01-01,lag_4,0.0040072431636248,-5.945542314613911e-06,0.00478848153255817,0.003183122522197973
1999-12-01,2000-01-01,lag_5,0.005769502318011,-2.76931669369871e-05,0.00478848153255817,0.003183122522197973
1999-12-01,2000-01-01,lag_6,-0.0007846779120086,2.5980809450313474e-05,0.00478848153255817,0.003183122522197973
1999-12-01,2000-01-01,lag_7,0.0063026472583853,9.439040387351389e-05,0.00478848153255817,0.003183122522197973
1999-12-01,2000-01-01,lag_8,0.0022959860915063,-0.0001599233039938772,0.00478848153255817,0.003183122522197973
1999-12-01,2000-01-01,lag_9,0.0022660526894453,4.154589205903257e-06,0.00478848153255817,0.003183122522197973
1999-12-01,2000-01-01,lag_10,0.0060630796503478,-0.00010576922807202077,0.00478848153255817,0.003183122522197973
1999-12-01,2000-01-01,lag_11,0.0043112451049784,-6.82130608412785e-05,0.00478848153255817,0.003183122522197973
1999-12-01,2000-01-01,volatility_3m,0.003686295637223247,-1.2399809088931064e-06,0.00478848153255817,0.003183122522197973
2000-01-01,2000-02-01,lag_0,-0.001368985385314,-0.0014380938530876614,0.003597617080600691,0.0031889395638557702
2000-01-01,2000-02-01,lag_1,0.0076835338351468,0.0006055754628636468,0.003597617080600691,0.0031889395638557702
2000-01-01,2000-02-01,lag_2,0.0048356761014245,0.00011809748560603069,0.003597617080600691,0.0031889395638557702
2000-01-01,2000-02-01,lag_3,0.0121488838987993,0.0004370218682726415,0.003597617080600691,0.0031889395638557702
2000-01-01,2000-02-01,lag_4,-0.0040452610454524,0.0006324562808452101,0.003597617080600691,0.0031889395638557702
2000-01-01,2000-02-01,lag_5,0.0040072431636248,-1.1930341161802805e-06,0.003597617080600691,0.0031889395638557702
2000-01-01,2000-02-01,lag_6,0.005769502318011,-6.673575502964542e-06,0.003597617080600691,0.0031889395638557702
2000-01-01,2000-02-01,lag_7,-0.0007846779120086,-0.00015170439640949817,0.003597617080600691,0.0031889395638557702
2000-01-01,2000-02-01,lag_8,0.0063026472583853,0.00033798186642605357,0.003597617080600691,0.0031889395638557702
2000-01-01,2000-02-01,lag_9,0.0022959860915063,3.6722096686608764e-06,0.003597617080600691,0.0031889395638557702
2000-01-01,2000-02-01,lag_10,0.0022660526894453,4.525203353775591e-05,0.003597617080600691,0.0031889395638557702
2000-01-01,2000-02-01,lag_11,0.0060630796503478,-0.00017659831055644824,0.003597617080600691,0.0031889395638557702
2000-01-01,2000-02-01,volatility_3m,0.0046288267425153235,2.8834791976738137e-06,0.003597617080600691,0.0031889395638557702
2000-02-01,2000-03-01,lag_0,0.0031184257109906,-0.0001998042024317212,0.0017292160238923779,0.0031895061279570516
2000-02-01,2000-03-01,lag_1,-0.001368985385314,-0.0008443867448282134,0.0017292160238923779,0.0031895061279570516
2000-02-01,2000-03-01,lag_2,0.0076835338351468,0.0004575867844300918,0.0017292160238923779,0.0031895061279570516
2000-02-01,2000-03-01,lag_3,0.0048356761014245,5.12079605400283e-05,0.0017292160238923779,0.0031895061279570516
2000-02-01,2000-03-01,lag_4,0.0121488838987993,-0.0006566449931336653,0.0017292160238923779,0.0031895061279570516
2000-02-01,2000-03-01,lag_5,-0.0040452610454524,0.00012661141734006355,0.0017292160238923779,0.0031895061279570516
2000-02-01,2000-03-01,lag_6,0.0040072431636248,-2.625331654895179e-07,0.0017292160238923779,0.0031895061279570516
2000-02-01,2000-03-01,lag_7,0.005769502318011,6.550562396462582e-05,0.0017292160238923779,0.0031895061279570516
2000-02-01,2000-03-01,lag_8,-0.0007846779120086,-0.0005776678424630304,0.0017292160238923779,0.0031895061279570516
2000-02-01,2000-03-01,lag_9,0.0063026472583853,-7.420080885789745e-06,0.0017292160238923779,0.0031895061279570516
2000-02-01,2000-03-01,lag_10,0.0022959860915063,4.9961761364190435e-05,0.0017292160238923779,0.0031895061279570516
2000-02-01,2000-03-01,lag_11,0.0022660526894453,7.275005873204945e-05,0.0017292160238923779,0.0031895061279570516
2000-02-01,2000-03-01,volatility_3m,0.004526315182155841,2.2726864721863345e-06,0.0017292160238923779,0.0031895061279570516
2000-03-01,2000-04-01,lag_0,0.0035494125296793,-9.302383307872668e-05,0.0025790433988184766,0.0031978825284738285
2000-03-01,2000-04-01,lag_1,0.0031184257109906,-0.00011671393406154795,0.0025790433988184766,0.0031978825284738285
2000-03-01,2000-04-01,lag_2,-0.001368985385314,-0.0006428322703570413,0.0025790433988184766,0.0031978825284738285
2000-03-01,2000-04-01,lag_3,0.0076835338351468,0.0001984190812422064,0.0025790433988184766,0.0031978825284738285
2000-03-01,2000-04-01,lag_4,0.0048356761014245,-7.601861210287966e-05,0.0025790433988184766,0.0031978825284738285
2000-03-01,2000-04-01,lag_5,0.0121488838987993,-0.00014277566166363836,0.0025790433988184766,0.0031978825284738285
2000-03-01,2000-04-01,lag_6,-0.0040452610454524,2.6930552402847485e-05,0.0025790433988184766,0.0031978825284738285
2000-03-01,2000-04-01,lag_7,0.0040072431636248,2.5511739543935827e-06,0.0025790433988184766,0.0031978825284738285
2000-03-01,2000-04-01,lag_8,0.005769502318011,0.0002475690095430501,0.0025790433988184766,0.0031978825284738285
2000-03-01,2000-04-01,lag_9,-0.0007846779120086,8.818204733208711e-06,0.0025790433988184766,0.0031978825284738285
2000-03-01,2000-04-01,lag_10,0.0063026472583853,-0.00010536904530247604,0.0025790433988184766,0.0031978825284738285
2000-03-01,2000-04-01,lag_11,0.0022959860915063,8.063922786380184e-05,0.0025790433988184766,0.0031978825284738285
2000-03-01,2000-04-01,volatility_3m,0.0027237610650021997,-7.033022828550044e-06,0.0025790433988184766,0.0031978825284738285
2000-04-01,2000-05-01,lag_0,0.0059345814110471,0.0005389808986691222,0.0027082460391926943,0.0032251325504572526
2000-04-01,2000-05-01,lag_1,0.0035494125296793,-5.429421564673939e-05,0.0027082460391926943,0.0032251325504572526
2000-04-01,2000-05-01,lag_2,0.0031184257109906,-8.80557908667979e-05,0.0027082460391926943,0.0032251325504572526
2000-04-01,2000-05-01,lag_3,-0.001368985385314,-0.0002832487165672606,0.0027082460391926943,0.0032251325504572526
2000-04-01,2000-05-01,lag_4,0.0076835338351468,-0.00029553698713695236,0.0027082460391926943,0.0032251325504572526
2000-04-01,2000-05-01,lag_5,0.0048356761014245,-1.4294952830440307e-05,0.0027082460391926943,0.0032251325504572526
2000-04-01,2000-05-01,lag_6,0.0121488838987993,-4.7200178426452055e-05,0.0027082460391926943,0.0032251325504572526
2000-04-01,2000-05-01,lag_7,-0.0040452610454524,-0.0002713047595033414,0.0027082460391926943,0.0032251325504572526
2000-04-01,2000-05-01,lag_8,0.0040072431636248,9.603617173593943e-06,0.0027082460391926943,0.0032251325504572526
2000-04-01,2000-05-01,lag_9,0.005769502318011,-6.257570565591365e-06,0.0027082460391926943,0.0032251325504572526
2000-04-01,2000-05-01,lag_10,-0.0007846779120086,0.00017387273290836856,0.0027082460391926943,0.0032251325504572526
2000-04-01,2000-05-01,lag_11,0.0063026472583853,-0.00017032857100023903,0.0027082460391926943,0.0032251325504572526
2000-04-01,2000-05-01,volatility_3m,0.0015168779975929425,-8.822017471828923e-06,0.0027082460391926943,0.0032251325504572526
2000-05-01,2000-06-01,lag_0,0.0027040320534066,-0.0003653721002487858,0.0029359564619171343,0.0032432891094203997
2000-05-01,2000-06-01,lag_1,0.0059345814110471,0.0003140013875967823,0.0029359564619171343,0.0032432891094203997
2000-05-01,2000-06-01,lag_2,0.0035494125296793,-4.1029012047164884e-05,0.0029359564619171343,0.0032432891094203997
2000-05-01,2000-06-01,lag_3,0.0031184257109906,-3.9332718300141144e-05,0.0029359564619171343,0.0032432891094203997
2000-05-01,2000-06-01,lag_4,-0.001368985385314,0.0004121158185315351,0.0029359564619171343,0.0032432891094203997
2000-05-01,2000-06-01,lag_5,0.0076835338351468,-5.533792999449886e-05,0.0029359564619171343,0.0032432891094203997
2000-05-01,2000-06-01,lag_6,0.0048356761014245,-5.555972642983719e-06,0.0029359564619171343,0.0032432891094203997
2000-05-01,2000-06-01,lag_7,0.0121488838987993,0.00028256998568533824,0.0029359564619171343,0.0032432891094203997
2000-05-01,2000-06-01,lag_8,-0.0040452610454524,-0.00101817455919218,0.0029359564619171343,0.0032432891094203997
2000-05-01,2000-06-01,lag_9,0.0040072431636248,-2.3642264489954428e-07,0.0029359564619171343,0.0032432891094203997
2000-05-01,2000-06-01,lag_10,0.005769502318011,-7.482943059231252e-05,0.0029359564619171343,0.0032432891094203997
2000-05-01,2000-06-01,lag_11,-0.0007846779120086,0.000291898483716098,0.0029359564619171343,0.0032432891094203997
2000-05-01,2000-06-01,volatility_3m,0.0016753182729688425,-8.050177370052233e-06,0.0029359564619171343,0.0032432891094203997
2000-06-01,2000-07-01,lag_0,0.0003904567263823,-0.0010621680411118163,0.0030942132074722535,0.0031624361304303373
2000-06-01,2000-07-01,lag_1,0.0027040320534066,-0.0002189889923634263,0.0030942132074722535,0.0031624361304303373
2000-06-01,2000-07-01,lag_2,0.0059345814110471,0.00017074135565039864,0.0030942132074722535,0.0031624361304303373
2000-06-01,2000-07-01,lag_3,0.0035494125296793,-2.2337042081608146e-05,0.0030942132074722535,0.0031624361304303373
2000-06-01,2000-07-01,lag_4,0.0031184257109906,4.127295939559758e-05,0.0030942132074722535,0.0031624361304303373
2000-06-01,2000-07-01,lag_5,-0.001368985385314,0.00011800014933886664,0.0030942132074722535,0.0031624361304303373
2000-06-01,2000-07-01,lag_6,0.0076835338351468,1.2585705615723739e-05,0.0030942132074722535,0.0031624361304303373
2000-06-01,2000-07-01,lag_7,0.0048356761014245,4.5381127834498085e-06,0.0030942132074722535,0.0031624361304303373
2000-06-01,2000-07-01,lag_8,0.0121488838987993,0.0010457314384823863,0.0030942132074722535,0.0031624361304303373
2000-06-01,2000-07-01,lag_9,-0.0040452610454524,-3.0193715330961857e-05,0.0030942132074722535,0.0031624361304303373
2000-06-01,2000-07-01,lag_10,0.0040072431636248,-1.0818987871567779e-06,0.0030942132074722535,0.0031624361304303373
2000-06-01,2000-07-01,lag_11,0.005769502318011,-0.00010194913497402905,0.0030942132074722535,0.0031624361304303373
2000-06-01,2000-07-01,volatility_3m,0.002784672286675658,-2.4373819575508126e-05,0.0030942132074722535,0.0031624361304303373
2000-07-01,2000-08-01,lag_0,-0.0019527324535886,-0.0017174576120638236,0.0011390578436359206,0.0031444514946056172
2000-07-01,2000-08-01,lag_1,0.0003904567263823,-0.0006071809331625529,0.0011390578436359206,0.0031444514946056172
2000-07-01,2000-08-01,lag_2,0.0027040320534066,-0.00011369101004549122,0.0011390578436359206,0.0031444514946056172
2000-07-01,2000-08-01,lag_3,0.0059345814110471,0.00012958265324377737,0.0011390578436359206,0.0031444514946056172
2000-07-01,2000-08-01,lag_4,0.0035494125296793,1.909849657571498e-05,0.0011390578436359206,0.0031444514946056172
2000-07-01,2000-08-01,lag_5,0.0031184257109906,1.3864622475219163e-05,0.0011390578436359206,0.0031444514946056172
2000-07-01,2000-08-01,lag_6,-0.001368985385314,-4.491734046511743e-06,0.0011390578436359206,0.0031444514946056172
2000-07-01,2000-08-01,lag_7,0.0076835338351468,1.6336643447800515e-05,0.0011390578436359206,0.0031444514946056172
2000-07-01,2000-08-01,lag_8,0.0048356761014245,0.00011847368353569028,0.0011390578436359206,0.0031444514946056172
2000-07-01,2000-08-01,lag_9,0.0121488838987993,6.625427132387235e-05,0.0011390578436359206,0.0031444514946056172
2000-07-01,2000-08-01,lag_10,-0.0040452610454524,0.0001152224653731054,0.0011390578436359206,0.0031444514946056172
2000-07-01,2000-08-01,lag_11,0.0040072431636248,-3.957957233815046e-06,0.0011390578436359206,0.0031444514946056172
2000-07-01,2000-08-01,volatility_3m,0.002328397947107215,-3.744724039268203e-05,0.0011390578436359206,0.0031444514946056172
2000-08-01,2000-09-01,lag_0,-0.0027266333927551,-0.0019262708217420935,0.0004178882338373717,0.003100896140210348
2000-08-01,2000-09-01,lag_1,-0.0019527324535886,-0.0009762857541972633,0.0004178882338373717,0.003100896140210348
2000-08-01,2000-09-01,lag_2,0.0003904567263823,-0.0003129047630350724,0.0004178882338373717,0.003100896140210348
2000-08-01,2000-09-01,lag_3,0.0027040320534066,-8.633403680254435e-05,0.0004178882338373717,0.003100896140210348
2000-08-01,2000-09-01,lag_4,0.0059345814110471,-0.00011159077173738113,0.0004178882338373717,0.003100896140210348
2000-08-01,2000-09-01,lag_5,0.0035494125296793,6.171571586661967e-06,0.0004178882338373717,0.003100896140210348
2000-08-01,2000-09-01,lag_6,0.0031184257109906,-2.4791584516413548e-06,0.0004178882338373717,0.003100896140210348
2000-08-01,2000-09-01,lag_7,-0.001368985385314,-1.0440190034323115e-05,0.0004178882338373717,0.003100896140210348
2000-08-01,2000-09-01,lag_8,0.0076835338351468,0.0004587464828642978,0.0004178882338373717,0.003100896140210348
2000-08-01,2000-09-01,lag_9,0.0048356761014245,4.18867801260022e-06,0.0004178882338373717,0.003100896140210348
2000-08-01,2000-09-01,lag_10,0.0121488838987993,-8.700321964562674e-05,0.0004178882338373717,0.003100896140210348
2000-08-01,2000-09-01,lag_11,-0.0040452610454524,0.00042086240891731796,0.0004178882338373717,0.003100896140210348
2000-08-01,2000-09-01,volatility_3m,0.0016230480074846574,-5.9668332107908975e-05,0.0004178882338373717,0.003100896140210348
2000-09-01,2000-10-01,lag_0,0.0046040830248808,0.00021258977278182595,0.00039320821920693595,0.003078729211176692
2000-09-01,2000-10-01,lag_1,-0.0027266333927551,-0.0010717387280496772,0.00039320821920693595,0.003078729211176692
2000-09-01,2000-10-01,lag_2,-0.0019527324535886,-0.0005029646897599814,0.00039320821920693595,0.003078729211176692
2000-09-01,2000-10-01,lag_3,0.0003904567263823,-0.00024024666659982778,0.00039320821920693595,0.003078729211176692
2000-09-01,2000-10-01,lag_4,0.0027040320534066,7.422852249098194e-05,0.00039320821920693595,0.003078729211176692
2000-09-01,2000-10-01,lag_5,0.0059345814110471,-3.507810160012754e-05,0.00039320821920693595,0.003078729211176692
2000-09-01,2000-10-01,lag_6,0.0035494125296793,-1.1452368597701383e-06,0.00039320821920693595,0.003078729211176692
2000-09-01,2000-10-01,lag_7,0.0031184257109906,7.347518996981752e-07,0.00039320821920693595,0.003078729211176692
2000-09-01,2000-10-01,lag_8,-0.001368985385314,-0.0006532685995450924,0.00039320821920693595,0.003078729211176692
2000-09-01,2000-10-01,lag_9,0.0076835338351468,1.917262475029627e-05,0.00039320821920693595,0.003078729211176692
2000-09-01,2000-10-01,lag_10,0.0048356761014245,-4.520666032443379e-06,0.00039320821920693595,0.003078729211176692
2000-09-01,2000-10-01,lag_11,0.0121488838987993,-0.0004849001043179756,0.00039320821920693595,0.003078729211176692
2000-09-01,2000-10-01,volatility_3m,0.004027616232093437,1.616128872337068e-06,0.00039320821920693595,0.003078729211176692
2000-10-01,2000-11-01,lag_0,-0.0038933847177071,-0.0021902537122305103,3.484879441350468e-05,0.003013183861595075
2000-10-01,2000-11-01,lag_1,0.0046040830248808,0.00012169737530516293,3.484879441350468e-05,0.003013183861595075
2000-10-01,2000-11-01,lag_2,-0.0027266333927551,-0.0005761301469664372,3.484879441350468e-05,0.003013183861595075
2000-10-01,2000-11-01,lag_3,-0.0019527324535886,-0.0003920912000691242,3.484879441350468e-05,0.003013183861595075
2000-10-01,2000-11-01,lag_4,0.0003904567263823,0.00020806407996008987,3.484879441350468e-05,0.003013183861595075
2000-10-01,2000-11-01,lag_5,0.0027040320534066,2.64601410324951e-05,3.484879441350468e-05,0.003013183861595075
2000-10-01,2000-11-01,lag_6,0.0059345814110471,5.70356366246202e-06,3.484879441350468e-05,0.003013183861595075
2000-10-01,2000-11-01,lag_7,0.0035494125296793,1.527263434690802e-07,3.484879441350468e-05,0.003013183861595075
2000-10-01,2000-11-01,lag_8,0.0031184257109906,-9.333773455514969e-05,3.484879441350468e-05,0.003013183861595075
2000-10-01,2000-11-01,lag_9,-0.001368985385314,-2.118404293387791e-05,3.484879441350468e-05,0.003013183861595075
2000-10-01,2000-11-01,lag_10,0.0076835338351468,-1.81419972137311e-05,3.484879441350468e-05,0.003013183861595075
2000-10-01,2000-11-01,lag_11,0.0048356761014245,-6.222178236794643e-05,3.484879441350468e-05,0.003013183861595075
2000-10-01,2000-11-01,volatility_3m,0.004606294061506055,1.2947662851528569e-05,3.484879441350468e-05,0.003013183861595075
2000-11-01,2000-12-01,lag_0,0.0002796044748452,-0.0010003158502032922,0.0004974900781658216,0.00299373403328093
2000-11-01,2000-12-01,lag_1,-0.0038933847177071,-0.001268605681896294,0.0004974900781658216,0.00299373403328093
2000-11-01,2000-12-01,lag_2,0.0046040830248808,6.406386506036755e-05,0.0004974900781658216,0.00299373403328093
2000-11-01,2000-12-01,lag_3,-0.0027266333927551,-0.00043554109748830455,0.0004974900781658216,0.00299373403328093
2000-11-01,2000-12-01,lag_4,-0.0019527324535886,0.00033406725852026966,0.0004974900781658216,0.00299373403328093
2000-11-01,2000-12-01,lag_5,0.0003904567263823,7.330531560890173e-05,0.0004974900781658216,0.00299373403328093
2000-11-01,2000-12-01,lag_6,0.0027040320534066,-4.20297183715105e-06,0.0004974900781658216,0.00299373403328093
2000-11-01,2000-12-01,lag_7,0.0059345814110471,-1.205984150441642e-06,0.0004974900781658216,0.00299373403328093
2000-11-01,2000-12-01,lag_8,0.0035494125296793,-4.347781232300022e-05,0.0004974900781658216,0.00299373403328093
2000-11-01,2000-12-01,lag_9,0.0031184257109906,-2.879544834510902e-06,0.0004974900781658216,0.00299373403328093
2000-11-01,2000-12-01,lag_10,-0.001368985385314,2.365809923409761e-05,0.0004974900781658216,0.00299373403328093
2000-11-01,2000-12-01,lag_11,0.0076835338351468,-0.00024070606479608577,0.0004974900781658216,0.00299373403328093
2000-11-01,2000-12-01,volatility_3m,0.004248958922826434,5.596513990335119e-06,0.0004974900781658216,0.00299373403328093
2000-12-01,2001-01-01,lag_0,-0.0032683707203071,-0.001973455235542492,0.0008182854383169866,0.002950102026924131
2000-12-01,2001-01-01,lag_1,0.0002796044748452,-0.0005874328645399609,0.0008182854383169866,0.002950102026924131
2000-12-01,2001-01-01,lag_2,-0.0038933847177071,-0.0006533386952293904,0.0008182854383169866,0.002950102026924131
2000-12-01,2001-01-01,lag_3,0.0046040830248808,4.9988941561443996e-05,0.0008182854383169866,0.002950102026924131
2000-12-01,2001-01-01,lag_4,-0.0027266333927551,0.00036376735681298733,0.0008182854383169866,0.002950102026924131
2000-12-01,2001-01-01,lag_5,-0.0019527324535886,0.00011411554592126051,0.0008182854383169866,0.002950102026924131
2000-12-01,2001-01-01,lag_6,0.0003904567263823,-1.1715232144400745e-05,0.0008182854383169866,0.002950102026924131
2000-12-01,2001-01-01,lag_7,0.0027040320534066,3.480050746122231e-06,0.0008182854383169866,0.002950102026924131
2000-12-01,2001-01-01,lag_8,0.0059345814110471,0.00025165502746752125,0.0008182854383169866,0.002950102026924131
2000-12-01,2001-01-01,lag_9,0.0035494125296793,-1.46564516973792e-06,0.0008182854383169866,0.002950102026924131
2000-12-01,2001-01-01,lag_10,0.0031184257109906,1.5687124495126898e-06,0.0008182854383169866,0.002950102026924131
2000-12-01,2001-01-01,lag_11,-0.001368985385314,0.0003464993215818456,0.0008182854383169866,0.002950102026924131
2000-12-01,2001-01-01,volatility_3m,0.0022506521011890542,-3.5483872521855357e-05,0.0008182854383169866,0.002950102026924131
2001-01-01,2001-02-01,lag_0,-0.0047708693509234,-0.0024306682364340906,-0.0015378291792418858,0.002948058646818609
2001-01-01,2001-02-01,lag_1,-0.0032683707203071,-0.001153413399756434,-0.0015378291792418858,0.002948058646818609
2001-01-01,2001-02-01,lag_2,0.0002796044748452,-0.0003068103204140007,-0.0015378291792418858,0.002948058646818609
2001-01-01,2001-02-01,lag_3,-0.0038933847177071,-0.0005079105419415902,-0.0015378291792418858,0.002948058646818609
2001-01-01,2001-02-01,lag_4,0.0046040830248808,-3.902430515002242e-05,-0.0015378291792418858,0.002948058646818609
2001-01-01,2001-02-01,lag_5,-0.0027266333927551,0.00011344417045385701,-0.0015378291792418858,0.002948058646818609
2001-01-01,2001-02-01,lag_6,-0.0019527324535886,-2.278173921397667e-05,-0.0015378291792418858,0.002948058646818609
2001-01-01,2001-02-01,lag_7,0.0003904567263823,1.0982947486740225e-05,-0.0015378291792418858,0.002948058646818609
2001-01-01,2001-02-01,lag_8,0.0027040320534066,-0.00016747421500051162,-0.0015378291792418858,0.002948058646818609
2001-01-01,2001-02-01,lag_9,0.0059345814110471,7.387186511569502e-06,-0.0015378291792418858,0.002948058646818609
2001-01-01,2001-02-01,lag_10,0.0035494125296793,1.0714633288229183e-06,-0.0015378291792418858,0.002948058646818609
2001-01-01,2001-02-01,lag_11,0.0031184257109906,4.5606997145108166e-05,-0.0015378291792418858,0.002948058646818609
2001-01-01,2001-02-01,volatility_3m,0.0025933541982406227,-3.629783307596636e-05,-0.0015378291792418858,0.002948058646818609
2001-02-01,2001-03-01,lag_0,-0.0065347651343703,-0.0029427281033491425,-0.0024283158571975047,0.0029068604060167383
2001-02-01,2001-03-01,lag_1,-0.0047708693509234,-0.001416323028035028,-0.0024283158571975047,0.0029068604060167383
2001-02-01,2001-03-01,lag_2,-0.0032683707203071,-0.0006016558096021735,-0.0024283158571975047,0.0029068604060167383
2001-02-01,2001-03-01,lag_3,0.0002796044748452,-0.00024132163726981235,-0.0024283158571975047,0.0029068604060167383
2001-02-01,2001-03-01,lag_4,-0.0038933847177071,0.00042567649354182985,-0.0024283158571975047,0.0029068604060167383
2001-02-01,2001-03-01,lag_5,0.0046040830248808,-1.0721088334413705e-05,-0.0024283158571975047,0.0029068604060167383
2001-02-01,2001-03-01,lag_6,-0.0027266333927551,-3.6511378563511074e-05,-0.0024283158571975047,0.0029068604060167383
2001-02-01,2001-03-01,lag_7,-0.0019527324535886,1.4919229119902191e-05,-0.0024283158571975047,0.0029068604060167383
2001-02-01,2001-03-01,lag_8,0.0003904567263823,-0.0004640760345426487,-0.0024283158571975047,0.0029068604060167383
2001-02-01,2001-03-01,lag_9,0.0027040320534066,-1.8130916129147063e-06,-0.0024283158571975047,0.0029068604060167383
2001-02-01,2001-03-01,lag_10,0.0059345814110471,-7.863497923034844e-06,-0.0024283158571975047,0.0029068604060167383
2001-02-01,2001-03-01,lag_11,0.0035494125296793,2.0967943359650634e-05,-0.0024283158571975047,0.0029068604060167383
2001-02-01,2001-03-01,volatility_3m,0.0016349394962346918,-7.372626000294751e-05,-0.0024283158571975047,0.0029068604060167383
2001-03-01,2001-04-01,lag_0,-0.0020524117552422,-0.001612464452142265,-0.0022639297916395747,0.002841423896977635
2001-03-01,2001-04-01,lag_1,-0.0065347651343703,-0.0016935601306188285,-0.0022639297916395747,0.002841423896977635
2001-03-01,2001-04-01,lag_2,-0.0047708693509234,-0.0007307788371126825,-0.0022639297916395747,0.002841423896977635
2001-03-01,2001-04-01,lag_3,-0.0032683707203071,-0.0004773297598717219,-0.0022639297916395747,0.002841423896977635
2001-03-01,2001-04-01,lag_4,0.0002796044748452,0.00019445085465821416,-0.0022639297916395747,0.002841423896977635
2001-03-01,2001-04-01,lag_5,-0.0038933847177071,0.00010960900702116524,-0.0022639297916395747,0.002841423896977635
2001-03-01,2001-04-01,lag_6,0.0046040830248808,4.052091958342918e-06,-0.0022639297916395747,0.002841423896977635
2001-03-01,2001-04-01,lag_7,-0.0027266333927551,1.8824894054125622e-05,-0.0022639297916395747,0.002841423896977635
2001-03-01,2001-04-01,lag_8,-0.0019527324535886,-0.0007459326275160498,-0.0022639297916395747,0.002841423896977635
2001-03-01,2001-04-01,lag_9,0.0003904567263823,-5.22379399012929e-06,-0.0022639297916395747,0.002841423896977635
2001-03-01,2001-04-01,lag_10,0.0027040320534066,4.793706832727137e-06,-0.0022639297916395747,0.002841423896977635
2001-03-01,2001-04-01,lag_11,0.0059345814110471,-0.00012113824080113263,-0.0022639297916395747,0.002841423896977635
2001-03-01,2001-04-01,volatility_3m,0.002258053433445116,-5.065640108897519e-05,-0.0022639297916395747,0.002841423896977635
2001-04-01,2001-05-01,lag_0,-0.0035963806723389,-0.002039455849010897,-0.0020690866562494007,0.002778285913789273
2001-04-01,2001-05-01,lag_1,-0.0020524117552422,-0.0009331590407602613,-0.0020690866562494007,0.002778285913789273
2001-04-01,2001-05-01,lag_2,-0.0065347651343703,-0.0008815841589810189,-0.0020690866562494007,0.002778285913789273
2001-04-01,2001-05-01,lag_3,-0.0047708693509234,-0.0005864974185947182,-0.0020690866562494007,0.002778285913789273
2001-04-01,2001-05-01,lag_4,-0.0032683707203071,0.0003837387274568804,-0.0020690866562494007,0.002778285913789273
2001-04-01,2001-05-01,lag_5,0.0002796044748452,4.8096029518556804e-05,-0.0020690866562494007,0.002778285913789273
2001-04-01,2001-05-01,lag_6,-0.0038933847177071,-3.699223933787108e-05,-0.0020690866562494007,0.002778285913789273
2001-04-01,2001-05-01,lag_7,0.0046040830248808,-1.91026893123719e-06,-0.0020690866562494007,0.002778285913789273
2001-04-01,2001-05-01,lag_8,-0.0027266333927551,-0.0008327328003022824,-0.0020690866562494007,0.002778285913789273
2001-04-01,2001-05-01,lag_9,-0.0019527324535886,-1.0070483821782676e-05,-0.0020690866562494007,0.002778285913789273
2001-04-01,2001-05-01,lag_10,0.0003904567263823,1.3338455432447673e-05,-0.0020690866562494007,0.002778285913789273
2001-04-01,2001-05-01,lag_11,0.0027040320534066,8.276601030469281e-05,-0.0020690866562494007,0.002778285913789273
2001-04-01,2001-05-01,volatility_3m,0.0022770388328942123,-5.290953301118219e-05,-0.0020690866562494007,0.002778285913789273
2001-05-01,2001-06-01,lag_0,-0.0047873447856305,-0.0023723908246173534,-0.0012585478175510534,0.002707672082387695
2001-05-01,2001-06-01,lag_1,-0.0035963806723389,-0.0011781140570183567,-0.0012585478175510534,0.002707672082387695
2001-05-01,2001-06-01,lag_2,-0.0020524117552422,-0.0004923564496055394,-0.0012585478175510534,0.002707672082387695
2001-05-01,2001-06-01,lag_3,-0.0065347651343703,-0.0007215313996213806,-0.0012585478175510534,0.002707672082387695
2001-05-01,2001-06-01,lag_4,-0.0047708693509234,0.0004566203081225412,-0.0012585478175510534,0.002707672082387695
2001-05-01,2001-06-01,lag_5,-0.0032683707203071,9.971456714008082e-05,-0.0012585478175510534,0.002707672082387695
2001-05-01,2001-06-01,lag_6,0.0002796044748452,-2.1576665480180054e-05,-0.0012585478175510534,0.002707672082387695
2001-05-01,2001-06-01,lag_7,-0.0038933847177071,3.8342296818513825e-05,-0.0012585478175510534,0.002707672082387695
2001-05-01,2001-06-01,lag_8,0.0046040830248808,9.405461237394836e-05,-0.0012585478175510534,0.002707672082387695
2001-05-01,2001-06-01,lag_9,-0.0027266333927551,-2.0460679490520762e-05,-0.0012585478175510534,0.002707672082387695
2001-05-01,2001-06-01,lag_10,-0.0019527324535886,1.8703394721469686e-05,-0.0012585478175510534,0.002707672082387695
2001-05-01,2001-06-01,lag_11,0.0003904567263823,0.0002289009625346316,-0.0012585478175510534,0.002707672082387695
2001-05-01,2001-06-01,volatility_3m,0.0013712581945557719,-9.612596581660164e-05,-0.0012585478175510534,0.002707672082387695
2001-06-01,2001-07-01,lag_0,-0.005294243917338,-0.0024728939329323528,-0.0024550057095457916,0.002769166549551591
2001-06-01,2001-07-01,lag_1,-0.0047873447856305,-0.0011151894234653072,-0.0024550057095457916,0.002769166549551591
2001-06-01,2001-07-01,lag_2,-0.0035963806723389,-0.0007072950943000935,-0.0024550057095457916,0.002769166549551591
2001-06-01,2001-07-01,lag_3,-0.0020524117552422,-0.0004763837050260043,-0.0024550057095457916,0.002769166549551591
2001-06-01,2001-07-01,lag_4,-0.0065347651343703,0.00021806801478080085,-0.0024550057095457916,0.002769166549551591
2001-06-01,2001-07-01,lag_5,-0.0047708693509234,0.0001733094886454619,-0.0024550057095457916,0.002769166549551591
2001-06-01,2001-07-01,lag_6,-0.0032683707203071,-5.889349970328836e-05,-0.0024550057095457916,0.002769166549551591
2001-06-01,2001-07-01,lag_7,0.0002796044748452,4.428921975200462e-05,-0.0024550057095457916,0.002769166549551591
2001-06-01,2001-07-01,lag_8,-0.0038933847177071,-0.000794710017817006,-0.0024550057095457916,0.002769166549551591
2001-06-01,2001-07-01,lag_9,0.0046040830248808,2.1021117213975404e-05,-0.0024550057095457916,0.002769166549551591
2001-06-01,2001-07-01,lag_10,-0.0027266333927551,4.451399136238824e-06,-0.0024550057095457916,0.002769166549551591
2001-06-01,2001-07-01,lag_11,-0.0019527324535886,0.0002769592662942713,-0.0024550057095457916,0.002769166549551591
2001-06-01,2001-07-01,volatility_3m,0.0008715964134461488,-0.00033690509167608244,-0.0024550057095457916,0.002769166549551591
2001-07-01,2001-08-01,lag_0,-0.0064248032714528,-0.002796126781150951,-0.0030278308858317795,0.002707173852283597
2001-07-01,2001-08-01,lag_1,-0.005294243917338,-0.001179098056580893,-0.0030278308858317795,0.002707173852283597
2001-07-01,2001-08-01,lag_2,-0.0047873447856305,-0.0008080320572053711,-0.0030278308858317795,0.002707173852283597
2001-07-01,2001-08-01,lag_3,-0.0035963806723389,-0.0006091569271059782,-0.0030278308858317795,0.002707173852283597
2001-07-01,2001-08-01,lag_4,-0.0020524117552422,0.0001105880114843865,-0.0030278308858317795,0.002707173852283597
2001-07-01,2001-08-01,lag_5,-0.0065347651343703,0.00018594202653535348,-0.0030278308858317795,0.002707173852283597
2001-07-01,2001-08-01,lag_6,-0.0047708693509234,-8.799931072727252e-05,-0.0030278308858317795,0.002707173852283597
2001-07-01,2001-08-01,lag_7,-0.0032683707203071,9.744195653336797e-05,-0.0030278308858317795,0.002707173852283597
2001-07-01,2001-08-01,lag_8,0.0002796044748452,-0.0003706986585876241,-0.0030278308858317795,0.002707173852283597
2001-07-01,2001-08-01,lag_9,-0.0038933847177071,-0.0001959319469441369,-0.0030278308858317795,0.002707173852283597
2001-07-01,2001-08-01,lag_10,0.0046040830248808,8.755469834796332e-07,-0.0030278308858317795,0.002707173852283597
2001-07-01,2001-08-01,lag_11,-0.0027266333927551,0.0002902877557135481,-0.0030278308858317795,0.002707173852283597
2001-07-01,2001-08-01,volatility_3m,0.0008382900726770887,-0.00037309629706328647,-0.0030278308858317795,0.002707173852283597
2001-08-01,2001-09-01,lag_0,-0.0011484395650906,-0.0012469293267269083,-0.002138640164423913,0.0026703293310458504
2001-08-01,2001-09-01,lag_1,-0.0064248032714528,-0.001315883460718998,-0.002138640164423913,0.0026703293310458504
2001-08-01,2001-09-01,lag_2,-0.005294243917338,-0.0008446037727441091,-0.002138640164423913,0.0026703293310458504
2001-08-01,2001-09-01,lag_3,-0.0047873447856305,-0.0006993833230251828,-0.002138640164423913,0.0026703293310458504
2001-08-01,2001-09-01,lag_4,-0.0035963806723389,0.0001457009133408736,-0.002138640164423913,0.0026703293310458504
2001-08-01,2001-09-01,lag_5,-0.0020524117552422,0.00011944946302671869,-0.002138640164423913,0.0026703293310458504
2001-08-01,2001-09-01,lag_6,-0.0065347651343703,-8.108392693354134e-05,-0.002138640164423913,0.0026703293310458504
2001-08-01,2001-09-01,lag_7,-0.0047708693509234,0.0001286653302802523,-0.002138640164423913,0.0026703293310458504
2001-08-01,2001-09-01,lag_8,-0.0032683707203071,-0.0007540811264246571,-0.002138640164423913,0.0026703293310458504
2001-08-01,2001-09-01,lag_9,0.0002796044748452,-8.218637411926759e-05,-0.002138640164423913,0.0026703293310458504
2001-08-01,2001-09-01,lag_10,-0.0038933847177071,-2.8707645654127078e-05,-0.002138640164423913,0.0026703293310458504
2001-08-01,2001-09-01,lag_11,0.0046040830248808,-3.541316694095859e-05,-0.002138640164423913,0.0026703293310458504
2001-08-01,2001-09-01,volatility_3m,0.0027780650382987263,-0.00011451307882985861,-0.002138640164423913,0.0026703293310458504
2001-09-01,2001-10-01,lag_0,-0.0050778760047638,-0.002352511324886389,-0.002483963803409658,0.0026172451012876252
2001-09-01,2001-10-01,lag_1,-0.0011484395650906,-0.0005988363794747899,-0.002483963803409658,0.0026172451012876252
2001-09-01,2001-10-01,lag_2,-0.0064248032714528,-0.0009564209724635468,-0.002483963803409658,0.0026172451012876252
2001-09-01,2001-10-01,lag_3,-0.005294243917338,-0.0007531841637857271,-0.002483963803409658,0.0026172451012876252
2001-09-01,2001-10-01,lag_4,-0.0047873447856305,0.00016097005024785595,-0.002483963803409658,0.0026172451012876252
2001-09-01,2001-10-01,lag_5,-0.0035963806723389,0.00016050964763379347,-0.002483963803409658,0.0026172451012876252
2001-09-01,2001-10-01,lag_6,-0.0020524117552422,-6.0435338562079616e-05,-0.002483963803409658,0.0026172451012876252
2001-09-01,2001-10-01,lag_7,-0.0065347651343703,0.00015364248677093368,-0.002483963803409658,0.0026172451012876252
2001-09-01,2001-10-01,lag_8,-0.0047708693509234,-0.0009281318532025985,-0.002483963803409658,0.0026172451012876252
2001-09-01,2001-10-01,lag_9,-0.0032683707203071,-0.00016084567047109074,-0.002483963803409658,0.0026172451012876252
2001-09-01,2001-10-01,lag_10,0.0002796044748452,-2.0258347837994358e-05,-0.002483963803409658,0.0026172451012876252
2001-09-01,2001-10-01,lag_11,-0.0038933847177071,0.0003795873502277748,-0.002483963803409658,0.0026172451012876252
2001-09-01,2001-10-01,volatility_3m,0.0027414928341142333,-0.00012529438889342543,-0.002483963803409658,0.0026172451012876252
2001-10-01,2001-11-01,lag_0,-0.0027452194543418,-0.0016830986543467344,-0.0025379107995487852,0.0025882974657077578
2001-10-01,2001-11-01,lag_1,-0.0050778760047638,-0.0011307376983760431,-0.0025379107995487852,0.0025882974657077578
2001-10-01,2001-11-01,lag_2,-0.0011484395650906,-0.00043085776516204325,-0.0025379107995487852,0.0025882974657077578
2001-10-01,2001-11-01,lag_3,-0.0064248032714528,-0.0008481103836502388,-0.0025379107995487852,0.0025882974657077578
2001-10-01,2001-11-01,lag_4,-0.005294243917338,0.00016755802542583353,-0.0025379107995487852,0.0025882974657077578
2001-10-01,2001-11-01,lag_5,-0.0047873447856305,0.0001870582058205048,-0.0025379107995487852,0.0025882974657077578
2001-10-01,2001-11-01,lag_6,-0.0035963806723389,-7.824837243739774e-05,-0.0025379107995487852,0.0025882974657077578
2001-10-01,2001-11-01,lag_7,-0.0020524117552422,8.327783640191529e-05,-0.0025379107995487852,0.0025882974657077578
2001-10-01,2001-11-01,lag_8,-0.0065347651343703,-0.0011114539290033234,-0.0025379107995487852,0.0025882974657077578
2001-10-01,2001-11-01,lag_9,-0.0047708693509234,-0.0001980863414251778,-0.0025379107995487852,0.0025882974657077578
2001-10-01,2001-11-01,lag_10,-0.0032683707203071,-3.784846589313612e-05,-0.0025379107995487852,0.0025882974657077578
2001-10-01,2001-11-01,lag_11,0.0002796044748452,0.0001720207172638906,-0.0025379107995487852,0.0025882974657077578
2001-10-01,2001-11-01,volatility_3m,0.00197616899287381,-0.00021768143987459324,-0.0025379107995487852,0.0025882974657077578
2001-11-01,2001-12-01,lag_0,-0.0060654600853187,-0.0026180334236893363,-0.0025819581729291424,0.002531115974427535
2001-11-01,2001-12-01,lag_1,-0.0027452194543418,-0.0008192122763595255,-0.0025819581729291424,0.002531115974427535
2001-11-01,2001-12-01,lag_2,-0.0050778760047638,-0.0007963293437874252,-0.0025819581729291424,0.002531115974427535
2001-11-01,2001-12-01,lag_3,-0.0011484395650906,-0.00039353387003238625,-0.0025819581729291424,0.002531115974427535
2001-11-01,2001-12-01,lag_4,-0.0064248032714528,0.00017383588985601746,-0.0025819581729291424,0.002531115974427535
2001-11-01,2001-12-01,lag_5,-0.005294243917338,0.00018971720827770845,-0.0025819581729291424,0.002531115974427535
2001-11-01,2001-12-01,lag_6,-0.0047873447856305,-0.00010370226896562663,-0.0025819581729291424,0.002531115974427535
2001-11-01,2001-12-01,lag_7,-0.0035963806723389,0.00012040172662513033,-0.0025819581729291424,0.002531115974427535
2001-11-01,2001-12-01,lag_8,-0.0020524117552422,-0.0006266413574579657,-0.0025819581729291424,0.002531115974427535
2001-11-01,2001-12-01,lag_9,-0.0065347651343703,-0.0002485312280640751,-0.0025819581729291424,0.002531115974427535
2001-11-01,2001-12-01,lag_10,-0.0047708693509234,-5.996253129114841e-05,-0.0025819581729291424,0.002531115974427535
2001-11-01,2001-12-01,lag_11,-0.0032683707203071,0.00033373942425193236,-0.0025819581729291424,0.002531115974427535
2001-11-01,2001-12-01,volatility_3m,0.001704924570471375,-0.0002648220967199762,-0.0025819581729291424,0.002531115974427535
2001-12-01,2002-01-01,lag_0,-0.0004275098074009,-0.0009736887681635287,-0.0013713038017154895,0.0024993774428898794
2001-12-01,2002-01-01,lag_1,-0.0060654600853187,-0.001282791341429778,-0.0013713038017154895,0.0024993774428898794
2001-12-01,2002-01-01,lag_2,-0.0027452194543418,-0.0005621401399933213,-0.0013713038017154895,0.0024993774428898794
2001-12-01,2002-01-01,lag_3,-0.0050778760047638,-0.0007461726692679061,-0.0013713038017154895,0.0024993774428898794
2001-12-01,2002-01-01,lag_4,-0.0011484395650906,8.344281648404402e-05,-0.0013713038017154895,0.0024993774428898794
2001-12-01,2002-01-01,lag_5,-0.0064248032714528,0.00022722394528379845,-0.0013713038017154895,0.0024993774428898794
2001-12-01,2002-01-01,lag_6,-0.005294243917338,-9.499157593348225e-05,-0.0013713038017154895,0.0024993774428898794
2001-12-01,2002-01-01,lag_7,-0.0047873447856305,0.00013864278547238404,-0.0013713038017154895,0.0024993774428898794
2001-12-01,2002-01-01,lag_8,-0.0035963806723389,-0.0008022849173597978,-0.0013713038017154895,0.0024993774428898794
2001-12-01,2002-01-01,lag_9,-0.0020524117552422,-0.00012116743884670751,-0.0013713038017154895,0.0024993774428898794
2001-12-01,2002-01-01,lag_10,-0.0065347651343703,-5.749905553871263e-05,-0.0013713038017154895,0.0024993774428898794
2001-12-01,2002-01-01,lag_11,-0.0047708693509234,0.00042894990438897926,-0.0013713038017154895,0.0024993774428898794
2001-12-01,2002-01-01,volatility_3m,0.002833791899892739,-0.00010820478970134056,-0.0013713038017154895,0.0024993774428898794
2002-01-01,2002-02-01,lag_0,0.0066330648411705,0.0010290091022005115,0.0017008305255373684,0.002501646618575562
2002-01-01,2002-02-01,lag_1,-0.0004275098074009,-0.0004742605252403298,0.0017008305255373684,0.002501646618575562
2002-01-01,2002-02-01,lag_2,-0.0060654600853187,-0.0008906315396597959,0.0017008305255373684,0.002501646618575562
2002-01-01,2002-02-01,lag_3,-0.0027452194543418,-0.0005218486538528527,0.0017008305255373684,0.002501646618575562
2002-01-01,2002-02-01,lag_4,-0.0050778760047638,0.00015645043494665143,0.0017008305255373684,0.002501646618575562
2002-01-01,2002-02-01,lag_5,-0.0011484395650906,0.00011182555831849901,0.0017008305255373684,0.002501646618575562
2002-01-01,2002-02-01,lag_6,-0.0064248032714528,-8.625452570136847e-05,0.0017008305255373684,0.002501646618575562
2002-01-01,2002-02-01,lag_7,-0.005294243917338,0.00014330577083939154,0.0017008305255373684,0.002501646618575562
2002-01-01,2002-02-01,lag_8,-0.0047873447856305,-0.000926003448693293,0.0017008305255373684,0.002501646618575562
2002-01-01,2002-02-01,lag_9,-0.0035963806723389,-0.00015349539978611865,0.0017008305255373684,0.002501646618575562
2002-01-01,2002-02-01,lag_10,-0.0020524117552422,-1.947807256141863e-05,0.0017008305255373684,0.002501646618575562
2002-01-01,2002-02-01,lag_11,-0.0065347651343703,0.0005429503781520271,0.0017008305255373684,0.002501646618575562
2002-01-01,2002-02-01,volatility_3m,0.006362530065586987,0.0002876148279999036,0.0017008305255373684,0.002501646618575562
2002-02-01,2002-03-01,lag_0,0.0001152246826094,-0.0008137680216928513,0.0005413236673313983,0.002480434337715074
2002-02-01,2002-03-01,lag_1,0.0066330648411705,0.000500719653450869,0.0005413236673313983,0.002480434337715074
2002-02-01,2002-03-01,lag_2,-0.0004275098074009,-0.0003445571248762388,0.0005413236673313983,0.002480434337715074
2002-02-01,2002-03-01,lag_3,-0.0060654600853187,-0.0008277786998486927,0.0005413236673313983,0.002480434337715074
2002-02-01,2002-03-01,lag_4,-0.0027452194543418,0.00010329286308692963,0.0005413236673313983,0.002480434337715074
2002-02-01,2002-03-01,lag_5,-0.0050778760047638,0.00022867705567730296,0.0005413236673313983,0.002480434337715074
2002-02-01,2002-03-01,lag_6,-0.0011484395650906,-4.715031197489728e-05,0.0005413236673313983,0.002480434337715074
2002-02-01,2002-03-01,lag_7,-0.0064248032714528,0.00015572379059959867,0.0005413236673313983,0.002480434337715074
2002-02-01,2002-03-01,lag_8,-0.005294243917338,-0.00097717778506629,0.0005413236673313983,0.002480434337715074
2002-02-01,2002-03-01,lag_9,-0.0047873447856305,-0.00019727254150255085,0.0005413236673313983,0.002480434337715074
2002-02-01,2002-03-01,lag_10,-0.0035963806723389,-2.0708704272783625e-05,0.0005413236673313983,0.002480434337715074
2002-02-01,2002-03-01,lag_11,-0.0020524117552422,0.00028525972643937664,0.0005413236673313983,0.002480434337715074
2002-02-01,2002-03-01,volatility_3m,0.003929132971094421,1.5629429596552e-05,0.0005413236673313983,0.002480434337715074
2002-03-01,2002-04-01,lag_0,0.0072123326949231,0.0011843204312208058,0.002717683721800723,0.002465546616822492
2002-03-01,2002-04-01,lag_1,0.0001152246826094,-0.00041569986268163517,0.002717683721800723,0.002465546616822492
2002-03-01,2002-04-01,lag_2,0.0066330648411705,0.0003635891389137053,0.002717683721800723,0.002465546616822492
2002-03-01,2002-04-01,lag_3,-0.0004275098074009,-0.0003003376884547797,0.002717683721800723,0.002465546616822492
2002-03-01,2002-04-01,lag_4,-0.0060654600853187,0.00015970001337339964,0.002717683721800723,0.002465546616822492
2002-03-01,2002-04-01,lag_5,-0.0027452194543418,0.00017461865844165778,0.002717683721800723,0.002465546616822492
2002-03-01,2002-04-01,lag_6,-0.0050778760047638,-9.095753432478543e-05,0.002717683721800723,0.002465546616822492
2002-03-01,2002-04-01,lag_7,-0.0011484395650906,7.23545179718515e-05,0.002717683721800723,0.002465546616822492
2002-03-01,2002-04-01,lag_8,-0.0064248032714528,-0.0010766007279098195,0.002717683721800723,0.002465546616822492
2002-03-01,2002-04-01,lag_9,-0.005294243917338,-0.00019538575000417382,0.002717683721800723,0.002465546616822492
2002-03-01,2002-04-01,lag_10,-0.0047873447856305,-1.1230883950083104e-05,0.002717683721800723,0.002465546616822492
2002-03-01,2002-04-01,lag_11,-0.0035963806723389,0.0003707597444059287,0.002717683721800723,0.002465546616822492
2002-03-01,2002-04-01,volatility_3m,0.003940954489236295,1.7007047976159258e-05,0.002717683721800723,0.002465546616822492
2002-04-01,2002-05-01,lag_0,0.0048710021656788,0.0005322003766721745,0.003781029003190827,0.0024897247961717145
2002-04-01,2002-05-01,lag_1,0.0072123326949231,0.0005965488768016051,0.003781029003190827,0.0024897247961717145
2002-04-01,2002-05-01,lag_2,0.0001152246826094,-0.0003097482726858348,0.003781029003190827,0.0024897247961717145
2002-04-01,2002-05-01,lag_3,0.0066330648411705,0.00030764019878945265,0.003781029003190827,0.0024897247961717145
2002-04-01,2002-05-01,lag_4,-0.0004275098074009,6.780918269674666e-05,0.003781029003190827,0.0024897247961717145
2002-04-01,2002-05-01,lag_5,-0.0060654600853187,0.0002772466529879706,0.003781029003190827,0.0024897247961717145
2002-04-01,2002-05-01,lag_6,-0.0027452194543418,-4.9689474581601385e-05,0.003781029003190827,0.0024897247961717145
2002-04-01,2002-05-01,lag_7,-0.0050778760047638,0.00011500763943267125,0.003781029003190827,0.0024897247961717145
2002-04-01,2002-05-01,lag_8,-0.0011484395650906,-0.00046775146939034883,0.003781029003190827,0.0024897247961717145
2002-04-01,2002-05-01,lag_9,-0.0064248032714528,-0.00020510666861890204,0.003781029003190827,0.0024897247961717145
2002-04-01,2002-05-01,lag_10,-0.005294243917338,2.0348685638153664e-06,0.003781029003190827,0.0024897247961717145
2002-04-01,2002-05-01,lag_11,-0.0047873447856305,0.0004452777320208449,0.003781029003190827,0.0024897247961717145
2002-04-01,2002-05-01,volatility_3m,0.0036163561369166575,-2.0165435669481517e-05,0.003781029003190827,0.0024897247961717145
2002-05-01,2002-06-01,lag_0,0.0040096284673607,0.00029234765934126543,0.002562036445550738,0.002489842988791247
2002-05-01,2002-06-01,lag_1,0.0048710021656788,0.0002651958348306186,0.002562036445550738,0.002489842988791247
2002-05-01,2002-06-01,lag_2,0.0072123326949231,0.00045152722724067643,0.002562036445550738,0.002489842988791247
2002-05-01,2002-06-01,lag_3,0.0001152246826094,-0.0002489735157931923,0.002562036445550738,0.002489842988791247
2002-05-01,2002-06-01,lag_4,0.0066330648411705,-7.054670117791598e-05,0.002562036445550738,0.002489842988791247
2002-05-01,2002-06-01,lag_5,-0.0004275098074009,0.00010587037167954993,0.002562036445550738,0.002489842988791247
2002-05-01,2002-06-01,lag_6,-0.0060654600853187,-7.877539012559194e-05,0.002562036445550738,0.002489842988791247
2002-05-01,2002-06-01,lag_7,-0.0027452194543418,8.30101723137378e-05,0.002562036445550738,0.002489842988791247
2002-05-01,2002-06-01,lag_8,-0.0050778760047638,-0.0008879534424160458,0.002562036445550738,0.002489842988791247
2002-05-01,2002-06-01,lag_9,-0.0011484395650906,-9.060369460227789e-05,0.002562036445550738,0.002489842988791247
2002-05-01,2002-06-01,lag_10,-0.0064248032714528,6.285039965700152e-06,0.002562036445550738,0.002489842988791247
2002-05-01,2002-06-01,lag_11,-0.005294243917338,0.00047108155059759663,0.002562036445550738,0.002489842988791247
2002-05-01,2002-06-01,volatility_3m,0.0016573627476894161,-0.00022627165509463064,0.002562036445550738,0.002489842988791247
2002-06-01,2002-07-01,lag_0,0.0082150192364478,0.0015157894281693381,0.004542766874739752,0.0024078164210185747
2002-06-01,2002-07-01,lag_1,0.0040096284673607,0.00017915307879695988,0.004542766874739752,0.0024078164210185747
2002-06-01,2002-07-01,lag_2,0.0048710021656788,0.00017644396416272902,0.004542766874739752,0.0024078164210185747
2002-06-01,2002-07-01,lag_3,0.0072123326949231,0.0002972264463168599,0.004542766874739752,0.0024078164210185747
2002-06-01,2002-07-01,lag_4,0.0001152246826094,0.00013761660178859185,0.004542766874739752,0.0024078164210185747
2002-06-01,2002-07-01,lag_5,0.0066330648411705,-6.370268119532838e-05,0.004542766874739752,0.0024078164210185747
2002-06-01,2002-07-01,lag_6,-0.0004275098074009,-1.1359372824088334e-05,0.004542766874739752,0.0024078164210185747
2002-06-01,2002-07-01,lag_7,-0.0060654600853187,4.6071605947828284e-05,0.004542766874739752,0.0024078164210185747
2002-06-01,2002-07-01,lag_8,-0.0027452194543418,-0.0007314223486709538,0.004542766874739752,0.0024078164210185747
2002-06-01,2002-07-01,lag_9,-0.0050778760047638,-1.2330810490618047e-05,0.004542766874739752,0.0024078164210185747
2002-06-01,2002-07-01,lag_10,-0.0011484395650906,2.7666988767338346e-05,0.004542766874739752,0.0024078164210185747
2002-06-01,2002-07-01,lag_11,-0.0064248032714528,0.0006384224776476628,0.004542766874739752,0.0024078164210185747
2002-06-01,2002-07-01,volatility_3m,0.0022214757234201945,-6.462492469514218e-05,0.004542766874739752,0.0024078164210185747
2002-07-01,2002-08-01,lag_0,-0.0003219706394999,-0.0009686218721883374,0.001653451580898511,0.002414200396933905
2002-07-01,2002-08-01,lag_1,0.0082150192364478,0.0009088569048993177,0.001653451580898511,0.002414200396933905
2002-07-01,2002-08-01,lag_2,0.0040096284673607,9.638838356851412e-05,0.001653451580898511,0.002414200396933905
2002-07-01,2002-08-01,lag_3,0.0048710021656788,0.00012941472611830552,0.001653451580898511,0.002414200396933905
2002-07-01,2002-08-01,lag_4,0.0072123326949231,-0.00019224863164607643,0.001653451580898511,0.002414200396933905
2002-07-01,2002-08-01,lag_5,0.0001152246826094,6.267692741506732e-05,0.001653451580898511,0.002414200396933905
2002-07-01,2002-08-01,lag_6,0.0066330648411705,1.5864759670195577e-05,0.001653451580898511,0.002414200396933905
2002-07-01,2002-08-01,lag_7,-0.0004275098074009,1.0114331213710177e-05,0.001653451580898511,0.002414200396933905
2002-07-01,2002-08-01,lag_8,-0.0060654600853187,-0.0011482072612363035,0.001653451580898511,0.002414200396933905
2002-07-01,2002-08-01,lag_9,-0.0027452194543418,-2.7000576885105016e-05,0.001653451580898511,0.002414200396933905
2002-07-01,2002-08-01,lag_10,-0.0050778760047638,6.021368667545633e-05,0.001653451580898511,0.002414200396933905
2002-07-01,2002-08-01,lag_11,-0.0011484395650906,0.0002714098659129747,0.001653451580898511,0.002414200396933905
2002-07-01,2002-08-01,volatility_3m,0.0042686504207089465,2.0389940446886708e-05,0.001653451580898511,0.002414200396933905
2002-08-01,2002-09-01,lag_0,-0.0011111535235635,-0.0011730406209790882,0.0011075155217476164,0.002378193457905253
2002-08-01,2002-09-01,lag_1,-0.0003219706394999,-0.0005794582435325376,0.0011075155217476164,0.002378193457905253
2002-08-01,2002-09-01,lag_2,0.0082150192364478,0.00048584316501596543,0.0011075155217476164,0.002378193457905253
2002-08-01,2002-09-01,lag_3,0.0040096284673607,7.09428322285623e-05,0.0011075155217476164,0.002378193457905253
2002-08-01,2002-09-01,lag_4,0.0048710021656788,-8.753348181917815e-05,0.0011075155217476164,0.002378193457905253
2002-08-01,2002-09-01,lag_5,0.0072123326949231,-8.778619957326197e-05,0.0011075155217476164,0.002378193457905253
2002-08-01,2002-09-01,lag_6,0.0001152246826094,-8.088690760229108e-06,0.0011075155217476164,0.002378193457905253
2002-08-01,2002-09-01,lag_7,0.0066330648411705,-1.2826061876397776e-05,0.0011075155217476164,0.002378193457905253
2002-08-01,2002-09-01,lag_8,-0.0004275098074009,-0.0004378411329780102,0.0011075155217476164,0.002378193457905253
2002-08-01,2002-09-01,lag_9,-0.0060654600853187,-4.7555106951357724e-05,0.0011075155217476164,0.002378193457905253
2002-08-01,2002-09-01,lag_10,-0.0027452194543418,3.080995091499004e-05,0.0011075155217476164,0.002378193457905253
2002-08-01,2002-09-01,lag_11,-0.0050778760047638,0.0005130630340202173,0.0011075155217476164,0.002378193457905253
2002-08-01,2002-09-01,volatility_3m,0.0051717260838155575,6.279262013268878e-05,0.0011075155217476164,0.002378193457905253
2002-09-01,2002-10-01,lag_0,0.000848648696599,-0.0005877506828221059,0.0017666034287494507,0.0023476440493720684
2002-09-01,2002-10-01,lag_1,-0.0011111535235635,-0.0006968063752395151,0.0017666034287494507,0.0023476440493720684
2002-09-01,2002-10-01,lag_2,-0.0003219706394999,-0.00031289448786534006,0.0017666034287494507,0.0023476440493720684
2002-09-01,2002-10-01,lag_3,0.0082150192364478,0.0003582067350609511,0.0017666034287494507,0.0023476440493720684
2002-09-01,2002-10-01,lag_4,0.0040096284673607,-4.792748231839103e-05,0.0017666034287494507,0.0023476440493720684
2002-09-01,2002-10-01,lag_5,0.0048710021656788,-3.9200369201125934e-05,0.0017666034287494507,0.0023476440493720684
2002-09-01,2002-10-01,lag_6,0.0072123326949231,1.2739144655668923e-05,0.0017666034287494507,0.0023476440493720684
2002-09-01,2002-10-01,lag_7,0.0001152246826094,1.1645181307238128e-05,0.0017666034287494507,0.0023476440493720684
2002-09-01,2002-10-01,lag_8,0.0066330648411705,0.00046185041593212124,0.0017666034287494507,0.0023476440493720684
2002-09-01,2002-10-01,lag_9,-0.0004275098074009,-1.863391525942816e-05,0.0017666034287494507,0.0023476440493720684
2002-09-01,2002-10-01,lag_10,-0.0060654600853187,4.559805640784607e-05,0.0017666034287494507,0.0023476440493720684
2002-09-01,2002-10-01,lag_11,-0.0027452194543418,0.0003648061458238335,0.0017666034287494507,0.0023476440493720684
2002-09-01,2002-10-01,volatility_3m,0.0009860682867412914,-0.0001326729871043703,0.0017666034287494507,0.0023476440493720684
2002-10-01,2002-11-01,lag_0,-0.0020848363369347,-0.0014260518336099226,-0.0002548848575343447,0.0023102268312554454
2002-10-01,2002-11-01,lag_1,0.000848648696599,-0.000351306528877959,-0.0002548848575343447,0.0023102268312554454
2002-10-01,2002-11-01,lag_2,-0.0011111535235635,-0.00038305354128088996,-0.0002548848575343447,0.0023102268312554454
2002-10-01,2002-11-01,lag_3,-0.0003219706394999,-0.00022467189316335647,-0.0002548848575343447,0.0023102268312554454
2002-10-01,2002-11-01,lag_4,0.0082150192364478,-0.000242965763914632,-0.0002548848575343447,0.0023102268312554454
2002-10-01,2002-11-01,lag_5,0.0040096284673607,-2.209923568023815e-05,-0.0002548848575343447,0.0023102268312554454
2002-10-01,2002-11-01,lag_6,0.0048710021656788,2.2136579942403693e-06,-0.0002548848575343447,0.0023102268312554454
2002-10-01,2002-11-01,lag_7,0.0072123326949231,-1.316915193603943e-05,-0.0002548848575343447,0.0023102268312554454
2002-10-01,2002-11-01,lag_8,0.0001152246826094,-0.00036525907097178264,-0.0002548848575343447,0.0023102268312554454
2002-10-01,2002-11-01,lag_9,0.0066330648411705,2.3291260982759212e-05,-0.0002548848575343447,0.0023102268312554454
2002-10-01,2002-11-01,lag_10,-0.0004275098074009,7.268464550382932e-06,-0.0002548848575343447,0.0023102268312554454
2002-10-01,2002-11-01,lag_11,-0.0060654600853187,0.0005535665941270342,-0.0002548848575343447,0.0023102268312554454
2002-10-01,2002-11-01,volatility_3m,0.0014941116315486899,-0.00012287464700938696,-0.0002548848575343447,0.0023102268312554454
2002-11-01,2002-12-01,lag_0,0.0055865759173183,0.0008079619664047204,0.0025396959365865555,0.002281322815002201
2002-11-01,2002-12-01,lag_1,-0.0020848363369347,-0.0008554966201535963,0.0025396959365865555,0.002281322815002201
2002-11-01,2002-12-01,lag_2,0.000848648696599,-0.000189660596048852,0.0025396959365865555,0.002281322815002201
2002-11-01,2002-12-01,lag_3,-0.0011111535235635,-0.0002612986079460719,0.0025396959365865555,0.002281322815002201
2002-11-01,2002-12-01,lag_4,-0.0003219706394999,0.00014860498988317046,0.0025396959365865555,0.002281322815002201
2002-11-01,2002-12-01,lag_5,0.0082150192364478,-0.00011114716762830738,0.0025396959365865555,0.002281322815002201
2002-11-01,2002-12-01,lag_6,0.0040096284673607,1.6486288656582712e-06,0.0025396959365865555,0.002281322815002201
2002-11-01,2002-12-01,lag_7,0.0048710021656788,8.981693481594492e-07,0.0025396959365865555,0.002281322815002201
2002-11-01,2002-12-01,lag_8,0.0072123326949231,0.000524945332895627,0.0025396959365865555,0.002281322815002201
2002-11-01,2002-12-01,lag_9,0.0001152246826094,-2.495842945496094e-05,0.0025396959365865555,0.002281322815002201
2002-11-01,2002-12-01,lag_10,0.0066330648411705,-1.1734490588773317e-05,0.0025396959365865555,0.002281322815002201
2002-11-01,2002-12-01,lag_11,-0.0004275098074009,0.00022587055972283582,0.0025396959365865555,0.002281322815002201
2002-11-01,2002-12-01,volatility_3m,0.003870914077353096,2.739386284745208e-06,0.0025396959365865555,0.002281322815002201
2002-12-01,2003-01-01,lag_0,-0.0055766272909192,-0.002365659829826105,0.00021356526829564718,0.0022541710820145992
2002-12-01,2003-01-01,lag_1,0.0055865759173183,0.0005006143023775839,0.00021356526829564718,0.0022541710820145992
2002-12-01,2003-01-01,lag_2,-0.0020848363369347,-0.00046032418396299855,0.00021356526829564718,0.0022541710820145992
2002-12-01,2003-01-01,lag_3,0.000848648696599,-0.00013536126836246018,0.00021356526829564718,0.0022541710820145992
2002-12-01,2003-01-01,lag_4,-0.0011111535235635,0.00016908828515134236,0.00021356526829564718,0.0022541710820145992
2002-12-01,2003-01-01,lag_5,-0.0003219706394999,8.492020916847653e-05,0.00021356526829564718,0.0022541710820145992
2002-12-01,2003-01-01,lag_6,0.0082150192364478,7.82865808182476e-06,0.00021356526829564718,0.0022541710820145992
2002-12-01,2003-01-01,lag_7,0.0040096284673607,-1.1269781309918706e-07,0.00021356526829564718,0.0022541710820145992
2002-12-01,2003-01-01,lag_8,0.0048710021656788,0.0002299187116951256,0.00021356526829564718,0.0022541710820145992
2002-12-01,2003-01-01,lag_9,0.0072123326949231,4.894191070858417e-05,0.00021356526829564718,0.0022541710820145992
2002-12-01,2003-01-01,lag_10,0.0001152246826094,1.905016643424321e-05,0.00021356526829564718,0.0022541710820145992
2002-12-01,2003-01-01,lag_11,0.0066330648411705,-0.00022911508595503056,0.00021356526829564718,0.0022541710820145992
2002-12-01,2003-01-01,volatility_3m,0.005710520640441277,8.960500858356094e-05,0.00021356526829564718,0.0022541710820145992
2003-01-01,2003-02-01,lag_0,0.0084854057238992,0.0016063065262081685,0.0029134146096083348,0.002241092993494643
2003-01-01,2003-02-01,lag_1,-0.0055766272909192,-0.0015265472991915444,0.0029134146096083348,0.002241092993494643
2003-01-01,2003-02-01,lag_2,0.0055865759173183,0.00025818471025190705,0.0029134146096083348,0.002241092993494643
2003-01-01,2003-02-01,lag_3,-0.0020848363369347,-0.0003267117916888331,0.0029134146096083348,0.002241092993494643
2003-01-01,2003-02-01,lag_4,0.000848648696599,8.718664691501344e-05,0.0029134146096083348,0.002241092993494643
2003-01-01,2003-02-01,lag_5,-0.0011111535235635,0.0001123413504162046,0.0029134146096083348,0.002241092993494643
2003-01-01,2003-02-01,lag_6,-0.0003219706394999,-1.6428144646534472e-05,0.0029134146096083348,0.002241092993494643
2003-01-01,2003-02-01,lag_7,0.0082150192364478,2.0183242580129913e-06,0.0029134146096083348,0.002241092993494643
2003-01-01,2003-02-01,lag_8,0.0040096284673607,0.0001270579493705329,0.0029134146096083348,0.002241092993494643
2003-01-01,2003-02-01,lag_9,0.0048710021656788,2.6110040294197994e-05,0.0029134146096083348,0.002241092993494643
2003-01-01,2003-02-01,lag_10,0.0072123326949231,-4.1077213615950524e-05,0.0029134146096083348,0.002241092993494643
2003-01-01,2003-02-01,lag_11,0.0001152246826094,0.0001787087770620694,0.0029134146096083348,0.002241092993494643
2003-01-01,2003-02-01,volatility_3m,0.007424745704127611,0.00018517174048044758,0.0029134146096083348,0.002241092993494643
2003-02-01,2003-03-01,lag_0,0.001187420927927,-0.0004248770200151047,0.0030956332172146104,0.002235147288492496
2003-02-01,2003-03-01,lag_1,0.0084854057238992,0.0010701322836472844,0.0030956332172146104,0.002235147288492496
2003-02-01,2003-03-01,lag_2,-0.0055766272909192,-0.0007527780580102465,0.0030956332172146104,0.002235147288492496
2003-02-01,2003-03-01,lag_3,0.0055865759173183,0.00018963982776988326,0.0030956332172146104,0.002235147288492496
2003-02-01,2003-03-01,lag_4,-0.0020848363369347,0.0002093324399680054,0.0030956332172146104,0.002235147288492496
2003-02-01,2003-03-01,lag_5,0.000848648696599,5.5108524364509036e-05,0.0030956332172146104,0.002235147288492496
2003-02-01,2003-03-01,lag_6,-0.0011111535235635,-2.2927739435973012e-05,0.0030956332172146104,0.002235147288492496
2003-02-01,2003-03-01,lag_7,-0.0003219706394999,2.856498700208641e-06,0.0030956332172146104,0.002235147288492496
2003-02-01,2003-03-01,lag_8,0.0082150192364478,0.0006400426240006832,0.0030956332172146104,0.002235147288492496
2003-02-01,2003-03-01,lag_9,0.0040096284673607,1.4296839729678831e-05,0.0030956332172146104,0.002235147288492496
2003-02-01,2003-03-01,lag_10,0.0048710021656788,-1.9828597624855464e-05,0.0030956332172146104,0.002235147288492496
2003-02-01,2003-03-01,lag_11,0.0072123326949231,-0.00025770011254727887,0.0030956332172146104,0.002235147288492496
2003-02-01,2003-03-01,volatility_3m,0.007032705772543032,0.00015718841817531997,0.0030956332172146104,0.002235147288492496
2003-03-01,2003-04-01,lag_0,-0.0026319713476281,-0.001462731296465789,9.190042223959465e-05,0.00221730242654107
2003-03-01,2003-04-01,lag_1,0.001187420927927,-0.00027681277331371843,9.190042223959465e-05,0.00221730242654107
2003-03-01,2003-04-01,lag_2,0.0084854057238992,0.0005512783709638285,9.190042223959465e-05,0.00221730242654107
2003-03-01,2003-04-01,lag_3,-0.0055766272909192,-0.0005405128002556586,9.190042223959465e-05,0.00221730242654107
2003-03-01,2003-04-01,lag_4,0.0055865759173183,-0.00011525377116933808,9.190042223959465e-05,0.00221730242654107
2003-03-01,2003-04-01,lag_5,-0.0020848363369347,0.00012965174669177462,9.190042223959465e-05,0.00221730242654107
2003-03-01,2003-04-01,lag_6,0.000848648696599,-1.3423833791710722e-05,9.190042223959465e-05,0.00221730242654107
2003-03-01,2003-04-01,lag_7,-0.0011111535235635,-7.271159058053275e-06,9.190042223959465e-05,0.00221730242654107
2003-03-01,2003-04-01,lag_8,-0.0003219706394999,-0.000402177370718386,9.190042223959465e-05,0.00221730242654107
2003-03-01,2003-04-01,lag_9,0.0082150192364478,6.879634214161754e-05,9.190042223959465e-05,0.00221730242654107
2003-03-01,2003-04-01,lag_10,0.0040096284673607,-1.1287068275870611e-05,9.190042223959465e-05,0.00221730242654107
2003-03-01,2003-04-01,lag_11,0.0048710021656788,-0.00011990870170872553,9.190042223959465e-05,0.00221730242654107
2003-03-01,2003-04-01,volatility_3m,0.0056486637415016465,7.425031065855364e-05,9.190042223959465e-05,0.00221730242654107
2003-04-01,2003-05-01,lag_0,-0.0059747153090858,-0.002390748969958904,-0.0013402931559436562,0.0021470508709392996
2003-04-01,2003-05-01,lag_1,-0.0026319713476281,-0.0009485797651246287,-0.0013402931559436562,0.0021470508709392996
2003-04-01,2003-05-01,lag_2,0.001187420927927,-0.00013939203564870844,-0.0013402931559436562,0.0021470508709392996
2003-04-01,2003-05-01,lag_3,0.0084854057238992,0.00039620434637079456,-0.0013402931559436562,0.0021470508709392996
2003-04-01,2003-05-01,lag_4,-0.0055766272909192,0.00036438954180343194,-0.0013402931559436562,0.0021470508709392996
2003-04-01,2003-05-01,lag_5,0.0055865759173183,-6.630190206445848e-05,-0.0013402931559436562,0.0021470508709392996
2003-04-01,2003-05-01,lag_6,-0.0020848363369347,-3.4468713917515284e-05,-0.0013402931559436562,0.0021470508709392996
2003-04-01,2003-05-01,lag_7,0.000848648696599,-6.38627023136229e-06,-0.0013402931559436562,0.0021470508709392996
2003-04-01,2003-05-01,lag_8,-0.0011111535235635,-0.0004892922521360247,-0.0013402931559436562,0.0021470508709392996
2003-04-01,2003-05-01,lag_9,-0.0003219706394999,-3.1063857683235764e-05,-0.0013402931559436562,0.0021470508709392996
2003-04-01,2003-05-01,lag_10,0.0082150192364478,-6.0116839538276306e-05,-0.0013402931559436562,0.0021470508709392996
2003-04-01,2003-05-01,lag_11,0.0040096284673607,-6.627303250124621e-05,-0.0013402931559436562,0.0021470508709392996
2003-04-01,2003-05-01,volatility_3m,0.0035837106008522264,-1.5314276252821884e-05,-0.0013402931559436562,0.0021470508709392996
2003-05-01,2003-06-01,lag_0,-0.0002727794308094,-0.0007481699173921928,-0.0014650718641721332,0.002079828993556241
2003-05-01,2003-06-01,lag_1,-0.0059747153090858,-0.0015259019669652202,-0.0014650718641721332,0.002079828993556241
2003-05-01,2003-06-01,lag_2,-0.0026319713476281,-0.00047815971896587997,-0.0014650718641721332,0.002079828993556241
2003-05-01,2003-06-01,lag_3,0.001187420927927,-0.00010684663397136224,-0.0014650718641721332,0.002079828993556241
2003-05-01,2003-06-01,lag_4,0.0084854057238992,-0.0002562564482281371,-0.0014650718641721332,0.002079828993556241
2003-05-01,2003-06-01,lag_5,-0.0055766272909192,0.00019004172320226997,-0.0014650718641721332,0.002079828993556241
2003-05-01,2003-06-01,lag_6,0.0055865759173183,1.8880394819839927e-05,-0.0014650718641721332,0.002079828993556241
2003-05-01,2003-06-01,lag_7,-0.0020848363369347,-1.4675533551527312e-05,-0.0014650718641721332,0.002079828993556241
2003-05-01,2003-06-01,lag_8,0.000848648696599,-0.00024403298763878741,-0.0014650718641721332,0.002079828993556241
2003-05-01,2003-06-01,lag_9,-0.0011111535235635,-3.6226342842709885e-05,-0.0014650718641721332,0.002079828993556241
2003-05-01,2003-06-01,lag_10,-0.0003219706394999,3.517176510714e-05,-0.0014650718641721332,0.002079828993556241
2003-05-01,2003-06-01,lag_11,0.0082150192364478,-0.00033412176252847807,-0.0014650718641721332,0.002079828993556241
2003-05-01,2003-06-01,volatility_3m,0.002865071158285028,-4.460342877332941e-05,-0.0014650718641721332,0.002079828993556241
2003-06-01,2003-07-01,lag_0,0.0012771147115513,-0.000310768483232179,-0.00038525762871772454,0.002033931454851181
2003-06-01,2003-07-01,lag_1,-0.0002727794308094,-0.00047297976368432183,-0.00038525762871772454,0.002033931454851181
2003-06-01,2003-07-01,lag_2,-0.0059747153090858,-0.0007604766369575141,-0.00038525762871772454,0.002033931454851181
2003-06-01,2003-07-01,lag_3,-0.0026319713476281,-0.00036794935901142905,-0.00038525762871772454,0.002033931454851181
2003-06-01,2003-07-01,lag_4,0.001187420927927,6.421097823898645e-05,-0.00038525762871772454,0.002033931454851181
2003-06-01,2003-07-01,lag_5,0.0084854057238992,-0.00014507462856006362,-0.00038525762871772454,0.002033931454851181
2003-06-01,2003-07-01,lag_6,-0.0055766272909192,-7.090679606684709e-05,-0.00038525762871772454,0.002033931454851181
2003-06-01,2003-07-01,lag_7,0.0055865759173183,4.805066961701508e-06,-0.00038525762871772454,0.002033931454851181
2003-06-01,2003-07-01,lag_8,-0.0020848363369347,-0.0005896827316049878,-0.00038525762871772454,0.002033931454851181
2003-06-01,2003-07-01,lag_9,0.000848648696599,-1.7084009020465487e-05,-0.00038525762871772454,0.002033931454851181
2003-06-01,2003-07-01,lag_10,-0.0011111535235635,4.5722756735237434e-05,-0.00038525762871772454,0.002033931454851181
2003-06-01,2003-07-01,lag_11,-0.0003219706394999,0.00020705435187973173,-0.00038525762871772454,0.002033931454851181
2003-06-01,2003-07-01,volatility_3m,0.0038188847250803723,-6.059829246755279e-06,-0.00038525762871772454,0.002033931454851181
2003-07-01,2003-08-01,lag_0,0.0051251355505987,0.0007617658571957353,0.0025649735191780715,0.002037660909683118
2003-07-01,2003-08-01,lag_1,0.0012771147115513,-0.00019634293368969938,0.0025649735191780715,0.002037660909683118
2003-07-01,2003-08-01,lag_2,-0.0002727794308094,-0.0002300319594651184,0.0025649735191780715,0.002037660909683118
2003-07-01,2003-08-01,lag_3,-0.0059747153090858,-0.0005706391329036683,0.0025649735191780715,0.002037660909683118
2003-07-01,2003-08-01,lag_4,-0.0026319713476281,0.0002244053326516989,0.0025649735191780715,0.002037660909683118
2003-07-01,2003-08-01,lag_5,0.001187420927927,3.0668630046832365e-05,0.0025649735191780715,0.002037660909683118
2003-07-01,2003-08-01,lag_6,0.0084854057238992,2.5340506514196133e-05,0.0025649735191780715,0.002037660909683118
2003-07-01,2003-08-01,lag_7,-0.0055766272909192,-4.8935064514727644e-05,0.0025649735191780715,0.002037660909683118
2003-07-01,2003-08-01,lag_8,0.0055865759173183,0.00032916175239288846,0.0025649735191780715,0.002037660909683118
2003-07-01,2003-08-01,lag_9,-0.0020848363369347,-3.5299960833889396e-05,0.0025649735191780715,0.002037660909683118
2003-07-01,2003-08-01,lag_10,0.000848648696599,2.5952673810484982e-05,0.0025649735191780715,0.002037660909683118
2003-07-01,2003-08-01,lag_11,-0.0011111535235635,0.00025191815173720435,0.0025649735191780715,0.002037660909683118
2003-07-01,2003-08-01,volatility_3m,0.0027792961452130604,-4.065124344698404e-05,0.0025649735191780715,0.002037660909683118
2003-08-01,2003-09-01,lag_0,-0.0021841578199746,-0.0012870300079305711,0.0006997151180142143,0.002033875490427359
2003-08-01,2003-09-01,lag_1,0.0051251355505987,0.00047989120041416674,0.0006997151180142143,0.002033875490427359
2003-08-01,2003-09-01,lag_2,0.0012771147115513,-9.678854413546783e-05,0.0006997151180142143,0.002033875490427359
2003-08-01,2003-09-01,lag_3,-0.0002727794308094,-0.00018981535186188256,0.0006997151180142143,0.002033875490427359
2003-08-01,2003-09-01,lag_4,-0.0059747153090858,0.0003437186699133104,0.0006997151180142143,0.002033875490427359
2003-08-01,2003-09-01,lag_5,-0.0026319713476281,0.00010736236248265863,0.0006997151180142143,0.002033875490427359
2003-08-01,2003-09-01,lag_6,0.001187420927927,-6.457734436995464e-07,0.0006997151180142143,0.002033875490427359
2003-08-01,2003-09-01,lag_7,0.0084854057238992,5.575519163100728e-05,0.0006997151180142143,0.002033875490427359
2003-08-01,2003-09-01,lag_8,-0.0055766272909192,-0.0009506059882933058,0.0006997151180142143,0.002033875490427359
2003-08-01,2003-09-01,lag_9,0.0055865759173183,2.66441699265977e-05,0.0006997151180142143,0.002033875490427359
2003-08-01,2003-09-01,lag_10,-0.0020848363369347,6.609071660194285e-05,0.0006997151180142143,0.002033875490427359
2003-08-01,2003-09-01,lag_11,0.000848648696599,0.00012363742706344543,0.0006997151180142143,0.002033875490427359
2003-08-01,2003-09-01,volatility_3m,0.003656351585308903,-1.2374444781346604e-05,0.0006997151180142143,0.002033875490427359
2003-09-01,2003-10-01,lag_0,0.006426751702139,0.0010938939398494113,0.00358246548102096,0.0020654549546598165
2003-09-01,2003-10-01,lag_1,-0.0021841578199746,-0.0008392377344489776,0.00358246548102096,0.0020654549546598165
2003-09-01,2003-10-01,lag_2,0.0051251355505987,0.00023772111536456215,0.00358246548102096,0.0020654549546598165
2003-09-01,2003-10-01,lag_3,0.0012771147115513,-7.708954931415592e-05,0.00358246548102096,0.0020654549546598165
2003-09-01,2003-10-01,lag_4,-0.0002727794308094,0.0001168863167252436,0.00358246548102096,0.0020654549546598165
2003-09-01,2003-10-01,lag_5,-0.0059747153090858,0.00019181292324983558,0.00358246548102096,0.0020654549546598165
2003-09-01,2003-10-01,lag_6,-0.0026319713476281,2.8773203354010814e-07,0.00358246548102096,0.0020654549546598165
2003-09-01,2003-10-01,lag_7,0.001187420927927,-2.4169541814051505e-05,0.00358246548102096,0.0020654549546598165
2003-09-01,2003-10-01,lag_8,0.0084854057238992,0.0006323433666699084,0.00358246548102096,0.0020654549546598165
2003-09-01,2003-10-01,lag_9,-0.0055766272909192,-9.57047788081323e-05,0.00358246548102096,0.0020654549546598165
2003-09-01,2003-10-01,lag_10,0.0055865759173183,-4.693893138602505e-05,0.00358246548102096,0.0020654549546598165
2003-09-01,2003-10-01,lag_11,-0.0020848363369347,0.0003029189385543082,0.00358246548102096,0.0020654549546598165
2003-09-01,2003-10-01,volatility_3m,0.004641618557160925,2.428672968567658e-05,0.00358246548102096,0.0020654549546598165
2003-10-01,2003-11-01,lag_0,0.0012308567584176,-0.00033471183803728314,0.0021789425367556626,0.002077429484296059
2003-10-01,2003-11-01,lag_1,0.006426751702139,0.0007288836416922579,0.0021789425367556626,0.002077429484296059
2003-10-01,2003-11-01,lag_2,-0.0021841578199746,-0.0003990576573050726,0.0021789425367556626,0.002077429484296059
2003-10-01,2003-11-01,lag_3,0.0051251355505987,0.00018910425594674852,0.0021789425367556626,0.002077429484296059
2003-10-01,2003-11-01,lag_4,0.0012771147115513,4.762084694596259e-05,0.0021789425367556626,0.002077429484296059
2003-10-01,2003-11-01,lag_5,-0.0002727794308094,5.5691816688929624e-05,0.0021789425367556626,0.002077429484296059
2003-10-01,2003-11-01,lag_6,-0.0059747153090858,-8.529836520911506e-06,0.0021789425367556626,0.002077429484296059
2003-10-01,2003-11-01,lag_7,-0.0026319713476281,-8.193959642507587e-05,0.0021789425367556626,0.002077429484296059
2003-10-01,2003-11-01,lag_8,0.001187420927927,-0.0001645770461927775,0.0021789425367556626,0.002077429484296059
2003-10-01,2003-11-01,lag_9,0.0084854057238992,7.618686243126314e-05,0.0021789425367556626,0.002077429484296059
2003-10-01,2003-11-01,lag_10,-0.0055766272909192,0.00014942530059348225,0.0021789425367556626,0.002077429484296059
2003-10-01,2003-11-01,lag_11,0.0055865759173183,-0.000169338658197848,0.0021789425367556626,0.002077429484296059
2003-10-01,2003-11-01,volatility_3m,0.004336039122571958,1.2754960839928365e-05,0.0021789425367556626,0.002077429484296059
2003-11-01,2003-12-01,lag_0,0.0066825920491968,0.0011545486254782343,0.0025293503815918134,0.0020856513550032226
2003-11-01,2003-12-01,lag_1,0.0012308567584176,-0.00022880552720156786,0.0025293503815918134,0.0020856513550032226
2003-11-01,2003-12-01,lag_2,0.006426751702139,0.0003342621204491269,0.0025293503815918134,0.0020856513550032226
2003-11-01,2003-12-01,lag_3,-0.0021841578199746,-0.0003293769705375524,0.0025293503815918134,0.0020856513550032226
2003-11-01,2003-12-01,lag_4,0.0051251355505987,-0.00011536375937616578,0.0025293503815918134,0.0020856513550032226
2003-11-01,2003-12-01,lag_5,0.0012771147115513,2.4426896053164264e-05,0.0025293503815918134,0.0020856513550032226
2003-11-01,2003-12-01,lag_6,-0.0002727794308094,5.793122452324406e-06,0.0025293503815918134,0.0020856513550032226
2003-11-01,2003-12-01,lag_7,-0.0059747153090858,-0.00012353752320889768,0.0025293503815918134,0.0020856513550032226
2003-11-01,2003-12-01,lag_8,-0.0026319713476281,-0.0005653459579818245,0.0025293503815918134,0.0020856513550032226
2003-11-01,2003-12-01,lag_9,0.001187420927927,-2.5952583720513757e-05,0.0025293503815918134,0.0020856513550032226
2003-11-01,2003-12-01,lag_10,0.0084854057238992,-0.00013086063858022104,0.0025293503815918134,0.0020856513550032226
2003-11-01,2003-12-01,lag_11,-0.0055766272909192,0.00047949012387090036,0.0025293503815918134,0.0020856513550032226
2003-11-01,2003-12-01,volatility_3m,0.00307636680274258,-3.557890110841604e-05,0.0025293503815918134,0.0020856513550032226
2003-12-01,2004-01-01,lag_0,0.0002959460294098,-0.0006091506222030307,0.0012573177155398934,0.002092801672607649
2003-12-01,2004-01-01,lag_1,0.0066825920491968,0.0007966983538913549,0.0012573177155398934,0.002092801672607649
2003-12-01,2004-01-01,lag_2,0.0012308567584176,-0.00010147662042585646,0.0012573177155398934,0.002092801672607649
2003-12-01,2004-01-01,lag_3,0.006426751702139,0.00028888340868576793,0.0012573177155398934,0.002092801672607649
2003-12-01,2004-01-01,lag_4,-0.0021841578199746,0.00019896981417714252,0.0012573177155398934,0.002092801672607649
2003-12-01,2004-01-01,lag_5,0.0051251355505987,-6.025791280353891e-05,0.0012573177155398934,0.002092801672607649
2003-12-01,2004-01-01,lag_6,0.0012771147115513,1.831182720722005e-06,0.0012573177155398934,0.002092801672607649
2003-12-01,2004-01-01,lag_7,-0.0002727794308094,-4.2465143862073446e-05,0.0012573177155398934,0.002092801672607649
2003-12-01,2004-01-01,lag_8,-0.0059747153090858,-0.0009169313181621327,0.0012573177155398934,0.002092801672607649
2003-12-01,2004-01-01,lag_9,-0.0026319713476281,-8.823757647618806e-05,0.0012573177155398934,0.002092801672607649
2003-12-01,2004-01-01,lag_10,0.001187420927927,3.833824706372708e-05,0.0012573177155398934,0.002092801672607649
2003-12-01,2004-01-01,lag_11,0.0084854057238992,-0.00031977762767615187,0.0012573177155398934,0.002092801672607649
2003-12-01,2004-01-01,volatility_3m,0.0034492685972053647,-2.190814199749804e-05,0.0012573177155398934,0.002092801672607649
2004-01-01,2004-02-01,lag_0,0.0015206262190341,-0.00024254060985746427,0.0013263119573301441,0.0020552307568423014
2004-01-01,2004-02-01,lag_1,0.0002959460294098,-0.00042227990270392464,0.0013263119573301441,0.0020552307568423014
2004-01-01,2004-02-01,lag_2,0.0066825920491968,0.0003506258303661514,0.0013263119573301441,0.0020552307568423014
2004-01-01,2004-02-01,lag_3,0.0012308567584176,-8.914543861197691e-05,0.0013263119573301441,0.0020552307568423014
2004-01-01,2004-02-01,lag_4,0.006426751702139,-0.00017102069204995684,0.0013263119573301441,0.0020552307568423014
2004-01-01,2004-02-01,lag_5,-0.0021841578199746,0.00010189460087117596,0.0013263119573301441,0.0020552307568423014
2004-01-01,2004-02-01,lag_6,0.0051251355505987,-4.1549441632323505e-06,0.0013263119573301441,0.0020552307568423014
2004-01-01,2004-02-01,lag_7,0.0012771147115513,-1.7506192864039492e-05,0.0013263119573301441,0.0020552307568423014
2004-01-01,2004-02-01,lag_8,-0.0002727794308094,-0.0002867559728431267,0.0013263119573301441,0.0020552307568423014
2004-01-01,2004-02-01,lag_9,-0.0059747153090858,-0.0001412067334646792,0.0013263119573301441,0.0020552307568423014
2004-01-01,2004-02-01,lag_10,-0.0026319713476281,0.00013100324694096408,0.0013263119573301441,0.0020552307568423014
2004-01-01,2004-02-01,lag_11,0.001187420927927,8.450093316245176e-05,0.0013263119573301441,0.0020552307568423014
2004-01-01,2004-02-01,volatility_3m,0.0033895668400914843,-2.2332924294499807e-05,0.0013263119573301441,0.0020552307568423014
2004-02-01,2004-03-01,lag_0,0.0060143061091606,0.0009802910859447668,0.0033060612530121398,0.0020507549863637725
2004-02-01,2004-03-01,lag_1,0.0015206262190341,-0.00016709751341381792,0.0033060612530121398,0.0020507549863637725
2004-02-01,2004-03-01,lag_2,0.0002959460294098,-0.00019101824355629755,0.0033060612530121398,0.0020507549863637725
2004-02-01,2004-03-01,lag_3,0.0066825920491968,0.0003046157618715979,0.0033060612530121398,0.0020507549863637725
2004-02-01,2004-03-01,lag_4,0.0012308567584176,5.0447443023725506e-05,0.0033060612530121398,0.0020507549863637725
2004-02-01,2004-03-01,lag_5,0.006426751702139,-9.690819865442726e-05,0.0033060612530121398,0.0020507549863637725
2004-02-01,2004-03-01,lag_6,-0.0021841578199746,-4.844344296644605e-07,0.0033060612530121398,0.0020507549863637725
2004-02-01,2004-03-01,lag_7,0.0051251355505987,4.619606460970619e-05,0.0033060612530121398,0.0020507549863637725
2004-02-01,2004-03-01,lag_8,0.0012771147115513,-0.00011782722241923142,0.0033060612530121398,0.0020507549863637725
2004-02-01,2004-03-01,lag_9,-0.0002727794308094,-3.637426046599519e-05,0.0033060612530121398,0.0020507549863637725
2004-02-01,2004-03-01,lag_10,-0.0059747153090858,0.0002300696755230073,0.0033060612530121398,0.0020507549863637725
2004-02-01,2004-03-01,lag_11,-0.0026319713476281,0.0002874390963860196,0.0033060612530121398,0.0020507549863637725
2004-02-01,2004-03-01,volatility_3m,0.0030108869823656367,-3.404298777102198e-05,0.0033060612530121398,0.0020507549863637725
2004-03-01,2004-04-01,lag_0,-0.0040087558487682,-0.0017362847171804377,0.0014138230087428407,0.0020529666621817043
2004-03-01,2004-04-01,lag_1,0.0060143061091606,0.0006790542455052424,0.0014138230087428407,0.0020529666621817043
2004-03-01,2004-04-01,lag_2,0.0015206262190341,-7.715958192167531e-05,0.0014138230087428407,0.0020529666621817043
2004-03-01,2004-04-01,lag_3,0.0002959460294098,-0.00015772483654606697,0.0014138230087428407,0.0020529666621817043
2004-03-01,2004-04-01,lag_4,0.0066825920491968,-0.0001698733569325727,0.0014138230087428407,0.0020529666621817043
2004-03-01,2004-04-01,lag_5,0.0012308567584176,3.304656790919333e-05,0.0014138230087428407,0.0020529666621817043
2004-03-01,2004-04-01,lag_6,0.006426751702139,1.1971678885716846e-05,0.0014138230087428407,0.0020529666621817043
2004-03-01,2004-04-01,lag_7,-0.0021841578199746,-6.501657357151764e-05,0.0014138230087428407,0.0020529666621817043
2004-03-01,2004-04-01,lag_8,0.0051251355505987,0.00028989444444445423,0.0014138230087428407,0.0020529666621817043
2004-03-01,2004-04-01,lag_9,0.0012771147115513,-1.66388548159887e-05,0.0014138230087428407,0.0020529666621817043
2004-03-01,2004-04-01,lag_10,-0.0002727794308094,6.254425373679408e-05,0.0014138230087428407,0.0020529666621817043
2004-03-01,2004-04-01,lag_11,-0.0059747153090858,0.00045539564074771307,0.0014138230087428407,0.0020529666621817043
2004-03-01,2004-04-01,volatility_3m,0.005020441481568802,5.164743630028141e-05,0.0014138230087428407,0.0020529666621817043
2004-04-01,2004-05-01,lag_0,0.0037074991758068,0.0003464723287528807,0.0012224563503957077,0.0020562425401034457
2004-04-01,2004-05-01,lag_1,-0.0040087558487682,-0.0012249546255102398,0.0012224563503957077,0.0020562425401034457
2004-04-01,2004-05-01,lag_2,0.0060143061091606,0.0003122991198031828,0.0012224563503957077,0.0020562425401034457
2004-04-01,2004-05-01,lag_3,0.0015206262190341,-6.246869741019865e-05,0.0012224563503957077,0.0020562425401034457
2004-04-01,2004-05-01,lag_4,0.0002959460294098,8.785377511937576e-05,0.0012224563503957077,0.0020562425401034457
2004-04-01,2004-05-01,lag_5,0.0066825920491968,-0.00011758481794873624,0.0012224563503957077,0.0020562425401034457
2004-04-01,2004-05-01,lag_6,0.0012308567584176,-5.066159242269498e-06,0.0012224563503957077,0.0020562425401034457
2004-04-01,2004-05-01,lag_7,0.006426751702139,5.169459341498782e-05,0.0012224563503957077,0.0020562425401034457
2004-04-01,2004-05-01,lag_8,-0.0021841578199746,-0.0004997109795426834,0.0012224563503957077,0.0020562425401034457
2004-04-01,2004-05-01,lag_9,0.0051251355505987,4.1821051894458435e-05,0.0012224563503957077,0.0020562425401034457
2004-04-01,2004-05-01,lag_10,0.0012771147115513,2.5928754180257196e-05,0.0012224563503957077,0.0020562425401034457
2004-04-01,2004-05-01,lag_11,-0.0002727794308094,0.00014789651605487685,0.0012224563503957077,0.0020562425401034457
2004-04-01,2004-05-01,volatility_3m,0.0052491859820440676,6.203295072637052e-05,0.0012224563503957077,0.0020562425401034457
2004-05-01,2004-06-01,lag_0,0.0071977507067373,0.0012781421262886615,0.003773215519269109,0.0020737959255254126
2004-05-01,2004-06-01,lag_1,0.0037074991758068,0.00024117775746108978,0.003773215519269109,0.0020737959255254126
2004-05-01,2004-06-01,lag_2,-0.0040087558487682,-0.0005795230477445778,0.003773215519269109,0.0020737959255254126
2004-05-01,2004-06-01,lag_3,0.0060143061091606,0.0002504299988255768,0.003773215519269109,0.0020737959255254126
2004-05-01,2004-06-01,lag_4,0.0015206262190341,3.626402393205057e-05,0.003773215519269109,0.0020737959255254126
2004-05-01,2004-06-01,lag_5,0.0002959460294098,5.611316149968828e-05,0.003773215519269109,0.0020737959255254126
2004-05-01,2004-06-01,lag_6,0.0066825920491968,1.1161808643185757e-05,0.003773215519269109,0.0020737959255254126
2004-05-01,2004-06-01,lag_7,0.0012308567584176,-1.965160635842734e-05,0.003773215519269109,0.0020737959255254126
2004-05-01,2004-06-01,lag_8,0.006426751702139,0.00041656310151532566,0.003773215519269109,0.0020737959255254126
2004-05-01,2004-06-01,lag_9,-0.0021841578199746,-7.511150528024345e-05,0.003773215519269109,0.0020737959255254126
2004-05-01,2004-06-01,lag_10,0.0051251355505987,-6.41469197189541e-05,0.003773215519269109,0.0020737959255254126
2004-05-01,2004-06-01,lag_11,0.0012771147115513,6.279276050576239e-05,0.003773215519269109,0.0020737959255254126
2004-05-01,2004-06-01,volatility_3m,0.0057345188192795705,8.520793417455809e-05,0.003773215519269109,0.0020737959255254126
2004-06-01,2004-07-01,lag_0,-0.0078328388061885,-0.0025568932143733274,0.0004698884506119368,0.002201137518357555
2004-06-01,2004-07-01,lag_1,0.0071977507067373,0.0007520283616662511,0.0004698884506119368,0.002201137518357555
2004-06-01,2004-07-01,lag_2,0.0037074991758068,0.00014242039977636371,0.0004698884506119368,0.002201137518357555
2004-06-01,2004-07-01,lag_3,-0.0040087558487682,-0.0005693923949105646,0.0004698884506119368,0.002201137518357555
2004-06-01,2004-07-01,lag_4,0.0060143061091606,-2.4270591245247924e-05,0.0004698884506119368,0.002201137518357555
2004-06-01,2004-07-01,lag_5,0.0015206262190341,3.0915221339930946e-05,0.0004698884506119368,0.002201137518357555
2004-06-01,2004-07-01,lag_6,0.0002959460294098,-2.044336328266806e-05,0.0004698884506119368,0.002201137518357555
2004-06-01,2004-07-01,lag_7,0.0066825920491968,9.556562781855397e-06,0.0004698884506119368,0.002201137518357555
2004-06-01,2004-07-01,lag_8,0.0012308567584176,-9.495770206636417e-05,0.0004698884506119368,0.002201137518357555
2004-06-01,2004-07-01,lag_9,0.006426751702139,0.0001805925886720228,0.0004698884506119368,0.002201137518357555
2004-06-01,2004-07-01,lag_10,-0.0021841578199746,0.00012359799065333782,0.0004698884506119368,0.002201137518357555
2004-06-01,2004-07-01,lag_11,0.0051251355505987,-0.00011611350413000778,0.0004698884506119368,0.002201137518357555
2004-06-01,2004-07-01,volatility_3m,0.007866382878997618,0.0004117105773728003,0.0004698884506119368,0.002201137518357555
2004-07-01,2004-08-01,lag_0,0.0074438796836666,0.0012240467648039057,0.0031535854446007906,0.002181803767998284
2004-07-01,2004-08-01,lag_1,-0.0078328388061885,-0.0016769860000458957,0.0031535854446007906,0.002181803767998284
2004-07-01,2004-08-01,lag_2,0.0071977507067373,0.0005456077930739323,0.0031535854446007906,0.002181803767998284
2004-07-01,2004-08-01,lag_3,0.0037074991758068,0.0001114860174125049,0.0031535854446007906,0.002181803767998284
2004-07-01,2004-08-01,lag_4,-0.0040087558487682,2.8877606797297455e-05,0.0031535854446007906,0.002181803767998284
2004-07-01,2004-08-01,lag_5,0.0060143061091606,-0.00013073310773447036,0.0031535854446007906,0.002181803767998284
2004-07-01,2004-08-01,lag_6,0.0015206262190341,-7.297088731683731e-06,0.0031535854446007906,0.002181803767998284
2004-07-01,2004-08-01,lag_7,0.0002959460294098,-1.0759580352254919e-05,0.0031535854446007906,0.002181803767998284
2004-07-01,2004-08-01,lag_8,0.0066825920491968,0.0003186810671570227,0.0031535854446007906,0.002181803767998284
2004-07-01,2004-08-01,lag_9,0.0012308567584176,-5.98301783757565e-05,0.0031535854446007906,0.002181803767998284
2004-07-01,2004-08-01,lag_10,0.006426751702139,-0.00012365084077835283,0.0031535854446007906,0.002181803767998284
2004-07-01,2004-08-01,lag_11,-0.0021841578199746,0.00019255979675875283,0.0031535854446007906,0.002181803767998284
2004-07-01,2004-08-01,volatility_3m,0.008749831697406526,0.0005597794266175055,0.0031535854446007906,0.002181803767998284
2004-08-01,2004-09-01,lag_0,0.000670966719368,-0.00040537019950121584,0.002517608058799923,0.0021745260466155226
2004-08-01,2004-09-01,lag_1,0.0074438796836666,0.0008693502687496511,0.002517608058799923,0.0021745260466155226
2004-08-01,2004-09-01,lag_2,-0.0078328388061885,-0.0011201107762981257,0.002517608058799923,0.0021745260466155226
2004-08-01,2004-09-01,lag_3,0.0071977507067373,0.00040969774808750713,0.002517608058799923,0.0021745260466155226
2004-08-01,2004-09-01,lag_4,0.0037074991758068,-1.0266967191541713e-06,0.002517608058799923,0.0021745260466155226
2004-08-01,2004-09-01,lag_5,-0.0040087558487682,0.0002436641626171447,0.002517608058799923,0.0021745260466155226
2004-08-01,2004-09-01,lag_6,0.0060143061091606,3.2990503871765994e-05,0.002517608058799923,0.0021745260466155226
2004-08-01,2004-09-01,lag_7,0.0015206262190341,-5.3609194986799184e-06,0.002517608058799923,0.0021745260466155226
2004-08-01,2004-09-01,lag_8,0.0002959460294098,-0.0001646046367033971,0.002517608058799923,0.0021745260466155226
2004-08-01,2004-09-01,lag_9,0.0066825920491968,0.00021156258078900515,0.002517608058799923,0.0021745260466155226
2004-08-01,2004-09-01,lag_10,0.0012308567584176,4.250877757502131e-05,0.002517608058799923,0.0021745260466155226
2004-08-01,2004-09-01,lag_11,0.006426751702139,-0.00016252697201686096,0.002517608058799923,0.0021745260466155226
2004-08-01,2004-09-01,volatility_3m,0.007654684690400709,0.0003923081712317386,0.002517608058799923,0.0021745260466155226
2004-09-01,2004-10-01,lag_0,0.0012701843581544,-0.00024437616179623606,0.0009699555302779697,0.0021453729366223764
2004-09-01,2004-10-01,lag_1,0.000670966719368,-0.00028667880952338486,0.0009699555302779697,0.0021453729366223764
2004-09-01,2004-10-01,lag_2,0.0074438796836666,0.0005764296838633677,0.0009699555302779697,0.0021453729366223764
2004-09-01,2004-10-01,lag_3,-0.0078328388061885,-0.0008642983811781071,0.0009699555302779697,0.0021453729366223764
2004-09-01,2004-10-01,lag_4,0.0071977507067373,-1.2761192852838237e-05,0.0009699555302779697,0.0021453729366223764
2004-09-01,2004-10-01,lag_5,0.0037074991758068,-4.681875510379883e-05,0.0009699555302779697,0.0021453729366223764
2004-09-01,2004-10-01,lag_6,-0.0040087558487682,-4.481081059374669e-05,0.0009699555302779697,0.0021453729366223764
2004-09-01,2004-10-01,lag_7,0.0060143061091606,2.342196469806871e-05,0.0009699555302779697,0.0021453729366223764
2004-09-01,2004-10-01,lag_8,0.0015206262190341,-6.634905623972181e-05,0.0009699555302779697,0.0021453729366223764
2004-09-01,2004-10-01,lag_9,0.0002959460294098,-0.00011058112927319094,0.0009699555302779697,0.0021453729366223764
2004-09-01,2004-10-01,lag_10,0.0066825920491968,-0.0001416693238922631,0.0009699555302779697,0.0021453729366223764
2004-09-01,2004-10-01,lag_11,0.0012308567584176,5.218829431271327e-05,0.0009699555302779697,0.0021453729366223764
2004-09-01,2004-10-01,volatility_3m,0.0037493538503953804,-9.113728765268708e-06,0.0009699555302779697,0.0021453729366223764
2004-10-01,2004-11-01,lag_0,0.0084953127372333,0.001473765521474133,0.003576545176686009,0.0021234813999943675
2004-10-01,2004-11-01,lag_1,0.0012701843581544,-0.00017092974570506156,0.003576545176686009,0.0021234813999943675
2004-10-01,2004-11-01,lag_2,0.000670966719368,-0.0002020036354445771,0.003576545176686009,0.0021234813999943675
2004-10-01,2004-11-01,lag_3,0.0074438796836666,0.0004012392519314827,0.003576545176686009,0.0021234813999943675
2004-10-01,2004-11-01,lag_4,-0.0078328388061885,2.1012561495244883e-05,0.003576545176686009,0.0021234813999943675
2004-10-01,2004-11-01,lag_5,0.0071977507067373,-0.00016960819046627206,0.003576545176686009,0.0021234813999943675
2004-10-01,2004-11-01,lag_6,0.0037074991758068,3.96296376512068e-06,0.003576545176686009,0.0021234813999943675
2004-10-01,2004-11-01,lag_7,-0.0040087558487682,-6.046198210260425e-05,0.003576545176686009,0.0021234813999943675
2004-10-01,2004-11-01,lag_8,0.0060143061091606,0.00026249167213572236,0.003576545176686009,0.0021234813999943675
2004-10-01,2004-11-01,lag_9,0.0015206262190341,-4.402177706723008e-05,0.003576545176686009,0.0021234813999943675
2004-10-01,2004-11-01,lag_10,0.0002959460294098,7.254059699934172e-05,0.003576545176686009,0.0021234813999943675
2004-10-01,2004-11-01,lag_11,0.0066825920491968,-0.00018595371159394345,0.003576545176686009,0.0021234813999943675
2004-10-01,2004-11-01,volatility_3m,0.004354727937925411,5.103025127028525e-05,0.003576545176686009,0.0021234813999943675
2004-11-01,2004-12-01,lag_0,0.0024803554509942,5.304989767444925e-05,0.0032195446232522423,0.002108452483957864
2004-11-01,2004-12-01,lag_1,0.0084953127372333,0.0010397465897759959,0.0032195446232522423,0.002108452483957864
2004-11-01,2004-12-01,lag_2,0.0012701843581544,-0.0001230825170576248,0.0032195446232522423,0.002108452483957864
2004-11-01,2004-12-01,lag_3,0.000670966719368,-0.00013365355957122818,0.0032195446232522423,0.002108452483957864
2004-11-01,2004-12-01,lag_4,0.0074438796836666,1.2440026893570523e-06,0.0032195446232522423,0.002108452483957864
2004-11-01,2004-12-01,lag_5,-0.0078328388061885,0.0003903580980417741,0.0032195446232522423,0.002108452483957864
2004-11-01,2004-12-01,lag_6,0.0071977507067373,1.3691617225996574e-05,0.0032195446232522423,0.002108452483957864
2004-11-01,2004-12-01,lag_7,0.0037074991758068,1.4197330631333343e-05,0.0032195446232522423,0.002108452483957864
2004-11-01,2004-12-01,lag_8,-0.0040087558487682,-0.00046138507869613265,0.0032195446232522423,0.002108452483957864
2004-11-01,2004-12-01,lag_9,0.0060143061091606,0.00018328738670692348,0.0032195446232522423,0.002108452483957864
2004-11-01,2004-12-01,lag_10,0.0015206262190341,2.912692841885582e-05,0.0032195446232522423,0.002108452483957864
2004-11-01,2004-12-01,lag_11,0.0002959460294098,0.0001028196165214212,0.0032195446232522423,0.002108452483957864
2004-11-01,2004-12-01,volatility_3m,0.00386968356422497,1.6918269332572128e-06,0.0032195446232522423,0.002108452483957864
2004-12-01,2005-01-01,lag_0,0.0079362410009355,0.0013052008209381509,0.0035406032984721635,0.0021404594126186597
2004-12-01,2005-01-01,lag_1,0.0024803554509942,3.883540546972829e-05,0.0035406032984721635,0.0021404594126186597
2004-12-01,2005-01-01,lag_2,0.0084953127372333,0.0007495421575750898,0.0035406032984721635,0.0021404594126186597
2004-12-01,2005-01-01,lag_3,0.0012701843581544,-7.950574873866474e-05,0.0035406032984721635,0.0021404594126186597
2004-12-01,2005-01-01,lag_4,0.000670966719368,-4.7745227877809825e-06,0.0035406032984721635,0.0021404594126186597
2004-12-01,2005-01-01,lag_5,0.0074438796836666,-0.00022311382032634823,0.0035406032984721635,0.0021404594126186597
2004-12-01,2005-01-01,lag_6,-0.0078328388061885,-5.988914349067663e-05,0.0035406032984721635,0.0021404594126186597
2004-12-01,2005-01-01,lag_7,0.0071977507067373,6.122760428686343e-05,0.0035406032984721635,0.0021404594126186597
2004-12-01,2005-01-01,lag_8,0.0037074991758068,8.799403938055064e-05,0.0035406032984721635,0.0021404594126186597
2004-12-01,2005-01-01,lag_9,-0.0040087558487682,-0.000342694824551437,0.0035406032984721635,0.0021404594126186597
2004-12-01,2005-01-01,lag_10,0.0060143061091606,-0.00012540413263755808,0.0035406032984721635,0.0021404594126186597
2004-12-01,2005-01-01,lag_11,0.0015206262190341,4.247188864198835e-05,0.0035406032984721635,0.0021404594126186597
2004-12-01,2005-01-01,volatility_3m,0.003323125022617169,-4.974583790640149e-05,0.0035406032984721635,0.0021404594126186597
2005-01-01,2005-02-01,lag_0,0.0035900791158702,0.00029620464892895067,0.004225678078624833,0.002139821681165233
2005-01-01,2005-02-01,lag_1,0.0079362410009355,0.0009617433952367727,0.004225678078624833,0.002139821681165233
2005-01-01,2005-02-01,lag_2,0.0024803554509942,2.7459827111636474e-05,0.004225678078624833,0.002139821681165233
2005-01-01,2005-02-01,lag_3,0.0084953127372333,0.00048012857101529215,0.004225678078624833,0.002139821681165233
2005-01-01,2005-02-01,lag_4,0.0012701843581544,-2.7950110540093724e-06,0.004225678078624833,0.002139821681165233
2005-01-01,2005-02-01,lag_5,0.000670966719368,7.489348485931953e-05,0.004225678078624833,0.002139821681165233
2005-01-01,2005-02-01,lag_6,0.0074438796836666,2.8853912298970448e-05,0.004225678078624833,0.002139821681165233
2005-01-01,2005-02-01,lag_7,-0.0078328388061885,-0.00013368970118367827,0.004225678078624833,0.002139821681165233
2005-01-01,2005-02-01,lag_8,0.0071977507067373,0.00032244147035220377,0.004225678078624833,0.002139821681165233
2005-01-01,2005-02-01,lag_9,0.0037074991758068,6.936758625451697e-05,0.004225678078624833,0.002139821681165233
2005-01-01,2005-02-01,lag_10,-0.0040087558487682,0.00022481259116649023,0.004225678078624833,0.002139821681165233
2005-01-01,2005-02-01,lag_11,0.0060143061091606,-0.0001724573982096559,0.004225678078624833,0.002139821681165233
2005-01-01,2005-02-01,volatility_3m,0.002883496051602362,-9.110697931720954e-05,0.004225678078624833,0.002139821681165233
2005-02-01,2005-03-01,lag_0,0.007232846062771,0.0011372846977916607,0.003950787925062753,0.002158598424456564
2005-02-01,2005-03-01,lag_1,0.0035900791158702,0.0002218620149487735,0.003950787925062753,0.002158598424456564
2005-02-01,2005-03-01,lag_2,0.0079362410009355,0.0006745439616362453,0.003950787925062753,0.002158598424456564
2005-02-01,2005-03-01,lag_3,0.0024803554509942,1.8078044105985654e-05,0.003950787925062753,0.002158598424456564
2005-02-01,2005-03-01,lag_4,0.0084953127372333,1.788209177550146e-05,0.003950787925062753,0.002158598424456564
2005-02-01,2005-03-01,lag_5,0.0012701843581544,4.683841588339205e-05,0.003950787925062753,0.002158598424456564
2005-02-01,2005-03-01,lag_6,0.000670966719368,-1.3256834037524928e-05,0.003950787925062753,0.002158598424456564
2005-02-01,2005-03-01,lag_7,0.0074438796836666,4.60896338711794e-05,0.003950787925062753,0.002158598424456564
2005-02-01,2005-03-01,lag_8,-0.0078328388061885,-0.0007239263982179489,0.003950787925062753,0.002158598424456564
2005-02-01,2005-03-01,lag_9,0.0071977507067373,0.0002589536925360372,0.003950787925062753,0.002158598424456564
2005-02-01,2005-03-01,lag_10,0.0037074991758068,-4.8626034771379994e-05,0.003950787925062753,0.002158598424456564
2005-02-01,2005-03-01,lag_11,-0.0040087558487682,0.00029699989401679147,0.003950787925062753,0.002158598424456564
2005-02-01,2005-03-01,volatility_3m,0.002332867998825436,-0.00014053367893252468,0.003950787925062753,0.002158598424456564
2005-03-01,2005-04-01,lag_0,-0.0013521797796176,-0.0008450026929834471,0.00214744433328351,0.0021372919612575314
2005-03-01,2005-04-01,lag_1,0.007232846062771,0.0008595993618955242,0.00214744433328351,0.0021372919612575314
2005-03-01,2005-04-01,lag_2,0.0035900791158702,0.00014853783680641763,0.00214744433328351,0.0021372919612575314
2005-03-01,2005-04-01,lag_3,0.0079362410009355,0.0004556436931687517,0.00214744433328351,0.0021372919612575314
2005-03-01,2005-04-01,lag_4,0.0024803554509942,2.9012057219536075e-07,0.00214744433328351,0.0021372919612575314
2005-03-01,2005-04-01,lag_5,0.0084953127372333,-0.0002740892579783243,0.00214744433328351,0.0021372919612575314
2005-03-01,2005-04-01,lag_6,0.0012701843581544,-8.639715823561695e-06,0.00214744433328351,0.0021372919612575314
2005-03-01,2005-04-01,lag_7,0.000670966719368,-8.296237835226924e-06,0.00214744433328351,0.0021372919612575314
2005-03-01,2005-04-01,lag_8,0.0074438796836666,0.0003927410861788718,0.00214744433328351,0.0021372919612575314
2005-03-01,2005-04-01,lag_9,-0.0078328388061885,-0.0005301606784142609,0.00214744433328351,0.0021372919612575314
2005-03-01,2005-04-01,lag_10,0.0071977507067373,-0.00017315534265042141,0.00214744433328351,0.0021372919612575314
2005-03-01,2005-04-01,lag_11,0.0037074991758068,-5.476565807512972e-05,0.00214744433328351,0.0021372919612575314
2005-03-01,2005-04-01,volatility_3m,0.004308873455516754,4.74498571645897e-05,0.00214744433328351,0.0021372919612575314
2005-04-01,2005-05-01,lag_0,0.0021501954438223,-2.0792586354104983e-05,0.0025286228986905767,0.002114005918692365
2005-04-01,2005-05-01,lag_1,-0.0013521797796176,-0.0006406687705718128,0.0025286228986905767,0.002114005918692365
2005-04-01,2005-05-01,lag_2,0.007232846062771,0.0005737053103607175,0.0025286228986905767,0.002114005918692365
2005-04-01,2005-05-01,lag_3,0.0035900791158702,0.00010368964805721076,0.0025286228986905767,0.002114005918692365
2005-04-01,2005-05-01,lag_4,0.0079362410009355,6.8882499661375875e-06,0.0025286228986905767,0.002114005918692365
2005-04-01,2005-05-01,lag_5,0.0024803554509942,-1.0003139128826111e-05,0.0025286228986905767,0.002114005918692365
2005-04-01,2005-05-01,lag_6,0.0084953127372333,5.238205371594887e-05,0.0025286228986905767,0.002114005918692365
2005-04-01,2005-05-01,lag_7,0.0012701843581544,-5.0117391339396935e-06,0.0025286228986905767,0.002114005918692365
2005-04-01,2005-05-01,lag_8,0.000670966719368,-0.00013168081518482525,0.0025286228986905767,0.002114005918692365
2005-04-01,2005-05-01,lag_9,0.0074438796836666,0.00026419271072665955,0.0025286228986905767,0.002114005918692365
2005-04-01,2005-05-01,lag_10,-0.0078328388061885,0.00037522931071659404,0.0025286228986905767,0.002114005918692365
2005-04-01,2005-05-01,lag_11,0.0071977507067373,-0.0002019307767804164,0.0025286228986905767,0.002114005918692365
2005-04-01,2005-05-01,volatility_3m,0.004316685422762573,4.86175236088683e-05,0.0025286228986905767,0.002114005918692365
2005-05-01,2005-06-01,lag_0,0.0008997205268519,-0.0002983849784649178,0.0014569602933934868,0.0020680030499953153
2005-05-01,2005-06-01,lag_1,0.0021501954438223,-1.5943868973052236e-05,0.0014569602933934868,0.0020680030499953153
2005-05-01,2005-06-01,lag_2,-0.0013521797796176,-0.0004135382305021282,0.0014569602933934868,0.0020680030499953153
2005-05-01,2005-06-01,lag_3,0.007232846062771,0.00039840920328929936,0.0014569602933934868,0.0020680030499953153
2005-05-01,2005-06-01,lag_4,0.0035900791158702,-1.2352766710316498e-06,0.0014569602933934868,0.0020680030499953153
2005-05-01,2005-06-01,lag_5,0.0079362410009355,-0.00024172587041493434,0.0014569602933934868,0.0020680030499953153
2005-05-01,2005-06-01,lag_6,0.0024803554509942,1.473700355093109e-06,0.0014569602933934868,0.0020680030499953153
2005-05-01,2005-06-01,lag_7,0.0084953127372333,2.5382324286819923e-05,0.0014569602933934868,0.0020680030499953153
2005-05-01,2005-06-01,lag_8,0.0012701843581544,-8.175419276749805e-05,0.0014569602933934868,0.0020680030499953153
2005-05-01,2005-06-01,lag_9,0.000670966719368,-8.457262865037537e-05,0.0014569602933934868,0.0020680030499953153
2005-05-01,2005-06-01,lag_10,0.0074438796836666,-0.00015736704655158802,0.0014569602933934868,0.0020680030499953153
2005-05-01,2005-06-01,lag_11,-0.0078328388061885,0.000456673513410343,0.0014569602933934868,0.0020680030499953153
2005-05-01,2005-06-01,volatility_3m,0.0017748884807228145,-0.0001984594049478581,0.0014569602933934868,0.0020680030499953153
2005-06-01,2005-07-01,lag_0,0.0044875291574637,0.0005570795531690807,0.0022218281991342507,0.002078308007705654
2005-06-01,2005-07-01,lag_1,0.0008997205268519,-0.0002505095504355569,0.0022218281991342507,0.002078308007705654
2005-06-01,2005-07-01,lag_2,0.0021501954438223,-1.0926419407039399e-05,0.0022218281991342507,0.002078308007705654
2005-06-01,2005-07-01,lag_3,-0.0013521797796176,-0.00016166555241716411,0.0022218281991342507,0.002078308007705654
2005-06-01,2005-07-01,lag_4,0.007232846062771,-0.0002315074347885302,0.0022218281991342507,0.002078308007705654
2005-06-01,2005-07-01,lag_5,0.0035900791158702,-3.536417937253443e-05,0.0022218281991342507,0.002078308007705654
2005-06-01,2005-07-01,lag_6,0.0079362410009355,-3.955277778769801e-05,0.0022218281991342507,0.002078308007705654
2005-06-01,2005-07-01,lag_7,0.0024803554509942,7.811525693579595e-06,0.0022218281991342507,0.002078308007705654
2005-06-01,2005-07-01,lag_8,0.0084953127372333,0.0006460907759911511,0.0022218281991342507,0.002078308007705654
2005-06-01,2005-07-01,lag_9,0.0012701843581544,-2.2718467169334598e-05,0.0022218281991342507,0.002078308007705654
2005-06-01,2005-07-01,lag_10,0.000670966719368,8.27780301595463e-05,0.0022218281991342507,0.002078308007705654
2005-06-01,2005-07-01,lag_11,0.0074438796836666,-0.0003248604901045335,0.0022218281991342507,0.002078308007705654
2005-06-01,2005-07-01,volatility_3m,0.001821134590339648,-7.31348221023699e-05,0.0022218281991342507,0.002078308007705654
2005-07-01,2005-08-01,lag_0,-0.0031714662882169,-0.0012766349742051048,0.0015957260754931168,0.0020271158535435183
2005-07-01,2005-08-01,lag_1,0.0044875291574637,0.00044442776099928145,0.0015957260754931168,0.0020271158535435183
2005-07-01,2005-08-01,lag_2,0.0008997205268519,-0.00015669907360395095,0.0015957260754931168,0.0020271158535435183
2005-07-01,2005-08-01,lag_3,0.0021501954438223,-4.184959725256013e-06,0.0015957260754931168,0.0020271158535435183
2005-07-01,2005-08-01,lag_4,-0.0013521797796176,0.00017821103667019786,0.0015957260754931168,0.0020271158535435183
2005-07-01,2005-08-01,lag_5,0.007232846062771,-0.00013409122348078583,0.0015957260754931168,0.0020271158535435183
2005-07-01,2005-08-01,lag_6,0.0035900791158702,-1.1323660022998166e-05,0.0015957260754931168,0.0020271158535435183
2005-07-01,2005-08-01,lag_7,0.0079362410009355,0.00019712520533365734,0.0015957260754931168,0.0020271158535435183
2005-07-01,2005-08-01,lag_8,0.0024803554509942,2.3200719538930735e-05,0.0015957260754931168,0.0020271158535435183
2005-07-01,2005-08-01,lag_9,0.0084953127372333,0.00014519382642935751,0.0015957260754931168,0.0020271158535435183
2005-07-01,2005-08-01,lag_10,0.0012701843581544,4.8011389109896056e-05,0.0015957260754931168,0.0020271158535435183
2005-07-01,2005-08-01,lag_11,0.000670966719368,0.00011298114823833386,0.0015957260754931168,0.0020271158535435183
2005-07-01,2005-08-01,volatility_3m,0.003832039145808202,2.393026668039275e-06,0.0015957260754931168,0.0020271158535435183
2005-08-01,2005-09-01,lag_0,0.0032537883465622,0.0002960112714458374,0.0019669603945430773,0.0020068955892739524
2005-08-01,2005-09-01,lag_1,-0.0031714662882169,-0.001027079718157053,0.0019669603945430773,0.0020068955892739524
2005-08-01,2005-09-01,lag_2,0.0044875291574637,0.00027667355094079246,0.0019669603945430773,0.0020068955892739524
2005-08-01,2005-09-01,lag_3,0.0008997205268519,-5.970382346155701e-05,0.0019669603945430773,0.0020068955892739524
2005-08-01,2005-09-01,lag_4,0.0021501954438223,4.437620489354658e-06,0.0019669603945430773,0.0020068955892739524
2005-08-01,2005-09-01,lag_5,-0.0013521797796176,9.834024919207606e-05,0.0019669603945430773,0.0020068955892739524
2005-08-01,2005-09-01,lag_6,0.007232846062771,-4.386732058829e-05,0.0019669603945430773,0.0020068955892739524
2005-08-01,2005-09-01,lag_7,0.0035900791158702,4.5408910599412087e-05,0.0019669603945430773,0.0020068955892739524
2005-08-01,2005-09-01,lag_8,0.0079362410009355,0.0005736747269319713,0.0019669603945430773,0.0020068955892739524
2005-08-01,2005-09-01,lag_9,0.0024803554509942,5.480275593049173e-06,0.0019669603945430773,0.0020068955892739524
2005-08-01,2005-09-01,lag_10,0.0084953127372333,-0.00029186060951585816,0.0019669603945430773,0.0020068955892739524
2005-08-01,2005-09-01,lag_11,0.0012701843581544,6.807307142592821e-05,0.0019669603945430773,0.0020068955892739524
2005-08-01,2005-09-01,volatility_3m,0.0041123031816568505,1.4476600373461566e-05,0.0019669603945430773,0.0020068955892739524
2005-09-01,2005-10-01,lag_0,-0.0195638287695461,-0.005185802346793578,-0.003001902026427251,0.001969439261891481
2005-09-01,2005-10-01,lag_1,0.0032537883465622,0.00024388488198418088,-0.003001902026427251,0.001969439261891481
2005-09-01,2005-10-01,lag_2,-0.0031714662882169,-0.0006274266199640772,-0.003001902026427251,0.001969439261891481
2005-09-01,2005-10-01,lag_3,0.0044875291574637,0.00010721719463812308,-0.003001902026427251,0.001969439261891481
2005-09-01,2005-10-01,lag_4,0.0008997205268519,6.315106028792368e-05,-0.003001902026427251,0.001969439261891481
2005-09-01,2005-10-01,lag_5,0.0021501954438223,2.1426795599815e-06,-0.003001902026427251,0.001969439261891481
2005-09-01,2005-10-01,lag_6,-0.0013521797796176,4.313975168701838e-05,-0.003001902026427251,0.001969439261891481
2005-09-01,2005-10-01,lag_7,0.007232846062771,0.0001777542746527963,-0.003001902026427251,0.001969439261891481
2005-09-01,2005-10-01,lag_8,0.0035900791158702,0.00012638113751506702,-0.003001902026427251,0.001969439261891481
2005-09-01,2005-10-01,lag_9,0.0079362410009355,0.0001427199578200397,-0.003001902026427251,0.001969439261891481
2005-09-01,2005-10-01,lag_10,0.0024803554509942,-1.1598003647634019e-05,-0.003001902026427251,0.001969439261891481
2005-09-01,2005-10-01,lag_11,0.0084953127372333,-0.0003949316828630616,-0.003001902026427251,0.001969439261891481
2005-09-01,2005-10-01,volatility_3m,0.011766032294266674,0.0003420264268044887,-0.003001902026427251,0.001969439261891481
2005-10-01,2005-11-01,lag_0,0.0120643294072104,0.0023079877523249606,0.0005303450289277363,0.0019206599353720323
2005-10-01,2005-11-01,lag_1,-0.0195638287695461,-0.004386112201320338,0.0005303450289277363,0.0019206599353720323
2005-10-01,2005-11-01,lag_2,0.0032537883465622,0.00014557594491286004,0.0005303450289277363,0.0019206599353720323
2005-10-01,2005-11-01,lag_3,-0.0031714662882169,-0.0002693299876138528,0.0005303450289277363,0.0019206599353720323
2005-10-01,2005-11-01,lag_4,0.0044875291574637,-0.00010861374445541872,0.0005303450289277363,0.0019206599353720323
2005-10-01,2005-11-01,lag_5,0.0008997205268519,3.119472428921585e-05,0.0005303450289277363,0.0019206599353720323
2005-10-01,2005-11-01,lag_6,0.0021501954438223,1.2508637969936646e-06,0.0005303450289277363,0.0019206599353720323
2005-10-01,2005-11-01,lag_7,-0.0013521797796176,-0.00013985280920641633,0.0005303450289277363,0.0019206599353720323
2005-10-01,2005-11-01,lag_8,0.007232846062771,0.0004897387222058529,0.0005303450289277363,0.0019206599353720323
2005-10-01,2005-11-01,lag_9,0.0035900791158702,3.81947734140594e-05,0.0005303450289277363,0.0019206599353720323
2005-10-01,2005-11-01,lag_10,0.0079362410009355,-0.00029843005401990457,0.0005303450289277363,0.0019206599353720323
2005-10-01,2005-11-01,lag_11,0.0024803554509942,-1.3871601908687809e-05,0.0005303450289277363,0.0019206599353720323
2005-10-01,2005-11-01,volatility_3m,0.01632283510041794,0.0008119527111363794,0.0005303450289277363,0.0019206599353720323
2005-11-01,2005-12-01,lag_0,0.0111775166214949,0.0021594118965070166,0.0042684191486070605,0.0019072839956752081
2005-11-01,2005-12-01,lag_1,0.0120643294072104,0.001921366745859642,0.0042684191486070605,0.0019072839956752081
2005-11-01,2005-12-01,lag_2,-0.0195638287695461,-0.0026318955026601275,0.0042684191486070605,0.0019072839956752081
2005-11-01,2005-12-01,lag_3,0.0032537883465622,6.161766162319121e-05,0.0042684191486070605,0.0019072839956752081
2005-11-01,2005-12-01,lag_4,-0.0031714662882169,0.00022807609608262074,0.0042684191486070605,0.0019072839956752081
2005-11-01,2005-12-01,lag_5,0.0044875291574637,-5.310670993324495e-05,0.0042684191486070605,0.0019072839956752081
2005-11-01,2005-12-01,lag_6,0.0008997205268519,1.73942551127388e-05,0.0042684191486070605,0.0019072839956752081
2005-11-01,2005-12-01,lag_7,0.0021501954438223,-3.097835418316392e-06,0.0042684191486070605,0.0019072839956752081
2005-11-01,2005-12-01,lag_8,-0.0013521797796176,-0.00037584314924572933,0.0042684191486070605,0.0019072839956752081
2005-11-01,2005-12-01,lag_9,0.007232846062771,0.00014639843954718451,0.0042684191486070605,0.0019072839956752081
2005-11-01,2005-12-01,lag_10,0.0035900791158702,-6.105443417635309e-05,0.0042684191486070605,0.0019072839956752081
2005-11-01,2005-12-01,lag_11,0.0079362410009355,-0.0003444015774796441,0.0042684191486070605,0.0019072839956752081
2005-11-01,2005-12-01,volatility_3m,0.017960942401264772,0.0012962692671128738,0.0042684191486070605,0.0019072839956752081
2005-12-01,2006-01-01,lag_0,0.0051516935642315,0.0007579811921354371,0.0040919895215953215,0.001910040447772024
2005-12-01,2006-01-01,lag_1,0.0111775166214949,0.001749317607688107,0.0040919895215953215,0.001910040447772024
2005-12-01,2006-01-01,lag_2,0.0120643294072104,0.001233569395935097,0.0040919895215953215,0.001910040447772024
2005-12-01,2006-01-01,lag_3,-0.0195638287695461,-0.0010850978989388874,0.0040919895215953215,0.001910040447772024
2005-12-01,2006-01-01,lag_4,0.0032537883465622,-5.338280493048347e-05,0.0040919895215953215,0.001910040447772024
2005-12-01,2006-01-01,lag_5,-0.0031714662882169,0.00012079323449175077,0.0040919895215953215,0.001910040447772024
2005-12-01,2006-01-01,lag_6,0.0044875291574637,-3.0594560698719075e-05,0.0040919895215953215,0.001910040447772024
2005-12-01,2006-01-01,lag_7,0.0008997205268519,-4.414178170611524e-05,0.0040919895215953215,0.001910040447772024
2005-12-01,2006-01-01,lag_8,0.0021501954438223,-9.204666511559886e-06,0.0040919895215953215,0.001910040447772024
2005-12-01,2006-01-01,lag_9,-0.0013521797796176,-0.00010974727968931886,0.0040919895215953215,0.001910040447772024
2005-12-01,2006-01-01,lag_10,0.007232846062771,-0.00023534608244776023,0.0040919895215953215,0.001910040447772024
2005-12-01,2006-01-01,lag_11,0.0035900791158702,-7.752177882616165e-05,0.0040919895215953215,0.001910040447772024
2005-12-01,2006-01-01,volatility_3m,0.0037612390407947643,-3.467550267808925e-05,0.0040919895215953215,0.001910040447772024
2006-01-01,2006-02-01,lag_0,0.0015766002009156,-6.278256380394409e-05,0.004975463384325906,0.0018861917972749745
2006-01-01,2006-02-01,lag_1,0.0051516935642315,0.0006071321821494152,0.004975463384325906,0.0018861917972749745
2006-01-01,2006-02-01,lag_2,0.0111775166214949,0.001101415840292709,0.004975463384325906,0.0018861917972749745
2006-01-01,2006-02-01,lag_3,0.0120643294072104,0.0005592817739588388,0.004975463384325906,0.0018861917972749745
2006-01-01,2006-02-01,lag_4,-0.0195638287695461,0.0009476591792856595,0.004975463384325906,0.0018861917972749745
2006-01-01,2006-02-01,lag_5,0.0032537883465622,-2.7306251108260805e-05,0.004975463384325906,0.0018861917972749745
2006-01-01,2006-02-01,lag_6,-0.0031714662882169,7.523093901975077e-05,0.004975463384325906,0.0018861917972749745
2006-01-01,2006-02-01,lag_7,0.0044875291574637,7.772022879779266e-05,0.004975463384325906,0.0018861917972749745
2006-01-01,2006-02-01,lag_8,0.0008997205268519,-0.00013171283880499698,0.004975463384325906,0.0018861917972749745
2006-01-01,2006-02-01,lag_9,0.0021501954438223,-2.7789076081055567e-06,0.004975463384325906,0.0018861917972749745
2006-01-01,2006-02-01,lag_10,-0.0013521797796176,0.00017836491015640443,0.004975463384325906,0.0018861917972749745
2006-01-01,2006-02-01,lag_11,0.007232846062771,-0.0002984343232000835,0.004975463384325906,0.0018861917972749745
2006-01-01,2006-02-01,volatility_3m,0.004852309281651742,6.548141791575206e-05,0.004975463384325906,0.0018861917972749745
2006-02-01,2006-03-01,lag_0,0.0004215001803382,-0.0003149217612723611,0.002560316888087189,0.0018673271355773824
2006-02-01,2006-03-01,lag_1,0.0015766002009156,-5.008096027363027e-05,0.002560316888087189,0.0018673271355773824
2006-02-01,2006-03-01,lag_2,0.0051516935642315,0.0003753570527161386,0.002560316888087189,0.0018673271355773824
2006-02-01,2006-03-01,lag_3,0.0111775166214949,0.00047393614159509486,0.002560316888087189,0.0018673271355773824
2006-02-01,2006-03-01,lag_4,0.0120643294072104,-0.00037664226235370745,0.002560316888087189,0.0018673271355773824
2006-02-01,2006-03-01,lag_5,-0.0195638287695461,0.0005078883021081806,0.002560316888087189,0.0018673271355773824
2006-02-01,2006-03-01,lag_6,0.0032537883465622,-1.5655559100538045e-05,0.002560316888087189,0.0018673271355773824
2006-02-01,2006-03-01,lag_7,-0.0031714662882169,-0.00017061731946863739,0.002560316888087189,0.0018673271355773824
2006-02-01,2006-03-01,lag_8,0.0044875291574637,0.00023253796001789547,0.002560316888087189,0.0018673271355773824
2006-02-01,2006-03-01,lag_9,0.0008997205268519,-3.984029084642258e-05,0.002560316888087189,0.0018673271355773824
2006-02-01,2006-03-01,lag_10,0.0021501954438223,4.228671937151367e-06,0.002560316888087189,0.0018673271355773824
2006-02-01,2006-03-01,lag_11,-0.0013521797796176,0.0002270720851405159,0.002560316888087189,0.0018673271355773824
2006-02-01,2006-03-01,volatility_3m,0.002466112935471233,-0.00016027230768987346,0.002560316888087189,0.0018673271355773824
2006-03-01,2006-04-01,lag_0,0.002252114659746,0.00013195033540884467,0.0008780122645590061,0.0018303478314887027
2006-03-01,2006-04-01,lag_1,0.0004215001803382,-0.00025054369082512724,0.0008780122645590061,0.0018303478314887027
2006-03-01,2006-04-01,lag_2,0.0015766002009156,-3.1072511069705764e-05,0.0008780122645590061,0.0018303478314887027
2006-03-01,2006-04-01,lag_3,0.0051516935642315,0.00016522956572910175,0.0008780122645590061,0.0018303478314887027
2006-03-01,2006-04-01,lag_4,0.0111775166214949,-0.00034351082436886234,0.0008780122645590061,0.0018303478314887027
2006-03-01,2006-04-01,lag_5,0.0120643294072104,-0.00023621297535292196,0.0008780122645590061,0.0018303478314887027
2006-03-01,2006-04-01,lag_6,-0.0195638287695461,0.0002764100158758535,0.0008780122645590061,0.0018303478314887027
2006-03-01,2006-04-01,lag_7,0.0032537883465622,3.9739725911219834e-05,0.0008780122645590061,0.0018303478314887027
2006-03-01,2006-04-01,lag_8,-0.0031714662882169,-0.0005351313933032185,0.0008780122645590061,0.0018303478314887027
2006-03-01,2006-04-01,lag_9,0.0044875291574637,7.042674254361735e-05,0.0008780122645590061,0.0018303478314887027
2006-03-01,2006-04-01,lag_10,0.0008997205268519,6.0429139440904644e-05,0.0008780122645590061,0.0018303478314887027
2006-03-01,2006-04-01,lag_11,0.0021501954438223,5.569423848970543e-06,0.0008780122645590061,0.0018303478314887027
2006-03-01,2006-04-01,volatility_3m,0.0009257182089099188,-0.0003056191207683732,0.0008780122645590061,0.0018303478314887027
2006-04-01,2006-05-01,lag_0,0.0030320784432706,0.0003275137785854811,0.000529172166716907,0.0017890373530514117
2006-04-01,2006-05-01,lag_1,0.002252114659746,0.00010465393548825374,0.000529172166716907,0.0017890373530514117
2006-04-01,2006-05-01,lag_2,0.0004215001803382,-0.00015514477369709664,0.000529172166716907,0.0017890373530514117
2006-04-01,2006-05-01,lag_3,0.0015766002009156,-1.3767161669566112e-05,0.000529172166716907,0.0017890373530514117
2006-04-01,2006-05-01,lag_4,0.0051516935642315,-0.00011595678660188748,0.000529172166716907,0.0017890373530514117
2006-04-01,2006-05-01,lag_5,0.0111775166214949,-0.00019824283032940777,0.000529172166716907,0.0017890373530514117
2006-04-01,2006-05-01,lag_6,0.0120643294072104,-0.00016840409349182876,0.000529172166716907,0.0017890373530514117
2006-04-01,2006-05-01,lag_7,-0.0195638287695461,-0.000708973200802071,0.000529172166716907,0.0017890373530514117
2006-04-01,2006-05-01,lag_8,0.0032537883465622,0.00012349939964277396,0.000529172166716907,0.0017890373530514117
2006-04-01,2006-05-01,lag_9,-0.0031714662882169,-0.00016595720910119767,0.000529172166716907,0.0017890373530514117
2006-04-01,2006-05-01,lag_10,0.0044875291574637,-0.00010694622240526749,0.000529172166716907,0.0017890373530514117
2006-04-01,2006-05-01,lag_11,0.0008997205268519,7.956124896653034e-05,0.000529172166716907,0.0017890373530514117
2006-04-01,2006-05-01,volatility_3m,0.0013400629178464375,-0.00026170127091922063,0.000529172166716907,0.0017890373530514117
2006-05-01,2006-06-01,lag_0,0.0002541145564114,-0.0003190057530072576,-0.0004578914865394743,0.001754657480572883
2006-05-01,2006-06-01,lag_1,0.0030320784432706,0.00025956405871561977,-0.0004578914865394743,0.001754657480572883
2006-05-01,2006-06-01,lag_2,0.002252114659746,6.501027741095303e-05,-0.0004578914865394743,0.001754657480572883
2006-05-01,2006-06-01,lag_3,0.0004215001803382,-6.894620835488765e-05,-0.0004578914865394743,0.001754657480572883
2006-05-01,2006-06-01,lag_4,0.0015766002009156,9.603032567070313e-06,-0.0004578914865394743,0.001754657480572883
2006-05-01,2006-06-01,lag_5,0.0051516935642315,-6.999648704112608e-05,-0.0004578914865394743,0.001754657480572883
2006-05-01,2006-06-01,lag_6,0.0111775166214949,-0.00015470790633047467,-0.0004578914865394743,0.001754657480572883
2006-05-01,2006-06-01,lag_7,0.0120643294072104,0.000341042052562409,-0.0004578914865394743,0.001754657480572883
2006-05-01,2006-06-01,lag_8,-0.0195638287695461,-0.0021673353891134405,-0.0004578914865394743,0.001754657480572883
2006-05-01,2006-06-01,lag_9,0.0032537883465622,3.87764019634409e-05,-0.0004578914865394743,0.001754657480572883
2006-05-01,2006-06-01,lag_10,-0.0031714662882169,0.00024700674219456397,-0.0004578914865394743,0.001754657480572883
2006-05-01,2006-06-01,lag_11,0.0044875291574637,-0.00014059970636343214,-0.0004578914865394743,0.001754657480572883
2006-05-01,2006-06-01,volatility_3m,0.0014327962912447903,-0.00025296008231579545,-0.0004578914865394743,0.001754657480572883
2006-06-01,2006-07-01,lag_0,0.0031614092164247,0.00032400524448114224,0.0010968518189870696,0.0018504674708499655
2006-06-01,2006-07-01,lag_1,0.0002541145564114,-0.00022300378639254905,0.0010968518189870696,0.0018504674708499655
2006-06-01,2006-07-01,lag_2,0.0030320784432706,0.0001324603936747112,0.0010968518189870696,0.0018504674708499655
2006-06-01,2006-07-01,lag_3,0.002252114659746,4.106973597764376e-05,0.0010968518189870696,0.0018504674708499655
2006-06-01,2006-07-01,lag_4,0.0004215001803382,-1.2567197336007358e-05,0.0010968518189870696,0.0018504674708499655
2006-06-01,2006-07-01,lag_5,0.0015766002009156,-9.84471200993567e-07,0.0010968518189870696,0.0018504674708499655
2006-06-01,2006-07-01,lag_6,0.0051516935642315,-6.18059527782884e-05,0.0010968518189870696,0.0018504674708499655
2006-06-01,2006-07-01,lag_7,0.0111775166214949,0.0003023327659664526,0.0010968518189870696,0.0018504674708499655
2006-06-01,2006-07-01,lag_8,0.0120643294072104,0.0005441777113606416,0.0010968518189870696,0.0018504674708499655
2006-06-01,2006-07-01,lag_9,-0.0195638287695461,-0.0016773667601658424,0.0010968518189870696,0.0018504674708499655
2006-06-01,2006-07-01,lag_10,0.0032537883465622,-6.689116556693942e-05,0.0010968518189870696,0.0018504674708499655
2006-06-01,2006-07-01,lag_11,-0.0031714662882169,0.00025002268038175964,0.0010968518189870696,0.0018504674708499655
2006-06-01,2006-07-01,volatility_3m,0.0016424662373861428,-0.0003050648502646269,0.0010968518189870696,0.0018504674708499655
2006-07-01,2006-08-01,lag_0,-0.0005127465055316,-0.00041512767851511025,0.0038175496102133347,0.0017881761075727509
2006-07-01,2006-08-01,lag_1,0.0031614092164247,0.00026247710002054935,0.0038175496102133347,0.0017881761075727509
2006-07-01,2006-08-01,lag_2,0.0002541145564114,-0.00014081645068582537,0.0038175496102133347,0.0017881761075727509
2006-07-01,2006-08-01,lag_3,0.0030320784432706,0.00010206831649760061,0.0038175496102133347,0.0017881761075727509
2006-07-01,2006-08-01,lag_4,0.002252114659746,5.318426166973279e-06,0.0038175496102133347,0.0017881761075727509
2006-07-01,2006-08-01,lag_5,0.0004215001803382,-3.6030991492313116e-06,0.0038175496102133347,0.0017881761075727509
2006-07-01,2006-08-01,lag_6,0.0015766002009156,7.5795687989397525e-06,0.0038175496102133347,0.0017881761075727509
2006-07-01,2006-08-01,lag_7,0.0051516935642315,0.00010954748816618844,0.0038175496102133347,0.0017881761075727509
2006-07-01,2006-08-01,lag_8,0.0111775166214949,0.00040079977111655453,0.0038175496102133347,0.0017881761075727509
2006-07-01,2006-08-01,lag_9,0.0120643294072104,0.0009327970172349051,0.0038175496102133347,0.0017881761075727509
2006-07-01,2006-08-01,lag_10,-0.0195638287695461,0.0011167989176691453,0.0038175496102133347,0.0017881761075727509
2006-07-01,2006-08-01,lag_11,0.0032537883465622,-5.522860028088114e-05,0.0038175496102133347,0.0017881761075727509
2006-07-01,2006-08-01,volatility_3m,0.0019382061464857316,-0.0002932372743992242,0.0038175496102133347,0.0017881761075727509
2006-08-01,2006-09-01,lag_0,0.0043791388783338,0.0005506495488791085,0.0032889293018635714,0.001823657859334429
2006-08-01,2006-09-01,lag_1,-0.0005127465055316,-0.0003494579201084624,0.0032889293018635714,0.001823657859334429
2006-08-01,2006-09-01,lag_2,0.0031614092164247,0.00015593592371811445,0.0032889293018635714,0.001823657859334429
2006-08-01,2006-09-01,lag_3,0.0002541145564114,-0.00010241306895074177,0.0032889293018635714,0.001823657859334429
2006-08-01,2006-09-01,lag_4,0.0030320784432706,1.3732881986632398e-05,0.0032889293018635714,0.001823657859334429
2006-08-01,2006-09-01,lag_5,0.002252114659746,9.618173250373045e-07,0.0032889293018635714,0.001823657859334429
2006-08-01,2006-09-01,lag_6,0.0004215001803382,3.462472057946991e-05,0.0032889293018635714,0.001823657859334429
2006-08-01,2006-09-01,lag_7,0.0015766002009156,-9.785658595208756e-06,0.0032889293018635714,0.001823657859334429
2006-08-01,2006-09-01,lag_8,0.0051516935642315,0.0001559874129355909,0.0032889293018635714,0.001823657859334429
2006-08-01,2006-09-01,lag_9,0.0111775166214949,0.0008247234072490195,0.0032889293018635714,0.001823657859334429
2006-08-01,2006-09-01,lag_10,0.0120643294072104,-0.0005767838452776549,0.0032889293018635714,0.001823657859334429
2006-08-01,2006-09-01,lag_11,-0.0195638287695461,0.0009709609961476247,0.0032889293018635714,0.001823657859334429
2006-08-01,2006-09-01,volatility_3m,0.00254665887021778,-0.00020386477335938795,0.0032889293018635714,0.001823657859334429
2006-09-01,2006-10-01,lag_0,-0.0016629623569395,-0.0006535828515496907,0.0006381706114884005,0.0018302421486263271
2006-09-01,2006-10-01,lag_1,0.0043791388783338,0.0004442942630376615,0.0006381706114884005,0.0018302421486263271
2006-09-01,2006-10-01,lag_2,-0.0005127465055316,-0.00020709378891959278,0.0006381706114884005,0.0018302421486263271
2006-09-01,2006-10-01,lag_3,0.0031614092164247,0.0001247063530186965,0.0006381706114884005,0.0018302421486263271
2006-09-01,2006-10-01,lag_4,0.0002541145564114,-1.520619827735673e-05,0.0006381706114884005,0.0018302421486263271
2006-09-01,2006-10-01,lag_5,0.0030320784432706,5.072264577279776e-06,0.0006381706114884005,0.0018302421486263271
2006-09-01,2006-10-01,lag_6,0.002252114659746,-1.2815747574095242e-05,0.0006381706114884005,0.0018302421486263271
2006-09-01,2006-10-01,lag_7,0.0004215001803382,-4.936769309550887e-05,0.0006381706114884005,0.0018302421486263271
2006-09-01,2006-10-01,lag_8,0.0015766002009156,-1.3114486575085413e-05,0.0006381706114884005,0.0018302421486263271
2006-09-01,2006-10-01,lag_9,0.0051516935642315,0.000276416630044703,0.0006381706114884005,0.0018302421486263271
2006-09-01,2006-10-01,lag_10,0.0111775166214949,-0.0005498973070182538,0.0006381706114884005,0.0018302421486263271
2006-09-01,2006-10-01,lag_11,0.0120643294072104,-0.0004158075808278076,0.0006381706114884005,0.0018302421486263271
2006-09-01,2006-10-01,volatility_3m,0.0032083361848731155,-0.00012567539397887592,0.0006381706114884005,0.0018302421486263271
2006-10-01,2006-11-01,lag_0,-0.0011474759561265,-0.0005254810245874084,0.00011749155446810202,0.0017964902940810694
2006-10-01,2006-11-01,lag_1,-0.0016629623569395,-0.0005128950151133368,0.00011749155446810202,0.0017964902940810694
2006-10-01,2006-11-01,lag_2,0.0043791388783338,0.0002871601480925755,0.00011749155446810202,0.0017964902940810694
2006-10-01,2006-11-01,lag_3,-0.0005127465055316,-0.00017045581667715295,0.00011749155446810202,0.0017964902940810694
2006-10-01,2006-11-01,lag_4,0.0031614092164247,1.8973876153820752e-05,0.00011749155446810202,0.0017964902940810694
2006-10-01,2006-11-01,lag_5,0.0002541145564114,-4.412069476484503e-06,0.00011749155446810202,0.0017964902940810694
2006-10-01,2006-11-01,lag_6,0.0030320784432706,-3.0421846677481058e-05,0.00011749155446810202,0.0017964902940810694
2006-10-01,2006-11-01,lag_7,0.002252114659746,2.1254133891075232e-05,0.00011749155446810202,0.0017964902940810694
2006-10-01,2006-11-01,lag_8,0.0004215001803382,-6.113724949937229e-05,0.00011749155446810202,0.0017964902940810694
2006-10-01,2006-11-01,lag_9,0.0015766002009156,-2.323583858631071e-05,0.00011749155446810202,0.0017964902940810694
2006-10-01,2006-11-01,lag_10,0.0051516935642315,-0.00020017191475304593,0.00011749155446810202,0.0017964902940810694
2006-10-01,2006-11-01,lag_11,0.0111775166214949,-0.00036272291878168935,0.00011749155446810202,0.0017964902940810694
2006-10-01,2006-11-01,volatility_3m,0.00334953193484281,-0.00011545320359815658,0.00011749155446810202,0.0017964902940810694
2006-11-01,2006-12-01,lag_0,-0.0004204326283367,-0.0003922461620916817,0.00024467975613647053,0.001780951010595996
2006-11-01,2006-12-01,lag_1,-0.0011474759561265,-0.00042093979932773004,0.00024467975613647053,0.001780951010595996
2006-11-01,2006-12-01,lag_2,-0.0016629623569395,-0.00034003270594460056,0.00024467975613647053,0.001780951010595996
2006-11-01,2006-12-01,lag_3,0.0043791388783338,0.00021816919469604996,0.00024467975613647053,0.001780951010595996
2006-11-01,2006-12-01,lag_4,-0.0005127465055316,-2.2022764159538866e-05,0.00024467975613647053,0.001780951010595996
2006-11-01,2006-12-01,lag_5,0.0031614092164247,3.921721436120309e-06,0.00024467975613647053,0.001780951010595996
2006-11-01,2006-12-01,lag_6,0.0002541145564114,3.213133423294475e-05,0.00024467975613647053,0.001780951010595996
2006-11-01,2006-12-01,lag_7,0.0030320784432706,5.123715396924259e-05,0.00024467975613647053,0.001780951010595996
2006-11-01,2006-12-01,lag_8,0.002252114659746,2.566692976397245e-05,0.00024467975613647053,0.001780951010595996
2006-11-01,2006-12-01,lag_9,0.0004215001803382,-0.00011573303267238881,0.00024467975613647053,0.001780951010595996
2006-11-01,2006-12-01,lag_10,0.0015766002009156,1.6265026359160966e-05,0.00024467975613647053,0.001780951010595996
2006-11-01,2006-12-01,lag_11,0.0051516935642315,-0.00013542391359377243,0.00024467975613647053,0.001780951010595996
2006-11-01,2006-12-01,volatility_3m,0.0006917449370065758,-0.00045726423712730415,0.00024467975613647053,0.001780951010595996
2006-12-01,2007-01-01,lag_0,0.0101417470966893,0.0016960566920441805,0.003090699304622206,0.0017988259275896414
2006-12-01,2007-01-01,lag_1,-0.0004204326283367,-0.0003201481921699744,0.003090699304622206,0.0017988259275896414
2006-12-01,2007-01-01,lag_2,-0.0011474759561265,-0.00025593537645567533,0.003090699304622206,0.0017988259275896414
2006-12-01,2007-01-01,lag_3,-0.0016629623569395,-0.0002532189823387392,0.003090699304622206,0.0017988259275896414
2006-12-01,2007-01-01,lag_4,0.0043791388783338,3.0672310867984716e-05,0.003090699304622206,0.0017988259275896414
2006-12-01,2007-01-01,lag_5,-0.0005127465055316,-6.815200399793158e-06,0.003090699304622206,0.0017988259275896414
2006-12-01,2007-01-01,lag_6,0.0031614092164247,-3.446041062900864e-05,0.003090699304622206,0.0017988259275896414
2006-12-01,2007-01-01,lag_7,0.0002541145564114,-5.1981092677154466e-05,0.003090699304622206,0.0017988259275896414
2006-12-01,2007-01-01,lag_8,0.0030320784432706,7.147189182663696e-05,0.003090699304622206,0.0017988259275896414
2006-12-01,2007-01-01,lag_9,0.002252114659746,4.7038757981375066e-05,0.003090699304622206,0.0017988259275896414
2006-12-01,2007-01-01,lag_10,0.0004215001803382,8.38564916641235e-05,0.003090699304622206,0.0017988259275896414
2006-12-01,2007-01-01,lag_11,0.0015766002009156,1.149697244538323e-05,0.003090699304622206,0.0017988259275896414
2006-12-01,2007-01-01,volatility_3m,0.006318422662875887,0.00027383951487322604,0.003090699304622206,0.0017988259275896414
2007-01-01,2007-02-01,lag_0,-0.0033888659943164,-0.0009553325089691575,0.002325331756903267,0.001759440508034846
2007-01-01,2007-02-01,lag_1,0.0101417470966893,0.00138535552526167,0.002325331756903267,0.001759440508034846
2007-01-01,2007-02-01,lag_2,-0.0004204326283367,-0.00019522012350884225,0.002325331756903267,0.001759440508034846
2007-01-01,2007-02-01,lag_3,-0.0011474759561265,-0.00021178337594610322,0.002325331756903267,0.001759440508034846
2007-01-01,2007-02-01,lag_4,-0.0016629623569395,-3.826474599104152e-05,0.002325331756903267,0.001759440508034846
2007-01-01,2007-02-01,lag_5,0.0043791388783338,2.4397339356655406e-06,0.002325331756903267,0.001759440508034846
2007-01-01,2007-02-01,lag_6,-0.0005127465055316,4.4092920257364755e-05,0.002325331756903267,0.001759440508034846
2007-01-01,2007-02-01,lag_7,0.0031614092164247,6.13292198834987e-05,0.002325331756903267,0.001759440508034846
2007-01-01,2007-02-01,lag_8,0.0002541145564114,-6.763495168880179e-05,0.002325331756903267,0.001759440508034846
2007-01-01,2007-02-01,lag_9,0.0030320784432706,0.00011988815962592245,0.002325331756903267,0.001759440508034846
2007-01-01,2007-02-01,lag_10,0.002252114659746,-3.5628156858980955e-05,0.002325331756903267,0.001759440508034846
2007-01-01,2007-02-01,lag_11,0.0004215001803382,5.708602178407899e-05,0.002325331756903267,0.001759440508034846
2007-01-01,2007-02-01,volatility_3m,0.007111595318099716,0.0003995635310831476,0.002325331756903267,0.001759440508034846
2007-02-01,2007-03-01,lag_0,0.0093784693076743,0.001506250520583026,0.003233401341142244,0.0017641970847070763
2007-02-01,2007-03-01,lag_1,-0.0033888659943164,-0.0008403432571156848,0.003233401341142244,0.0017641970847070763
2007-02-01,2007-03-01,lag_2,0.0101417470966893,0.0008207780547675573,0.003233401341142244,0.0017641970847070763
2007-02-01,2007-03-01,lag_3,-0.0004204326283367,-0.0001496901244096614,0.003233401341142244,0.0017641970847070763
2007-02-01,2007-03-01,lag_4,-0.0011474759561265,-2.4198460512124674e-05,0.003233401341142244,0.0017641970847070763
2007-02-01,2007-03-01,lag_5,-0.0016629623569395,6.605387860935756e-06,0.003233401341142244,0.0017641970847070763
2007-02-01,2007-03-01,lag_6,0.0043791388783338,-6.540822062606449e-05,0.003233401341142244,0.0017641970847070763
2007-02-01,2007-03-01,lag_7,-0.0005127465055316,-7.982463743967929e-05,0.003233401341142244,0.0017641970847070763
2007-02-01,2007-03-01,lag_8,0.0031614092164247,8.400964704350734e-05,0.003233401341142244,0.0017641970847070763
2007-02-01,2007-03-01,lag_9,0.0002541145564114,-0.00012042129667841708,0.003233401341142244,0.0017641970847070763
2007-02-01,2007-03-01,lag_10,0.0030320784432706,-8.612803354595044e-05,0.003233401341142244,0.0017641970847070763
2007-02-01,2007-03-01,lag_11,0.002252114659746,-2.738434137397366e-05,0.003233401341142244,0.0017641970847070763
2007-02-01,2007-03-01,volatility_3m,0.007601150508477389,0.00044495901788169735,0.003233401341142244,0.0017641970847070763
2007-03-01,2007-04-01,lag_0,0.0017786154493029,5.511219169952347e-05,0.0038403906168301676,0.001752315047397134
2007-03-01,2007-04-01,lag_1,0.0093784693076743,0.0013367155240558812,0.0038403906168301676,0.001752315047397134
2007-03-01,2007-04-01,lag_2,-0.0033888659943164,-0.0004612661072968771,0.0038403906168301676,0.001752315047397134
2007-03-01,2007-04-01,lag_3,0.0101417470966893,0.0006474467260726018,0.0038403906168301676,0.001752315047397134
2007-03-01,2007-04-01,lag_4,-0.0004204326283367,-2.050905837552939e-05,0.0038403906168301676,0.001752315047397134
2007-03-01,2007-04-01,lag_5,-0.0011474759561265,4.755899224182552e-07,0.0038403906168301676,0.001752315047397134
2007-03-01,2007-04-01,lag_6,-0.0016629623569395,7.275852117426256e-05,0.0038403906168301676,0.001752315047397134
2007-03-01,2007-04-01,lag_7,0.0043791388783338,0.00011186122215238825,0.0038403906168301676,0.001752315047397134
2007-03-01,2007-04-01,lag_8,-0.0005127465055316,-0.00011064464783857085,0.0038403906168301676,0.001752315047397134
2007-03-01,2007-04-01,lag_9,0.0031614092164247,0.00013555568688238884,0.0038403906168301676,0.001752315047397134
2007-03-01,2007-04-01,lag_10,0.0002541145564114,8.61139997985093e-05,0.0038403906168301676,0.001752315047397134
2007-03-01,2007-04-01,lag_11,0.0030320784432706,-6.633780768650917e-05,0.0038403906168301676,0.001752315047397134
2007-03-01,2007-04-01,volatility_3m,0.0064221685570660944,0.0003007937288725466,0.0038403906168301676,0.001752315047397134
2007-04-01,2007-05-01,lag_0,0.0067003199017525,0.0009693838378527584,0.0030819975623951204,0.0017667423836311095
2007-04-01,2007-05-01,lag_1,0.0017786154493029,4.934256644384573e-05,0.0030819975623951204,0.0017667423836311095
2007-04-01,2007-05-01,lag_2,0.0093784693076743,0.0007390872345446232,0.0030819975623951204,0.0017667423836311095
2007-04-01,2007-05-01,lag_3,-0.0033888659943164,-0.00038908650383417097,0.0030819975623951204,0.0017667423836311095
2007-04-01,2007-05-01,lag_4,0.0101417470966893,9.805820496088477e-05,0.0030819975623951204,0.0017667423836311095
2007-04-01,2007-05-01,lag_5,-0.0004204326283367,3.929407353974916e-06,0.0030819975623951204,0.0017667423836311095
2007-04-01,2007-05-01,lag_6,-0.0011474759561265,5.6301480158553795e-05,0.0030819975623951204,0.0017667423836311095
2007-04-01,2007-05-01,lag_7,-0.0016629623569395,-0.00012799511867930168,0.0030819975623951204,0.0017667423836311095
2007-04-01,2007-05-01,lag_8,0.0043791388783338,0.00015206459177777038,0.0030819975623951204,0.0017667423836311095
2007-04-01,2007-05-01,lag_9,-0.0005127465055316,-0.00018525506332083255,0.0030819975623951204,0.0017667423836311095
2007-04-01,2007-05-01,lag_10,0.0031614092164247,-0.00010468920202199196,0.0030819975623951204,0.0017667423836311095
2007-04-01,2007-05-01,lag_11,0.0002541145564114,6.643398220019252e-05,0.0030819975623951204,0.0017667423836311095
2007-04-01,2007-05-01,volatility_3m,0.0038547251874875193,-1.2320238672295309e-05,0.0030819975623951204,0.0017667423836311095
2007-05-01,2007-06-01,lag_0,0.0009559214748104,-0.00011051441480161006,0.0030933779552665803,0.0017583925530966858
2007-05-01,2007-06-01,lag_1,0.0067003199017525,0.0008873762528468125,0.0030933779552665803,0.0017583925530966858
2007-05-01,2007-06-01,lag_2,0.0017786154493029,2.6120760798127833e-05,0.0030933779552665803,0.0017583925530966858
2007-05-01,2007-06-01,lag_3,0.0093784693076743,0.0006436779481738469,0.0030933779552665803,0.0017583925530966858
2007-05-01,2007-06-01,lag_4,-0.0033888659943164,-6.315132725358092e-05,0.0030933779552665803,0.0017583925530966858
2007-05-01,2007-06-01,lag_5,0.0101417470966893,-1.1311870988500982e-05,0.0030933779552665803,0.0017583925530966858
2007-05-01,2007-06-01,lag_6,-0.0004204326283367,4.039687322107957e-05,0.0030933779552665803,0.0017583925530966858
2007-05-01,2007-06-01,lag_7,-0.0011474759561265,-0.00010656382869481214,0.0030933779552665803,0.0017583925530966858
2007-05-01,2007-06-01,lag_8,-0.0016629623569395,-0.000178763229775599,0.0030933779552665803,0.0017583925530966858
2007-05-01,2007-06-01,lag_9,0.0043791388783338,0.00024463437023667674,0.0030933779552665803,0.0017583925530966858
2007-05-01,2007-06-01,lag_10,-0.0005127465055316,0.0001397337340316972,0.0030933779552665803,0.0017583925530966858
2007-05-01,2007-06-01,lag_11,0.0031614092164247,-7.506042392760044e-05,0.0030933779552665803,0.0017583925530966858
2007-05-01,2007-06-01,volatility_3m,0.0031063943026276015,-0.00010158944169664263,0.0030933779552665803,0.0017583925530966858
2007-06-01,2007-07-01,lag_0,0.0005768477837078,-0.00017855012301757343,0.0013159652662977795,0.0017566680023283438
2007-06-01,2007-07-01,lag_1,0.0009559214748104,-0.0001012197506999193,0.0013159652662977795,0.0017566680023283438
2007-06-01,2007-07-01,lag_2,0.0067003199017525,0.00048412300665891565,0.0013159652662977795,0.0017566680023283438
2007-06-01,2007-07-01,lag_3,0.0017786154493029,2.230848221049045e-05,0.0013159652662977795,0.0017566680023283438
2007-06-01,2007-07-01,lag_4,0.0093784693076743,7.927776429772952e-05,0.0013159652662977795,0.0017566680023283438
2007-06-01,2007-07-01,lag_5,-0.0033888659943164,2.426044806780583e-05,0.0013159652662977795,0.0017566680023283438
2007-06-01,2007-07-01,lag_6,0.0101417470966893,-0.0001301722855468383,0.0013159652662977795,0.0017566680023283438
2007-06-01,2007-07-01,lag_7,-0.0004204326283367,-8.022603815272386e-05,0.0013159652662977795,0.0017566680023283438
2007-06-01,2007-07-01,lag_8,-0.0011474759561265,-0.00013564888960440093,0.0013159652662977795,0.0017566680023283438
2007-06-01,2007-07-01,lag_9,-0.0016629623569395,-0.0002856806129080607,0.0013159652662977795,0.0017566680023283438
2007-06-01,2007-07-01,lag_10,0.0043791388783338,-0.00018172340425522796,0.0013159652662977795,0.0017566680023283438
2007-06-01,2007-07-01,lag_11,-0.0005127465055316,0.00010536230570060952,0.0013159652662977795,0.0017566680023283438
2007-06-01,2007-07-01,volatility_3m,0.003431198064117252,-6.281363878137103e-05,0.0013159652662977795,0.0017566680023283438
2007-07-01,2007-08-01,lag_0,-0.0012002567099926,-0.0004983906412671773,0.0012780805849917554,0.0017472328052757038
2007-07-01,2007-08-01,lag_1,0.0005768477837078,-0.0001609298165505424,0.0012780805849917554,0.0017472328052757038
2007-07-01,2007-08-01,lag_2,0.0009559214748104,-5.355422968685641e-05,0.0012780805849917554,0.0017472328052757038
2007-07-01,2007-08-01,lag_3,0.0067003199017525,0.0004199366452634063,0.0012780805849917554,0.0017472328052757038
2007-07-01,2007-08-01,lag_4,0.0017786154493029,3.1351298330506695e-06,0.0012780805849917554,0.0017472328052757038
2007-07-01,2007-08-01,lag_5,0.0093784693076743,-1.4452659956459381e-05,0.0012780805849917554,0.0017472328052757038
2007-07-01,2007-08-01,lag_6,-0.0033888659943164,9.288887862259766e-05,0.0012780805849917554,0.0017472328052757038
2007-07-01,2007-08-01,lag_7,0.0101417470966893,0.0003444667812402426,0.0012780805849917554,0.0017472328052757038
2007-07-01,2007-08-01,lag_8,-0.0004204326283367,-0.00010999356729320502,0.0012780805849917554,0.0017472328052757038
2007-07-01,2007-08-01,lag_9,-0.0011474759561265,-0.00023418660584480875,0.0012780805849917554,0.0017472328052757038
2007-07-01,2007-08-01,lag_10,-0.0016629623569395,0.0002151007574483733,0.0012780805849917554,0.0017472328052757038
2007-07-01,2007-08-01,lag_11,0.0043791388783338,-0.00013681343807426762,0.0012780805849917554,0.0017472328052757038
2007-07-01,2007-08-01,volatility_3m,0.0011511517138237878,-0.00033635945401830185,0.0012780805849917554,0.0017472328052757038
2007-08-01,2007-09-01,lag_0,0.0019240393848489,9.63441254596414e-05,0.0013083128154358417,0.0017464123700684096
2007-08-01,2007-09-01,lag_1,-0.0012002567099926,-0.0004552612385423159,0.0013083128154358417,0.0017464123700684096
2007-08-01,2007-09-01,lag_2,0.0005768477837078,-8.470511009078067e-05,0.0013083128154358417,0.0017464123700684096
2007-08-01,2007-09-01,lag_3,0.0009559214748104,-4.613667530923652e-05,0.0013083128154358417,0.0017464123700684096
2007-08-01,2007-09-01,lag_4,0.0067003199017525,4.465142530214151e-05,0.0013083128154358417,0.0017464123700684096
2007-08-01,2007-09-01,lag_5,0.0017786154493029,-2.7934554393739224e-08,0.0013083128154358417,0.0017464123700684096
2007-08-01,2007-09-01,lag_6,0.0093784693076743,-0.00015244747399435012,0.0013083128154358417,0.0017464123700684096
2007-08-01,2007-09-01,lag_7,-0.0033888659943164,-0.0002051786224971912,0.0013083128154358417,0.0017464123700684096
2007-08-01,2007-09-01,lag_8,0.0101417470966893,0.0004802567582951016,0.0013083128154358417,0.0017464123700684096
2007-08-01,2007-09-01,lag_9,-0.0004204326283367,-0.00017016305397341943,0.0013083128154358417,0.0017464123700684096
2007-08-01,2007-09-01,lag_10,-0.0011474759561265,0.0001750448634615839,0.0013083128154358417,0.0017464123700684096
2007-08-01,2007-09-01,lag_11,-0.0016629623569395,0.00016075509288738843,0.0013083128154358417,0.0017464123700684096
2007-08-01,2007-09-01,volatility_3m,0.0015670700728832093,-0.00028123171107673716,0.0013083128154358417,0.0017464123700684096
2007-09-01,2007-10-01,lag_0,0.0022201267844179,0.00015143466521066494,0.002436249705919423,0.0017437113148189845
2007-09-01,2007-10-01,lag_1,0.0019240393848489,8.785637786041965e-05,0.002436249705919423,0.0017437113148189845
2007-09-01,2007-10-01,lag_2,-0.0012002567099926,-0.0002443018807844755,0.002436249705919423,0.0017437113148189845
2007-09-01,2007-10-01,lag_3,0.0005768477837078,-7.11338344507927e-05,0.002436249705919423,0.0017437113148189845
2007-09-01,2007-10-01,lag_4,0.0009559214748104,-5.041270646702508e-06,0.002436249705919423,0.0017437113148189845
2007-09-01,2007-10-01,lag_5,0.0067003199017525,-1.1898929241536988e-05,0.002436249705919423,0.0017437113148189845
2007-09-01,2007-10-01,lag_6,0.0017786154493029,-5.545370176073591e-06,0.002436249705919423,0.0017437113148189845
2007-09-01,2007-10-01,lag_7,0.0093784693076743,0.00032625451056941156,0.002436249705919423,0.0017437113148189845
2007-09-01,2007-10-01,lag_8,-0.0033888659943164,-0.0002793788379052984,0.002436249705919423,0.0017437113148189845
2007-09-01,2007-10-01,lag_9,0.0101417470966893,0.0007244576663263949,0.002436249705919423,0.0017437113148189845
2007-09-01,2007-10-01,lag_10,-0.0004204326283367,0.0001331827975858793,0.002436249705919423,0.0017437113148189845
2007-09-01,2007-10-01,lag_11,-0.0011474759561265,0.00013517607158060582,0.002436249705919423,0.0017437113148189845
2007-09-01,2007-10-01,volatility_3m,0.0018950777066416547,-0.0002485235748280579,0.002436249705919423,0.0017437113148189845
2007-10-01,2007-11-01,lag_0,-0.0028240612145147,-0.0007830091871189924,0.000223938228176449,0.0016990187787212358
2007-10-01,2007-11-01,lag_1,0.0022201267844179,0.00013969978501577864,0.000223938228176449,0.0016990187787212358
2007-10-01,2007-11-01,lag_2,0.0019240393848489,4.634298476971749e-05,0.000223938228176449,0.0016990187787212358
2007-10-01,2007-11-01,lag_3,-0.0012002567099926,-0.00021328797198997805,0.000223938228176449,0.0016990187787212358
2007-10-01,2007-11-01,lag_4,0.0005768477837078,-8.440955410341896e-06,0.000223938228176449,0.0016990187787212358
2007-10-01,2007-11-01,lag_5,0.0009559214748104,2.272737162295466e-06,0.000223938228176449,0.0016990187787212358
2007-10-01,2007-11-01,lag_6,0.0067003199017525,-9.419410007722229e-05,0.000223938228176449,0.0016990187787212358
2007-10-01,2007-11-01,lag_7,0.0017786154493029,1.1467893007118485e-05,0.000223938228176449,0.0016990187787212358
2007-10-01,2007-11-01,lag_8,0.0093784693076743,0.00045343834726369254,0.000223938228176449,0.0016990187787212358
2007-10-01,2007-11-01,lag_9,-0.0033888659943164,-0.0004160135782896489,0.000223938228176449,0.0016990187787212358
2007-10-01,2007-11-01,lag_10,0.0101417470966893,-0.0005755296806399079,0.000223938228176449,0.0016990187787212358
2007-10-01,2007-11-01,lag_11,-0.0004204326283367,9.916848848180253e-05,0.000223938228176449,0.0016990187787212358
2007-10-01,2007-11-01,volatility_3m,0.0028306642217695178,-0.00013699531271909994,0.000223938228176449,0.0016990187787212358
2007-11-01,2007-12-01,lag_0,0.0053207117967142,0.0007173783456031667,0.002560657466977372,0.0017020631421343427
2007-11-01,2007-12-01,lag_1,-0.0028240612145147,-0.0007550364291539554,0.002560657466977372,0.0017020631421343427
2007-11-01,2007-12-01,lag_2,0.0022201267844179,7.512662052182988e-05,0.002560657466977372,0.0017020631421343427
2007-11-01,2007-12-01,lag_3,0.0019240393848489,3.8702248930389935e-05,0.002560657466977372,0.0017020631421343427
2007-11-01,2007-12-01,lag_4,-0.0012002567099926,-1.3018540122555046e-05,0.002560657466977372,0.0017020631421343427
2007-11-01,2007-12-01,lag_5,0.0005768477837078,4.784423705223526e-06,0.002560657466977372,0.0017020631421343427
2007-11-01,2007-12-01,lag_6,0.0009559214748104,1.0731602761175224e-05,0.002560657466977372,0.0017020631421343427
2007-11-01,2007-12-01,lag_7,0.0067003199017525,0.00020394182234057914,0.002560657466977372,0.0017020631421343427
2007-11-01,2007-12-01,lag_8,0.0017786154493029,1.6833246923109302e-05,0.002560657466977372,0.0017020631421343427
2007-11-01,2007-12-01,lag_9,0.0093784693076743,0.0006840854544695101,0.002560657466977372,0.0017020631421343427
2007-11-01,2007-12-01,lag_10,-0.0033888659943164,0.0003185966569276857,0.002560657466977372,0.0017020631421343427
2007-11-01,2007-12-01,lag_11,0.0101417470966893,-0.0004623413121726333,0.002560657466977372,0.0017020631421343427
2007-11-01,2007-12-01,volatility_3m,0.004110855292018414,1.8810184109503672e-05,0.002560657466977372,0.0017020631421343427
2007-12-01,2008-01-01,lag_0,0.0003487607063128,-0.0001805737441435342,0.0020816674534621118,0.0017190112579042577
2007-12-01,2008-01-01,lag_1,0.0053207117967142,0.0007236693843855049,0.0020816674534621118,0.0017190112579042577
2007-12-01,2008-01-01,lag_2,-0.0028240612145147,-0.0003768304373666401,0.0020816674534621118,0.0017190112579042577
2007-12-01,2008-01-01,lag_3,0.0022201267844179,5.969911901268178e-05,0.0020816674534621118,0.0017190112579042577
2007-12-01,2008-01-01,lag_4,0.0019240393848489,1.569138037051777e-06,0.0020816674534621118,0.0017190112579042577
2007-12-01,2008-01-01,lag_5,-0.0012002567099926,1.0424981066519319e-05,0.0020816674534621118,0.0017190112579042577
2007-12-01,2008-01-01,lag_6,0.0005768477837078,1.668942448747672e-05,0.0020816674534621118,0.0017190112579042577
2007-12-01,2008-01-01,lag_7,0.0009559214748104,-2.204972052873166e-05,0.0020816674534621118,0.0017190112579042577
2007-12-01,2008-01-01,lag_8,0.0067003199017525,0.00032192975010285005,0.0020816674534621118,0.0017190112579042577
2007-12-01,2008-01-01,lag_9,0.0017786154493029,2.3745553357860974e-05,0.0020816674534621118,0.0017190112579042577
2007-12-01,2008-01-01,lag_10,0.0093784693076743,-0.00051183275990186,0.0020816674534621118,0.0017190112579042577
2007-12-01,2008-01-01,lag_11,-0.0033888659943164,0.00027904081930324687,0.0020816674534621118,0.0017190112579042577
2007-12-01,2008-01-01,volatility_3m,0.0041053709534192295,1.7174687745427315e-05,0.0020816674534621118,0.0017190112579042577
2008-01-01,2008-02-01,lag_0,-0.0013243734009682,-0.0004920627366565502,0.0009934625140158699,0.0016829650686407086
2008-01-01,2008-02-01,lag_1,0.0003487607063128,-0.0001732769221257543,0.0009934625140158699,0.0016829650686407086
2008-01-01,2008-02-01,lag_2,0.0053207117967142,0.0003620574282903073,0.0009934625140158699,0.0016829650686407086
2008-01-01,2008-02-01,lag_3,-0.0028240612145147,-0.00033134122468051814,0.0009934625140158699,0.0016829650686407086
2008-01-01,2008-02-01,lag_4,0.0022201267844179,8.066343484283681e-06,0.0009934625140158699,0.0016829650686407086
2008-01-01,2008-02-01,lag_5,0.0019240393848489,-2.3175157382578855e-06,0.0009934625140158699,0.0016829650686407086
2008-01-01,2008-02-01,lag_6,-0.0012002567099926,4.776590172787118e-05,0.0009934625140158699,0.0016829650686407086
2008-01-01,2008-02-01,lag_7,0.0005768477837078,-3.7665879254887505e-05,0.0009934625140158699,0.0016829650686407086
2008-01-01,2008-02-01,lag_8,0.0009559214748104,-3.375928199496e-05,0.0009934625140158699,0.0016829650686407086
2008-01-01,2008-02-01,lag_9,0.0067003199017525,0.00043480128415564483,0.0009934625140158699,0.0016829650686407086
2008-01-01,2008-02-01,lag_10,0.0017786154493029,-1.9194092090349218e-05,0.0009934625140158699,0.0016829650686407086
2008-01-01,2008-02-01,lag_11,0.0093784693076743,-0.00039081801729901094,0.0009934625140158699,0.0016829650686407086
2008-01-01,2008-02-01,volatility_3m,0.00345631867432071,-6.175784244265764e-05,0.0009934625140158699,0.0016829650686407086
2008-02-01,2008-03-01,lag_0,-0.0039296708981346,-0.000974276062416755,-0.00039938203533961296,0.0016655429826722312
2008-02-01,2008-03-01,lag_1,-0.0013243734009682,-0.0004660431567446883,-0.00039938203533961296,0.0016655429826722312
2008-02-01,2008-03-01,lag_2,0.0003487607063128,-9.179092094671025e-05,-0.00039938203533961296,0.0016655429826722312
2008-02-01,2008-03-01,lag_3,0.0053207117967142,0.00030062902559008854,-0.00039938203533961296,0.0016655429826722312
2008-02-01,2008-03-01,lag_4,-0.0028240612145147,-2.6742169605946454e-05,-0.00039938203533961296,0.0016655429826722312
2008-02-01,2008-03-01,lag_5,0.0022201267844179,-2.631264152812632e-06,-0.00039938203533961296,0.0016655429826722312
2008-02-01,2008-03-01,lag_6,0.0019240393848489,-8.562958439696805e-06,-0.00039938203533961296,0.0016655429826722312
2008-02-01,2008-03-01,lag_7,-0.0012002567099926,-0.00010773053505554594,-0.00039938203533961296,0.0016655429826722312
2008-02-01,2008-03-01,lag_8,0.0005768477837078,-5.3964140220847615e-05,-0.00039938203533961296,0.0016655429826722312
2008-02-01,2008-03-01,lag_9,0.0009559214748104,-4.901941829929442e-05,-0.00039938203533961296,0.0016655429826722312
2008-02-01,2008-03-01,lag_10,0.0067003199017525,-0.0003488465006304096,-0.00039938203533961296,0.0016655429826722312
2008-02-01,2008-03-01,lag_11,0.0017786154493029,-1.5725644667043353e-05,-0.00039938203533961296,0.0016655429826722312
2008-02-01,2008-03-01,volatility_3m,0.002156073969959552,-0.00022022127242218273,-0.00039938203533961296,0.0016655429826722312
2008-03-01,2008-04-01,lag_0,-0.0030504888010822,-0.0007771826894721723,-0.001120700717510688,0.0016214703658180094
2008-03-01,2008-04-01,lag_1,-0.0039296708981346,-0.0009312500033458425,-0.001120700717510688,0.0016214703658180094
2008-03-01,2008-04-01,lag_2,-0.0013243734009682,-0.00024018886143348513,-0.001120700717510688,0.0016214703658180094
2008-03-01,2008-04-01,lag_3,0.0003487607063128,-7.836611336192143e-05,-0.001120700717510688,0.0016214703658180094
2008-03-01,2008-04-01,lag_4,0.0053207117967142,2.8938165750358083e-05,-0.001120700717510688,0.0016214703658180094
2008-03-01,2008-04-01,lag_5,-0.0028240612145147,2.2072167473891524e-05,-0.001120700717510688,0.0016214703658180094
2008-03-01,2008-04-01,lag_6,0.0022201267844179,-1.3454478268753923e-05,-0.001120700717510688,0.0016214703658180094
2008-03-01,2008-04-01,lag_7,0.0019240393848489,2.0382161808070217e-05,-0.001120700717510688,0.0016214703658180094
2008-03-01,2008-04-01,lag_8,-0.0012002567099926,-0.00015541544523878218,-0.001120700717510688,0.0016214703658180094
2008-03-01,2008-04-01,lag_9,0.0005768477837078,-7.783619742966144e-05,-0.001120700717510688,0.0016214703658180094
2008-03-01,2008-04-01,lag_10,0.0009559214748104,3.904713393093065e-05,-0.001120700717510688,0.0016214703658180094
2008-03-01,2008-04-01,lag_11,0.0067003199017525,-0.000267739627826074,-0.001120700717510688,0.0016214703658180094
2008-03-01,2008-04-01,volatility_3m,0.0013253936888732141,-0.00031117729591525524,-0.001120700717510688,0.0016214703658180094
2008-04-01,2008-05-01,lag_0,-0.0064729557901257,-0.00139687267297565,-0.0015364984457527813,0.001554665283499213
2008-04-01,2008-05-01,lag_1,-0.0030504888010822,-0.0007520724831849003,-0.0015364984457527813,0.001554665283499213
2008-04-01,2008-05-01,lag_2,-0.0039296708981346,-0.0004792467637370789,-0.0015364984457527813,0.001554665283499213
2008-04-01,2008-05-01,lag_3,-0.0013243734009682,-0.00020028296154841818,-0.0015364984457527813,0.001554665283499213
2008-04-01,2008-05-01,lag_4,0.0003487607063128,-5.457913242008191e-06,-0.0015364984457527813,0.001554665283499213
2008-04-01,2008-05-01,lag_5,0.0053207117967142,-1.298400157703744e-05,-0.0015364984457527813,0.001554665283499213
2008-04-01,2008-05-01,lag_6,-0.0028240612145147,7.005113468890435e-05,-0.0015364984457527813,0.001554665283499213
2008-04-01,2008-05-01,lag_7,0.0022201267844179,3.261457768166194e-05,-0.0015364984457527813,0.001554665283499213
2008-04-01,2008-05-01,lag_8,0.0019240393848489,2.901385175713142e-05,-0.0015364984457527813,0.001554665283499213
2008-04-01,2008-05-01,lag_9,-0.0012002567099926,-0.00022177791543667746,-0.0015364984457527813,0.001554665283499213
2008-04-01,2008-05-01,lag_10,0.0005768477837078,6.192033434056088e-05,-0.0015364984457527813,0.001554665283499213
2008-04-01,2008-05-01,lag_11,0.0009559214748104,3.343033760125884e-05,-0.0015364984457527813,0.001554665283499213
2008-04-01,2008-05-01,volatility_3m,0.0017773828837507183,-0.0002494992536197415,-0.0015364984457527813,0.001554665283499213
2008-05-01,2008-06-01,lag_0,-0.0060762051840335,-0.0012691905805185194,-0.0021054685651579193,0.0014934205138916654
2008-05-01,2008-06-01,lag_1,-0.0064729557901257,-0.0013648561258360883,-0.0021054685651579193,0.0014934205138916654
2008-05-01,2008-06-01,lag_2,-0.0030504888010822,-0.0003961511285191128,-0.0021054685651579193,0.0014934205138916654
2008-05-01,2008-06-01,lag_3,-0.0039296708981346,-0.00040864035320538626,-0.0021054685651579193,0.0014934205138916654
2008-05-01,2008-06-01,lag_4,-0.0013243734009682,-1.627841496737055e-05,-0.0021054685651579193,0.0014934205138916654
2008-05-01,2008-06-01,lag_5,0.0003487607063128,6.341242310109026e-06,-0.0021054685651579193,0.0014934205138916654
2008-05-01,2008-06-01,lag_6,0.0053207117967142,-5.742114435516259e-05,-0.0021054685651579193,0.0014934205138916654
2008-05-01,2008-06-01,lag_7,-0.0028240612145147,-0.00016420845631227217,-0.0021054685651579193,0.0014934205138916654
2008-05-01,2008-06-01,lag_8,0.0022201267844179,4.650334484041473e-05,-0.0021054685651579193,0.0014934205138916654
2008-05-01,2008-06-01,lag_9,0.0019240393848489,4.0881526455020674e-05,-0.0021054685651579193,0.0014934205138916654
2008-05-01,2008-06-01,lag_10,-0.0012002567099926,0.0001820658710789758,-0.0021054685651579193,0.0014934205138916654
2008-05-01,2008-06-01,lag_11,0.0005768477837078,4.932555288906393e-05,-0.0021054685651579193,0.0014934205138916654
2008-05-01,2008-06-01,volatility_3m,0.0018719709294656483,-0.00024726041290925644,-0.0021054685651579193,0.0014934205138916654
2008-06-01,2008-07-01,lag_0,-0.0023354873224965,-0.0007417765637547737,-0.002168907858680401,0.0011219404813228378
2008-06-01,2008-07-01,lag_1,-0.0060762051840335,-0.0014693128697158974,-0.002168907858680401,0.0011219404813228378
2008-06-01,2008-07-01,lag_2,-0.0064729557901257,-0.00066019655920091,-0.002168907858680401,0.0011219404813228378
2008-06-01,2008-07-01,lag_3,-0.0030504888010822,-0.00030658897758512136,-0.002168907858680401,0.0011219404813228378
2008-06-01,2008-07-01,lag_4,-0.0039296708981346,0.00014330316898599672,-0.002168907858680401,0.0011219404813228378
2008-06-01,2008-07-01,lag_5,-0.0013243734009682,5.5631679882723806e-05,-0.002168907858680401,0.0011219404813228378
2008-06-01,2008-07-01,lag_6,0.0003487607063128,4.496531033764841e-06,-0.002168907858680401,0.0011219404813228378
2008-06-01,2008-07-01,lag_7,0.0053207117967142,0.0001130675838166196,-0.002168907858680401,0.0011219404813228378
2008-06-01,2008-07-01,lag_8,-0.0028240612145147,-0.00038062022820326485,-0.002168907858680401,0.0011219404813228378
2008-06-01,2008-07-01,lag_9,0.0022201267844179,2.3324591712245982e-05,-0.002168907858680401,0.0011219404813228378
2008-06-01,2008-07-01,lag_10,0.0019240393848489,-1.9554958545674058e-05,-0.002168907858680401,0.0011219404813228378
2008-06-01,2008-07-01,lag_11,-0.0012002567099926,0.00011330981518411842,-0.002168907858680401,0.0011219404813228378
2008-06-01,2008-07-01,volatility_3m,0.002282871966174859,-0.00016593155361306627,-0.002168907858680401,0.0011219404813228378
2008-07-01,2008-08-01,lag_0,-0.0035802040650576,-0.0010133428226407216,-0.0016074996480687693,0.0010710387248540987
2008-07-01,2008-08-01,lag_1,-0.0023354873224965,-0.0006800320975164871,-0.0016074996480687693,0.0010710387248540987
2008-07-01,2008-08-01,lag_2,-0.0060762051840335,-0.0006180976134863236,-0.0016074996480687693,0.0010710387248540987
2008-07-01,2008-08-01,lag_3,-0.0064729557901257,-0.000553149694250855,-0.0016074996480687693,0.0010710387248540987
2008-07-01,2008-08-01,lag_4,-0.0030504888010822,0.00011235232167323573,-0.0016074996480687693,0.0010710387248540987
2008-07-01,2008-08-01,lag_5,-0.0039296708981346,0.00011051177010409788,-0.0016074996480687693,0.0010710387248540987
2008-07-01,2008-08-01,lag_6,-0.0013243734009682,1.1796220397460307e-05,-0.0016074996480687693,0.0010710387248540987
2008-07-01,2008-08-01,lag_7,0.0003487607063128,-2.7578671035675267e-05,-0.0016074996480687693,0.0010710387248540987
2008-07-01,2008-08-01,lag_8,0.0053207117967142,0.00036230220669168954,-0.0016074996480687693,0.0010710387248540987
2008-07-01,2008-08-01,lag_9,-0.0028240612145147,-0.00012112081490277749,-0.0016074996480687693,0.0010710387248540987
2008-07-01,2008-08-01,lag_10,0.0022201267844179,-3.1276006355864386e-05,-0.0016074996480687693,0.0010710387248540987
2008-07-01,2008-08-01,lag_11,0.0019240393848489,-2.1327395629897974e-05,-0.0016074996480687693,0.0010710387248540987
2008-07-01,2008-08-01,volatility_3m,0.001904919572876276,-0.00020957577597074977,-0.0016074996480687693,0.0010710387248540987
2008-08-01,2008-09-01,lag_0,-0.0158244158056106,-0.003802670659824785,-0.003723154296428218,0.0010018710996360805
2008-08-01,2008-09-01,lag_1,-0.0035802040650576,-0.0009267366968938234,-0.003723154296428218,0.0010018710996360805
2008-08-01,2008-09-01,lag_2,-0.0023354873224965,-0.00029471850794343945,-0.003723154296428218,0.0010018710996360805
2008-08-01,2008-09-01,lag_3,-0.0060762051840335,-0.0005348820578805308,-0.003723154296428218,0.0010018710996360805
2008-08-01,2008-09-01,lag_4,-0.0064729557901257,0.0001916540946612221,-0.003723154296428218,0.0010018710996360805
2008-08-01,2008-09-01,lag_5,-0.0030504888010822,8.230914942440255e-05,-0.003723154296428218,0.0010018710996360805
2008-08-01,2008-09-01,lag_6,-0.0039296708981346,2.1154956932960313e-05,-0.003723154296428218,0.0010018710996360805
2008-08-01,2008-09-01,lag_7,-0.0013243734009682,-7.203549758039386e-05,-0.003723154296428218,0.0010018710996360805
2008-08-01,2008-09-01,lag_8,0.0003487607063128,-8.877672509787537e-05,-0.003723154296428218,0.0010018710996360805
2008-08-01,2008-09-01,lag_9,0.0053207117967142,0.00012013739572669064,-0.003723154296428218,0.0010018710996360805
2008-08-01,2008-09-01,lag_10,-0.0028240612145147,0.00016492586569876992,-0.003723154296428218,0.0010018710996360805
2008-08-01,2008-09-01,lag_11,0.0022201267844179,-3.3733410987639805e-05,-0.003723154296428218,0.0010018710996360805
2008-08-01,2008-09-01,volatility_3m,0.007454542603219359,0.0004483466977001442,-0.003723154296428218,0.0010018710996360805
2008-09-01,2008-10-01,lag_0,-0.020377294168018072,-0.00502304158588588,-0.00669573827415448,0.0009041329886007418
2008-09-01,2008-10-01,lag_1,-0.0158244158056106,-0.003451789160117573,-0.00669573827415448,0.0009041329886007418
2008-09-01,2008-10-01,lag_2,-0.0035802040650576,-0.0003849201336167245,-0.00669573827415448,0.0009041329886007418
2008-09-01,2008-10-01,lag_3,-0.0023354873224965,-0.0002542824013827538,-0.00669573827415448,0.0009041329886007418
2008-09-01,2008-10-01,lag_4,-0.0060762051840335,0.00016809956963771892,-0.00669573827415448,0.0009041329886007418
2008-09-01,2008-10-01,lag_5,-0.0064729557901257,0.0001362258657238632,-0.00669573827415448,0.0009041329886007418
2008-09-01,2008-10-01,lag_6,-0.0030504888010822,9.608554258571492e-06,-0.00669573827415448,0.0009041329886007418
2008-09-01,2008-10-01,lag_7,-0.0039296708981346,-0.00014402440797376236,-0.00669573827415448,0.0009041329886007418
2008-09-01,2008-10-01,lag_8,-0.0013243734009682,-0.00023358064029545223,-0.00669573827415448,0.0009041329886007418
2008-09-01,2008-10-01,lag_9,0.0003487607063128,-2.6263676120707763e-05,-0.00669573827415448,0.0009041329886007418
2008-09-01,2008-10-01,lag_10,0.0053207117967142,-0.00014959897114839502,-0.00669573827415448,0.0009041329886007418
2008-09-01,2008-10-01,lag_11,-0.0028240612145147,0.00017272238257272214,-0.00669573827415448,0.0009041329886007418
2008-09-01,2008-10-01,volatility_3m,0.018161629202113363,0.0015809733415931512,-0.00669573827415448,0.0009041329886007418
2008-10-01,2008-11-01,lag_0,0.0098923206082464,0.002156983647829123,-0.001539964942320022,0.0008555719301509247
2008-10-01,2008-11-01,lag_1,-0.02037074499218045,-0.0042124519479575,-0.001539964942320022,0.0008555719301509247
2008-10-01,2008-11-01,lag_2,-0.0158244158056106,-0.0015787269594129208,-0.001539964942320022,0.0008555719301509247
2008-10-01,2008-11-01,lag_3,-0.0035802040650576,-0.0003543898529103073,-0.001539964942320022,0.0008555719301509247
2008-10-01,2008-11-01,lag_4,-0.0023354873224965,7.706157022204126e-05,-0.001539964942320022,0.0008555719301509247
2008-10-01,2008-11-01,lag_5,-0.0060762051840335,0.00014143187099552277,-0.001539964942320022,0.0008555719301509247
2008-10-01,2008-11-01,lag_6,-0.0064729557901257,2.0946648089338332e-05,-0.001539964942320022,0.0008555719301509247
2008-10-01,2008-11-01,lag_7,-0.0030504888010822,-0.00010965928736973971,-0.001539964942320022,0.0008555719301509247
2008-10-01,2008-11-01,lag_8,-0.0039296708981346,-0.0004618094617113831,-0.001539964942320022,0.0008555719301509247
2008-10-01,2008-11-01,lag_9,-0.0013243734009682,-7.646022710577814e-05,-0.001539964942320022,0.0008555719301509247
2008-10-01,2008-11-01,lag_10,0.0003487607063128,3.422373406310524e-05,-0.001539964942320022,0.0008555719301509247
2008-10-01,2008-11-01,lag_11,0.0053207117967142,-0.00017270447006958412,-0.001539964942320022,0.0008555719301509247
2008-10-01,2008-11-01,volatility_3m,0.018638250965931684,0.002140017862867136,-0.001539964942320022,0.0008555719301509247
2008-11-01,2008-12-01,lag_0,-0.0132886530605933,-0.0029845659651832226,-0.0021539693392572975,0.0007899874550318369
2008-11-01,2008-12-01,lag_1,0.0098923206082464,0.002048675834935071,-0.0021539693392572975,0.0007899874550318369
2008-11-01,2008-12-01,lag_2,-0.02036419581634283,-0.002037021732991056,-0.0021539693392572975,0.0007899874550318369
2008-11-01,2008-12-01,lag_3,-0.0158244158056106,-0.0012959795794310293,-0.0021539693392572975,0.0007899874550318369
2008-11-01,2008-12-01,lag_4,-0.0035802040650576,0.00011579852378132795,-0.0021539693392572975,0.0007899874550318369
2008-11-01,2008-12-01,lag_5,-0.0023354873224965,6.351291355614706e-05,-0.0021539693392572975,0.0007899874550318369
2008-11-01,2008-12-01,lag_6,-0.0060762051840335,1.4741048409036625e-05,-0.0021539693392572975,0.0007899874550318369
2008-11-01,2008-12-01,lag_7,-0.0064729557901257,-0.00020814957585965654,-0.0021539693392572975,0.0007899874550318369
2008-11-01,2008-12-01,lag_8,-0.0030504888010822,-0.00038274079006938775,-0.0021539693392572975,0.0007899874550318369
2008-11-01,2008-12-01,lag_9,-0.0039296708981346,-0.00016010983352465036,-0.0021539693392572975,0.0007899874550318369
2008-11-01,2008-12-01,lag_10,-0.0013243734009682,9.165120288177183e-05,-0.0021539693392572975,0.0007899874550318369
2008-11-01,2008-12-01,lag_11,0.0003487607063128,4.899425515733535e-05,-0.0021539693392572975,0.0007899874550318369
2008-11-01,2008-12-01,volatility_3m,0.01926728771491297,0.0017412369040491792,-0.0021539693392572975,0.0007899874550318369
2008-12-01,2009-01-01,lag_0,-0.021400401748751133,-0.004944096488564283,-0.006767111823453438,0.000712431126436427
2008-12-01,2009-01-01,lag_1,-0.0132886530605933,-0.0027984357624660817,-0.006767111823453438,0.000712431126436427
2008-12-01,2009-01-01,lag_2,0.0098923206082464,0.0009723033676092647,-0.006767111823453438,0.000712431126436427
2008-12-01,2009-01-01,lag_3,-0.020357646640505205,-0.0017395686594195501,-0.006767111823453438,0.000712431126436427
2008-12-01,2009-01-01,lag_4,-0.0158244158056106,0.00045132724154325616,-0.006767111823453438,0.000712431126436427
2008-12-01,2009-01-01,lag_5,-0.0035802040650576,8.872606145002823e-05,-0.006767111823453438,0.000712431126436427
2008-12-01,2009-01-01,lag_6,-0.0023354873224965,5.532945171535167e-06,-0.006767111823453438,0.000712431126436427
2008-12-01,2009-01-01,lag_7,-0.0060762051840335,-0.00020695743365823748,-0.006767111823453438,0.000712431126436427
2008-12-01,2009-01-01,lag_8,-0.0064729557901257,-0.0006888196437439099,-0.006767111823453438,0.000712431126436427
2008-12-01,2009-01-01,lag_9,-0.0030504888010822,-0.00012877367232909265,-0.006767111823453438,0.000712431126436427
2008-12-01,2009-01-01,lag_10,-0.0039296708981346,0.0001832687749051886,-0.006767111823453438,0.000712431126436427
2008-12-01,2009-01-01,lag_11,-0.0013243734009682,0.00013406028323098635,-0.006767111823453438,0.000712431126436427
2008-12-01,2009-01-01,volatility_3m,0.019381715088515463,0.001191890036381028,-0.006767111823453438,0.000712431126436427
2009-01-01,2009-02-01,lag_0,-0.023578290988016018,-0.005736352806242224,-0.00953823498136052,0.0005795585301696788
2009-01-01,2009-02-01,lag_1,-0.021376990071849004,-0.004436596921215065,-0.00953823498136052,0.0005795585301696788
2009-01-01,2009-02-01,lag_2,-0.0132886530605933,-0.001215024468462595,-0.00953823498136052,0.0005795585301696788
2009-01-01,2009-02-01,lag_3,0.0098923206082464,0.0008405886901548456,-0.00953823498136052,0.0005795585301696788
2009-01-01,2009-02-01,lag_4,-0.020351097464667584,0.00046310843995709956,-0.00953823498136052,0.0005795585301696788
2009-01-01,2009-02-01,lag_5,-0.0158244158056106,0.00033786429909139814,-0.00953823498136052,0.0005795585301696788
2009-01-01,2009-02-01,lag_6,-0.0035802040650576,1.29665742856279e-05,-0.00953823498136052,0.0005795585301696788
2009-01-01,2009-02-01,lag_7,-0.0023354873224965,-9.692178502791641e-05,-0.00953823498136052,0.0005795585301696788
2009-01-01,2009-02-01,lag_8,-0.0060762051840335,-0.0006488362848584401,-0.00953823498136052,0.0005795585301696788
2009-01-01,2009-02-01,lag_9,-0.0064729557901257,-0.000217734339582518,-0.00953823498136052,0.0005795585301696788
2009-01-01,2009-02-01,lag_10,-0.0030504888010822,0.000145714366167309,-0.00953823498136052,0.0005795585301696788
2009-01-01,2009-02-01,lag_11,-0.0039296708981346,0.00025834667784652566,-0.00953823498136052,0.0005795585301696788
2009-01-01,2009-02-01,volatility_3m,0.008052417237158445,0.00017508404635575668,-0.00953823498136052,0.0005795585301696788
2009-02-01,2009-03-01,lag_0,-0.0061041746494812,-0.0013816812377751282,-0.00826914152741418,0.0005163079180664099
2009-02-01,2009-03-01,lag_1,-0.02356123689175235,-0.004729183835762366,-0.00826914152741418,0.0005163079180664099
2009-02-01,2009-03-01,lag_2,-0.021353578394946872,-0.0018961638227556702,-0.00826914152741418,0.0005163079180664099
2009-02-01,2009-03-01,lag_3,-0.0132886530605933,-0.001292884176398192,-0.00826914152741418,0.0005163079180664099
2009-02-01,2009-03-01,lag_4,0.0098923206082464,-0.0002636024946958293,-0.00826914152741418,0.0005163079180664099
2009-02-01,2009-03-01,lag_5,-0.02034454828882996,0.00048799639995712626,-0.00826914152741418,0.0005163079180664099
2009-02-01,2009-03-01,lag_6,-0.0158244158056106,2.5334840801686157e-05,-0.00826914152741418,0.0005163079180664099
2009-02-01,2009-03-01,lag_7,-0.0035802040650576,-0.0001379061437698796,-0.00826914152741418,0.0005163079180664099
2009-02-01,2009-03-01,lag_8,-0.0023354873224965,-0.00029809247102534993,-0.00826914152741418,0.0005163079180664099
2009-02-01,2009-03-01,lag_9,-0.0060762051840335,-0.00019531746453827487,-0.00826914152741418,0.0005163079180664099
2009-02-01,2009-03-01,lag_10,-0.0064729557901257,0.00025734616113989433,-0.00826914152741418,0.0005163079180664099
2009-02-01,2009-03-01,lag_11,-0.0030504888010822,0.0002162955148989336,-0.00826914152741418,0.0005163079180664099
2009-02-01,2009-03-01,volatility_3m,0.012140527013917324,0.0004224092844424546,-0.00826914152741418,0.0005163079180664099
2009-03-01,2009-04-01,lag_0,-0.0157796956259579,-0.003581861046376546,-0.008600349920901435,0.0003790041045231144
2009-03-01,2009-04-01,lag_1,-0.0061041746494812,-0.0012239645932331884,-0.008600349920901435,0.0003790041045231144
2009-03-01,2009-04-01,lag_2,-0.02354418279548868,-0.0022247128130408788,-0.008600349920901435,0.0003790041045231144
2009-03-01,2009-04-01,lag_3,-0.02133016671804474,-0.0020815607081284913,-0.008600349920901435,0.0003790041045231144
2009-03-01,2009-04-01,lag_4,-0.0132886530605933,0.0005060990170500157,-0.008600349920901435,0.0003790041045231144
2009-03-01,2009-04-01,lag_5,0.0098923206082464,-0.00017503944345259806,-0.008600349920901435,0.0003790041045231144
2009-03-01,2009-04-01,lag_6,-0.02033799911299234,-4.856376418626242e-05,-0.008600349920901435,0.0003790041045231144
2009-03-01,2009-04-01,lag_7,-0.0158244158056106,-0.0005175396344526028,-0.008600349920901435,0.0003790041045231144
2009-03-01,2009-04-01,lag_8,-0.0035802040650576,-0.00040569489568545507,-0.008600349920901435,0.0003790041045231144
2009-03-01,2009-04-01,lag_9,-0.0023354873224965,-9.382741908383246e-05,-0.008600349920901435,0.0003790041045231144
2009-03-01,2009-04-01,lag_10,-0.0060762051840335,0.000229831607392292,-0.008600349920901435,0.0003790041045231144
2009-03-01,2009-04-01,lag_11,-0.0064729557901257,0.000401880545444083,-0.008600349920901435,0.0003790041045231144
2009-03-01,2009-04-01,volatility_3m,0.009577670023520075,0.00023559912232891405,-0.008600349920901435,0.0003790041045231144
2009-04-01,2009-05-01,lag_0,-0.0083251150630712,-0.0018144696451546504,-0.008284333252176175,0.0002965414140410252
2009-04-01,2009-05-01,lag_1,-0.0157796956259579,-0.003250093920310088,-0.008284333252176175,0.0002965414140410252
2009-04-01,2009-05-01,lag_2,-0.0061041746494812,-0.0005543961996457709,-0.008284333252176175,0.0002965414140410252
2009-04-01,2009-05-01,lag_3,-0.02352712869922501,-0.0021947534233342533,-0.008284333252176175,0.0002965414140410252
2009-04-01,2009-05-01,lag_4,-0.021306755041142607,0.0007992938587964099,-0.008284333252176175,0.0002965414140410252
2009-04-01,2009-05-01,lag_5,-0.0132886530605933,0.00023352669353541512,-0.008284333252176175,0.0002965414140410252
2009-04-01,2009-05-01,lag_6,0.0098923206082464,3.4975898469749383e-06,-0.008284333252176175,0.0002965414140410252
2009-04-01,2009-05-01,lag_7,-0.020331449937154716,-0.000649523294236105,-0.008284333252176175,0.0002965414140410252
2009-04-01,2009-05-01,lag_8,-0.0158244158056106,-0.0015220247266295773,-0.008284333252176175,0.0002965414140410252
2009-04-01,2009-05-01,lag_9,-0.0035802040650576,-0.0001305808054742535,-0.008284333252176175,0.0002965414140410252
2009-04-01,2009-05-01,lag_10,-0.0023354873224965,0.00010636144838437152,-0.008284333252176175,0.0002965414140410252
2009-04-01,2009-05-01,lag_11,-0.0060762051840335,0.0003747478106355974,-0.008284333252176175,0.0002965414140410252
2009-04-01,2009-05-01,volatility_3m,0.005068185965009672,1.75399473687263e-05,-0.008284333252176175,0.0002965414140410252
2009-05-01,2009-06-01,lag_0,-0.0101509109300241,-0.0022203404021367296,-0.006312027260439912,0.00018904309153751136
2009-05-01,2009-06-01,lag_1,-0.0083251150630712,-0.0016703110416294675,-0.006312027260439912,0.00018904309153751136
2009-05-01,2009-06-01,lag_2,-0.0157796956259579,-0.0014663792658310532,-0.006312027260439912,0.00018904309153751136
2009-05-01,2009-06-01,lag_3,-0.0061041746494812,-0.0005541625996515332,-0.006312027260439912,0.00018904309153751136
2009-05-01,2009-06-01,lag_4,-0.023510074602961343,0.0008977023652473836,-0.006312027260439912,0.00018904309153751136
2009-05-01,2009-06-01,lag_5,-0.021283343364240474,0.0003301952051577352,-0.006312027260439912,0.00018904309153751136
2009-05-01,2009-06-01,lag_6,-0.0132886530605933,3.296296215008473e-05,-0.006312027260439912,0.00018904309153751136
2009-05-01,2009-06-01,lag_7,0.0098923206082464,0.0003136342423291634,-0.006312027260439912,0.00018904309153751136
2009-05-01,2009-06-01,lag_8,-0.020324900761317096,-0.0019551379566312135,-0.006312027260439912,0.00018904309153751136
2009-05-01,2009-06-01,lag_9,-0.0158244158056106,-0.0004865201233149906,-0.006312027260439912,0.00018904309153751136
2009-05-01,2009-06-01,lag_10,-0.0035802040650576,0.00014751051500069547,-0.006312027260439912,0.00018904309153751136
2009-05-01,2009-06-01,lag_11,-0.0023354873224965,0.00017155036162247634,-0.006312027260439912,0.00018904309153751136
2009-05-01,2009-06-01,volatility_3m,0.0038856041801657443,-4.177461428997414e-05,-0.006312027260439912,0.00018904309153751136
2009-06-01,2009-07-01,lag_0,-0.003775936043751,-0.0007438292856006348,-0.0035428170644383494,0.0001771218244960651
2009-06-01,2009-07-01,lag_1,-0.0101509109300241,-0.002061843771954811,-0.0035428170644383494,0.0001771218244960651
2009-06-01,2009-07-01,lag_2,-0.0083251150630712,-0.0007394874081314392,-0.0035428170644383494,0.0001771218244960651
2009-06-01,2009-07-01,lag_3,-0.0157796956259579,-0.0014681221416104492,-0.0035428170644383494,0.0001771218244960651
2009-06-01,2009-07-01,lag_4,-0.0061041746494812,0.0002441454755409834,-0.0035428170644383494,0.0001771218244960651
2009-06-01,2009-07-01,lag_5,-0.023493020506697673,0.0004643257446399743,-0.0035428170644383494,0.0001771218244960651
2009-06-01,2009-07-01,lag_6,-0.021259931687338342,7.148895267605797e-05,-0.0035428170644383494,0.0001771218244960651
2009-06-01,2009-07-01,lag_7,-0.0132886530605933,-0.0005187839133697458,-0.0035428170644383494,0.0001771218244960651
2009-06-01,2009-07-01,lag_8,0.0098923206082464,0.0008657955065755598,-0.0035428170644383494,0.0001771218244960651
2009-06-01,2009-07-01,lag_9,-0.020318351585479472,-0.000559554084086864,-0.0035428170644383494,0.0001771218244960651
2009-06-01,2009-07-01,lag_10,-0.0158244158056106,0.0005581955719022386,-0.0035428170644383494,0.0001771218244960651
2009-06-01,2009-07-01,lag_11,-0.0035802040650576,0.00023511991710897388,-0.0035428170644383494,0.0001771218244960651
2009-06-01,2009-07-01,volatility_3m,0.0032830084043505513,-6.738945262425755e-05,-0.0035428170644383494,0.0001771218244960651
2009-07-01,2009-08-01,lag_0,0.0112269628491237,0.0027256736113317123,0.0017100160942510323,0.0002345051030767228
2009-07-01,2009-08-01,lag_1,-0.003775936043751,-0.0006883180919874429,0.0017100160942510323,0.0002345051030767228
2009-07-01,2009-08-01,lag_2,-0.0101509109300241,-0.0009109608816824266,0.0017100160942510323,0.0002345051030767228
2009-07-01,2009-08-01,lag_3,-0.0083251150630712,-0.0007126630765842858,0.0017100160942510323,0.0002345051030767228
2009-07-01,2009-08-01,lag_4,-0.0157796956259579,0.0006314042480033264,0.0017100160942510323,0.0002345051030767228
2009-07-01,2009-08-01,lag_5,-0.0061041746494812,0.00016442368293464294,0.0017100160942510323,0.0002345051030767228
2009-07-01,2009-08-01,lag_6,-0.023475966410434004,0.00029662632674340477,0.0017100160942510323,0.0002345051030767228
2009-07-01,2009-08-01,lag_7,-0.021236520010436213,-0.0007998850982441652,0.0017100160942510323,0.0002345051030767228
2009-07-01,2009-08-01,lag_8,-0.0132886530605933,-0.0013832126746798322,0.0017100160942510323,0.0002345051030767228
2009-07-01,2009-08-01,lag_9,0.0098923206082464,0.00019823128580071094,0.0017100160942510323,0.0002345051030767228
2009-07-01,2009-08-01,lag_10,-0.020311802409641852,0.0008320147912836303,0.0017100160942510323,0.0002345051030767228
2009-07-01,2009-08-01,lag_11,-0.0158244158056106,0.0008768507166648524,0.0017100160942510323,0.0002345051030767228
2009-07-01,2009-08-01,volatility_3m,0.010975281069351623,0.0002453261515901827,0.0017100160942510323,0.0002345051030767228
2009-08-01,2009-09-01,lag_0,0.0109072811177481,0.0027013863445142575,0.0028803247967473713,0.0003389633181178878
2009-08-01,2009-09-01,lag_1,0.0112269628491237,0.0024774338626832727,0.0028803247967473713,0.0003389633181178878
2009-08-01,2009-09-01,lag_2,-0.003775936043751,-0.00030438734160920944,0.0028803247967473713,0.0003389633181178878
2009-08-01,2009-09-01,lag_3,-0.0101509109300241,-0.0008575291812234193,0.0028803247967473713,0.0003389633181178878
2009-08-01,2009-09-01,lag_4,-0.0083251150630712,0.0003469131414796729,0.0028803247967473713,0.0003389633181178878
2009-08-01,2009-09-01,lag_5,-0.0157796956259579,0.0004301160638291531,0.0028803247967473713,0.0003389633181178878
2009-08-01,2009-09-01,lag_6,-0.0061041746494812,0.00013061706115087665,0.0028803247967473713,0.0003389633181178878
2009-08-01,2009-09-01,lag_7,-0.023458912314170334,-0.0007322052084614503,0.0028803247967473713,0.0003389633181178878
2009-08-01,2009-09-01,lag_8,-0.021213108333534077,-0.002160349110572615,0.0028803247967473713,0.0003389633181178878
2009-08-01,2009-09-01,lag_9,-0.0132886530605933,-0.00040350070130166723,0.0028803247967473713,0.0003389633181178878
2009-08-01,2009-09-01,lag_10,0.0098923206082464,-0.00044474080531173375,0.0028803247967473713,0.0003389633181178878
2009-08-01,2009-09-01,lag_11,-0.020305253233804228,0.0011927883127707095,0.0028803247967473713,0.0003389633181178878
2009-08-01,2009-09-01,volatility_3m,0.008571134092706538,0.00016481904068163728,0.0028803247967473713,0.0003389633181178878
2009-09-01,2009-10-01,lag_0,0.008775750967465,0.002191834838130949,0.003709839432878291,0.0004394674207557794
2009-09-01,2009-10-01,lag_1,0.0109072811177481,0.0024378924805761788,0.003709839432878291,0.0004394674207557794
2009-09-01,2009-10-01,lag_2,0.0112269628491237,0.001089739488427331,0.003709839432878291,0.0004394674207557794
2009-09-01,2009-10-01,lag_3,-0.003775936043751,-0.00027947375220972997,0.003709839432878291,0.0004394674207557794
2009-09-01,2009-10-01,lag_4,-0.0101509109300241,0.0004402201254549801,0.003709839432878291,0.0004394674207557794
2009-09-01,2009-10-01,lag_5,-0.0083251150630712,0.00024593421517216243,0.003709839432878291,0.0004394674207557794
2009-09-01,2009-10-01,lag_6,-0.0157796956259579,0.0003267635731562665,0.003709839432878291,0.0004394674207557794
2009-09-01,2009-10-01,lag_7,-0.0061041746494812,-0.00014273153333679294,0.003709839432878291,0.0004394674207557794
2009-09-01,2009-10-01,lag_8,-0.023441858217906664,-0.002186860383575033,0.003709839432878291,0.0004394674207557794
2009-09-01,2009-10-01,lag_9,-0.021189696656631948,-0.0005766441049707835,0.003709839432878291,0.0004394674207557794
2009-09-01,2009-10-01,lag_10,-0.0132886530605933,0.0005181075134449999,0.003709839432878291,0.0004394674207557794
2009-09-01,2009-10-01,lag_11,0.0098923206082464,-0.0006254901714512703,0.003709839432878291,0.0004394674207557794
2009-09-01,2009-10-01,volatility_3m,0.0013325449885917544,-0.00016892027669674617,0.003709839432878291,0.0004394674207557794
2009-10-01,2009-11-01,lag_0,0.0026918316470805,0.0006768645466485182,0.005903735125517017,0.00048401492855884836
2009-10-01,2009-11-01,lag_1,0.008775750967465,0.0019401200977352286,0.005903735125517017,0.00048401492855884836
2009-10-01,2009-11-01,lag_2,0.0109072811177481,0.0010366082501024531,0.005903735125517017,0.00048401492855884836
2009-10-01,2009-11-01,lag_3,0.0112269628491237,0.0010200337925623411,0.005903735125517017,0.00048401492855884836
2009-10-01,2009-11-01,lag_4,-0.003775936043751,0.0001451955227744583,0.005903735125517017,0.00048401492855884836
2009-10-01,2009-11-01,lag_5,-0.0101509109300241,0.0002934509676641982,0.005903735125517017,0.00048401492855884836
2009-10-01,2009-11-01,lag_6,-0.0083251150630712,0.000155686736568237,0.005903735125517017,0.00048401492855884836
2009-10-01,2009-11-01,lag_7,-0.0157796956259579,-0.00038344449664794384,0.005903735125517017,0.00048401492855884836
2009-10-01,2009-11-01,lag_8,-0.0061041746494812,-0.000540694951786225,0.005903735125517017,0.00048401492855884836
2009-10-01,2009-11-01,lag_9,-0.023424804121642998,-0.0005699976168753348,0.005903735125517017,0.00048401492855884836
2009-10-01,2009-11-01,lag_10,-0.021166284979729815,0.0007794041662198807,0.005903735125517017,0.00048401492855884836
2009-10-01,2009-11-01,lag_11,-0.0132886530605933,0.0008981322900164236,0.005903735125517017,0.00048401492855884836
2009-10-01,2009-11-01,volatility_3m,0.004263236350544155,-3.163910802406625e-05,0.005903735125517017,0.00048401492855884836
2009-11-01,2009-12-01,lag_0,0.0043287252217618,0.0010571354044951928,0.004042855587097783,0.0005484000345492533
2009-11-01,2009-12-01,lag_1,0.0026918316470805,0.0005970680192447944,0.004042855587097783,0.0005484000345492533
2009-11-01,2009-12-01,lag_2,0.008775750967465,0.000812812004329354,0.004042855587097783,0.0005484000345492533
2009-11-01,2009-12-01,lag_3,0.0109072811177481,0.000968000437513038,0.004042855587097783,0.0005484000345492533
2009-11-01,2009-12-01,lag_4,0.0112269628491237,-0.0005202126125106046,0.004042855587097783,0.0005484000345492533
2009-11-01,2009-12-01,lag_5,-0.003775936043751,9.409989350273844e-05,0.004042855587097783,0.0005484000345492533
2009-11-01,2009-12-01,lag_6,-0.0101509109300241,0.00018425797527134335,0.004042855587097783,0.0005484000345492533
2009-11-01,2009-12-01,lag_7,-0.0083251150630712,-0.0002024512305190218,0.004042855587097783,0.0005484000345492533
2009-11-01,2009-12-01,lag_8,-0.0157796956259579,-0.0014217443992719555,0.004042855587097783,0.0005484000345492533
2009-11-01,2009-12-01,lag_9,-0.0061041746494812,-0.0001427844989533132,0.004042855587097783,0.0005484000345492533
2009-11-01,2009-12-01,lag_10,-0.02340775002537933,0.0007827749750528545,0.004042855587097783,0.0005484000345492533
2009-11-01,2009-12-01,lag_11,-0.021142873302827683,0.0013734957077505517,0.004042855587097783,0.0005484000345492533
2009-11-01,2009-12-01,volatility_3m,0.003148267588551091,-8.799612335644278e-05,0.004042855587097783,0.0005484000345492533
2009-12-01,2010-01-01,lag_0,0.0040498600148737,0.0009618806429006275,0.0029141458439919015,0.0006160297026587859
2009-12-01,2010-01-01,lag_1,0.0043287252217618,0.0009297924537731735,0.0029141458439919015,0.0006160297026587859
2009-12-01,2010-01-01,lag_2,0.0026918316470805,0.00025138404980859107,0.0029141458439919015,0.0006160297026587859
2009-12-01,2010-01-01,lag_3,0.008775750967465,0.0007731333202650636,0.0029141458439919015,0.0006160297026587859
2009-12-01,2010-01-01,lag_4,0.0109072811177481,-0.0005045119550803984,0.0029141458439919015,0.0006160297026587859
2009-12-01,2010-01-01,lag_5,0.0112269628491237,-0.00034157656753662345,0.0029141458439919015,0.0006160297026587859
2009-12-01,2010-01-01,lag_6,-0.003775936043751,6.247634179669777e-05,0.0029141458439919015,0.0006160297026587859
2009-12-01,2010-01-01,lag_7,-0.0101509109300241,-0.0002450540832208887,0.0029141458439919015,0.0006160297026587859
2009-12-01,2010-01-01,lag_8,-0.0083251150630712,-0.0007286149034918368,0.0029141458439919015,0.0006160297026587859
2009-12-01,2010-01-01,lag_9,-0.0157796956259579,-0.00038456530073392996,0.0029141458439919015,0.0006160297026587859
2009-12-01,2010-01-01,lag_10,-0.0061041746494812,0.00018052798770205492,0.0029141458439919015,0.0006160297026587859
2009-12-01,2010-01-01,lag_11,-0.02339069592911566,0.0015419392347570788,0.0029141458439919015,0.0006160297026587859
2009-12-01,2010-01-01,volatility_3m,0.0008757308781980086,-0.00019869507960649412,0.0029141458439919015,0.0006160297026587859
2010-01-01,2010-02-01,lag_0,0.0108406384790482,0.0026074896295484712,0.0036059218067487925,0.0007014602063304268
2010-01-01,2010-02-01,lag_1,0.0040498600148737,0.0008433140614582068,0.0036059218067487925,0.0007014602063304268
2010-01-01,2010-02-01,lag_2,0.0043287252217618,0.00038872763914540273,0.0036059218067487925,0.0007014602063304268
2010-01-01,2010-02-01,lag_3,0.0026918316470805,0.00024449616087118597,0.0036059218067487925,0.0007014602063304268
2010-01-01,2010-02-01,lag_4,0.008775750967465,-0.00038780733276851234,0.0036059218067487925,0.0007014602063304268
2010-01-01,2010-02-01,lag_5,0.0109072811177481,-0.00026815848346015066,0.0036059218067487925,0.0007014602063304268
2010-01-01,2010-02-01,lag_6,0.0112269628491237,-0.00024347974606603654,0.0036059218067487925,0.0007014602063304268
2010-01-01,2010-02-01,lag_7,-0.003775936043751,-7.524545937103927e-05,0.0036059218067487925,0.0007014602063304268
2010-01-01,2010-02-01,lag_8,-0.0101509109300241,-0.0008786933992866019,0.0036059218067487925,0.0007014602063304268
2010-01-01,2010-02-01,lag_9,-0.0083251150630712,-0.00016217835563492038,0.0036059218067487925,0.0007014602063304268
2010-01-01,2010-02-01,lag_10,-0.0157796956259579,0.00043773097884328475,0.0036059218067487925,0.0007014602063304268
2010-01-01,2010-02-01,lag_11,-0.0061041746494812,0.0004423569425824807,0.0036059218067487925,0.0007014602063304268
2010-01-01,2010-02-01,volatility_3m,0.003842686825289724,-4.4091035443405245e-05,0.0036059218067487925,0.0007014602063304268
2010-02-01,2010-03-01,lag_0,0.0037459440910962,0.0008389590887575585,0.0051812624066340926,0.0007572243447979744
2010-02-01,2010-03-01,lag_1,0.0108406384790482,0.0022800599093019376,0.0051812624066340926,0.0007572243447979744
2010-02-01,2010-03-01,lag_2,0.0040498600148737,0.0003534984741543162,0.0051812624066340926,0.0007572243447979744
2010-02-01,2010-03-01,lag_3,0.0043287252217618,0.00038155191578693234,0.0051812624066340926,0.0007572243447979744
2010-02-01,2010-03-01,lag_4,0.0026918316470805,-0.00011943928386007666,0.0051812624066340926,0.0007572243447979744
2010-02-01,2010-03-01,lag_5,0.008775750967465,-0.00021294489588664635,0.0051812624066340926,0.0007572243447979744
2010-02-01,2010-03-01,lag_6,0.0109072811177481,-0.0002318779103955359,0.0051812624066340926,0.0007572243447979744
2010-02-01,2010-03-01,lag_7,0.0112269628491237,0.0002711970551734629,0.0051812624066340926,0.0007572243447979744
2010-02-01,2010-03-01,lag_8,-0.003775936043751,-0.0002941625335881014,0.0051812624066340926,0.0007572243447979744
2010-02-01,2010-03-01,lag_9,-0.0101509109300241,-0.00019794841393240838,0.0051812624066340926,0.0007572243447979744
2010-02-01,2010-03-01,lag_10,-0.0083251150630712,0.00022360155472958183,0.0051812624066340926,0.0007572243447979744
2010-02-01,2010-03-01,lag_11,-0.0157796956259579,0.001169462001730988,0.0051812624066340926,0.0007572243447979744
2010-02-01,2010-03-01,volatility_3m,0.004011270071034429,-3.791890013589079e-05,0.0051812624066340926,0.0007572243447979744
2010-03-01,2010-04-01,lag_0,0.0068333611273256,0.0015737506412388546,0.006131010580612956,0.0008377588004157524
2010-03-01,2010-04-01,lag_1,0.0037459440910962,0.0007375384833917335,0.006131010580612956,0.0008377588004157524
2010-03-01,2010-04-01,lag_2,0.0108406384790482,0.0009547871083286585,0.006131010580612956,0.0008377588004157524
2010-03-01,2010-04-01,lag_3,0.0040498600148737,0.00034683837467418645,0.006131010580612956,0.0008377588004157524
2010-03-01,2010-04-01,lag_4,0.0043287252217618,-0.00018825423225783992,0.006131010580612956,0.0008377588004157524
2010-03-01,2010-04-01,lag_5,0.0026918316470805,-6.359116930391767e-05,0.006131010580612956,0.0008377588004157524
2010-03-01,2010-04-01,lag_6,0.008775750967465,-0.00017502613389782601,0.006131010580612956,0.0008377588004157524
2010-03-01,2010-04-01,lag_7,0.0109072811177481,0.00028042479182534724,0.006131010580612956,0.0008377588004157524
2010-03-01,2010-04-01,lag_8,0.0112269628491237,0.0010559291022450227,0.006131010580612956,0.0008377588004157524
2010-03-01,2010-04-01,lag_9,-0.003775936043751,-6.18507555372868e-05,0.006131010580612956,0.0008377588004157524
2010-03-01,2010-04-01,lag_10,-0.0101509109300241,0.0002800214847268092,0.006131010580612956,0.0008377588004157524
2010-03-01,2010-04-01,lag_11,-0.0083251150630712,0.000608830373717088,0.006131010580612956,0.0008377588004157524
2010-03-01,2010-04-01,volatility_3m,0.0035572719928728632,-5.614628895362638e-05,0.006131010580612956,0.0008377588004157524
2010-04-01,2010-05-01,lag_0,0.0033865562000299,0.0007015766656619042,0.006035463211741558,0.0009036264282578795
2010-04-01,2010-05-01,lag_1,0.0068333611273256,0.001386443877567215,0.006035463211741558,0.0009036264282578795
2010-04-01,2010-05-01,lag_2,0.0037459440910962,0.00030057720760087313,0.006035463211741558,0.0009036264282578795
2010-04-01,2010-05-01,lag_3,0.0108406384790482,0.0009444267812579149,0.006035463211741558,0.0009036264282578795
2010-04-01,2010-05-01,lag_4,0.0040498600148737,-0.00016885504829865211,0.006035463211741558,0.0009036264282578795
2010-04-01,2010-05-01,lag_5,0.0043287252217618,-9.556338809453557e-05,0.006035463211741558,0.0009036264282578795
2010-04-01,2010-05-01,lag_6,0.0026918316470805,-5.5757583554030945e-05,0.006035463211741558,0.0009036264282578795
2010-04-01,2010-05-01,lag_7,0.008775750967465,0.00020523405680528565,0.006035463211741558,0.0009036264282578795
2010-04-01,2010-05-01,lag_8,0.0109072811177481,0.0009902986058464474,0.006035463211741558,0.0009036264282578795
2010-04-01,2010-05-01,lag_9,0.0112269628491237,0.0002362283764392817,0.006035463211741558,0.0009036264282578795
2010-04-01,2010-05-01,lag_10,-0.003775936043751,8.569727270603976e-05,0.006035463211741558,0.0009036264282578795
2010-04-01,2010-05-01,lag_11,-0.0101509109300241,0.000726354813526943,0.006035463211741558,0.0009036264282578795
2010-04-01,2010-05-01,volatility_3m,0.0018948072821386758,-0.00012482485398100657,0.006035463211741558,0.0009036264282578795
2010-05-01,2010-06-01,lag_0,0.0134185316829222,0.003110165730747714,0.006045276228426745,0.000991330131850994
2010-05-01,2010-06-01,lag_1,0.0033865562000299,0.0006246067402395229,0.006045276228426745,0.000991330131850994
2010-05-01,2010-06-01,lag_2,0.0068333611273256,0.0005689945001455595,0.006045276228426745,0.000991330131850994
2010-05-01,2010-06-01,lag_3,0.0037459440910962,0.00031020175682910765,0.006045276228426745,0.000991330131850994
2010-05-01,2010-06-01,lag_4,0.0108406384790482,-0.00046935640076929593,0.006045276228426745,0.000991330131850994
2010-05-01,2010-06-01,lag_5,0.0040498600148737,-9.261589841226802e-05,0.006045276228426745,0.000991330131850994
2010-05-01,2010-06-01,lag_6,0.0043287252217618,-9.498311148921532e-05,0.006045276228426745,0.000991330131850994
2010-05-01,2010-06-01,lag_7,0.0026918316470805,6.801303037662092e-05,0.006045276228426745,0.000991330131850994
2010-05-01,2010-06-01,lag_8,0.008775750967465,0.0008213906511960625,0.006045276228426745,0.000991330131850994
2010-05-01,2010-06-01,lag_9,0.0109072811177481,0.00027819056761307513,0.006045276228426745,0.000991330131850994
2010-05-01,2010-06-01,lag_10,0.0112269628491237,-0.00033828573011271916,0.006045276228426745,0.000991330131850994
2010-05-01,2010-06-01,lag_11,-0.003775936043751,0.0002639964591927842,0.006045276228426745,0.000991330131850994
2010-05-01,2010-06-01,volatility_3m,0.005097147364661901,3.6278010188053944e-06,0.006045276228426745,0.000991330131850994
2010-06-01,2010-07-01,lag_0,0.0018475022092525,0.00029750751423077756,0.003677372357598528,0.0011008204784317519
2010-06-01,2010-07-01,lag_1,0.0134185316829222,0.0027408022316589916,0.003677372357598528,0.0011008204784317519
2010-06-01,2010-07-01,lag_2,0.0033865562000299,0.0002942034300548496,0.003677372357598528,0.0011008204784317519
2010-06-01,2010-07-01,lag_3,0.0068333611273256,0.0005671713912797917,0.003677372357598528,0.0011008204784317519
2010-06-01,2010-07-01,lag_4,0.0037459440910962,-0.0001872467011512158,0.003677372357598528,0.0011008204784317519
2010-06-01,2010-07-01,lag_5,0.0108406384790482,-0.0002247189519321858,0.003677372357598528,0.0011008204784317519
2010-06-01,2010-07-01,lag_6,0.0040498600148737,-0.00011052380892593235,0.003677372357598528,0.0011008204784317519
2010-06-01,2010-07-01,lag_7,0.0043287252217618,0.0001305654447879133,0.003677372357598528,0.0011008204784317519
2010-06-01,2010-07-01,lag_8,0.0026918316470805,0.0002651493797500414,0.003677372357598528,0.0011008204784317519
2010-06-01,2010-07-01,lag_9,0.008775750967465,0.00021268837448152017,0.003677372357598528,0.0011008204784317519
2010-06-01,2010-07-01,lag_10,0.0109072811177481,-0.00043684247194702546,0.003677372357598528,0.0011008204784317519
2010-06-01,2010-07-01,lag_11,0.0112269628491237,-0.0010121234335993118,0.003677372357598528,0.0011008204784317519
2010-06-01,2010-07-01,volatility_3m,0.006283549187579858,3.9919480478561873e-05,0.003677372357598528,0.0011008204784317519
2010-07-01,2010-08-01,lag_0,0.0037898457435989,0.0007595182043441034,0.0023046664512674747,0.0011233646222789957
2010-07-01,2010-08-01,lag_1,0.0018475022092525,0.0002639084399027394,0.0023046664512674747,0.0011233646222789957
2010-07-01,2010-08-01,lag_2,0.0134185316829222,0.001311269112021898,0.0023046664512674747,0.0011233646222789957
2010-07-01,2010-08-01,lag_3,0.0033865562000299,0.00025342579408289356,0.0023046664512674747,0.0011233646222789957
2010-07-01,2010-08-01,lag_4,0.0068333611273256,-0.00035147259240231993,0.0023046664512674747,0.0011233646222789957
2010-07-01,2010-08-01,lag_5,0.0037459440910962,-7.219472308567724e-05,0.0023046664512674747,0.0011233646222789957
2010-07-01,2010-08-01,lag_6,0.0108406384790482,-0.00029799913207898617,0.0023046664512674747,0.0011233646222789957
2010-07-01,2010-08-01,lag_7,0.0040498600148737,0.0001187458176240671,0.0023046664512674747,0.0011233646222789957
2010-07-01,2010-08-01,lag_8,0.0043287252217618,0.000413198505088712,0.0023046664512674747,0.0011233646222789957
2010-07-01,2010-08-01,lag_9,0.0026918316470805,6.566074379608786e-05,0.0023046664512674747,0.0011233646222789957
2010-07-01,2010-08-01,lag_10,0.008775750967465,-0.0003477967657361383,0.0023046664512674747,0.0011233646222789957
2010-07-01,2010-08-01,lag_11,0.0109072811177481,-0.0009716688588153744,0.0023046664512674747,0.0011233646222789957
2010-07-01,2010-08-01,volatility_3m,0.00619641044482035,3.670728424647375e-05,0.0023046664512674747,0.0011233646222789957
2010-08-01,2010-09-01,lag_0,0.0036579355962977,0.0007358126603452101,0.003187169980617073,0.0011140476574848972
2010-08-01,2010-09-01,lag_1,0.0037898457435989,0.0006725504329540588,0.003187169980617073,0.0011140476574848972
2010-08-01,2010-09-01,lag_2,0.0018475022092525,0.00012720821191959298,0.003187169980617073,0.0011140476574848972
2010-08-01,2010-09-01,lag_3,0.0134185316829222,0.001130069499770942,0.003187169980617073,0.0011140476574848972
2010-08-01,2010-09-01,lag_4,0.0033865562000299,-0.0001560050420619542,0.003187169980617073,0.0011140476574848972
2010-08-01,2010-09-01,lag_5,0.0068333611273256,-0.00013656587859879092,0.003187169980617073,0.0011140476574848972
2010-08-01,2010-09-01,lag_6,0.0037459440910962,-9.367970252515767e-05,0.003187169980617073,0.0011140476574848972
2010-08-01,2010-09-01,lag_7,0.0108406384790482,0.00031958632863696086,0.003187169980617073,0.0011140476574848972
2010-08-01,2010-09-01,lag_8,0.0040498600148737,0.0003755603919700044,0.003187169980617073,0.0011140476574848972
2010-08-01,2010-09-01,lag_9,0.0043287252217618,0.00010123634779553248,0.003187169980617073,0.0011140476574848972
2010-08-01,2010-09-01,lag_10,0.0026918316470805,-0.00010654249525478355,0.003187169980617073,0.0011140476574848972
2010-08-01,2010-09-01,lag_11,0.008775750967465,-0.0007691741587714761,0.003187169980617073,0.0011140476574848972
2010-08-01,2010-09-01,volatility_3m,0.0010853392512102874,-0.0001269342730479636,0.003187169980617073,0.0011140476574848972
2010-09-01,2010-10-01,lag_0,0.0029434252658697,0.0005672769383026166,0.0024876673688166077,0.0011008875540577463
2010-09-01,2010-10-01,lag_1,0.0036579355962977,0.0006518673695159181,0.0024876673688166077,0.0011008875540577463
2010-09-01,2010-10-01,lag_2,0.0037898457435989,0.0003245582227146973,0.0024876673688166077,0.0011008875540577463
2010-09-01,2010-10-01,lag_3,0.0018475022092525,0.00010861177493517143,0.0024876673688166077,0.0011008875540577463
2010-09-01,2010-10-01,lag_4,0.0134185316829222,-0.0006951784870975322,0.0024876673688166077,0.0011008875540577463
2010-09-01,2010-10-01,lag_5,0.0033865562000299,-6.118094309778997e-05,0.0024876673688166077,0.0011008875540577463
2010-09-01,2010-10-01,lag_6,0.0068333611273256,-0.00017533726198566934,0.0024876673688166077,0.0011008875540577463
2010-09-01,2010-10-01,lag_7,0.0037459440910962,0.0001023078231005549,0.0024876673688166077,0.0011008875540577463
2010-09-01,2010-10-01,lag_8,0.0108406384790482,0.0010158107197204235,0.0024876673688166077,0.0011008875540577463
2010-09-01,2010-10-01,lag_9,0.0040498600148737,9.215077496983714e-05,0.0024876673688166077,0.0011008875540577463
2010-09-01,2010-10-01,lag_10,0.0043287252217618,-0.00016572554273186396,0.0024876673688166077,0.0011008875540577463
2010-09-01,2010-10-01,lag_11,0.0026918316470805,-0.00023775644033471383,0.0024876673688166077,0.0011008875540577463
2010-09-01,2010-10-01,volatility_3m,0.0006672331475216492,-0.00014062513325278862,0.0024876673688166077,0.0011008875540577463
2010-10-01,2010-11-01,lag_0,-0.0028376912450953,-0.0008190806891954615,0.0011503211107013397,0.0010844013298085217
2010-10-01,2010-11-01,lag_1,0.0029434252658697,0.0005021721812582424,0.0011503211107013397,0.0010844013298085217
2010-10-01,2010-11-01,lag_2,0.0036579355962977,0.0003164225939821199,0.0011503211107013397,0.0010844013298085217
2010-10-01,2010-11-01,lag_3,0.0037898457435989,0.00028089462722875956,0.0011503211107013397,0.0010844013298085217
2010-10-01,2010-11-01,lag_4,0.0018475022092525,-7.071929946326146e-05,0.0011503211107013397,0.0010844013298085217
2010-10-01,2010-11-01,lag_5,0.0134185316829222,-0.0002562785838470956,0.0011503211107013397,0.0010844013298085217
2010-10-01,2010-11-01,lag_6,0.0033865562000299,-7.9822712589834e-05,0.0011503211107013397,0.0010844013298085217
2010-10-01,2010-11-01,lag_7,0.0068333611273256,0.00019640678965776495,0.0011503211107013397,0.0010844013298085217
2010-10-01,2010-11-01,lag_8,0.0037459440910962,0.00031882482095435375,0.0011503211107013397,0.0010844013298085217
2010-10-01,2010-11-01,lag_9,0.0108406384790482,0.00025036149721643745,0.0011503211107013397,0.0010844013298085217
2010-10-01,2010-11-01,lag_10,0.0040498600148737,-0.000151220751822191,0.0011503211107013397,0.0010844013298085217
2010-10-01,2010-11-01,lag_11,0.0043287252217618,-0.0003687739927577167,0.0011503211107013397,0.0010844013298085217
2010-10-01,2010-11-01,volatility_3m,0.0035619517399937185,-5.326669972929972e-05,0.0011503211107013397,0.0010844013298085217
2010-11-01,2010-12-01,lag_0,0.0008691845526112,9.888811610234392e-05,0.0003262862220488631,0.001049725627472544
2010-11-01,2010-12-01,lag_1,-0.0028376912450953,-0.0007235530298992445,0.0003262862220488631,0.001049725627472544
2010-11-01,2010-12-01,lag_2,0.0029434252658697,0.00024345420306025564,0.0003262862220488631,0.001049725627472544
2010-11-01,2010-12-01,lag_3,0.0036579355962977,0.0002723452165464096,0.0003262862220488631,0.001049725627472544
2010-11-01,2010-12-01,lag_4,0.0037898457435989,-0.00018017646958885979,0.0003262862220488631,0.001049725627472544
2010-11-01,2010-12-01,lag_5,0.0018475022092525,-2.494282219778405e-05,0.0003262862220488631,0.001049725627472544
2010-11-01,2010-12-01,lag_6,0.0134185316829222,-0.0003547600454188662,0.0003262862220488631,0.001049725627472544
2010-11-01,2010-12-01,lag_7,0.0033865562000299,8.751467569736109e-05,0.0003262862220488631,0.001049725627472544
2010-11-01,2010-12-01,lag_8,0.0068333611273256,0.0005992337767976823,0.0003262862220488631,0.001049725627472544
2010-11-01,2010-12-01,lag_9,0.0037459440910962,7.991326135770764e-05,0.0003262862220488631,0.001049725627472544
2010-11-01,2010-12-01,lag_10,0.0108406384790482,-0.0004083159644572747,0.0003262862220488631,0.001049725627472544
2010-11-01,2010-12-01,lag_11,0.0040498600148737,-0.0003354973986991671,0.0003262862220488631,0.001049725627472544
2010-11-01,2010-12-01,volatility_3m,0.0029287287011464398,-7.754292472424445e-05,0.0003262862220488631,0.001049725627472544
2010-12-01,2011-01-01,lag_0,0.009737829134778,0.002227093906967567,0.0027541350705631135,0.0010429286568739797
2010-12-01,2011-01-01,lag_1,0.0008691845526112,8.607591911742304e-05,0.0027541350705631135,0.0010429286568739797
2010-12-01,2011-01-01,lag_2,-0.0028376912450953,-0.0003508211979523517,0.0027541350705631135,0.0010429286568739797
2010-12-01,2011-01-01,lag_3,0.0029434252658697,0.0002112089638479585,0.0027541350705631135,0.0010429286568739797
2010-12-01,2011-01-01,lag_4,0.0036579355962977,-0.00017462538325833571,0.0027541350705631135,0.0010429286568739797
2010-12-01,2011-01-01,lag_5,0.0037898457435989,-6.636316154801597e-05,0.0027541350705631135,0.0010429286568739797
2010-12-01,2011-01-01,lag_6,0.0018475022092525,-2.9142070381326384e-05,0.0027541350705631135,0.0010429286568739797
2010-12-01,2011-01-01,lag_7,0.0134185316829222,0.0003756615120600116,0.0027541350705631135,0.0010429286568739797
2010-12-01,2011-01-01,lag_8,0.0033865562000299,0.00026942309992549466,0.0027541350705631135,0.0010429286568739797
2010-12-01,2011-01-01,lag_9,0.0068333611273256,0.0001453335595395912,0.0027541350705631135,0.0010429286568739797
2010-12-01,2011-01-01,lag_10,0.0037459440910962,-0.00012055731790544558,0.0027541350705631135,0.0010429286568739797
2010-12-01,2011-01-01,lag_11,0.0108406384790482,-0.0009143222377488941,0.0027541350705631135,0.0010429286568739797
2010-12-01,2011-01-01,volatility_3m,0.006461907583794786,5.2240821025457054e-05,0.0027541350705631135,0.0010429286568739797
2011-01-01,2011-02-01,lag_0,-0.0021083561409289,-0.000635997034088435,0.0026608837108966056,0.001044257926827909
2011-01-01,2011-02-01,lag_1,0.009737829134778,0.001955374512768684,0.0026608837108966056,0.001044257926827909
2011-01-01,2011-02-01,lag_2,0.0008691845526112,4.320988048948824e-05,0.0026608837108966056,0.001044257926827909
2011-01-01,2011-02-01,lag_3,-0.0028376912450953,-0.00030542077637018785,0.0026608837108966056,0.001044257926827909
2011-01-01,2011-02-01,lag_4,0.0029434252658697,-0.0001356130784683719,0.0026608837108966056,0.001044257926827909
2011-01-01,2011-02-01,lag_5,0.0036579355962977,-6.422314086904077e-05,0.0026608837108966056,0.001044257926827909
2011-01-01,2011-02-01,lag_6,0.0037898457435989,-7.214694953967119e-05,0.0026608837108966056,0.001044257926827909
2011-01-01,2011-02-01,lag_7,0.0018475022092525,3.219935935181192e-05,0.0026608837108966056,0.001044257926827909
2011-01-01,2011-02-01,lag_8,0.0134185316829222,0.0012205836778208046,0.0026608837108966056,0.001044257926827909
2011-01-01,2011-02-01,lag_9,0.0033865562000299,6.529526632197561e-05,0.0026608837108966056,0.001044257926827909
2011-01-01,2011-02-01,lag_10,0.0068333611273256,-0.00022053005690853483,0.0026608837108966056,0.001044257926827909
2011-01-01,2011-02-01,lag_11,0.0037459440910962,-0.00030456134332297293,0.0026608837108966056,0.001044257926827909
2011-01-01,2011-02-01,volatility_3m,0.006162395514906774,3.845546688314628e-05,0.0026608837108966056,0.001044257926827909
2011-02-01,2011-03-01,lag_0,-0.003978748128941,-0.0010890129366293855,0.0003860578218656493,0.0010350625169233023
2011-02-01,2011-03-01,lag_1,-0.0021083561409289,-0.0005532737107667953,0.0003860578218656493,0.0010350625169233023
2011-02-01,2011-03-01,lag_2,0.009737829134778,0.0009823994764484474,0.0003860578218656493,0.0010350625169233023
2011-02-01,2011-03-01,lag_3,0.0008691845526112,3.7703199014648126e-05,0.0003860578218656493,0.0010350625169233023
2011-02-01,2011-03-01,lag_4,-0.0028376912450953,0.00019566240323887386,0.0003860578218656493,0.0010350625169233023
2011-02-01,2011-03-01,lag_5,0.0029434252658697,-4.823004403053102e-05,0.0003860578218656493,0.0010350625169233023
2011-02-01,2011-03-01,lag_6,0.0036579355962977,-7.121792238371095e-05,0.0003860578218656493,0.0010350625169233023
2011-02-01,2011-03-01,lag_7,0.0037898457435989,8.655258876883618e-05,0.0003860578218656493,0.0010350625169233023
2011-02-01,2011-03-01,lag_8,0.0018475022092525,0.0001114215671944575,0.0003860578218656493,0.0010350625169233023
2011-02-01,2011-03-01,lag_9,0.0134185316829222,0.00029849248130849195,0.0003860578218656493,0.0010350625169233023
2011-02-01,2011-03-01,lag_10,0.0033865562000299,-0.00010108244436693049,0.0003860578218656493,0.0010350625169233023
2011-02-01,2011-03-01,lag_11,0.0068333611273256,-0.0005686699251231288,0.0003860578218656493,0.0010350625169233023
2011-02-01,2011-03-01,volatility_3m,0.007438357385950742,7.025057226907414e-05,0.0003860578218656493,0.0010350625169233023
2011-03-01,2011-04-01,lag_0,0.0103489910718046,0.002322297243338607,0.0027750803318201058,0.0010566710297800646
2011-03-01,2011-04-01,lag_1,-0.003978748128941,-0.0009251054522184266,0.0027750803318201058,0.0010566710297800646
2011-03-01,2011-04-01,lag_2,-0.0021083561409289,-0.0003013244270782495,0.0027750803318201058,0.0010566710297800646
2011-03-01,2011-04-01,lag_3,0.009737829134778,0.0008505350258487028,0.0027750803318201058,0.0010566710297800646
2011-03-01,2011-04-01,lag_4,0.0008691845526112,-2.4153196247383995e-05,0.0027750803318201058,0.0010566710297800646
2011-03-01,2011-04-01,lag_5,-0.0028376912450953,6.951230512795464e-05,0.0027750803318201058,0.0010566710297800646
2011-03-01,2011-04-01,lag_6,0.0029434252658697,-5.5098955811950393e-05,0.0027750803318201058,0.0010566710297800646
2011-03-01,2011-04-01,lag_7,0.0036579355962977,8.392090836903624e-05,0.0027750803318201058,0.0010566710297800646
2011-03-01,2011-04-01,lag_8,0.0037898457435989,0.00028164796081874666,0.0027750803318201058,0.0010566710297800646
2011-03-01,2011-04-01,lag_9,0.0018475022092525,3.497297224273465e-05,0.0027750803318201058,0.0010566710297800646
2011-03-01,2011-04-01,lag_10,0.0134185316829222,-0.00046561474855361687,0.0027750803318201058,0.0010566710297800646
2011-03-01,2011-04-01,lag_11,0.0033865562000299,-0.00025249054830715865,0.0027750803318201058,0.0010566710297800646
2011-03-01,2011-04-01,volatility_3m,0.007788538334972329,9.931021451104511e-05,0.0027750803318201058,0.0010566710297800646
2011-04-01,2011-05-01,lag_0,-0.0032354993818444,-0.0008845750305756973,0.0003365618106867577,0.001052339557007853
2011-04-01,2011-05-01,lag_1,0.0103489910718046,0.0020487992848305828,0.0003365618106867577,0.001052339557007853
2011-04-01,2011-05-01,lag_2,-0.003978748128941,-0.0005186272946226733,0.0003365618106867577,0.001052339557007853
2011-04-01,2011-05-01,lag_3,-0.0021083561409289,-0.00023628041107552164,0.0003365618106867577,0.001052339557007853
2011-04-01,2011-05-01,lag_4,0.009737829134778,-0.000545421521301978,0.0003365618106867577,0.001052339557007853
2011-04-01,2011-05-01,lag_5,0.0008691845526112,-7.68478823470998e-06,0.0003365618106867577,0.001052339557007853
2011-04-01,2011-05-01,lag_6,-0.0028376912450953,8.044656134030357e-05,0.0003365618106867577,0.001052339557007853
2011-04-01,2011-05-01,lag_7,0.0029434252658697,6.535651149684834e-05,0.0003365618106867577,0.001052339557007853
2011-04-01,2011-05-01,lag_8,0.0036579355962977,0.0002729246020184166,0.0003365618106867577,0.001052339557007853
2011-04-01,2011-05-01,lag_9,0.0037898457435989,9.478741480823252e-05,0.0003365618106867577,0.001052339557007853
2011-04-01,2011-05-01,lag_10,0.0018475022092525,-5.043387963544829e-05,0.0003365618106867577,0.001052339557007853
2011-04-01,2011-05-01,lag_11,0.0134185316829222,-0.0011287905176632482,0.0003365618106867577,0.001052339557007853
2011-04-01,2011-05-01,volatility_3m,0.008066131974599346,9.372132229379791e-05,0.0003365618106867577,0.001052339557007853
2011-05-01,2011-06-01,lag_0,0.0012053529354325,0.00013909681767030975,0.0011130602938077096,0.0010529741733199612
2011-05-01,2011-06-01,lag_1,-0.0032354993818444,-0.000799584491313027,0.0011130602938077096,0.0010529741733199612
2011-05-01,2011-06-01,lag_2,0.0103489910718046,0.0011184139074591583,0.0011130602938077096,0.0010529741733199612
2011-05-01,2011-06-01,lag_3,-0.003978748128941,-0.0003969348639844874,0.0011130602938077096,0.0010529741733199612
2011-05-01,2011-06-01,lag_4,-0.0021083561409289,0.00015647507854773022,0.0011130602938077096,0.0010529741733199612
2011-05-01,2011-06-01,lag_5,0.009737829134778,-0.00017659814200315146,0.0011130602938077096,0.0010529741733199612
2011-05-01,2011-06-01,lag_6,0.0008691845526112,-9.673362050782734e-06,0.0011130602938077096,0.0010529741733199612
2011-05-01,2011-06-01,lag_7,-0.0028376912450953,-9.442707732459915e-05,0.0011130602938077096,0.0010529741733199612
2011-05-01,2011-06-01,lag_8,0.0029434252658697,0.00021029103361441532,0.0011130602938077096,0.0010529741733199612
2011-05-01,2011-06-01,lag_9,0.0036579355962977,9.181070120051648e-05,0.0011130602938077096,0.0010529741733199612
2011-05-01,2011-06-01,lag_10,0.0037898457435989,-0.00012976097540772234,0.0011130602938077096,0.0010529741733199612
2011-05-01,2011-06-01,lag_11,0.0018475022092525,-0.00010737418105614194,0.0011130602938077096,0.0010529741733199612
2011-05-01,2011-06-01,volatility_3m,0.006926587285694434,5.835167513552978e-05,0.0011130602938077096,0.0010529741733199612
2011-06-01,2011-07-01,lag_0,0.0030203149621863,0.0005750853477246936,0.001459944183393328,0.0011342996023916295
2011-06-01,2011-07-01,lag_1,0.0012053529354325,0.00012076237849019355,0.001459944183393328,0.0011342996023916295
2011-06-01,2011-07-01,lag_2,-0.0032354993818444,-0.0004958608331289828,0.001459944183393328,0.0011342996023916295
2011-06-01,2011-07-01,lag_3,0.0103489910718046,0.0007697337379791643,0.001459944183393328,0.0011342996023916295
2011-06-01,2011-07-01,lag_4,-0.003978748128941,0.00029051803644602217,0.001459944183393328,0.0011342996023916295
2011-06-01,2011-07-01,lag_5,-0.0021083561409289,4.872439117285518e-05,0.001459944183393328,0.0011342996023916295
2011-06-01,2011-07-01,lag_6,0.009737829134778,-0.0002702012407634249,0.001459944183393328,0.0011342996023916295
2011-06-01,2011-07-01,lag_7,0.0008691845526112,1.2847066979561045e-05,0.001459944183393328,0.0011342996023916295
2011-06-01,2011-07-01,lag_8,-0.0028376912450953,-0.00031951942837345627,0.001459944183393328,0.0011342996023916295
2011-06-01,2011-07-01,lag_9,0.0029434252658697,7.418868000169123e-05,0.001459944183393328,0.0011342996023916295
2011-06-01,2011-07-01,lag_10,0.0036579355962977,-0.00014701849326937877,0.001459944183393328,0.0011342996023916295
2011-06-01,2011-07-01,lag_11,0.0037898457435989,-0.0002760386285068826,0.001459944183393328,0.0011342996023916295
2011-06-01,2011-07-01,volatility_3m,0.0032184486317013597,-5.7576433750357394e-05,0.001459944183393328,0.0011342996023916295
2011-07-01,2011-08-01,lag_0,0.0049150558673387,0.0010108263699998678,0.001674105201802442,0.0011283773777591255
2011-07-01,2011-08-01,lag_1,0.0030203149621863,0.000500134836062134,0.001674105201802442,0.0011283773777591255
2011-07-01,2011-08-01,lag_2,0.0012053529354325,7.694553258439322e-05,0.001674105201802442,0.0011283773777591255
2011-07-01,2011-08-01,lag_3,-0.0032354993818444,-0.0003065587299311428,0.001674105201802442,0.0011283773777591255
2011-07-01,2011-08-01,lag_4,0.0103489910718046,-0.0006412429716481094,0.001674105201802442,0.0011283773777591255
2011-07-01,2011-08-01,lag_5,-0.003978748128941,8.55857753932302e-05,0.001674105201802442,0.0011283773777591255
2011-07-01,2011-08-01,lag_6,-0.0021083561409289,7.331612681076504e-05,0.001674105201802442,0.0011283773777591255
2011-07-01,2011-08-01,lag_7,0.009737829134778,0.00028795375730975475,0.001674105201802442,0.0011283773777591255
2011-07-01,2011-08-01,lag_8,0.0008691845526112,3.7706294287295285e-05,0.001674105201802442,0.0011283773777591255
2011-07-01,2011-08-01,lag_9,-0.0028376912450953,-0.00010780503371748097,0.001674105201802442,0.0011283773777591255
2011-07-01,2011-08-01,lag_10,0.0029434252658697,-0.00011249266836765623,0.001674105201802442,0.0011283773777591255
2011-07-01,2011-08-01,lag_11,0.0036579355962977,-0.00026615899768497604,0.001674105201802442,0.0011283773777591255
2011-07-01,2011-08-01,volatility_3m,0.001854994433918399,-9.248246705475852e-05,0.001674105201802442,0.0011283773777591255
2011-08-01,2011-09-01,lag_0,0.0067284438160486,0.0014212845797807788,0.0046353573859763955,0.0011522207773237455
2011-08-01,2011-09-01,lag_1,0.0049150558673387,0.0008775672804626899,0.0046353573859763955,0.0011522207773237455
2011-08-01,2011-09-01,lag_2,0.0030203149621863,0.00031761817265504107,0.0046353573859763955,0.0011522207773237455
2011-08-01,2011-09-01,lag_3,0.0012053529354325,4.682315995732945e-05,0.0046353573859763955,0.0011522207773237455
2011-08-01,2011-09-01,lag_4,-0.0032354993818444,0.00023941254617044263,0.0046353573859763955,0.0011522207773237455
2011-08-01,2011-09-01,lag_5,0.0103489910718046,-0.0002040643324779766,0.0046353573859763955,0.0011522207773237455
2011-08-01,2011-09-01,lag_6,-0.003978748128941,0.0001293450023372031,0.0046353573859763955,0.0011522207773237455
2011-08-01,2011-09-01,lag_7,-0.0021083561409289,-9.107894126298273e-05,0.0046353573859763955,0.0011522207773237455
2011-08-01,2011-09-01,lag_8,0.009737829134778,0.0008534936631116924,0.0046353573859763955,0.0011522207773237455
2011-08-01,2011-09-01,lag_9,0.0008691845526112,1.220903534379981e-05,0.0046353573859763955,0.0011522207773237455
2011-08-01,2011-09-01,lag_10,-0.0028376912450953,0.00016252000105310013,0.0046353573859763955,0.0011522207773237455
2011-08-01,2011-09-01,lag_11,0.0029434252658697,-0.00020328010988931064,0.0046353573859763955,0.0011522207773237455
2011-08-01,2011-09-01,volatility_3m,0.0018542131550889798,-7.871344858915767e-05,0.0046353573859763955,0.0011522207773237455
2011-09-01,2011-10-01,lag_0,-0.0008274225944706,-0.0003655926128166632,0.0027378724054579993,0.0011969972028545682
2011-09-01,2011-10-01,lag_1,0.0067284438160486,0.0012244507916431156,0.0027378724054579993,0.0011969972028545682
2011-09-01,2011-10-01,lag_2,0.0049150558673387,0.0005584899145128775,0.0027378724054579993,0.0011969972028545682
2011-09-01,2011-10-01,lag_3,0.0030203149621863,0.00019540826757239325,0.0027378724054579993,0.0011969972028545682
2011-09-01,2011-10-01,lag_4,0.0012053529354325,-3.6109836383929396e-05,0.0027378724054579993,0.0011969972028545682
2011-09-01,2011-10-01,lag_5,-0.0032354993818444,9.078349300284925e-05,0.0027378724054579993,0.0011969972028545682
2011-09-01,2011-10-01,lag_6,0.0103489910718046,-0.0002590686221309082,0.0027378724054579993,0.0011969972028545682
2011-09-01,2011-10-01,lag_7,-0.003978748128941,-0.00015844163576945767,0.0027378724054579993,0.0011969972028545682
2011-09-01,2011-10-01,lag_8,-0.0021083561409289,-0.00023999022027162674,0.0027378724054579993,0.0011969972028545682
2011-09-01,2011-10-01,lag_9,0.009737829134778,0.00028633738961322873,0.0027378724054579993,0.0011969972028545682
2011-09-01,2011-10-01,lag_10,0.0008691845526112,-1.8725933798022764e-05,0.0027378724054579993,0.0011969972028545682
2011-09-01,2011-10-01,lag_11,-0.0028376912450953,0.00029571888305106813,0.0027378724054579993,0.0011969972028545682
2011-09-01,2011-10-01,volatility_3m,0.003944522614767688,-3.238467562149338e-05,0.0027378724054579993,0.0011969972028545682
2011-10-01,2011-11-01,lag_0,0.0069164365872342,0.0014141236753633221,0.002755653740776136,0.0012546385947713773
2011-10-01,2011-11-01,lag_1,-0.0008274225944706,-0.0003199158489032435,0.002755653740776136,0.0012546385947713773
2011-10-01,2011-11-01,lag_2,0.0067284438160486,0.0007852304335387477,0.002755653740776136,0.0012546385947713773
2011-10-01,2011-11-01,lag_3,0.0049150558673387,0.0003434649724112755,0.002755653740776136,0.0012546385947713773
2011-10-01,2011-11-01,lag_4,0.0030203149621863,-0.00014999315058572774,0.002755653740776136,0.0012546385947713773
2011-10-01,2011-11-01,lag_5,0.0012053529354325,-1.5276683699549772e-05,0.002755653740776136,0.0012546385947713773
2011-10-01,2011-11-01,lag_6,-0.0032354993818444,9.155846854916733e-05,0.002755653740776136,0.0012546385947713773
2011-10-01,2011-11-01,lag_7,0.0103489910718046,0.0003282998137613452,0.002755653740776136,0.0012546385947713773
2011-10-01,2011-11-01,lag_8,-0.003978748128941,-0.0004002153638554987,0.002755653740776136,0.0012546385947713773
2011-10-01,2011-11-01,lag_9,-0.0021083561409289,-9.028001646650119e-05,0.002755653740776136,0.0012546385947713773
2011-10-01,2011-11-01,lag_10,0.009737829134778,-0.00043109596001195556,0.002755653740776136,0.0012546385947713773
2011-10-01,2011-11-01,lag_11,0.0008691845526112,-3.56383128867161e-05,0.002755653740776136,0.0012546385947713773
2011-10-01,2011-11-01,volatility_3m,0.004417650460024048,-1.924688120990706e-05,0.002755653740776136,0.0012546385947713773
2011-11-01,2011-12-01,lag_0,-8.659124192433865e-05,-0.00020386329223367222,0.0021594533432462075,0.0012763054311848362
2011-11-01,2011-12-01,lag_1,0.0069164365872342,0.0012544489062620487,0.0021594533432462075,0.0012763054311848362
2011-11-01,2011-12-01,lag_2,-0.0008274225944706,-0.00020238333547140512,0.0021594533432462075,0.0012763054311848362
2011-11-01,2011-12-01,lag_3,0.0067284438160486,0.0004788685433151796,0.0021594533432462075,0.0012763054311848362
2011-11-01,2011-12-01,lag_4,0.0049150558673387,-0.00026308408125386737,0.0021594533432462075,0.0012763054311848362
2011-11-01,2011-12-01,lag_5,0.0030203149621863,-6.375090757147715e-05,0.0021594533432462075,0.0012763054311848362
2011-11-01,2011-12-01,lag_6,0.0012053529354325,-1.3611049118318478e-05,0.0021594533432462075,0.0012763054311848362
2011-11-01,2011-12-01,lag_7,-0.0032354993818444,-0.00012171123274575352,0.0021594533432462075,0.0012763054311848362
2011-11-01,2011-12-01,lag_8,0.0103489910718046,0.0008782434807909261,0.0021594533432462075,0.0012763054311848362
2011-11-01,2011-12-01,lag_9,-0.003978748128941,-0.00015587663691500543,0.0021594533432462075,0.0012763054311848362
2011-11-01,2011-12-01,lag_10,-0.0021083561409289,0.00012979204733332565,0.0021594533432462075,0.0012763054311848362
2011-11-01,2011-12-01,lag_11,0.009737829134778,-0.0008100567754711755,0.0021594533432462075,0.0012763054311848362
2011-11-01,2011-12-01,volatility_3m,0.004273144527061974,-2.386775485943421e-05,0.0021594533432462075,0.0012763054311848362
2011-12-01,2012-01-01,lag_0,0.0052922619015616,0.0010336726326273281,0.0026639982610365317,0.001285110774713302
2011-12-01,2012-01-01,lag_1,-8.659124192433865e-05,-0.0001827831871350072,0.0026639982610365317,0.001285110774713302
2011-12-01,2012-01-01,lag_2,0.0069164365872342,0.0007815547006980808,0.0026639982610365317,0.001285110774713302
2011-12-01,2012-01-01,lag_3,-0.0008274225944706,-0.0001256777224879607,0.0026639982610365317,0.001285110774713302
2011-12-01,2012-01-01,lag_4,0.0067284438160486,-0.0003653405363691129,0.0026639982610365317,0.001285110774713302
2011-12-01,2012-01-01,lag_5,0.0049150558673387,-0.00011235345799499143,0.0026639982610365317,0.001285110774713302
2011-12-01,2012-01-01,lag_6,0.0030203149621863,-5.660304567477949e-05,0.0026639982610365317,0.001285110774713302
2011-12-01,2012-01-01,lag_7,0.0012053529354325,1.8312414689246206e-05,0.0026639982610365317,0.001285110774713302
2011-12-01,2012-01-01,lag_8,-0.0032354993818444,-0.00034901802970728084,0.0026639982610365317,0.001285110774713302
2011-12-01,2012-01-01,lag_9,0.0103489910718046,0.0003250466343592252,0.0026639982610365317,0.001285110774713302
2011-12-01,2012-01-01,lag_10,-0.003978748128941,0.00022373165755456005,0.0026639982610365317,0.001285110774713302
2011-12-01,2012-01-01,lag_11,-0.0021083561409289,0.00023105257243840154,0.0026639982610365317,0.001285110774713302
2011-12-01,2012-01-01,volatility_3m,0.0036654332014269294,-4.270714667447995e-05,0.0026639982610365317,0.001285110774713302
2012-01-01,2012-02-01,lag_0,0.0059465566157381,0.0011672623011202274,0.0034393978638316515,0.0013000335231453503
2012-01-01,2012-02-01,lag_1,0.0052922619015616,0.0009249128280446728,0.0034393978638316515,0.0013000335231453503
2012-01-01,2012-02-01,lag_2,-8.659124192433865e-05,-0.00011426141916187576,0.0034393978638316515,0.0013000335231453503
2012-01-01,2012-02-01,lag_3,0.0069164365872342,0.0004835072072851385,0.0034393978638316515,0.0013000335231453503
2012-01-01,2012-02-01,lag_4,-0.0008274225944706,9.351023220481898e-05,0.0034393978638316515,0.0013000335231453503
2012-01-01,2012-02-01,lag_5,0.0067284438160486,-0.000155239394920928,0.0034393978638316515,0.0013000335231453503
2012-01-01,2012-02-01,lag_6,0.0049150558673387,-9.923578947595273e-05,0.0034393978638316515,0.0013000335231453503
2012-01-01,2012-02-01,lag_7,0.0030203149621863,7.610612433561272e-05,0.0034393978638316515,0.0013000335231453503
2012-01-01,2012-02-01,lag_8,0.0012053529354325,5.37914703039256e-05,0.0034393978638316515,0.0013000335231453503
2012-01-01,2012-02-01,lag_9,-0.0032354993818444,-0.00013459674199861108,0.0034393978638316515,0.0013000335231453503
2012-01-01,2012-02-01,lag_10,0.0103489910718046,-0.0004951268607971222,0.0034393978638316515,0.0013000335231453503
2012-01-01,2012-02-01,lag_11,-0.003978748128941,0.0003909962707643746,0.0034393978638316515,0.0013000335231453503
2012-01-01,2012-02-01,volatility_3m,0.0033105648003677744,-5.2261887017979934e-05,0.0034393978638316515,0.0013000335231453503
2012-02-01,2012-03-01,lag_0,0.0032105037842917,0.0005439597920787262,0.0025551588486955185,0.0013003605039131653
2012-02-01,2012-03-01,lag_1,0.0059465566157381,0.001043322648421085,0.0025551588486955185,0.0013003605039131653
2012-02-01,2012-03-01,lag_2,0.0052922619015616,0.0005800395749558202,0.0025551588486955185,0.0013003605039131653
2012-02-01,2012-03-01,lag_3,-8.659124192433865e-05,-7.010881812407768e-05,0.0025551588486955185,0.0013003605039131653
2012-02-01,2012-03-01,lag_4,0.0069164365872342,-0.0003633894626720689,0.0025551588486955185,0.0013003605039131653
2012-02-01,2012-03-01,lag_5,-0.0008274225944706,4.044965233582932e-05,0.0025551588486955185,0.0013003605039131653
2012-02-01,2012-03-01,lag_6,0.0067284438160486,-0.00013875682700293317,0.0025551588486955185,0.0013003605039131653
2012-02-01,2012-03-01,lag_7,0.0049150558673387,0.00013344211332085446,0.0025551588486955185,0.0013003605039131653
2012-02-01,2012-03-01,lag_8,0.0030203149621863,0.00022383776586694666,0.0025551588486955185,0.0013003605039131653
2012-02-01,2012-03-01,lag_9,0.0012053529354325,2.1101108081535848e-05,0.0025551588486955185,0.0013003605039131653
2012-02-01,2012-03-01,lag_10,-0.0032354993818444,0.00019345856148726207,0.0025551588486955185,0.0013003605039131653
2012-02-01,2012-03-01,lag_11,0.0103489910718046,-0.0008451143052598623,0.0025551588486955185,0.0013003605039131653
2012-02-01,2012-03-01,volatility_3m,0.0014287409100489077,-0.0001074434587067648,0.0025551588486955185,0.0013003605039131653
2012-03-01,2012-04-01,lag_0,-0.0051911748236843,-0.0013754803883144985,0.002372082386349858,0.0012865245386546637
2012-03-01,2012-04-01,lag_1,0.0032105037842917,0.00048210566858779746,0.002372082386349858,0.0012865245386546637
2012-03-01,2012-04-01,lag_2,0.0059465566157381,0.0006529865352524097,0.002372082386349858,0.0012865245386546637
2012-03-01,2012-04-01,lag_3,0.0052922619015616,0.000366794366442331,0.002372082386349858,0.0012865245386546637
2012-03-01,2012-04-01,lag_4,-8.659124192433865e-05,5.436605885452679e-05,0.002372082386349858,0.0012865245386546637
2012-03-01,2012-04-01,lag_5,0.0069164365872342,-0.00014170970915622304,0.002372082386349858,0.0012865245386546637
2012-03-01,2012-04-01,lag_6,-0.0008274225944706,3.925024316288554e-05,0.002372082386349858,0.0012865245386546637
2012-03-01,2012-04-01,lag_7,0.0067284438160486,0.00018033800664679625,0.002372082386349858,0.0012865245386546637
2012-03-01,2012-04-01,lag_8,0.0049150558673387,0.00039370989298629424,0.002372082386349858,0.0012865245386546637
2012-03-01,2012-04-01,lag_9,0.0030203149621863,8.926976691240507e-05,0.002372082386349858,0.0012865245386546637
2012-03-01,2012-04-01,lag_10,0.0012053529354325,-2.7706967747116318e-05,0.002372082386349858,0.0012865245386546637
2012-03-01,2012-04-01,lag_11,-0.0032354993818444,0.00034606989145754755,0.002372082386349858,0.0012865245386546637
2012-03-01,2012-04-01,volatility_3m,0.005804068259202413,2.556448261003928e-05,0.002372082386349858,0.0012865245386546637
2012-04-01,2012-05-01,lag_0,0.0071677585057825,0.001448157014887885,0.0023688308987042106,0.0012980526166071745
2012-04-01,2012-05-01,lag_1,-0.0051911748236843,-0.0012246512041218112,0.0023688308987042106,0.0012980526166071745
2012-04-01,2012-05-01,lag_2,0.0032105037842917,0.000309006384772853,0.0023688308987042106,0.0012980526166071745
2012-04-01,2012-05-01,lag_3,0.0059465566157381,0.00041808197797489535,0.0023688308987042106,0.0012980526166071745
2012-04-01,2012-05-01,lag_4,0.0052922619015616,-0.0002800997365845394,0.0023688308987042106,0.0012980526166071745
2012-04-01,2012-05-01,lag_5,-8.659124192433865e-05,1.971482425298909e-05,0.0023688308987042106,0.0012980526166071745
2012-04-01,2012-05-01,lag_6,0.0069164365872342,-0.00016143112171601866,0.0023688308987042106,0.0012980526166071745
2012-04-01,2012-05-01,lag_7,-0.0008274225944706,-4.86955782031201e-05,0.0023688308987042106,0.0012980526166071745
2012-04-01,2012-05-01,lag_8,0.0067284438160486,0.0005567783665447647,0.0023688308987042106,0.0012980526166071745
2012-04-01,2012-05-01,lag_9,0.0049150558673387,0.0001590826569841528,0.0023688308987042106,0.0012980526166071745
2012-04-01,2012-05-01,lag_10,0.0030203149621863,-0.00011547309748808915,0.0023688308987042106,0.0012980526166071745
2012-04-01,2012-05-01,lag_11,0.0012053529354325,-5.511515438081001e-05,0.0023688308987042106,0.0012980526166071745
2012-04-01,2012-05-01,volatility_3m,0.0063112505549572364,4.5422949173884306e-05,0.0023688308987042106,0.0012980526166071745
2012-05-01,2012-06-01,lag_0,0.0023065483365494,0.00033944887473154984,0.0018502195771604433,0.0013074978841982568
2012-05-01,2012-06-01,lag_1,0.0071677585057825,0.0013070365109959126,0.0018502195771604433,0.0013074978841982568
2012-05-01,2012-06-01,lag_2,-0.0051911748236843,-0.000782286734354909,0.0018502195771604433,0.0013074978841982568
2012-05-01,2012-06-01,lag_3,0.0032105037842917,0.00019481452514477743,0.0018502195771604433,0.0013074978841982568
2012-05-01,2012-06-01,lag_4,0.0059465566157381,-0.0003158044395290114,0.0018502195771604433,0.0013074978841982568
2012-05-01,2012-06-01,lag_5,0.0052922619015616,-9.98043230654501e-05,0.0018502195771604433,0.0013074978841982568
2012-05-01,2012-06-01,lag_6,-8.659124192433865e-05,2.3449230285772434e-05,0.0018502195771604433,0.0013074978841982568
2012-05-01,2012-06-01,lag_7,0.0069164365872342,0.00018918261378918065,0.0018502195771604433,0.0013074978841982568
2012-05-01,2012-06-01,lag_8,-0.0008274225944706,-0.0001447861757425032,0.0018502195771604433,0.0013074978841982568
2012-05-01,2012-06-01,lag_9,0.0067284438160486,0.00022271219487221718,0.0018502195771604433,0.0013074978841982568
2012-05-01,2012-06-01,lag_10,0.0049150558673387,-0.00020276886243758514,0.0018502195771604433,0.0013074978841982568
2012-05-01,2012-06-01,lag_11,0.0030203149621863,-0.00022980705478133705,0.0018502195771604433,0.0013074978841982568
2012-05-01,2012-06-01,volatility_3m,0.006226160533576123,4.1335333053572395e-05,0.0018502195771604433,0.0013074978841982568
2012-06-01,2012-07-01,lag_0,5.529183852992503e-05,-0.0001459781655164296,0.0007675010054379596,0.0012687611174955504
2012-06-01,2012-07-01,lag_1,0.0023065483365494,0.0003028048669450284,0.0007675010054379596,0.0012687611174955504
2012-06-01,2012-07-01,lag_2,0.0071677585057825,0.0006426669782645688,0.0007675010054379596,0.0012687611174955504
2012-06-01,2012-07-01,lag_3,-0.0051911748236843,-0.0006536810946381833,0.0007675010054379596,0.0012687611174955504
2012-06-01,2012-07-01,lag_4,0.0032105037842917,-3.150174613837495e-05,0.0007675010054379596,0.0012687611174955504
2012-06-01,2012-07-01,lag_5,0.0059465566157381,-0.00012453103725939294,0.0007675010054379596,0.0012687611174955504
2012-06-01,2012-07-01,lag_6,0.0052922619015616,-1.5280631969678418e-05,0.0007675010054379596,0.0012687611174955504
2012-06-01,2012-07-01,lag_7,-8.659124192433865e-05,-1.4549753058692972e-05,0.0007675010054379596,0.0012687611174955504
2012-06-01,2012-07-01,lag_8,0.0069164365872342,0.0003253662738299971,0.0007675010054379596,0.0012687611174955504
2012-06-01,2012-07-01,lag_9,-0.0008274225944706,-9.959233054978019e-05,0.0007675010054379596,0.0012687611174955504
2012-06-01,2012-07-01,lag_10,0.0067284438160486,-0.00025340822767706714,0.0007675010054379596,0.0012687611174955504
2012-06-01,2012-07-01,lag_11,0.0049150558673387,-0.0003097738480956443,0.0007675010054379596,0.0012687611174955504
2012-06-01,2012-07-01,volatility_3m,0.0036351685477225854,-0.00012380139619394174,0.0007675010054379596,0.0012687611174955504
2012-07-01,2012-08-01,lag_0,0.0020967842001429,0.0002616326881108597,0.0019284951704940279,0.001256664561088386
2012-07-01,2012-08-01,lag_1,5.529183852992503e-05,-0.00015043899557711112,0.0019284951704940279,0.001256664561088386
2012-07-01,2012-08-01,lag_2,0.0023065483365494,0.00015356876595859194,0.0019284951704940279,0.001256664561088386
2012-07-01,2012-08-01,lag_3,0.0071677585057825,0.0006844327388723844,0.0019284951704940279,0.001256664561088386
2012-07-01,2012-08-01,lag_4,-0.0051911748236843,8.187010966442588e-05,0.0019284951704940279,0.001256664561088386
2012-07-01,2012-08-01,lag_5,0.0032105037842917,-5.6632997111007615e-05,0.0019284951704940279,0.001256664561088386
2012-07-01,2012-08-01,lag_6,0.0059465566157381,-1.4978603161938843e-05,0.0019284951704940279,0.001256664561088386
2012-07-01,2012-08-01,lag_7,0.0052922619015616,7.219929177796735e-05,0.0019284951704940279,0.001256664561088386
2012-07-01,2012-08-01,lag_8,-8.659124192433865e-05,-4.816971871141796e-05,0.0019284951704940279,0.001256664561088386
2012-07-01,2012-08-01,lag_9,0.0069164365872342,0.0003812472536940268,0.0019284951704940279,0.001256664561088386
2012-07-01,2012-08-01,lag_10,-0.0008274225944706,6.499930668529351e-05,0.0019284951704940279,0.001256664561088386
2012-07-01,2012-08-01,lag_11,0.0067284438160486,-0.0004327227311593355,0.0019284951704940279,0.001256664561088386
2012-07-01,2012-08-01,volatility_3m,0.001243640346946643,-0.0003251764996370968,0.0019284951704940279,0.001256664561088386
2012-08-01,2012-09-01,lag_0,-0.0042882704697033,-0.000984439805146825,0.0006567850861683448,0.0012472169841660596
2012-08-01,2012-09-01,lag_1,0.0020967842001429,0.0002715148125294751,0.0006567850861683448,0.0012472169841660596
2012-08-01,2012-09-01,lag_2,5.529183852992503e-05,-7.663151447548658e-05,0.0006567850861683448,0.0012472169841660596
2012-08-01,2012-09-01,lag_3,0.0023065483365494,0.00015954961734988957,0.0006567850861683448,0.0012472169841660596
2012-08-01,2012-09-01,lag_4,0.0071677585057825,-7.35197846132837e-05,0.0006567850861683448,0.0012472169841660596
2012-08-01,2012-09-01,lag_5,-0.0051911748236843,0.00014576080718454345,0.0006567850861683448,0.0012472169841660596
2012-08-01,2012-09-01,lag_6,0.0032105037842917,-8.758192274544205e-06,0.0006567850861683448,0.0012472169841660596
2012-08-01,2012-09-01,lag_7,0.0059465566157381,7.545169758275543e-05,0.0006567850861683448,0.0012472169841660596
2012-08-01,2012-09-01,lag_8,0.0052922619015616,0.0002497771003088471,0.0006567850861683448,0.0012472169841660596
2012-08-01,2012-09-01,lag_9,-8.659124192433865e-05,-5.4226351769091915e-05,0.0006567850861683448,0.0012472169841660596
2012-08-01,2012-09-01,lag_10,0.0069164365872342,-0.0002447099939399198,0.0006567850861683448,0.0012472169841660596
2012-08-01,2012-09-01,lag_11,-0.0008274225944706,0.00011386807707169685,0.0006567850861683448,0.0012472169841660596
2012-08-01,2012-09-01,volatility_3m,0.0032609596676682266,-0.00016406836780577148,0.0006567850861683448,0.0012472169841660596
2012-09-01,2012-10-01,lag_0,-0.000733960055224,-0.0002862477673596167,-0.00013353608006454144,0.0012233581390540874
2012-09-01,2012-10-01,lag_1,-0.0042882704697033,-0.0010206480711535356,-0.00013353608006454144,0.0012233581390540874
2012-09-01,2012-10-01,lag_2,0.0020967842001429,0.000137828867342652,-0.00013353608006454144,0.0012233581390540874
2012-09-01,2012-10-01,lag_3,5.529183852992503e-05,-7.921511211420465e-05,-0.00013353608006454144,0.0012233581390540874
2012-09-01,2012-10-01,lag_4,0.0023065483365494,-1.9087336333059018e-05,-0.00013353608006454144,0.0012233581390540874
2012-09-01,2012-10-01,lag_5,0.0071677585057825,-0.00013871436348247626,-0.00013353608006454144,0.0012233581390540874
2012-09-01,2012-10-01,lag_6,-0.0051911748236843,2.505492851162311e-05,-0.00013353608006454144,0.0012233581390540874
2012-09-01,2012-10-01,lag_7,0.0032105037842917,3.2490252202856386e-05,-0.00013353608006454144,0.0012233581390540874
2012-09-01,2012-10-01,lag_8,0.0059465566157381,0.00027923556089790686,-0.00013353608006454144,0.0012233581390540874
2012-09-01,2012-10-01,lag_9,0.0052922619015616,0.0002778581679152265,-0.00013353608006454144,0.0012233581390540874
2012-09-01,2012-10-01,lag_10,-8.659124192433865e-05,3.6685954749175165e-05,-0.00013353608006454144,0.0012233581390540874
2012-09-01,2012-10-01,lag_11,0.0069164365872342,-0.0004332031051061875,-0.00013353608006454144,0.0012233581390540874
2012-09-01,2012-10-01,volatility_3m,0.003199353025709351,-0.00016893219518898932,-0.00013353608006454144,0.0012233581390540874
2012-10-01,2012-11-01,lag_0,0.0034679632891858,0.0005523847510176277,0.0011493122969160022,0.0012031923995507753
2012-10-01,2012-11-01,lag_1,-0.000733960055224,-0.00028971446352438744,0.0011493122969160022,0.0012031923995507753
2012-10-01,2012-11-01,lag_2,-0.0042882704697033,-0.0005252628581542434,0.0011493122969160022,0.0012031923995507753
2012-10-01,2012-11-01,lag_3,0.0020967842001429,0.00014129652424320715,0.0011493122969160022,0.0012031923995507753
2012-10-01,2012-11-01,lag_4,5.529183852992503e-05,9.36717421517061e-06,0.0011493122969160022,0.0012031923995507753
2012-10-01,2012-11-01,lag_5,0.0023065483365494,-2.9553951266469658e-05,0.0011493122969160022,0.0012031923995507753
2012-10-01,2012-11-01,lag_6,0.0071677585057825,-4.509047377490992e-05,0.0011493122969160022,0.0012031923995507753
2012-10-01,2012-11-01,lag_7,-0.0051911748236843,-8.523043019271435e-05,0.0011493122969160022,0.0012031923995507753
2012-10-01,2012-11-01,lag_8,0.0032105037842917,0.00013216635419118237,0.0011493122969160022,0.0012031923995507753
2012-10-01,2012-11-01,lag_9,0.0059465566157381,0.00031807149239335413,0.0011493122969160022,0.0012031923995507753
2012-10-01,2012-11-01,lag_10,0.0052922619015616,-0.0001905825086414255,0.0011493122969160022,0.0012031923995507753
2012-10-01,2012-11-01,lag_11,-8.659124192433865e-05,6.196608672377386e-05,0.0011493122969160022,0.0012031923995507753
2012-10-01,2012-11-01,volatility_3m,0.003882620344503245,-0.00010369779986493836,0.0011493122969160022,0.0012031923995507753
2012-11-01,2012-12-01,lag_0,0.0036609386281414,0.0005732788901626528,0.0007988788433270116,0.001210420790502196
2012-11-01,2012-12-01,lag_1,0.0034679632891858,0.0005563637020527565,0.0007988788433270116,0.001210420790502196
2012-11-01,2012-12-01,lag_2,-0.000733960055224,-0.00014691506595147327,0.0007988788433270116,0.001210420790502196
2012-11-01,2012-12-01,lag_3,-0.0042882704697033,-0.0005348631754680858,0.0007988788433270116,0.001210420790502196
2012-11-01,2012-12-01,lag_4,0.0020967842001429,-1.711714767085942e-05,0.0007988788433270116,0.001210420790502196
2012-11-01,2012-12-01,lag_5,5.529183852992503e-05,1.4662274117274076e-05,0.0007988788433270116,0.001210420790502196
2012-11-01,2012-12-01,lag_6,0.0023065483365494,-8.376776206015755e-06,0.0007988788433270116,0.001210420790502196
2012-11-01,2012-12-01,lag_7,0.0071677585057825,7.698114377141898e-05,0.0007988788433270116,0.001210420790502196
2012-11-01,2012-12-01,lag_8,-0.0051911748236843,-0.0003362544401517879,0.0007988788433270116,0.001210420790502196
2012-11-01,2012-12-01,lag_9,0.0032105037842917,0.0001501435339488685,0.0007988788433270116,0.001210420790502196
2012-11-01,2012-12-01,lag_10,0.0059465566157381,-0.00020905521508880065,0.0007988788433270116,0.001210420790502196
2012-11-01,2012-12-01,lag_11,0.0052922619015616,-0.00031609132633022305,0.0007988788433270116,0.001210420790502196
2012-11-01,2012-12-01,volatility_3m,0.0024835637603649314,-0.0002142983443609095,0.0007988788433270116,0.001210420790502196
2012-12-01,2013-01-01,lag_0,0.0023667469005932,0.00032806044279314316,0.0014702724080105276,0.0012082361060555963
2012-12-01,2013-01-01,lag_1,0.0036609386281414,0.000573616676746223,0.0014702724080105276,0.0012082361060555963
2012-12-01,2013-01-01,lag_2,0.0034679632891858,0.0002783109334535312,0.0014702724080105276,0.0012082361060555963
2012-12-01,2013-01-01,lag_3,-0.000733960055224,-0.00015039632390487491,0.0014702724080105276,0.0012082361060555963
2012-12-01,2013-01-01,lag_4,-0.0042882704697033,6.316817357979583e-05,0.0014702724080105276,0.0012082361060555963
2012-12-01,2013-01-01,lag_5,0.0020967842001429,-2.651950930164342e-05,0.0014702724080105276,0.0012082361060555963
2012-12-01,2013-01-01,lag_6,5.529183852992503e-05,4.022319796674791e-06,0.0014702724080105276,0.0012082361060555963
2012-12-01,2013-01-01,lag_7,0.0023065483365494,2.150365472539791e-05,0.0014702724080105276,0.0012082361060555963
2012-12-01,2013-01-01,lag_8,0.0071677585057825,0.00033865317631514956,0.0014702724080105276,0.0012082361060555963
2012-12-01,2013-01-01,lag_9,-0.0051911748236843,-0.00038216025824475727,0.0014702724080105276,0.0012082361060555963
2012-12-01,2013-01-01,lag_10,0.0032105037842917,-9.606192179747182e-05,0.0014702724080105276,0.0012082361060555963
2012-12-01,2013-01-01,lag_11,0.0059465566157381,-0.0003550739757171589,0.0014702724080105276,0.0012082361060555963
2012-12-01,2013-01-01,volatility_3m,0.0006981940088070257,-0.00033508708648907743,0.0014702724080105276,0.0012082361060555963
2013-01-01,2013-02-01,lag_0,0.0002451126233573,-9.905826542330898e-05,0.002406258051725122,0.0011905223796620625
2013-01-01,2013-02-01,lag_1,0.0023667469005932,0.00032447968911078414,0.002406258051725122,0.0011905223796620625
2013-01-01,2013-02-01,lag_2,0.0036609386281414,0.0002873666992764479,0.002406258051725122,0.0011905223796620625
2013-01-01,2013-02-01,lag_3,0.0034679632891858,0.0002922315163329931,0.002406258051725122,0.0011905223796620625
2013-01-01,2013-02-01,lag_4,-0.000733960055224,1.587904432935098e-05,0.002406258051725122,0.0011905223796620625
2013-01-01,2013-02-01,lag_5,-0.0042882704697033,0.0001017353749361138,0.002406258051725122,0.0011905223796620625
2013-01-01,2013-02-01,lag_6,0.0020967842001429,-6.543016249251912e-06,0.002406258051725122,0.0011905223796620625
2013-01-01,2013-02-01,lag_7,5.529183852992503e-05,-1.0200485855143493e-05,0.002406258051725122,0.0011905223796620625
2013-01-01,2013-02-01,lag_8,0.0023065483365494,7.708936212150705e-05,0.002406258051725122,0.0011905223796620625
2013-01-01,2013-02-01,lag_9,0.0071677585057825,0.0004179380243324895,0.002406258051725122,0.0011905223796620625
2013-01-01,2013-02-01,lag_10,-0.0051911748236843,0.0002449685436434546,0.002406258051725122,0.0011905223796620625
2013-01-01,2013-02-01,lag_11,0.0032105037842917,-0.00016639486143161814,0.002406258051725122,0.0011905223796620625
2013-01-01,2013-02-01,volatility_3m,0.0017245352769638066,-0.000263755953060759,0.002406258051725122,0.0011905223796620625
2013-02-01,2013-03-01,lag_0,0.0046660051793319,0.0007769888410379759,0.0024041573119991688,0.0012210124061031791
2013-02-01,2013-03-01,lag_1,0.0002451126233573,-9.897066960708622e-05,0.0024041573119991688,0.0012210124061031791
2013-02-01,2013-03-01,lag_2,0.0023667469005932,0.000164972474219871,0.0024041573119991688,0.0012210124061031791
2013-02-01,2013-03-01,lag_3,0.0036609386281414,0.00030039677247506766,0.0024041573119991688,0.0012210124061031791
2013-02-01,2013-03-01,lag_4,0.0034679632891858,-3.28817896850362e-05,0.0024041573119991688,0.0012210124061031791
2013-02-01,2013-03-01,lag_5,-0.000733960055224,3.242786380500676e-05,0.0024041573119991688,0.0012210124061031791
2013-02-01,2013-03-01,lag_6,-0.0042882704697033,2.419822952583653e-05,0.0024041573119991688,0.0012210124061031791
2013-02-01,2013-03-01,lag_7,0.0020967842001429,1.8317300918839825e-05,0.0024041573119991688,0.0012210124061031791
2013-02-01,2013-03-01,lag_8,5.529183852992503e-05,-3.8720216964769225e-05,0.0024041573119991688,0.0012210124061031791
2013-02-01,2013-03-01,lag_9,0.0023065483365494,0.00010192311650663297,0.0024041573119991688,0.0012210124061031791
2013-02-01,2013-03-01,lag_10,0.0071677585057825,-0.00027481215119541256,0.0024041573119991688,0.0012210124061031791
2013-02-01,2013-03-01,lag_11,-0.0051911748236843,0.000422208909478529,0.0024041573119991688,0.0012210124061031791
2013-02-01,2013-03-01,volatility_3m,0.0022110409173871923,-0.00021290377461946587,0.0024041573119991688,0.0012210124061031791
2013-03-01,2013-04-01,lag_0,0.0040204876513261,0.0006611772993078172,0.001929086764178767,0.0012251229572669104
2013-03-01,2013-04-01,lag_1,0.0046660051793319,0.0007772019408263857,0.001929086764178767,0.0012251229572669104
2013-03-01,2013-04-01,lag_2,0.0002451126233573,-5.0115381650758635e-05,0.001929086764178767,0.0012251229572669104
2013-03-01,2013-04-01,lag_3,0.0023667469005932,0.0001700105557687479,0.001929086764178767,0.0012251229572669104
2013-03-01,2013-04-01,lag_4,0.0036609386281414,-3.283178706738863e-05,0.001929086764178767,0.0012251229572669104
2013-03-01,2013-04-01,lag_5,0.0034679632891858,-6.392133259533158e-05,0.001929086764178767,0.0012251229572669104
2013-03-01,2013-04-01,lag_6,-0.000733960055224,9.824753960131535e-06,0.001929086764178767,0.0012251229572669104
2013-03-01,2013-04-01,lag_7,-0.0042882704697033,-7.212721291226381e-05,0.001929086764178767,0.0012251229572669104
2013-03-01,2013-04-01,lag_8,0.0020967842001429,6.831185410724236e-05,0.001929086764178767,0.0012251229572669104
2013-03-01,2013-04-01,lag_9,5.529183852992503e-05,-5.159650677478486e-05,0.001929086764178767,0.0012251229572669104
2013-03-01,2013-04-01,lag_10,0.0023065483365494,-6.118162781210616e-05,0.001929086764178767,0.0012251229572669104
2013-03-01,2013-04-01,lag_11,0.0071677585057825,-0.0004662351427668841,0.001929086764178767,0.0012251229572669104
2013-03-01,2013-04-01,volatility_3m,0.00238797126142132,-0.00018455360547895092,0.001929086764178767,0.0012251229572669104
2013-04-01,2013-05-01,lag_0,-0.0008633445250438,-0.0003108677096739091,0.0013860417808234868,0.0012060860424345007
2013-04-01,2013-05-01,lag_1,0.0040204876513261,0.0006554668678651518,0.0013860417808234868,0.0012060860424345007
2013-04-01,2013-05-01,lag_2,0.0046660051793319,0.00040340941290608907,0.0013860417808234868,0.0012060860424345007
2013-04-01,2013-05-01,lag_3,0.0002451126233573,-5.179737558917747e-05,0.0013860417808234868,0.0012060860424345007
2013-04-01,2013-05-01,lag_4,0.0023667469005932,-2.0158983149611512e-05,0.0013860417808234868,0.0012060860424345007
2013-04-01,2013-05-01,lag_5,0.0036609386281414,-6.804412288555925e-05,0.0013860417808234868,0.0012060860424345007
2013-04-01,2013-05-01,lag_6,0.0034679632891858,-1.626620363967018e-05,0.0013860417808234868,0.0012060860424345007
2013-04-01,2013-05-01,lag_7,-0.000733960055224,-2.2902706875752616e-05,0.0013860417808234868,0.0012060860424345007
2013-04-01,2013-05-01,lag_8,-0.0042882704697033,-0.00025809752376475573,0.0013860417808234868,0.0012060860424345007
2013-04-01,2013-05-01,lag_9,0.0020967842001429,9.259988870348457e-05,0.0013860417808234868,0.0012060860424345007
2013-04-01,2013-05-01,lag_10,5.529183852992503e-05,3.0816181926404034e-05,0.0013860417808234868,0.0012060860424345007
2013-04-01,2013-05-01,lag_11,0.0023065483365494,-0.00011143290534430853,0.0013860417808234868,0.0012060860424345007
2013-04-01,2013-05-01,volatility_3m,0.003023304421743101,-0.00014276908208939892,0.0013860417808234868,0.0012060860424345007
2013-05-01,2013-06-01,lag_0,0.0007806732341153,3.1019371163448326e-05,0.0010351168102401861,0.0011809324186054927
2013-05-01,2013-06-01,lag_1,-0.0008633445250438,-0.00031002089043561325,0.0010351168102401861,0.0011809324186054927
2013-05-01,2013-06-01,lag_2,0.0040204876513261,0.0003388139574557189,0.0010351168102401861,0.0011809324186054927
2013-05-01,2013-06-01,lag_3,0.0046660051793319,0.00040876069280712497,0.0010351168102401861,0.0011809324186054927
2013-05-01,2013-06-01,lag_4,0.0002451126233573,6.120248489138704e-06,0.0010351168102401861,0.0011809324186054927
2013-05-01,2013-06-01,lag_5,0.0023667469005932,-3.8676209178571566e-05,0.0010351168102401861,0.0011809324186054927
2013-05-01,2013-06-01,lag_6,0.0036609386281414,-1.697146116646393e-05,0.0010351168102401861,0.0011809324186054927
2013-05-01,2013-06-01,lag_7,0.0034679632891858,4.393579815947359e-05,0.0010351168102401861,0.0011809324186054927
2013-05-01,2013-06-01,lag_8,-0.000733960055224,-7.539246116432709e-05,0.0010351168102401861,0.0011809324186054927
2013-05-01,2013-06-01,lag_9,-0.0042882704697033,-0.00034914294180245236,0.0010351168102401861,0.0011809324186054927
2013-05-01,2013-06-01,lag_10,0.0020967842001429,-5.464375237391922e-05,0.0010351168102401861,0.0011809324186054927
2013-05-01,2013-06-01,lag_11,5.529183852992503e-05,5.5887883241784394e-05,0.0010351168102401861,0.0011809324186054927
2013-05-01,2013-06-01,volatility_3m,0.002484988550521693,-0.00018550584356064815,0.0010351168102401861,0.0011809324186054927
2013-06-01,2013-07-01,lag_0,0.0020727838311218,0.0002862785338464555,0.001628413334789856,0.0012576049488792103
2013-06-01,2013-07-01,lag_1,0.0007806732341153,2.869351540787199e-05,0.001628413334789856,0.0012576049488792103
2013-06-01,2013-07-01,lag_2,-0.0008633445250438,-0.00015258405175986418,0.001628413334789856,0.0012576049488792103
2013-06-01,2013-07-01,lag_3,0.0040204876513261,0.0003418115550185345,0.001628413334789856,0.0012576049488792103
2013-06-01,2013-07-01,lag_4,0.0046660051793319,-6.109475805162965e-05,0.001628413334789856,0.0012576049488792103
2013-06-01,2013-07-01,lag_5,0.0002451126233573,8.22382685945198e-06,0.001628413334789856,0.0012576049488792103
2013-06-01,2013-07-01,lag_6,0.0023667469005932,-2.3835366424724467e-05,0.001628413334789856,0.0012576049488792103
2013-06-01,2013-07-01,lag_7,0.0036609386281414,9.87825326152948e-05,0.001628413334789856,0.0012576049488792103
2013-06-01,2013-07-01,lag_8,0.0034679632891858,0.0001372442976707,0.001628413334789856,0.0012576049488792103
2013-06-01,2013-07-01,lag_9,-0.000733960055224,-0.00011827537113013695,0.001628413334789856,0.0012576049488792103
2013-06-01,2013-07-01,lag_10,-0.0042882704697033,0.00026585743007995807,0.001628413334789856,0.0012576049488792103
2013-06-01,2013-07-01,lag_11,0.0020967842001429,-0.00010617830579917011,0.001628413334789856,0.0012576049488792103
2013-06-01,2013-07-01,volatility_3m,0.0014715747750401445,-0.00033411545242209584,0.001628413334789856,0.0012576049488792103
2013-07-01,2013-08-01,lag_0,-0.0031067520457499,-0.000703471073854924,0.0011824982731072154,0.0012268148725233284
2013-07-01,2013-08-01,lag_1,0.0020727838311218,0.00026849920629672553,0.0011824982731072154,0.0012268148725233284
2013-07-01,2013-08-01,lag_2,0.0007806732341153,1.4849129720308567e-05,0.0011824982731072154,0.0012268148725233284
2013-07-01,2013-08-01,lag_3,-0.0008633445250438,-0.0001667228370311908,0.0011824982731072154,0.0012268148725233284
2013-07-01,2013-08-01,lag_4,0.0040204876513261,-5.875066521559903e-05,0.0011824982731072154,0.0012268148725233284
2013-07-01,2013-08-01,lag_5,0.0046660051793319,-6.577641948882667e-05,0.0011824982731072154,0.0012268148725233284
2013-07-01,2013-08-01,lag_6,0.0002451126233573,6.737827153985636e-06,0.0011824982731072154,0.0012268148725233284
2013-07-01,2013-08-01,lag_7,0.0023667469005932,5.424433305711878e-05,0.0011824982731072154,0.0012268148725233284
2013-07-01,2013-08-01,lag_8,0.0036609386281414,0.00014123462450411518,0.0011824982731072154,0.0012268148725233284
2013-07-01,2013-08-01,lag_9,0.0034679632891858,0.00022604684100389094,0.0011824982731072154,0.0012268148725233284
2013-07-01,2013-08-01,lag_10,-0.000733960055224,6.904904481903326e-05,0.0011824982731072154,0.0012268148725233284
2013-07-01,2013-08-01,lag_11,-0.0042882704697033,0.00040006636660226555,0.0011824982731072154,0.0012268148725233284
2013-07-01,2013-08-01,volatility_3m,0.002695960465870887,-0.0002303229769830159,0.0011824982731072154,0.0012268148725233284
2013-08-01,2013-09-01,lag_0,0.0057654622391307,0.0010024866221206147,0.0018722124673473406,0.0012262715051602096
2013-08-01,2013-09-01,lag_1,-0.0031067520457499,-0.0006664955635034055,0.0018722124673473406,0.0012262715051602096
2013-08-01,2013-09-01,lag_2,0.0020727838311218,0.00014577265067002091,0.0018722124673473406,0.0012262715051602096
2013-08-01,2013-09-01,lag_3,0.0007806732341153,1.594930445017525e-05,0.0018722124673473406,0.0012262715051602096
2013-08-01,2013-09-01,lag_4,-0.0008633445250438,2.3905992467974945e-05,0.0018722124673473406,0.0012262715051602096
2013-08-01,2013-09-01,lag_5,0.0040204876513261,-4.622754588682623e-05,0.0018722124673473406,0.0012262715051602096
2013-08-01,2013-09-01,lag_6,0.0046660051793319,-5.379861295304467e-05,0.0018722124673473406,0.0012262715051602096
2013-08-01,2013-09-01,lag_7,0.0002451126233573,-1.7377550239241208e-05,0.0018722124673473406,0.0012262715051602096
2013-08-01,2013-09-01,lag_8,0.0023667469005932,7.874874295108863e-05,0.0018722124673473406,0.0012262715051602096
2013-08-01,2013-09-01,lag_9,0.0036609386281414,0.00022999106729091207,0.0018722124673473406,0.0012262715051602096
2013-08-01,2013-09-01,lag_10,0.0034679632891858,-0.00014718925571341663,0.0018722124673473406,0.0012262715051602096
2013-08-01,2013-09-01,lag_11,-0.000733960055224,0.00011659240759382806,0.0018722124673473406,0.0012262715051602096
2013-08-01,2013-09-01,volatility_3m,0.004456823458503743,-3.641729706154985e-05,0.0018722124673473406,0.0012262715051602096
2013-09-01,2013-10-01,lag_0,0.0050716945710824,0.000900641373937017,0.0027313596007993053,0.0012412772311539196
2013-09-01,2013-10-01,lag_1,0.0057654622391307,0.0009578450181006021,0.0027313596007993053,0.0012412772311539196
2013-09-01,2013-10-01,lag_2,-0.0031067520457499,-0.0003479570532689445,0.0027313596007993053,0.0012412772311539196
2013-09-01,2013-10-01,lag_3,0.0020727838311218,0.00014109138537709925,0.0027313596007993053,0.0012412772311539196
2013-09-01,2013-10-01,lag_4,0.0007806732341153,-2.09404941602047e-06,0.0027313596007993053,0.0012412772311539196
2013-09-01,2013-10-01,lag_5,-0.0008633445250438,2.0578017457077828e-05,0.0027313596007993053,0.0012412772311539196
2013-09-01,2013-10-01,lag_6,0.0040204876513261,-6.421000562878251e-05,0.0027313596007993053,0.0012412772311539196
2013-09-01,2013-10-01,lag_7,0.0046660051793319,0.0001447602645829815,0.0027313596007993053,0.0012412772311539196
2013-09-01,2013-10-01,lag_8,0.0002451126233573,-2.3534982465274424e-05,0.0027313596007993053,0.0012412772311539196
2013-09-01,2013-10-01,lag_9,0.0023667469005932,0.0001250352957391251,0.0027313596007993053,0.0012412772311539196
2013-09-01,2013-10-01,lag_10,0.0036609386281414,-0.00014848863563763273,0.0027313596007993053,0.0012412772311539196
2013-09-01,2013-10-01,lag_11,0.0034679632891858,-0.00022582889128396034,0.0027313596007993053,0.0012412772311539196
2013-09-01,2013-10-01,volatility_3m,0.004934309964565195,1.224463215209811e-05,0.0027313596007993053,0.0012412772311539196
2013-10-01,2013-11-01,lag_0,-0.0007890413557394,-0.0002685790168403862,0.0017967619332799841,0.0012426662522189685
2013-10-01,2013-11-01,lag_1,0.0050716945710824,0.0008196227863991759,0.0017967619332799841,0.0012426662522189685
2013-10-01,2013-11-01,lag_2,0.0057654622391307,0.000537638300726127,0.0017967619332799841,0.0012426662522189685
2013-10-01,2013-11-01,lag_3,-0.0031067520457499,-0.00035758239698662885,0.0017967619332799841,0.0012426662522189685
2013-10-01,2013-11-01,lag_4,0.0020727838311218,-2.1522072728926954e-05,0.0017967619332799841,0.0012426662522189685
2013-10-01,2013-11-01,lag_5,0.0007806732341153,-1.4537016153259287e-06,0.0017967619332799841,0.0012426662522189685
2013-10-01,2013-11-01,lag_6,-0.0008633445250438,2.6174639193620024e-05,0.0017967619332799841,0.0012426662522189685
2013-10-01,2013-11-01,lag_7,0.0040204876513261,0.00012105605754470271,0.0017967619332799841,0.0012426662522189685
2013-10-01,2013-11-01,lag_8,0.0046660051793319,0.00019014893930277663,0.0017967619332799841,0.0012426662522189685
2013-10-01,2013-11-01,lag_9,0.0002451126233573,-3.795788936548255e-05,0.0017967619332799841,0.0012426662522189685
2013-10-01,2013-11-01,lag_10,0.0023667469005932,-8.882696970742243e-05,0.0017967619332799841,0.0012426662522189685
2013-10-01,2013-11-01,lag_11,0.0036609386281414,-0.00023414280654884595,0.0017967619332799841,0.0012426662522189685
2013-10-01,2013-11-01,volatility_3m,0.003600718830000801,-0.00013048018831236745,0.0017967619332799841,0.0012426662522189685
2013-11-01,2013-12-01,lag_0,0.0023333600077277,0.0003400459058880062,0.002544748865467977,0.0012857443881806854
2013-11-01,2013-12-01,lag_1,-0.0007890413557394,-0.0002654105480137188,0.002544748865467977,0.0012857443881806854
2013-11-01,2013-12-01,lag_2,0.0050716945710824,0.0004895905468564838,0.002544748865467977,0.0012857443881806854
2013-11-01,2013-12-01,lag_3,0.0057654622391307,0.0005099624053935782,0.002544748865467977,0.0012857443881806854
2013-11-01,2013-12-01,lag_4,-0.0031067520457499,7.968676408885459e-05,0.002544748865467977,0.0012857443881806854
2013-11-01,2013-12-01,lag_5,0.0020727838311218,-2.4033776200848945e-05,0.002544748865467977,0.0012857443881806854
2013-11-01,2013-12-01,lag_6,0.0007806732341153,-2.96180829557668e-06,0.002544748865467977,0.0012857443881806854
2013-11-01,2013-12-01,lag_7,-0.0008633445250438,-5.336607391008326e-05,0.002544748865467977,0.0012857443881806854
2013-11-01,2013-12-01,lag_8,0.0040204876513261,0.00018981528143967901,0.002544748865467977,0.0012857443881806854
2013-11-01,2013-12-01,lag_9,0.0046660051793319,0.0003010486617562854,0.002544748865467977,0.0012857443881806854
2013-11-01,2013-12-01,lag_10,0.0002451126233573,2.6911846628544107e-05,0.002544748865467977,0.0012857443881806854
2013-11-01,2013-12-01,lag_11,0.0023667469005932,-0.00013719562793649716,0.002544748865467977,0.0012857443881806854
2013-11-01,2013-12-01,volatility_3m,0.002932464607896231,-0.00019508910040741412,0.002544748865467977,0.0012857443881806854
2013-12-01,2014-01-01,lag_0,0.002008631714113,0.0002698399660853503,0.0017807965616004572,0.0012744969355480455
2013-12-01,2014-01-01,lag_1,0.0023333600077277,0.00033077266084095966,0.0017807965616004572,0.0012744969355480455
2013-12-01,2014-01-01,lag_2,-0.0007890413557394,-0.0001551890384823751,0.0017807965616004572,0.0012744969355480455
2013-12-01,2014-01-01,lag_3,0.0050716945710824,0.00040480853744621274,0.0017807965616004572,0.0012744969355480455
2013-12-01,2014-01-01,lag_4,0.0057654622391307,-4.755660602295136e-05,0.0017807965616004572,0.0012744969355480455
2013-12-01,2014-01-01,lag_5,-0.0031067520457499,6.372070528608365e-05,0.0017807965616004572,0.0012744969355480455
2013-12-01,2014-01-01,lag_6,0.0020727838311218,-2.389547658672474e-05,0.0017807965616004572,0.0012744969355480455
2013-12-01,2014-01-01,lag_7,0.0007806732341153,5.766255557031026e-06,0.0017807965616004572,0.0012744969355480455
2013-12-01,2014-01-01,lag_8,-0.0008633445250438,-8.9946304093016e-05,0.0017807965616004572,0.0012744969355480455
2013-12-01,2014-01-01,lag_9,0.0040204876513261,0.00023352757667218752,0.0017807965616004572,0.0012744969355480455
2013-12-01,2014-01-01,lag_10,0.0046660051793319,-0.00021011147434706892,0.0017807965616004572,0.0012744969355480455
2013-12-01,2014-01-01,lag_11,0.0002451126233573,4.41203334273182e-05,0.0017807965616004572,0.0012744969355480455
2013-12-01,2014-01-01,volatility_3m,0.0017166737869609198,-0.0003195575097305955,0.0017807965616004572,0.0012744969355480455
2014-01-01,2014-02-01,lag_0,-0.0035639327448748,-0.000784121789691628,4.395232857492713e-05,0.001255296426758176
2014-01-01,2014-02-01,lag_1,0.002008631714113,0.00025394500853301874,4.395232857492713e-05,0.001255296426758176
2014-01-01,2014-02-01,lag_2,0.0023333600077277,0.00019834652970288937,4.395232857492713e-05,0.001255296426758176
2014-01-01,2014-02-01,lag_3,-0.0007890413557394,-0.00012195210905009374,4.395232857492713e-05,0.001255296426758176
2014-01-01,2014-02-01,lag_4,0.0050716945710824,-2.7811798501520203e-05,4.395232857492713e-05,0.001255296426758176
2014-01-01,2014-02-01,lag_5,0.0057654622391307,-5.14778519419263e-05,4.395232857492713e-05,0.001255296426758176
2014-01-01,2014-02-01,lag_6,-0.0031067520457499,5.2539770477939966e-05,4.395232857492713e-05,0.001255296426758176
2014-01-01,2014-02-01,lag_7,0.0020727838311218,5.9074591216137445e-05,4.395232857492713e-05,0.001255296426758176
2014-01-01,2014-02-01,lag_8,0.0007806732341153,8.626853474728484e-06,4.395232857492713e-05,0.001255296426758176
2014-01-01,2014-02-01,lag_9,-0.0008633445250438,-0.00010513723712296073,4.395232857492713e-05,0.001255296426758176
2014-01-01,2014-02-01,lag_10,0.0040204876513261,-0.00017392895015806557,4.395232857492713e-05,0.001255296426758176
2014-01-01,2014-02-01,lag_11,0.0046660051793319,-0.00034799075529390317,4.395232857492713e-05,0.001255296426758176
2014-01-01,2014-02-01,volatility_3m,0.0033150410988941974,-0.000171456359827865,4.395232857492713e-05,0.001255296426758176
2014-02-01,2014-03-01,lag_0,0.007528506037616,0.0012607040629473028,0.001800005472429134,0.0012886825413234086
2014-02-01,2014-03-01,lag_1,-0.0035639327448748,-0.0007641580481485832,0.001800005472429134,0.0012886825413234086
2014-02-01,2014-03-01,lag_2,0.002008631714113,0.0001495100444868255,0.001800005472429134,0.0012886825413234086
2014-02-01,2014-03-01,lag_3,0.0023333600077277,0.00015744864711308155,0.001800005472429134,0.0012886825413234086
2014-02-01,2014-03-01,lag_4,-0.0007890413557394,1.3407720900557854e-05,0.001800005472429134,0.0012886825413234086
2014-02-01,2014-03-01,lag_5,0.0050716945710824,-2.719449235162961e-05,0.001800005472429134,0.0012886825413234086
2014-02-01,2014-03-01,lag_6,0.0057654622391307,-8.843248773770395e-05,0.001800005472429134,0.0012886825413234086
2014-02-01,2014-03-01,lag_7,-0.0031067520457499,-0.00015115815501694482,0.001800005472429134,0.0012886825413234086
2014-02-01,2014-03-01,lag_8,0.0020727838311218,7.438999918762616e-05,0.001800005472429134,0.0012886825413234086
2014-02-01,2014-03-01,lag_9,0.0007806732341153,1.031609040279037e-05,0.001800005472429134,0.0012886825413234086
2014-02-01,2014-03-01,lag_10,-0.0008633445250438,8.495508673375293e-05,0.001800005472429134,0.0012886825413234086
2014-02-01,2014-03-01,lag_11,0.0040204876513261,-0.0002932519271217476,0.001800005472429134,0.0012886825413234086
2014-02-01,2014-03-01,volatility_3m,0.0055462402481342805,8.478638971039745e-05,0.001800005472429134,0.0012886825413234086
2014-03-01,2014-04-01,lag_0,0.0096386050748114,0.00168711982594548,0.004334693491071515,0.001302648129650728
2014-03-01,2014-04-01,lag_1,0.007528506037616,0.0012356456619833124,0.004334693491071515,0.001302648129650728
2014-03-01,2014-04-01,lag_2,-0.0035639327448748,-0.0004694296212562912,0.004334693491071515,0.001302648129650728
2014-03-01,2014-04-01,lag_3,0.002008631714113,0.00012352489255678872,0.004334693491071515,0.001302648129650728
2014-03-01,2014-04-01,lag_4,0.0023333600077277,-2.368611979232515e-05,0.004334693491071515,0.001302648129650728
2014-03-01,2014-04-01,lag_5,-0.0007890413557394,1.3187125171894406e-05,0.004334693491071515,0.001302648129650728
2014-03-01,2014-04-01,lag_6,0.0050716945710824,-6.488786923378418e-05,0.004334693491071515,0.001302648129650728
2014-03-01,2014-04-01,lag_7,0.0057654622391307,0.00020125039054040098,0.004334693491071515,0.001302648129650728
2014-03-01,2014-04-01,lag_8,-0.0031067520457499,-0.00019710472399032394,0.004334693491071515,0.001302648129650728
2014-03-01,2014-04-01,lag_9,0.0020727838311218,0.0001005084319016334,0.004334693491071515,0.001302648129650728
2014-03-01,2014-04-01,lag_10,0.0007806732341153,-7.9090821444931e-06,0.004334693491071515,0.001302648129650728
2014-03-01,2014-04-01,lag_11,-0.0008633445250438,0.0001360365647371979,0.004334693491071515,0.001302648129650728
2014-03-01,2014-04-01,volatility_3m,0.0070922695118267485,0.0002977898850012967,0.004334693491071515,0.001302648129650728
2014-04-01,2014-05-01,lag_0,0.0009672024963487,4.9277909299899255e-05,0.003490425060088084,0.0013058553192198995
2014-04-01,2014-05-01,lag_1,0.0096386050748114,0.0016241276683899167,0.003490425060088084,0.0013058553192198995
2014-04-01,2014-05-01,lag_2,0.007528506037616,0.0007496291994772684,0.003490425060088084,0.0013058553192198995
2014-04-01,2014-05-01,lag_3,-0.0035639327448748,-0.0003592355435203062,0.003490425060088084,0.0013058553192198995
2014-04-01,2014-05-01,lag_4,0.002008631714113,-1.7750790562472593e-05,0.003490425060088084,0.0013058553192198995
2014-04-01,2014-05-01,lag_5,0.0023333600077277,-9.814409966761234e-06,0.003490425060088084,0.0013058553192198995
2014-04-01,2014-05-01,lag_6,-0.0007890413557394,1.9664409738447398e-05,0.003490425060088084,0.0013058553192198995
2014-04-01,2014-05-01,lag_7,0.0050716945710824,0.0001887563022987612,0.003490425060088084,0.0013058553192198995
2014-04-01,2014-05-01,lag_8,0.0057654622391307,0.0002810938938014284,0.003490425060088084,0.0013058553192198995
2014-04-01,2014-05-01,lag_9,-0.0031067520457499,-0.00024861561496263034,0.003490425060088084,0.0013058553192198995
2014-04-01,2014-05-01,lag_10,0.0020727838311218,-8.039169452446026e-05,0.003490425060088084,0.0013058553192198995
2014-04-01,2014-05-01,lag_11,0.0007806732341153,-1.3048699113005303e-05,0.003490425060088084,0.0013058553192198995
2014-04-01,2014-05-01,volatility_3m,0.004522102106785982,8.771105120987776e-07,0.003490425060088084,0.0013058553192198995
2014-05-01,2014-06-01,lag_0,0.0038243209715158,0.0005679273713012536,0.004073653421829463,0.0013042194524602218
2014-05-01,2014-06-01,lag_1,0.0009672024963487,4.855517088598922e-05,0.004073653421829463,0.0013042194524602218
2014-05-01,2014-06-01,lag_2,0.0096386050748114,0.0009835400229632456,0.004073653421829463,0.0013042194524602218
2014-05-01,2014-06-01,lag_3,0.007528506037616,0.0005480962279073422,0.004073653421829463,0.0013042194524602218
2014-05-01,2014-06-01,lag_4,-0.0035639327448748,3.718827062779011e-05,0.004073653421829463,0.0013042194524602218
2014-05-01,2014-06-01,lag_5,0.002008631714113,-3.4362046854440653e-06,0.004073653421829463,0.0013042194524602218
2014-05-01,2014-06-01,lag_6,0.0023333600077277,-2.221639078943065e-05,0.004073653421829463,0.0013042194524602218
2014-05-01,2014-06-01,lag_7,-0.0007890413557394,-6.427998413812901e-05,0.004073653421829463,0.0013042194524602218
2014-05-01,2014-06-01,lag_8,0.0050716945710824,0.0002585338496006336,0.004073653421829463,0.0013042194524602218
2014-05-01,2014-06-01,lag_9,0.0057654622391307,0.00034878554130044484,0.004073653421829463,0.0013042194524602218
2014-05-01,2014-06-01,lag_10,-0.0031067520457499,0.00020751523014796996,0.004073653421829463,0.0013042194524602218
2014-05-01,2014-06-01,lag_11,0.0020727838311218,-0.00013074941634755145,0.004073653421829463,0.0013042194524602218
2014-05-01,2014-06-01,volatility_3m,0.004418941206004493,-1.0025719404872394e-05,0.004073653421829463,0.0013042194524602218
2014-06-01,2014-07-01,lag_0,0.0034263137889523,0.0006238890780016856,0.0027991622611326958,0.0012426820138609958
2014-06-01,2014-07-01,lag_1,0.0038243209715158,0.0005861233402338597,0.0027991622611326958,0.0012426820138609958
2014-06-01,2014-07-01,lag_2,0.0009672024963487,3.737031619992241e-05,0.0027991622611326958,0.0012426820138609958
2014-06-01,2014-07-01,lag_3,0.0096386050748114,0.0006666971737280322,0.0027991622611326958,0.0012426820138609958
2014-06-01,2014-07-01,lag_4,0.007528506037616,-0.0004204705654138045,0.0027991622611326958,0.0012426820138609958
2014-06-01,2014-07-01,lag_5,-0.0035639327448748,5.8310582633850714e-05,0.0027991622611326958,0.0012426820138609958
2014-06-01,2014-07-01,lag_6,0.002008631714113,-4.085203698707587e-05,0.0027991622611326958,0.0012426820138609958
2014-06-01,2014-07-01,lag_7,0.0023333600077277,5.523112547551059e-05,0.0027991622611326958,0.0012426820138609958
2014-06-01,2014-07-01,lag_8,-0.0007890413557394,-0.00013759336732561408,0.0027991622611326958,0.0012426820138609958
2014-06-01,2014-07-01,lag_9,0.0050716945710824,0.00015048700474690693,0.0027991622611326958,0.0012426820138609958
2014-06-01,2014-07-01,lag_10,0.0057654622391307,-0.00024370708811249884,0.0027991622611326958,0.0012426820138609958
2014-06-01,2014-07-01,lag_11,-0.0031067520457499,0.0003386520355479281,0.0027991622611326958,0.0012426820138609958
2014-06-01,2014-07-01,volatility_3m,0.0015475121996247107,-0.00011765735145700295,0.0027991622611326958,0.0012426820138609958
2014-07-01,2014-08-01,lag_0,0.0022187855179991,0.0003425039155137572,0.001362071165865552,0.001244108297160982
2014-07-01,2014-08-01,lag_1,0.0034263137889523,0.0005084535778287554,0.001362071165865552,0.001244108297160982
2014-07-01,2014-08-01,lag_2,0.0038243209715158,0.0004436644246892757,0.001362071165865552,0.001244108297160982
2014-07-01,2014-08-01,lag_3,0.0009672024963487,1.9832841537555135e-05,0.001362071165865552,0.001244108297160982
2014-07-01,2014-08-01,lag_4,0.0096386050748114,-0.0005554056318213918,0.001362071165865552,0.001244108297160982
2014-07-01,2014-08-01,lag_5,0.007528506037616,-9.315406003365263e-05,0.001362071165865552,0.001244108297160982
2014-07-01,2014-08-01,lag_6,-0.0035639327448748,0.00012176440368255174,0.001362071165865552,0.001244108297160982
2014-07-01,2014-08-01,lag_7,0.002008631714113,4.337489306578336e-05,0.001362071165865552,0.001244108297160982
2014-07-01,2014-08-01,lag_8,0.0023333600077277,0.00017439517228235376,0.001362071165865552,0.001244108297160982
2014-07-01,2014-08-01,lag_9,-0.0007890413557394,-4.66918149809902e-05,0.001362071165865552,0.001244108297160982
2014-07-01,2014-08-01,lag_10,0.0050716945710824,-0.0002104589071050023,0.001362071165865552,0.001244108297160982
2014-07-01,2014-08-01,lag_11,0.0057654622391307,-0.00048331367463139776,0.001362071165865552,0.001244108297160982
2014-07-01,2014-08-01,volatility_3m,0.0008360899408379497,-0.00014700227132302798,0.001362071165865552,0.001244108297160982
2014-08-01,2014-09-01,lag_0,-0.0018898378264742,-0.0005908481783492754,0.0008557873529511529,0.0012385426936728822
2014-08-01,2014-09-01,lag_1,0.0022187855179991,0.00027947316892565236,0.0008557873529511529,0.0012385426936728822
2014-08-01,2014-09-01,lag_2,0.0034263137889523,0.000384890184894929,0.0008557873529511529,0.0012385426936728822
2014-08-01,2014-09-01,lag_3,0.0038243209715158,0.00023765782997912731,0.0008557873529511529,0.0012385426936728822
2014-08-01,2014-09-01,lag_4,0.0009672024963487,-1.682741722227794e-05,0.0008557873529511529,0.0012385426936728822
2014-08-01,2014-09-01,lag_5,0.0096386050748114,-0.0001309233359196537,0.0008557873529511529,0.0012385426936728822
2014-08-01,2014-09-01,lag_6,0.007528506037616,-0.00018901563971124983,0.0008557873529511529,0.0012385426936728822
2014-08-01,2014-09-01,lag_7,-0.0035639327448748,-0.000129971348450808,0.0008557873529511529,0.0012385426936728822
2014-08-01,2014-09-01,lag_8,0.002008631714113,0.0001370850916238998,0.0008557873529511529,0.0012385426936728822
2014-08-01,2014-09-01,lag_9,0.0023333600077277,6.024914125501733e-05,0.0008557873529511529,0.0012385426936728822
2014-08-01,2014-09-01,lag_10,-0.0007890413557394,6.627426084035471e-05,0.0008557873529511529,0.0012385426936728822
2014-08-01,2014-09-01,lag_11,0.0050716945710824,-0.00041812789624732973,0.0008557873529511529,0.0012385426936728822
2014-08-01,2014-09-01,volatility_3m,0.002786885307713732,-7.267120234011563e-05,0.0008557873529511529,0.0012385426936728822
2014-09-01,2014-10-01,lag_0,0.0028693197501494,0.0004999853329478466,0.0010395763666121553,0.0012466180858167666
2014-09-01,2014-10-01,lag_1,-0.0018898378264742,-0.0004830680262452138,0.0010395763666121553,0.0012466180858167666
2014-09-01,2014-10-01,lag_2,0.0022187855179991,0.00021117795445705238,0.0010395763666121553,0.0012466180858167666
2014-09-01,2014-10-01,lag_3,0.0034263137889523,0.0002062344932112322,0.0010395763666121553,0.0012466180858167666
2014-09-01,2014-10-01,lag_4,0.0038243209715158,-0.00020113304157184516,0.0010395763666121553,0.0012466180858167666
2014-09-01,2014-10-01,lag_5,0.0009672024963487,-3.7015054539525527e-06,0.0010395763666121553,0.0012466180858167666
2014-09-01,2014-10-01,lag_6,0.0096386050748114,-0.00024386439272105334,0.0010395763666121553,0.0012466180858167666
2014-09-01,2014-10-01,lag_7,0.007528506037616,0.00020554574721871319,0.0010395763666121553,0.0012466180858167666
2014-09-01,2014-10-01,lag_8,-0.0035639327448748,-0.00040943804039486994,0.0010395763666121553,0.0012466180858167666
2014-09-01,2014-10-01,lag_9,0.002008631714113,4.744127296380785e-05,0.0010395763666121553,0.0012466180858167666
2014-09-01,2014-10-01,lag_10,0.0023333600077277,-8.445383321502429e-05,0.0010395763666121553,0.0012466180858167666
2014-09-01,2014-10-01,lag_11,-0.0007890413557394,0.00012966563135419597,0.0010395763666121553,0.0012466180858167666
2014-09-01,2014-10-01,volatility_3m,0.0025804896632578653,-8.143331175550003e-05,0.0010395763666121553,0.0012466180858167666
2014-10-01,2014-11-01,lag_0,0.0001193360840261,-0.00012920734973709356,0.0015363183787303189,0.001260107329965838
2014-10-01,2014-11-01,lag_1,0.0028693197501494,0.0004102472169005529,0.0015363183787303189,0.001260107329965838
2014-10-01,2014-11-01,lag_2,-0.0018898378264742,-0.0003649018717769951,0.0015363183787303189,0.001260107329965838
2014-10-01,2014-11-01,lag_3,0.0022187855179991,0.0001131862411593475,0.0015363183787303189,0.001260107329965838
2014-10-01,2014-11-01,lag_4,0.0034263137889523,-0.00017437175503862314,0.0015363183787303189,0.001260107329965838
2014-10-01,2014-11-01,lag_5,0.0038243209715158,-4.37778114257338e-05,0.0015363183787303189,0.001260107329965838
2014-10-01,2014-11-01,lag_6,0.0009672024963487,-7.318435910157402e-06,0.0015363183787303189,0.001260107329965838
2014-10-01,2014-11-01,lag_7,0.0096386050748114,0.00026859717794757207,0.0015363183787303189,0.001260107329965838
2014-10-01,2014-11-01,lag_8,0.007528506037616,0.0006669157093843394,0.0015363183787303189,0.001260107329965838
2014-10-01,2014-11-01,lag_9,-0.0035639327448748,-0.0001419555299110371,0.0015363183787303189,0.001260107329965838
2014-10-01,2014-11-01,lag_10,0.002008631714113,-6.645053649470312e-05,0.0015363183787303189,0.001260107329965838
2014-10-01,2014-11-01,lag_11,0.0023333600077277,-0.00016375703630521396,0.0015363183787303189,0.001260107329965838
2014-10-01,2014-11-01,volatility_3m,0.0023891689910131874,-9.099497002777354e-05,0.0015363183787303189,0.001260107329965838
2014-11-01,2014-12-01,lag_0,0.0061531513501895,0.001243791786107818,0.003410541286434844,0.0012565335380432321
2014-11-01,2014-12-01,lag_1,0.0001193360840261,-0.00010646976758238875,0.003410541286434844,0.0012565335380432321
2014-11-01,2014-12-01,lag_2,0.0028693197501494,0.00030633038320890623,0.003410541286434844,0.0012565335380432321
2014-11-01,2014-12-01,lag_3,-0.0018898378264742,-0.0001953423133053467,0.003410541286434844,0.0012565335380432321
2014-11-01,2014-12-01,lag_4,0.0022187855179991,-9.5829333289865e-05,0.003410541286434844,0.0012565335380432321
2014-11-01,2014-12-01,lag_5,0.0034263137889523,-3.744766808917363e-05,0.003410541286434844,0.0012565335380432321
2014-11-01,2014-12-01,lag_6,0.0038243209715158,-8.939171919535483e-05,0.003410541286434844,0.0012565335380432321
2014-11-01,2014-12-01,lag_7,0.0009672024963487,8.405925301162394e-06,0.003410541286434844,0.0012565335380432321
2014-11-01,2014-12-01,lag_8,0.0096386050748114,0.0008922078008462944,0.003410541286434844,0.0012565335380432321
2014-11-01,2014-12-01,lag_9,0.007528506037616,0.00021802232240426234,0.003410541286434844,0.0012565335380432321
2014-11-01,2014-12-01,lag_10,-0.0035639327448748,0.000199536215965023,0.003410541286434844,0.0012565335380432321
2014-11-01,2014-12-01,lag_11,0.002008631714113,-0.00012861762292741964,0.003410541286434844,0.0012565335380432321
2014-11-01,2014-12-01,volatility_3m,0.003020841130313249,-6.118826105230569e-05,0.003410541286434844,0.0012565335380432321
2014-12-01,2015-01-01,lag_0,-7.906777172816959e-05,-0.00018179521386776326,0.002685867341444381,0.0012478921647042572
2014-12-01,2015-01-01,lag_1,0.0061531513501895,0.0010275006228767057,0.002685867341444381,0.0012478921647042572
2014-12-01,2015-01-01,lag_2,0.0001193360840261,-7.927812111347718e-05,0.002685867341444381,0.0012478921647042572
2014-12-01,2015-01-01,lag_3,0.0028693197501494,0.00016750095340182426,0.002685867341444381,0.0012478921647042572
2014-12-01,2015-01-01,lag_4,-0.0018898378264742,0.00016551352843160126,0.002685867341444381,0.0012478921647042572
2014-12-01,2015-01-01,lag_5,0.0022187855179991,-2.0507120959672514e-05,0.002685867341444381,0.0012478921647042572
2014-12-01,2015-01-01,lag_6,0.0034263137889523,-7.784967376479941e-05,0.002685867341444381,0.0012478921647042572
2014-12-01,2015-01-01,lag_7,0.0038243209715158,0.00010176124168049427,0.002685867341444381,0.0012478921647042572
2014-12-01,2015-01-01,lag_8,0.0009672024963487,2.6003578988533073e-05,0.002685867341444381,0.0012478921647042572
2014-12-01,2015-01-01,lag_9,0.0096386050748114,0.0002803857577944415,0.002685867341444381,0.0012478921647042572
2014-12-01,2015-01-01,lag_10,0.007528506037616,-0.0003140971634962609,0.002685867341444381,0.0012478921647042572
2014-12-01,2015-01-01,lag_11,-0.0035639327448748,0.0003851102415107997,0.002685867341444381,0.0012478921647042572
2014-12-01,2015-01-01,volatility_3m,0.003542288477330272,-4.227345474230308e-05,0.002685867341444381,0.0012478921647042572
2015-01-01,2015-02-01,lag_0,-0.0078792284874769,-0.0019523118650407233,-0.0008218190341105617,0.0012121605037663094
2015-01-01,2015-02-01,lag_1,-7.906777172816959e-05,-0.0001483039526592304,-0.0008218190341105617,0.0012121605037663094
2015-01-01,2015-02-01,lag_2,0.0061531513501895,0.000767989382065935,-0.0008218190341105617,0.0012121605037663094
2015-01-01,2015-02-01,lag_3,0.0001193360840261,-4.3101850749574676e-05,-0.0008218190341105617,0.0012121605037663094
2015-01-01,2015-02-01,lag_4,0.0028693197501494,-0.0001344483634822687,-0.0008218190341105617,0.0012121605037663094
2015-01-01,2015-02-01,lag_5,-0.0018898378264742,3.512304824470821e-05,-0.0008218190341105617,0.0012121605037663094
2015-01-01,2015-02-01,lag_6,0.0022187855179991,-4.324342892323674e-05,-0.0008218190341105617,0.0012121605037663094
2015-01-01,2015-02-01,lag_7,0.0034263137889523,8.714464973735102e-05,-0.0008218190341105617,0.0012121605037663094
2015-01-01,2015-02-01,lag_8,0.0038243209715158,0.0003166883900910592,-0.0008218190341105617,0.0012121605037663094
2015-01-01,2015-02-01,lag_9,0.0009672024963487,7.182683372563956e-06,-0.0008218190341105617,0.0012121605037663094
2015-01-01,2015-02-01,lag_10,0.0096386050748114,-0.00044480056492499814,-0.0008218190341105617,0.0012121605037663094
2015-01-01,2015-02-01,lag_11,0.007528506037616,-0.0005913790439067317,-0.0008218190341105617,0.0012121605037663094
2015-01-01,2015-02-01,volatility_3m,0.007030774569510489,0.00010948137829827521,-0.0008218190341105617,0.0012121605037663094
2015-02-01,2015-03-01,lag_0,-0.006405903226315,-0.001628754221168076,-0.0020313375387972783,0.0011911562532988134
2015-02-01,2015-03-01,lag_1,-0.0078792284874769,-0.0015750052032876098,-0.0020313375387972783,0.0011911562532988134
2015-02-01,2015-03-01,lag_2,-7.906777172816959e-05,-0.00011093004083074847,-0.0020313375387972783,0.0011911562532988134
2015-02-01,2015-03-01,lag_3,0.0061531513501895,0.00041500731392303384,-0.0020313375387972783,0.0011911562532988134
2015-02-01,2015-03-01,lag_4,0.0001193360840261,3.540090321268459e-05,-0.0020313375387972783,0.0011911562532988134
2015-02-01,2015-03-01,lag_5,0.0028693197501494,-2.6929688289651066e-05,-0.0020313375387972783,0.0011911562532988134
2015-02-01,2015-03-01,lag_6,-0.0018898378264742,7.489093543324945e-05,-0.0020313375387972783,0.0011911562532988134
2015-02-01,2015-03-01,lag_7,0.0022187855179991,4.777737379531337e-05,-0.0020313375387972783,0.0011911562532988134
2015-02-01,2015-03-01,lag_8,0.0034263137889523,0.0002736980939658677,-0.0020313375387972783,0.0011911562532988134
2015-02-01,2015-03-01,lag_9,0.0038243209715158,8.813824253133791e-05,-0.0020313375387972783,0.0011911562532988134
2015-02-01,2015-03-01,lag_10,0.0009672024963487,-1.3597414630722472e-05,-0.0020313375387972783,0.0011911562532988134
2015-02-01,2015-03-01,lag_11,0.0096386050748114,-0.0007843252674911087,-0.0020313375387972783,0.0011911562532988134
2015-02-01,2015-03-01,volatility_3m,0.00414411312156784,-1.786481925966248e-05,-0.0020313375387972783,0.0011911562532988134
2015-03-01,2015-04-01,lag_0,-0.0033518725083752,-0.0009104629155637922,-0.002800354479677336,0.0011737527612536518
2015-03-01,2015-04-01,lag_1,-0.006405903226315,-0.0012976772927622972,-0.002800354479677336,0.0011737527612536518
2015-03-01,2015-04-01,lag_2,-0.0078792284874769,-0.001176309190891302,-0.002800354479677336,0.0011737527612536518
2015-03-01,2015-04-01,lag_3,-7.906777172816959e-05,-6.0640651636038093e-05,-0.002800354479677336,0.0011737527612536518
2015-03-01,2015-04-01,lag_4,0.0061531513501895,-0.0003394115535249396,-0.002800354479677336,0.0011737527612536518
2015-03-01,2015-04-01,lag_5,0.0001193360840261,7.060187045661712e-06,-0.002800354479677336,0.0011737527612536518
2015-03-01,2015-04-01,lag_6,0.0028693197501494,-6.261155240511392e-05,-0.002800354479677336,0.0011737527612536518
2015-03-01,2015-04-01,lag_7,-0.0018898378264742,-8.28765993289563e-05,-0.002800354479677336,0.0011737527612536518
2015-03-01,2015-04-01,lag_8,0.0022187855179991,0.00014988869428122332,-0.002800354479677336,0.0011737527612536518
2015-03-01,2015-04-01,lag_9,0.0034263137889523,7.622543003654387e-05,-0.002800354479677336,0.0011737527612536518
2015-03-01,2015-04-01,lag_10,0.0038243209715158,-0.0001631584268768463,-0.002800354479677336,0.0011737527612536518
2015-03-01,2015-04-01,lag_11,0.0009672024963487,-2.317567342323083e-05,-0.002800354479677336,0.0011737527612536518
2015-03-01,2015-04-01,volatility_3m,0.002309211377390038,-9.095769588190149e-05,-0.002800354479677336,0.0011737527612536518
2015-04-01,2015-05-01,lag_0,-0.005470746111496,-0.0013972774151875427,-0.0033002130296981074,0.0011357409112461388
2015-04-01,2015-05-01,lag_1,-0.0033518725083752,-0.0007278233417385765,-0.0033002130296981074,0.0011357409112461388
2015-04-01,2015-05-01,lag_2,-0.006405903226315,-0.0009740624238845675,-0.0033002130296981074,0.0011357409112461388
2015-04-01,2015-05-01,lag_3,-0.0078792284874769,-0.0006426452787237868,-0.0033002130296981074,0.0011357409112461388
2015-04-01,2015-05-01,lag_4,-7.906777172816959e-05,5.066833506365633e-05,-0.0033002130296981074,0.0011357409112461388
2015-04-01,2015-05-01,lag_5,0.0061531513501895,-6.687794864471594e-05,-0.0033002130296981074,0.0011357409112461388
2015-04-01,2015-05-01,lag_6,0.0001193360840261,1.6437631339089543e-05,-0.0033002130296981074,0.0011357409112461388
2015-04-01,2015-05-01,lag_7,0.0028693197501494,7.161275967175671e-05,-0.0033002130296981074,0.0011357409112461388
2015-04-01,2015-05-01,lag_8,-0.0018898378264742,-0.00025969267942194303,-0.0033002130296981074,0.0011357409112461388
2015-04-01,2015-05-01,lag_9,0.0022187855179991,4.148240140265172e-05,-0.0033002130296981074,0.0011357409112461388
2015-04-01,2015-05-01,lag_10,0.0034263137889523,-0.00014264603881937018,-0.0033002130296981074,0.0011357409112461388
2015-04-01,2015-05-01,lag_11,0.0038243209715158,-0.0002789271063674633,-0.0033002130296981074,0.0011357409112461388
2015-04-01,2015-05-01,volatility_3m,0.0015647815503299816,-0.00012620283563343374,-0.0033002130296981074,0.0011357409112461388
2015-05-01,2015-06-01,lag_0,-0.0044228298448434,-0.0011182393852203435,-0.002189266919926222,0.0010719890418490995
2015-05-01,2015-06-01,lag_1,-0.005470746111496,-0.0011170796277595813,-0.002189266919926222,0.0010719890418490995
2015-05-01,2015-06-01,lag_2,-0.0033518725083752,-0.0005449880934771688,-0.002189266919926222,0.0010719890418490995
2015-05-01,2015-06-01,lag_3,-0.006405903226315,-0.0005311675934313024,-0.002189266919926222,0.0010719890418490995
2015-05-01,2015-06-01,lag_4,-0.0078792284874769,0.0005367716096285498,-0.002189266919926222,0.0010719890418490995
2015-05-01,2015-06-01,lag_5,-7.906777172816959e-05,1.019176558288176e-05,-0.002189266919926222,0.0010719890418490995
2015-05-01,2015-06-01,lag_6,0.0061531513501895,-0.0001571085734675103,-0.002189266919926222,0.0010719890418490995
2015-05-01,2015-06-01,lag_7,0.0001193360840261,-1.8594624074127508e-05,-0.002189266919926222,0.0010719890418490995
2015-05-01,2015-06-01,lag_8,0.0028693197501494,0.0002200443218223289,-0.002189266919926222,0.0010719890418490995
2015-05-01,2015-06-01,lag_9,-0.0018898378264742,-7.205046863665005e-05,-0.002189266919926222,0.0010719890418490995
2015-05-01,2015-06-01,lag_10,0.0022187855179991,-7.840883124616657e-05,-0.002189266919926222,0.0010719890418490995
2015-05-01,2015-06-01,lag_11,0.0034263137889523,-0.0002420485680061399,-0.002189266919926222,0.0010719890418490995
2015-05-01,2015-06-01,volatility_3m,0.0010594576808012285,-0.00014857789349009243,-0.002189266919926222,0.0010719890418490995
2015-06-01,2015-07-01,lag_0,-0.0031500185136206,-0.0008039617827820425,-0.001484027876308937,0.0009173825553818802
2015-06-01,2015-07-01,lag_1,-0.0044228298448434,-0.000986221670451125,-0.001484027876308937,0.0009173825553818802
2015-06-01,2015-07-01,lag_2,-0.005470746111496,-0.0007232770744558672,-0.001484027876308937,0.0009173825553818802
2015-06-01,2015-07-01,lag_3,-0.0033518725083752,-0.00033593030196374266,-0.001484027876308937,0.0009173825553818802
2015-06-01,2015-07-01,lag_4,-0.006405903226315,0.00038224821741905137,-0.001484027876308937,0.0009173825553818802
2015-06-01,2015-07-01,lag_5,-0.0078792284874769,0.0001061131809444464,-0.001484027876308937,0.0009173825553818802
2015-06-01,2015-07-01,lag_6,-7.906777172816959e-05,1.8474119862141943e-05,-0.001484027876308937,0.0009173825553818802
2015-06-01,2015-07-01,lag_7,0.0061531513501895,0.00012630802425914436,-0.001484027876308937,0.0009173825553818802
2015-06-01,2015-07-01,lag_8,0.0001193360840261,-5.208854999358468e-05,-0.001484027876308937,0.0009173825553818802
2015-06-01,2015-07-01,lag_9,0.0028693197501494,6.724027105384038e-05,-0.001484027876308937,0.0009173825553818802
2015-06-01,2015-07-01,lag_10,-0.0018898378264742,0.00010995941217621497,-0.001484027876308937,0.0009173825553818802
2015-06-01,2015-07-01,lag_11,0.0022187855179991,-0.00013652945430165376,-0.001484027876308937,0.0009173825553818802
2015-06-01,2015-07-01,volatility_3m,0.0011621785412423231,-0.00017374482345764125,-0.001484027876308937,0.0009173825553818802
2015-07-01,2015-08-01,lag_0,0.0064600821906077,0.0014161459969333258,0.0017055452632954928,0.0008954522196580287
2015-07-01,2015-08-01,lag_1,-0.0031500185136206,-0.0007208617216820247,0.0017055452632954928,0.0008954522196580287
2015-07-01,2015-08-01,lag_2,-0.0044228298448434,-0.0005711938575714501,0.0017055452632954928,0.0008954522196580287
2015-07-01,2015-08-01,lag_3,-0.005470746111496,-0.0005065284974268723,0.0017055452632954928,0.0008954522196580287
2015-07-01,2015-08-01,lag_4,-0.0033518725083752,0.00022075439129442276,0.0017055452632954928,0.0008954522196580287
2015-07-01,2015-08-01,lag_5,-0.006405903226315,0.00011117973318646281,0.0017055452632954928,0.0008954522196580287
2015-07-01,2015-08-01,lag_6,-0.0078792284874769,0.00019450999849462465,0.0017055452632954928,0.0008954522196580287
2015-07-01,2015-08-01,lag_7,-7.906777172816959e-05,-2.115051994556879e-05,0.0017055452632954928,0.0008954522196580287
2015-07-01,2015-08-01,lag_8,0.0061531513501895,0.0004984710769672582,0.0017055452632954928,0.0008954522196580287
2015-07-01,2015-08-01,lag_9,0.0001193360840261,-1.8078457786175336e-05,0.0017055452632954928,0.0008954522196580287
2015-07-01,2015-08-01,lag_10,0.0028693197501494,-9.720377058639727e-05,0.0017055452632954928,0.0008954522196580287
2015-07-01,2015-08-01,lag_11,-0.0018898378264742,0.0002367230244727131,0.0017055452632954928,0.0008954522196580287
2015-07-01,2015-08-01,volatility_3m,0.0059499560026617685,6.732564728714521e-05,0.0017055452632954928,0.0008954522196580287
2015-08-01,2015-09-01,lag_0,-0.0018402107442865,-0.0004829740882514296,0.001106140790922056,0.0008630691930014878
2015-08-01,2015-09-01,lag_1,0.0064600821906077,0.001276236240133536,0.001106140790922056,0.0008630691930014878
2015-08-01,2015-09-01,lag_2,-0.0031500185136206,-0.00042121008265983643,0.001106140790922056,0.0008630691930014878
2015-08-01,2015-09-01,lag_3,-0.0044228298448434,-0.0004106432889827166,0.001106140790922056,0.0008630691930014878
2015-08-01,2015-09-01,lag_4,-0.005470746111496,0.00033553030036635376,0.001106140790922056,0.0008630691930014878
2015-08-01,2015-09-01,lag_5,-0.0033518725083752,5.69930051506042e-05,0.001106140790922056,0.0008630691930014878
2015-08-01,2015-09-01,lag_6,-0.006405903226315,0.00014663999815009128,0.001106140790922056,0.0008630691930014878
2015-08-01,2015-09-01,lag_7,-0.0078792284874769,-0.00022168374973057008,0.001106140790922056,0.0008630691930014878
2015-08-01,2015-09-01,lag_8,-7.906777172816959e-05,-7.20440426997106e-05,0.001106140790922056,0.0008630691930014878
2015-08-01,2015-09-01,lag_9,0.0061531513501895,0.000174253831457763,0.001106140790922056,0.0008630691930014878
2015-08-01,2015-09-01,lag_10,0.0001193360840261,2.562793235231715e-05,0.001106140790922056,0.0008630691930014878
2015-08-01,2015-09-01,lag_11,0.0028693197501494,-0.0001981338808803652,0.001106140790922056,0.0008630691930014878
2015-08-01,2015-09-01,volatility_3m,0.0052115975596591585,3.447942351453182e-05,0.001106140790922056,0.0008630691930014878
2015-09-01,2015-10-01,lag_0,-0.0027949673135552,-0.0006829982439704543,-0.0005607014601856355,0.0008291105323200145
2015-09-01,2015-10-01,lag_1,-0.0018402107442865,-0.00043435447680093215,-0.0005607014601856355,0.0008291105323200145
2015-09-01,2015-10-01,lag_2,0.0064600821906077,0.0007448153258661954,-0.0005607014601856355,0.0008291105323200145
2015-09-01,2015-10-01,lag_3,-0.0031500185136206,-0.00030447938206311923,-0.0005607014601856355,0.0008291105323200145
2015-09-01,2015-10-01,lag_4,-0.0044228298448434,0.0002639270321505029,-0.0005607014601856355,0.0008291105323200145
2015-09-01,2015-10-01,lag_5,-0.005470746111496,8.377567871022351e-05,-0.0005607014601856355,0.0008291105323200145
2015-09-01,2015-10-01,lag_6,-0.0033518725083752,7.728221906306945e-05,-0.0005607014601856355,0.0008291105323200145
2015-09-01,2015-10-01,lag_7,-0.006405903226315,-0.00019435700105595568,-0.0005607014601856355,0.0008291105323200145
2015-09-01,2015-10-01,lag_8,-0.0078792284874769,-0.0007578122707289486,-0.0005607014601856355,0.0008291105323200145
2015-09-01,2015-10-01,lag_9,-7.906777172816959e-05,-2.430783687803475e-05,-0.0005607014601856355,0.0008291105323200145
2015-09-01,2015-10-01,lag_10,0.0061531513501895,-0.00024155839027490507,-0.0005607014601856355,0.0008291105323200145
2015-09-01,2015-10-01,lag_11,0.0001193360840261,5.196562896984643e-05,-0.0005607014601856355,0.0008291105323200145
2015-09-01,2015-10-01,volatility_3m,0.0050902253426890354,2.828972450686224e-05,-0.0005607014601856355,0.0008291105323200145
2015-10-01,2015-11-01,lag_0,-0.0048472353195281,-0.001147100408752881,-0.0019063715016070662,0.0007767166848584156
2015-10-01,2015-11-01,lag_1,-0.0027949673135552,-0.0006131629776748041,-0.0019063715016070662,0.0007767166848584156
2015-10-01,2015-11-01,lag_2,-0.0018402107442865,-0.00025075141113873684,-0.0019063715016070662,0.0007767166848584156
2015-10-01,2015-11-01,lag_3,0.0064600821906077,0.0005402742343315458,-0.0019063715016070662,0.0007767166848584156
2015-10-01,2015-11-01,lag_4,-0.0031500185136206,0.0001910296298583126,-0.0019063715016070662,0.0007767166848584156
2015-10-01,2015-11-01,lag_5,-0.0044228298448434,6.274155884599181e-05,-0.0019063715016070662,0.0007767166848584156
2015-10-01,2015-11-01,lag_6,-0.005470746111496,0.00011484452477780082,-0.0019063715016070662,0.0007767166848584156
2015-10-01,2015-11-01,lag_7,-0.0033518725083752,-0.00011288881330942681,-0.0019063715016070662,0.0007767166848584156
2015-10-01,2015-11-01,lag_8,-0.006405903226315,-0.0006345412875600137,-0.0019063715016070662,0.0007767166848584156
2015-10-01,2015-11-01,lag_9,-0.0078792284874769,-0.00025244382195859785,-0.0019063715016070662,0.0007767166848584156
2015-10-01,2015-11-01,lag_10,-7.906777172816959e-05,3.728166705391481e-05,-0.0019063715016070662,0.0007767166848584156
2015-10-01,2015-11-01,lag_11,0.0061531513501895,-0.0004911873228241972,-0.0019063715016070662,0.0007767166848584156
2015-10-01,2015-11-01,volatility_3m,0.0015365307715222546,-0.00012718375811439066,-0.0019063715016070662,0.0007767166848584156
2015-11-01,2015-12-01,lag_0,-0.007384517731686,-0.0017210686353792042,-0.003154802080384119,0.0007282537788709186
2015-11-01,2015-12-01,lag_1,-0.0048472353195281,-0.0010289494917692103,-0.003154802080384119,0.0007282537788709186
2015-11-01,2015-12-01,lag_2,-0.0027949673135552,-0.00035613910950777947,-0.003154802080384119,0.0007282537788709186
2015-11-01,2015-12-01,lag_3,-0.0018402107442865,-0.0001806681251611165,-0.003154802080384119,0.0007282537788709186
2015-11-01,2015-12-01,lag_4,0.0064600821906077,-0.0003338885760729632,-0.003154802080384119,0.0007282537788709186
2015-11-01,2015-12-01,lag_5,-0.0031500185136206,4.3184826159092443e-05,-0.003154802080384119,0.0007282537788709186
2015-11-01,2015-12-01,lag_6,-0.0044228298448434,8.60018754319185e-05,-0.003154802080384119,0.0007282537788709186
2015-11-01,2015-12-01,lag_7,-0.005470746111496,-0.00017557261934549566,-0.003154802080384119,0.0007282537788709186
2015-11-01,2015-12-01,lag_8,-0.0033518725083752,-0.00036063201088140195,-0.003154802080384119,0.0007282537788709186
2015-11-01,2015-12-01,lag_9,-0.006405903226315,-0.00022402603449457766,-0.003154802080384119,0.0007282537788709186
2015-11-01,2015-12-01,lag_10,-0.0078792284874769,0.00039708478255768274,-0.003154802080384119,0.0007282537788709186
2015-11-01,2015-12-01,lag_11,-7.906777172816959e-05,7.444924279242083e-05,-0.003154802080384119,0.0007282537788709186
2015-11-01,2015-12-01,volatility_3m,0.002299042519831187,-0.00010283198358440215,-0.003154802080384119,0.0007282537788709186
2015-12-01,2016-01-01,lag_0,-0.0049161232406857,-0.0011447043524036628,-0.0026104870715354467,0.0006805042373985019
2015-12-01,2016-01-01,lag_1,-0.007384517731686,-0.001541037532378924,-0.0026104870715354467,0.0006805042373985019
2015-12-01,2016-01-01,lag_2,-0.0048472353195281,-0.0005954179960661721,-0.0026104870715354467,0.0006805042373985019
2015-12-01,2016-01-01,lag_3,-0.0027949673135552,-0.00025467550359505395,-0.0026104870715354467,0.0006805042373985019
2015-12-01,2016-01-01,lag_4,-0.0018402107442865,0.00011729063718819101,-0.0026104870715354467,0.0006805042373985019
2015-12-01,2016-01-01,lag_5,0.0064600821906077,-7.395635513973637e-05,-0.0026104870715354467,0.0006805042373985019
2015-12-01,2016-01-01,lag_6,-0.0031500185136206,6.167788553149989e-05,-0.0026104870715354467,0.0006805042373985019
2015-12-01,2016-01-01,lag_7,-0.0044228298448434,-0.00014204126579580784,-0.0026104870715354467,0.0006805042373985019
2015-12-01,2016-01-01,lag_8,-0.005470746111496,-0.000553083770884952,-0.0026104870715354467,0.0006805042373985019
2015-12-01,2016-01-01,lag_9,-0.0033518725083752,-0.0001263922020913417,-0.0026104870715354467,0.0006805042373985019
2015-12-01,2016-01-01,lag_10,-0.006405903226315,0.00032098773852435756,-0.0026104870715354467,0.0006805042373985019
2015-12-01,2016-01-01,lag_11,-0.0078792284874769,0.000787593089535341,-0.0026104870715354467,0.0006805042373985019
2015-12-01,2016-01-01,volatility_3m,0.0014454249056896648,-0.00014723168135768596,-0.0026104870715354467,0.0006805042373985019
2016-01-01,2016-02-01,lag_0,0.005226534839914,0.001200459555521827,-0.00015744549462790285,0.0006719722220014459
2016-01-01,2016-02-01,lag_1,-0.0049161232406857,-0.0010084238314936522,-0.00015744549462790285,0.0006719722220014459
2016-01-01,2016-02-01,lag_2,-0.007384517731686,-0.0008799215542475414,-0.00015744549462790285,0.0006719722220014459
2016-01-01,2016-02-01,lag_3,-0.0048472353195281,-0.0004209685803240374,-0.00015744549462790285,0.0006719722220014459
2016-01-01,2016-02-01,lag_4,-0.0027949673135552,0.00016683958672321334,-0.00015744549462790285,0.0006719722220014459
2016-01-01,2016-02-01,lag_5,-0.0018402107442865,1.7210550878823307e-05,-0.00015744549462790285,0.0006719722220014459
2016-01-01,2016-02-01,lag_6,0.0064600821906077,-0.00011557013707543718,-0.00015744549462790285,0.0006719722220014459
2016-01-01,2016-02-01,lag_7,-0.0031500185136206,-0.00010112180558563894,-0.00015744549462790285,0.0006719722220014459
2016-01-01,2016-02-01,lag_8,-0.0044228298448434,-0.00043553844058025817,-0.00015744549462790285,0.0006719722220014459
2016-01-01,2016-02-01,lag_9,-0.005470746111496,-0.0001926579750592826,-0.00015744549462790285,0.0006719722220014459
2016-01-01,2016-02-01,lag_10,-0.0033518725083752,0.0001817874197956584,-0.00015744549462790285,0.0006719722220014459
2016-01-01,2016-02-01,lag_11,-0.006405903226315,0.0006656234985673112,-0.00015744549462790285,0.0006719722220014459
2016-01-01,2016-02-01,volatility_3m,0.006683376532696803,9.286399624966623e-05,-0.00015744549462790285,0.0006719722220014459
2016-02-01,2016-03-01,lag_0,-0.0051982643192998,-0.0011821633802602514,2.9244213922291224e-05,0.0006335595210199111
2016-02-01,2016-03-01,lag_1,0.005226534839914,0.001069361204363968,2.9244213922291224e-05,0.0006335595210199111
2016-02-01,2016-03-01,lag_2,-0.0049161232406857,-0.0005968410004495503,2.9244213922291224e-05,0.0006335595210199111
2016-02-01,2016-03-01,lag_3,-0.007384517731686,-0.0006406532020689754,2.9244213922291224e-05,0.0006335595210199111
2016-02-01,2016-03-01,lag_4,-0.0048472353195281,0.0002755056882330808,2.9244213922291224e-05,0.0006335595210199111
2016-02-01,2016-03-01,lag_5,-0.0027949673135552,2.422635003854608e-05,2.9244213922291224e-05,0.0006335595210199111
2016-02-01,2016-03-01,lag_6,-0.0018402107442865,4.569777366623646e-05,2.9244213922291224e-05,0.0006335595210199111
2016-02-01,2016-03-01,lag_7,0.0064600821906077,0.00018096208210782413,2.9244213922291224e-05,0.0006335595210199111
2016-02-01,2016-03-01,lag_8,-0.0031500185136206,-0.00032283969621327356,2.9244213922291224e-05,0.0006335595210199111
2016-02-01,2016-03-01,lag_9,-0.0044228298448434,-0.00016258919354415324,2.9244213922291224e-05,0.0006335595210199111
2016-02-01,2016-03-01,lag_10,-0.005470746111496,0.0002779950457314237,2.9244213922291224e-05,0.0006335595210199111
2016-02-01,2016-03-01,lag_11,-0.0033518725083752,0.0003687029605926575,2.9244213922291224e-05,0.0006335595210199111
2016-02-01,2016-03-01,volatility_3m,0.0059389891681741695,5.8320060704846874e-05,2.9244213922291224e-05,0.0006335595210199111
2016-03-01,2016-04-01,lag_0,-0.0074475614830165,-0.0017064956018043019,-0.0002046903776190918,0.0005982407203186776
2016-03-01,2016-04-01,lag_1,-0.0051982643192998,-0.0010440393946883674,-0.0002046903776190918,0.0005982407203186776
2016-03-01,2016-04-01,lag_2,0.005226534839914,0.0006347033277211077,-0.0002046903776190918,0.0005982407203186776
2016-03-01,2016-04-01,lag_3,-0.0049161232406857,-0.00044147465601710004,-0.0002046903776190918,0.0005982407203186776
2016-03-01,2016-04-01,lag_4,-0.007384517731686,0.00040142406901206386,-0.0002046903776190918,0.0005982407203186776
2016-03-01,2016-04-01,lag_5,-0.0048472353195281,3.4900540338913005e-05,-0.0002046903776190918,0.0005982407203186776
2016-03-01,2016-04-01,lag_6,-0.0027949673135552,6.421060941031324e-05,-0.0002046903776190918,0.0005982407203186776
2016-03-01,2016-04-01,lag_7,-0.0018402107442865,-5.373309595574245e-05,-0.0002046903776190918,0.0005982407203186776
2016-03-01,2016-04-01,lag_8,0.0064600821906077,0.0005716550489129244,-0.0002046903776190918,0.0005982407203186776
2016-03-01,2016-04-01,lag_9,-0.0031500185136206,-0.0001242447344842657,-0.0002046903776190918,0.0005982407203186776
2016-03-01,2016-04-01,lag_10,-0.0044228298448434,0.00021194832319972525,-0.0002046903776190918,0.0005982407203186776
2016-03-01,2016-04-01,lag_11,-0.005470746111496,0.0005594424978600229,-0.0002046903776190918,0.0005982407203186776
2016-03-01,2016-04-01,volatility_3m,0.006762254220346559,8.877196855693769e-05,-0.0002046903776190918,0.0005982407203186776
2016-04-01,2016-05-01,lag_0,0.0033764655587065,0.0007955198539321199,0.0007668041129427522,0.0005980818826292424
2016-04-01,2016-05-01,lag_1,-0.0074475614830165,-0.001484781396050641,0.0007668041129427522,0.0005980818826292424
2016-04-01,2016-05-01,lag_2,-0.0051982643192998,-0.0006471385014498848,0.0007668041129427522,0.0005980818826292424
2016-04-01,2016-05-01,lag_3,0.005226534839914,0.0004598549112741024,0.0007668041129427522,0.0005980818826292424
2016-04-01,2016-05-01,lag_4,-0.0049161232406857,0.00027244261224304144,0.0007668041129427522,0.0005980818826292424
2016-04-01,2016-05-01,lag_5,-0.007384517731686,6.103738587244105e-05,0.0007668041129427522,0.0005980818826292424
2016-04-01,2016-05-01,lag_6,-0.0048472353195281,0.00011008924754811444,0.0007668041129427522,0.0005980818826292424
2016-04-01,2016-05-01,lag_7,-0.0027949673135552,-7.561081367721503e-05,0.0007668041129427522,0.0005980818826292424
2016-04-01,2016-05-01,lag_8,-0.0018402107442865,-0.00020265114931112781,0.0007668041129427522,0.0005980818826292424
2016-04-01,2016-05-01,lag_9,0.0064600821906077,0.00021756893137491948,0.0007668041129427522,0.0005980818826292424
2016-04-01,2016-05-01,lag_10,-0.0031500185136206,0.00015850548226506892,0.0007668041129427522,0.0005980818826292424
2016-04-01,2016-05-01,lag_11,-0.0044228298448434,0.0004555656837860966,0.0007668041129427522,0.0005980818826292424
2016-04-01,2016-05-01,volatility_3m,0.005711755299547135,4.8319982506474734e-05,0.0007668041129427522,0.0005980818826292424
2016-05-01,2016-06-01,lag_0,-0.0022703697198567,-0.0004912628929272412,-0.0010798789680311965,0.0005718805688509664
2016-05-01,2016-06-01,lag_1,0.0033764655587065,0.0007045794002640955,-0.0010798789680311965,0.0005718805688509664
2016-05-01,2016-06-01,lag_2,-0.0074475614830165,-0.0009272004208501419,-0.0010798789680311965,0.0005718805688509664
2016-05-01,2016-06-01,lag_3,-0.0051982643192998,-0.00045131457376370015,-0.0010798789680311965,0.0005718805688509664
2016-05-01,2016-06-01,lag_4,0.005226534839914,-0.00028352892426919006,-0.0010798789680311965,0.0005718805688509664
2016-05-01,2016-06-01,lag_5,-0.0049161232406857,3.4023883189616875e-05,-0.0010798789680311965,0.0005718805688509664
2016-05-01,2016-06-01,lag_6,-0.007384517731686,0.0001573096410555199,-0.0010798789680311965,0.0005718805688509664
2016-05-01,2016-06-01,lag_7,-0.0048472353195281,-0.00012827367113639614,-0.0010798789680311965,0.0005718805688509664
2016-05-01,2016-06-01,lag_8,-0.0027949673135552,-0.0002848346329599982,-0.0010798789680311965,0.0005718805688509664
2016-05-01,2016-06-01,lag_9,-0.0018402107442865,-7.164459106719555e-05,-0.0010798789680311965,0.0005718805688509664
2016-05-01,2016-06-01,lag_10,0.0064600821906077,-0.0002755018611911986,-0.0010798789680311965,0.0005718805688509664
2016-05-01,2016-06-01,lag_11,-0.0031500185136206,0.0003309689949827261,-0.0010798789680311965,0.0005718805688509664
2016-05-01,2016-06-01,volatility_3m,0.005413711367378612,3.4920111790940604e-05,-0.0010798789680311965,0.0005718805688509664
2016-06-01,2016-07-01,lag_0,0.0047125884915697,0.001082364288505813,6.679969232736491e-05,0.0005867523889256348
2016-06-01,2016-07-01,lag_1,-0.0022703697198567,-0.0004416993851930966,6.679969232736491e-05,0.0005867523889256348
2016-06-01,2016-07-01,lag_2,0.0033764655587065,0.00042676003650186873,6.679969232736491e-05,0.0005867523889256348
2016-06-01,2016-07-01,lag_3,-0.0074475614830165,-0.0006321200438424706,6.679969232736491e-05,0.0005867523889256348
2016-06-01,2016-07-01,lag_4,-0.0051982643192998,0.00026818795850963866,6.679969232736491e-05,0.0005867523889256348
2016-06-01,2016-07-01,lag_5,0.005226534839914,-4.277355794649354e-05,6.679969232736491e-05,0.0005867523889256348
2016-06-01,2016-07-01,lag_6,-0.0049161232406857,0.00011486780989444248,6.679969232736491e-05,0.0005867523889256348
2016-06-01,2016-07-01,lag_7,-0.007384517731686,-0.00018223013588409537,6.679969232736491e-05,0.0005867523889256348
2016-06-01,2016-07-01,lag_8,-0.0048472353195281,-0.00047321813324932864,6.679969232736491e-05,0.0005867523889256348
2016-06-01,2016-07-01,lag_9,-0.0027949673135552,-9.9703579588276e-05,6.679969232736491e-05,0.0005867523889256348
2016-06-01,2016-07-01,lag_10,-0.0018402107442865,8.937437697831948e-05,6.679969232736491e-05,0.0005867523889256348
2016-06-01,2016-07-01,lag_11,0.0064600821906077,-0.0005918565431139801,6.679969232736491e-05,0.0005867523889256348
2016-06-01,2016-07-01,volatility_3m,0.0037066084798522644,-3.7905788170611205e-05,6.679969232736491e-05,0.0005867523889256348
2016-07-01,2016-08-01,lag_0,0.0011714023549629,0.0002680535080074513,0.0014656978298992537,0.0005953509928597071
2016-07-01,2016-08-01,lag_1,0.0047125884915697,0.000976995482779259,0.0014656978298992537,0.0005953509928597071
2016-07-01,2016-08-01,lag_2,-0.0022703697198567,-0.00026517673842119707,0.0014656978298992537,0.0005953509928597071
2016-07-01,2016-08-01,lag_3,0.0033764655587065,0.00029502866080079274,0.0014656978298992537,0.0005953509928597071
2016-07-01,2016-08-01,lag_4,-0.0074475614830165,0.00038460214206755027,0.0014656978298992537,0.0005953509928597071
2016-07-01,2016-08-01,lag_5,-0.0051982643192998,3.9081552087118e-05,0.0014656978298992537,0.0005953509928597071
2016-07-01,2016-08-01,lag_6,0.005226534839914,-0.00012189713063501511,0.0014656978298992537,0.0005953509928597071
2016-07-01,2016-08-01,lag_7,-0.0049161232406857,-0.00011895382263480665,0.0014656978298992537,0.0005953509928597071
2016-07-01,2016-08-01,lag_8,-0.007384517731686,-0.0007043011528560997,0.0014656978298992537,0.0005953509928597071
2016-07-01,2016-08-01,lag_9,-0.0048472353195281,-0.0001649935756095768,0.0014656978298992537,0.0005953509928597071
2016-07-01,2016-08-01,lag_10,-0.0027949673135552,0.0001260438794032148,0.0014656978298992537,0.0005953509928597071
2016-07-01,2016-08-01,lag_11,-0.0018402107442865,0.00020313029201118922,0.0014656978298992537,0.0005953509928597071
2016-07-01,2016-08-01,volatility_3m,0.0034915970474753526,-4.726625996033313e-05,0.0014656978298992537,0.0005953509928597071
2016-08-01,2016-09-01,lag_0,-0.0015082196772331,-0.00034525433995010287,0.0007623562805335496,0.0006204217350679799
2016-08-01,2016-09-01,lag_1,0.0011714023549629,0.0002398181762670839,0.0007623562805335496,0.0006204217350679799
2016-08-01,2016-09-01,lag_2,0.0047125884915697,0.0005916030412334377,0.0007623562805335496,0.0006204217350679799
2016-08-01,2016-09-01,lag_3,-0.0022703697198567,-0.0001821432887501694,0.0007623562805335496,0.0006204217350679799
2016-08-01,2016-09-01,lag_4,0.0033764655587065,-0.00017559258349161765,0.0007623562805335496,0.0006204217350679799
2016-08-01,2016-09-01,lag_5,-0.0074475614830165,5.0141697373688995e-05,0.0007623562805335496,0.0006204217350679799
2016-08-01,2016-09-01,lag_6,-0.0051982643192998,0.0001294961032003482,0.0007623562805335496,0.0006204217350679799
2016-08-01,2016-09-01,lag_7,0.005226534839914,0.0001276334377880876,0.0007623562805335496,0.0006204217350679799
2016-08-01,2016-09-01,lag_8,-0.0049161232406857,-0.0004715493219360906,0.0007623562805335496,0.0006204217350679799
2016-08-01,2016-09-01,lag_9,-0.007384517731686,-0.00025106331370564793,0.0007623562805335496,0.0006204217350679799
2016-08-01,2016-09-01,lag_10,-0.0048472353195281,0.00020940767791434052,0.0007623562805335496,0.0006204217350679799
2016-08-01,2016-09-01,lag_11,-0.0027949673135552,0.00028528324632289513,0.0007623562805335496,0.0006204217350679799
2016-08-01,2016-09-01,volatility_3m,0.0031203319204471942,-6.584598680068346e-05,0.0007623562805335496,0.0006204217350679799
2016-09-01,2016-10-01,lag_0,-0.0010556910872727,-0.00025504696410425865,0.0017452121588232288,0.0006402129846770385
2016-09-01,2016-10-01,lag_1,-0.0015082196772331,-0.000309014655106249,0.0017452121588232288,0.0006402129846770385
2016-09-01,2016-10-01,lag_2,0.0011714023549629,0.0001450792841047484,0.0017452121588232288,0.0006402129846770385
2016-09-01,2016-10-01,lag_3,0.0047125884915697,0.00040597443638818495,0.0017452121588232288,0.0006402129846770385
2016-09-01,2016-10-01,lag_4,-0.0022703697198567,0.0001100435229781449,0.0017452121588232288,0.0006402129846770385
2016-09-01,2016-10-01,lag_5,0.0033764655587065,-1.9979833120369377e-05,0.0017452121588232288,0.0006402129846770385
2016-09-01,2016-10-01,lag_6,-0.0074475614830165,0.00017964873663712434,0.0017452121588232288,0.0006402129846770385
2016-09-01,2016-10-01,lag_7,-0.0051982643192998,-0.00012147283477188401,0.0017452121588232288,0.0006402129846770385
2016-09-01,2016-10-01,lag_8,0.005226534839914,0.0004967937244156381,0.0017452121588232288,0.0006402129846770385
2016-09-01,2016-10-01,lag_9,-0.0049161232406857,-0.00016895049781769222,0.0017452121588232288,0.0006402129846770385
2016-09-01,2016-10-01,lag_10,-0.007384517731686,0.0003089167481510903,0.0017452121588232288,0.0006402129846770385
2016-09-01,2016-10-01,lag_11,-0.0048472353195281,0.000474805100128281,0.0017452121588232288,0.0006402129846770385
2016-09-01,2016-10-01,volatility_3m,0.0014344047290665318,-0.00014179759373656852,0.0017452121588232288,0.0006402129846770385
2016-10-01,2016-11-01,lag_0,0.0001559439981937,6.929770215684116e-06,0.0003058172596617794,0.0006782287224800282
2016-10-01,2016-11-01,lag_1,-0.0010556910872727,-0.0002282886365258436,0.0003058172596617794,0.0006782287224800282
2016-10-01,2016-11-01,lag_2,-0.0015082196772331,-0.0001869175609649536,0.0003058172596617794,0.0006782287224800282
2016-10-01,2016-11-01,lag_3,0.0011714023549629,9.961363161151944e-05,0.0003058172596617794,0.0006782287224800282
2016-10-01,2016-11-01,lag_4,0.0047125884915697,-0.00024129308920715377,0.0003058172596617794,0.0006782287224800282
2016-10-01,2016-11-01,lag_5,-0.0022703697198567,1.3390939985549152e-05,0.0003058172596617794,0.0006782287224800282
2016-10-01,2016-11-01,lag_6,0.0033764655587065,-8.107164709346686e-05,0.0003058172596617794,0.0006782287224800282
2016-10-01,2016-11-01,lag_7,-0.0074475614830165,-0.00017651002622674574,0.0003058172596617794,0.0006782287224800282
2016-10-01,2016-11-01,lag_8,-0.0051982643192998,-0.0004917500090812726,0.0003058172596617794,0.0006782287224800282
2016-10-01,2016-11-01,lag_9,0.005226534839914,0.00017879815696924756,0.0003058172596617794,0.0006782287224800282
2016-10-01,2016-11-01,lag_10,-0.0049161232406857,0.00020253707737286287,0.0003058172596617794,0.0006782287224800282
2016-10-01,2016-11-01,lag_11,-0.007384517731686,0.0007048575982604438,0.0003058172596617794,0.0006782287224800282
2016-10-01,2016-11-01,volatility_3m,0.0008604536055355487,-0.00017270766813412,0.0003058172596617794,0.0006782287224800282
2016-11-01,2016-12-01,lag_0,-0.0041804087257064,-0.0009798894897074912,-0.0012452360591194544,0.0006865451381464749
2016-11-01,2016-12-01,lag_1,0.0001559439981937,6.106675637486191e-06,-0.0012452360591194544,0.0006865451381464749
2016-11-01,2016-12-01,lag_2,-0.0010556910872727,-0.0001388156353316449,-0.0012452360591194544,0.0006865451381464749
2016-11-01,2016-12-01,lag_3,-0.0015082196772331,-0.00012847298131882367,-0.0012452360591194544,0.0006865451381464749
2016-11-01,2016-12-01,lag_4,0.0011714023549629,-6.1008618068296436e-05,-0.0012452360591194544,0.0006865451381464749
2016-11-01,2016-12-01,lag_5,0.0047125884915697,-2.4954887743180384e-05,-0.0012452360591194544,0.0006865451381464749
2016-11-01,2016-12-01,lag_6,-0.0022703697198567,5.235954058397832e-05,-0.0012452360591194544,0.0006865451381464749
2016-11-01,2016-12-01,lag_7,0.0033764655587065,9.00806837070607e-05,-0.0012452360591194544,0.0006865451381464749
2016-11-01,2016-12-01,lag_8,-0.0074475614830165,-0.0007095956154132948,-0.0012452360591194544,0.0006865451381464749
2016-11-01,2016-12-01,lag_9,-0.0051982643192998,-0.00016592358401484557,-0.0012452360591194544,0.0006865451381464749
2016-11-01,2016-12-01,lag_10,0.005226534839914,-0.0002085062555747703,-0.0012452360591194544,0.0006865451381464749
2016-11-01,2016-12-01,lag_11,-0.0049161232406857,0.00045764061132874825,-0.0012452360591194544,0.0006865451381464749
2016-11-01,2016-12-01,volatility_3m,0.0022374045546252794,-0.00012080164135085499,-0.0012452360591194544,0.0006865451381464749
2016-12-01,2017-01-01,lag_0,0.0068125945893555,0.0014959775115762485,0.0009755603381114925,0.0007156819523533012
2016-12-01,2017-01-01,lag_1,-0.0041804087257064,-0.0008769263718052402,0.0009755603381114925,0.0007156819523533012
2016-12-01,2017-01-01,lag_2,0.0001559439981937,3.626662834461933e-06,0.0009755603381114925,0.0007156819523533012
2016-12-01,2017-01-01,lag_3,-0.0010556910872727,-9.342451649626427e-05,0.0009755603381114925,0.0007156819523533012
2016-12-01,2017-01-01,lag_4,-0.0015082196772331,7.90275731234323e-05,0.0009755603381114925,0.0007156819523533012
2016-12-01,2017-01-01,lag_5,0.0011714023549629,-2.6845935770018914e-06,0.0009755603381114925,0.0007156819523533012
2016-12-01,2017-01-01,lag_6,0.0047125884915697,-0.00012248869068059003,0.0009755603381114925,0.0007156819523533012
2016-12-01,2017-01-01,lag_7,-0.0022703697198567,-6.032351872935098e-05,0.0009755603381114925,0.0007156819523533012
2016-12-01,2017-01-01,lag_8,0.0033764655587065,0.0003211674399375908,0.0009755603381114925,0.0007156819523533012
2016-12-01,2017-01-01,lag_9,-0.0074475614830165,-0.00022182211400395587,0.0009755603381114925,0.0007156819523533012
2016-12-01,2017-01-01,lag_10,-0.0051982643192998,0.00019126571339986862,0.0009755603381114925,0.0007156819523533012
2016-12-01,2017-01-01,lag_11,0.005226534839914,-0.0004947530470246049,0.0009755603381114925,0.0007156819523533012
2016-12-01,2017-01-01,volatility_3m,0.005537163442351034,4.123633720359724e-05,0.0009755603381114925,0.0007156819523533012
2017-01-01,2017-02-01,lag_0,-0.0026321858636491,-0.0006665814323112216,0.0018243205265299428,0.0007521131915465694
2017-01-01,2017-02-01,lag_1,0.0068125945893555,0.0013617408216429056,0.0018243205265299428,0.0007521131915465694
2017-01-01,2017-02-01,lag_2,-0.0041804087257064,-0.0005318000742648125,0.0018243205265299428,0.0007521131915465694
2017-01-01,2017-02-01,lag_3,0.0001559439981937,2.425845067182767e-06,0.0018243205265299428,0.0007521131915465694
2017-01-01,2017-02-01,lag_4,-0.0010556910872727,5.7707216464231354e-05,0.0018243205265299428,0.0007521131915465694
2017-01-01,2017-02-01,lag_5,-0.0015082196772331,3.831242019402952e-06,0.0018243205265299428,0.0007521131915465694
2017-01-01,2017-02-01,lag_6,0.0011714023549629,-3.1449581412228044e-05,0.0018243205265299428,0.0007521131915465694
2017-01-01,2017-02-01,lag_7,0.0047125884915697,0.00013599556007183171,0.0018243205265299428,0.0007521131915465694
2017-01-01,2017-02-01,lag_8,-0.0022703697198567,-0.00019807446163714205,0.0018243205265299428,0.0007521131915465694
2017-01-01,2017-02-01,lag_9,0.0033764655587065,0.00011205129610916196,0.0018243205265299428,0.0007521131915465694
2017-01-01,2017-02-01,lag_10,-0.0074475614830165,0.0002617700820077458,0.0018243205265299428,0.0007521131915465694
2017-01-01,2017-02-01,lag_11,-0.0051982643192998,0.0005046686668239278,0.0018243205265299428,0.0007521131915465694
2017-01-01,2017-02-01,volatility_3m,0.005950448074459275,5.9922154402387665e-05,0.0018243205265299428,0.0007521131915465694
2017-02-01,2017-03-01,lag_0,-0.0040228192946498,-0.001033603303642081,0.0007591036084150073,0.000825300265979715
2017-02-01,2017-03-01,lag_1,-0.0026321858636491,-0.0006017151765092121,0.0007591036084150073,0.000825300265979715
2017-02-01,2017-03-01,lag_2,0.0068125945893555,0.0008291355187987483,0.0007591036084150073,0.000825300265979715
2017-02-01,2017-03-01,lag_3,-0.0041804087257064,-0.0003627958165664818,0.0007591036084150073,0.000825300265979715
2017-02-01,2017-03-01,lag_4,0.0001559439981937,-1.4454271631746136e-06,0.0007591036084150073,0.000825300265979715
2017-02-01,2017-03-01,lag_5,-0.0010556910872727,1.1738662334839433e-06,0.0007591036084150073,0.000825300265979715
2017-02-01,2017-03-01,lag_6,-0.0015082196772331,4.138929775555996e-05,0.0007591036084150073,0.000825300265979715
2017-02-01,2017-03-01,lag_7,0.0011714023549629,3.092698037700609e-05,0.0007591036084150073,0.000825300265979715
2017-02-01,2017-03-01,lag_8,0.0047125884915697,0.0004406476594811538,0.0007591036084150073,0.000825300265979715
2017-02-01,2017-03-01,lag_9,-0.0022703697198567,-6.583601958400043e-05,0.0007591036084150073,0.000825300265979715
2017-02-01,2017-03-01,lag_10,0.0033764655587065,-0.00011251721715866087,0.0007591036084150073,0.000825300265979715
2017-02-01,2017-03-01,lag_11,-0.0074475614830165,0.0007069011658207031,0.0007591036084150073,0.000825300265979715
2017-02-01,2017-03-01,volatility_3m,0.005895534089214895,6.154181459224792e-05,0.0007591036084150073,0.000825300265979715
2017-03-01,2017-04-01,lag_0,0.0065772411659166,0.0013589476084026446,0.0017515926394681526,0.0008981128145466965
2017-03-01,2017-04-01,lag_1,-0.0040228192946498,-0.0009169289405598847,0.0017515926394681526,0.0008981128145466965
2017-03-01,2017-04-01,lag_2,-0.0026321858636491,-0.0003861409268923473,0.0017515926394681526,0.0008981128145466965
2017-03-01,2017-04-01,lag_3,0.0068125945893555,0.0005468562144198396,0.0017515926394681526,0.0008981128145466965
2017-03-01,2017-04-01,lag_4,-0.0041804087257064,0.0002195804432552804,0.0017515926394681526,0.0008981128145466965
2017-03-01,2017-04-01,lag_5,0.0001559439981937,-4.950004167599478e-08,0.0017515926394681526,0.0008981128145466965
2017-03-01,2017-04-01,lag_6,-0.0010556910872727,3.195560972877341e-05,0.0017515926394681526,0.0008981128145466965
2017-03-01,2017-04-01,lag_7,-0.0015082196772331,-4.0964996690736795e-05,0.0017515926394681526,0.0008981128145466965
2017-03-01,2017-04-01,lag_8,0.0011714023549629,0.00011117941358275329,0.0017515926394681526,0.0008981128145466965
2017-03-01,2017-04-01,lag_9,0.0047125884915697,0.0001429976198097031,0.0017515926394681526,0.0008981128145466965
2017-03-01,2017-04-01,lag_10,-0.0022703697198567,6.65494358087506e-05,0.0017515926394681526,0.0008981128145466965
2017-03-01,2017-04-01,lag_11,0.0033764655587065,-0.00034635441917494557,0.0017515926394681526,0.0008981128145466965
2017-03-01,2017-04-01,volatility_3m,0.0057606233649952505,6.585226327330148e-05,0.0017515926394681526,0.0008981128145466965
2017-04-01,2017-05-01,lag_0,0.0101359365050237,0.002137035540806446,0.0032038052534120883,0.0009745130927781674
2017-04-01,2017-05-01,lag_1,0.0065772411659166,0.0012018263951201354,0.0032038052534120883,0.0009745130927781674
2017-04-01,2017-05-01,lag_2,-0.0040228192946498,-0.0005851405136113803,0.0032038052534120883,0.0009745130927781674
2017-04-01,2017-05-01,lag_3,-0.0026321858636491,-0.00025473055718620575,0.0032038052534120883,0.0009745130927781674
2017-04-01,2017-05-01,lag_4,0.0068125945893555,-0.0003501173819577023,0.0032038052534120883,0.0009745130927781674
2017-04-01,2017-05-01,lag_5,-0.0041804087257064,7.734702629844051e-06,0.0032038052534120883,0.0009745130927781674
2017-04-01,2017-05-01,lag_6,0.0001559439981937,-8.049406694128697e-07,0.0032038052534120883,0.0009745130927781674
2017-04-01,2017-05-01,lag_7,-0.0010556910872727,-2.8958343112861077e-05,0.0032038052534120883,0.0009745130927781674
2017-04-01,2017-05-01,lag_8,-0.0015082196772331,-0.00014443106296926624,0.0032038052534120883,0.0009745130927781674
2017-04-01,2017-05-01,lag_9,0.0011714023549629,3.684987044698501e-05,0.0032038052534120883,0.0009745130927781674
2017-04-01,2017-05-01,lag_10,0.0047125884915697,-0.00015523099167317586,0.0032038052534120883,0.0009745130927781674
2017-04-01,2017-05-01,lag_11,-0.0022703697198567,0.0002129196492709393,0.0032038052534120883,0.0009745130927781674
2017-04-01,2017-05-01,volatility_3m,0.007365414223235441,0.00015233979353957572,0.0032038052534120883,0.0009745130927781674
2017-05-01,2017-06-01,lag_0,0.0011830347817092,4.543354491144367e-05,0.0030015410862308895,0.0010706990560411993
2017-05-01,2017-06-01,lag_1,0.0101359365050237,0.0018561011999060828,0.0030015410862308895,0.0010706990560411993
2017-05-01,2017-06-01,lag_2,0.0065772411659166,0.0007844754442785678,0.0030015410862308895,0.0010706990560411993
2017-05-01,2017-06-01,lag_3,-0.0040228192946498,-0.0003929394771712517,0.0030015410862308895,0.0010706990560411993
2017-05-01,2017-06-01,lag_4,-0.0026321858636491,0.00016026994123912656,0.0030015410862308895,0.0010706990560411993
2017-05-01,2017-06-01,lag_5,0.0068125945893555,-7.011606408962046e-06,0.0030015410862308895,0.0010706990560411993
2017-05-01,2017-06-01,lag_6,-0.0041804087257064,0.00012591340229205748,0.0030015410862308895,0.0010706990560411993
2017-05-01,2017-06-01,lag_7,0.0001559439981937,6.973013005630459e-07,0.0030015410862308895,0.0010706990560411993
2017-05-01,2017-06-01,lag_8,-0.0010556910872727,-0.00010692134449723731,0.0030015410862308895,0.0010706990560411993
2017-05-01,2017-06-01,lag_9,-0.0015082196772331,-4.7846535877940304e-05,0.0030015410862308895,0.0010706990560411993
2017-05-01,2017-06-01,lag_10,0.0011714023549629,-3.871829741837748e-05,0.0030015410862308895,0.0010706990560411993
2017-05-01,2017-06-01,lag_11,0.0047125884915697,-0.00046891223749273613,0.0030015410862308895,0.0010706990560411993
2017-05-01,2017-06-01,volatility_3m,0.004507701267448377,2.0300695128354535e-05,0.0030015410862308895,0.0010706990560411993
2017-06-01,2017-07-01,lag_0,0.00205798028521,0.00016293173764677277,0.002821036186986152,0.0009377853992382757
2017-06-01,2017-07-01,lag_1,0.0011830347817092,3.752860214896762e-05,0.002821036186986152,0.0009377853992382757
2017-06-01,2017-07-01,lag_2,0.0101359365050237,0.0011969642806815295,0.002821036186986152,0.0009377853992382757
2017-06-01,2017-07-01,lag_3,0.0065772411659166,0.0006228061855092171,0.002821036186986152,0.0009377853992382757
2017-06-01,2017-07-01,lag_4,-0.0040228192946498,7.388066085002456e-05,0.002821036186986152,0.0009377853992382757
2017-06-01,2017-07-01,lag_5,-0.0026321858636491,-1.1566913335640846e-05,0.002821036186986152,0.0009377853992382757
2017-06-01,2017-07-01,lag_6,0.0068125945893555,-6.924920847463011e-05,0.002821036186986152,0.0009377853992382757
2017-06-01,2017-07-01,lag_7,-0.0041804087257064,-0.00014527305838643226,0.002821036186986152,0.0009377853992382757
2017-06-01,2017-07-01,lag_8,0.0001559439981937,1.5002702209367331e-06,0.002821036186986152,0.0009377853992382757
2017-06-01,2017-07-01,lag_9,-0.0010556910872727,-6.673538392671021e-05,0.002821036186986152,0.0009377853992382757
2017-06-01,2017-07-01,lag_10,-0.0015082196772331,6.312976902409367e-05,0.002821036186986152,0.0009377853992382757
2017-06-01,2017-07-01,lag_11,0.0011714023549629,-7.736418222549005e-05,0.002821036186986152,0.0009377853992382757
2017-06-01,2017-07-01,volatility_3m,0.004935810564818624,9.469802801523806e-05,0.002821036186986152,0.0009377853992382757
2017-07-01,2017-08-01,lag_0,-0.0023975598889283,-0.0007278630103406244,0.0013248874868703256,0.001032684607662673
2017-07-01,2017-08-01,lag_1,0.00205798028521,0.00015379245029441434,0.0013248874868703256,0.001032684607662673
2017-07-01,2017-08-01,lag_2,0.0011830347817092,2.5970985457473003e-05,0.0013248874868703256,0.001032684607662673
2017-07-01,2017-08-01,lag_3,0.0101359365050237,0.0009618676267752326,0.0013248874868703256,0.001032684607662673
2017-07-01,2017-08-01,lag_4,0.0065772411659166,-8.49260145825766e-05,0.0013248874868703256,0.001032684607662673
2017-07-01,2017-08-01,lag_5,-0.0040228192946498,-2.3175737813157478e-05,0.0013248874868703256,0.001032684607662673
2017-07-01,2017-08-01,lag_6,-0.0026321858636491,3.98326711981489e-05,0.0013248874868703256,0.001032684607662673
2017-07-01,2017-08-01,lag_7,0.0068125945893555,0.00021086098879408805,0.0013248874868703256,0.001032684607662673
2017-07-01,2017-08-01,lag_8,-0.0041804087257064,-0.0002445883819027497,0.0013248874868703256,0.001032684607662673
2017-07-01,2017-08-01,lag_9,0.0001559439981937,1.5399436928812206e-06,0.0013248874868703256,0.001032684607662673
2017-07-01,2017-08-01,lag_10,-0.0010556910872727,4.8681617107977956e-05,0.0013248874868703256,0.001032684607662673
2017-07-01,2017-08-01,lag_11,-0.0015082196772331,9.771607375414354e-05,0.0013248874868703256,0.001032684607662673
2017-07-01,2017-08-01,volatility_3m,0.0023607211494532164,-0.00016750633322759896,0.0013248874868703256,0.001032684607662673
2017-08-01,2017-09-01,lag_0,-0.0041471676206601,-0.0011217343949954514,-0.0006205596710236105,0.0011129946253636857
2017-08-01,2017-09-01,lag_1,-0.0023975598889283,-0.0006953885715643884,-0.0006205596710236105,0.0011129946253636857
2017-08-01,2017-09-01,lag_2,0.00205798028521,0.00010010045332585718,-0.0006205596710236105,0.0011129946253636857
2017-08-01,2017-09-01,lag_3,0.0011830347817092,2.0420373221945148e-05,-0.0006205596710236105,0.0011129946253636857
2017-08-01,2017-09-01,lag_4,0.0101359365050237,-0.00013487704567503346,-0.0006205596710236105,0.0011129946253636857
2017-08-01,2017-09-01,lag_5,0.0065772411659166,1.6493897009693194e-05,-0.0006205596710236105,0.0011129946253636857
2017-08-01,2017-09-01,lag_6,-0.0040228192946498,4.813931648387015e-05,-0.0006205596710236105,0.0011129946253636857
2017-08-01,2017-09-01,lag_7,-0.0026321858636491,-9.804875376695821e-05,-0.0006205596710236105,0.0011129946253636857
2017-08-01,2017-09-01,lag_8,0.0068125945893555,0.000390861492866915,-0.0006205596710236105,0.0011129946253636857
2017-08-01,2017-09-01,lag_9,-0.0041804087257064,-0.000249668130096498,-0.0006205596710236105,0.0011129946253636857
2017-08-01,2017-09-01,lag_10,0.0001559439981937,-9.45525874054647e-07,-0.0006205596710236105,0.0011129946253636857
2017-08-01,2017-09-01,lag_11,-0.0010556910872727,7.053641912680999e-05,-0.0006205596710236105,0.0011129946253636857
2017-08-01,2017-09-01,volatility_3m,0.0031993964532918842,-7.944382645000345e-05,-0.0006205596710236105,0.0011129946253636857
2017-09-01,2017-10-01,lag_0,0.0010316416096038,-8.671790073088718e-05,-0.000169253213018963,0.001263427973724655
2017-09-01,2017-10-01,lag_1,-0.0041471676206601,-0.0010416880648973959,-0.000169253213018963,0.001263427973724655
2017-09-01,2017-10-01,lag_2,-0.0023975598889283,-0.00044980150100568984,-0.000169253213018963,0.001263427973724655
2017-09-01,2017-10-01,lag_3,0.00205798028521,8.286678548389826e-05,-0.000169253213018963,0.001263427973724655
2017-09-01,2017-10-01,lag_4,0.0011830347817092,-2.452866808163649e-06,-0.000169253213018963,0.001263427973724655
2017-09-01,2017-10-01,lag_5,0.0101359365050237,6.607289867358139e-05,-0.000169253213018963,0.001263427973724655
2017-09-01,2017-10-01,lag_6,0.0065772411659166,-0.00010379655320843436,-0.000169253213018963,0.001263427973724655
2017-09-01,2017-10-01,lag_7,-0.0040228192946498,-0.00015055589740369156,-0.000169253213018963,0.001263427973724655
2017-09-01,2017-10-01,lag_8,-0.0026321858636491,-0.00018512638287849164,-0.000169253213018963,0.001263427973724655
2017-09-01,2017-10-01,lag_9,0.0068125945893555,0.0003988400660333928,-0.000169253213018963,0.001263427973724655
2017-09-01,2017-10-01,lag_10,-0.0041804087257064,0.0001843692101012181,-0.000169253213018963,0.001263427973724655
2017-09-01,2017-10-01,lag_11,0.0001559439981937,-1.7317398186784782e-06,-0.000169253213018963,0.001263427973724655
2017-09-01,2017-10-01,volatility_3m,0.002634407434191386,-0.00014295924028427567,-0.000169253213018963,0.001263427973724655
2017-10-01,2017-11-01,lag_0,0.0122429513273667,0.0019569286552460303,0.002259051712411698,0.0013853440522969569
2017-10-01,2017-11-01,lag_1,0.0010316416096038,-8.404681870082487e-05,0.002259051712411698,0.0013853440522969569
2017-10-01,2017-11-01,lag_2,-0.0041471676206601,-0.0006891325383583972,0.002259051712411698,0.0013853440522969569
2017-10-01,2017-11-01,lag_3,-0.0023975598889283,-0.00037055531687450033,0.002259051712411698,0.0013853440522969569
2017-10-01,2017-11-01,lag_4,0.00205798028521,-1.0930548152109507e-05,0.002259051712411698,0.0013853440522969569
2017-10-01,2017-11-01,lag_5,0.0011830347817092,2.1946107402865425e-06,0.002259051712411698,0.0013853440522969569
2017-10-01,2017-11-01,lag_6,0.0101359365050237,-0.0001520268208559493,0.002259051712411698,0.0013853440522969569
2017-10-01,2017-11-01,lag_7,0.0065772411659166,0.00018757313092181995,0.002259051712411698,0.0013853440522969569
2017-10-01,2017-11-01,lag_8,-0.0040228192946498,-0.0002995433488026027,0.002259051712411698,0.0013853440522969569
2017-10-01,2017-11-01,lag_9,-0.0026321858636491,-0.00017512523087399512,0.002259051712411698,0.0013853440522969569
2017-10-01,2017-11-01,lag_10,0.0068125945893555,-0.0003103889651368004,0.002259051712411698,0.0013853440522969569
2017-10-01,2017-11-01,lag_11,-0.0041804087257064,0.0003098672852819531,0.002259051712411698,0.0013853440522969569
2017-10-01,2017-11-01,volatility_3m,0.008378042032216702,0.000508893565679831,0.002259051712411698,0.0013853440522969569
2017-11-01,2017-12-01,lag_0,0.0023896267805678,0.00012319034910485878,0.003236002320995169,0.0014471521666941478
2017-11-01,2017-12-01,lag_1,0.0122429513273667,0.0019065120360855091,0.003236002320995169,0.0014471521666941478
2017-11-01,2017-12-01,lag_2,0.0010316416096038,-5.65285210634179e-05,0.003236002320995169,0.0014471521666941478
2017-11-01,2017-12-01,lag_3,-0.0041471676206601,-0.0005465400908084629,0.003236002320995169,0.0014471521666941478
2017-11-01,2017-12-01,lag_4,-0.0023975598889283,6.0196666120419834e-05,0.003236002320995169,0.0014471521666941478
2017-11-01,2017-12-01,lag_5,0.00205798028521,6.138317992070302e-06,0.003236002320995169,0.0014471521666941478
2017-11-01,2017-12-01,lag_6,0.0011830347817092,-2.6698529384607506e-06,0.003236002320995169,0.0014471521666941478
2017-11-01,2017-12-01,lag_7,0.0101359365050237,0.0003252356618706191,0.003236002320995169,0.0014471521666941478
2017-11-01,2017-12-01,lag_8,0.0065772411659166,0.00038531200298074316,0.003236002320995169,0.0014471521666941478
2017-11-01,2017-12-01,lag_9,-0.0040228192946498,-0.00029520828048173775,0.003236002320995169,0.0014471521666941478
2017-11-01,2017-12-01,lag_10,-0.0026321858636491,0.00013737148860490565,0.003236002320995169,0.0014471521666941478
2017-11-01,2017-12-01,lag_11,0.0068125945893555,-0.0004876739333698229,0.003236002320995169,0.0014471521666941478
2017-11-01,2017-12-01,volatility_3m,0.006118627214453592,0.00023351431020379718,0.003236002320995169,0.0014471521666941478
2017-12-01,2018-01-01,lag_0,0.0019533298635989,5.5891509847880275e-05,0.004393618089000002,0.00140472761654695
2017-12-01,2018-01-01,lag_1,0.0023896267805678,0.00011318060492856653,0.004393618089000002,0.00140472761654695
2017-12-01,2018-01-01,lag_2,0.0122429513273667,0.0012881455650240786,0.004393618089000002,0.00140472761654695
2017-12-01,2018-01-01,lag_3,0.0010316416096038,-4.698930812991008e-05,0.004393618089000002,0.00140472761654695
2017-12-01,2018-01-01,lag_4,-0.0041471676206601,7.394184666264799e-05,0.004393618089000002,0.00140472761654695
2017-12-01,2018-01-01,lag_5,-0.0023975598889283,-3.283643596737873e-05,0.004393618089000002,0.00140472761654695
2017-12-01,2018-01-01,lag_6,0.00205798028521,-7.476808337016239e-06,0.004393618089000002,0.00140472761654695
2017-12-01,2018-01-01,lag_7,0.0011830347817092,6.631018613368627e-06,0.004393618089000002,0.00140472761654695
2017-12-01,2018-01-01,lag_8,0.0101359365050237,0.0005542504080063781,0.004393618089000002,0.00140472761654695
2017-12-01,2018-01-01,lag_9,0.0065772411659166,0.00039018378479291604,0.004393618089000002,0.00140472761654695
2017-12-01,2018-01-01,lag_10,-0.0040228192946498,0.00018882424814440244,0.004393618089000002,0.00140472761654695
2017-12-01,2018-01-01,lag_11,-0.0026321858636491,0.00021066134736092906,0.004393618089000002,0.00140472761654695
2017-12-01,2018-01-01,volatility_3m,0.005818858271344092,0.00019448269150618898,0.004393618089000002,0.00140472761654695
2018-01-01,2018-02-01,lag_0,-1.872595501151153e-05,-0.0003108262197349313,0.0027824110233932086,0.0014266316597373197
2018-01-01,2018-02-01,lag_1,0.0019533298635989,5.213885827330137e-05,0.0027824110233932086,0.0014266316597373197
2018-01-01,2018-02-01,lag_2,0.0023896267805678,6.649869580086639e-05,0.0027824110233932086,0.0014266316597373197
2018-01-01,2018-02-01,lag_3,0.0122429513273667,0.0010914516150348265,0.0027824110233932086,0.0014266316597373197
2018-01-01,2018-02-01,lag_4,0.0010316416096038,2.493271696489944e-06,0.0027824110233932086,0.0014266316597373197
2018-01-01,2018-02-01,lag_5,-0.0041471676206601,-5.2194653341210406e-05,0.0027824110233932086,0.0014266316597373197
2018-01-01,2018-02-01,lag_6,-0.0023975598889283,4.904784952387705e-05,0.0027824110233932086,0.0014266316597373197
2018-01-01,2018-02-01,lag_7,0.00205798028521,2.7076945137585067e-05,0.0027824110233932086,0.0014266316597373197
2018-01-01,2018-02-01,lag_8,0.0011830347817092,1.136866009632188e-05,0.0027824110233932086,0.0014266316597373197
2018-01-01,2018-02-01,lag_9,0.0101359365050237,0.0005874701990195245,0.0027824110233932086,0.0014266316597373197
2018-01-01,2018-02-01,lag_10,0.0065772411659166,-0.00025383492282286346,0.0027824110233932086,0.0014266316597373197
2018-01-01,2018-02-01,lag_11,-0.0040228192946498,0.00031461798364570607,0.0027824110233932086,0.0014266316597373197
2018-01-01,2018-02-01,volatility_3m,0.0012831940649829043,-0.00022952891867360475,0.0027824110233932086,0.0014266316597373197
2018-02-01,2018-03-01,lag_0,0.0024216066290527,0.00018534754339400212,0.0002840887925701493,0.0013436790542067849
2018-02-01,2018-03-01,lag_1,-1.872595501151153e-05,-0.00030152373562979253,0.0002840887925701493,0.0013436790542067849
2018-02-01,2018-03-01,lag_2,0.0019533298635989,3.076786734855931e-05,0.0002840887925701493,0.0013436790542067849
2018-02-01,2018-03-01,lag_3,0.0023896267805678,6.854806486809779e-05,0.0002840887925701493,0.0013436790542067849
2018-02-01,2018-03-01,lag_4,0.0122429513273667,-9.09168348507523e-05,0.0002840887925701493,0.0013436790542067849
2018-02-01,2018-03-01,lag_5,0.0010316416096038,-4.4271216143812396e-06,0.0002840887925701493,0.0013436790542067849
2018-02-01,2018-03-01,lag_6,-0.0041471676206601,3.493260894796101e-05,0.0002840887925701493,0.0013436790542067849
2018-02-01,2018-03-01,lag_7,-0.0023975598889283,-0.00010061854797449897,0.0002840887925701493,0.0013436790542067849
2018-02-01,2018-03-01,lag_8,0.00205798028521,4.650341006731281e-05,0.0002840887925701493,0.0013436790542067849
2018-02-01,2018-03-01,lag_9,0.0011830347817092,1.021344204441868e-05,0.0002840887925701493,0.0013436790542067849
2018-02-01,2018-03-01,lag_10,0.0101359365050237,-0.00034719441000301195,0.0002840887925701493,0.0013436790542067849
2018-02-01,2018-03-01,lag_11,0.0065772411659166,-0.0003351147259303228,0.0002840887925701493,0.0013436790542067849
2018-02-01,2018-03-01,volatility_3m,0.0012950875389733678,-0.0002561078223042274,0.0002840887925701493,0.0013436790542067849
2018-03-01,2018-04-01,lag_0,0.004886354634384,0.0006881228235753712,0.0011612944387914914,0.0013138043010000318
2018-03-01,2018-04-01,lag_1,0.0024216066290527,0.0001733100346450028,0.0011612944387914914,0.0013138043010000318
2018-03-01,2018-04-01,lag_2,-1.872595501151153e-05,-0.00016996685430335345,0.0011612944387914914,0.0013138043010000318
2018-03-01,2018-04-01,lag_3,0.0019533298635989,3.0009568973901292e-05,0.0011612944387914914,0.0013138043010000318
2018-03-01,2018-04-01,lag_4,0.0023896267805678,-5.213126294616109e-06,0.0011612944387914914,0.0013138043010000318
2018-03-01,2018-04-01,lag_5,0.0122429513273667,9.708073999659404e-05,0.0011612944387914914,0.0013138043010000318
2018-03-01,2018-04-01,lag_6,0.0010316416096038,3.1807750248264667e-06,0.0011612944387914914,0.0013138043010000318
2018-03-01,2018-04-01,lag_7,-0.0041471676206601,-0.00015146529975732285,0.0011612944387914914,0.0013138043010000318
2018-03-01,2018-04-01,lag_8,-0.0023975598889283,-0.00020285077713827268,0.0011612944387914914,0.0013138043010000318
2018-03-01,2018-04-01,lag_9,0.00205798028521,4.634921375237082e-05,0.0011612944387914914,0.0013138043010000318
2018-03-01,2018-04-01,lag_10,0.0011830347817092,-7.452224496585447e-06,0.0011612944387914914,0.0013138043010000318
2018-03-01,2018-04-01,lag_11,0.0101359365050237,-0.0005344235483085875,0.0011612944387914914,0.0013138043010000318
2018-03-01,2018-04-01,volatility_3m,0.002452550422148841,-0.0001191911878778689,0.0011612944387914914,0.0013138043010000318
2018-04-01,2018-05-01,lag_0,0.0109585819031714,0.0018745963126661801,0.003085807428819036,0.0013032273951628548
2018-04-01,2018-05-01,lag_1,0.004886354634384,0.0006180672169552557,0.003085807428819036,0.0013032273951628548
2018-04-01,2018-05-01,lag_2,0.0024216066290527,9.921649447683656e-05,0.003085807428819036,0.0013032273951628548
2018-04-01,2018-05-01,lag_3,-1.872595501151153e-05,-0.00016425134262247466,0.003085807428819036,0.0013032273951628548
2018-04-01,2018-05-01,lag_4,0.0019533298635989,-1.911258670027871e-06,0.003085807428819036,0.0013032273951628548
2018-04-01,2018-05-01,lag_5,0.0023896267805678,1.0756935178817379e-05,0.003085807428819036,0.0013032273951628548
2018-04-01,2018-05-01,lag_6,0.0122429513273667,-0.0001548801463235597,0.003085807428819036,0.0013032273951628548
2018-04-01,2018-05-01,lag_7,0.0010316416096038,-1.2395594022803756e-05,0.003085807428819036,0.0013032273951628548
2018-04-01,2018-05-01,lag_8,-0.0041471676206601,-0.00029179895310552583,0.003085807428819036,0.0013032273951628548
2018-04-01,2018-05-01,lag_9,-0.0023975598889283,-0.00021241507529977445,0.003085807428819036,0.0013032273951628548
2018-04-01,2018-05-01,lag_10,0.00205798028521,-3.188453323860432e-05,0.003085807428819036,0.0013032273951628548
2018-04-01,2018-05-01,lag_11,0.0011830347817092,-1.0941879621241865e-05,0.003085807428819036,0.0013032273951628548
2018-04-01,2018-05-01,volatility_3m,0.004393686257280705,6.042185728310349e-05,0.003085807428819036,0.0013032273951628548
2018-05-01,2018-06-01,lag_0,-0.0090456654231489,-0.002088166429097995,0.0020683829638857678,0.0013155871995731417
2018-05-01,2018-06-01,lag_1,0.0109585819031714,0.0017137968527514268,0.0020683829638857678,0.0013155871995731417
2018-05-01,2018-06-01,lag_2,0.004886354634384,0.0003555158668595656,0.0020683829638857678,0.0013155871995731417
2018-05-01,2018-06-01,lag_3,0.0024216066290527,9.558088566012433e-05,0.0020683829638857678,0.0013155871995731417
2018-05-01,2018-06-01,lag_4,-1.872595501151153e-05,7.048079443914491e-06,0.0020683829638857678,0.0013155871995731417
2018-05-01,2018-06-01,lag_5,0.0019533298635989,5.589222338592434e-06,0.0020683829638857678,0.0013155871995731417
2018-05-01,2018-06-01,lag_6,0.0023896267805678,-1.134324319506028e-05,0.0020683829638857678,0.0013155871995731417
2018-05-01,2018-06-01,lag_7,0.0122429513273667,0.0002775538484750257,0.0020683829638857678,0.0013155871995731417
2018-05-01,2018-06-01,lag_8,0.0010316416096038,-2.4695432374158117e-05,0.0020683829638857678,0.0013155871995731417
2018-05-01,2018-06-01,lag_9,-0.0041471676206601,-0.00032307354237064856,0.0020683829638857678,0.0013155871995731417
2018-05-01,2018-06-01,lag_10,-0.0023975598889283,0.0001474454692138017,0.0020683829638857678,0.0013155871995731417
2018-05-01,2018-06-01,lag_11,0.00205798028521,-4.522523511031372e-05,0.0020683829638857678,0.0013155871995731417
2018-05-01,2018-06-01,volatility_3m,0.010256242310416757,0.0006427694217183506,0.0020683829638857678,0.0013155871995731417
2018-06-01,2018-07-01,lag_0,0.0077393231839559,0.0011760328754444626,0.003752371689275869,0.0013274959206166577
2018-06-01,2018-07-01,lag_1,-0.0090456654231489,-0.0019437681563531145,0.003752371689275869,0.0013274959206166577
2018-06-01,2018-07-01,lag_2,0.0109585819031714,0.0010063637542192607,0.003752371689275869,0.0013274959206166577
2018-06-01,2018-07-01,lag_3,0.004886354634384,0.0003436154830029981,0.003752371689275869,0.0013274959206166577
2018-06-01,2018-07-01,lag_4,0.0024216066290527,-4.921363090210378e-06,0.003752371689275869,0.0013274959206166577
2018-06-01,2018-07-01,lag_5,-1.872595501151153e-05,-3.807892095109317e-05,0.003752371689275869,0.0013274959206166577
2018-06-01,2018-07-01,lag_6,0.0019533298635989,-4.156185481107413e-06,0.003752371689275869,0.0013274959206166577
2018-06-01,2018-07-01,lag_7,0.0023896267805678,1.8255944198184486e-05,0.003752371689275869,0.0013274959206166577
2018-06-01,2018-07-01,lag_8,0.0122429513273667,0.0006006791145024696,0.003752371689275869,0.0013274959206166577
2018-06-01,2018-07-01,lag_9,0.0010316416096038,-2.48782850971419e-05,0.003752371689275869,0.0013274959206166577
2018-06-01,2018-07-01,lag_10,-0.0041471676206601,0.00021817652136317225,0.003752371689275869,0.0013274959206166577
2018-06-01,2018-07-01,lag_11,-0.0023975598889283,0.0002218899978188607,0.003752371689275869,0.0013274959206166577
2018-06-01,2018-07-01,volatility_3m,0.010741425885595728,0.0008556649890824697,0.003752371689275869,0.0013274959206166577
2018-07-01,2018-08-01,lag_0,0.0016130706732431,4.067016555323633e-05,0.0038161352976193567,0.001277466139642666
2018-07-01,2018-08-01,lag_1,0.0077393231839559,0.0011766959546468214,0.0038161352976193567,0.001277466139642666
2018-07-01,2018-08-01,lag_2,-0.0090456654231489,-0.0010678624324386035,0.0038161352976193567,0.001277466139642666
2018-07-01,2018-08-01,lag_3,0.0109585819031714,0.0009995459269325473,0.0038161352976193567,0.001277466139642666
2018-07-01,2018-08-01,lag_4,0.004886354634384,-1.1355993019274636e-05,0.0038161352976193567,0.001277466139642666
2018-07-01,2018-08-01,lag_5,0.0024216066290527,1.793515961457108e-05,0.0038161352976193567,0.001277466139642666
2018-07-01,2018-08-01,lag_6,-1.872595501151153e-05,2.1779054960741202e-05,0.0038161352976193567,0.001277466139642666
2018-07-01,2018-08-01,lag_7,0.0019533298635989,7.457614451920938e-06,0.0038161352976193567,0.001277466139642666
2018-07-01,2018-08-01,lag_8,0.0023896267805678,3.502760095776049e-05,0.0038161352976193567,0.001277466139642666
2018-07-01,2018-08-01,lag_9,0.0122429513273667,0.0005467363240956068,0.0038161352976193567,0.001277466139642666
2018-07-01,2018-08-01,lag_10,0.0010316416096038,1.688862202093887e-05,0.0038161352976193567,0.001277466139642666
2018-07-01,2018-08-01,lag_11,-0.0041471676206601,0.00028617603792858705,0.0038161352976193567,0.001277466139642666
2018-07-01,2018-08-01,volatility_3m,0.008493874925872393,0.00046897512227183735,0.0038161352976193567,0.001277466139642666
2018-08-01,2018-09-01,lag_0,0.006442729109767,0.0009597893582578437,0.0013417308931705817,0.0012888554744439878
2018-08-01,2018-09-01,lag_1,0.0016130706732431,3.9513430877030174e-05,0.0013417308931705817,0.0012888554744439878
2018-08-01,2018-09-01,lag_2,0.0077393231839559,0.0006079442011575859,0.0013417308931705817,0.0012888554744439878
2018-08-01,2018-09-01,lag_3,-0.0090456654231489,-0.0011081487487948286,0.0013417308931705817,0.0012888554744439878
2018-08-01,2018-09-01,lag_4,0.0109585819031714,-6.518371363233559e-05,0.0013417308931705817,0.0012888554744439878
2018-08-01,2018-09-01,lag_5,0.004886354634384,8.402556699652414e-05,0.0013417308931705817,0.0012888554744439878
2018-08-01,2018-09-01,lag_6,0.0024216066290527,-1.3623179433828725e-05,0.0013417308931705817,0.0012888554744439878
2018-08-01,2018-09-01,lag_7,-1.872595501151153e-05,-4.032670461406334e-05,0.0013417308931705817,0.0012888554744439878
2018-08-01,2018-09-01,lag_8,0.0019533298635989,1.634059721684836e-05,0.0013417308931705817,0.0012888554744439878
2018-08-01,2018-09-01,lag_9,0.0023896267805678,3.4832623490750634e-05,0.0013417308931705817,0.0012888554744439878
2018-08-01,2018-09-01,lag_10,0.0122429513273667,-0.0004000819891057268,0.0013417308931705817,0.0012888554744439878
2018-08-01,2018-09-01,lag_11,0.0010316416096038,2.74245100023795e-05,0.0013417308931705817,0.0012888554744439878
2018-08-01,2018-09-01,volatility_3m,0.003228460072328683,-8.963053369158576e-05,0.0013417308931705817,0.0012888554744439878
2018-09-01,2018-10-01,lag_0,0.0006505452749951,-0.00014045142064274174,0.002208627140100061,0.0011990297382353282
2018-09-01,2018-10-01,lag_1,0.006442729109767,0.0009578637150093936,0.002208627140100061,0.0011990297382353282
2018-09-01,2018-10-01,lag_2,0.0016130706732431,2.0111003740219076e-05,0.002208627140100061,0.0011990297382353282
2018-09-01,2018-10-01,lag_3,0.0077393231839559,0.0006976212200631921,0.002208627140100061,0.0011990297382353282
2018-09-01,2018-10-01,lag_4,-0.0090456654231489,7.207569961574762e-05,0.002208627140100061,0.0011990297382353282
2018-09-01,2018-10-01,lag_5,0.0109585819031714,0.00023385622590474706,0.002208627140100061,0.0011990297382353282
2018-09-01,2018-10-01,lag_6,0.004886354634384,-4.256467987503799e-05,0.002208627140100061,0.0011990297382353282
2018-09-01,2018-10-01,lag_7,0.0024216066290527,2.4369655950217127e-05,0.002208627140100061,0.0011990297382353282
2018-09-01,2018-10-01,lag_8,-1.872595501151153e-05,-9.190892075010844e-05,0.002208627140100061,0.0011990297382353282
2018-09-01,2018-10-01,lag_9,0.0019533298635989,1.4699810494833309e-05,0.002208627140100061,0.0011990297382353282
2018-09-01,2018-10-01,lag_10,0.0023896267805678,-2.340654374763428e-05,0.002208627140100061,0.0011990297382353282
2018-09-01,2018-10-01,lag_11,0.0122429513273667,-0.0006056111337570878,0.002208627140100061,0.0011990297382353282
2018-09-01,2018-10-01,volatility_3m,0.003103800072264961,-0.00010705723014100708,0.002208627140100061,0.0011990297382353282
2018-10-01,2018-11-01,lag_0,-0.0011033900564871,-0.0004507927908642369,0.000773257651817907,0.0011757347295117992
2018-10-01,2018-11-01,lag_1,0.0006505452749951,-0.00013653895205078932,0.000773257651817907,0.0011757347295117992
2018-10-01,2018-11-01,lag_2,0.006442729109767,0.0004958744637841965,0.000773257651817907,0.0011757347295117992
2018-10-01,2018-11-01,lag_3,0.0016130706732431,2.2890063501413786e-05,0.000773257651817907,0.0011757347295117992
2018-10-01,2018-11-01,lag_4,0.0077393231839559,-3.185381192309587e-05,0.000773257651817907,0.0011757347295117992
2018-10-01,2018-11-01,lag_5,-0.0090456654231489,-0.00019844390472586592,0.000773257651817907,0.0011757347295117992
2018-10-01,2018-11-01,lag_6,0.0109585819031714,-0.00010853993111736576,0.000773257651817907,0.0011757347295117992
2018-10-01,2018-11-01,lag_7,0.004886354634384,9.474013859452688e-05,0.000773257651817907,0.0011757347295117992
2018-10-01,2018-11-01,lag_8,0.0024216066290527,5.425341278843584e-05,0.000773257651817907,0.0011757347295117992
2018-10-01,2018-11-01,lag_9,-1.872595501151153e-05,-8.698498562491883e-05,0.000773257651817907,0.0011757347295117992
2018-10-01,2018-11-01,lag_10,0.0019533298635989,-1.1221208602084867e-05,0.000773257651817907,0.0011757347295117992
2018-10-01,2018-11-01,lag_11,0.0023896267805678,-3.856213970363305e-05,0.000773257651817907,0.0011757347295117992
2018-10-01,2018-11-01,volatility_3m,0.003949042018728972,-7.297431750474637e-06,0.000773257651817907,0.0011757347295117992
2018-11-01,2018-12-01,lag_0,0.000793064524438,-8.279729753271876e-05,0.0015994257499817597,0.0011454364701301014
2018-11-01,2018-12-01,lag_1,-0.0011033900564871,-0.00043570112518240257,0.0015994257499817597,0.0011454364701301014
2018-11-01,2018-12-01,lag_2,0.0006505452749951,-7.048351041383825e-05,0.0015994257499817597,0.0011454364701301014
2018-11-01,2018-12-01,lag_3,0.006442729109767,0.0005478427086871262,0.0015994257499817597,0.0011454364701301014
2018-11-01,2018-12-01,lag_4,0.0016130706732431,-8.57596113674401e-07,0.0015994257499817597,0.0011454364701301014
2018-11-01,2018-12-01,lag_5,0.0077393231839559,0.00012092172058387182,0.0015994257499817597,0.0011454364701301014
2018-11-01,2018-12-01,lag_6,-0.0090456654231489,0.00013952223322314454,0.0015994257499817597,0.0011454364701301014
2018-11-01,2018-12-01,lag_7,0.0109585819031714,0.0002636552492250941,0.0015994257499817597,0.0011454364701301014
2018-11-01,2018-12-01,lag_8,0.004886354634384,0.0001915573932196792,0.0015994257499817597,0.0011454364701301014
2018-11-01,2018-12-01,lag_9,0.0024216066290527,5.508633192365541e-05,0.0015994257499817597,0.0011454364701301014
2018-11-01,2018-12-01,lag_10,-1.872595501151153e-05,6.379843813606146e-05,0.0015994257499817597,0.0011454364701301014
2018-11-01,2018-12-01,lag_11,0.0019533298635989,-1.8224739003248732e-05,0.0015994257499817597,0.0011454364701301014
2018-11-01,2018-12-01,volatility_3m,0.0010561834484749907,-0.0003203305269010918,0.0015994257499817597,0.0011454364701301014
2018-12-01,2019-01-01,lag_0,0.0002450018435427,-0.00017605132817006283,0.0006674135001264482,0.0011367878141459041
2018-12-01,2019-01-01,lag_1,0.000793064524438,-8.050962724461329e-05,0.0006674135001264482,0.0011367878141459041
2018-12-01,2019-01-01,lag_2,-0.0011033900564871,-0.00023571650606519893,0.0006674135001264482,0.0011367878141459041
2018-12-01,2019-01-01,lag_3,0.0006505452749951,-7.9501348911323e-05,0.0006674135001264482,0.0011367878141459041
2018-12-01,2019-01-01,lag_4,0.006442729109767,-2.1596193725426154e-05,0.0006674135001264482,0.0011367878141459041
2018-12-01,2019-01-01,lag_5,0.0016130706732431,4.268313024754525e-06,0.0006674135001264482,0.0011367878141459041
2018-12-01,2019-01-01,lag_6,0.0077393231839559,-6.111323215262173e-05,0.0006674135001264482,0.0011367878141459041
2018-12-01,2019-01-01,lag_7,-0.0090456654231489,-0.00023230992250256502,0.0006674135001264482,0.0011367878141459041
2018-12-01,2019-01-01,lag_8,0.0109585819031714,0.0005295902621659676,0.0006674135001264482,0.0011367878141459041
2018-12-01,2019-01-01,lag_9,0.004886354634384,0.00019157743807542312,0.0006674135001264482,0.0011367878141459041
2018-12-01,2019-01-01,lag_10,0.0024216066290527,-3.4424762819921603e-05,0.0006674135001264482,0.0011367878141459041
2018-12-01,2019-01-01,lag_11,-1.872595501151153e-05,9.857858515552662e-05,0.0006674135001264482,0.0011367878141459041
2018-12-01,2019-01-01,volatility_3m,0.0009759673317421981,-0.00037216599084939546,0.0006674135001264482,0.0011367878141459041
2019-01-01,2019-02-01,lag_0,-0.0066652230383583,-0.0014511500093120622,-0.0007896029149301463,0.0011073381902516545
2019-01-01,2019-02-01,lag_1,0.0002450018435427,-0.0001775563525390199,-0.0007896029149301463,0.0011073381902516545
2019-01-01,2019-02-01,lag_2,0.000793064524438,-4.426110170366136e-05,-0.0007896029149301463,0.0011073381902516545
2019-01-01,2019-02-01,lag_3,-0.0011033900564871,-0.00025689952255609317,-0.0007896029149301463,0.0011073381902516545
2019-01-01,2019-02-01,lag_4,0.0006505452749951,4.332759696097931e-06,-0.0007896029149301463,0.0011073381902516545
2019-01-01,2019-02-01,lag_5,0.006442729109767,0.00010491315612661922,-0.0007896029149301463,0.0011073381902516545
2019-01-01,2019-02-01,lag_6,0.0016130706732431,-2.2144431469371847e-06,-0.0007896029149301463,0.0011073381902516545
2019-01-01,2019-02-01,lag_7,0.0077393231839559,0.0001636505022499815,-0.0007896029149301463,0.0011073381902516545
2019-01-01,2019-02-01,lag_8,-0.0090456654231489,-0.0005901191751843249,-0.0007896029149301463,0.0011073381902516545
2019-01-01,2019-02-01,lag_9,0.0109585819031714,0.0005064606190012149,-0.0007896029149301463,0.0011073381902516545
2019-01-01,2019-02-01,lag_10,0.004886354634384,-0.00012607289520620742,-0.0007896029149301463,0.0011073381902516545
2019-01-01,2019-02-01,lag_11,0.0024216066290527,-5.5773468729555206e-05,-0.0007896029149301463,0.0011073381902516545
2019-01-01,2019-02-01,volatility_3m,0.004156874506765786,2.77488261221465e-05,-0.0007896029149301463,0.0011073381902516545
2019-02-01,2019-03-01,lag_0,-0.0054790884900661,-0.001239470016333277,-0.0025668423775435803,0.001049890019318179
2019-02-01,2019-03-01,lag_1,-0.0066652230383583,-0.0014707943989831975,-0.0025668423775435803,0.001049890019318179
2019-02-01,2019-03-01,lag_2,0.0002450018435427,-9.625972902121263e-05,-0.0025668423775435803,0.001049890019318179
2019-02-01,2019-03-01,lag_3,0.000793064524438,-4.8343798223013506e-05,-0.0025668423775435803,0.001049890019318179
2019-02-01,2019-03-01,lag_4,-0.0011033900564871,1.3157358878252133e-05,-0.0025668423775435803,0.001049890019318179
2019-02-01,2019-03-01,lag_5,0.0006505452749951,-1.4444960757210884e-05,-0.0025668423775435803,0.001049890019318179
2019-02-01,2019-03-01,lag_6,0.006442729109767,-4.7014742504595284e-05,-0.0025668423775435803,0.001049890019318179
2019-02-01,2019-03-01,lag_7,0.0016130706732431,5.485251005247845e-06,-0.0025668423775435803,0.001049890019318179
2019-02-01,2019-03-01,lag_8,0.0077393231839559,0.00036556604793133875,-0.0025668423775435803,0.001049890019318179
2019-02-01,2019-03-01,lag_9,-0.0090456654231489,-0.0005139265907156832,-0.0025668423775435803,0.001049890019318179
2019-02-01,2019-03-01,lag_10,0.0109585819031714,-0.00034915663919645915,-0.0025668423775435803,0.001049890019318179
2019-02-01,2019-03-01,lag_11,0.004886354634384,-0.0001872857891719633,-0.0025668423775435803,0.001049890019318179
2019-02-01,2019-03-01,volatility_3m,0.003695116895589135,-3.4244389769984415e-05,-0.0025668423775435803,0.001049890019318179
2019-03-01,2019-04-01,lag_0,0.0003752804925412,-0.00012329511001075687,-0.001170652766961653,0.0010065997254934723
2019-03-01,2019-04-01,lag_1,-0.0054790884900661,-0.001256117915238489,-0.001170652766961653,0.0010065997254934723
2019-03-01,2019-04-01,lag_2,-0.0066652230383583,-0.0008133338973809345,-0.001170652766961653,0.0010065997254934723
2019-03-01,2019-04-01,lag_3,0.0002450018435427,-0.00010843560009513415,-0.001170652766961653,0.0010065997254934723
2019-03-01,2019-04-01,lag_4,0.000793064524438,3.328855792706855e-06,-0.001170652766961653,0.0010065997254934723
2019-03-01,2019-04-01,lag_5,-0.0011033900564871,-4.703059577753704e-05,-0.001170652766961653,0.0010065997254934723
2019-03-01,2019-04-01,lag_6,0.0006505452749951,4.545618148486744e-06,-0.001170652766961653,0.0010065997254934723
2019-03-01,2019-04-01,lag_7,0.006442729109767,0.00012054899630811019,-0.001170652766961653,0.0010065997254934723
2019-03-01,2019-04-01,lag_8,0.0016130706732431,1.3720625006522398e-05,-0.001170652766961653,0.0010065997254934723
2019-03-01,2019-04-01,lag_9,0.0077393231839559,0.00024067052627709833,-0.001170652766961653,0.0010065997254934723
2019-03-01,2019-04-01,lag_10,-0.0090456654231489,0.0003635841685889656,-0.001170652766961653,0.0010065997254934723
2019-03-01,2019-04-01,lag_11,0.0109585819031714,-0.0005491043269197106,-0.001170652766961653,0.0010065997254934723
2019-03-01,2019-04-01,volatility_3m,0.0037693775197808433,-2.6333837154454103e-05,-0.001170652766961653,0.0010065997254934723
2019-04-01,2019-05-01,lag_0,-0.0058659771411617,-0.001277150906365604,-0.0013158191260818934,0.0009874478695359114
2019-04-01,2019-05-01,lag_1,0.0003752804925412,-0.00012755658148767547,-0.0013158191260818934,0.0009874478695359114
2019-04-01,2019-05-01,lag_2,-0.0054790884900661,-0.0006868922073093626,-0.0013158191260818934,0.0009874478695359114
2019-04-01,2019-05-01,lag_3,-0.0066652230383583,-0.0008956291631206047,-0.0013158191260818934,0.0009874478695359114
2019-04-01,2019-05-01,lag_4,0.0002450018435427,7.525639260056727e-06,-0.0013158191260818934,0.0009874478695359114
2019-04-01,2019-05-01,lag_5,0.000793064524438,-8.648136064397587e-06,-0.0013158191260818934,0.0009874478695359114
2019-04-01,2019-05-01,lag_6,-0.0011033900564871,1.3403255252123461e-05,-0.0013158191260818934,0.0009874478695359114
2019-04-01,2019-05-01,lag_7,0.0006505452749951,-1.6839545403097115e-05,-0.0013158191260818934,0.0009874478695359114
2019-04-01,2019-05-01,lag_8,0.006442729109767,0.00033560741512620086,-0.0013158191260818934,0.0009874478695359114
2019-04-01,2019-05-01,lag_9,0.0016130706732431,7.737682480057237e-06,-0.0013158191260818934,0.0009874478695359114
2019-04-01,2019-05-01,lag_10,0.0077393231839559,-0.00021331883992052665,-0.0013158191260818934,0.0009874478695359114
2019-04-01,2019-05-01,lag_11,-0.0090456654231489,0.0006216378998592551,-0.0013158191260818934,0.0009874478695359114
2019-04-01,2019-05-01,volatility_3m,0.0034970610485357493,-6.314350792423051e-05,-0.0013158191260818934,0.0009874478695359114
2019-05-01,2019-06-01,lag_0,0.001153098346327,5.031521336675784e-05,-0.0014370636899693865,0.0009438976227387174
2019-05-01,2019-06-01,lag_1,-0.0058659771411617,-0.0013578175203743932,-0.0014370636899693865,0.0009438976227387174
2019-05-01,2019-06-01,lag_2,0.0003752804925412,-6.87319151166893e-05,-0.0014370636899693865,0.0009438976227387174
2019-05-01,2019-06-01,lag_3,-0.0054790884900661,-0.0007375665902991486,-0.0014370636899693865,0.0009438976227387174
2019-05-01,2019-06-01,lag_4,-0.0066652230383583,5.61921161852149e-05,-0.0014370636899693865,0.0009438976227387174
2019-05-01,2019-06-01,lag_5,0.0002450018435427,-1.9133882203880536e-05,-0.0014370636899693865,0.0009438976227387174
2019-05-01,2019-06-01,lag_6,0.000793064524438,2.044863004532519e-06,-0.0014370636899693865,0.0009438976227387174
2019-05-01,2019-06-01,lag_7,-0.0011033900564871,-3.366969272397309e-05,-0.0014370636899693865,0.0009438976227387174
2019-05-01,2019-06-01,lag_8,0.0006505452749951,-5.019137646178639e-05,-0.0014370636899693865,0.0009438976227387174
2019-05-01,2019-06-01,lag_9,0.006442729109767,0.00017962287939414376,-0.0014370636899693865,0.0009438976227387174
2019-05-01,2019-06-01,lag_10,0.0016130706732431,-5.693662080329456e-06,-0.0014370636899693865,0.0009438976227387174
2019-05-01,2019-06-01,lag_11,0.0077393231839559,-0.0003821477871718396,-0.0014370636899693865,0.0009438976227387174
2019-05-01,2019-06-01,volatility_3m,0.003847633865182328,-1.4183958226712238e-05,-0.0014370636899693865,0.0009438976227387174
2019-06-01,2019-07-01,lag_0,0.0004442719505579,-8.30906475473607e-05,-0.0003538985389117829,0.0009621009293413797
2019-06-01,2019-07-01,lag_1,0.001153098346327,5.372752461237198e-05,-0.0003538985389117829,0.0009621009293413797
2019-06-01,2019-07-01,lag_2,-0.0058659771411617,-0.0007198062629426479,-0.0003538985389117829,0.0009621009293413797
2019-06-01,2019-07-01,lag_3,0.0003752804925412,-7.225856467981458e-05,-0.0003538985389117829,0.0009621009293413797
2019-06-01,2019-07-01,lag_4,-0.0054790884900661,5.970554236030379e-05,-0.0003538985389117829,0.0009621009293413797
2019-06-01,2019-07-01,lag_5,-0.0066652230383583,-0.00018109064221394065,-0.0003538985389117829,0.0009621009293413797
2019-06-01,2019-07-01,lag_6,0.0002450018435427,6.681747198232125e-06,-0.0003538985389117829,0.0009621009293413797
2019-06-01,2019-07-01,lag_7,0.000793064524438,-7.199680063090217e-06,-0.0003538985389117829,0.0009621009293413797
2019-06-01,2019-07-01,lag_8,-0.0011033900564871,-0.00016646217130141964,-0.0003538985389117829,0.0009621009293413797
2019-06-01,2019-07-01,lag_9,0.0006505452749951,-2.607047545092129e-05,-0.0003538985389117829,0.0009621009293413797
2019-06-01,2019-07-01,lag_10,0.006442729109767,-0.00015781826370931716,-0.0003538985389117829,0.0009621009293413797
2019-06-01,2019-07-01,lag_11,0.0016130706732431,-1.3442790461014101e-05,-0.0003538985389117829,0.0009621009293413797
2019-06-01,2019-07-01,volatility_3m,0.003864132053427431,-8.874784054543968e-06,-0.0003538985389117829,0.0009621009293413797
2019-07-01,2019-08-01,lag_0,-0.0048606038693659,-0.0010606047679791104,-0.0015856507193508268,0.0009081870953624099
2019-07-01,2019-08-01,lag_1,0.0004442719505579,-9.114722312631412e-05,-0.0015856507193508268,0.0009081870953624099
2019-07-01,2019-08-01,lag_2,0.001153098346327,2.8410715483944075e-05,-0.0015856507193508268,0.0009081870953624099
2019-07-01,2019-08-01,lag_3,-0.0058659771411617,-0.0007705968895339543,-0.0015856507193508268,0.0009081870953624099
2019-07-01,2019-08-01,lag_4,0.0003752804925412,5.238397647700767e-06,-0.0015856507193508268,0.0009081870953624099
2019-07-01,2019-08-01,lag_5,-0.0054790884900661,-0.00014626095512171856,-0.0015856507193508268,0.0009081870953624099
2019-07-01,2019-08-01,lag_6,-0.0066652230383583,4.79297180359859e-05,-0.0015856507193508268,0.0009081870953624099
2019-07-01,2019-08-01,lag_7,0.0002450018435427,-1.5042600344514972e-05,-0.0015856507193508268,0.0009081870953624099
2019-07-01,2019-08-01,lag_8,0.000793064524438,-2.870588886084079e-05,-0.0015856507193508268,0.0009081870953624099
2019-07-01,2019-08-01,lag_9,-0.0011033900564871,-9.289931258418009e-05,-0.0015856507193508268,0.0009081870953624099
2019-07-01,2019-08-01,lag_10,0.0006505452749951,2.2685021641577087e-05,-0.0015856507193508268,0.0009081870953624099
2019-07-01,2019-08-01,lag_11,0.006442729109767,-0.0003104897919474039,-0.0015856507193508268,0.0009081870953624099
2019-07-01,2019-08-01,volatility_3m,0.0032865573848426086,-8.235423802440619e-05,-0.0015856507193508268,0.0009081870953624099
2019-08-01,2019-09-01,lag_0,0.0068257248349024,0.0010537863634385,0.0011218262859175492,0.0009365578727095614
2019-08-01,2019-09-01,lag_1,-0.0048606038693659,-0.0011170304419722862,0.0011218262859175492,0.0009365578727095614
2019-08-01,2019-09-01,lag_2,0.0004442719505579,-5.025060242779737e-05,0.0011218262859175492,0.0009365578727095614
2019-08-01,2019-09-01,lag_3,0.001153098346327,2.8430372428179005e-05,0.0011218262859175492,0.0009365578727095614
2019-08-01,2019-09-01,lag_4,-0.0058659771411617,6.412276227227738e-05,0.0011218262859175492,0.0009365578727095614
2019-08-01,2019-09-01,lag_5,0.0003752804925412,-1.6278196413945474e-05,0.0011218262859175492,0.0009365578727095614
2019-08-01,2019-09-01,lag_6,-0.0054790884900661,7.248544717414584e-05,0.0011218262859175492,0.0009365578727095614
2019-08-01,2019-09-01,lag_7,-0.0066652230383583,-0.00015691865655367376,0.0011218262859175492,0.0009365578727095614
2019-08-01,2019-09-01,lag_8,0.0002450018435427,-6.663501540796573e-05,0.0011218262859175492,0.0009365578727095614
2019-08-01,2019-09-01,lag_9,0.000793064524438,-1.5296139016063577e-05,0.0011218262859175492,0.0009365578727095614
2019-08-01,2019-09-01,lag_10,-0.0011033900564871,6.971752800665745e-05,0.0011218262859175492,0.0009365578727095614
2019-08-01,2019-09-01,lag_11,0.0006505452749951,4.922656713315732e-05,0.0011218262859175492,0.0009365578727095614
2019-08-01,2019-09-01,volatility_3m,0.0058514232878865485,0.00026990842454680284,0.0011218262859175492,0.0009365578727095614
2019-09-01,2019-10-01,lag_0,-0.0033894417233817,-0.0007471996289919988,0.0002866207577487327,0.0009043468965572806
2019-09-01,2019-10-01,lag_1,0.0068257248349024,0.0011701920978094314,0.0002866207577487327,0.0009043468965572806
2019-09-01,2019-10-01,lag_2,-0.0048606038693659,-0.0006245260395762917,0.0002866207577487327,0.0009043468965572806
2019-09-01,2019-10-01,lag_3,0.0004442719505579,-5.0374389539397926e-05,0.0002866207577487327,0.0009043468965572806
2019-09-01,2019-10-01,lag_4,0.001153098346327,-2.906048209909516e-06,0.0002866207577487327,0.0009043468965572806
2019-09-01,2019-10-01,lag_5,-0.0058659771411617,-0.00016205833284651706,0.0002866207577487327,0.0009043468965572806
2019-09-01,2019-10-01,lag_6,0.0003752804925412,5.439038161663937e-06,0.0002866207577487327,0.0009043468965572806
2019-09-01,2019-10-01,lag_7,-0.0054790884900661,-0.0001354723355713203,0.0002866207577487327,0.0009043468965572806
2019-09-01,2019-10-01,lag_8,-0.0066652230383583,-0.0005562450792950408,0.0002866207577487327,0.0009043468965572806
2019-09-01,2019-10-01,lag_9,0.0002450018435427,-3.3674173515771836e-05,0.0002866207577487327,0.0009043468965572806
2019-09-01,2019-10-01,lag_10,0.000793064524438,1.2388043123584614e-05,0.0002866207577487327,0.0009043468965572806
2019-09-01,2019-10-01,lag_11,-0.0011033900564871,0.00015403819466966963,0.0002866207577487327,0.0009043468965572806
2019-09-01,2019-10-01,volatility_3m,0.006365063818185798,0.0003526725149733503,0.0002866207577487327,0.0009043468965572806
2019-10-01,2019-11-01,lag_0,-0.008478362664281,-0.0016997287063821765,-0.0017593372622922354,0.0008583055037735828
2019-10-01,2019-11-01,lag_1,-0.0033894417233817,-0.0008210514648466769,-0.0017593372622922354,0.0008583055037735828
2019-10-01,2019-11-01,lag_2,0.0068257248349024,0.0006678548438382604,-0.0017593372622922354,0.0008583055037735828
2019-10-01,2019-11-01,lag_3,-0.0048606038693659,-0.0006498683889768266,-0.0017593372622922354,0.0008583055037735828
2019-10-01,2019-11-01,lag_4,0.0004442719505579,3.987100793650012e-06,-0.0017593372622922354,0.0008583055037735828
2019-10-01,2019-11-01,lag_5,0.001153098346327,4.956630114240673e-06,-0.0017593372622922354,0.0008583055037735828
2019-10-01,2019-11-01,lag_6,-0.0058659771411617,4.992115237971078e-05,-0.0017593372622922354,0.0008583055037735828
2019-10-01,2019-11-01,lag_7,0.0003752804925412,-1.4854151416375491e-05,-0.0017593372622922354,0.0008583055037735828
2019-10-01,2019-11-01,lag_8,-0.0054790884900661,-0.0004701302296383473,-0.0017593372622922354,0.0008583055037735828
2019-10-01,2019-11-01,lag_9,-0.0066652230383583,-0.00024605304765252053,-0.0017593372622922354,0.0008583055037735828
2019-10-01,2019-11-01,lag_10,0.0002450018435427,2.9969924473005137e-05,-0.0017593372622922354,0.0008583055037735828
2019-10-01,2019-11-01,lag_11,0.000793064524438,2.6752753252950327e-05,-0.0017593372622922354,0.0008583055037735828
2019-10-01,2019-11-01,volatility_3m,0.007793820611429618,0.0005006008179952881,-0.0017593372622922354,0.0008583055037735828
2019-11-01,2019-12-01,lag_0,0.0050067643152127,0.0007303073300726986,0.0003164958880672382,0.0008978231857934022
2019-11-01,2019-12-01,lag_1,-0.008478362664281,-0.0017784469899760605,0.0003164958880672382,0.0008978231857934022
2019-11-01,2019-12-01,lag_2,-0.0033894417233817,-0.0004709566476373375,0.0003164958880672382,0.0008978231857934022
2019-11-01,2019-12-01,lag_3,0.0068257248349024,0.0006237900892153447,0.0003164958880672382,0.0008978231857934022
2019-11-01,2019-12-01,lag_4,-0.0048606038693659,5.528022504133134e-05,0.0003164958880672382,0.0008978231857934022
2019-11-01,2019-12-01,lag_5,0.0004442719505579,-1.1167184908402395e-05,0.0003164958880672382,0.0008978231857934022
2019-11-01,2019-12-01,lag_6,0.001153098346327,-2.8957500020073285e-06,0.0003164958880672382,0.0008978231857934022
2019-11-01,2019-12-01,lag_7,-0.0058659771411617,-0.00014719438611908165,0.0003164958880672382,0.0008978231857934022
2019-11-01,2019-12-01,lag_8,0.0003752804925412,-4.723543265502343e-05,0.0003164958880672382,0.0008978231857934022
2019-11-01,2019-12-01,lag_9,-0.0054790884900661,-0.00022578953420786106,0.0003164958880672382,0.0008978231857934022
2019-11-01,2019-12-01,lag_10,-0.0066652230383583,0.00022004970191045914,0.0003164958880672382,0.0008978231857934022
2019-11-01,2019-12-01,lag_11,0.0002450018435427,6.396207543186138e-05,0.0003164958880672382,0.0008978231857934022
2019-11-01,2019-12-01,volatility_3m,0.006809821850806395,0.00040896920610791466,0.0003164958880672382,0.0008978231857934022
2019-12-01,2020-01-01,lag_0,-0.0023266844944638,-0.0005404221516481975,3.997585060015372e-05,0.000824640561750558
2019-12-01,2020-01-01,lag_1,0.0050067643152127,0.0008077093478339553,3.997585060015372e-05,0.000824640561750558
2019-12-01,2020-01-01,lag_2,-0.008478362664281,-0.0010745894914563853,3.997585060015372e-05,0.000824640561750558
2019-12-01,2020-01-01,lag_3,-0.0033894417233817,-0.0004463349467738779,3.997585060015372e-05,0.000824640561750558
2019-12-01,2020-01-01,lag_4,0.0068257248349024,-4.4483504524182266e-05,3.997585060015372e-05,0.000824640561750558
2019-12-01,2020-01-01,lag_5,-0.0048606038693659,-0.00010970383709315333,3.997585060015372e-05,0.000824640561750558
2019-12-01,2020-01-01,lag_6,0.0004442719505579,5.9944166611047525e-06,3.997585060015372e-05,0.000824640561750558
2019-12-01,2020-01-01,lag_7,0.001153098346327,7.185421627121478e-06,3.997585060015372e-05,0.000824640561750558
2019-12-01,2020-01-01,lag_8,-0.0058659771411617,-0.00044264496459210786,3.997585060015372e-05,0.000824640561750558
2019-12-01,2020-01-01,lag_9,0.0003752804925412,-2.7288673233633406e-05,3.997585060015372e-05,0.000824640561750558
2019-12-01,2020-01-01,lag_10,-0.0054790884900661,0.00018371293124104518,3.997585060015372e-05,0.000824640561750558
2019-12-01,2020-01-01,lag_11,-0.0066652230383583,0.0004866907514260709,3.997585060015372e-05,0.000824640561750558
2019-12-01,2020-01-01,volatility_3m,0.006751188357148935,0.0004095099893818354,3.997585060015372e-05,0.000824640561750558
2020-01-01,2020-02-01,lag_0,-0.0065751385800458,-0.001267769834249079,-0.0008933352026941075,0.0007581723465076574
2020-01-01,2020-02-01,lag_1,-0.0023266844944638,-0.0006034657610091733,-0.0008933352026941075,0.0007581723465076574
2020-01-01,2020-02-01,lag_2,0.0050067643152127,0.000506262713675835,-0.0008933352026941075,0.0007581723465076574
2020-01-01,2020-02-01,lag_3,-0.008478362664281,-0.0009754089154052784,-0.0008933352026941075,0.0007581723465076574
2020-01-01,2020-02-01,lag_4,-0.0033894417233817,5.339409006112303e-05,-0.0008933352026941075,0.0007581723465076574
2020-01-01,2020-02-01,lag_5,0.0068257248349024,0.00010656386924351518,-0.0008933352026941075,0.0007581723465076574
2020-01-01,2020-02-01,lag_6,-0.0048606038693659,9.231899125075108e-05,-0.0008933352026941075,0.0007581723465076574
2020-01-01,2020-02-01,lag_7,0.0004442719505579,-1.0241248511024251e-05,-0.0008933352026941075,0.0007581723465076574
2020-01-01,2020-02-01,lag_8,0.001153098346327,1.9050767846246525e-05,-0.0008933352026941075,0.0007581723465076574
2020-01-01,2020-02-01,lag_9,-0.0058659771411617,-0.00025326414542849434,-0.0008933352026941075,0.0007581723465076574
2020-01-01,2020-02-01,lag_10,0.0003752804925412,1.5065331177077951e-05,-0.0008933352026941075,0.0007581723465076574
2020-01-01,2020-02-01,lag_11,-0.0054790884900661,0.00040309232584489265,-0.0008933352026941075,0.0007581723465076574
2020-01-01,2020-02-01,volatility_3m,0.005859028762469102,0.00026289426630184267,-0.0008933352026941075,0.0007581723465076574
2020-02-01,2020-03-01,lag_0,0.0033566014560095,0.000477275874491347,3.365853846090715e-05,0.0007586214244697536
2020-02-01,2020-03-01,lag_1,-0.0065751385800458,-0.0014031615274431167,3.365853846090715e-05,0.0007586214244697536
2020-02-01,2020-03-01,lag_2,-0.0023266844944638,-0.0003571567105071105,3.365853846090715e-05,0.0007586214244697536
2020-02-01,2020-03-01,lag_3,0.0050067643152127,0.0004371990033623906,3.365853846090715e-05,0.0007586214244697536
2020-02-01,2020-03-01,lag_4,-0.008478362664281,0.00012532928774811858,3.365853846090715e-05,0.0007586214244697536
2020-02-01,2020-03-01,lag_5,-0.0033894417233817,-8.85994273772984e-05,3.365853846090715e-05,0.0007586214244697536
2020-02-01,2020-03-01,lag_6,0.0068257248349024,-0.00010560792590791137,3.365853846090715e-05,0.0007586214244697536
2020-02-01,2020-03-01,lag_7,-0.0048606038693659,-0.00013739844205682214,3.365853846090715e-05,0.0007586214244697536
2020-02-01,2020-03-01,lag_8,0.0004442719505579,-3.345861533918564e-05,3.365853846090715e-05,0.0007586214244697536
2020-02-01,2020-03-01,lag_9,0.001153098346327,1.067199392918787e-05,3.365853846090715e-05,0.0007586214244697536
2020-02-01,2020-03-01,lag_10,-0.0058659771411617,0.00016290048554108328,3.365853846090715e-05,0.0007586214244697536
2020-02-01,2020-03-01,lag_11,0.0003752804925412,4.315459734632958e-05,3.365853846090715e-05,0.0007586214244697536
2020-02-01,2020-03-01,volatility_3m,0.00498311417783313,0.00014388852020414132,3.365853846090715e-05,0.0007586214244697536
2020-03-01,2020-04-01,lag_0,-0.022922160747389717,-0.0040759874410105255,-0.0017145070919241327,0.0007389125909811015
2020-03-01,2020-04-01,lag_1,0.0033566014560095,0.0005360868016676603,-0.0017145070919241327,0.0007389125909811015
2020-03-01,2020-04-01,lag_2,-0.0065751385800458,-0.0008673781060970753,-0.0017145070919241327,0.0007389125909811015
2020-03-01,2020-04-01,lag_3,-0.0023266844944638,-0.00030584076545097895,-0.0017145070919241327,0.0007389125909811015
2020-03-01,2020-04-01,lag_4,0.0050067643152127,-5.876909480669702e-05,-0.0017145070919241327,0.0007389125909811015
2020-03-01,2020-04-01,lag_5,-0.008478362664281,-0.00017539060537872524,-0.0017145070919241327,0.0007389125909811015
2020-03-01,2020-04-01,lag_6,-0.0033894417233817,8.946876844960296e-05,-0.0017145070919241327,0.0007389125909811015
2020-03-01,2020-04-01,lag_7,0.0068257248349024,0.000154074223249132,-0.0017145070919241327,0.0007389125909811015
2020-03-01,2020-04-01,lag_8,-0.0048606038693659,-0.00039977482349356363,-0.0017145070919241327,0.0007389125909811015
2020-03-01,2020-04-01,lag_9,0.0004442719505579,-2.084203670321128e-05,-0.0017145070919241327,0.0007389125909811015
2020-03-01,2020-04-01,lag_10,0.001153098346327,-6.799770622182742e-06,-0.0017145070919241327,0.0007389125909811015
2020-03-01,2020-04-01,lag_11,-0.0058659771411617,0.00045621818871849405,-0.0017145070919241327,0.0007389125909811015
2020-03-01,2020-04-01,volatility_3m,0.01930870522615078,0.0022215149785728364,-0.0017145070919241327,0.0007389125909811015
2020-04-01,2020-05-01,lag_0,-0.024686807245154502,-0.0047043486960252024,-0.006771294948406037,0.0006436697154373603
2020-04-01,2020-05-01,lag_1,-0.022898749070487584,-0.0045677224817960915,-0.006771294948406037,0.0006436697154373603
2020-04-01,2020-05-01,lag_2,0.0033566014560095,0.00032601702907695244,-0.006771294948406037,0.0006436697154373603
2020-04-01,2020-05-01,lag_3,-0.0065751385800458,-0.0007571944349948099,-0.006771294948406037,0.0006436697154373603
2020-04-01,2020-05-01,lag_4,-0.0023266844944638,3.192850954098236e-05,-0.006771294948406037,0.0006436697154373603
2020-04-01,2020-05-01,lag_5,0.0050067643152127,6.650803153473291e-05,-0.006771294948406037,0.0006436697154373603
2020-04-01,2020-05-01,lag_6,-0.008478362664281,0.00015967189051980556,-0.006771294948406037,0.0006436697154373603
2020-04-01,2020-05-01,lag_7,-0.0033894417233817,-8.532183506219002e-05,-0.006771294948406037,0.0006436697154373603
2020-04-01,2020-05-01,lag_8,0.0068257248349024,0.0004162851742767209,-0.006771294948406037,0.0006436697154373603
2020-04-01,2020-05-01,lag_9,-0.0048606038693659,-0.00020379895975352428,-0.006771294948406037,0.0006436697154373603
2020-04-01,2020-05-01,lag_10,0.0004442719505579,1.2564324106202278e-05,-0.006771294948406037,0.0006436697154373603
2020-04-01,2020-05-01,lag_11,0.001153098346327,-1.551990370172139e-05,-0.006771294948406037,0.0006436697154373603
2020-04-01,2020-05-01,volatility_3m,0.020643100615995467,0.0019059666884347441,-0.006771294948406037,0.0006436697154373603
2020-05-01,2020-06-01,lag_0,0.0164029145284585,0.0028670206291758647,-0.001935371803880791,0.0005809693543103304
2020-05-01,2020-06-01,lag_1,-0.024669753148890833,-0.004776432796059438,-0.001935371803880791,0.0005809693543103304
2020-05-01,2020-06-01,lag_2,-0.02287533739358545,-0.0028787694277037663,-0.001935371803880791,0.0005809693543103304
2020-05-01,2020-06-01,lag_3,0.0033566014560095,0.0002848355746979487,-0.001935371803880791,0.0005809693543103304
2020-05-01,2020-06-01,lag_4,-0.0065751385800458,9.341293472775273e-05,-0.001935371803880791,0.0005809693543103304
2020-05-01,2020-06-01,lag_5,-0.0023266844944638,-6.747328992376776e-05,-0.001935371803880791,0.0005809693543103304
2020-05-01,2020-06-01,lag_6,0.0050067643152127,-7.343097235627501e-05,-0.001935371803880791,0.0005809693543103304
2020-05-01,2020-06-01,lag_7,-0.008478362664281,-0.0001933986755821779,-0.001935371803880791,0.0005809693543103304
2020-05-01,2020-06-01,lag_8,-0.0033894417233817,-0.00030881815339222414,-0.001935371803880791,0.0005809693543103304
2020-05-01,2020-06-01,lag_9,0.0068257248349024,0.00021533557537491951,-0.001935371803880791,0.0005809693543103304
2020-05-01,2020-06-01,lag_10,-0.0048606038693659,0.0001438593322990323,-0.001935371803880791,0.0005809693543103304
2020-05-01,2020-06-01,lag_11,0.0004442719505579,2.9426392405730738e-05,-0.001935371803880791,0.0005809693543103304
2020-05-01,2020-06-01,volatility_3m,0.021238863213750143,0.0021480917181452776,-0.001935371803880791,0.0005809693543103304
2020-06-01,2020-07-01,lag_0,0.018908791824638078,0.003981607889308787,0.003223858634953727,0.0006198490333389859
2020-06-01,2020-07-01,lag_1,0.0164029145284585,0.002930904013797166,0.003223858634953727,0.0006198490333389859
2020-06-01,2020-07-01,lag_2,-0.024652699052627167,-0.003179941026781659,0.003223858634953727,0.0006198490333389859
2020-06-01,2020-07-01,lag_3,-0.02285192571668332,-0.0019465136577668843,0.003223858634953727,0.0006198490333389859
2020-06-01,2020-07-01,lag_4,0.0033566014560095,-0.00010596933206484909,0.003223858634953727,0.0006198490333389859
2020-06-01,2020-07-01,lag_5,-0.0065751385800458,-0.00018370977397912664,0.003223858634953727,0.0006198490333389859
2020-06-01,2020-07-01,lag_6,-0.0023266844944638,0.00011060573375964914,0.003223858634953727,0.0006198490333389859
2020-06-01,2020-07-01,lag_7,0.0050067643152127,8.09577960948808e-05,0.003223858634953727,0.0006198490333389859
2020-06-01,2020-07-01,lag_8,-0.008478362664281,-0.0008657865823399727,0.003223858634953727,0.0006198490333389859
2020-06-01,2020-07-01,lag_9,-0.0033894417233817,-9.174092373205973e-05,0.003223858634953727,0.0006198490333389859
2020-06-01,2020-07-01,lag_10,0.0068257248349024,-9.97771486778952e-05,0.003223858634953727,0.0006198490333389859
2020-06-01,2020-07-01,lag_11,-0.0048606038693659,0.0004941186346017109,0.003223858634953727,0.0006198490333389859
2020-06-01,2020-07-01,volatility_3m,0.02135263620510922,0.0014792539793949948,0.003223858634953727,0.0006198490333389859
2020-07-01,2020-08-01,lag_0,0.019639147213330554,0.004192351823649237,0.011202039410166656,0.0006723811433899116
2020-07-01,2020-08-01,lag_1,0.01890355666433371,0.003502796477600235,0.011202039410166656,0.0006723811433899116
2020-07-01,2020-08-01,lag_2,0.0164029145284585,0.001960832333846004,0.011202039410166656,0.0006723811433899116
2020-07-01,2020-08-01,lag_3,-0.024635644956363497,-0.001845944671661775,0.011202039410166656,0.0006723811433899116
2020-07-01,2020-08-01,lag_4,-0.022828514039781186,0.0008535139428220777,0.011202039410166656,0.0006723811433899116
2020-07-01,2020-08-01,lag_5,0.0033566014560095,6.530127953764609e-05,0.011202039410166656,0.0006723811433899116
2020-07-01,2020-08-01,lag_6,-0.0065751385800458,0.0002578506528272295,0.011202039410166656,0.0006723811433899116
2020-07-01,2020-08-01,lag_7,-0.0023266844944638,-6.620153389800058e-05,0.011202039410166656,0.0006723811433899116
2020-07-01,2020-08-01,lag_8,0.0050067643152127,0.0003822105271035975,0.011202039410166656,0.0006723811433899116
2020-07-01,2020-08-01,lag_9,-0.008478362664281,-0.00017970915600689475,0.011202039410166656,0.0006723811433899116
2020-07-01,2020-08-01,lag_10,-0.0033894417233817,6.384621739685587e-05,0.011202039410166656,0.0006723811433899116
2020-07-01,2020-08-01,lag_11,0.0068257248349024,-0.0005076525041367038,0.011202039410166656,0.0006723811433899116
2020-07-01,2020-08-01,volatility_3m,0.02178748521224144,0.0018504628776972367,0.011202039410166656,0.0006723811433899116
2020-08-01,2020-09-01,lag_0,0.0097319604312513,0.001984047879483445,0.011858091838709613,0.0007526199282865804
2020-08-01,2020-09-01,lag_1,0.019631387356376668,0.003551513801020049,0.011858091838709613,0.0007526199282865804
2020-08-01,2020-09-01,lag_2,0.01889832150402935,0.0021986488767343558,0.011858091838709613,0.0007526199282865804
2020-08-01,2020-09-01,lag_3,0.0164029145284585,0.0012665018222437693,0.011858091838709613,0.0007526199282865804
2020-08-01,2020-09-01,lag_4,-0.024618590860099827,0.0008870874197248021,0.011858091838709613,0.0007526199282865804
2020-08-01,2020-09-01,lag_5,-0.022805102362879057,-0.0005575090175841584,0.011858091838709613,0.0007526199282865804
2020-08-01,2020-09-01,lag_6,0.0033566014560095,-9.596170438438942e-05,0.011858091838709613,0.0007526199282865804
2020-08-01,2020-09-01,lag_7,-0.0065751385800458,-0.00015362656132982062,0.011858091838709613,0.0007526199282865804
2020-08-01,2020-09-01,lag_8,-0.0023266844944638,-0.0002744133801617284,0.011858091838709613,0.0007526199282865804
2020-08-01,2020-09-01,lag_9,0.0050067643152127,8.5706490566063e-05,0.011858091838709613,0.0007526199282865804
2020-08-01,2020-09-01,lag_10,-0.008478362664281,0.00013316255212761656,0.011858091838709613,0.0007526199282865804
2020-08-01,2020-09-01,lag_11,-0.0033894417233817,0.0003670363350555801,0.011858091838709613,0.0007526199282865804
2020-08-01,2020-09-01,volatility_3m,0.022526388484637602,0.0017132773969274465,0.011858091838709613,0.0007526199282865804
2020-09-01,2020-10-01,lag_0,0.0001250509323655,-9.531954253853305e-05,0.006251986569523347,0.0008132572097399656
2020-09-01,2020-10-01,lag_1,0.0097319604312513,0.0016220135035475629,0.006251986569523347,0.0008132572097399656
2020-09-01,2020-10-01,lag_2,0.019623627499422782,0.0020406556385367657,0.006251986569523347,0.0008132572097399656
2020-09-01,2020-10-01,lag_3,0.018893086343724982,0.0013381082370403658,0.006251986569523347,0.0008132572097399656
2020-09-01,2020-10-01,lag_4,0.0164029145284585,-0.000472110963311202,0.006251986569523347,0.0008132572097399656
2020-09-01,2020-10-01,lag_5,-0.024601536763836158,-0.0008093357340951886,0.006251986569523347,0.0008132572097399656
2020-09-01,2020-10-01,lag_6,-0.022781690685976925,0.0008464624411700001,0.006251986569523347,0.0008132572097399656
2020-09-01,2020-10-01,lag_7,0.0033566014560095,6.438524214250043e-05,0.006251986569523347,0.0008132572097399656
2020-09-01,2020-10-01,lag_8,-0.0065751385800458,-0.0006447227035285276,0.006251986569523347,0.0008132572097399656
2020-09-01,2020-10-01,lag_9,-0.0023266844944638,-4.567627864336685e-05,0.006251986569523347,0.0008132572097399656
2020-09-01,2020-10-01,lag_10,0.0050067643152127,-5.035067102455541e-05,0.006251986569523347,0.0008132572097399656
2020-09-01,2020-10-01,lag_11,-0.008478362664281,0.0007890604185905136,0.006251986569523347,0.0008132572097399656
2020-09-01,2020-10-01,volatility_3m,0.01901043878411278,0.0008555597718970469,0.006251986569523347,0.0008132572097399656
2020-10-01,2020-11-01,lag_0,0.0080174248373063,0.0016488589828834589,0.005074419624401513,0.0008711344629255349
2020-10-01,2020-11-01,lag_1,0.0001250509323655,-7.578836428266325e-05,0.005074419624401513,0.0008711344629255349
2020-10-01,2020-11-01,lag_2,0.0097319604312513,0.0009927120506424414,0.005074419624401513,0.0008711344629255349
2020-10-01,2020-11-01,lag_3,0.01961586764246881,0.0014115235696759024,0.005074419624401513,0.0008711344629255349
2020-10-01,2020-11-01,lag_4,0.01888785118342056,-0.0004971417024798741,0.005074419624401513,0.0008711344629255349
2020-10-01,2020-11-01,lag_5,0.0164029145284585,0.0004870448152764037,0.005074419624401513,0.0008711344629255349
2020-10-01,2020-11-01,lag_6,-0.024584482667572488,0.0010096243857097992,0.005074419624401513,0.0008711344629255349
2020-10-01,2020-11-01,lag_7,-0.022758279009074792,-0.0005662868815150768,0.005074419624401513,0.0008711344629255349
2020-10-01,2020-11-01,lag_8,0.0033566014560095,0.0002452613147406195,0.005074419624401513,0.0008711344629255349
2020-10-01,2020-11-01,lag_9,-0.0065751385800458,-0.00011388681437663643,0.005074419624401513,0.0008711344629255349
2020-10-01,2020-11-01,lag_10,-0.0023266844944638,3.438479882376461e-05,0.005074419624401513,0.0008711344629255349
2020-10-01,2020-11-01,lag_11,0.0050067643152127,-0.0003629830997541415,0.005074419624401513,0.0008711344629255349
2020-10-01,2020-11-01,volatility_3m,0.005123831708758545,-1.0037893868019396e-05,0.005074419624401513,0.0008711344629255349
2020-11-01,2020-12-01,lag_0,0.0035310967909989,0.0006412420935202604,0.0004563926325336532,0.0009064274466176034
2020-11-01,2020-12-01,lag_1,0.0080174248373063,0.001332163046847542,0.0004563926325336532,0.0009064274466176034
2020-11-01,2020-12-01,lag_2,0.0001250509323655,-4.611347482281227e-05,0.0004563926325336532,0.0009064274466176034
2020-11-01,2020-12-01,lag_3,0.0097319604312513,0.0006551034200149956,0.0004563926325336532,0.0009064274466176034
2020-11-01,2020-12-01,lag_4,0.019608107785514924,-0.0005310383868077185,0.0004563926325336532,0.0009064274466176034
2020-11-01,2020-12-01,lag_5,0.018882616023116194,0.0005249173570019354,0.0004563926325336532,0.0009064274466176034
2020-11-01,2020-12-01,lag_6,0.0164029145284585,-0.0006290475116071779,0.0004563926325336532,0.0009064274466176034
2020-11-01,2020-12-01,lag_7,-0.024567428571308822,-0.000627304717727279,0.0004563926325336532,0.0009064274466176034
2020-11-01,2020-12-01,lag_8,-0.02273486733217266,-0.0020691920594341157,0.0004563926325336532,0.0009064274466176034
2020-11-01,2020-12-01,lag_9,0.0033566014560095,4.6244591997264205e-05,0.0004563926325336532,0.0009064274466176034
2020-11-01,2020-12-01,lag_10,-0.0065751385800458,8.014184756922153e-05,0.0004563926325336532,0.0009064274466176034
2020-11-01,2020-12-01,lag_11,-0.0023266844944638,0.00026331169659653405,0.0004563926325336532,0.0009064274466176034
2020-11-01,2020-12-01,volatility_3m,0.003958489896951205,-9.046271723260014e-05,0.0004563926325336532,0.0009064274466176034
2020-12-01,2021-01-01,lag_0,0.0131128551110437,0.002725997668789081,0.003296940301336654,0.0009189664794464298
2020-12-01,2021-01-01,lag_1,0.0035310967909989,0.0005219485955824764,0.003296940301336654,0.0009189664794464298
2020-12-01,2021-01-01,lag_2,0.0080174248373063,0.0007839089550233497,0.003296940301336654,0.0009189664794464298
2020-12-01,2021-01-01,lag_3,0.0001250509323655,-3.1642798813588925e-05,0.003296940301336654,0.0009189664794464298
2020-12-01,2021-01-01,lag_4,0.0097319604312513,-0.00019336078795090096,0.003296940301336654,0.0009189664794464298
2020-12-01,2021-01-01,lag_5,0.01960034792856104,0.0006698497701979352,0.003296940301336654,0.0009189664794464298
2020-12-01,2021-01-01,lag_6,0.01887738086281183,-0.0005946491047131242,0.003296940301336654,0.0009189664794464298
2020-12-01,2021-01-01,lag_7,0.0164029145284585,0.00026575844738514526,0.003296940301336654,0.0009189664794464298
2020-12-01,2021-01-01,lag_8,-0.024550374475045152,-0.0018931294541959427,0.003296940301336654,0.0009189664794464298
2020-12-01,2021-01-01,lag_9,-0.022711455655270527,-0.00040953894528264684,0.003296940301336654,0.0009189664794464298
2020-12-01,2021-01-01,lag_10,0.0033566014560095,-3.352994214016746e-05,0.003296940301336654,0.0009189664794464298
2020-12-01,2021-01-01,lag_11,-0.0065751385800458,0.000604018891577017,0.003296940301336654,0.0009189664794464298
2020-12-01,2021-01-01,volatility_3m,0.004794104739457822,-3.765747356841002e-05,0.003296940301336654,0.0009189664794464298
2021-01-01,2021-02-01,lag_0,0.0052645255666039,0.000982347245570174,0.006065502026338888,0.0009594263583995425
2021-01-01,2021-02-01,lag_1,0.0131128551110437,0.0022176253260357505,0.006065502026338888,0.0009594263583995425
2021-01-01,2021-02-01,lag_2,0.0035310967909989,0.0003049090738247835,0.006065502026338888,0.0009594263583995425
2021-01-01,2021-02-01,lag_3,0.0080174248373063,0.0005521408150350012,0.006065502026338888,0.0009594263583995425
2021-01-01,2021-02-01,lag_4,0.0001250509323655,8.659475911640959e-06,0.006065502026338888,0.0009594263583995425
2021-01-01,2021-02-01,lag_5,0.0097319604312513,0.0003474289346799657,0.006065502026338888,0.0009594263583995425
2021-01-01,2021-02-01,lag_6,0.019592588071607155,-0.0005546478203051708,0.006065502026338888,0.0009594263583995425
2021-01-01,2021-02-01,lag_7,0.01887214570250747,0.000357058081716162,0.006065502026338888,0.0009594263583995425
2021-01-01,2021-02-01,lag_8,0.0164029145284585,0.0011593486850926531,0.006065502026338888,0.0009594263583995425
2021-01-01,2021-02-01,lag_9,-0.024533320378781483,-0.0002762311617715057,0.006065502026338888,0.0009594263583995425
2021-01-01,2021-02-01,lag_10,-0.022688043978368395,0.0002524742410213281,0.006065502026338888,0.0009594263583995425
2021-01-01,2021-02-01,lag_11,0.0033566014560095,-0.0002288253756543206,0.006065502026338888,0.0009594263583995425
2021-01-01,2021-02-01,volatility_3m,0.005105734430715622,-1.6211853217116663e-05,0.006065502026338888,0.0009594263583995425
2021-02-01,2021-03-01,lag_0,-0.02517852626072394,-0.005730400719931289,0.002264431416098793,0.001006509084802719
2021-02-01,2021-03-01,lag_1,0.0052645255666039,0.0007730337019232237,0.002264431416098793,0.001006509084802719
2021-02-01,2021-03-01,lag_2,0.0131128551110437,0.0013416421708664541,0.002264431416098793,0.001006509084802719
2021-02-01,2021-03-01,lag_3,0.0035310967909989,0.0002108940856069107,0.002264431416098793,0.001006509084802719
2021-02-01,2021-03-01,lag_4,0.0080174248373063,-0.00013967528329559767,0.002264431416098793,0.001006509084802719
2021-02-01,2021-03-01,lag_5,0.0001250509323655,-1.5893927318844998e-05,0.002264431416098793,0.001006509084802719
2021-02-01,2021-03-01,lag_6,0.0097319604312513,-0.0003115010851775362,0.002264431416098793,0.001006509084802719
2021-02-01,2021-03-01,lag_7,0.01958482821465327,0.0002296746083645777,0.002264431416098793,0.001006509084802719
2021-02-01,2021-03-01,lag_8,0.018866910542203102,0.001221185811065041,0.002264431416098793,0.001006509084802719
2021-02-01,2021-03-01,lag_9,0.0164029145284585,0.00035360117931239386,0.002264431416098793,0.001006509084802719
2021-02-01,2021-03-01,lag_10,-0.024516266282517813,-4.313100680683586e-06,0.002264431416098793,0.001006509084802719
2021-02-01,2021-03-01,lag_11,-0.022664632301466262,0.002012440236572499,0.002264431416098793,0.001006509084802719
2021-02-01,2021-03-01,volatility_3m,0.023387884659109237,0.0013172346539889242,0.002264431416098793,0.001006509084802719
2021-03-01,2021-04-01,lag_0,0.019999396953262617,0.003907819885752059,0.008477696220541637,0.0010882069021943687
2021-03-01,2021-04-01,lag_1,-0.025175019562488334,-0.00459467754483737,0.008477696220541637,0.0010882069021943687
2021-03-01,2021-04-01,lag_2,0.0052645255666039,0.0005307166272754004,0.008477696220541637,0.0010882069021943687
2021-03-01,2021-04-01,lag_3,0.0131128551110437,0.0009014119392262038,0.008477696220541637,0.0010882069021943687
2021-03-01,2021-04-01,lag_4,0.0035310967909989,-4.926192931583747e-05,0.008477696220541637,0.0010882069021943687
2021-03-01,2021-04-01,lag_5,0.0080174248373063,0.0002595765862723838,0.008477696220541637,0.0010882069021943687
2021-03-01,2021-04-01,lag_6,0.0001250509323655,1.355718031825484e-05,0.008477696220541637,0.0010882069021943687
2021-03-01,2021-04-01,lag_7,0.0097319604312513,0.00015523103261798202,0.008477696220541637,0.0010882069021943687
2021-03-01,2021-04-01,lag_8,0.019577068357699384,0.0013624523367726344,0.008477696220541637,0.0010882069021943687
2021-03-01,2021-04-01,lag_9,0.01886167538189874,0.0005683408635804907,0.008477696220541637,0.0010882069021943687
2021-03-01,2021-04-01,lag_10,0.0164029145284585,-0.00014259118746588268,0.008477696220541637,0.0010882069021943687
2021-03-01,2021-04-01,lag_11,-0.024499212186254143,0.0023884901867767365,0.008477696220541637,0.0010882069021943687
2021-03-01,2021-04-01,volatility_3m,0.0246759260939985,0.002088423341374212,0.008477696220541637,0.0010882069021943687
2021-04-01,2021-05-01,lag_0,0.0017578578773207,0.00021353696110067621,0.003140294631496129,0.0011121236857373692
2021-04-01,2021-05-01,lag_1,0.019996290479201175,0.003745438981279009,0.003140294631496129,0.0011121236857373692
2021-04-01,2021-05-01,lag_2,-0.025171512864252725,-0.0029341610721783824,0.003140294631496129,0.0011121236857373692
2021-04-01,2021-05-01,lag_3,0.0052645255666039,0.00030430627463835336,0.003140294631496129,0.0011121236857373692
2021-04-01,2021-05-01,lag_4,0.0131128551110437,-0.0002113025142395222,0.003140294631496129,0.0011121236857373692
2021-04-01,2021-05-01,lag_5,0.0035310967909989,9.257269717817177e-05,0.003140294631496129,0.0011121236857373692
2021-04-01,2021-05-01,lag_6,0.0080174248373063,-0.00022061401608257906,0.003140294631496129,0.0011121236857373692
2021-04-01,2021-05-01,lag_7,0.0001250509323655,-7.23754538378776e-06,0.003140294631496129,0.0011121236857373692
2021-04-01,2021-05-01,lag_8,0.0097319604312513,0.0006192733917966065,0.003140294631496129,0.0011121236857373692
2021-04-01,2021-05-01,lag_9,0.0195693085007455,0.00048655375958041476,0.003140294631496129,0.0011121236857373692
2021-04-01,2021-05-01,lag_10,0.018856440221594373,-0.00027664920136426046,0.003140294631496129,0.0011121236857373692
2021-04-01,2021-05-01,lag_11,0.0164029145284585,-0.0014191680103455666,0.003140294631496129,0.0011121236857373692
2021-04-01,2021-05-01,volatility_3m,0.026406388217510957,0.0016356212397796274,0.003140294631496129,0.0011121236857373692
2021-05-01,2021-06-01,lag_0,0.0088347578563929,0.001550466140300862,0.002817796361547344,0.0011800093896392582
2021-05-01,2021-06-01,lag_1,0.0017578578773207,0.00021784462602920414,0.002817796361547344,0.0011800093896392582
2021-05-01,2021-06-01,lag_2,0.019993184005139733,0.0020270603085514203,0.002817796361547344,0.0011800093896392582
2021-05-01,2021-06-01,lag_3,-0.02516800616601712,-0.0018410416415066124,0.002817796361547344,0.0011800093896392582
2021-05-01,2021-06-01,lag_4,0.0052645255666039,-5.3107389463942045e-05,0.002817796361547344,0.0011800093896392582
2021-05-01,2021-06-01,lag_5,0.0131128551110437,0.000388734822063993,0.002817796361547344,0.0011800093896392582
2021-05-01,2021-06-01,lag_6,0.0035310967909989,-7.673141685128727e-05,0.002817796361547344,0.0011800093896392582
2021-05-01,2021-06-01,lag_7,0.0080174248373063,9.364316292813168e-05,0.002817796361547344,0.0011800093896392582
2021-05-01,2021-06-01,lag_8,0.0001250509323655,-2.868114393385336e-05,0.002817796361547344,0.0011800093896392582
2021-05-01,2021-06-01,lag_9,0.0097319604312513,0.0002569423190927343,0.002817796361547344,0.0011800093896392582
2021-05-01,2021-06-01,lag_10,0.019561548643791615,-0.00021962509040591391,0.002817796361547344,0.0011800093896392582
2021-05-01,2021-06-01,lag_11,0.01885120506129001,-0.0015276645351934184,0.002817796361547344,0.0011800093896392582
2021-05-01,2021-06-01,volatility_3m,0.013892809991648719,0.0008499468102967688,0.002817796361547344,0.0011800093896392582
2021-06-01,2021-07-01,lag_0,0.0036680895609242,0.0004963002142918925,0.0038232997994677655,0.0012872166113941702
2021-06-01,2021-07-01,lag_1,0.0088347578563929,0.0015474604262918975,0.0038232997994677655,0.0012872166113941702
2021-06-01,2021-07-01,lag_2,0.0017578578773207,0.00011759643858883546,0.0038232997994677655,0.0012872166113941702
2021-06-01,2021-07-01,lag_3,0.01999007753107829,0.0017428895798372067,0.0038232997994677655,0.0012872166113941702
2021-06-01,2021-07-01,lag_4,-0.02516449946778151,0.00013201912002717617,0.0038232997994677655,0.0012872166113941702
2021-06-01,2021-07-01,lag_5,0.0052645255666039,0.000158825630105355,0.0038232997994677655,0.0012872166113941702
2021-06-01,2021-07-01,lag_6,0.0131128551110437,-0.00011108864655114218,0.0038232997994677655,0.0012872166113941702
2021-06-01,2021-07-01,lag_7,0.0035310967909989,4.631999561475842e-05,0.0038232997994677655,0.0012872166113941702
2021-06-01,2021-07-01,lag_8,0.0080174248373063,0.00033679998277564416,0.0038232997994677655,0.0012872166113941702
2021-06-01,2021-07-01,lag_9,0.0001250509323655,-2.2661334117237348e-05,0.0038232997994677655,0.0012872166113941702
2021-06-01,2021-07-01,lag_10,0.0097319604312513,-0.0001801053205407856,0.0038232997994677655,0.0012872166113941702
2021-06-01,2021-07-01,lag_11,0.01955378878683773,-0.0013089377125182,0.0038232997994677655,0.0012872166113941702
2021-06-01,2021-07-01,volatility_3m,0.003661191966064153,-0.0004193351857318052,0.0038232997994677655,0.0012872166113941702
2021-07-01,2021-08-01,lag_0,0.00453086144506,0.0006291300456537055,0.0018732945217844652,0.0012959706410463087
2021-07-01,2021-08-01,lag_1,0.0036680895609242,0.0005588943562025142,0.0018732945217844652,0.0012959706410463087
2021-07-01,2021-08-01,lag_2,0.0088347578563929,0.0008949784925147713,0.0018732945217844652,0.0012959706410463087
2021-07-01,2021-08-01,lag_3,0.0017578578773207,0.00010329406797638654,0.0018732945217844652,0.0012959706410463087
2021-07-01,2021-08-01,lag_4,0.01998697105701685,-0.00015812961508027243,0.0018732945217844652,0.0012959706410463087
2021-07-01,2021-08-01,lag_5,-0.025160992769545906,-0.0009403237085191616,0.0018732945217844652,0.0012959706410463087
2021-07-01,2021-08-01,lag_6,0.0052645255666039,-2.2990364731472684e-05,0.0018732945217844652,0.0012959706410463087
2021-07-01,2021-08-01,lag_7,0.0131128551110437,0.00013319810135774946,0.0018732945217844652,0.0012959706410463087
2021-07-01,2021-08-01,lag_8,0.0035310967909989,0.00013433585363244166,0.0018732945217844652,0.0012959706410463087
2021-07-01,2021-08-01,lag_9,0.0080174248373063,0.00040369743762008666,0.0018732945217844652,0.0012959706410463087
2021-07-01,2021-08-01,lag_10,0.0001250509323655,7.96644259845182e-06,0.0018732945217844652,0.0012959706410463087
2021-07-01,2021-08-01,lag_11,0.0097319604312513,-0.0005919845683552935,0.0018732945217844652,0.0012959706410463087
2021-07-01,2021-08-01,volatility_3m,0.002767741585930693,-0.0005747426601317505,0.0018732945217844652,0.0012959706410463087
2021-08-01,2021-09-01,lag_0,-0.002078928094134,-0.00045064640409628364,0.0038464819918079046,0.0013179694371411345
2021-08-01,2021-09-01,lag_1,0.00453086144506,0.0007352841179313643,0.0038464819918079046,0.0013179694371411345
2021-08-01,2021-09-01,lag_2,0.0036680895609242,0.00031964953835043,0.0038464819918079046,0.0013179694371411345
2021-08-01,2021-09-01,lag_3,0.0088347578563929,0.0007841008826385753,0.0038464819918079046,0.0013179694371411345
2021-08-01,2021-09-01,lag_4,0.0017578578773207,-6.642705504820957e-06,0.0038464819918079046,0.0013179694371411345
2021-08-01,2021-09-01,lag_5,0.019983864582955407,0.0008005435472080181,0.0038464819918079046,0.0013179694371411345
2021-08-01,2021-09-01,lag_6,-0.025157486071310298,0.0001644470995496611,0.0038464819918079046,0.0013179694371411345
2021-08-01,2021-09-01,lag_7,0.0052645255666039,2.312201161367898e-05,0.0038464819918079046,0.0013179694371411345
2021-08-01,2021-09-01,lag_8,0.0131128551110437,0.0005591081760383894,0.0038464819918079046,0.0013179694371411345
2021-08-01,2021-09-01,lag_9,0.0035310967909989,0.00016562379696561657,0.0038464819918079046,0.0013179694371411345
2021-08-01,2021-09-01,lag_10,0.0080174248373063,-0.00012876913182375315,0.0038464819918079046,0.0013179694371411345
2021-08-01,2021-09-01,lag_11,0.0001250509323655,2.7661215475981166e-05,0.0038464819918079046,0.0013179694371411345
2021-08-01,2021-09-01,volatility_3m,0.0035930930269997257,-0.000464969589680087,0.0038464819918079046,0.0013179694371411345
2021-09-01,2021-10-01,lag_0,-0.0119236250388361,-0.002001002302436505,7.131051392912841e-05,0.0013037001560403966
2021-09-01,2021-10-01,lag_1,-0.002078928094134,-0.0005613288613608016,7.131051392912841e-05,0.0013037001560403966
2021-09-01,2021-10-01,lag_2,0.00453086144506,0.00041842556250448726,7.131051392912841e-05,0.0013037001560403966
2021-09-01,2021-10-01,lag_3,0.0036680895609242,0.00028319899045876445,7.131051392912841e-05,0.0013037001560403966
2021-09-01,2021-10-01,lag_4,0.0088347578563929,-5.951644647553397e-05,7.131051392912841e-05,0.0013037001560403966
2021-09-01,2021-10-01,lag_5,0.0017578578773207,4.0184859400826626e-05,7.131051392912841e-05,0.0013037001560403966
2021-09-01,2021-10-01,lag_6,0.019980758108893965,1.6777594111953253e-05,7.131051392912841e-05,0.0013037001560403966
2021-09-01,2021-10-01,lag_7,-0.025153979373074693,-5.5582449776015597e-05,7.131051392912841e-05,0.0013037001560403966
2021-09-01,2021-10-01,lag_8,0.0052645255666039,0.00017850343229733966,7.131051392912841e-05,0.0013037001560403966
2021-09-01,2021-10-01,lag_9,0.0131128551110437,0.0006916368090210254,7.131051392912841e-05,0.0013037001560403966
2021-09-01,2021-10-01,lag_10,0.0035310967909989,-4.116680507183202e-05,7.131051392912841e-05,0.0013037001560403966
2021-09-01,2021-10-01,lag_11,0.0080174248373063,-0.0004657741354001951,7.131051392912841e-05,0.0013037001560403966
2021-09-01,2021-10-01,volatility_3m,0.008280071468433356,0.00032325411061521895,7.131051392912841e-05,0.0013037001560403966
2021-10-01,2021-11-01,lag_0,0.0133459909804463,0.001936927927789674,0.000634196364174667,0.0012778465671100857
2021-10-01,2021-11-01,lag_1,-0.0119236250388361,-0.0026232603588684663,0.000634196364174667,0.0012778465671100857
2021-10-01,2021-11-01,lag_2,-0.002078928094134,-0.0003136213583149262,0.000634196364174667,0.0012778465671100857
2021-10-01,2021-11-01,lag_3,0.00453086144506,0.000382980525709641,0.000634196364174667,0.0012778465671100857
2021-10-01,2021-11-01,lag_4,0.0036680895609242,-2.2219526639747723e-05,0.000634196364174667,0.0012778465671100857
2021-10-01,2021-11-01,lag_5,0.0088347578563929,0.00027967654522844635,0.000634196364174667,0.0012778465671100857
2021-10-01,2021-11-01,lag_6,0.0017578578773207,8.991698187226674e-06,0.000634196364174667,0.0012778465671100857
2021-10-01,2021-11-01,lag_7,0.019977651634832488,-0.00012676768730438546,0.000634196364174667,0.0012778465671100857
2021-10-01,2021-11-01,lag_8,-0.025150472674839084,-0.0011713831274643462,0.000634196364174667,0.0012778465671100857
2021-10-01,2021-11-01,lag_9,0.0052645255666039,0.00024259561973962265,0.000634196364174667,0.0012778465671100857
2021-10-01,2021-11-01,lag_10,0.0131128551110437,-0.00014912129286876645,0.000634196364174667,0.0012778465671100857
2021-10-01,2021-11-01,lag_11,0.0035310967909989,-0.00017837934120760635,0.000634196364174667,0.0012778465671100857
2021-10-01,2021-11-01,volatility_3m,0.012737082869534608,0.001089930173078215,0.000634196364174667,0.0012778465671100857
2021-11-01,2021-12-01,lag_0,0.0067574983021634,0.0010101885168932359,0.002350071776035986,0.0013029109987535328
2021-11-01,2021-12-01,lag_1,0.0133459909804463,0.0024025432116787904,0.002350071776035986,0.0013029109987535328
2021-11-01,2021-12-01,lag_2,-0.0119236250388361,-0.0014548612035126267,0.002350071776035986,0.0013029109987535328
2021-11-01,2021-12-01,lag_3,-0.002078928094134,-0.0002758574371149689,0.002350071776035986,0.0013029109987535328
2021-11-01,2021-12-01,lag_4,0.00453086144506,-2.7852540256808457e-05,0.002350071776035986,0.0013029109987535328
2021-11-01,2021-12-01,lag_5,0.0036680895609242,0.0001223759053168152,0.002350071776035986,0.0013029109987535328
2021-11-01,2021-12-01,lag_6,0.0088347578563929,-3.3411351273240715e-06,0.002350071776035986,0.0013029109987535328
2021-11-01,2021-12-01,lag_7,0.0017578578773207,8.775277864933209e-06,0.002350071776035986,0.0013029109987535328
2021-11-01,2021-12-01,lag_8,0.019974545160771046,0.00050300146564652,0.002350071776035986,0.0013029109987535328
2021-11-01,2021-12-01,lag_9,-0.025146965976603475,-0.0015650576901062876,0.002350071776035986,0.0013029109987535328
2021-11-01,2021-12-01,lag_10,0.0052645255666039,-6.063458929790822e-05,0.002350071776035986,0.0013029109987535328
2021-11-01,2021-12-01,lag_11,0.0131128551110437,-0.0007356326189409091,0.002350071776035986,0.0013029109987535328
2021-11-01,2021-12-01,volatility_3m,0.013108178737054445,0.0011235136142389922,0.002350071776035986,0.0013029109987535328
2021-12-01,2022-01-01,lag_0,-0.0029071000130063,-0.0006047020844451304,0.004162577409897273,0.0013217989742664636
2021-12-01,2022-01-01,lag_1,0.0067574983021634,0.0011244434062018076,0.004162577409897273,0.0013217989742664636
2021-12-01,2022-01-01,lag_2,0.0133459909804463,0.0015361312346542466,0.004162577409897273,0.0013217989742664636
2021-12-01,2022-01-01,lag_3,-0.0119236250388361,-0.0012049318787996513,0.004162577409897273,0.0013217989742664636
2021-12-01,2022-01-01,lag_4,-0.002078928094134,2.5857699062965453e-05,0.004162577409897273,0.0013217989742664636
2021-12-01,2022-01-01,lag_5,0.00453086144506,0.0001632625442236215,0.004162577409897273,0.0013217989742664636
2021-12-01,2022-01-01,lag_6,0.0036680895609242,-3.0357019649637125e-06,0.004162577409897273,0.0013217989742664636
2021-12-01,2022-01-01,lag_7,0.0088347578563929,6.356586101280399e-05,0.004162577409897273,0.0013217989742664636
2021-12-01,2022-01-01,lag_8,0.0017578578773207,2.3724293708929338e-05,0.004162577409897273,0.0013217989742664636
2021-12-01,2022-01-01,lag_9,0.019971438686709603,0.0012338133491749954,0.004162577409897273,0.0013217989742664636
2021-12-01,2022-01-01,lag_10,-0.02514345927836787,0.0005015350246921083,0.004162577409897273,0.0013217989742664636
2021-12-01,2022-01-01,lag_11,0.0052645255666039,-0.0002767756499585051,0.004162577409897273,0.0013217989742664636
2021-12-01,2022-01-01,volatility_3m,0.008174917565403115,0.0002578903380675818,0.004162577409897273,0.0013217989742664636
2022-01-01,2022-02-01,lag_0,-0.0038553890138945,-0.0007720901869781243,0.0034133438082441115,0.0013098182740410812
2022-01-01,2022-02-01,lag_1,-0.0029071000130063,-0.0007012485602825364,0.0034133438082441115,0.0013098182740410812
2022-01-01,2022-02-01,lag_2,0.0067574983021634,0.0007229354711246084,0.0034133438082441115,0.0013098182740410812
2022-01-01,2022-02-01,lag_3,0.0133459909804463,0.0012859788985531337,0.0034133438082441115,0.0013098182740410812
2022-01-01,2022-02-01,lag_4,-0.0119236250388361,0.00012374162539998188,0.0034133438082441115,0.0013098182740410812
2022-01-01,2022-02-01,lag_5,-0.002078928094134,-0.00012243419523456036,0.0034133438082441115,0.0013098182740410812
2022-01-01,2022-02-01,lag_6,0.00453086144506,9.585285397443487e-06,0.0034133438082441115,0.0013098182740410812
2022-01-01,2022-02-01,lag_7,0.0036680895609242,2.279575028074652e-05,0.0034133438082441115,0.0013098182740410812
2022-01-01,2022-02-01,lag_8,0.0088347578563929,0.00021286575238518293,0.0034133438082441115,0.0013098182740410812
2022-01-01,2022-02-01,lag_9,0.0017578578773207,6.181678823736e-05,0.0034133438082441115,0.0013098182740410812
2022-01-01,2022-02-01,lag_10,0.01996833221264816,-0.00024372088594375039,0.0034133438082441115,0.0013098182740410812
2022-01-01,2022-02-01,lag_11,-0.025139952580132262,0.001640029580186513,0.0034133438082441115,0.0013098182740410812
2022-01-01,2022-02-01,volatility_3m,0.005872777449187752,-0.0001367297889229685,0.0034133438082441115,0.0013098182740410812
2022-02-01,2022-03-01,lag_0,0.0061773799369513,0.0009211784919060224,-7.080037457963206e-05,0.0013637481781502343
2022-02-01,2022-03-01,lag_1,-0.0038553890138945,-0.0008601675806475507,-7.080037457963206e-05,0.0013637481781502343
2022-02-01,2022-03-01,lag_2,-0.0029071000130063,-0.0004394317200327628,-7.080037457963206e-05,0.0013637481781502343
2022-02-01,2022-03-01,lag_3,0.0067574983021634,0.0005928393521628375,-7.080037457963206e-05,0.0013637481781502343
2022-02-01,2022-03-01,lag_4,0.0133459909804463,-0.00013353920117501681,-7.080037457963206e-05,0.0013637481781502343
2022-02-01,2022-03-01,lag_5,-0.0119236250388361,-0.0005818227730891477,-7.080037457963206e-05,0.0013637481781502343
2022-02-01,2022-03-01,lag_6,-0.002078928094134,8.780892841607623e-07,-7.080037457963206e-05,0.0013637481781502343
2022-02-01,2022-03-01,lag_7,0.00453086144506,3.175591461509791e-05,-7.080037457963206e-05,0.0013637481781502343
2022-02-01,2022-03-01,lag_8,0.0036680895609242,7.157605363697699e-05,-7.080037457963206e-05,0.0013637481781502343
2022-02-01,2022-03-01,lag_9,0.0088347578563929,0.0005153843518384881,-7.080037457963206e-05,0.0013637481781502343
2022-02-01,2022-03-01,lag_10,0.0017578578773207,-1.3374905614117257e-05,-7.080037457963206e-05,0.0013637481781502343
2022-02-01,2022-03-01,lag_11,0.01996522573858672,-0.001343731968629924,-7.080037457963206e-05,0.0013637481781502343
2022-02-01,2022-03-01,volatility_3m,0.005539005338076544,-0.00019609265698493087,-7.080037457963206e-05,0.0013637481781502343
2022-03-01,2022-04-01,lag_0,0.0057795252893599,0.0008511995836136805,0.0027171619331974916,0.0013429739727624317
2022-03-01,2022-04-01,lag_1,0.0061773799369513,0.001032280834702643,0.0027171619331974916,0.0013429739727624317
2022-03-01,2022-04-01,lag_2,-0.0038553890138945,-0.0005385728313036039,0.0027171619331974916,0.0013429739727624317
2022-03-01,2022-04-01,lag_3,-0.0029071000130063,-0.000366117016526231,0.0027171619331974916,0.0013429739727624317
2022-03-01,2022-04-01,lag_4,0.0067574983021634,-5.7116458071870854e-05,0.0027171619331974916,0.0013429739727624317
2022-03-01,2022-04-01,lag_5,0.0133459909804463,0.0005633457142155996,0.0027171619331974916,0.0013429739727624317
2022-03-01,2022-04-01,lag_6,-0.0119236250388361,3.828010307624955e-07,0.0027171619331974916,0.0013429739727624317
2022-03-01,2022-04-01,lag_7,-0.002078928094134,-2.3765799703739766e-05,0.0027171619331974916,0.0013429739727624317
2022-03-01,2022-04-01,lag_8,0.00453086144506,9.179633851504634e-05,0.0027171619331974916,0.0013429739727624317
2022-03-01,2022-04-01,lag_9,0.0036680895609242,0.0001789632792286982,0.0027171619331974916,0.0013429739727624317
2022-03-01,2022-04-01,lag_10,0.0088347578563929,-0.00011205914312826447,0.0027171619331974916,0.0013429739727624317
2022-03-01,2022-04-01,lag_11,0.0017578578773207,-7.150718567401183e-05,0.0027171619331974916,0.0013429739727624317
2022-03-01,2022-04-01,volatility_3m,0.005681054989652329,-0.0001746421564636481,0.0027171619331974916,0.0013429739727624317
2022-04-01,2022-05-01,lag_0,0.0004861197143313,-4.400207254264116e-05,0.001656738255164572,0.0013282007614460237
2022-04-01,2022-05-01,lag_1,0.0057795252893599,0.0009423678031499893,0.001656738255164572,0.0013282007614460237
2022-04-01,2022-05-01,lag_2,0.0061773799369513,0.0006708834589638652,0.001656738255164572,0.0013282007614460237
2022-04-01,2022-05-01,lag_3,-0.0038553890138945,-0.00045522280099675506,0.001656738255164572,0.0013282007614460237
2022-04-01,2022-05-01,lag_4,-0.0029071000130063,3.5929503061389835e-05,0.001656738255164572,0.0013282007614460237
2022-04-01,2022-05-01,lag_5,0.0067574983021634,0.00025753077382983377,0.001656738255164572,0.0013282007614460237
2022-04-01,2022-05-01,lag_6,0.0133459909804463,2.2712567123847584e-05,0.001656738255164572,0.0013282007614460237
2022-04-01,2022-05-01,lag_7,-0.0119236250388361,-9.855594537202381e-05,0.001656738255164572,0.0013282007614460237
2022-04-01,2022-05-01,lag_8,-0.002078928094134,-7.216249881678038e-05,0.001656738255164572,0.0013282007614460237
2022-04-01,2022-05-01,lag_9,0.00453086144506,0.00022388623695017163,0.001656738255164572,0.0013282007614460237
2022-04-01,2022-05-01,lag_10,0.0036680895609242,-4.350874517937761e-05,0.001656738255164572,0.0013282007614460237
2022-04-01,2022-05-01,lag_11,0.0088347578563929,-0.0005097890199739516,0.001656738255164572,0.0013282007614460237
2022-04-01,2022-05-01,volatility_3m,0.003177233435551822,-0.0006015317664790196,0.001656738255164572,0.0013282007614460237
2022-05-01,2022-06-01,lag_0,-0.0010504332153136,-0.0003070126077829318,0.0008759743962260217,0.0013511381655841146
2022-05-01,2022-06-01,lag_1,0.0004861197143313,-4.8830013888274264e-05,0.0008759743962260217,0.0013511381655841146
2022-05-01,2022-06-01,lag_2,0.0057795252893599,0.000587469054947578,0.0008759743962260217,0.0013511381655841146
2022-05-01,2022-06-01,lag_3,0.0061773799369513,0.0005506496330303145,0.0008759743962260217,0.0013511381655841146
2022-05-01,2022-06-01,lag_4,-0.0038553890138945,3.6190055089333605e-05,0.0008759743962260217,0.0013511381655841146
2022-05-01,2022-06-01,lag_5,-0.0029071000130063,-0.00015357868281049174,0.0008759743962260217,0.0013511381655841146
2022-05-01,2022-06-01,lag_6,0.0067574983021634,7.933567221895779e-06,0.0008759743962260217,0.0013511381655841146
2022-05-01,2022-06-01,lag_7,0.0133459909804463,0.00011431864765107932,0.0008759743962260217,0.0013511381655841146
2022-05-01,2022-06-01,lag_8,-0.0119236250388361,-0.0003040334043788817,0.0008759743962260217,0.0013511381655841146
2022-05-01,2022-06-01,lag_9,-0.002078928094134,-0.00016676097791805947,0.0008759743962260217,0.0013511381655841146
2022-05-01,2022-06-01,lag_10,0.00453086144506,-5.731162022024948e-05,0.0008759743962260217,0.0013511381655841146
2022-05-01,2022-06-01,lag_11,0.0036680895609242,-0.0001851259134035333,0.0008759743962260217,0.0013511381655841146
2022-05-01,2022-06-01,volatility_3m,0.003583049694113151,-0.0005490715068958728,0.0008759743962260217,0.0013511381655841146
2022-06-01,2022-07-01,lag_0,-0.0031183386894699,-0.0006617411203094127,-0.000753921703859415,0.0013232180651795793
2022-06-01,2022-07-01,lag_1,-0.0010504332153136,-0.0003390698167114934,-0.000753921703859415,0.0013232180651795793
2022-06-01,2022-07-01,lag_2,0.0004861197143313,-3.041583220404225e-05,-0.000753921703859415,0.0013232180651795793
2022-06-01,2022-07-01,lag_3,0.0057795252893599,0.0005158007981241593,-0.000753921703859415,0.0013232180651795793
2022-06-01,2022-07-01,lag_4,0.0061773799369513,-4.1677824719802854e-05,-0.000753921703859415,0.0013232180651795793
2022-06-01,2022-07-01,lag_5,-0.0038553890138945,-0.00017255301238140763,-0.000753921703859415,0.0013232180651795793
2022-06-01,2022-07-01,lag_6,-0.0029071000130063,-1.7893996436664537e-05,-0.000753921703859415,0.0013232180651795793
2022-06-01,2022-07-01,lag_7,0.0067574983021634,2.1771143882424362e-05,-0.000753921703859415,0.0013232180651795793
2022-06-01,2022-07-01,lag_8,0.0133459909804463,0.00041324944131372637,-0.000753921703859415,0.0013232180651795793
2022-06-01,2022-07-01,lag_9,-0.0119236250388361,-0.0007177092256539388,-0.000753921703859415,0.0013232180651795793
2022-06-01,2022-07-01,lag_10,-0.002078928094134,3.659954690906829e-05,-0.000753921703859415,0.0013232180651795793
2022-06-01,2022-07-01,lag_11,0.00453086144506,-0.0002261272030674635,-0.000753921703859415,0.0013232180651795793
2022-06-01,2022-07-01,volatility_3m,0.0018087448843686705,-0.0008573726677841475,-0.000753921703859415,0.0013232180651795793
2022-07-01,2022-08-01,lag_0,0.0020272849739724,0.00023459868135451838,0.0011139639359933732,0.0012759684103941732
2022-07-01,2022-08-01,lag_1,-0.0031183386894699,-0.0007434413615612108,0.0011139639359933732,0.0012759684103941732
2022-07-01,2022-08-01,lag_2,-0.0010504332153136,-0.00019961834672125008,0.0011139639359933732,0.0012759684103941732
2022-07-01,2022-08-01,lag_3,0.0004861197143313,-2.6913724330052532e-05,0.0011139639359933732,0.0012759684103941732
2022-07-01,2022-08-01,lag_4,0.0057795252893599,-3.434686525037935e-05,0.0011139639359933732,0.0012759684103941732
2022-07-01,2022-08-01,lag_5,0.0061773799369513,0.00019956406934611343,0.0011139639359933732,0.0012759684103941732
2022-07-01,2022-08-01,lag_6,-0.0038553890138945,-1.195226029359728e-05,0.0011139639359933732,0.0012759684103941732
2022-07-01,2022-08-01,lag_7,-0.0029071000130063,-2.411855229169693e-05,0.0011139639359933732,0.0012759684103941732
2022-07-01,2022-08-01,lag_8,0.0067574983021634,0.00021125130846144234,0.0011139639359933732,0.0012759684103941732
2022-07-01,2022-08-01,lag_9,0.0133459909804463,0.0006567161522245294,0.0011139639359933732,0.0012759684103941732
2022-07-01,2022-08-01,lag_10,-0.0119236250388361,0.00011463670061211921,0.0011139639359933732,0.0012759684103941732
2022-07-01,2022-08-01,lag_11,-0.002078928094134,0.00016255592071844858,0.0011139639359933732,0.0012759684103941732
2022-07-01,2022-08-01,volatility_3m,0.0025892735528356484,-0.0007009361966697843,0.0011139639359933732,0.0012759684103941732
2022-08-01,2022-09-01,lag_0,-0.0012524758296699,-0.0003238827738101386,0.0007190769103114958,0.001199660162260953
2022-08-01,2022-09-01,lag_1,0.0020272849739724,0.0002610383295094512,0.0007190769103114958,0.001199660162260953
2022-08-01,2022-09-01,lag_2,-0.0031183386894699,-0.0004338678730869511,0.0007190769103114958,0.001199660162260953
2022-08-01,2022-09-01,lag_3,-0.0010504332153136,-0.00018533181355995498,0.0007190769103114958,0.001199660162260953
2022-08-01,2022-09-01,lag_4,0.0004861197143313,1.716091229013424e-06,0.0007190769103114958,0.001199660162260953
2022-08-01,2022-09-01,lag_5,0.0057795252893599,0.0001733929523102153,0.0007190769103114958,0.001199660162260953
2022-08-01,2022-09-01,lag_6,0.0061773799369513,2.1126275499251254e-05,0.0007190769103114958,0.001199660162260953
2022-08-01,2022-09-01,lag_7,-0.0038553890138945,-3.9122889637479775e-05,0.0007190769103114958,0.001199660162260953
2022-08-01,2022-09-01,lag_8,-0.0029071000130063,-0.00013747349559356482,0.0007190769103114958,0.001199660162260953
2022-08-01,2022-09-01,lag_9,0.0067574983021634,0.0002528006143349685,0.0007190769103114958,0.001199660162260953
2022-08-01,2022-09-01,lag_10,0.0133459909804463,-8.225231697836447e-05,0.0007190769103114958,0.001199660162260953
2022-08-01,2022-09-01,lag_11,-0.0119236250388361,0.0006935603880262453,0.0007190769103114958,0.001199660162260953
2022-08-01,2022-09-01,volatility_3m,0.0026049861812322784,-0.0006822867401921484,0.0007190769103114958,0.001199660162260953
2022-09-01,2022-10-01,lag_0,0.0019319323696054,0.0002318313304825163,-0.0010259171008115534,0.0012445762049783835
2022-09-01,2022-10-01,lag_1,-0.0012524758296699,-0.00035753175914933494,-0.0010259171008115534,0.0012445762049783835
2022-09-01,2022-10-01,lag_2,0.0020272849739724,0.0001560131965075472,-0.0010259171008115534,0.0012445762049783835
2022-09-01,2022-10-01,lag_3,-0.0031183386894699,-0.0003975269079901326,-0.0010259171008115534,0.0012445762049783835
2022-09-01,2022-10-01,lag_4,-0.0010504332153136,1.5002214533571358e-05,-0.0010259171008115534,0.0012445762049783835
2022-09-01,2022-10-01,lag_5,0.0004861197143313,-1.0839379296411102e-05,-0.0010259171008115534,0.0012445762049783835
2022-09-01,2022-10-01,lag_6,0.0057795252893599,2.701570026626056e-05,-0.0010259171008115534,0.0012445762049783835
2022-09-01,2022-10-01,lag_7,0.0061773799369513,3.403609786680051e-05,-0.0010259171008115534,0.0012445762049783835
2022-09-01,2022-10-01,lag_8,-0.0038553890138945,-0.00015188258807121032,-0.0010259171008115534,0.0012445762049783835
2022-09-01,2022-10-01,lag_9,-0.0029071000130063,-0.00018278259113063735,-0.0010259171008115534,0.0012445762049783835
2022-09-01,2022-10-01,lag_10,0.0067574983021634,-1.793015170289549e-05,-0.0010259171008115534,0.0012445762049783835
2022-09-01,2022-10-01,lag_11,0.0133459909804463,-0.0008101222951976411,-0.0010259171008115534,0.0012445762049783835
2022-09-01,2022-10-01,volatility_3m,0.0018666538077479584,-0.0008057761729083696,-0.0010259171008115534,0.0012445762049783835
2022-10-01,2022-11-01,lag_0,-0.0003841127462562,-0.00015696046836626975,2.6982505281088068e-05,0.001220106351348702
2022-10-01,2022-11-01,lag_1,0.0019319323696054,0.00026789364830459724,2.6982505281088068e-05,0.001220106351348702
2022-10-01,2022-11-01,lag_2,-0.0012524758296699,-0.00020084101080335699,2.6982505281088068e-05,0.001220106351348702
2022-10-01,2022-11-01,lag_3,0.0020272849739724,0.0001364935321172589,2.6982505281088068e-05,0.001220106351348702
2022-10-01,2022-11-01,lag_4,-0.0031183386894699,2.6262134187232222e-05,2.6982505281088068e-05,0.001220106351348702
2022-10-01,2022-11-01,lag_5,-0.0010504332153136,-6.773157157277765e-05,2.6982505281088068e-05,0.001220106351348702
2022-10-01,2022-11-01,lag_6,0.0004861197143313,-1.1957256644532157e-06,2.6982505281088068e-05,0.001220106351348702
2022-10-01,2022-11-01,lag_7,0.0057795252893599,3.179930596744077e-05,2.6982505281088068e-05,0.001220106351348702
2022-10-01,2022-11-01,lag_8,0.0061773799369513,0.00019978973989058995,2.6982505281088068e-05,0.001220106351348702
2022-10-01,2022-11-01,lag_9,-0.0038553890138945,-0.00020787666987956513,2.6982505281088068e-05,0.001220106351348702
2022-10-01,2022-11-01,lag_10,-0.0029071000130063,4.328204765212863e-06,2.6982505281088068e-05,0.001220106351348702
2022-10-01,2022-11-01,lag_11,0.0067574983021634,-0.0003939309780684827,2.6982505281088068e-05,0.001220106351348702
2022-10-01,2022-11-01,volatility_3m,0.0016461356263966567,-0.0008311539869450406,2.6982505281088068e-05,0.001220106351348702
2022-11-01,2022-12-01,lag_0,-0.0029444934707285,-0.0005924432206496716,0.00016043582260612125,0.0011696894042092132
2022-11-01,2022-12-01,lag_1,-0.0003841127462562,-0.00017634859742738973,0.00016043582260612125,0.0011696894042092132
2022-11-01,2022-12-01,lag_2,0.0019319323696054,0.00015632466352937053,0.00016043582260612125,0.0011696894042092132
2022-11-01,2022-12-01,lag_3,-0.0012524758296699,-0.0001843985246523776,0.00016043582260612125,0.0011696894042092132
2022-11-01,2022-12-01,lag_4,0.0020272849739724,-1.1603642384390318e-05,0.00016043582260612125,0.0011696894042092132
2022-11-01,2022-12-01,lag_5,-0.0031183386894699,-0.00016046664140855155,0.00016043582260612125,0.0011696894042092132
2022-11-01,2022-12-01,lag_6,-0.0010504332153136,-6.120187093888081e-06,0.00016043582260612125,0.0011696894042092132
2022-11-01,2022-12-01,lag_7,0.0004861197143313,-2.1558078012309736e-06,0.00016043582260612125,0.0011696894042092132
2022-11-01,2022-12-01,lag_8,0.0057795252893599,0.00014019070194412901,0.00016043582260612125,0.0011696894042092132
2022-11-01,2022-12-01,lag_9,0.0061773799369513,0.0002903924128627821,0.00016043582260612125,0.0011696894042092132
2022-11-01,2022-12-01,lag_10,-0.0038553890138945,9.742933580754438e-06,0.00016043582260612125,0.0011696894042092132
2022-11-01,2022-12-01,lag_11,-0.0029071000130063,0.0002394505724309135,0.00016043582260612125,0.0011696894042092132
2022-11-01,2022-12-01,volatility_3m,0.002439232919356406,-0.0007118182445335415,0.00016043582260612125,0.0011696894042092132
2022-12-01,2023-01-01,lag_0,-0.011845400797525,-0.002131108637172566,-0.0012062759730817258,0.0011220471872821804
2022-12-01,2023-01-01,lag_1,-0.0029444934707285,-0.0006691298444896287,-0.0012062759730817258,0.0011220471872821804
2022-12-01,2023-01-01,lag_2,-0.0003841127462562,-0.00010506375768441663,-0.0012062759730817258,0.0011220471872821804
2022-12-01,2023-01-01,lag_3,0.0019319323696054,0.00014132423715306237,-0.0012062759730817258,0.0011220471872821804
2022-12-01,2023-01-01,lag_4,-0.0012524758296699,1.5007763716410342e-05,-0.0012062759730817258,0.0011220471872821804
2022-12-01,2023-01-01,lag_5,0.0020272849739724,5.1156975819874235e-05,-0.0012062759730817258,0.0011220471872821804
2022-12-01,2023-01-01,lag_6,-0.0031183386894699,-2.5283605618553064e-05,-0.0012062759730817258,0.0011220471872821804
2022-12-01,2023-01-01,lag_7,-0.0010504332153136,-1.3617516483647214e-05,-0.0012062759730817258,0.0011220471872821804
2022-12-01,2023-01-01,lag_8,0.0004861197143313,-8.611062293426176e-06,-0.0012062759730817258,0.0011220471872821804
2022-12-01,2023-01-01,lag_9,0.0057795252893599,0.00024197693928221432,-0.0012062759730817258,0.0011220471872821804
2022-12-01,2023-01-01,lag_10,0.0061773799369513,2.9073665320111915e-06,-0.0012062759730817258,0.0011220471872821804
2022-12-01,2023-01-01,lag_11,-0.0038553890138945,0.00027798209939509016,-0.0012062759730817258,0.0011220471872821804
2022-12-01,2023-01-01,volatility_3m,0.006015851622846454,-0.00010586411852033112,-0.0012062759730817258,0.0011220471872821804
2023-01-01,2023-02-01,lag_0,0.0073760242218297,0.0011917692417339034,-0.0005722780826237202,0.001111095092219448
2023-01-01,2023-02-01,lag_1,-0.011845400797525,-0.0023944982295241437,-0.0005722780826237202,0.001111095092219448
2023-01-01,2023-02-01,lag_2,-0.0029444934707285,-0.0003963900783083048,-0.0005722780826237202,0.001111095092219448
2023-01-01,2023-02-01,lag_3,-0.0003841127462562,-9.636418663106145e-05,-0.0005722780826237202,0.001111095092219448
2023-01-01,2023-02-01,lag_4,0.0019319323696054,-1.1211996730182646e-05,-0.0005722780826237202,0.001111095092219448
2023-01-01,2023-02-01,lag_5,-0.0012524758296699,-7.620687249815273e-05,-0.0005722780826237202,0.001111095092219448
2023-01-01,2023-02-01,lag_6,0.0020272849739724,9.14141947128359e-06,-0.0005722780826237202,0.001111095092219448
2023-01-01,2023-02-01,lag_7,-0.0031183386894699,-1.934423485454045e-05,-0.0005722780826237202,0.001111095092219448
2023-01-01,2023-02-01,lag_8,-0.0010504332153136,-5.6774032023038486e-05,-0.0005722780826237202,0.001111095092219448
2023-01-01,2023-02-01,lag_9,0.0004861197143313,-1.2955221633841305e-05,-0.0005722780826237202,0.001111095092219448
2023-01-01,2023-02-01,lag_10,0.0057795252893599,2.629928878995106e-05,-0.0005722780826237202,0.001111095092219448
2023-01-01,2023-02-01,lag_11,0.0061773799369513,-0.0003550259115135955,-0.0005722780826237202,0.001111095092219448
2023-01-01,2023-02-01,volatility_3m,0.009619445726039358,0.000508187638878555,-0.0005722780826237202,0.001111095092219448
2023-02-01,2023-03-01,lag_0,0.0013582135715868,0.00016277259997573098,0.0009809068333336557,0.0011359188291207678
2023-02-01,2023-03-01,lag_1,0.0073760242218297,0.0013142269453991775,0.0009809068333336557,0.0011359188291207678
2023-02-01,2023-03-01,lag_2,-0.011845400797525,-0.0013992182179620174,0.0009809068333336557,0.0011359188291207678
2023-02-01,2023-03-01,lag_3,-0.0029444934707285,-0.0003383503645014882,0.0009809068333336557,0.0011359188291207678
2023-02-01,2023-03-01,lag_4,-0.0003841127462562,3.951922929379528e-06,0.0009809068333336557,0.0011359188291207678
2023-02-01,2023-03-01,lag_5,0.0019319323696054,5.282761680005722e-05,0.0009809068333336557,0.0011359188291207678
2023-02-01,2023-03-01,lag_6,-0.0012524758296699,-5.766267748547101e-06,0.0009809068333336557,0.0011359188291207678
2023-02-01,2023-03-01,lag_7,0.0020272849739724,9.260745168762887e-06,0.0009809068333336557,0.0011359188291207678
2023-02-01,2023-03-01,lag_8,-0.0031183386894699,-9.526857543642529e-05,0.0009809068333336557,0.0011359188291207678
2023-02-01,2023-03-01,lag_9,-0.0010504332153136,-8.605735328120646e-05,0.0009809068333336557,0.0011359188291207678
2023-02-01,2023-03-01,lag_10,0.0004861197143313,-1.5864400897872778e-06,0.0009809068333336557,0.0011359188291207678
2023-02-01,2023-03-01,lag_11,0.0057795252893599,-0.000319811986406245,0.0009809068333336557,0.0011359188291207678
2023-02-01,2023-03-01,volatility_3m,0.009832028081776646,0.0005480073793654964,0.0009809068333336557,0.0011359188291207678
2023-03-01,2023-04-01,lag_0,0.003757775465659,0.0005731102465067399,0.0006429520150150467,0.0011326932876556035
2023-03-01,2023-04-01,lag_1,0.0013582135715868,0.0001778910912817471,0.0006429520150150467,0.0011326932876556035
2023-03-01,2023-04-01,lag_2,0.0073760242218297,0.0007922466787018076,0.0006429520150150467,0.0011326932876556035
2023-03-01,2023-04-01,lag_3,-0.011845400797525,-0.0011977258400717634,0.0006429520150150467,0.0011326932876556035
2023-03-01,2023-04-01,lag_4,-0.0029444934707285,1.3034320454992451e-05,0.0006429520150150467,0.0011326932876556035
2023-03-01,2023-04-01,lag_5,-0.0003841127462562,-3.6116983186614694e-05,0.0006429520150150467,0.0011326932876556035
2023-03-01,2023-04-01,lag_6,0.0019319323696054,4.436622899564561e-06,0.0006429520150150467,0.0011326932876556035
2023-03-01,2023-04-01,lag_7,-0.0012524758296699,-1.137553640902183e-05,0.0006429520150150467,0.0011326932876556035
2023-03-01,2023-04-01,lag_8,0.0020272849739724,3.368691424469554e-05,0.0006429520150150467,0.0011326932876556035
2023-03-01,2023-04-01,lag_9,-0.0031183386894699,-0.00018152464150182534,0.0006429520150150467,0.0011326932876556035
2023-03-01,2023-04-01,lag_10,-0.0010504332153136,-9.080032739358536e-06,0.0006429520150150467,0.0011326932876556035
2023-03-01,2023-04-01,lag_11,0.0004861197143313,1.6525663218666582e-05,0.0006429520150150467,0.0011326932876556035
2023-03-01,2023-04-01,volatility_3m,0.003029402206354444,-0.0006648497760401868,0.0006429520150150467,0.0011326932876556035
2023-04-01,2023-05-01,lag_0,0.0022988686347238,0.0003230573109517575,0.0019486662848681765,0.0011307740649479142
2023-04-01,2023-05-01,lag_1,0.003757775465659,0.0006375289896949194,0.0019486662848681765,0.0011307740649479142
2023-04-01,2023-05-01,lag_2,0.0013582135715868,0.00010533622629723904,0.0019486662848681765,0.0011307740649479142
2023-04-01,2023-05-01,lag_3,0.0073760242218297,0.0006839200057778714,0.0019486662848681765,0.0011307740649479142
2023-04-01,2023-05-01,lag_4,-0.011845400797525,6.85100917374046e-05,0.0019486662848681765,0.0011307740649479142
2023-04-01,2023-05-01,lag_5,-0.0029444934707285,-0.00013828448332321662,0.0019486662848681765,0.0011307740649479142
2023-04-01,2023-05-01,lag_6,-0.0003841127462562,-4.24083525671757e-06,0.0019486662848681765,0.0011307740649479142
2023-04-01,2023-05-01,lag_7,0.0019319323696054,6.419260386491582e-06,0.0019486662848681765,0.0011307740649479142
2023-04-01,2023-05-01,lag_8,-0.0012524758296699,-5.827085365410249e-05,0.0019486662848681765,0.0011307740649479142
2023-04-01,2023-05-01,lag_9,0.0020272849739724,6.010179442193827e-05,0.0019486662848681765,0.0011307740649479142
2023-04-01,2023-05-01,lag_10,-0.0031183386894699,-2.6684954879532636e-05,0.0019486662848681765,0.0011307740649479142
2023-04-01,2023-05-01,lag_11,-0.0010504332153136,0.00011881048107017359,0.0019486662848681765,0.0011307740649479142
2023-04-01,2023-05-01,volatility_3m,0.0012090725352267627,-0.0009583108133039641,0.0019486662848681765,0.0011307740649479142
2023-05-01,2023-06-01,lag_0,-0.0032089990224672,-0.0006222090006459942,0.0004726159880231824,0.0011359866345442915
2023-05-01,2023-06-01,lag_1,0.0022988686347238,0.00034949748066161787,0.0004726159880231824,0.0011359866345442915
2023-05-01,2023-06-01,lag_2,0.003757775465659,0.00037805601910446534,0.0004726159880231824,0.0011359866345442915
2023-05-01,2023-06-01,lag_3,0.0013582135715868,9.122109371603195e-05,0.0004726159880231824,0.0011359866345442915
2023-05-01,2023-06-01,lag_4,0.0073760242218297,-1.6991196337210975e-05,0.0004726159880231824,0.0011359866345442915
2023-05-01,2023-06-01,lag_5,-0.011845400797525,-0.0004634477073922376,0.0004726159880231824,0.0011359866345442915
2023-05-01,2023-06-01,lag_6,-0.0029444934707285,-7.114712598488426e-06,0.0004726159880231824,0.0011359866345442915
2023-05-01,2023-06-01,lag_7,-0.0003841127462562,-6.792034559930703e-06,0.0004726159880231824,0.0011359866345442915
2023-05-01,2023-06-01,lag_8,0.0019319323696054,3.244030035444962e-05,0.0004726159880231824,0.0011359866345442915
2023-05-01,2023-06-01,lag_9,-0.0012524758296699,-8.751109848877212e-05,0.0004726159880231824,0.0011359866345442915
2023-05-01,2023-06-01,lag_10,0.0020272849739724,7.286926959597459e-06,0.0004726159880231824,0.0011359866345442915
2023-05-01,2023-06-01,lag_11,-0.0031183386894699,0.00023460162798185185,0.0004726159880231824,0.0011359866345442915
2023-05-01,2023-06-01,volatility_3m,0.0036742564335950144,-0.0005524083452764889,0.0004726159880231824,0.0011359866345442915
2023-06-01,2023-07-01,lag_0,-0.0080478648050226,-0.0014743158285541347,-0.0005932951727172973,0.0011275644580333636
2023-06-01,2023-07-01,lag_1,-0.0032089990224672,-0.0006638211215808055,-0.0005932951727172973,0.0011275644580333636
2023-06-01,2023-07-01,lag_2,0.0022988686347238,0.00021384600883561495,-0.0005932951727172973,0.0011275644580333636
2023-06-01,2023-07-01,lag_3,0.003757775465659,0.0003223883022427278,-0.0005932951727172973,0.0011275644580333636
2023-06-01,2023-07-01,lag_4,0.0013582135715868,-4.2777642741687965e-06,-0.0005932951727172973,0.0011275644580333636
2023-06-01,2023-07-01,lag_5,0.0073760242218297,0.00028002109656664225,-0.0005932951727172973,0.0011275644580333636
2023-06-01,2023-07-01,lag_6,-0.011845400797525,-4.1311627484354886e-05,-0.0005932951727172973,0.0011275644580333636
2023-06-01,2023-07-01,lag_7,-0.0029444934707285,-2.514815414325527e-05,-0.0005932951727172973,0.0011275644580333636
2023-06-01,2023-07-01,lag_8,-0.0003841127462562,-2.336967716202069e-05,-0.0005932951727172973,0.0011275644580333636
2023-06-01,2023-07-01,lag_9,0.0019319323696054,6.475581056079787e-05,-0.0005932951727172973,0.0011275644580333636
2023-06-01,2023-07-01,lag_10,-0.0012524758296699,-9.056823490076584e-06,-0.0005932951727172973,0.0011275644580333636
2023-06-01,2023-07-01,lag_11,0.0020272849739724,-8.34100830663529e-05,-0.0005932951727172973,0.0011275644580333636
2023-06-01,2023-07-01,volatility_3m,0.0051769701735004964,-0.0002771597692012744,-0.0005932951727172973,0.0011275644580333636
2023-07-01,2023-08-01,lag_0,0.0078308561837765,0.0012599295179232313,0.0007503703021958157,0.0011490244053788097
2023-07-01,2023-08-01,lag_1,-0.0080478648050226,-0.001589080464018013,0.0007503703021958157,0.0011490244053788097
2023-07-01,2023-08-01,lag_2,-0.0032089990224672,-0.0004095142735294886,0.0007503703021958157,0.0011490244053788097
2023-07-01,2023-08-01,lag_3,0.0022988686347238,0.0001839376308825614,0.0007503703021958157,0.0011490244053788097
2023-07-01,2023-08-01,lag_4,0.003757775465659,-1.6298100343934854e-05,0.0007503703021958157,0.0011490244053788097
2023-07-01,2023-08-01,lag_5,0.0013582135715868,3.8335033673850896e-05,0.0007503703021958157,0.0011490244053788097
2023-07-01,2023-08-01,lag_6,0.0073760242218297,1.062883233556724e-05,0.0007503703021958157,0.0011490244053788097
2023-07-01,2023-08-01,lag_7,-0.011845400797525,-9.135363101919595e-05,0.0007503703021958157,0.0011490244053788097
2023-07-01,2023-08-01,lag_8,-0.0029444934707285,-8.658222590320951e-05,0.0007503703021958157,0.0011490244053788097
2023-07-01,2023-08-01,lag_9,-0.0003841127462562,-4.8093963620753445e-05,0.0007503703021958157,0.0011490244053788097
2023-07-01,2023-08-01,lag_10,0.0019319323696054,9.240021343223901e-07,0.0007503703021958157,0.0011490244053788097
2023-07-01,2023-08-01,lag_11,-0.0012524758296699,0.00011221692108005905,0.0007503703021958157,0.0011490244053788097
2023-07-01,2023-08-01,volatility_3m,0.008138660877529144,0.00023629661722200914,0.0007503703021958157,0.0011490244053788097
2023-08-01,2023-09-01,lag_0,-0.0006681669277961,-0.00020969455980193128,0.0008368816993776675,0.0011715576140797147
2023-08-01,2023-09-01,lag_1,0.0078308561837765,0.0013684692687157545,0.0008368816993776675,0.0011715576140797147
2023-08-01,2023-09-01,lag_2,-0.0080478648050226,-0.0009603368445423078,0.0008368816993776675,0.0011715576140797147
2023-08-01,2023-09-01,lag_3,-0.0032089990224672,-0.0003509803657100928,0.0008368816993776675,0.0011715576140797147
2023-08-01,2023-09-01,lag_4,0.0022988686347238,-6.948279582664164e-06,0.0008368816993776675,0.0011715576140797147
2023-08-01,2023-09-01,lag_5,0.003757775465659,0.00013267803404045563,0.0008368816993776675,0.0011715576140797147
2023-08-01,2023-09-01,lag_6,0.0013582135715868,1.3924456523575836e-06,0.0008368816993776675,0.0011715576140797147
2023-08-01,2023-09-01,lag_7,0.0073760242218297,5.112721621868395e-05,0.0008368816993776675,0.0011715576140797147
2023-08-01,2023-09-01,lag_8,-0.011845400797525,-0.00030519877195965724,0.0008368816993776675,0.0011715576140797147
2023-08-01,2023-09-01,lag_9,-0.0029444934707285,-0.00016778710711118673,0.0008368816993776675,0.0011715576140797147
2023-08-01,2023-09-01,lag_10,-0.0003841127462562,-3.033880120579834e-06,0.0008368816993776675,0.0011715576140797147
2023-08-01,2023-09-01,lag_11,0.0019319323696054,-8.075583838972438e-05,0.0008368816993776675,0.0011715576140797147
2023-08-01,2023-09-01,volatility_3m,0.007945933077685251,0.0001963927678888457,0.0008368816993776675,0.0011715576140797147
2023-09-01,2023-10-01,lag_0,0.0018012453076874,0.00019852405648859432,0.00047311016137806965,0.0012541527038579916
2023-09-01,2023-10-01,lag_1,-0.0006681669277961,-0.0002282147182344608,0.00047311016137806965,0.0012541527038579916
2023-09-01,2023-10-01,lag_2,0.0078308561837765,0.0008340152831894478,0.00047311016137806965,0.0012541527038579916
2023-09-01,2023-10-01,lag_3,-0.0080478648050226,-0.0007970385233259729,0.00047311016137806965,0.0012541527038579916
2023-09-01,2023-10-01,lag_4,-0.0032089990224672,1.6970831008644525e-05,0.00047311016137806965,0.0012541527038579916
2023-09-01,2023-10-01,lag_5,0.0022988686347238,7.748512669092513e-05,0.00047311016137806965,0.0012541527038579916
2023-09-01,2023-10-01,lag_6,0.003757775465659,3.4227052074922593e-07,0.00047311016137806965,0.0012541527038579916
2023-09-01,2023-10-01,lag_7,0.0013582135715868,7.990926952600933e-06,0.00047311016137806965,0.0012541527038579916
2023-09-01,2023-10-01,lag_8,0.0073760242218297,0.00017025293925633777,0.00047311016137806965,0.0012541527038579916
2023-09-01,2023-10-01,lag_9,-0.011845400797525,-0.0006825329085165114,0.00047311016137806965,0.0012541527038579916
2023-09-01,2023-10-01,lag_10,-0.0029444934707285,-4.520280551571063e-07,0.00047311016137806965,0.0012541527038579916
2023-09-01,2023-10-01,lag_11,-0.0003841127462562,5.762402792991745e-05,0.00047311016137806965,0.0012541527038579916
2023-09-01,2023-10-01,volatility_3m,0.0043720246636398865,-0.0004360098263850373,0.00047311016137806965,0.0012541527038579916
2023-10-01,2023-11-01,lag_0,-0.0054811790410731,-0.0010314665539493922,0.0010154847740907079,0.0012855387577270538
2023-10-01,2023-11-01,lag_1,0.0018012453076874,0.00022105856965675907,0.0010154847740907079,0.0012855387577270538
2023-10-01,2023-11-01,lag_2,-0.0006681669277961,-0.00013933218562124956,0.0010154847740907079,0.0012855387577270538
2023-10-01,2023-11-01,lag_3,0.0078308561837765,0.0006928122053520771,0.0010154847740907079,0.0012855387577270538
2023-10-01,2023-11-01,lag_4,-0.0080478648050226,3.510972749776061e-05,0.0010154847740907079,0.0012855387577270538
2023-10-01,2023-11-01,lag_5,-0.0032089990224672,-0.00014536215665263385,0.0010154847740907079,0.0012855387577270538
2023-10-01,2023-11-01,lag_6,0.0022988686347238,-1.0007820036331513e-06,0.0010154847740907079,0.0012855387577270538
2023-10-01,2023-11-01,lag_7,0.003757775465659,2.783013063230203e-05,0.0010154847740907079,0.0012855387577270538
2023-10-01,2023-11-01,lag_8,0.0013582135715868,2.319583599344942e-05,0.0010154847740907079,0.0012855387577270538
2023-10-01,2023-11-01,lag_9,0.0073760242218297,0.0003876541629854405,0.0010154847740907079,0.0012855387577270538
2023-10-01,2023-11-01,lag_10,-0.011845400797525,4.771736971053058e-06,0.0010154847740907079,0.0012855387577270538
2023-10-01,2023-11-01,lag_11,-0.0029444934707285,0.00020934523037151082,0.0010154847740907079,0.0012855387577270538
2023-10-01,2023-11-01,volatility_3m,0.0037035295504587364,-0.0005546699048697901,0.0010154847740907079,0.0012855387577270538
2023-11-01,2023-12-01,lag_0,0.0039238564884236,0.0005420118709870986,0.0008930485218610223,0.0013402636638100134
2023-11-01,2023-12-01,lag_1,-0.0054811790410731,-0.001149094067724801,0.0008930485218610223,0.0013402636638100134
2023-11-01,2023-12-01,lag_2,0.0018012453076874,0.00013454352547536208,0.0008930485218610223,0.0013402636638100134
2023-11-01,2023-12-01,lag_3,-0.0006681669277961,-0.00011556456283940032,0.0008930485218610223,0.0013402636638100134
2023-11-01,2023-12-01,lag_4,0.0078308561837765,-4.677220602852167e-05,0.0008930485218610223,0.0013402636638100134
2023-11-01,2023-12-01,lag_5,-0.0080478648050226,-0.00036434047465494545,0.0008930485218610223,0.0013402636638100134
2023-11-01,2023-12-01,lag_6,-0.0032089990224672,5.5362671012639065e-06,0.0008930485218610223,0.0013402636638100134
2023-11-01,2023-12-01,lag_7,0.0022988686347238,1.7902923962656537e-05,0.0008930485218610223,0.0013402636638100134
2023-11-01,2023-12-01,lag_8,0.003757775465659,8.239168619066266e-05,0.0008930485218610223,0.0013402636638100134
2023-11-01,2023-12-01,lag_9,0.0013582135715868,5.745087506431158e-05,0.0008930485218610223,0.0013402636638100134
2023-11-01,2023-12-01,lag_10,0.0073760242218297,-3.9538149426873395e-05,0.0008930485218610223,0.0013402636638100134
2023-11-01,2023-12-01,lag_11,-0.011845400797525,0.0007706966921068578,0.0008930485218610223,0.0013402636638100134
2023-11-01,2023-12-01,volatility_3m,0.0049327794046747685,-0.0003424395221626623,0.0008930485218610223,0.0013402636638100134
2023-12-01,2024-01-01,lag_0,-0.0025890110606505,-0.0005248195619075386,0.0005603378497389922,0.0013442827353037086
2023-12-01,2024-01-01,lag_1,0.0039238564884236,0.0006120165764618605,0.0005603378497389922,0.0013442827353037086
2023-12-01,2024-01-01,lag_2,-0.0054811790410731,-0.0007069956445089227,0.0005603378497389922,0.0013442827353037086
2023-12-01,2024-01-01,lag_3,0.0018012453076874,0.00011588000233293199,0.0005603378497389922,0.0013442827353037086
2023-12-01,2024-01-01,lag_4,-0.0006681669277961,9.94724329757569e-06,0.0005603378497389922,0.0013442827353037086
2023-12-01,2024-01-01,lag_5,0.0078308561837765,0.0003301764784061818,0.0005603378497389922,0.0013442827353037086
2023-12-01,2024-01-01,lag_6,-0.0080478648050226,-1.1529536406387338e-05,0.0005603378497389922,0.0013442827353037086
2023-12-01,2024-01-01,lag_7,-0.0032089990224672,-3.680341031408514e-05,0.0005603378497389922,0.0013442827353037086
2023-12-01,2024-01-01,lag_8,0.0022988686347238,4.8179377646678266e-05,0.0005603378497389922,0.0013442827353037086
2023-12-01,2024-01-01,lag_9,0.003757775465659,0.00019979146599596162,0.0005603378497389922,0.0013442827353037086
2023-12-01,2024-01-01,lag_10,0.0013582135715868,-8.744551926039348e-06,0.0005603378497389922,0.0013442827353037086
2023-12-01,2024-01-01,lag_11,0.0073760242218297,-0.0004414602975342116,0.0005603378497389922,0.0013442827353037086
2023-12-01,2024-01-01,volatility_3m,0.00481727399832899,-0.00036958302710872183,0.0005603378497389922,0.0013442827353037086
2024-01-01,2024-02-01,lag_0,-0.0138202848856545,-0.002430898940683218,-0.0017896598251023813,0.0013329825733905789
2024-01-01,2024-02-01,lag_1,-0.0025890110606505,-0.0005989876235375543,-0.0017896598251023813,0.0013329825733905789
2024-01-01,2024-02-01,lag_2,0.0039238564884236,0.0003719064358329901,-0.0017896598251023813,0.0013329825733905789
2024-01-01,2024-02-01,lag_3,-0.0054811790410731,-0.0006003383808235917,-0.0017896598251023813,0.0013329825733905789
2024-01-01,2024-02-01,lag_4,0.0018012453076874,-7.960665893811611e-06,-0.0017896598251023813,0.0013329825733905789
2024-01-01,2024-02-01,lag_5,-0.0006681669277961,-5.2726429375949146e-05,-0.0017896598251023813,0.0013329825733905789
2024-01-01,2024-02-01,lag_6,0.0078308561837765,2.8200718531641048e-06,-0.0017896598251023813,0.0013329825733905789
2024-01-01,2024-02-01,lag_7,-0.0080478648050226,-8.404040509941198e-05,-0.0017896598251023813,0.0013329825733905789
2024-01-01,2024-02-01,lag_8,-0.0032089990224672,-8.416419495559805e-05,-0.0017896598251023813,0.0013329825733905789
2024-01-01,2024-02-01,lag_9,0.0022988686347238,0.00011036485758461037,-0.0017896598251023813,0.0013329825733905789
2024-01-01,2024-02-01,lag_10,0.003757775465659,-4.027368616713219e-05,-0.0017896598251023813,0.0013329825733905789
2024-01-01,2024-02-01,lag_11,0.0013582135715868,-5.7731654253735715e-05,-0.0017896598251023813,0.0013329825733905789
2024-01-01,2024-02-01,volatility_3m,0.0089760190558628,0.0003493882170262788,-0.0017896598251023813,0.0013329825733905789
2024-02-01,2024-03-01,lag_0,0.0106533450234573,0.001589020805391658,0.000549999916828401,0.0013191734066235604
2024-02-01,2024-03-01,lag_1,-0.0138202848856545,-0.0027496972245170796,0.000549999916828401,0.0013191734066235604
2024-02-01,2024-03-01,lag_2,-0.0025890110606505,-0.0003751675453044167,0.000549999916828401,0.0013191734066235604
2024-02-01,2024-03-01,lag_3,0.0039238564884236,0.00032441500182479714,0.000549999916828401,0.0013191734066235604
2024-02-01,2024-03-01,lag_4,-0.0054811790410731,4.72998232295081e-05,0.000549999916828401,0.0013191734066235604
2024-02-01,2024-03-01,lag_5,0.0018012453076874,5.075892163899788e-05,0.000549999916828401,0.0013191734066235604
2024-02-01,2024-03-01,lag_6,-0.0006681669277961,-5.8227774403479e-06,0.000549999916828401,0.0013191734066235604
2024-02-01,2024-03-01,lag_7,0.0078308561837765,4.7855083485437444e-05,0.000549999916828401,0.0013191734066235604
2024-02-01,2024-03-01,lag_8,-0.0080478648050226,-0.00021675813646685163,0.000549999916828401,0.0013191734066235604
2024-02-01,2024-03-01,lag_9,-0.0032089990224672,-0.00021735224893570354,0.000549999916828401,0.0013191734066235604
2024-02-01,2024-03-01,lag_10,0.0022988686347238,-1.2612630426850443e-05,0.000549999916828401,0.0013191734066235604
2024-02-01,2024-03-01,lag_11,0.003757775465659,-0.0002106509907045052,0.000549999916828401,0.0013191734066235604
2024-02-01,2024-03-01,volatility_3m,0.01225057867557487,0.000959538428430197,0.000549999916828401,0.0013191734066235604
2024-03-01,2024-04-01,lag_0,0.0017186200476606,0.00016546674673235557,0.0016290388448676602,0.001418734086875366
2024-03-01,2024-04-01,lag_1,0.0106533450234573,0.0018330763135925902,0.0016290388448676602,0.001418734086875366
2024-03-01,2024-04-01,lag_2,-0.0138202848856545,-0.0016758301650899388,0.0016290388448676602,0.001418734086875366
2024-03-01,2024-04-01,lag_3,-0.0025890110606505,-0.0003080418037971615,0.0016290388448676602,0.001418734086875366
2024-03-01,2024-04-01,lag_4,0.0039238564884236,-2.477148601907018e-05,0.0016290388448676602,0.001418734086875366
2024-03-01,2024-04-01,lag_5,-0.0054811790410731,-0.0002837393576889839,0.0016290388448676602,0.001418734086875366
2024-03-01,2024-04-01,lag_6,0.0018012453076874,3.6773790024269313e-06,0.0016290388448676602,0.001418734086875366
2024-03-01,2024-04-01,lag_7,-0.0006681669277961,-1.4846393177303223e-05,0.0016290388448676602,0.001418734086875366
2024-03-01,2024-04-01,lag_8,0.0078308561837765,0.00013658987653636712,0.0016290388448676602,0.001418734086875366
2024-03-01,2024-04-01,lag_9,-0.0080478648050226,-0.0005156228874152846,0.0016290388448676602,0.001418734086875366
2024-03-01,2024-04-01,lag_10,-0.0032089990224672,4.007781590910177e-05,0.0016290388448676602,0.001418734086875366
2024-03-01,2024-04-01,lag_11,0.0022988686347238,-0.0001275482992521455,0.0016290388448676602,0.001418734086875366
2024-03-01,2024-04-01,volatility_3m,0.012384435378381886,0.0009818170186593402,0.0016290388448676602,0.001418734086875366
2024-04-01,2024-05-01,lag_0,-0.0021335238777089,-0.000456951814362,0.0018418228554405536,0.0014706993037800669
2024-04-01,2024-05-01,lag_1,0.0017186200476606,0.00018738610966453987,0.0018418228554405536,0.0014706993037800669
2024-04-01,2024-05-01,lag_2,0.0106533450234573,0.0011689009119174745,0.0018418228554405536,0.0014706993037800669
2024-04-01,2024-05-01,lag_3,-0.0138202848856545,-0.0013607071781956152,0.0018418228554405536,0.0014706993037800669
2024-04-01,2024-05-01,lag_4,-0.0025890110606505,2.7128498691578977e-05,0.0018418228554405536,0.0014706993037800669
2024-04-01,2024-05-01,lag_5,0.0039238564884236,0.00015381919418091733,0.0018418228554405536,0.0014706993037800669
2024-04-01,2024-05-01,lag_6,-0.0054811790410731,-1.9940974566369458e-05,0.0018418228554405536,0.0014706993037800669
2024-04-01,2024-05-01,lag_7,0.0018012453076874,1.4999517476234353e-05,0.0018418228554405536,0.0014706993037800669
2024-04-01,2024-05-01,lag_8,-0.0006681669277961,-2.3977216103481167e-05,0.0018418228554405536,0.0014706993037800669
2024-04-01,2024-05-01,lag_9,0.0078308561837765,0.0004554361146057977,0.0018418228554405536,0.0014706993037800669
2024-04-01,2024-05-01,lag_10,-0.0080478648050226,9.537713684123987e-05,0.0018418228554405536,0.0014706993037800669
2024-04-01,2024-05-01,lag_11,-0.0032089990224672,0.00024342969877517239,0.0018418228554405536,0.0014706993037800669
2024-04-01,2024-05-01,volatility_3m,0.006559628286095916,-0.00011377644726500227,0.0018418228554405536,0.0014706993037800669
2024-05-01,2024-06-01,lag_0,0.0061619317981485,0.0008633316370384145,0.0026885692956904756,0.0015224103463149113
2024-05-01,2024-06-01,lag_1,-0.0021335238777089,-0.0005092826371009965,0.0026885692956904756,0.0015224103463149113
2024-05-01,2024-06-01,lag_2,0.0017186200476606,0.0001212717494832897,0.0026885692956904756,0.0015224103463149113
2024-05-01,2024-06-01,lag_3,0.0106533450234573,0.0009544322218547982,0.0026885692956904756,0.0015224103463149113
2024-05-01,2024-06-01,lag_4,-0.0138202848856545,0.00012133364483606184,0.0026885692956904756,0.0015224103463149113
2024-05-01,2024-06-01,lag_5,-0.0025890110606505,-0.00015075118602473882,0.0026885692956904756,0.0015224103463149113
2024-05-01,2024-06-01,lag_6,0.0039238564884236,6.954906725724794e-06,0.0026885692956904756,0.0015224103463149113
2024-05-01,2024-06-01,lag_7,-0.0054811790410731,-8.596905828999169e-05,0.0026885692956904756,0.0015224103463149113
2024-05-01,2024-06-01,lag_8,0.0018012453076874,2.328506012291815e-05,0.0026885692956904756,0.0015224103463149113
2024-05-01,2024-06-01,lag_9,-0.0006681669277961,-7.86778854059762e-05,0.0026885692956904756,0.0015224103463149113
2024-05-01,2024-06-01,lag_10,0.0078308561837765,-0.00010762941641642266,0.0026885692956904756,0.0015224103463149113
2024-05-01,2024-06-01,lag_11,-0.0080478648050226,0.000569153191169919,0.0026885692956904756,0.0015224103463149113
2024-05-01,2024-06-01,volatility_3m,0.004151237104845971,-0.0005612932786174357,0.0026885692956904756,0.0015224103463149113
2024-06-01,2024-07-01,lag_0,0.0003073003687008,-7.750918145432373e-05,0.00041155623476959134,0.0015595856161823832
2024-06-01,2024-07-01,lag_1,0.0061619317981485,0.0009605590464529357,0.00041155623476959134,0.0015595856161823832
2024-06-01,2024-07-01,lag_2,-0.0021335238777089,-0.0003351115405968446,0.00041155623476959134,0.0015595856161823832
2024-06-01,2024-07-01,lag_3,0.0017186200476606,9.853453270699168e-05,0.00041155623476959134,0.0015595856161823832
2024-06-01,2024-07-01,lag_4,0.0106533450234573,-8.967361067317854e-05,0.00041155623476959134,0.0015595856161823832
2024-06-01,2024-07-01,lag_5,-0.0138202848856545,-0.0006854044187162637,0.00041155623476959134,0.0015595856161823832
2024-06-01,2024-07-01,lag_6,-0.0025890110606505,-5.927514197380491e-06,0.00041155623476959134,0.0015595856161823832
2024-06-01,2024-07-01,lag_7,0.0039238564884236,4.459225281308485e-05,0.00041155623476959134,0.0015595856161823832
2024-06-01,2024-07-01,lag_8,-0.0054811790410731,-0.0001239017970785632,0.00041155623476959134,0.0015595856161823832
2024-06-01,2024-07-01,lag_9,0.0018012453076874,7.739426451493902e-05,0.00041155623476959134,0.0015595856161823832
2024-06-01,2024-07-01,lag_10,-0.0006681669277961,1.8211143479659403e-05,0.00041155623476959134,0.0015595856161823832
2024-06-01,2024-07-01,lag_11,0.0078308561837765,-0.0004945303359872112,0.00041155623476959134,0.0015595856161823832
2024-06-01,2024-07-01,volatility_3m,0.004263193580847052,-0.0005352622226766371,0.00041155623476959134,0.0015595856161823832
2024-07-01,2024-08-01,lag_0,-0.0091433043160034,-0.001550590979537264,0.000504463731441908,0.0015631098630935248
2024-07-01,2024-08-01,lag_1,0.0003073003687008,-8.893837943123016e-05,0.000504463731441908,0.0015631098630935248
2024-07-01,2024-08-01,lag_2,0.0061619317981485,0.0006280647703810532,0.000504463731441908,0.0015631098630935248
2024-07-01,2024-08-01,lag_3,-0.0021335238777089,-0.0002770750288173446,0.000504463731441908,0.0015631098630935248
2024-07-01,2024-08-01,lag_4,0.0017186200476606,-1.0984957642776252e-05,0.000504463731441908,0.0015631098630935248
2024-07-01,2024-08-01,lag_5,0.0106533450234573,0.0004998226254658278,0.000504463731441908,0.0015631098630935248
2024-07-01,2024-08-01,lag_6,-0.0138202848856545,-4.772680119043484e-05,0.000504463731441908,0.0015631098630935248
2024-07-01,2024-08-01,lag_7,-0.0025890110606505,-4.274418015248425e-05,0.000504463731441908,0.0015631098630935248
2024-07-01,2024-08-01,lag_8,0.0039238564884236,6.869436583958834e-05,0.000504463731441908,0.0015631098630935248
2024-07-01,2024-08-01,lag_9,-0.0054811790410731,-0.0004069523465280643,0.000504463731441908,0.0015631098630935248
2024-07-01,2024-08-01,lag_10,0.0018012453076874,-1.5591460318634742e-05,0.000504463731441908,0.0015631098630935248
2024-07-01,2024-08-01,lag_11,-0.0006681669277961,8.687956308889504e-05,0.000504463731441908,0.0015631098630935248
2024-07-01,2024-08-01,volatility_3m,0.007722703440626318,9.849667719125194e-05,0.000504463731441908,0.0015631098630935248
2024-08-01,2024-09-01,lag_0,0.0045427723719839,0.0005656909928040772,0.0008965420826268971,0.0015931419908320167
2024-08-01,2024-09-01,lag_1,-0.0091433043160034,-0.0017809704763477533,0.0008965420826268971,0.0015931419908320167
2024-08-01,2024-09-01,lag_2,0.0003073003687008,-5.9334846500387606e-05,0.0008965420826268971,0.0015931419908320167
2024-08-01,2024-09-01,lag_3,0.0061619317981485,0.0005106321050369324,0.0008965420826268971,0.0015931419908320167
2024-08-01,2024-09-01,lag_4,-0.0021335238777089,3.515081568585133e-05,0.0008965420826268971,0.0015931419908320167
2024-08-01,2024-09-01,lag_5,0.0017186200476606,5.614334591404806e-05,0.0008965420826268971,0.0015931419908320167
2024-08-01,2024-09-01,lag_6,0.0106533450234573,3.027753684177769e-05,0.0008965420826268971,0.0015931419908320167
2024-08-01,2024-09-01,lag_7,-0.0138202848856545,-0.0001723196055077928,0.0008965420826268971,0.0015931419908320167
2024-08-01,2024-09-01,lag_8,-0.0025890110606505,-6.0189454271974776e-05,0.0008965420826268971,0.0015931419908320167
2024-08-01,2024-09-01,lag_9,0.0039238564884236,0.00020905345517448134,0.0008965420826268971,0.0015931419908320167
2024-08-01,2024-09-01,lag_10,-0.0054811790410731,8.806168953737224e-05,0.0008965420826268971,0.0015931419908320167
2024-08-01,2024-09-01,lag_11,0.0018012453076874,-8.299146334013988e-05,0.0008965420826268971,0.0015931419908320167
2024-08-01,2024-09-01,volatility_3m,0.007006685463501,-3.5804003231611706e-05,0.0008965420826268971,0.0015931419908320167
2024-09-01,2024-10-01,lag_0,-0.0062175807186557,-0.0011106125832463754,-0.00029910271896011376,0.0015651734006489173
2024-09-01,2024-10-01,lag_1,0.0045427723719839,0.0006633129167668584,-0.00029910271896011376,0.0015651734006489173
2024-09-01,2024-10-01,lag_2,-0.0091433043160034,-0.001156652996302497,-0.00029910271896011376,0.0015651734006489173
2024-09-01,2024-10-01,lag_3,0.0003073003687008,-4.6922335729066423e-05,-0.00029910271896011376,0.0015651734006489173
2024-09-01,2024-10-01,lag_4,0.0061619317981485,-5.0421911763694835e-05,-0.00029910271896011376,0.0015651734006489173
2024-09-01,2024-10-01,lag_5,-0.0021335238777089,-0.00015015803425741327,-0.00029910271896011376,0.0015651734006489173
2024-09-01,2024-10-01,lag_6,0.0017186200476606,-2.278515100328309e-06,-0.00029910271896011376,0.0015651734006489173
2024-09-01,2024-10-01,lag_7,0.0106533450234573,0.00013936040430232469,-0.00029910271896011376,0.0015651734006489173
2024-09-01,2024-10-01,lag_8,-0.0138202848856545,-0.00032300403624627936,-0.00029910271896011376,0.0015651734006489173
2024-09-01,2024-10-01,lag_9,-0.0025890110606505,-0.00021363725866312589,-0.00029910271896011376,0.0015651734006489173
2024-09-01,2024-10-01,lag_10,0.0039238564884236,-3.7106252509850926e-05,-0.00029910271896011376,0.0015651734006489173
2024-09-01,2024-10-01,lag_11,-0.0054811790410731,0.00042407847515286333,-0.00029910271896011376,0.0015651734006489173
2024-09-01,2024-10-01,volatility_3m,0.007207100113924507,-2.3399201244624108e-07,-0.00029910271896011376,0.0015651734006489173
2024-10-01,2024-11-01,lag_0,-0.0034012836016454,-0.00066901192582665,-0.0017859086481863354,0.0015555081321913119
2024-10-01,2024-11-01,lag_1,-0.0062175807186557,-0.0012597921021051534,-0.0017859086481863354,0.0015555081321913119
2024-10-01,2024-11-01,lag_2,0.0045427723719839,0.00043170115722814407,-0.0017859086481863354,0.0015555081321913119
2024-10-01,2024-11-01,lag_3,-0.0091433043160034,-0.0009485251205790401,-0.0017859086481863354,0.0015555081321913119
2024-10-01,2024-11-01,lag_4,0.0003073003687008,4.8972408075293335e-06,-0.0017859086481863354,0.0015555081321913119
2024-10-01,2024-11-01,lag_5,0.0061619317981485,0.0002802647932679786,-0.0017859086481863354,0.0015555081321913119
2024-10-01,2024-11-01,lag_6,-0.0021335238777089,1.1859469127681515e-05,-0.0017859086481863354,0.0015555081321913119
2024-10-01,2024-11-01,lag_7,0.0017186200476606,1.439123021173221e-05,-0.0017859086481863354,0.0015555081321913119
2024-10-01,2024-11-01,lag_8,0.0106533450234573,0.0002361062078459122,-0.0017859086481863354,0.0015555081321913119
2024-10-01,2024-11-01,lag_9,-0.0138202848856545,-0.0009629077860964582,-0.0017859086481863354,0.0015555081321913119
2024-10-01,2024-11-01,lag_10,-0.0025890110606505,4.0666710769806747e-05,-0.0017859086481863354,0.0015555081321913119
2024-10-01,2024-11-01,lag_11,0.0039238564884236,-0.00022281691627014602,-0.0017859086481863354,0.0015555081321913119
2024-10-01,2024-11-01,volatility_3m,0.005580094882686033,-0.0002982497387589837,-0.0017859086481863354,0.0015555081321913119
2024-11-01,2024-12-01,lag_0,-0.0017810250127059,-0.0003977587110199653,0.00012415609550166218,0.0015457863008048072
2024-11-01,2024-12-01,lag_1,-0.0034012836016454,-0.000753271166286476,0.00012415609550166218,0.0015457863008048072
2024-11-01,2024-12-01,lag_2,-0.0062175807186557,-0.0008218614846323137,0.00012415609550166218,0.0015457863008048072
2024-11-01,2024-12-01,lag_3,0.0045427723719839,0.00035016853440469084,0.00012415609550166218,0.0015457863008048072
2024-11-01,2024-12-01,lag_4,-0.0091433043160034,9.907156965786684e-05,0.00012415609550166218,0.0015457863008048072
2024-11-01,2024-12-01,lag_5,0.0003073003687008,-2.604365714146519e-05,0.00012415609550166218,0.0015457863008048072
2024-11-01,2024-12-01,lag_6,0.0061619317981485,-2.11150759379604e-05,0.00012415609550166218,0.0015457863008048072
2024-11-01,2024-12-01,lag_7,-0.0021335238777089,-3.956029133042389e-05,0.00012415609550166218,0.0015457863008048072
2024-11-01,2024-12-01,lag_8,0.0017186200476606,2.432175502209749e-05,0.00012415609550166218,0.0015457863008048072
2024-11-01,2024-12-01,lag_9,0.0106533450234573,0.0006766080314388038,0.00012415609550166218,0.0015457863008048072
2024-11-01,2024-12-01,lag_10,-0.0138202848856545,0.00018080580413220502,0.00012415609550166218,0.0015457863008048072
2024-11-01,2024-12-01,lag_11,-0.0025890110606505,0.0002187052149536848,0.00012415609550166218,0.0015457863008048072
2024-11-01,2024-12-01,volatility_3m,0.0022449867808930963,-0.0009117007285638892,0.00012415609550166218,0.0015457863008048072
2024-12-01,2025-01-01,lag_0,0.0103678018845609,0.0015028302475188374,0.0018582448308585818,0.0015537288081483734
2024-12-01,2025-01-01,lag_1,-0.0017810250127059,-0.0004495540498463623,0.0018582448308585818,0.0015537288081483734
2024-12-01,2025-01-01,lag_2,-0.0034012836016454,-0.0005014260633966696,0.0018582448308585818,0.0015537288081483734
2024-12-01,2025-01-01,lag_3,-0.0062175807186557,-0.0006737589384564327,0.0018582448308585818,0.0015537288081483734
2024-12-01,2025-01-01,lag_4,0.0045427723719839,-4.2140613295366606e-05,0.0018582448308585818,0.0015537288081483734
2024-12-01,2025-01-01,lag_5,-0.0091433043160034,-0.000518968724486258,0.0018582448308585818,0.0015537288081483734
2024-12-01,2025-01-01,lag_6,0.0003073003687008,-7.576399787166282e-08,0.0018582448308585818,0.0015537288081483734
2024-12-01,2025-01-01,lag_7,0.0061619317981485,7.18471597286544e-05,0.0018582448308585818,0.0015537288081483734
2024-12-01,2025-01-01,lag_8,-0.0021335238777089,-6.044287302872154e-05,0.0018582448308585818,0.0015537288081483734
2024-12-01,2025-01-01,lag_9,0.0017186200476606,6.888373152599124e-05,0.0018582448308585818,0.0015537288081483734
2024-12-01,2025-01-01,lag_10,0.0106533450234573,-0.0001542886693065543,0.0018582448308585818,0.0015537288081483734
2024-12-01,2025-01-01,lag_11,-0.0138202848856545,0.0010077194188267908,0.0018582448308585818,0.0015537288081483734
2024-12-01,2025-01-01,volatility_3m,0.007525589102092964,5.3891160924170964e-05,0.0018582448308585818,0.0015537288081483734
2025-01-01,2025-02-01,lag_0,-0.0026208646085175,-0.0005072831446430408,0.001606832136655695,0.0015231008539027765
2025-01-01,2025-02-01,lag_1,0.0103678018845609,0.001784948350585006,0.001606832136655695,0.0015231008539027765
2025-01-01,2025-02-01,lag_2,-0.0017810250127059,-0.0003183941726191957,0.001606832136655695,0.0015231008539027765
2025-01-01,2025-02-01,lag_3,-0.0034012836016454,-0.00044358515126971597,0.001606832136655695,0.0015231008539027765
2025-01-01,2025-02-01,lag_4,-0.0062175807186557,0.0001238877945304231,0.001606832136655695,0.0015231008539027765
2025-01-01,2025-02-01,lag_5,0.0045427723719839,0.00020247657241924313,0.001606832136655695,0.0015231008539027765
2025-01-01,2025-02-01,lag_6,-0.0091433043160034,-4.251531744548186e-05,0.001606832136655695,0.0015231008539027765
2025-01-01,2025-02-01,lag_7,0.0003073003687008,-3.5095521390885716e-06,0.001606832136655695,0.0015231008539027765
2025-01-01,2025-02-01,lag_8,0.0061619317981485,0.00012169857133880007,0.001606832136655695,0.0015231008539027765
2025-01-01,2025-02-01,lag_9,-0.0021335238777089,-0.0001745845283536221,0.001606832136655695,0.0015231008539027765
2025-01-01,2025-02-01,lag_10,0.0017186200476606,-1.6793221133642966e-05,0.001606832136655695,0.0015231008539027765
2025-01-01,2025-02-01,lag_11,0.0106533450234573,-0.0006413836473091966,0.001606832136655695,0.0015231008539027765
2025-01-01,2025-02-01,volatility_3m,0.0072687089958128484,-1.2312712075693597e-06,0.001606832136655695,0.0015231008539027765
2025-02-01,2025-03-01,lag_0,0.0102862253908435,0.0014360566475078058,0.0031615840925795138,0.0015266606907723451
2025-02-01,2025-03-01,lag_1,-0.0026208646085175,-0.0006379058654811465,0.0031615840925795138,0.0015266606907723451
2025-02-01,2025-03-01,lag_2,0.0103678018845609,0.0011834764030920545,0.0031615840925795138,0.0015266606907723451
2025-02-01,2025-03-01,lag_3,-0.0017810250127059,-0.00025423818126613025,0.0031615840925795138,0.0015266606907723451
2025-02-01,2025-03-01,lag_4,-0.0034012836016454,6.915986279452608e-05,0.0031615840925795138,0.0015266606907723451
2025-02-01,2025-03-01,lag_5,-0.0062175807186557,-0.0003831912877326529,0.0031615840925795138,0.0015266606907723451
2025-02-01,2025-03-01,lag_6,0.0045427723719839,-7.039770467036481e-06,0.0031615840925795138,0.0015266606907723451
2025-02-01,2025-03-01,lag_7,-0.0091433043160034,-9.859419367984919e-05,0.0031615840925795138,0.0015266606907723451
2025-02-01,2025-03-01,lag_8,0.0003073003687008,-1.2316499733489428e-05,0.0031615840925795138,0.0015266606907723451
2025-02-01,2025-03-01,lag_9,0.0061619317981485,0.00033649991201012674,0.0031615840925795138,0.0015266606907723451
2025-02-01,2025-03-01,lag_10,-0.0021335238777089,4.1758565392451955e-05,0.0031615840925795138,0.0015266606907723451
2025-02-01,2025-03-01,lag_11,0.0017186200476606,-6.467757938899809e-05,0.0031615840925795138,0.0015266606907723451
2025-02-01,2025-03-01,volatility_3m,0.007475572266214245,2.593538875950665e-05,0.0031615840925795138,0.0015266606907723451
2025-03-01,2025-04-01,lag_0,-0.0005827653020853,-0.00022915375515286963,0.0032500181819368366,0.0015691067085432755
2025-03-01,2025-04-01,lag_1,0.0102862253908435,0.0017445399873595735,0.0032500181819368366,0.0015691067085432755
2025-03-01,2025-04-01,lag_2,-0.0026208646085175,-0.00040844998758096174,0.0032500181819368366,0.0015691067085432755
2025-03-01,2025-04-01,lag_3,0.0103678018845609,0.0009495809876332965,0.0032500181819368366,0.0015691067085432755
2025-03-01,2025-04-01,lag_4,-0.0017810250127059,3.513059271461107e-05,0.0032500181819368366,0.0015691067085432755
2025-03-01,2025-04-01,lag_5,-0.0034012836016454,-0.00023250298674311592,0.0032500181819368366,0.0015691067085432755
2025-03-01,2025-04-01,lag_6,-0.0062175807186557,3.661992634632066e-05,0.0032500181819368366,0.0015691067085432755
2025-03-01,2025-04-01,lag_7,0.0045427723719839,4.325882576729814e-05,0.0032500181819368366,0.0015691067085432755
2025-03-01,2025-04-01,lag_8,-0.0091433043160034,-0.00025268097840848295,0.0032500181819368366,0.0015691067085432755
2025-03-01,2025-04-01,lag_9,0.0003073003687008,-3.25543275061922e-05,0.0032500181819368366,0.0015691067085432755
2025-03-01,2025-04-01,lag_10,0.0061619317981485,-7.047808875473753e-05,0.0032500181819368366,0.0015691067085432755
2025-03-01,2025-04-01,lag_11,-0.0021335238777089,0.00018249094172130093,0.0032500181819368366,0.0015691067085432755
2025-03-01,2025-04-01,volatility_3m,0.006938801285974605,-8.48896640024795e-05,0.0032500181819368366,0.0015691067085432755
2025-04-01,2025-05-01,lag_0,0.0008656154843622,-1.2628464028198561e-05,0.0006019341441455507,0.0015969937573833371
2025-04-01,2025-05-01,lag_1,-0.0005827653020853,-0.0002800023095483598,0.0006019341441455507,0.0015969937573833371
2025-04-01,2025-05-01,lag_2,0.0102862253908435,0.0011558684134111488,0.0006019341441455507,0.0015969937573833371
2025-04-01,2025-05-01,lag_3,-0.0026208646085175,-0.0003442189402060011,0.0006019341441455507,0.0015969937573833371
2025-04-01,2025-05-01,lag_4,0.0103678018845609,-0.000152967981258728,0.0006019341441455507,0.0015969937573833371
2025-04-01,2025-05-01,lag_5,-0.0017810250127059,-0.0001409670113824505,0.0006019341441455507,0.0015969937573833371
2025-04-01,2025-05-01,lag_6,-0.0034012836016454,9.009580763085355e-06,0.0006019341441455507,0.0015969937573833371
2025-04-01,2025-05-01,lag_7,-0.0062175807186557,-7.292850437139196e-05,0.0006019341441455507,0.0015969937573833371
2025-04-01,2025-05-01,lag_8,0.0045427723719839,9.313923378089422e-05,0.0006019341441455507,0.0015969937573833371
2025-04-01,2025-05-01,lag_9,-0.0091433043160034,-0.0006261554171422069,0.0006019341441455507,0.0015969937573833371
2025-04-01,2025-05-01,lag_10,0.0003073003687008,7.081306368894535e-06,0.0006019341441455507,0.0015969937573833371
2025-04-01,2025-05-01,lag_11,0.0061619317981485,-0.0003447937429964233,0.0006019341441455507,0.0015969937573833371
2025-04-01,2025-05-01,volatility_3m,0.005901703943150893,-0.0002854957766280491,0.0006019341441455507,0.0015969937573833371
2025-05-01,2025-06-01,lag_0,-0.0016071780172621,-0.0003747062948444866,0.0016032509068915392,0.001616666190290006
2025-05-01,2025-06-01,lag_1,0.0008656154843622,-1.5642694387411046e-05,0.0016032509068915392,0.001616666190290006
2025-05-01,2025-06-01,lag_2,-0.0005827653020853,-0.0001808450435341298,0.0016032509068915392,0.001616666190290006
2025-05-01,2025-06-01,lag_3,0.0102862253908435,0.0009546903926157783,0.0016032509068915392,0.001616666190290006
2025-05-01,2025-06-01,lag_4,-0.0026208646085175,5.7830040571276834e-05,0.0016032509068915392,0.001616666190290006
2025-05-01,2025-06-01,lag_5,0.0103678018845609,0.0005524254887250465,0.0016032509068915392,0.001616666190290006
2025-05-01,2025-06-01,lag_6,-0.0017810250127059,5.5109301097193985e-06,0.0016032509068915392,0.001616666190290006
2025-05-01,2025-06-01,lag_7,-0.0034012836016454,-4.5902051337131895e-05,0.0016032509068915392,0.001616666190290006
2025-05-01,2025-06-01,lag_8,-0.0062175807186557,-0.00018649691676579896,0.0016032509068915392,0.001616666190290006
2025-05-01,2025-06-01,lag_9,0.0045427723719839,0.00023780055505232575,0.0016032509068915392,0.001616666190290006
2025-05-01,2025-06-01,lag_10,-0.0091433043160034,0.00012661397189579646,0.0016032509068915392,0.001616666190290006
2025-05-01,2025-06-01,lag_11,0.0003073003687008,3.2314993170475104e-05,0.0016032509068915392,0.001616666190290006
2025-05-01,2025-06-01,volatility_3m,0.0012424395367744293,-0.0011770086546699266,0.0016032509068915392,0.001616666190290006
2025-06-01,2025-07-01,lag_0,0.0050680790544692,0.000622015221157006,0.00047752580238882305,0.0016142248628017938
2025-06-01,2025-07-01,lag_1,-0.0016071780172621,-0.000463767944583062,0.00047752580238882305,0.0016142248628017938
2025-06-01,2025-07-01,lag_2,0.0008656154843622,-1.0443792201528838e-05,0.00047752580238882305,0.0016142248628017938
2025-06-01,2025-07-01,lag_3,-0.0005827653020853,-0.00014946935106690816,0.00047752580238882305,0.0016142248628017938
2025-06-01,2025-07-01,lag_4,0.0102862253908435,-0.00016382644411556306,0.00047752580238882305,0.0016142248628017938
2025-06-01,2025-07-01,lag_5,-0.0026208646085175,-0.00019869758215667927,0.00047752580238882305,0.0016142248628017938
2025-06-01,2025-07-01,lag_6,0.0103678018845609,-3.099636510952617e-05,0.00047752580238882305,0.0016142248628017938
2025-06-01,2025-07-01,lag_7,-0.0017810250127059,-2.7012170631332704e-05,0.00047752580238882305,0.0016142248628017938
2025-06-01,2025-07-01,lag_8,-0.0034012836016454,-0.00010367630817196953,0.00047752580238882305,0.0016142248628017938
2025-06-01,2025-07-01,lag_9,-0.0062175807186557,-0.00046075018399900473,0.00047752580238882305,0.0016142248628017938
2025-06-01,2025-07-01,lag_10,0.0045427723719839,-5.363023072808698e-05,0.00047752580238882305,0.0016142248628017938
2025-06-01,2025-07-01,lag_11,-0.0091433043160034,0.0006551092447258625,0.00047752580238882305,0.0016142248628017938
2025-06-01,2025-07-01,volatility_3m,0.003374770726371659,-0.0007515531535321773,0.00047752580238882305,0.0016142248628017938
2025-07-01,2025-08-01,lag_0,0.0038878389663921,0.0004357765376162138,0.002013405447430652,0.0016257538412797693
2025-07-01,2025-08-01,lag_1,0.0050680790544692,0.0007662741051497491,0.002013405447430652,0.0016257538412797693
2025-07-01,2025-08-01,lag_2,-0.0016071780172621,-0.0003052293417451406,0.002013405447430652,0.0016257538412797693
2025-07-01,2025-08-01,lag_3,0.0008656154843622,-8.560668976684682e-06,0.002013405447430652,0.0016257538412797693
2025-07-01,2025-08-01,lag_4,-0.0005827653020853,2.0988101676184494e-05,0.002013405447430652,0.0016257538412797693
2025-07-01,2025-08-01,lag_5,0.0102862253908435,0.0005351450370211806,0.002013405447430652,0.0016257538412797693
2025-07-01,2025-08-01,lag_6,-0.0026208646085175,2.2717519428445795e-06,0.002013405447430652,0.0016257538412797693
2025-07-01,2025-08-01,lag_7,0.0103678018845609,0.00010375059685824007,0.002013405447430652,0.0016257538412797693
2025-07-01,2025-08-01,lag_8,-0.0017810250127059,-5.504030242522432e-05,0.002013405447430652,0.0016257538412797693
2025-07-01,2025-08-01,lag_9,-0.0034012836016454,-0.000270344518274807,0.002013405447430652,0.0016257538412797693
2025-07-01,2025-08-01,lag_10,-0.0062175807186557,0.00011459802519422228,0.002013405447430652,0.0016257538412797693
2025-07-01,2025-08-01,lag_11,0.0045427723719839,-0.0002488444364434599,0.002013405447430652,0.0016257538412797693
2025-07-01,2025-08-01,volatility_3m,0.003562471878014175,-0.0007031332814424358,0.002013405447430652,0.0016257538412797693
2025-08-01,2025-09-01,lag_0,-0.0026725565936223,-0.0005446564249956755,0.0017709134500652184,0.0016396960392440559
2025-08-01,2025-09-01,lag_1,0.0038878389663921,0.00052652026345819,0.0017709134500652184,0.0016396960392440559
2025-08-01,2025-09-01,lag_2,0.0050680790544692,0.0005045483255105729,0.0017709134500652184,0.0016396960392440559
2025-08-01,2025-09-01,lag_3,-0.0016071780172621,-0.00025369982706831365,0.0017709134500652184,0.0016396960392440559
2025-08-01,2025-09-01,lag_4,0.0008656154843622,1.1621939897626447e-06,0.0017709134500652184,0.0016396960392440559
2025-08-01,2025-09-01,lag_5,-0.0005827653020853,-8.448874375754501e-05,0.0017709134500652184,0.0016396960392440559
2025-08-01,2025-09-01,lag_6,0.0102862253908435,1.8482149639120397e-05,0.0017709134500652184,0.0016396960392440559
2025-08-01,2025-09-01,lag_7,-0.0026208646085175,-3.647617383301574e-05,0.0017709134500652184,0.0016396960392440559
2025-08-01,2025-09-01,lag_8,0.0103678018845609,0.0002168801916244379,0.0017709134500652184,0.0016396960392440559
2025-08-01,2025-09-01,lag_9,-0.0017810250127059,-0.00016049200291011644,0.0017709134500652184,0.0016396960392440559
2025-08-01,2025-09-01,lag_10,-0.0034012836016454,6.742121104924807e-05,0.0017709134500652184,0.0016396960392440559
2025-08-01,2025-09-01,lag_11,-0.0062175807186557,0.0004742714432968933,0.0017709134500652184,0.0016396960392440559
2025-08-01,2025-09-01,volatility_3m,0.004170315671622189,-0.0005982551951823961,0.0017709134500652184,0.0016396960392440559
