origin_date,forecast_date,feature,feature_value,shap_value,prediction,base_value
1976-06-01,1976-07-01,lag_0,0.0010263728636865,-0.0021741041660292963,-0.005035532816366193,0.0015318370540310315
1976-06-01,1976-07-01,lag_1,0.0042418145250855,0.0010978772376223458,-0.005035532816366193,0.0015318370540310315
1976-06-01,1976-07-01,lag_2,0.0049490355971983,-0.0002131823625859397,-0.005035532816366193,0.0015318370540310315
1976-06-01,1976-07-01,lag_3,0.002160118714749,-0.001347871150094513,-0.005035532816366193,0.0015318370540310315
1976-06-01,1976-07-01,lag_4,0.0097589294368396,9.90816451204327e-06,-0.005035532816366193,0.0015318370540310315
1976-06-01,1976-07-01,lag_5,0.0131037213318072,-0.0009737864480815584,-0.005035532816366193,0.0015318370540310315
1976-06-01,1976-07-01,lag_6,0.0135618859783548,-0.0013341135572773055,-0.005035532816366193,0.0015318370540310315
1976-06-01,1976-07-01,lag_7,0.00134316107532,-0.0020187520792040396,-0.005035532816366193,0.0015318370540310315
1976-06-01,1976-07-01,lag_8,0.0043885842792676,0.000711662575668015,-0.005035532816366193,0.0015318370540310315
1976-06-01,1976-07-01,lag_9,0.0128274143058635,0.00019364549734746106,-0.005035532816366193,0.0015318370540310315
1976-06-01,1976-07-01,lag_10,0.0097899049851579,-0.00035294109728635124,-0.005035532816366193,0.0015318370540310315
1976-06-01,1976-07-01,lag_11,0.0104277982971066,-0.00010791155074746877,-0.005035532816366193,0.0015318370540310315
1976-06-01,1976-07-01,volatility_3m,0.0020907139786678543,-5.780090131421193e-05,-0.005035532816366193,0.0015318370540310315
1976-07-01,1976-08-01,lag_0,0.0056794493189409,0.0036055931325719346,0.008954207739993631,0.001578703711492608
1976-07-01,1976-08-01,lag_1,0.0010263728636865,0.002275068597872009,0.008954207739993631,0.001578703711492608
1976-07-01,1976-08-01,lag_2,0.0042418145250855,0.00022623672678522515,0.008954207739993631,0.001578703711492608
1976-07-01,1976-08-01,lag_3,0.0049490355971983,0.000208352555081332,0.008954207739993631,0.001578703711492608
1976-07-01,1976-08-01,lag_4,0.002160118714749,-0.0009440683790487812,0.008954207739993631,0.001578703711492608
1976-07-01,1976-08-01,lag_5,0.0097589294368396,-0.0010729058645829151,0.008954207739993631,0.001578703711492608
1976-07-01,1976-08-01,lag_6,0.0131037213318072,-0.0004967135426933679,0.008954207739993631,0.001578703711492608
1976-07-01,1976-08-01,lag_7,0.0135618859783548,0.001390876120372984,0.008954207739993631,0.001578703711492608
1976-07-01,1976-08-01,lag_8,0.00134316107532,0.0002396802605637297,0.008954207739993631,0.001578703711492608
1976-07-01,1976-08-01,lag_9,0.0043885842792676,0.0009482066996272633,0.008954207739993631,0.001578703711492608
1976-07-01,1976-08-01,lag_10,0.0128274143058635,-0.00014709123132980608,0.008954207739993631,0.001578703711492608
1976-07-01,1976-08-01,lag_11,0.0097899049851579,0.0007462328362175305,0.008954207739993631,0.001578703711492608
1976-07-01,1976-08-01,volatility_3m,0.002382469985008796,0.00039603606314761984,0.008954207739993631,0.001578703711492608
1976-08-01,1976-09-01,lag_0,0.006854351585718,0.0023036594552751114,0.0075933353612396455,0.0016375833679951603
1976-08-01,1976-09-01,lag_1,0.0056794493189409,0.0013456169505338443,0.0075933353612396455,0.0016375833679951603
1976-08-01,1976-09-01,lag_2,0.0010263728636865,-9.249247838549006e-05,0.0075933353612396455,0.0016375833679951603
1976-08-01,1976-09-01,lag_3,0.0042418145250855,-1.164480220015523e-05,0.0075933353612396455,0.0016375833679951603
1976-08-01,1976-09-01,lag_4,0.0049490355971983,0.0010597484477329999,0.0075933353612396455,0.0016375833679951603
1976-08-01,1976-09-01,lag_5,0.002160118714749,-7.486149289535307e-05,0.0075933353612396455,0.0016375833679951603
1976-08-01,1976-09-01,lag_6,0.0097589294368396,-0.0006017846649532051,0.0075933353612396455,0.0016375833679951603
1976-08-01,1976-09-01,lag_7,0.0131037213318072,0.0015776441409899335,0.0075933353612396455,0.0016375833679951603
1976-08-01,1976-09-01,lag_8,0.0135618859783548,0.000724537720169691,0.0075933353612396455,0.0016375833679951603
1976-08-01,1976-09-01,lag_9,0.00134316107532,0.0008508472697738196,0.0075933353612396455,0.0016375833679951603
1976-08-01,1976-09-01,lag_10,0.0043885842792676,-0.0006895767676825118,0.0075933353612396455,0.0016375833679951603
1976-08-01,1976-09-01,lag_11,0.0128274143058635,0.00018895994855685987,0.0075933353612396455,0.0016375833679951603
1976-08-01,1976-09-01,volatility_3m,0.0030821218832532875,-0.0006249017015054253,0.0075933353612396455,0.0016375833679951603
1976-09-01,1976-10-01,lag_0,0.0034510513529513,-0.00029140579415700183,0.0037515867249230516,0.0016577700470864103
1976-09-01,1976-10-01,lag_1,0.006854351585718,0.000966516173430936,0.0037515867249230516,0.0016577700470864103
1976-09-01,1976-10-01,lag_2,0.0056794493189409,0.0003240081858386255,0.0037515867249230516,0.0016577700470864103
1976-09-01,1976-10-01,lag_3,0.0010263728636865,-0.0007981912651183059,0.0037515867249230516,0.0016577700470864103
1976-09-01,1976-10-01,lag_4,0.0042418145250855,0.0014132952994739274,0.0037515867249230516,0.0016577700470864103
1976-09-01,1976-10-01,lag_5,0.0049490355971983,0.00036241195582308814,0.0037515867249230516,0.0016577700470864103
1976-09-01,1976-10-01,lag_6,0.002160118714749,-0.0013478257645616835,0.0037515867249230516,0.0016577700470864103
1976-09-01,1976-10-01,lag_7,0.0097589294368396,0.0011029263667216662,0.0037515867249230516,0.0016577700470864103
1976-09-01,1976-10-01,lag_8,0.0131037213318072,0.0005573394613508084,0.0037515867249230516,0.0016577700470864103
1976-09-01,1976-10-01,lag_9,0.0135618859783548,-0.00019664958869055897,0.0037515867249230516,0.0016577700470864103
1976-09-01,1976-10-01,lag_10,0.00134316107532,1.5156972989603713e-05,0.0037515867249230516,0.0016577700470864103
1976-09-01,1976-10-01,lag_11,0.0043885842792676,-9.958296996646224e-05,0.0037515867249230516,0.0016577700470864103
1976-09-01,1976-10-01,volatility_3m,0.0017286124158630062,8.581751375619046e-05,0.0037515867249230516,0.0016577700470864103
1976-10-01,1976-11-01,lag_0,-0.0003044869306836,-0.0008229280165323871,-0.0018984757267055201,0.0016366968166293997
1976-10-01,1976-11-01,lag_1,0.0034510513529513,0.002046421780228822,-0.0018984757267055201,0.0016366968166293997
1976-10-01,1976-11-01,lag_2,0.006854351585718,-6.694809887804972e-05,-0.0018984757267055201,0.0016366968166293997
1976-10-01,1976-11-01,lag_3,0.0056794493189409,0.0004946718246450789,-0.0018984757267055201,0.0016366968166293997
1976-10-01,1976-11-01,lag_4,0.0010263728636865,-0.002414545389792297,-0.0018984757267055201,0.0016366968166293997
1976-10-01,1976-11-01,lag_5,0.0042418145250855,0.0006184060611422351,-0.0018984757267055201,0.0016366968166293997
1976-10-01,1976-11-01,lag_6,0.0049490355971983,-0.0012064869304436877,-0.0018984757267055201,0.0016366968166293997
1976-10-01,1976-11-01,lag_7,0.002160118714749,-0.00039399983210308204,-0.0018984757267055201,0.0016366968166293997
1976-10-01,1976-11-01,lag_8,0.0097589294368396,0.0002614105420118152,-0.0018984757267055201,0.0016366968166293997
1976-10-01,1976-11-01,lag_9,0.0131037213318072,-0.000412335156555776,-0.0018984757267055201,0.0016366968166293997
1976-10-01,1976-11-01,lag_10,0.0135618859783548,-0.00010883429270151005,-0.0018984757267055201,0.0016366968166293997
1976-10-01,1976-11-01,lag_11,0.00134316107532,-0.001533414646038854,-0.0018984757267055201,0.0016366968166293997
1976-10-01,1976-11-01,volatility_3m,0.0035808632380594186,3.4095353879345804e-06,-0.0018984757267055201,0.0016366968166293997
1976-11-01,1976-12-01,lag_0,0.0151273417142681,0.004017637471915023,0.0078049828007814605,0.0017820104062552648
1976-11-01,1976-12-01,lag_1,-0.0003044869306836,-0.002023231487465216,0.0078049828007814605,0.0017820104062552648
1976-11-01,1976-12-01,lag_2,0.0034510513529513,0.00027592305598783017,0.0078049828007814605,0.0017820104062552648
1976-11-01,1976-12-01,lag_3,0.006854351585718,0.0007441987795817856,0.0078049828007814605,0.0017820104062552648
1976-11-01,1976-12-01,lag_4,0.0056794493189409,0.0012402051647230658,0.0078049828007814605,0.0017820104062552648
1976-11-01,1976-12-01,lag_5,0.0010263728636865,1.738863741798747e-06,0.0078049828007814605,0.0017820104062552648
1976-11-01,1976-12-01,lag_6,0.0042418145250855,-5.7962337685298295e-05,0.0078049828007814605,0.0017820104062552648
1976-11-01,1976-12-01,lag_7,0.0049490355971983,0.0005915557542535406,0.0078049828007814605,0.0017820104062552648
1976-11-01,1976-12-01,lag_8,0.002160118714749,0.0004049638867996613,0.0078049828007814605,0.0017820104062552648
1976-11-01,1976-12-01,lag_9,0.0097589294368396,0.0004049646998683657,0.0078049828007814605,0.0017820104062552648
1976-11-01,1976-12-01,lag_10,0.0131037213318072,0.0004642613851609239,0.0078049828007814605,0.0017820104062552648
1976-11-01,1976-12-01,lag_11,0.0135618859783548,-0.00016327709423050144,0.0078049828007814605,0.0017820104062552648
1976-11-01,1976-12-01,volatility_3m,0.008047578929185046,0.00012199432063836514,0.0078049828007814605,0.0017820104062552648
1976-12-01,1977-01-01,lag_0,0.0107538061144394,0.004448686832744143,0.006455481105403394,0.0018777052670168153
1976-12-01,1977-01-01,lag_1,0.0151273417142681,0.0002417786425676821,0.006455481105403394,0.0018777052670168153
1976-12-01,1977-01-01,lag_2,-0.0003044869306836,-0.00014603772526359225,0.006455481105403394,0.0018777052670168153
1976-12-01,1977-01-01,lag_3,0.0034510513529513,5.3201363040530615e-05,0.006455481105403394,0.0018777052670168153
1976-12-01,1977-01-01,lag_4,0.006854351585718,0.0005632063055484051,0.006455481105403394,0.0018777052670168153
1976-12-01,1977-01-01,lag_5,0.0056794493189409,-0.00038806434887637227,0.006455481105403394,0.0018777052670168153
1976-12-01,1977-01-01,lag_6,0.0010263728636865,-0.0013660663408177726,0.006455481105403394,0.0018777052670168153
1976-12-01,1977-01-01,lag_7,0.0042418145250855,0.0002246296012828602,0.006455481105403394,0.0018777052670168153
1976-12-01,1977-01-01,lag_8,0.0049490355971983,6.080381919015595e-05,0.006455481105403394,0.0018777052670168153
1976-12-01,1977-01-01,lag_9,0.002160118714749,0.00043028162373106015,0.006455481105403394,0.0018777052670168153
1976-12-01,1977-01-01,lag_10,0.0097589294368396,0.0003474909701369742,0.006455481105403394,0.0018777052670168153
1976-12-01,1977-01-01,lag_11,0.0131037213318072,9.406677565222824e-05,0.006455481105403394,0.0018777052670168153
1976-12-01,1977-01-01,volatility_3m,0.007953563080384545,1.3798411794383317e-05,0.006455481105403394,0.0018777052670168153
1977-01-01,1977-02-01,lag_0,-0.0070222901040648,-0.004199438926987473,-0.004157462063390614,0.0017842686829219704
1977-01-01,1977-02-01,lag_1,0.0107538061144394,0.00046820418409831624,-0.004157462063390614,0.0017842686829219704
1977-01-01,1977-02-01,lag_2,0.0151273417142681,0.00020400083273048756,-0.004157462063390614,0.0017842686829219704
1977-01-01,1977-02-01,lag_3,-0.0003044869306836,-0.0018622731707230405,-0.004157462063390614,0.0017842686829219704
1977-01-01,1977-02-01,lag_4,0.0034510513529513,0.0011026393820142593,-0.004157462063390614,0.0017842686829219704
1977-01-01,1977-02-01,lag_5,0.006854351585718,-0.0010420010487187507,-0.004157462063390614,0.0017842686829219704
1977-01-01,1977-02-01,lag_6,0.0056794493189409,-0.0003622314955512258,-0.004157462063390614,0.0017842686829219704
1977-01-01,1977-02-01,lag_7,0.0010263728636865,-0.0006281332447542809,-0.004157462063390614,0.0017842686829219704
1977-01-01,1977-02-01,lag_8,0.0042418145250855,-8.427194100620813e-05,-0.004157462063390614,0.0017842686829219704
1977-01-01,1977-02-01,lag_9,0.0049490355971983,0.0006074742390314656,-0.004157462063390614,0.0017842686829219704
1977-01-01,1977-02-01,lag_10,0.002160118714749,0.00018951000050659977,-0.004157462063390614,0.0017842686829219704
1977-01-01,1977-02-01,lag_11,0.0097589294368396,-0.0004115668859173495,-0.004157462063390614,0.0017842686829219704
1977-01-01,1977-02-01,volatility_3m,0.011731180674454679,7.635731201030706e-05,-0.004157462063390614,0.0017842686829219704
1977-02-01,1977-03-01,lag_0,0.0156756690486763,0.004228838421189114,0.006379696041483045,0.0019292157683027016
1977-02-01,1977-03-01,lag_1,-0.0070222901040648,-0.0009976722948294992,0.006379696041483045,0.0019292157683027016
1977-02-01,1977-03-01,lag_2,0.0107538061144394,0.0014752548922463877,0.006379696041483045,0.0019292157683027016
1977-02-01,1977-03-01,lag_3,0.0151273417142681,0.0012101775409216013,0.006379696041483045,0.0019292157683027016
1977-02-01,1977-03-01,lag_4,-0.0003044869306836,-0.0006210827216553602,0.006379696041483045,0.0019292157683027016
1977-02-01,1977-03-01,lag_5,0.0034510513529513,2.2910526240593754e-06,0.006379696041483045,0.0019292157683027016
1977-02-01,1977-03-01,lag_6,0.006854351585718,-0.0006665002729278058,0.006379696041483045,0.0019292157683027016
1977-02-01,1977-03-01,lag_7,0.0056794493189409,0.0006637389046015111,0.006379696041483045,0.0019292157683027016
1977-02-01,1977-03-01,lag_8,0.0010263728636865,-0.0007734382108613621,0.006379696041483045,0.0019292157683027016
1977-02-01,1977-03-01,lag_9,0.0042418145250855,0.0006747960308075562,0.006379696041483045,0.0019292157683027016
1977-02-01,1977-03-01,lag_10,0.0049490355971983,-0.001103384370784018,0.006379696041483045,0.0019292157683027016
1977-02-01,1977-03-01,lag_11,0.002160118714749,-0.0003519562501992368,0.006379696041483045,0.0019292157683027016
1977-02-01,1977-03-01,volatility_3m,0.011940209945198045,0.0007094176093763357,0.006379696041483045,0.0019292157683027016
1977-03-01,1977-04-01,lag_0,0.0126992384400579,0.0037256879263576096,0.0027280903616971925,0.002040489393351411
1977-03-01,1977-04-01,lag_1,0.0156756690486763,0.00044596708112200676,0.0027280903616971925,0.002040489393351411
1977-03-01,1977-04-01,lag_2,-0.0070222901040648,-0.0009302952721836189,0.0027280903616971925,0.002040489393351411
1977-03-01,1977-04-01,lag_3,0.0107538061144394,0.0007229935794966127,0.0027280903616971925,0.002040489393351411
1977-03-01,1977-04-01,lag_4,0.0151273417142681,-0.0010772147544446046,0.0027280903616971925,0.002040489393351411
1977-03-01,1977-04-01,lag_5,-0.0003044869306836,-0.0001148111371070833,0.0027280903616971925,0.002040489393351411
1977-03-01,1977-04-01,lag_6,0.0034510513529513,-0.0008118897400056516,0.0027280903616971925,0.002040489393351411
1977-03-01,1977-04-01,lag_7,0.006854351585718,7.519651048777135e-05,0.0027280903616971925,0.002040489393351411
1977-03-01,1977-04-01,lag_8,0.0056794493189409,3.2643641368606003e-05,0.0027280903616971925,0.002040489393351411
1977-03-01,1977-04-01,lag_9,0.0010263728636865,-0.00013345183856238027,0.0027280903616971925,0.002040489393351411
1977-03-01,1977-04-01,lag_10,0.0042418145250855,-0.00030807286789568777,0.0027280903616971925,0.002040489393351411
1977-03-01,1977-04-01,lag_11,0.0049490355971983,-0.00040157083467701595,0.0027280903616971925,0.002040489393351411
1977-03-01,1977-04-01,volatility_3m,0.012335552797936475,-0.000537581223079073,0.0027280903616971925,0.002040489393351411
1977-04-01,1977-05-01,lag_0,0.0095635721668867,0.004200635512127204,0.00790944982315185,0.0021174955578560782
1977-04-01,1977-05-01,lag_1,0.0126992384400579,0.0007537133168792638,0.00790944982315185,0.0021174955578560782
1977-04-01,1977-05-01,lag_2,0.0156756690486763,0.0011863711951802395,0.00790944982315185,0.0021174955578560782
1977-04-01,1977-05-01,lag_3,-0.0070222901040648,-0.0004806225113832031,0.00790944982315185,0.0021174955578560782
1977-04-01,1977-05-01,lag_4,0.0107538061144394,-0.00016296018311921364,0.00790944982315185,0.0021174955578560782
1977-04-01,1977-05-01,lag_5,0.0151273417142681,-0.000816492964485387,0.00790944982315185,0.0021174955578560782
1977-04-01,1977-05-01,lag_6,-0.0003044869306836,0.0007154649901334482,0.00790944982315185,0.0021174955578560782
1977-04-01,1977-05-01,lag_7,0.0034510513529513,-0.00028475724892424684,0.00790944982315185,0.0021174955578560782
1977-04-01,1977-05-01,lag_8,0.006854351585718,0.00023480010409281132,0.00790944982315185,0.0021174955578560782
1977-04-01,1977-05-01,lag_9,0.0056794493189409,0.0009077131997363889,0.00790944982315185,0.0021174955578560782
1977-04-01,1977-05-01,lag_10,0.0010263728636865,-2.3426666042983664e-05,0.00790944982315185,0.0021174955578560782
1977-04-01,1977-05-01,lag_11,0.0042418145250855,-0.0005713085236641987,0.00790944982315185,0.0021174955578560782
1977-04-01,1977-05-01,volatility_3m,0.0030563941291715524,0.00013282400787105946,0.00790944982315185,0.0021174955578560782
1977-05-01,1977-06-01,lag_0,0.0078538379353396,0.0037941117770602397,0.010061006664094011,0.002175675980110797
1977-05-01,1977-06-01,lag_1,0.0095635721668867,0.0005494938500259645,0.010061006664094011,0.002175675980110797
1977-05-01,1977-06-01,lag_2,0.0126992384400579,0.0005814885727445609,0.010061006664094011,0.002175675980110797
1977-05-01,1977-06-01,lag_3,0.0156756690486763,0.0017596629399434672,0.010061006664094011,0.002175675980110797
1977-05-01,1977-06-01,lag_4,-0.0070222901040648,0.0018772539532059308,0.010061006664094011,0.002175675980110797
1977-05-01,1977-06-01,lag_5,0.0107538061144394,-0.0008519081087374937,0.010061006664094011,0.002175675980110797
1977-05-01,1977-06-01,lag_6,0.0151273417142681,-0.0007658505897100009,0.010061006664094011,0.002175675980110797
1977-05-01,1977-06-01,lag_7,-0.0003044869306836,-0.0007971081468353114,0.010061006664094011,0.002175675980110797
1977-05-01,1977-06-01,lag_8,0.0034510513529513,0.0006518200577255526,0.010061006664094011,0.002175675980110797
1977-05-01,1977-06-01,lag_9,0.006854351585718,0.0013731001771050458,0.010061006664094011,0.002175675980110797
1977-05-01,1977-06-01,lag_10,0.0056794493189409,5.995273320216008e-05,0.010061006664094011,0.002175675980110797
1977-05-01,1977-06-01,lag_11,0.0010263728636865,-0.0005443983788765505,0.010061006664094011,0.002175675980110797
1977-05-01,1977-06-01,volatility_3m,0.0024574207403411023,0.00019771202954356652,0.010061006664094011,0.002175675980110797
1977-06-01,1977-07-01,lag_0,0.007746814316869,0.001137089010899217,0.00599310499368144,0.0022316225589725323
1977-06-01,1977-07-01,lag_1,0.0078538379353396,0.00022543680670423784,0.00599310499368144,0.0022316225589725323
1977-06-01,1977-07-01,lag_2,0.0095635721668867,0.0005956144725496415,0.00599310499368144,0.0022316225589725323
1977-06-01,1977-07-01,lag_3,0.0126992384400579,0.002065715819444449,0.00599310499368144,0.0022316225589725323
1977-06-01,1977-07-01,lag_4,0.0156756690486763,-0.0009464152822692994,0.00599310499368144,0.0022316225589725323
1977-06-01,1977-07-01,lag_5,-0.0070222901040648,0.0008549112533364678,0.00599310499368144,0.0022316225589725323
1977-06-01,1977-07-01,lag_6,0.0107538061144394,-0.0006029072883393383,0.00599310499368144,0.0022316225589725323
1977-06-01,1977-07-01,lag_7,0.0151273417142681,0.0002545611428649863,0.00599310499368144,0.0022316225589725323
1977-06-01,1977-07-01,lag_8,-0.0003044869306836,0.00014798448519286466,0.00599310499368144,0.0022316225589725323
1977-06-01,1977-07-01,lag_9,0.0034510513529513,0.0007772051956999349,0.00599310499368144,0.0022316225589725323
1977-06-01,1977-07-01,lag_10,0.006854351585718,-0.0003022393993160222,0.00599310499368144,0.0022316225589725323
1977-06-01,1977-07-01,lag_11,0.0056794493189409,-0.0003179250034736469,0.00599310499368144,0.0022316225589725323
1977-06-01,1977-07-01,volatility_3m,0.0010194160324286507,-0.00012754879171552602,0.00599310499368144,0.0022316225589725323
1977-07-01,1977-08-01,lag_0,0.0012780405675312,-0.000442005244694883,0.003086983715075105,0.0021525584526059603
1977-07-01,1977-08-01,lag_1,0.007746814316869,0.00012942301742441487,0.003086983715075105,0.0021525584526059603
1977-07-01,1977-08-01,lag_2,0.0078538379353396,0.0008168509785537026,0.003086983715075105,0.0021525584526059603
1977-07-01,1977-08-01,lag_3,0.0095635721668867,0.0007464821865869454,0.003086983715075105,0.0021525584526059603
1977-07-01,1977-08-01,lag_4,0.0126992384400579,4.2600109991326464e-05,0.003086983715075105,0.0021525584526059603
1977-07-01,1977-08-01,lag_5,0.0156756690486763,-0.0006535670669109095,0.003086983715075105,0.0021525584526059603
1977-07-01,1977-08-01,lag_6,-0.0070222901040648,0.00037338606221965165,0.003086983715075105,0.0021525584526059603
1977-07-01,1977-08-01,lag_7,0.0107538061144394,-0.0003192655352904694,0.003086983715075105,0.0021525584526059603
1977-07-01,1977-08-01,lag_8,0.0151273417142681,0.0016889779912889935,0.003086983715075105,0.0021525584526059603
1977-07-01,1977-08-01,lag_9,-0.0003044869306836,0.0002736807485416648,0.003086983715075105,0.0021525584526059603
1977-07-01,1977-08-01,lag_10,0.0034510513529513,-7.896908413385972e-05,0.003086983715075105,0.0021525584526059603
1977-07-01,1977-08-01,lag_11,0.006854351585718,-0.0005809103684441652,0.003086983715075105,0.0021525584526059603
1977-07-01,1977-08-01,volatility_3m,0.003766023519520916,-0.001062258417296107,0.003086983715075105,0.0021525584526059603
1977-08-01,1977-09-01,lag_0,0.0009875927970335,-0.0012243889524688712,0.0017641572978871396,0.0021823386300530777
1977-08-01,1977-09-01,lag_1,0.0012780405675312,0.0009072410519002005,0.0017641572978871396,0.0021823386300530777
1977-08-01,1977-09-01,lag_2,0.007746814316869,0.0006661794271713006,0.0017641572978871396,0.0021823386300530777
1977-08-01,1977-09-01,lag_3,0.0078538379353396,0.0007717921961921093,0.0017641572978871396,0.0021823386300530777
1977-08-01,1977-09-01,lag_4,0.0095635721668867,0.0003980701602449699,0.0017641572978871396,0.0021823386300530777
1977-08-01,1977-09-01,lag_5,0.0126992384400579,-0.000361701171277673,0.0017641572978871396,0.0021823386300530777
1977-08-01,1977-09-01,lag_6,0.0156756690486763,-0.0014411938614466635,0.0017641572978871396,0.0021823386300530777
1977-08-01,1977-09-01,lag_7,-0.0070222901040648,-0.0013257115288433851,0.0017641572978871396,0.0021823386300530777
1977-08-01,1977-09-01,lag_8,0.0107538061144394,0.0012739709279412637,0.0017641572978871396,0.0021823386300530777
1977-08-01,1977-09-01,lag_9,0.0151273417142681,0.0008959703466825886,0.0017641572978871396,0.0021823386300530777
1977-08-01,1977-09-01,lag_10,-0.0003044869306836,8.569788020395209e-05,0.0017641572978871396,0.0021823386300530777
1977-08-01,1977-09-01,lag_11,0.0034510513529513,-0.00030022097198525446,0.0017641572978871396,0.0021823386300530777
1977-08-01,1977-09-01,volatility_3m,0.003821353802029594,-0.0007638869619040633,0.0017641572978871396,0.0021823386300530777
1977-09-01,1977-10-01,lag_0,0.0041145067243357,-0.001109377706743544,0.001785347670427585,0.002212983284458532
1977-09-01,1977-10-01,lag_1,0.0009875927970335,0.0011916322784600198,0.001785347670427585,0.002212983284458532
1977-09-01,1977-10-01,lag_2,0.0012780405675312,-0.0007051389268235653,0.001785347670427585,0.002212983284458532
1977-09-01,1977-10-01,lag_3,0.007746814316869,0.00022323037581372773,0.001785347670427585,0.002212983284458532
1977-09-01,1977-10-01,lag_4,0.0078538379353396,0.0005944038287270814,0.001785347670427585,0.002212983284458532
1977-09-01,1977-10-01,lag_5,0.0095635721668867,-0.0002247996186997625,0.001785347670427585,0.002212983284458532
1977-09-01,1977-10-01,lag_6,0.0126992384400579,-0.0003293350129024475,0.001785347670427585,0.002212983284458532
1977-09-01,1977-10-01,lag_7,0.0156756690486763,0.00047886196487525014,0.001785347670427585,0.002212983284458532
1977-09-01,1977-10-01,lag_8,-0.0070222901040648,-0.0012578122958075255,0.001785347670427585,0.002212983284458532
1977-09-01,1977-10-01,lag_9,0.0107538061144394,0.0009050555452995468,0.001785347670427585,0.002212983284458532
1977-09-01,1977-10-01,lag_10,0.0151273417142681,-0.000330084084525879,0.001785347670427585,0.002212983284458532
1977-09-01,1977-10-01,lag_11,-0.0003044869306836,0.00021307821869413602,0.001785347670427585,0.002212983284458532
1977-09-01,1977-10-01,volatility_3m,0.001727594226800227,-7.735011000477243e-05,0.001785347670427585,0.002212983284458532
1977-10-01,1977-11-01,lag_0,0.0014104608050469,-0.001246940704058943,-0.0002574597682893433,0.0021605767689900253
1977-10-01,1977-11-01,lag_1,0.0041145067243357,0.0012201134343195008,-0.0002574597682893433,0.0021605767689900253
1977-10-01,1977-11-01,lag_2,0.0009875927970335,-0.0005775018192071002,-0.0002574597682893433,0.0021605767689900253
1977-10-01,1977-11-01,lag_3,0.0012780405675312,-0.0008842959893263469,-0.0002574597682893433,0.0021605767689900253
1977-10-01,1977-11-01,lag_4,0.007746814316869,0.00024726402341912034,-0.0002574597682893433,0.0021605767689900253
1977-10-01,1977-11-01,lag_5,0.0078538379353396,-0.0004791574631963158,-0.0002574597682893433,0.0021605767689900253
1977-10-01,1977-11-01,lag_6,0.0095635721668867,-0.00039709324675641256,-0.0002574597682893433,0.0021605767689900253
1977-10-01,1977-11-01,lag_7,0.0126992384400579,0.0006313120386766968,-0.0002574597682893433,0.0021605767689900253
1977-10-01,1977-11-01,lag_8,0.0156756690486763,0.0016983948793858872,-0.0002574597682893433,0.0021605767689900253
1977-10-01,1977-11-01,lag_9,-0.0070222901040648,-0.002091571049459162,-0.0002574597682893433,0.0021605767689900253
1977-10-01,1977-11-01,lag_10,0.0107538061144394,-5.473528639413417e-05,-0.0002574597682893433,0.0021605767689900253
1977-10-01,1977-11-01,lag_11,0.0151273417142681,-0.0005408678995445371,-0.0002574597682893433,0.0021605767689900253
1977-10-01,1977-11-01,volatility_3m,0.0016964802972910368,5.7042676889977887e-05,-0.0002574597682893433,0.0021605767689900253
1977-11-01,1977-12-01,lag_0,0.0018376437087685,-0.0022764598131470846,0.0022625699069442518,0.0021224242607035056
1977-11-01,1977-12-01,lag_1,0.0014104608050469,0.00045123911688278896,0.0022625699069442518,0.0021224242607035056
1977-11-01,1977-12-01,lag_2,0.0041145067243357,0.0005179877876071259,0.0022625699069442518,0.0021224242607035056
1977-11-01,1977-12-01,lag_3,0.0009875927970335,-0.001195350090129068,0.0022625699069442518,0.0021224242607035056
1977-11-01,1977-12-01,lag_4,0.0012780405675312,-0.0010765541915316135,0.0022625699069442518,0.0021224242607035056
1977-11-01,1977-12-01,lag_5,0.007746814316869,-0.00025321739016362696,0.0022625699069442518,0.0021224242607035056
1977-11-01,1977-12-01,lag_6,0.0078538379353396,-0.00021031779862823897,0.0022625699069442518,0.0021224242607035056
1977-11-01,1977-12-01,lag_7,0.0095635721668867,0.0005717628483762383,0.0022625699069442518,0.0021224242607035056
1977-11-01,1977-12-01,lag_8,0.0126992384400579,0.0018062306743377122,0.0022625699069442518,0.0021224242607035056
1977-11-01,1977-12-01,lag_9,0.0156756690486763,0.001056642978146556,0.0022625699069442518,0.0021224242607035056
1977-11-01,1977-12-01,lag_10,-0.0070222901040648,0.0003313139671081444,0.0022625699069442518,0.0021224242607035056
1977-11-01,1977-12-01,lag_11,0.0107538061144394,-9.906728031637613e-05,0.0022625699069442518,0.0021224242607035056
1977-11-01,1977-12-01,volatility_3m,0.001453642250722428,0.0005159348351116932,0.0022625699069442518,0.0021224242607035056
1977-12-01,1978-01-01,lag_0,0.0017889719215924,-0.002476632803300163,0.00187909590836264,0.0021033365824234345
1977-12-01,1978-01-01,lag_1,0.0018376437087685,0.0012197624915279448,0.00187909590836264,0.0021033365824234345
1977-12-01,1978-01-01,lag_2,0.0014104608050469,-0.0007495309004298178,0.00187909590836264,0.0021033365824234345
1977-12-01,1978-01-01,lag_3,0.0041145067243357,-0.0002661940698453691,0.00187909590836264,0.0021033365824234345
1977-12-01,1978-01-01,lag_4,0.0009875927970335,-0.0010012509809530458,0.00187909590836264,0.0021033365824234345
1977-12-01,1978-01-01,lag_5,0.0012780405675312,-0.0005360916937206639,0.00187909590836264,0.0021033365824234345
1977-12-01,1978-01-01,lag_6,0.007746814316869,-0.0002603026719589252,0.00187909590836264,0.0021033365824234345
1977-12-01,1978-01-01,lag_7,0.0078538379353396,0.0007790721710625803,0.00187909590836264,0.0021033365824234345
1977-12-01,1978-01-01,lag_8,0.0095635721668867,0.0016909518195097916,0.00187909590836264,0.0021033365824234345
1977-12-01,1978-01-01,lag_9,0.0126992384400579,0.0006329452563659288,0.00187909590836264,0.0021033365824234345
1977-12-01,1978-01-01,lag_10,0.0156756690486763,-7.899792537500616e-05,0.00187909590836264,0.0021033365824234345
1977-12-01,1978-01-01,lag_11,-0.0070222901040648,0.000505705133000447,0.00187909590836264,0.0021033365824234345
1977-12-01,1978-01-01,volatility_3m,0.0007736727695581294,0.000316323640072369,0.00187909590836264,0.0021033365824234345
1978-01-01,1978-02-01,lag_0,-0.0148284552105955,-0.0021565653331890645,-0.0031477671947768107,0.0019405631913929323
1978-01-01,1978-02-01,lag_1,0.0017889719215924,0.00013603144889202668,-0.0031477671947768107,0.0019405631913929323
1978-01-01,1978-02-01,lag_2,0.0018376437087685,-0.0018822689272201387,-0.0031477671947768107,0.0019405631913929323
1978-01-01,1978-02-01,lag_3,0.0014104608050469,-0.0011832183077422087,-0.0031477671947768107,0.0019405631913929323
1978-01-01,1978-02-01,lag_4,0.0041145067243357,0.001871491344900278,-0.0031477671947768107,0.0019405631913929323
1978-01-01,1978-02-01,lag_5,0.0009875927970335,-0.0009985699577373453,-0.0031477671947768107,0.0019405631913929323
1978-01-01,1978-02-01,lag_6,0.0012780405675312,-0.0014028437012893846,-0.0031477671947768107,0.0019405631913929323
1978-01-01,1978-02-01,lag_7,0.007746814316869,0.0006229719879775075,-0.0031477671947768107,0.0019405631913929323
1978-01-01,1978-02-01,lag_8,0.0078538379353396,-0.0007331984107077005,-0.0031477671947768107,0.0019405631913929323
1978-01-01,1978-02-01,lag_9,0.0095635721668867,0.0005341362811304861,-0.0031477671947768107,0.0019405631913929323
1978-01-01,1978-02-01,lag_10,0.0126992384400579,-1.412833109498024e-05,-0.0031477671947768107,0.0019405631913929323
1978-01-01,1978-02-01,lag_11,0.0156756690486763,0.0002786665869462013,-0.0031477671947768107,0.0019405631913929323
1978-01-01,1978-02-01,volatility_3m,0.009608157182193919,-0.00016083507347502745,-0.0031477671947768107,0.0019405631913929323
1978-02-01,1978-03-01,lag_0,0.0053422393279238,0.002857089593544515,0.0006511654045208981,0.0019619215584196926
1978-02-01,1978-03-01,lag_1,-0.0148284552105955,-0.000695308600734279,0.0006511654045208981,0.0019619215584196926
1978-02-01,1978-03-01,lag_2,0.0017889719215924,-0.0018004922868567518,0.0006511654045208981,0.0019619215584196926
1978-02-01,1978-03-01,lag_3,0.0018376437087685,-0.001576983704144368,0.0006511654045208981,0.0019619215584196926
1978-02-01,1978-03-01,lag_4,0.0014104608050469,-0.001609310248386464,0.0006511654045208981,0.0019619215584196926
1978-02-01,1978-03-01,lag_5,0.0041145067243357,0.0006511739981579012,0.0006511654045208981,0.0019619215584196926
1978-02-01,1978-03-01,lag_6,0.0009875927970335,-0.00038672772530844667,0.0006511654045208981,0.0019619215584196926
1978-02-01,1978-03-01,lag_7,0.0012780405675312,0.0005374119004045496,0.0006511654045208981,0.0019619215584196926
1978-02-01,1978-03-01,lag_8,0.007746814316869,-0.000521779466944281,0.0006511654045208981,0.0019619215584196926
1978-02-01,1978-03-01,lag_9,0.0078538379353396,0.0008606032096213312,0.0006511654045208981,0.0019619215584196926
1978-02-01,1978-03-01,lag_10,0.0095635721668867,-0.0005784013752418105,0.0006511654045208981,0.0019619215584196926
1978-02-01,1978-03-01,lag_11,0.0126992384400579,0.000990829250367824,0.0006511654045208981,0.0019619215584196926
1978-02-01,1978-03-01,volatility_3m,0.010767400738035806,-3.886066089762608e-05,0.0006511654045208981,0.0019619215584196926
1978-03-01,1978-04-01,lag_0,0.0189873192292036,0.0050038534403211085,0.009613917186297213,0.0021561930355714107
1978-03-01,1978-04-01,lag_1,0.0053422393279238,0.0008321992104902164,0.009613917186297213,0.0021561930355714107
1978-03-01,1978-04-01,lag_2,-0.0148284552105955,-0.0006070258136969642,0.009613917186297213,0.0021561930355714107
1978-03-01,1978-04-01,lag_3,0.0017889719215924,-0.00039032854161632715,0.009613917186297213,0.0021561930355714107
1978-03-01,1978-04-01,lag_4,0.0018376437087685,0.000176251602715638,0.009613917186297213,0.0021561930355714107
1978-03-01,1978-04-01,lag_5,0.0014104608050469,-0.00013270974635815947,0.009613917186297213,0.0021561930355714107
1978-03-01,1978-04-01,lag_6,0.0041145067243357,-0.0008074071591545362,0.009613917186297213,0.0021561930355714107
1978-03-01,1978-04-01,lag_7,0.0009875927970335,0.0009169859586836538,0.009613917186297213,0.0021561930355714107
1978-03-01,1978-04-01,lag_8,0.0012780405675312,0.00023348188678937732,0.009613917186297213,0.0021561930355714107
1978-03-01,1978-04-01,lag_9,0.007746814316869,0.0011366746426574536,0.009613917186297213,0.0021561930355714107
1978-03-01,1978-04-01,lag_10,0.0078538379353396,-0.00013453664738335646,0.009613917186297213,0.0021561930355714107
1978-03-01,1978-04-01,lag_11,0.0095635721668867,0.0012894262725239968,0.009613917186297213,0.0021561930355714107
1978-03-01,1978-04-01,volatility_3m,0.01701250385570337,-5.914091547310818e-05,0.009613917186297213,0.0021561930355714107
1978-04-01,1978-05-01,lag_0,0.0200739523307373,0.005164792389332433,0.010559906620723444,0.002415264677612637
1978-04-01,1978-05-01,lag_1,0.0189873192292036,0.00022762304921343458,0.010559906620723444,0.002415264677612637
1978-04-01,1978-05-01,lag_2,0.0053422393279238,0.0004272741184104234,0.010559906620723444,0.002415264677612637
1978-04-01,1978-05-01,lag_3,-0.0148284552105955,-0.00035860741325450363,0.010559906620723444,0.002415264677612637
1978-04-01,1978-05-01,lag_4,0.0017889719215924,0.0005473552478360943,0.010559906620723444,0.002415264677612637
1978-04-01,1978-05-01,lag_5,0.0018376437087685,-0.00010433820807520533,0.010559906620723444,0.002415264677612637
1978-04-01,1978-05-01,lag_6,0.0014104608050469,-0.0008975208860647399,0.010559906620723444,0.002415264677612637
1978-04-01,1978-05-01,lag_7,0.0041145067243357,0.001040480638621375,0.010559906620723444,0.002415264677612637
1978-04-01,1978-05-01,lag_8,0.0009875927970335,0.000512507115927292,0.010559906620723444,0.002415264677612637
1978-04-01,1978-05-01,lag_9,0.0012780405675312,-0.0005029186016690801,0.010559906620723444,0.002415264677612637
1978-04-01,1978-05-01,lag_10,0.007746814316869,-0.0003633347172581125,0.010559906620723444,0.002415264677612637
1978-04-01,1978-05-01,lag_11,0.0078538379353396,0.001150045889953617,0.010559906620723444,0.002415264677612637
1978-04-01,1978-05-01,volatility_3m,0.008209672598089433,0.0013012834318578824,0.010559906620723444,0.002415264677612637
1978-05-01,1978-06-01,lag_0,0.0046552251817142,-0.0016027005399519112,0.006105920219105303,0.0026073903799289956
1978-05-01,1978-06-01,lag_1,0.0200739523307373,0.0010147789827169617,0.006105920219105303,0.0026073903799289956
1978-05-01,1978-06-01,lag_2,0.0189873192292036,0.0007115440096094972,0.006105920219105303,0.0026073903799289956
1978-05-01,1978-06-01,lag_3,0.0053422393279238,-0.0002798989864459145,0.006105920219105303,0.0026073903799289956
1978-05-01,1978-06-01,lag_4,-0.0148284552105955,0.0003252155578957172,0.006105920219105303,0.0026073903799289956
1978-05-01,1978-06-01,lag_5,0.0017889719215924,9.353134184493683e-05,0.006105920219105303,0.0026073903799289956
1978-05-01,1978-06-01,lag_6,0.0018376437087685,-0.0015789678955843555,0.006105920219105303,0.0026073903799289956
1978-05-01,1978-06-01,lag_7,0.0014104608050469,0.0022965411617042264,0.006105920219105303,0.0026073903799289956
1978-05-01,1978-06-01,lag_8,0.0041145067243357,0.001145401803896675,0.006105920219105303,0.0026073903799289956
1978-05-01,1978-06-01,lag_9,0.0009875927970335,-0.00031508742435107704,0.006105920219105303,0.0026073903799289956
1978-05-01,1978-06-01,lag_10,0.0012780405675312,0.00021374349846155382,0.006105920219105303,0.0026073903799289956
1978-05-01,1978-06-01,lag_11,0.007746814316869,0.0009858178970898735,0.006105920219105303,0.0026073903799289956
1978-05-01,1978-06-01,volatility_3m,0.008605490865134229,0.0004886103814533271,0.006105920219105303,0.0026073903799289956
1978-06-01,1978-07-01,lag_0,0.0064680725447341,0.002114617946881481,0.011633214269529527,0.0026933332392827447
1978-06-01,1978-07-01,lag_1,0.0046552251817142,0.0017063955549747334,0.011633214269529527,0.0026933332392827447
1978-06-01,1978-07-01,lag_2,0.0200739523307373,0.0014851770322638913,0.011633214269529527,0.0026933332392827447
1978-06-01,1978-07-01,lag_3,0.0189873192292036,0.0017729856815640232,0.011633214269529527,0.0026933332392827447
1978-06-01,1978-07-01,lag_4,0.0053422393279238,0.00011986225716100308,0.011633214269529527,0.0026933332392827447
1978-06-01,1978-07-01,lag_5,-0.0148284552105955,0.0002893681215937249,0.011633214269529527,0.0026933332392827447
1978-06-01,1978-07-01,lag_6,0.0017889719215924,-0.0010148700828358414,0.011633214269529527,0.0026933332392827447
1978-06-01,1978-07-01,lag_7,0.0018376437087685,0.001244257390862913,0.011633214269529527,0.0026933332392827447
1978-06-01,1978-07-01,lag_8,0.0014104608050469,0.0008261487126219435,0.011633214269529527,0.0026933332392827447
1978-06-01,1978-07-01,lag_9,0.0041145067243357,0.0005645067840669071,0.011633214269529527,0.0026933332392827447
1978-06-01,1978-07-01,lag_10,0.0009875927970335,0.00014989007453550585,0.011633214269529527,0.0026933332392827447
1978-06-01,1978-07-01,lag_11,0.0012780405675312,-0.0009097289074270521,0.011633214269529527,0.0026933332392827447
1978-06-01,1978-07-01,volatility_3m,0.008427569115792928,0.0005912703717331169,0.011633214269529527,0.0026933332392827447
1978-07-01,1978-08-01,lag_0,-0.0008247749395784,-0.00022978735833021347,0.003790190072106871,0.002764165376242727
1978-07-01,1978-08-01,lag_1,0.0064680725447341,0.0005951851494319271,0.003790190072106871,0.002764165376242727
1978-07-01,1978-08-01,lag_2,0.0046552251817142,-0.0001655314197705593,0.003790190072106871,0.002764165376242727
1978-07-01,1978-08-01,lag_3,0.0200739523307373,0.0014532280241292027,0.003790190072106871,0.002764165376242727
1978-07-01,1978-08-01,lag_4,0.0189873192292036,0.000853902795133763,0.003790190072106871,0.002764165376242727
1978-07-01,1978-08-01,lag_5,0.0053422393279238,-0.00013904604566050693,0.003790190072106871,0.002764165376242727
1978-07-01,1978-08-01,lag_6,-0.0148284552105955,-4.166286445979495e-05,0.003790190072106871,0.002764165376242727
1978-07-01,1978-08-01,lag_7,0.0017889719215924,0.0005669815680812463,0.003790190072106871,0.002764165376242727
1978-07-01,1978-08-01,lag_8,0.0018376437087685,0.00042500203959207285,0.003790190072106871,0.002764165376242727
1978-07-01,1978-08-01,lag_9,0.0014104608050469,-0.0004104177633416839,0.003790190072106871,0.002764165376242727
1978-07-01,1978-08-01,lag_10,0.0041145067243357,-8.607400690380018e-05,0.003790190072106871,0.002764165376242727
1978-07-01,1978-08-01,lag_11,0.0009875927970335,-0.0012031942962858011,0.003790190072106871,0.002764165376242727
1978-07-01,1978-08-01,volatility_3m,0.0037969821639564022,-0.0005925611458224012,0.003790190072106871,0.002764165376242727
1978-08-01,1978-09-01,lag_0,0.0040954125102032,-0.0017951608504517935,-0.0018620248956019779,0.0028386757065261923
1978-08-01,1978-09-01,lag_1,-0.0008247749395784,-0.0012445485320495208,-0.0018620248956019779,0.0028386757065261923
1978-08-01,1978-09-01,lag_2,0.0064680725447341,0.0004121725351069472,-0.0018620248956019779,0.0028386757065261923
1978-08-01,1978-09-01,lag_3,0.0046552251817142,-0.0002801164566699299,-0.0018620248956019779,0.0028386757065261923
1978-08-01,1978-09-01,lag_4,0.0200739523307373,0.00021255564126477112,-0.0018620248956019779,0.0028386757065261923
1978-08-01,1978-09-01,lag_5,0.0189873192292036,-0.0005376855217764387,-0.0018620248956019779,0.0028386757065261923
1978-08-01,1978-09-01,lag_6,0.0053422393279238,-0.0005625540614346391,-0.0018620248956019779,0.0028386757065261923
1978-08-01,1978-09-01,lag_7,-0.0148284552105955,-0.0007461241993587464,-0.0018620248956019779,0.0028386757065261923
1978-08-01,1978-09-01,lag_8,0.0017889719215924,0.00036148560444416945,-0.0018620248956019779,0.0028386757065261923
1978-08-01,1978-09-01,lag_9,0.0018376437087685,0.0001468783010932384,-0.0018620248956019779,0.0028386757065261923
1978-08-01,1978-09-01,lag_10,0.0014104608050469,0.00025869400189549197,-0.0018620248956019779,0.0028386757065261923
1978-08-01,1978-09-01,lag_11,0.0041145067243357,-0.0013832975187688134,-0.0018620248956019779,0.0028386757065261923
1978-08-01,1978-09-01,volatility_3m,0.0037198428418839533,0.00045700064729317094,-0.0018620248956019779,0.0028386757065261923
1978-09-01,1978-10-01,lag_0,0.0025309942048967,-0.0011793583320468316,0.0042050182715800645,0.0028782627239842917
1978-09-01,1978-10-01,lag_1,0.0040954125102032,0.001540578815038316,0.0042050182715800645,0.0028782627239842917
1978-09-01,1978-10-01,lag_2,-0.0008247749395784,-0.0006557510173661285,0.0042050182715800645,0.0028782627239842917
1978-09-01,1978-10-01,lag_3,0.0064680725447341,0.0007503122250454908,0.0042050182715800645,0.0028782627239842917
1978-09-01,1978-10-01,lag_4,0.0046552251817142,0.0007520359392947284,0.0042050182715800645,0.0028782627239842917
1978-09-01,1978-10-01,lag_5,0.0200739523307373,0.00011471076919406187,0.0042050182715800645,0.0028782627239842917
1978-09-01,1978-10-01,lag_6,0.0189873192292036,5.229559254075866e-05,0.0042050182715800645,0.0028782627239842917
1978-09-01,1978-10-01,lag_7,0.0053422393279238,0.000673583573261567,0.0042050182715800645,0.0028782627239842917
1978-09-01,1978-10-01,lag_8,-0.0148284552105955,-0.0012300685772424914,0.0042050182715800645,0.0028782627239842917
1978-09-01,1978-10-01,lag_9,0.0017889719215924,0.00029497024701413465,0.0042050182715800645,0.0028782627239842917
1978-09-01,1978-10-01,lag_10,0.0018376437087685,0.0005021848750766367,0.0042050182715800645,0.0028782627239842917
1978-09-01,1978-10-01,lag_11,0.0014104608050469,-0.0005605052478858852,0.0042050182715800645,0.0028782627239842917
1978-09-01,1978-10-01,volatility_3m,0.002513856125755064,0.0002717666158605425,0.0042050182715800645,0.0028782627239842917
1978-10-01,1978-11-01,lag_0,0.0074708832622936,0.0014172727292316267,-0.0003818647675586837,0.002912117419687081
1978-10-01,1978-11-01,lag_1,0.0025309942048967,0.0003547367859573569,-0.0003818647675586837,0.002912117419687081
1978-10-01,1978-11-01,lag_2,0.0040954125102032,0.0002649304962687893,-0.0003818647675586837,0.002912117419687081
1978-10-01,1978-11-01,lag_3,-0.0008247749395784,-0.0010239174504749827,-0.0003818647675586837,0.002912117419687081
1978-10-01,1978-11-01,lag_4,0.0064680725447341,-0.0005819358806365926,-0.0003818647675586837,0.002912117419687081
1978-10-01,1978-11-01,lag_5,0.0046552251817142,0.0001279946462091175,-0.0003818647675586837,0.002912117419687081
1978-10-01,1978-11-01,lag_6,0.0200739523307373,-0.0009826414898270741,-0.0003818647675586837,0.002912117419687081
1978-10-01,1978-11-01,lag_7,0.0189873192292036,-0.00013529072195524349,-0.0003818647675586837,0.002912117419687081
1978-10-01,1978-11-01,lag_8,0.0053422393279238,0.00040169829779188146,-0.0003818647675586837,0.002912117419687081
1978-10-01,1978-11-01,lag_9,-0.0148284552105955,-0.0018704548152891221,-0.0003818647675586837,0.002912117419687081
1978-10-01,1978-11-01,lag_10,0.0017889719215924,0.0004910485813161359,-0.0003818647675586837,0.002912117419687081
1978-10-01,1978-11-01,lag_11,0.0018376437087685,-0.002351468299384578,-0.0003818647675586837,0.002912117419687081
1978-10-01,1978-11-01,volatility_3m,0.00252466866907275,0.0005940448987894342,-0.0003818647675586837,0.002912117419687081
1978-11-01,1978-12-01,lag_0,0.0076865673724948,0.0027375430833853896,0.006519236793982015,0.0029847724374637606
1978-11-01,1978-12-01,lag_1,0.0074708832622936,0.0005664036400048645,0.006519236793982015,0.0029847724374637606
1978-11-01,1978-12-01,lag_2,0.0025309942048967,-0.001046099858249363,0.006519236793982015,0.0029847724374637606
1978-11-01,1978-12-01,lag_3,0.0040954125102032,-0.0004639114797464572,0.006519236793982015,0.0029847724374637606
1978-11-01,1978-12-01,lag_4,-0.0008247749395784,0.0005236367086399696,0.006519236793982015,0.0029847724374637606
1978-11-01,1978-12-01,lag_5,0.0064680725447341,-0.00035417210776358845,0.006519236793982015,0.0029847724374637606
1978-11-01,1978-12-01,lag_6,0.0046552251817142,-5.9996210711688033e-05,0.006519236793982015,0.0029847724374637606
1978-11-01,1978-12-01,lag_7,0.0200739523307373,-0.00047844247699686094,0.006519236793982015,0.0029847724374637606
1978-11-01,1978-12-01,lag_8,0.0189873192292036,0.000992300653415441,0.006519236793982015,0.0029847724374637606
1978-11-01,1978-12-01,lag_9,0.0053422393279238,0.000831239823201031,0.006519236793982015,0.0029847724374637606
1978-11-01,1978-12-01,lag_10,-0.0148284552105955,0.00019041609255509683,0.006519236793982015,0.0029847724374637606
1978-11-01,1978-12-01,lag_11,0.0017889719215924,-0.000769829047312669,0.006519236793982015,0.0029847724374637606
1978-11-01,1978-12-01,volatility_3m,0.002916303545621878,0.0008653754984879925,0.006519236793982015,0.0029847724374637606
1978-12-01,1979-01-01,lag_0,0.0049748848264123,0.0008923467218301084,0.0043544488878172315,0.0031450822525267205
1978-12-01,1979-01-01,lag_1,0.0076865673724948,-5.4713571407774e-05,0.0043544488878172315,0.0031450822525267205
1978-12-01,1979-01-01,lag_2,0.0074708832622936,7.179009418905479e-05,0.0043544488878172315,0.0031450822525267205
1978-12-01,1979-01-01,lag_3,0.0025309942048967,-0.0006578137069300282,0.0043544488878172315,0.0031450822525267205
1978-12-01,1979-01-01,lag_4,0.0040954125102032,0.000921218714065617,0.0043544488878172315,0.0031450822525267205
1978-12-01,1979-01-01,lag_5,-0.0008247749395784,-0.0005284557695449621,0.0043544488878172315,0.0031450822525267205
1978-12-01,1979-01-01,lag_6,0.0064680725447341,-0.000979656210711255,0.0043544488878172315,0.0031450822525267205
1978-12-01,1979-01-01,lag_7,0.0046552251817142,0.0009397682309281664,0.0043544488878172315,0.0031450822525267205
1978-12-01,1979-01-01,lag_8,0.0200739523307373,0.001368955625111994,0.0043544488878172315,0.0031450822525267205
1978-12-01,1979-01-01,lag_9,0.0189873192292036,0.0008378439144871663,0.0043544488878172315,0.0031450822525267205
1978-12-01,1979-01-01,lag_10,0.0053422393279238,-0.00022246223485126394,0.0043544488878172315,0.0031450822525267205
1978-12-01,1979-01-01,lag_11,-0.0148284552105955,-0.0003751894585730042,0.0043544488878172315,0.0031450822525267205
1978-12-01,1979-01-01,volatility_3m,0.001507191099255148,-0.0010042656364566938,0.0043544488878172315,0.0031450822525267205
1979-01-01,1979-02-01,lag_0,-0.005431898444077,-0.002805102924903622,0.005896011224968157,0.0031535542597360845
1979-01-01,1979-02-01,lag_1,0.0049748848264123,0.00040670757654879706,0.005896011224968157,0.0031535542597360845
1979-01-01,1979-02-01,lag_2,0.0076865673724948,-0.0002679332394473022,0.005896011224968157,0.0031535542597360845
1979-01-01,1979-02-01,lag_3,0.0074708832622936,0.00023276665393495932,0.005896011224968157,0.0031535542597360845
1979-01-01,1979-02-01,lag_4,0.0025309942048967,0.0014263484780531145,0.005896011224968157,0.0031535542597360845
1979-01-01,1979-02-01,lag_5,0.0040954125102032,0.0009924690101615853,0.005896011224968157,0.0031535542597360845
1979-01-01,1979-02-01,lag_6,-0.0008247749395784,-0.00017217731790879044,0.005896011224968157,0.0031535542597360845
1979-01-01,1979-02-01,lag_7,0.0064680725447341,0.0005457341516375891,0.005896011224968157,0.0031535542597360845
1979-01-01,1979-02-01,lag_8,0.0046552251817142,0.0007037710441727541,0.005896011224968157,0.0031535542597360845
1979-01-01,1979-02-01,lag_9,0.0200739523307373,0.0007284245630580699,0.005896011224968157,0.0031535542597360845
1979-01-01,1979-02-01,lag_10,0.0189873192292036,-8.712340371857863e-05,0.005896011224968157,0.0031535542597360845
1979-01-01,1979-02-01,lag_11,0.0053422393279238,-0.0006026674267559428,0.005896011224968157,0.0031535542597360845
1979-01-01,1979-02-01,volatility_3m,0.006925177562708258,0.0016412396378291305,0.005896011224968157,0.0031535542597360845
1979-02-01,1979-03-01,lag_0,0.0047805468665731,-0.0015969147513351346,0.003347186700068047,0.0033505998765621715
1979-02-01,1979-03-01,lag_1,-0.005431898444077,-0.00020875256348517723,0.003347186700068047,0.0033505998765621715
1979-02-01,1979-03-01,lag_2,0.0049748848264123,4.981136946298648e-05,0.003347186700068047,0.0033505998765621715
1979-02-01,1979-03-01,lag_3,0.0076865673724948,0.0003993584068666678,0.003347186700068047,0.0033505998765621715
1979-02-01,1979-03-01,lag_4,0.0074708832622936,0.0003310444176895544,0.003347186700068047,0.0033505998765621715
1979-02-01,1979-03-01,lag_5,0.0025309942048967,0.0003012241674150573,0.003347186700068047,0.0033505998765621715
1979-02-01,1979-03-01,lag_6,0.0040954125102032,-0.0006811320974884438,0.003347186700068047,0.0033505998765621715
1979-02-01,1979-03-01,lag_7,-0.0008247749395784,-0.0008584024741503526,0.003347186700068047,0.0033505998765621715
1979-02-01,1979-03-01,lag_8,0.0064680725447341,0.00016042838957218918,0.003347186700068047,0.0033505998765621715
1979-02-01,1979-03-01,lag_9,0.0046552251817142,0.0005678378854281619,0.003347186700068047,0.0033505998765621715
1979-02-01,1979-03-01,lag_10,0.0200739523307373,-6.243985870241887e-05,0.003347186700068047,0.0033505998765621715
1979-02-01,1979-03-01,lag_11,0.0189873192292036,0.0003850985247117933,0.003347186700068047,0.0033505998765621715
1979-02-01,1979-03-01,volatility_3m,0.005953051661467274,0.0012094253046961967,0.003347186700068047,0.0033505998765621715
1979-03-01,1979-04-01,lag_0,0.0032602093161364,-0.0014175732941293972,-0.0006371434866407897,0.0034224953432242496
1979-03-01,1979-04-01,lag_1,0.0047805468665731,0.0003416058155562496,-0.0006371434866407897,0.0034224953432242496
1979-03-01,1979-04-01,lag_2,-0.005431898444077,-0.0004899890727392631,-0.0006371434866407897,0.0034224953432242496
1979-03-01,1979-04-01,lag_3,0.0049748848264123,-0.00023945262781126077,-0.0006371434866407897,0.0034224953432242496
1979-03-01,1979-04-01,lag_4,0.0076865673724948,-0.00011157846674905158,-0.0006371434866407897,0.0034224953432242496
1979-03-01,1979-04-01,lag_5,0.0074708832622936,-0.000450397927670565,-0.0006371434866407897,0.0034224953432242496
1979-03-01,1979-04-01,lag_6,0.0025309942048967,-0.0012785568584513386,-0.0006371434866407897,0.0034224953432242496
1979-03-01,1979-04-01,lag_7,0.0040954125102032,0.00012489173233916516,-0.0006371434866407897,0.0034224953432242496
1979-03-01,1979-04-01,lag_8,-0.0008247749395784,-0.0003048236121685477,-0.0006371434866407897,0.0034224953432242496
1979-03-01,1979-04-01,lag_9,0.0064680725447341,0.0003687535311837564,-0.0006371434866407897,0.0034224953432242496
1979-03-01,1979-04-01,lag_10,0.0046552251817142,0.00015748618458019336,-0.0006371434866407897,0.0034224953432242496
1979-03-01,1979-04-01,lag_11,0.0200739523307373,0.00025005858604345123,-0.0006371434866407897,0.0034224953432242496
1979-03-01,1979-04-01,volatility_3m,0.005509963744669728,-0.001010062757995911,-0.0006371434866407897,0.0034224953432242496
1979-04-01,1979-05-01,lag_0,-0.0120874549161809,-0.0016635879186651437,0.00279643643642874,0.0032588933901285845
1979-04-01,1979-05-01,lag_1,0.0032602093161364,0.0009752980169469083,0.00279643643642874,0.0032588933901285845
1979-04-01,1979-05-01,lag_2,0.0047805468665731,1.1946683152928016e-05,0.00279643643642874,0.0032588933901285845
1979-04-01,1979-05-01,lag_3,-0.005431898444077,-0.00091327709142206,0.00279643643642874,0.0032588933901285845
1979-04-01,1979-05-01,lag_4,0.0049748848264123,0.0013427488247180009,0.00279643643642874,0.0032588933901285845
1979-04-01,1979-05-01,lag_5,0.0076865673724948,-0.00017020121864334215,0.00279643643642874,0.0032588933901285845
1979-04-01,1979-05-01,lag_6,0.0074708832622936,-0.000935454589980509,0.00279643643642874,0.0032588933901285845
1979-04-01,1979-05-01,lag_7,0.0025309942048967,0.00018205744116130517,0.00279643643642874,0.0032588933901285845
1979-04-01,1979-05-01,lag_8,0.0040954125102032,0.0005800522606295999,0.00279643643642874,0.0032588933901285845
1979-04-01,1979-05-01,lag_9,-0.0008247749395784,7.176800092565827e-05,0.00279643643642874,0.0032588933901285845
1979-04-01,1979-05-01,lag_10,0.0064680725447341,-0.00020049506216309964,0.00279643643642874,0.0032588933901285845
1979-04-01,1979-05-01,lag_11,0.0046552251817142,0.00012467859174648767,0.00279643643642874,0.0032588933901285845
1979-04-01,1979-05-01,volatility_3m,0.009330878020477778,0.00013200910016166744,0.00279643643642874,0.0032588933901285845
1979-05-01,1979-06-01,lag_0,0.0090277066611546,0.004459837945614708,0.010761274269534063,0.003369332415054156
1979-05-01,1979-06-01,lag_1,-0.0120874549161809,2.905099127019639e-05,0.010761274269534063,0.003369332415054156
1979-05-01,1979-06-01,lag_2,0.0032602093161364,0.0008273237545108714,0.010761274269534063,0.003369332415054156
1979-05-01,1979-06-01,lag_3,0.0047805468665731,-0.0006904752080663457,0.010761274269534063,0.003369332415054156
1979-05-01,1979-06-01,lag_4,-0.005431898444077,0.0010058171912532999,0.010761274269534063,0.003369332415054156
1979-05-01,1979-06-01,lag_5,0.0049748848264123,-0.00029429374237224695,0.010761274269534063,0.003369332415054156
1979-05-01,1979-06-01,lag_6,0.0076865673724948,-0.00035675937564519697,0.010761274269534063,0.003369332415054156
1979-05-01,1979-06-01,lag_7,0.0074708832622936,0.0004254659567959607,0.010761274269534063,0.003369332415054156
1979-05-01,1979-06-01,lag_8,0.0025309942048967,0.0006384699862246635,0.010761274269534063,0.003369332415054156
1979-05-01,1979-06-01,lag_9,0.0040954125102032,8.726631440367783e-05,0.010761274269534063,0.003369332415054156
1979-05-01,1979-06-01,lag_10,-0.0008247749395784,-3.936375294870231e-05,0.010761274269534063,0.003369332415054156
1979-05-01,1979-06-01,lag_11,0.0064680725447341,0.0005076782378091593,0.010761274269534063,0.003369332415054156
1979-05-01,1979-06-01,volatility_3m,0.010913789988280341,0.0007919233954817173,0.010761274269534063,0.003369332415054156
1979-06-01,1979-07-01,lag_0,0.0002100554920372,-0.0021365356258638713,0.0016242411447236014,0.0033657256710064127
1979-06-01,1979-07-01,lag_1,0.0090277066611546,-0.0005068083008563918,0.0016242411447236014,0.0033657256710064127
1979-06-01,1979-07-01,lag_2,-0.0120874549161809,0.0011251498400542915,0.0016242411447236014,0.0033657256710064127
1979-06-01,1979-07-01,lag_3,0.0032602093161364,-0.0024120293653754742,0.0016242411447236014,0.0033657256710064127
1979-06-01,1979-07-01,lag_4,0.0047805468665731,0.002740145606180704,0.0016242411447236014,0.0033657256710064127
1979-06-01,1979-07-01,lag_5,-0.005431898444077,0.0004802649596786068,0.0016242411447236014,0.0033657256710064127
1979-06-01,1979-07-01,lag_6,0.0049748848264123,0.0013987690647309136,0.0016242411447236014,0.0033657256710064127
1979-06-01,1979-07-01,lag_7,0.0076865673724948,-0.00022645762957836267,0.0016242411447236014,0.0033657256710064127
1979-06-01,1979-07-01,lag_8,0.0074708832622936,-0.00012051965076352644,0.0016242411447236014,0.0033657256710064127
1979-06-01,1979-07-01,lag_9,0.0025309942048967,8.034544784095488e-05,0.0016242411447236014,0.0033657256710064127
1979-06-01,1979-07-01,lag_10,0.0040954125102032,-0.0006703696486147236,0.0016242411447236014,0.0033657256710064127
1979-06-01,1979-07-01,lag_11,-0.0008247749395784,-0.0012634719607831357,0.0016242411447236014,0.0033657256710064127
1979-06-01,1979-07-01,volatility_3m,0.010605264280986867,-0.0002299673350944431,0.0016242411447236014,0.0033657256710064127
1979-07-01,1979-08-01,lag_0,-0.001673960096288,-0.0011492334293961904,0.0017200701845557327,0.0033550134096903012
1979-07-01,1979-08-01,lag_1,0.0002100554920372,0.0007768671667645322,0.0017200701845557327,0.0033550134096903012
1979-07-01,1979-08-01,lag_2,0.0090277066611546,-0.0002834629764402052,0.0017200701845557327,0.0033550134096903012
1979-07-01,1979-08-01,lag_3,-0.0120874549161809,0.00015917615065745848,0.0017200701845557327,0.0033550134096903012
1979-07-01,1979-08-01,lag_4,0.0032602093161364,0.0035836460482505574,0.0017200701845557327,0.0033550134096903012
1979-07-01,1979-08-01,lag_5,0.0047805468665731,-0.0018892765653072275,0.0017200701845557327,0.0033550134096903012
1979-07-01,1979-08-01,lag_6,-0.005431898444077,-0.0004684622065406074,0.0017200701845557327,0.0033550134096903012
1979-07-01,1979-08-01,lag_7,0.0049748848264123,-0.001241206476647676,0.0017200701845557327,0.0033550134096903012
1979-07-01,1979-08-01,lag_8,0.0076865673724948,0.00028341499335965637,0.0017200701845557327,0.0033550134096903012
1979-07-01,1979-08-01,lag_9,0.0074708832622936,0.0004938425004866076,0.0017200701845557327,0.0033550134096903012
1979-07-01,1979-08-01,lag_10,0.0025309942048967,-0.00046868434862972207,0.0017200701845557327,0.0033550134096903012
1979-07-01,1979-08-01,lag_11,0.0040954125102032,-0.0010285806389947539,0.0017200701845557327,0.0033550134096903012
1979-07-01,1979-08-01,volatility_3m,0.005712940840242175,-0.000402983473909444,0.0017200701845557327,0.0033550134096903012
1979-08-01,1979-09-01,lag_0,-0.0066093633100501,-0.0037559955005008307,-0.003857443331250077,0.003244547736205363
1979-08-01,1979-09-01,lag_1,-0.001673960096288,-0.004076986513155134,-0.003857443331250077,0.003244547736205363
1979-08-01,1979-09-01,lag_2,0.0002100554920372,-0.0013956325876051778,-0.003857443331250077,0.003244547736205363
1979-08-01,1979-09-01,lag_3,0.0090277066611546,-0.000608214264138951,-0.003857443331250077,0.003244547736205363
1979-08-01,1979-09-01,lag_4,-0.0120874549161809,-0.0011018982282735123,-0.003857443331250077,0.003244547736205363
1979-08-01,1979-09-01,lag_5,0.0032602093161364,0.0015821952619808144,-0.003857443331250077,0.003244547736205363
1979-08-01,1979-09-01,lag_6,0.0047805468665731,0.0004050969018408068,-0.003857443331250077,0.003244547736205363
1979-08-01,1979-09-01,lag_7,-0.005431898444077,-0.0009790391231922512,-0.003857443331250077,0.003244547736205363
1979-08-01,1979-09-01,lag_8,0.0049748848264123,0.0003580545339082164,-0.003857443331250077,0.003244547736205363
1979-08-01,1979-09-01,lag_9,0.0076865673724948,0.0006567488086193407,-0.003857443331250077,0.003244547736205363
1979-08-01,1979-09-01,lag_10,0.0074708832622936,0.0006697827510561183,-0.003857443331250077,0.003244547736205363
1979-08-01,1979-09-01,lag_11,0.0025309942048967,0.0006205355197653261,-0.003857443331250077,0.003244547736205363
1979-08-01,1979-09-01,volatility_3m,0.003521651895009107,0.0005233613924906422,-0.003857443331250077,0.003244547736205363
1979-09-01,1979-10-01,lag_0,-0.0001690500460171,-0.0029494692959406168,-0.0033858436420129453,0.003177539006189482
1979-09-01,1979-10-01,lag_1,-0.0066093633100501,-0.0004955027846790472,-0.0033858436420129453,0.003177539006189482
1979-09-01,1979-10-01,lag_2,-0.001673960096288,0.0003655099781872195,-0.0033858436420129453,0.003177539006189482
1979-09-01,1979-10-01,lag_3,0.0002100554920372,0.0002371681666954828,-0.0033858436420129453,0.003177539006189482
1979-09-01,1979-10-01,lag_4,0.0090277066611546,9.572234722327267e-05,-0.0033858436420129453,0.003177539006189482
1979-09-01,1979-10-01,lag_5,-0.0120874549161809,-9.79855664900242e-05,-0.0033858436420129453,0.003177539006189482
1979-09-01,1979-10-01,lag_6,0.0032602093161364,-0.0012313881326053888,-0.0033858436420129453,0.003177539006189482
1979-09-01,1979-10-01,lag_7,0.0047805468665731,0.0005451597114506512,-0.0033858436420129453,0.003177539006189482
1979-09-01,1979-10-01,lag_8,-0.005431898444077,-0.003529694254016249,-0.0033858436420129453,0.003177539006189482
1979-09-01,1979-10-01,lag_9,0.0049748848264123,3.197283113877347e-05,-0.0033858436420129453,0.003177539006189482
1979-09-01,1979-10-01,lag_10,0.0076865673724948,-0.00027368503824618526,-0.0033858436420129453,0.003177539006189482
1979-09-01,1979-10-01,lag_11,0.0074708832622936,0.0002321397309196982,-0.0033858436420129453,0.003177539006189482
1979-09-01,1979-10-01,volatility_3m,0.003368990800440072,0.0005066696251105895,-0.0033858436420129453,0.003177539006189482
1979-10-01,1979-11-01,lag_0,0.0072357520580763,0.0038227007592740846,-0.0004949060684837832,0.003205382789688995
1979-10-01,1979-11-01,lag_1,-0.0001690500460171,-0.00150535662371567,-0.0004949060684837832,0.003205382789688995
1979-10-01,1979-11-01,lag_2,-0.0066093633100501,-0.0005260454412518811,-0.0004949060684837832,0.003205382789688995
1979-10-01,1979-11-01,lag_3,-0.001673960096288,-0.0002750557976105483,-0.0004949060684837832,0.003205382789688995
1979-10-01,1979-11-01,lag_4,0.0002100554920372,-0.0011072335285871304,-0.0004949060684837832,0.003205382789688995
1979-10-01,1979-11-01,lag_5,0.0090277066611546,-0.0022042803089516384,-0.0004949060684837832,0.003205382789688995
1979-10-01,1979-11-01,lag_6,-0.0120874549161809,-0.0008932327588217959,-0.0004949060684837832,0.003205382789688995
1979-10-01,1979-11-01,lag_7,0.0032602093161364,0.0003083419279073496,-0.0004949060684837832,0.003205382789688995
1979-10-01,1979-11-01,lag_8,0.0047805468665731,-8.702568968828928e-05,-0.0004949060684837832,0.003205382789688995
1979-10-01,1979-11-01,lag_9,-0.005431898444077,-0.002649129981882652,-0.0004949060684837832,0.003205382789688995
1979-10-01,1979-11-01,lag_10,0.0049748848264123,-0.0005740167369867777,-0.0004949060684837832,0.003205382789688995
1979-10-01,1979-11-01,lag_11,0.0076865673724948,0.0008584839024433677,-0.0004949060684837832,0.003205382789688995
1979-10-01,1979-11-01,volatility_3m,0.0069281545004952465,0.0011315615259809419,-0.0004949060684837832,0.003205382789688995
1979-11-01,1979-12-01,lag_0,-0.0015503953910003,-0.0023917347683163827,-0.0053382602039902735,0.003231464670053695
1979-11-01,1979-12-01,lag_1,0.0072357520580763,0.0006327862939951956,-0.0053382602039902735,0.003231464670053695
1979-11-01,1979-12-01,lag_2,-0.0001690500460171,-0.0010603246653727184,-0.0053382602039902735,0.003231464670053695
1979-11-01,1979-12-01,lag_3,-0.0066093633100501,-3.113070569725096e-05,-0.0053382602039902735,0.003231464670053695
1979-11-01,1979-12-01,lag_4,-0.001673960096288,-0.002379432751117747,-0.0053382602039902735,0.003231464670053695
1979-11-01,1979-12-01,lag_5,0.0002100554920372,0.00011631668705149423,-0.0053382602039902735,0.003231464670053695
1979-11-01,1979-12-01,lag_6,0.0090277066611546,-0.002528110018647567,-0.0053382602039902735,0.003231464670053695
1979-11-01,1979-12-01,lag_7,-0.0120874549161809,-0.0020920495766358726,-0.0053382602039902735,0.003231464670053695
1979-11-01,1979-12-01,lag_8,0.0032602093161364,-0.00031081708732017433,-0.0053382602039902735,0.003231464670053695
1979-11-01,1979-12-01,lag_9,0.0047805468665731,0.001137823327762817,-0.0053382602039902735,0.003231464670053695
1979-11-01,1979-12-01,lag_10,-0.005431898444077,0.000892246133576009,-0.0053382602039902735,0.003231464670053695
1979-11-01,1979-12-01,lag_11,0.0049748848264123,0.0008659137279255447,-0.0053382602039902735,0.003231464670053695
1979-11-01,1979-12-01,volatility_3m,0.00472467981560317,-0.0014212114280735477,-0.0053382602039902735,0.003231464670053695
1979-12-01,1980-01-01,lag_0,0.0006702665574493,-0.0032152535990508115,-0.00957884351748115,0.0032815909080504734
1979-12-01,1980-01-01,lag_1,-0.0015503953910003,-0.0019143297719620023,-0.00957884351748115,0.0032815909080504734
1979-12-01,1980-01-01,lag_2,0.0072357520580763,-0.00042707504178451927,-0.00957884351748115,0.0032815909080504734
1979-12-01,1980-01-01,lag_3,-0.0001690500460171,-0.000861065457947916,-0.00957884351748115,0.0032815909080504734
1979-12-01,1980-01-01,lag_4,-0.0066093633100501,-0.0026701347298057954,-0.00957884351748115,0.0032815909080504734
1979-12-01,1980-01-01,lag_5,-0.001673960096288,0.0005866537813881223,-0.00957884351748115,0.0032815909080504734
1979-12-01,1980-01-01,lag_6,0.0002100554920372,0.0013803173545966275,-0.00957884351748115,0.0032815909080504734
1979-12-01,1980-01-01,lag_7,0.0090277066611546,-0.00047009270522266886,-0.00957884351748115,0.0032815909080504734
1979-12-01,1980-01-01,lag_8,-0.0120874549161809,-0.0017232924550262395,-0.00957884351748115,0.0032815909080504734
1979-12-01,1980-01-01,lag_9,0.0032602093161364,-0.00040881929980059797,-0.00957884351748115,0.0032815909080504734
1979-12-01,1980-01-01,lag_10,0.0047805468665731,-0.0012867208452689738,-0.00957884351748115,0.0032815909080504734
1979-12-01,1980-01-01,lag_11,-0.005431898444077,-4.715890900115482e-05,-0.00957884351748115,0.0032815909080504734
1979-12-01,1980-01-01,volatility_3m,0.004568612596568579,-0.001803462732693788,-0.00957884351748115,0.0032815909080504734
1980-01-01,1980-02-01,lag_0,0.0053940357465207,0.0028508661190926434,0.004719360708253373,0.0031806236879815377
1980-01-01,1980-02-01,lag_1,0.0006702665574493,-0.0015898512824992395,0.004719360708253373,0.0031806236879815377
1980-01-01,1980-02-01,lag_2,-0.0015503953910003,-0.0006745397972485989,0.004719360708253373,0.0031806236879815377
1980-01-01,1980-02-01,lag_3,0.0072357520580763,0.00022630112073670716,0.004719360708253373,0.0031806236879815377
1980-01-01,1980-02-01,lag_4,-0.0001690500460171,-0.0010217330686236891,0.004719360708253373,0.0031806236879815377
1980-01-01,1980-02-01,lag_5,-0.0066093633100501,0.0013462449089695382,0.004719360708253373,0.0031806236879815377
1980-01-01,1980-02-01,lag_6,-0.001673960096288,0.0019448539612744752,0.004719360708253373,0.0031806236879815377
1980-01-01,1980-02-01,lag_7,0.0002100554920372,-0.0018287012272003268,0.004719360708253373,0.0031806236879815377
1980-01-01,1980-02-01,lag_8,0.0090277066611546,0.0013467283450518152,0.004719360708253373,0.0031806236879815377
1980-01-01,1980-02-01,lag_9,-0.0120874549161809,-0.001891074066775218,0.004719360708253373,0.0031806236879815377
1980-01-01,1980-02-01,lag_10,0.0032602093161364,-0.00030325445924972883,0.004719360708253373,0.0031806236879815377
1980-01-01,1980-02-01,lag_11,0.0047805468665731,4.135016226427979e-05,0.004719360708253373,0.0031806236879815377
1980-01-01,1980-02-01,volatility_3m,0.0035466053878951973,0.0010915462234197548,0.004719360708253373,0.0031806236879815377
1980-02-01,1980-03-01,lag_0,0.0002707635837602,-0.004003326699994432,0.0017712078778083517,0.0031036424517941435
1980-02-01,1980-03-01,lag_1,0.0053940357465207,0.0011491679418759303,0.0017712078778083517,0.0031036424517941435
1980-02-01,1980-03-01,lag_2,0.0006702665574493,-0.001652911416781535,0.0017712078778083517,0.0031036424517941435
1980-02-01,1980-03-01,lag_3,-0.0015503953910003,0.001220108850170618,0.0017712078778083517,0.0031036424517941435
1980-02-01,1980-03-01,lag_4,0.0072357520580763,0.000252630637544371,0.0017712078778083517,0.0031036424517941435
1980-02-01,1980-03-01,lag_5,-0.0001690500460171,0.00036129738273530163,0.0017712078778083517,0.0031036424517941435
1980-02-01,1980-03-01,lag_6,-0.0066093633100501,0.000563087091622947,0.0017712078778083517,0.0031036424517941435
1980-02-01,1980-03-01,lag_7,-0.001673960096288,-0.0012107131941775152,0.0017712078778083517,0.0031036424517941435
1980-02-01,1980-03-01,lag_8,0.0002100554920372,-0.00020979548924515256,0.0017712078778083517,0.0031036424517941435
1980-02-01,1980-03-01,lag_9,0.0090277066611546,0.0012079921335453037,0.0017712078778083517,0.0031036424517941435
1980-02-01,1980-03-01,lag_10,-0.0120874549161809,0.0002863978450250215,0.0017712078778083517,0.0031036424517941435
1980-02-01,1980-03-01,lag_11,0.0032602093161364,-0.0003097860833258892,0.0017712078778083517,0.0031036424517941435
1980-02-01,1980-03-01,volatility_3m,0.0028496056929372803,0.0010134164256169241,0.0017712078778083517,0.0031036424517941435
1980-03-01,1980-04-01,lag_0,-0.0040788112574068,-0.002756065582971132,-0.005033138525280386,0.0030307141002810485
1980-03-01,1980-04-01,lag_1,0.0002707635837602,-0.0012952842305480772,-0.005033138525280386,0.0030307141002810485
1980-03-01,1980-04-01,lag_2,0.0053940357465207,0.0009288800659692242,-0.005033138525280386,0.0030307141002810485
1980-03-01,1980-04-01,lag_3,0.0006702665574493,-0.0005292966176557456,-0.005033138525280386,0.0030307141002810485
1980-03-01,1980-04-01,lag_4,-0.0015503953910003,-0.003359435462457441,-0.005033138525280386,0.0030307141002810485
1980-03-01,1980-04-01,lag_5,0.0072357520580763,-0.0014896400043926405,-0.005033138525280386,0.0030307141002810485
1980-03-01,1980-04-01,lag_6,-0.0001690500460171,0.0015709561844323616,-0.005033138525280386,0.0030307141002810485
1980-03-01,1980-04-01,lag_7,-0.0066093633100501,-0.0005265545403153738,-0.005033138525280386,0.0030307141002810485
1980-03-01,1980-04-01,lag_8,-0.001673960096288,-0.0009946196053260792,-0.005033138525280386,0.0030307141002810485
1980-03-01,1980-04-01,lag_9,0.0002100554920372,0.0005572888388314823,-0.005033138525280386,0.0030307141002810485
1980-03-01,1980-04-01,lag_10,0.0090277066611546,-0.00022689581308213747,-0.005033138525280386,0.0030307141002810485
1980-03-01,1980-04-01,lag_11,-0.0120874549161809,0.0022243849526012126,-0.005033138525280386,0.0030307141002810485
1980-03-01,1980-04-01,volatility_3m,0.0047416865725261334,-0.002167570760830131,-0.005033138525280386,0.0030307141002810485
1980-04-01,1980-05-01,lag_0,-0.0200630429249257,-0.0052161519920719,-0.019815670345447834,0.0027277621098118683
1980-04-01,1980-05-01,lag_1,-0.0040788112574068,-0.0008650550588345141,-0.019815670345447834,0.0027277621098118683
1980-04-01,1980-05-01,lag_2,0.0002707635837602,-0.0012050398025121468,-0.019815670345447834,0.0027277621098118683
1980-04-01,1980-05-01,lag_3,0.0053940357465207,-0.00033925143162377936,-0.019815670345447834,0.0027277621098118683
1980-04-01,1980-05-01,lag_4,0.0006702665574493,-0.003260346589876235,-0.019815670345447834,0.0027277621098118683
1980-04-01,1980-05-01,lag_5,-0.0015503953910003,-0.0001871090278336851,-0.019815670345447834,0.0027277621098118683
1980-04-01,1980-05-01,lag_6,0.0072357520580763,-0.0019495882849423652,-0.019815670345447834,0.0027277621098118683
1980-04-01,1980-05-01,lag_7,-0.0001690500460171,-0.003519252339843888,-0.019815670345447834,0.0027277621098118683
1980-04-01,1980-05-01,lag_8,-0.0066093633100501,-0.001963352617899545,-0.019815670345447834,0.0027277621098118683
1980-04-01,1980-05-01,lag_9,-0.001673960096288,-0.0026965415004178792,-0.019815670345447834,0.0027277621098118683
1980-04-01,1980-05-01,lag_10,0.0002100554920372,-0.001183344888108877,-0.019815670345447834,0.0027277621098118683
1980-04-01,1980-05-01,lag_11,0.0090277066611546,0.0008275298715716417,-0.019815670345447834,0.0027277621098118683
1980-04-01,1980-05-01,volatility_3m,0.01070730397464354,-0.0009859288761845165,-0.019815670345447834,0.0027277621098118683
1980-05-01,1980-06-01,lag_0,-0.0249085104965822,-0.0017354764204696948,0.003164818126114225,0.0022582056534786975
1980-05-01,1980-06-01,lag_1,-0.0200630429249257,0.0006792977677559975,0.003164818126114225,0.0022582056534786975
1980-05-01,1980-06-01,lag_2,-0.0040788112574068,0.00018241094632685418,0.003164818126114225,0.0022582056534786975
1980-05-01,1980-06-01,lag_3,0.0002707635837602,0.0003702272039845411,0.003164818126114225,0.0022582056534786975
1980-05-01,1980-06-01,lag_4,0.0053940357465207,0.002887050611348059,0.003164818126114225,0.0022582056534786975
1980-05-01,1980-06-01,lag_5,0.0006702665574493,-4.989088416323284e-05,0.003164818126114225,0.0022582056534786975
1980-05-01,1980-06-01,lag_6,-0.0015503953910003,0.0016685940672550713,0.003164818126114225,0.0022582056534786975
1980-05-01,1980-06-01,lag_7,0.0072357520580763,0.0005006550248435815,0.003164818126114225,0.0022582056534786975
1980-05-01,1980-06-01,lag_8,-0.0001690500460171,2.3909707006168902e-05,0.003164818126114225,0.0022582056534786975
1980-05-01,1980-06-01,lag_9,-0.0066093633100501,0.0007457785026053898,0.003164818126114225,0.0022582056534786975
1980-05-01,1980-06-01,lag_10,-0.001673960096288,-0.0007969095178395946,0.003164818126114225,0.0022582056534786975
1980-05-01,1980-06-01,lag_11,0.0002100554920372,-0.0016739690201484337,0.003164818126114225,0.0022582056534786975
1980-05-01,1980-06-01,volatility_3m,0.0108999280455071,-0.0018950654984337234,0.003164818126114225,0.0022582056534786975
1980-06-01,1980-07-01,lag_0,-0.0130064388579431,-0.0021774610562818,-0.0019463593406070664,0.0020162104572298317
1980-06-01,1980-07-01,lag_1,-0.0249085104965822,-0.0008321714818021064,-0.0019463593406070664,0.0020162104572298317
1980-06-01,1980-07-01,lag_2,-0.0200630429249257,0.0005328667851841829,-0.0019463593406070664,0.0020162104572298317
1980-06-01,1980-07-01,lag_3,-0.0040788112574068,-0.00021839619166939882,-0.0019463593406070664,0.0020162104572298317
1980-06-01,1980-07-01,lag_4,0.0002707635837602,-0.003075883019613457,-0.0019463593406070664,0.0020162104572298317
1980-06-01,1980-07-01,lag_5,0.0053940357465207,-0.002220040768960416,-0.0019463593406070664,0.0020162104572298317
1980-06-01,1980-07-01,lag_6,0.0006702665574493,0.00027669248513120695,-0.0019463593406070664,0.0020162104572298317
1980-06-01,1980-07-01,lag_7,-0.0015503953910003,-0.002599720030203798,-0.0019463593406070664,0.0020162104572298317
1980-06-01,1980-07-01,lag_8,0.0072357520580763,0.0005351010138213042,-0.0019463593406070664,0.0020162104572298317
1980-06-01,1980-07-01,lag_9,-0.0001690500460171,0.002218533174075219,-0.0019463593406070664,0.0020162104572298317
1980-06-01,1980-07-01,lag_10,-0.0066093633100501,0.0002622952866977357,-0.0019463593406070664,0.0020162104572298317
1980-06-01,1980-07-01,lag_11,-0.001673960096288,0.0018913529117799044,-0.0019463593406070664,0.0020162104572298317
1980-06-01,1980-07-01,volatility_3m,0.005985169535853146,0.001444261124681816,-0.0019463593406070664,0.0020162104572298317
1980-07-01,1980-08-01,lag_0,-0.0070588214834401,-0.004275884404996759,-0.004079257941934062,0.0018695513653685925
1980-07-01,1980-08-01,lag_1,-0.0130064388579431,-0.001032967291891964,-0.004079257941934062,0.0018695513653685925
1980-07-01,1980-08-01,lag_2,-0.0249085104965822,0.00037351126546923295,-0.004079257941934062,0.0018695513653685925
1980-07-01,1980-08-01,lag_3,-0.0200630429249257,-0.000715466293454483,-0.004079257941934062,0.0018695513653685925
1980-07-01,1980-08-01,lag_4,-0.0040788112574068,-0.000617025755539089,-0.004079257941934062,0.0018695513653685925
1980-07-01,1980-08-01,lag_5,0.0002707635837602,-0.00041022051958179874,-0.004079257941934062,0.0018695513653685925
1980-07-01,1980-08-01,lag_6,0.0053940357465207,0.000669679969836352,-0.004079257941934062,0.0018695513653685925
1980-07-01,1980-08-01,lag_7,0.0006702665574493,0.0024191963765042603,-0.004079257941934062,0.0018695513653685925
1980-07-01,1980-08-01,lag_8,-0.0015503953910003,-0.0012595250543859038,-0.004079257941934062,0.0018695513653685925
1980-07-01,1980-08-01,lag_9,0.0072357520580763,0.0009142441370613597,-0.004079257941934062,0.0018695513653685925
1980-07-01,1980-08-01,lag_10,-0.0001690500460171,-0.001048692065872956,-0.004079257941934062,0.0018695513653685925
1980-07-01,1980-08-01,lag_11,-0.0066093633100501,-0.0016466684445208557,-0.004079257941934062,0.0018695513653685925
1980-07-01,1980-08-01,volatility_3m,0.009088865528680986,0.0006810087936787568,-0.004079257941934062,0.0018695513653685925
1980-08-01,1980-09-01,lag_0,0.0031306452630932,-0.0026428783004053004,-0.0004213491247102391,0.0018007068032143373
1980-08-01,1980-09-01,lag_1,-0.0070588214834401,0.00014680275239584262,-0.0004213491247102391,0.0018007068032143373
1980-08-01,1980-09-01,lag_2,-0.0130064388579431,0.0006405280516435141,-0.0004213491247102391,0.0018007068032143373
1980-08-01,1980-09-01,lag_3,-0.0249085104965822,-0.0009230484444663034,-0.0004213491247102391,0.0018007068032143373
1980-08-01,1980-09-01,lag_4,-0.0200630429249257,0.0013956817611597216,-0.0004213491247102391,0.0018007068032143373
1980-08-01,1980-09-01,lag_5,-0.0040788112574068,0.0007020048047434103,-0.0004213491247102391,0.0018007068032143373
1980-08-01,1980-09-01,lag_6,0.0002707635837602,-2.34067623023293e-05,-0.0004213491247102391,0.0018007068032143373
1980-08-01,1980-09-01,lag_7,0.0053940357465207,0.0006356649265080705,-0.0004213491247102391,0.0018007068032143373
1980-08-01,1980-09-01,lag_8,0.0006702665574493,-0.00041344365381746685,-0.0004213491247102391,0.0018007068032143373
1980-08-01,1980-09-01,lag_9,-0.0015503953910003,-0.001906750430550801,-0.0004213491247102391,0.0018007068032143373
1980-08-01,1980-09-01,lag_10,0.0072357520580763,0.0007359879137243297,-0.0004213491247102391,0.0018007068032143373
1980-08-01,1980-09-01,lag_11,-0.0001690500460171,-0.002114242171370506,-0.0004213491247102391,0.0018007068032143373
1980-08-01,1980-09-01,volatility_3m,0.008160932023382295,0.00154504359102134,-0.0004213491247102391,0.0018007068032143373
1980-09-01,1980-10-01,lag_0,0.0163657788171902,0.004453086200169309,0.006492779759882174,0.0019668457982361005
1980-09-01,1980-10-01,lag_1,0.0031306452630932,0.0012304242153732049,0.006492779759882174,0.0019668457982361005
1980-09-01,1980-10-01,lag_2,-0.0070588214834401,0.0006952751380777045,0.006492779759882174,0.0019668457982361005
1980-09-01,1980-10-01,lag_3,-0.0130064388579431,-0.0010285396612971453,0.006492779759882174,0.0019668457982361005
1980-09-01,1980-10-01,lag_4,-0.0249085104965822,0.0012241269942740017,0.006492779759882174,0.0019668457982361005
1980-09-01,1980-10-01,lag_5,-0.0200630429249257,0.001984212229190234,0.006492779759882174,0.0019668457982361005
1980-09-01,1980-10-01,lag_6,-0.0040788112574068,-0.0004867065914777413,0.006492779759882174,0.0019668457982361005
1980-09-01,1980-10-01,lag_7,0.0002707635837602,-0.0007892820068900619,0.006492779759882174,0.0019668457982361005
1980-09-01,1980-10-01,lag_8,0.0053940357465207,0.0001459472465160161,0.006492779759882174,0.0019668457982361005
1980-09-01,1980-10-01,lag_9,0.0006702665574493,0.00012778238599366886,0.006492779759882174,0.0019668457982361005
1980-09-01,1980-10-01,lag_10,-0.0015503953910003,-0.0017011899799092589,0.006492779759882174,0.0019668457982361005
1980-09-01,1980-10-01,lag_11,0.0072357520580763,0.00044781556332850413,0.006492779759882174,0.0019668457982361005
1980-09-01,1980-10-01,volatility_3m,0.011745253594663827,-0.001777017758895454,0.006492779759882174,0.0019668457982361005
1980-10-01,1980-11-01,lag_0,0.0126315442892757,0.005051299630192716,0.012624153967817143,0.0020533624745937883
1980-10-01,1980-11-01,lag_1,0.0163657788171902,0.0009004183168815416,0.012624153967817143,0.0020533624745937883
1980-10-01,1980-11-01,lag_2,0.0031306452630932,-0.0005073819896176701,0.012624153967817143,0.0020533624745937883
1980-10-01,1980-11-01,lag_3,-0.0070588214834401,-0.00015975712767840377,0.012624153967817143,0.0020533624745937883
1980-10-01,1980-11-01,lag_4,-0.0130064388579431,0.0017361486174797846,0.012624153967817143,0.0020533624745937883
1980-10-01,1980-11-01,lag_5,-0.0249085104965822,0.001671975230769931,0.012624153967817143,0.0020533624745937883
1980-10-01,1980-11-01,lag_6,-0.0200630429249257,0.0012593477108629259,0.012624153967817143,0.0020533624745937883
1980-10-01,1980-11-01,lag_7,-0.0040788112574068,0.0006392553112164023,0.012624153967817143,0.0020533624745937883
1980-10-01,1980-11-01,lag_8,0.0002707635837602,0.00017965269893011282,0.012624153967817143,0.0020533624745937883
1980-10-01,1980-11-01,lag_9,0.0053940357465207,0.001500170891174548,0.012624153967817143,0.0020533624745937883
1980-10-01,1980-11-01,lag_10,0.0006702665574493,-0.0011477567451859726,0.012624153967817143,0.0020533624745937883
1980-10-01,1980-11-01,lag_11,-0.0015503953910003,-0.0016075343076403215,0.012624153967817143,0.0020533624745937883
1980-10-01,1980-11-01,volatility_3m,0.006823737368065107,0.0010549531370941168,0.012624153967817143,0.0020533624745937883
1980-11-01,1980-12-01,lag_0,0.0166035078210593,0.005447963013201615,0.008827346592768773,0.0022332183598109522
1980-11-01,1980-12-01,lag_1,0.0126315442892757,0.0011078777348956237,0.008827346592768773,0.0022332183598109522
1980-11-01,1980-12-01,lag_2,0.0163657788171902,-0.00044487634880454154,0.008827346592768773,0.0022332183598109522
1980-11-01,1980-12-01,lag_3,0.0031306452630932,-0.0018897968133069298,0.008827346592768773,0.0022332183598109522
1980-11-01,1980-12-01,lag_4,-0.0070588214834401,0.0022032332417450105,0.008827346592768773,0.0022332183598109522
1980-11-01,1980-12-01,lag_5,-0.0130064388579431,0.002018852221126508,0.008827346592768773,0.0022332183598109522
1980-11-01,1980-12-01,lag_6,-0.0249085104965822,0.0010059066322287435,0.008827346592768773,0.0022332183598109522
1980-11-01,1980-12-01,lag_7,-0.0200630429249257,-0.0002904962778927711,0.008827346592768773,0.0022332183598109522
1980-11-01,1980-12-01,lag_8,-0.0040788112574068,-0.0006839110607302246,0.008827346592768773,0.0022332183598109522
1980-11-01,1980-12-01,lag_9,0.0002707635837602,-0.0008309420855334793,0.008827346592768773,0.0022332183598109522
1980-11-01,1980-12-01,lag_10,0.0053940357465207,-0.0008035296776432687,0.008827346592768773,0.0022332183598109522
1980-11-01,1980-12-01,lag_11,0.0006702665574493,-0.0014258136007811117,0.008827346592768773,0.0022332183598109522
1980-11-01,1980-12-01,volatility_3m,0.0022277610915658595,0.001179661302006707,0.008827346592768773,0.0022332183598109522
1980-12-01,1981-01-01,lag_0,0.0066346668586829,0.0024924342764234097,0.008469431713103492,0.0021705513664765255
1980-12-01,1981-01-01,lag_1,0.0166035078210593,0.0007771173772815132,0.008469431713103492,0.0021705513664765255
1980-12-01,1981-01-01,lag_2,0.0126315442892757,0.0002831495659563643,0.008469431713103492,0.0021705513664765255
1980-12-01,1981-01-01,lag_3,0.0163657788171902,0.001796663009331496,0.008469431713103492,0.0021705513664765255
1980-12-01,1981-01-01,lag_4,0.0031306452630932,0.001983500090448729,0.008469431713103492,0.0021705513664765255
1980-12-01,1981-01-01,lag_5,-0.0070588214834401,0.0012592366991793823,0.008469431713103492,0.0021705513664765255
1980-12-01,1981-01-01,lag_6,-0.0130064388579431,0.002009922992801876,0.008469431713103492,0.0021705513664765255
1980-12-01,1981-01-01,lag_7,-0.0249085104965822,0.0005994681783846545,0.008469431713103492,0.0021705513664765255
1980-12-01,1981-01-01,lag_8,-0.0200630429249257,-0.0014795816152854968,0.008469431713103492,0.0021705513664765255
1980-12-01,1981-01-01,lag_9,-0.0040788112574068,-0.0013712560746080272,0.008469431713103492,0.0021705513664765255
1980-12-01,1981-01-01,lag_10,0.0002707635837602,-0.0005478646330243464,0.008469431713103492,0.0021705513664765255
1980-12-01,1981-01-01,lag_11,0.0053940357465207,-0.000346543763007503,0.008469431713103492,0.0021705513664765255
1980-12-01,1981-01-01,volatility_3m,0.005018579203794068,-0.0011573657814085436,0.008469431713103492,0.0021705513664765255
1981-01-01,1981-02-01,lag_0,-0.0064308903302907,-0.0035559283245493135,-0.009641206201050571,0.002039410523701496
1981-01-01,1981-02-01,lag_1,0.0066346668586829,0.00012549354517318534,-0.009641206201050571,0.002039410523701496
1981-01-01,1981-02-01,lag_2,0.0166035078210593,5.2602150167615493e-05,-0.009641206201050571,0.002039410523701496
1981-01-01,1981-02-01,lag_3,0.0126315442892757,0.000579468975916484,-0.009641206201050571,0.002039410523701496
1981-01-01,1981-02-01,lag_4,0.0163657788171902,0.0006649457437674755,-0.009641206201050571,0.002039410523701496
1981-01-01,1981-02-01,lag_5,0.0031306452630932,7.235077299924341e-05,-0.009641206201050571,0.002039410523701496
1981-01-01,1981-02-01,lag_6,-0.0070588214834401,-0.00029775446088478927,-0.009641206201050571,0.002039410523701496
1981-01-01,1981-02-01,lag_7,-0.0130064388579431,0.000139021452534962,-0.009641206201050571,0.002039410523701496
1981-01-01,1981-02-01,lag_8,-0.0249085104965822,-0.0029518246880741116,-0.009641206201050571,0.002039410523701496
1981-01-01,1981-02-01,lag_9,-0.0200630429249257,-0.0023807104530197878,-0.009641206201050571,0.002039410523701496
1981-01-01,1981-02-01,lag_10,-0.0040788112574068,0.0008399093181930084,-0.009641206201050571,0.002039410523701496
1981-01-01,1981-02-01,lag_11,0.0002707635837602,-0.0008060369183147031,-0.009641206201050571,0.002039410523701496
1981-01-01,1981-02-01,volatility_3m,0.011551840206841576,-0.004162153878864956,-0.009641206201050571,0.002039410523701496
1981-02-01,1981-03-01,lag_0,-0.0042703433551958,-0.0033206576959901213,-0.00106882123276087,0.00184205832206007
1981-02-01,1981-03-01,lag_1,-0.0064308903302907,-0.0007165543070732383,-0.00106882123276087,0.00184205832206007
1981-02-01,1981-03-01,lag_2,0.0066346668586829,0.00031063730668847713,-0.00106882123276087,0.00184205832206007
1981-02-01,1981-03-01,lag_3,0.0166035078210593,0.0015364999733014884,-0.00106882123276087,0.00184205832206007
1981-02-01,1981-03-01,lag_4,0.0126315442892757,0.0010441880445179663,-0.00106882123276087,0.00184205832206007
1981-02-01,1981-03-01,lag_5,0.0163657788171902,-3.1005459541120216e-05,-0.00106882123276087,0.00184205832206007
1981-02-01,1981-03-01,lag_6,0.0031306452630932,-0.0003780423706916736,-0.00106882123276087,0.00184205832206007
1981-02-01,1981-03-01,lag_7,-0.0070588214834401,-0.002411265814677108,-0.00106882123276087,0.00184205832206007
1981-02-01,1981-03-01,lag_8,-0.0130064388579431,-0.0036128209335470275,-0.00106882123276087,0.00184205832206007
1981-02-01,1981-03-01,lag_9,-0.0249085104965822,-0.0017004635631457177,-0.00106882123276087,0.00184205832206007
1981-02-01,1981-03-01,lag_10,-0.0200630429249257,0.002734069715934311,-0.00106882123276087,0.00184205832206007
1981-02-01,1981-03-01,lag_11,-0.0040788112574068,0.0016014476582301995,-0.00106882123276087,0.00184205832206007
1981-02-01,1981-03-01,volatility_3m,0.007003522871321382,0.002033087970906422,-0.00106882123276087,0.00184205832206007
1981-03-01,1981-04-01,lag_0,0.0050752464528769,0.0005434372551405886,0.006198333051732509,0.0017851986225927258
1981-03-01,1981-04-01,lag_1,-0.0042703433551958,-0.00013173188467476392,0.006198333051732509,0.0017851986225927258
1981-03-01,1981-04-01,lag_2,-0.0064308903302907,0.0005584671310799649,0.006198333051732509,0.0017851986225927258
1981-03-01,1981-04-01,lag_3,0.0066346668586829,6.599327438493674e-05,0.006198333051732509,0.0017851986225927258
1981-03-01,1981-04-01,lag_4,0.0166035078210593,0.0005396951214726186,0.006198333051732509,0.0017851986225927258
1981-03-01,1981-04-01,lag_5,0.0126315442892757,3.378304149578071e-05,0.006198333051732509,0.0017851986225927258
1981-03-01,1981-04-01,lag_6,0.0163657788171902,-0.0008010026123332636,0.006198333051732509,0.0017851986225927258
1981-03-01,1981-04-01,lag_7,0.0031306452630932,0.0007268631911517787,0.006198333051732509,0.0017851986225927258
1981-03-01,1981-04-01,lag_8,-0.0070588214834401,-0.0009988971662403402,0.006198333051732509,0.0017851986225927258
1981-03-01,1981-04-01,lag_9,-0.0130064388579431,-0.0009546872765770332,0.006198333051732509,0.0017851986225927258
1981-03-01,1981-04-01,lag_10,-0.0249085104965822,0.0021434378290348375,0.006198333051732509,0.0017851986225927258
1981-03-01,1981-04-01,lag_11,-0.0200630429249257,0.0022645158618877304,0.006198333051732509,0.0017851986225927258
1981-03-01,1981-04-01,volatility_3m,0.0061155429816889045,0.00042326069003024714,0.006198333051732509,0.0017851986225927258
1981-04-01,1981-05-01,lag_0,-0.0044064948298339,-0.00022218885434540424,0.003986171107087522,0.0016635674999129508
1981-04-01,1981-05-01,lag_1,0.0050752464528769,0.0005958644018028281,0.003986171107087522,0.0016635674999129508
1981-04-01,1981-05-01,lag_2,-0.0042703433551958,-0.0003316499931634098,0.003986171107087522,0.0016635674999129508
1981-04-01,1981-05-01,lag_3,-0.0064308903302907,2.65927202380567e-05,0.003986171107087522,0.0016635674999129508
1981-04-01,1981-05-01,lag_4,0.0066346668586829,0.0008689075195667329,0.003986171107087522,0.0016635674999129508
1981-04-01,1981-05-01,lag_5,0.0166035078210593,-0.00035544459732022915,0.003986171107087522,0.0016635674999129508
1981-04-01,1981-05-01,lag_6,0.0126315442892757,3.2370552296470124e-05,0.003986171107087522,0.0016635674999129508
1981-04-01,1981-05-01,lag_7,0.0163657788171902,0.001287548511697878,0.003986171107087522,0.0016635674999129508
1981-04-01,1981-05-01,lag_8,0.0031306452630932,0.0007723725822029337,0.003986171107087522,0.0016635674999129508
1981-04-01,1981-05-01,lag_9,-0.0070588214834401,-0.0020978242816187278,0.003986171107087522,0.0016635674999129508
1981-04-01,1981-05-01,lag_10,-0.0130064388579431,0.0012768533504686275,0.003986171107087522,0.0016635674999129508
1981-04-01,1981-05-01,lag_11,-0.0249085104965822,0.0013489245619643952,0.003986171107087522,0.0016635674999129508
1981-04-01,1981-05-01,volatility_3m,0.005435408660457536,-0.0008797227145635134,0.003986171107087522,0.0016635674999129508
1981-05-01,1981-06-01,lag_0,0.0057152815915175,0.0018111794756987365,0.007970198876564527,0.001637295030905003
1981-05-01,1981-06-01,lag_1,-0.0044064948298339,-0.00032133729766087527,0.007970198876564527,0.001637295030905003
1981-05-01,1981-06-01,lag_2,0.0050752464528769,0.00031349999855933674,0.007970198876564527,0.001637295030905003
1981-05-01,1981-06-01,lag_3,-0.0042703433551958,0.00023994950903102107,0.007970198876564527,0.001637295030905003
1981-05-01,1981-06-01,lag_4,-0.0064308903302907,0.0020419327578895265,0.007970198876564527,0.001637295030905003
1981-05-01,1981-06-01,lag_5,0.0066346668586829,-0.0004821659412294821,0.007970198876564527,0.001637295030905003
1981-05-01,1981-06-01,lag_6,0.0166035078210593,-0.001037468063632332,0.007970198876564527,0.001637295030905003
1981-05-01,1981-06-01,lag_7,0.0126315442892757,0.0009632855156587539,0.007970198876564527,0.001637295030905003
1981-05-01,1981-06-01,lag_8,0.0163657788171902,0.0018263293338668517,0.007970198876564527,0.001637295030905003
1981-05-01,1981-06-01,lag_9,0.0031306452630932,-0.0001341584865446066,0.007970198876564527,0.001637295030905003
1981-05-01,1981-06-01,lag_10,-0.0070588214834401,0.0023472400961179573,0.007970198876564527,0.001637295030905003
1981-05-01,1981-06-01,lag_11,-0.0130064388579431,9.654301443447366e-05,0.007970198876564527,0.001637295030905003
1981-05-01,1981-06-01,volatility_3m,0.005668089340844675,-0.0013319259969495078,0.007970198876564527,0.001637295030905003
1981-06-01,1981-07-01,lag_0,0.005081934033587,0.0009855588122536574,0.0044976668579121476,0.0016108405528295327
1981-06-01,1981-07-01,lag_1,0.0057152815915175,0.00047895666544718553,0.0044976668579121476,0.0016108405528295327
1981-06-01,1981-07-01,lag_2,-0.0044064948298339,0.0011141341140398708,0.0044976668579121476,0.0016108405528295327
1981-06-01,1981-07-01,lag_3,0.0050752464528769,-0.001591924352590013,0.0044976668579121476,0.0016108405528295327
1981-06-01,1981-07-01,lag_4,-0.0042703433551958,0.002926939228032097,0.0044976668579121476,0.0016108405528295327
1981-06-01,1981-07-01,lag_5,-0.0064308903302907,0.0009468353477620895,0.0044976668579121476,0.0016108405528295327
1981-06-01,1981-07-01,lag_6,0.0066346668586829,-0.001975671846912519,0.0044976668579121476,0.0016108405528295327
1981-06-01,1981-07-01,lag_7,0.0166035078210593,0.000645397532834977,0.0044976668579121476,0.0016108405528295327
1981-06-01,1981-07-01,lag_8,0.0126315442892757,0.002189976796348674,0.0044976668579121476,0.0016108405528295327
1981-06-01,1981-07-01,lag_9,0.0163657788171902,9.895193070633468e-05,0.0044976668579121476,0.0016108405528295327
1981-06-01,1981-07-01,lag_10,0.0031306452630932,-0.0006999777670762342,0.0044976668579121476,0.0016108405528295327
1981-06-01,1981-07-01,lag_11,-0.0070588214834401,-0.0006692703510088904,0.0044976668579121476,0.0016108405528295327
1981-06-01,1981-07-01,volatility_3m,0.005669829058992292,-0.0015630799217274216,0.0044976668579121476,0.0016108405528295327
1981-07-01,1981-08-01,lag_0,0.0065337407155321,0.0014843388661211065,0.005579152201061836,0.001647226681337855
1981-07-01,1981-08-01,lag_1,0.005081934033587,0.00017069691583856183,0.005579152201061836,0.001647226681337855
1981-07-01,1981-08-01,lag_2,0.0057152815915175,-0.00029882316852422266,0.005579152201061836,0.001647226681337855
1981-07-01,1981-08-01,lag_3,-0.0044064948298339,0.00043628680162782985,0.005579152201061836,0.001647226681337855
1981-07-01,1981-08-01,lag_4,0.0050752464528769,-0.0002578494776139451,0.005579152201061836,0.001647226681337855
1981-07-01,1981-08-01,lag_5,-0.0042703433551958,0.0009249634963248354,0.005579152201061836,0.001647226681337855
1981-07-01,1981-08-01,lag_6,-0.0064308903302907,6.612519793179672e-05,0.005579152201061836,0.001647226681337855
1981-07-01,1981-08-01,lag_7,0.0066346668586829,5.3311283791117605e-05,0.005579152201061836,0.001647226681337855
1981-07-01,1981-08-01,lag_8,0.0166035078210593,0.0015851100903500992,0.005579152201061836,0.001647226681337855
1981-07-01,1981-08-01,lag_9,0.0126315442892757,0.0007440571411098062,0.005579152201061836,0.001647226681337855
1981-07-01,1981-08-01,lag_10,0.0163657788171902,-0.0003316130630923908,0.005579152201061836,0.001647226681337855
1981-07-01,1981-08-01,lag_11,0.0031306452630932,-0.0010565758876214205,0.005579152201061836,0.001647226681337855
1981-07-01,1981-08-01,volatility_3m,0.0007426591278476368,0.00041189750138300954,0.005579152201061836,0.001647226681337855
1981-08-01,1981-09-01,lag_0,-0.0012472241215277,-0.0012591005314743597,-0.0019881540293031686,0.001645659201640122
1981-08-01,1981-09-01,lag_1,0.0065337407155321,0.0006740241351690201,-0.0019881540293031686,0.001645659201640122
1981-08-01,1981-09-01,lag_2,0.005081934033587,-0.00020009775781545613,-0.0019881540293031686,0.001645659201640122
1981-08-01,1981-09-01,lag_3,0.0057152815915175,-0.0008510452741552399,-0.0019881540293031686,0.001645659201640122
1981-08-01,1981-09-01,lag_4,-0.0044064948298339,0.001071594940774503,-0.0019881540293031686,0.001645659201640122
1981-08-01,1981-09-01,lag_5,0.0050752464528769,-0.001822062837084104,-0.0019881540293031686,0.001645659201640122
1981-08-01,1981-09-01,lag_6,-0.0042703433551958,-0.0008324382757746207,-0.0019881540293031686,0.001645659201640122
1981-08-01,1981-09-01,lag_7,-0.0064308903302907,-0.00025698074510728476,-0.0019881540293031686,0.001645659201640122
1981-08-01,1981-09-01,lag_8,0.0066346668586829,3.398100016966055e-05,-0.0019881540293031686,0.001645659201640122
1981-08-01,1981-09-01,lag_9,0.0166035078210593,0.0003400785027224629,-0.0019881540293031686,0.001645659201640122
1981-08-01,1981-09-01,lag_10,0.0126315442892757,-0.0005994670718644102,-0.0019881540293031686,0.001645659201640122
1981-08-01,1981-09-01,lag_11,0.0163657788171902,-0.0003651865168035329,-0.0019881540293031686,0.001645659201640122
1981-08-01,1981-09-01,volatility_3m,0.00413741866767506,0.00043288715412700187,-0.0019881540293031686,0.001645659201640122
1981-09-01,1981-10-01,lag_0,-0.0048275681612497,-0.0024525642974731455,-0.008390187728635312,0.001520490577514688
1981-09-01,1981-10-01,lag_1,-0.0012472241215277,-0.0016141018134771912,-0.008390187728635312,0.001520490577514688
1981-09-01,1981-10-01,lag_2,0.0065337407155321,0.0002223025915350263,-0.008390187728635312,0.001520490577514688
1981-09-01,1981-10-01,lag_3,0.005081934033587,-0.0018109868961346364,-0.008390187728635312,0.001520490577514688
1981-09-01,1981-10-01,lag_4,0.0057152815915175,0.00017502158847037207,-0.008390187728635312,0.001520490577514688
1981-09-01,1981-10-01,lag_5,-0.0044064948298339,0.00032609210473083294,-0.008390187728635312,0.001520490577514688
1981-09-01,1981-10-01,lag_6,0.0050752464528769,0.0015128106161910182,-0.008390187728635312,0.001520490577514688
1981-09-01,1981-10-01,lag_7,-0.0042703433551958,-0.0015414388964882164,-0.008390187728635312,0.001520490577514688
1981-09-01,1981-10-01,lag_8,-0.0064308903302907,-0.0030248035479644385,-0.008390187728635312,0.001520490577514688
1981-09-01,1981-10-01,lag_9,0.0066346668586829,0.0011682322113722421,-0.008390187728635312,0.001520490577514688
1981-09-01,1981-10-01,lag_10,0.0166035078210593,-0.0004898626788258298,-0.008390187728635312,0.001520490577514688
1981-09-01,1981-10-01,lag_11,0.0126315442892757,-0.00036243522147287875,-0.008390187728635312,0.001520490577514688
1981-09-01,1981-10-01,volatility_3m,0.005808637485560833,-0.0020189438741726917,-0.008390187728635312,0.001520490577514688
1981-10-01,1981-11-01,lag_0,-0.0079171382626155,-0.0014530648843378913,-0.005158501703765302,0.0014430321916320504
1981-10-01,1981-11-01,lag_1,-0.0048275681612497,0.000816454292207709,-0.005158501703765302,0.0014430321916320504
1981-10-01,1981-11-01,lag_2,-0.0012472241215277,-0.00050763119314297,-0.005158501703765302,0.0014430321916320504
1981-10-01,1981-11-01,lag_3,0.0065337407155321,-0.00027700493590145927,-0.005158501703765302,0.0014430321916320504
1981-10-01,1981-11-01,lag_4,0.005081934033587,0.0006980224960534542,-0.005158501703765302,0.0014430321916320504
1981-10-01,1981-11-01,lag_5,0.0057152815915175,-0.0019142008097617236,-0.005158501703765302,0.0014430321916320504
1981-10-01,1981-11-01,lag_6,-0.0044064948298339,-0.0003597047347602711,-0.005158501703765302,0.0014430321916320504
1981-10-01,1981-11-01,lag_7,0.0050752464528769,0.0006609953744555241,-0.005158501703765302,0.0014430321916320504
1981-10-01,1981-11-01,lag_8,-0.0042703433551958,-0.0031285439507519187,-0.005158501703765302,0.0014430321916320504
1981-10-01,1981-11-01,lag_9,-0.0064308903302907,-0.0015788768756283388,-0.005158501703765302,0.0014430321916320504
1981-10-01,1981-11-01,lag_10,0.0066346668586829,0.00028333737625871433,-0.005158501703765302,0.0014430321916320504
1981-10-01,1981-11-01,lag_11,0.0166035078210593,-0.0015634756448343978,-0.005158501703765302,0.0014430321916320504
1981-10-01,1981-11-01,volatility_3m,0.003337964986422848,0.0017221596610670531,-0.005158501703765302,0.0014430321916320504
1981-11-01,1981-12-01,lag_0,-0.0116910828757204,-0.0035151458866312167,-0.0019974906342330448,0.0012737932185498022
1981-11-01,1981-12-01,lag_1,-0.0079171382626155,-0.0013067345528838814,-0.0019974906342330448,0.0012737932185498022
1981-11-01,1981-12-01,lag_2,-0.0048275681612497,3.8240195913203933e-05,-0.0019974906342330448,0.0012737932185498022
1981-11-01,1981-12-01,lag_3,-0.0012472241215277,0.000409354045591499,-0.0019974906342330448,0.0012737932185498022
1981-11-01,1981-12-01,lag_4,0.0065337407155321,0.0009727022840752398,-0.0019974906342330448,0.0012737932185498022
1981-11-01,1981-12-01,lag_5,0.005081934033587,-0.001512607591773758,-0.0019974906342330448,0.0012737932185498022
1981-11-01,1981-12-01,lag_6,0.0057152815915175,0.0012039363269332171,-0.0019974906342330448,0.0012737932185498022
1981-11-01,1981-12-01,lag_7,-0.0044064948298339,-0.0007447776029357555,-0.0019974906342330448,0.0012737932185498022
1981-11-01,1981-12-01,lag_8,0.0050752464528769,0.0011205037305035148,-0.0019974906342330448,0.0012737932185498022
1981-11-01,1981-12-01,lag_9,-0.0042703433551958,-0.0029252577653875278,-0.0019974906342330448,0.0012737932185498022
1981-11-01,1981-12-01,lag_10,-0.0064308903302907,0.0013479178935017445,-0.0019974906342330448,0.0012737932185498022
1981-11-01,1981-12-01,lag_11,0.0066346668586829,0.0004922265221921407,-0.0019974906342330448,0.0012737932185498022
1981-11-01,1981-12-01,volatility_3m,0.0034374393470962454,0.0011483585864652923,-0.0019974906342330448,0.0012737932185498022
1981-12-01,1982-01-01,lag_0,-0.0106904281928961,-0.005688427797172153,-0.009554644646689927,0.0011836303364836437
1981-12-01,1982-01-01,lag_1,-0.0116910828757204,-0.001480454988109159,-0.009554644646689927,0.0011836303364836437
1981-12-01,1982-01-01,lag_2,-0.0079171382626155,-0.00021833773561411363,-0.009554644646689927,0.0011836303364836437
1981-12-01,1982-01-01,lag_3,-0.0048275681612497,-0.0003211279173638104,-0.009554644646689927,0.0011836303364836437
1981-12-01,1982-01-01,lag_4,-0.0012472241215277,-0.0022096415206760865,-0.009554644646689927,0.0011836303364836437
1981-12-01,1982-01-01,lag_5,0.0065337407155321,-0.0021153406011035257,-0.009554644646689927,0.0011836303364836437
1981-12-01,1982-01-01,lag_6,0.005081934033587,0.0015027423593392086,-0.009554644646689927,0.0011836303364836437
1981-12-01,1982-01-01,lag_7,0.0057152815915175,0.0005378244402959354,-0.009554644646689927,0.0011836303364836437
1981-12-01,1982-01-01,lag_8,-0.0044064948298339,-0.0027490245407329893,-0.009554644646689927,0.0011836303364836437
1981-12-01,1982-01-01,lag_9,0.0050752464528769,0.001869466866834273,-0.009554644646689927,0.0011836303364836437
1981-12-01,1982-01-01,lag_10,-0.0042703433551958,0.0005336693325307351,-0.009554644646689927,0.0011836303364836437
1981-12-01,1982-01-01,lag_11,-0.0064308903302907,-8.762640192344406e-05,-0.009554644646689927,0.0011836303364836437
1981-12-01,1982-01-01,volatility_3m,0.0019551259454076726,-0.0003119964596589853,-0.009554644646689927,0.0011836303364836437
1982-01-01,1982-02-01,lag_0,-0.0208619331800021,-0.0054944059672288855,-0.003342668687183184,0.0008922320421772634
1982-01-01,1982-02-01,lag_1,-0.0106904281928961,-0.00044018413102321575,-0.003342668687183184,0.0008922320421772634
1982-01-01,1982-02-01,lag_2,-0.0116910828757204,0.000773388284601424,-0.003342668687183184,0.0008922320421772634
1982-01-01,1982-02-01,lag_3,-0.0079171382626155,-0.0001433848734603771,-0.003342668687183184,0.0008922320421772634
1982-01-01,1982-02-01,lag_4,-0.0048275681612497,0.0007566827220944106,-0.003342668687183184,0.0008922320421772634
1982-01-01,1982-02-01,lag_5,-0.0012472241215277,0.0013085980440382628,-0.003342668687183184,0.0008922320421772634
1982-01-01,1982-02-01,lag_6,0.0065337407155321,-0.0011287670927822547,-0.003342668687183184,0.0008922320421772634
1982-01-01,1982-02-01,lag_7,0.005081934033587,0.0008527067079228346,-0.003342668687183184,0.0008922320421772634
1982-01-01,1982-02-01,lag_8,0.0057152815915175,0.0010337389123606044,-0.003342668687183184,0.0008922320421772634
1982-01-01,1982-02-01,lag_9,-0.0044064948298339,-0.0017094897033666711,-0.003342668687183184,0.0008922320421772634
1982-01-01,1982-02-01,lag_10,0.0050752464528769,0.000523884507024377,-0.003342668687183184,0.0008922320421772634
1982-01-01,1982-02-01,lag_11,-0.0042703433551958,0.00029648345432633507,-0.003342668687183184,0.0008922320421772634
1982-01-01,1982-02-01,volatility_3m,0.005606028285107086,-0.0008641514538339834,-0.003342668687183184,0.0008922320421772634
1982-02-01,1982-03-01,lag_0,0.0201582605211254,0.007042642710703148,0.011915829309520827,0.0010245789554844153
1982-02-01,1982-03-01,lag_1,-0.0208619331800021,0.0007382279851663043,0.011915829309520827,0.0010245789554844153
1982-02-01,1982-03-01,lag_2,-0.0106904281928961,0.000396651987102814,0.011915829309520827,0.0010245789554844153
1982-02-01,1982-03-01,lag_3,-0.0116910828757204,0.0015383616347889983,0.011915829309520827,0.0010245789554844153
1982-02-01,1982-03-01,lag_4,-0.0079171382626155,0.0022803201381248073,0.011915829309520827,0.0010245789554844153
1982-02-01,1982-03-01,lag_5,-0.0048275681612497,0.0012012399402692609,0.011915829309520827,0.0010245789554844153
1982-02-01,1982-03-01,lag_6,-0.0012472241215277,-0.0003004979027218724,0.011915829309520827,0.0010245789554844153
1982-02-01,1982-03-01,lag_7,0.0065337407155321,5.500636894566924e-05,0.011915829309520827,0.0010245789554844153
1982-02-01,1982-03-01,lag_8,0.005081934033587,0.001296648359275423,0.011915829309520827,0.0010245789554844153
1982-02-01,1982-03-01,lag_9,0.0057152815915175,0.001077627556464904,0.011915829309520827,0.0010245789554844153
1982-02-01,1982-03-01,lag_10,-0.0044064948298339,-0.0011800761620577305,0.011915829309520827,0.0010245789554844153
1982-02-01,1982-03-01,lag_11,0.0050752464528769,-0.0003595450705506664,0.011915829309520827,0.0010245789554844153
1982-02-01,1982-03-01,volatility_3m,0.01867426392669918,-0.0028953573483750006,0.011915829309520827,0.0010245789554844153
1982-03-01,1982-04-01,lag_0,-0.0066662956298908,-0.002266884159427036,0.0019817448407181957,0.0009226651275529136
1982-03-01,1982-04-01,lag_1,0.0201582605211254,0.0013411463322552208,0.0019817448407181957,0.0009226651275529136
1982-03-01,1982-04-01,lag_2,-0.0208619331800021,0.00115900505013542,0.0019817448407181957,0.0009226651275529136
1982-03-01,1982-04-01,lag_3,-0.0106904281928961,-0.00018471591154593626,0.0019817448407181957,0.0009226651275529136
1982-03-01,1982-04-01,lag_4,-0.0116910828757204,0.0005660088976810584,0.0019817448407181957,0.0009226651275529136
1982-03-01,1982-04-01,lag_5,-0.0079171382626155,0.0003743883549077509,0.0019817448407181957,0.0009226651275529136
1982-03-01,1982-04-01,lag_6,-0.0048275681612497,-0.0003062273972409457,0.0019817448407181957,0.0009226651275529136
1982-03-01,1982-04-01,lag_7,-0.0012472241215277,-0.0017375677722475302,0.0019817448407181957,0.0009226651275529136
1982-03-01,1982-04-01,lag_8,0.0065337407155321,0.0004953464642267136,0.0019817448407181957,0.0009226651275529136
1982-03-01,1982-04-01,lag_9,0.005081934033587,0.0007383942987098636,0.0019817448407181957,0.0009226651275529136
1982-03-01,1982-04-01,lag_10,0.0057152815915175,0.00084945120741736,0.0019817448407181957,0.0009226651275529136
1982-03-01,1982-04-01,lag_11,-0.0044064948298339,0.001946671473428978,0.0019817448407181957,0.0009226651275529136
1982-03-01,1982-04-01,volatility_3m,0.01991189372234551,-0.0019159370801207843,0.0019817448407181957,0.0009226651275529136
1982-04-01,1982-05-01,lag_0,-0.00927524186261,-0.005639385662470886,-0.009332660512137134,0.0008471513590316414
1982-04-01,1982-05-01,lag_1,-0.0066662956298908,0.0003730126977279724,-0.009332660512137134,0.0008471513590316414
1982-04-01,1982-05-01,lag_2,0.0201582605211254,-0.00014720911179210816,-0.009332660512137134,0.0008471513590316414
1982-04-01,1982-05-01,lag_3,-0.0208619331800021,-0.00020451266530471912,-0.009332660512137134,0.0008471513590316414
1982-04-01,1982-05-01,lag_4,-0.0106904281928961,-0.00038562183846352127,-0.009332660512137134,0.0008471513590316414
1982-04-01,1982-05-01,lag_5,-0.0116910828757204,-0.0011481129293179038,-0.009332660512137134,0.0008471513590316414
1982-04-01,1982-05-01,lag_6,-0.0079171382626155,-0.000424067007757003,-0.009332660512137134,0.0008471513590316414
1982-04-01,1982-05-01,lag_7,-0.0048275681612497,-0.00035475447633643854,-0.009332660512137134,0.0008471513590316414
1982-04-01,1982-05-01,lag_8,-0.0012472241215277,-0.0007358320466983059,-0.009332660512137134,0.0008471513590316414
1982-04-01,1982-05-01,lag_9,0.0065337407155321,0.0005063753340346011,-0.009332660512137134,0.0008471513590316414
1982-04-01,1982-05-01,lag_10,0.005081934033587,0.0006567437062199133,-0.009332660512137134,0.0008471513590316414
1982-04-01,1982-05-01,lag_11,0.0057152815915175,-0.00090875882896853,-0.009332660512137134,0.0008471513590316414
1982-04-01,1982-05-01,volatility_3m,0.016292608117986093,-0.0017676890054048044,-0.009332660512137134,0.0008471513590316414
1982-05-01,1982-06-01,lag_0,-0.0066794151215754,-0.005024902241780182,-0.005324113622460462,0.0008499179448434403
1982-05-01,1982-06-01,lag_1,-0.00927524186261,0.00015017666603625912,-0.005324113622460462,0.0008499179448434403
1982-05-01,1982-06-01,lag_2,-0.0066662956298908,0.000936787943805939,-0.005324113622460462,0.0008499179448434403
1982-05-01,1982-06-01,lag_3,0.0201582605211254,0.000597542511982283,-0.005324113622460462,0.0008499179448434403
1982-05-01,1982-06-01,lag_4,-0.0208619331800021,-0.0003936436898948159,-0.005324113622460462,0.0008499179448434403
1982-05-01,1982-06-01,lag_5,-0.0106904281928961,0.0012896822493098626,-0.005324113622460462,0.0008499179448434403
1982-05-01,1982-06-01,lag_6,-0.0116910828757204,-0.0003032532350425754,-0.005324113622460462,0.0008499179448434403
1982-05-01,1982-06-01,lag_7,-0.0079171382626155,-0.0013677976602684795,-0.005324113622460462,0.0008499179448434403
1982-05-01,1982-06-01,lag_8,-0.0048275681612497,-0.002495798127606577,-0.005324113622460462,0.0008499179448434403
1982-05-01,1982-06-01,lag_9,-0.0012472241215277,0.0008909196168588096,-0.005324113622460462,0.0008499179448434403
1982-05-01,1982-06-01,lag_10,0.0065337407155321,0.00025009090922139876,-0.005324113622460462,0.0008499179448434403
1982-05-01,1982-06-01,lag_11,0.005081934033587,-0.001120520377712637,-0.005324113622460462,0.0008499179448434403
1982-05-01,1982-06-01,volatility_3m,0.0015025028583307302,0.00041668389814276453,-0.005324113622460462,0.0008499179448434403
1982-06-01,1982-07-01,lag_0,-0.0026065618328554,-0.002109011775341969,-0.002809965720661209,0.0008789442292232854
1982-06-01,1982-07-01,lag_1,-0.0066794151215754,0.0009316085420232412,-0.002809965720661209,0.0008789442292232854
1982-06-01,1982-07-01,lag_2,-0.00927524186261,-0.00022592568067466345,-0.002809965720661209,0.0008789442292232854
1982-06-01,1982-07-01,lag_3,-0.0066662956298908,0.0005031175269436972,-0.002809965720661209,0.0008789442292232854
1982-06-01,1982-07-01,lag_4,0.0201582605211254,0.00070495793071359,-0.002809965720661209,0.0008789442292232854
1982-06-01,1982-07-01,lag_5,-0.0208619331800021,0.0014775929555821677,-0.002809965720661209,0.0008789442292232854
1982-06-01,1982-07-01,lag_6,-0.0106904281928961,0.000594732560225566,-0.002809965720661209,0.0008789442292232854
1982-06-01,1982-07-01,lag_7,-0.0116910828757204,-0.0003669595559176741,-0.002809965720661209,0.0008789442292232854
1982-06-01,1982-07-01,lag_8,-0.0079171382626155,-0.0029050531747452624,-0.002809965720661209,0.0008789442292232854
1982-06-01,1982-07-01,lag_9,-0.0048275681612497,-0.0018687856393421497,-0.002809965720661209,0.0008789442292232854
1982-06-01,1982-07-01,lag_10,-0.0012472241215277,-0.0004098454740051238,-0.002809965720661209,0.0008789442292232854
1982-06-01,1982-07-01,lag_11,0.0065337407155321,-0.0008936636830640055,-0.002809965720661209,0.0008789442292232854
1982-06-01,1982-07-01,volatility_3m,0.0033614913287645476,0.0008783255276784984,-0.002809965720661209,0.0008789442292232854
1982-07-01,1982-08-01,lag_0,-0.0032920314435886,-0.0019510416637467643,-0.005264655935084598,0.00083384642796749
1982-07-01,1982-08-01,lag_1,-0.0026065618328554,-0.00244414842205515,-0.005264655935084598,0.00083384642796749
1982-07-01,1982-08-01,lag_2,-0.0066794151215754,-0.0004696944587294638,-0.005264655935084598,0.00083384642796749
1982-07-01,1982-08-01,lag_3,-0.00927524186261,0.00086667489964384,-0.005264655935084598,0.00083384642796749
1982-07-01,1982-08-01,lag_4,-0.0066662956298908,0.0016099908589467305,-0.005264655935084598,0.00083384642796749
1982-07-01,1982-08-01,lag_5,0.0201582605211254,-0.00046891123144177983,-0.005264655935084598,0.00083384642796749
1982-07-01,1982-08-01,lag_6,-0.0208619331800021,1.8256345356348901e-06,-0.005264655935084598,0.00083384642796749
1982-07-01,1982-08-01,lag_7,-0.0106904281928961,-0.0007650324551741506,-0.005264655935084598,0.00083384642796749
1982-07-01,1982-08-01,lag_8,-0.0116910828757204,-0.0028406900422032776,-0.005264655935084598,0.00083384642796749
1982-07-01,1982-08-01,lag_9,-0.0079171382626155,-0.0020455936190739974,-0.005264655935084598,0.00083384642796749
1982-07-01,1982-08-01,lag_10,-0.0048275681612497,-0.0008911720134324241,-0.005264655935084598,0.00083384642796749
1982-07-01,1982-08-01,lag_11,-0.0012472241215277,0.0013238069759972859,-0.005264655935084598,0.00083384642796749
1982-07-01,1982-08-01,volatility_3m,0.002180686844420332,0.001975483156793416,-0.005264655935084598,0.00083384642796749
1982-08-01,1982-09-01,lag_0,-0.0091708008352875,-0.005609176663556354,-0.0070591466471990934,0.0007512136516270117
1982-08-01,1982-09-01,lag_1,-0.0032920314435886,-0.0018540429121503622,-0.0070591466471990934,0.0007512136516270117
1982-08-01,1982-09-01,lag_2,-0.0026065618328554,0.00012796134262771375,-0.0070591466471990934,0.0007512136516270117
1982-08-01,1982-09-01,lag_3,-0.0066794151215754,0.0007266932944071414,-0.0070591466471990934,0.0007512136516270117
1982-08-01,1982-09-01,lag_4,-0.00927524186261,0.0005853021394796087,-0.0070591466471990934,0.0007512136516270117
1982-08-01,1982-09-01,lag_5,-0.0066662956298908,0.001882341662626459,-0.0070591466471990934,0.0007512136516270117
1982-08-01,1982-09-01,lag_6,0.0201582605211254,-0.0011420443747601893,-0.0070591466471990934,0.0007512136516270117
1982-08-01,1982-09-01,lag_7,-0.0208619331800021,-0.0013755674453250321,-0.0070591466471990934,0.0007512136516270117
1982-08-01,1982-09-01,lag_8,-0.0106904281928961,-0.0022532546747561356,-0.0070591466471990934,0.0007512136516270117
1982-08-01,1982-09-01,lag_9,-0.0116910828757204,-0.0010409281262741387,-0.0070591466471990934,0.0007512136516270117
1982-08-01,1982-09-01,lag_10,-0.0079171382626155,-0.0005956024877013988,-0.0070591466471990934,0.0007512136516270117
1982-08-01,1982-09-01,lag_11,-0.0048275681612497,0.0017980263033859955,-0.0070591466471990934,0.0007512136516270117
1982-08-01,1982-09-01,volatility_3m,0.0036083013507989545,0.0009399315484142789,-0.0070591466471990934,0.0007512136516270117
1982-09-01,1982-10-01,lag_0,-0.0024687251904382,-0.001842483402107291,0.0037344218929411767,0.0006545919616006521
1982-09-01,1982-10-01,lag_1,-0.0091708008352875,0.0003960922298574587,0.0037344218929411767,0.0006545919616006521
1982-09-01,1982-10-01,lag_2,-0.0032920314435886,0.0002217889086921332,0.0037344218929411767,0.0006545919616006521
1982-09-01,1982-10-01,lag_3,-0.0026065618328554,-0.0002942367637501775,0.0037344218929411767,0.0006545919616006521
1982-09-01,1982-10-01,lag_4,-0.0066794151215754,0.0004969117639666365,0.0037344218929411767,0.0006545919616006521
1982-09-01,1982-10-01,lag_5,-0.00927524186261,0.002404335999669911,0.0037344218929411767,0.0006545919616006521
1982-09-01,1982-10-01,lag_6,-0.0066662956298908,-0.00048803456009636646,0.0037344218929411767,0.0006545919616006521
1982-09-01,1982-10-01,lag_7,0.0201582605211254,0.0009482858002138527,0.0037344218929411767,0.0006545919616006521
1982-09-01,1982-10-01,lag_8,-0.0208619331800021,-0.0026625516892408996,0.0037344218929411767,0.0006545919616006521
1982-09-01,1982-10-01,lag_9,-0.0106904281928961,0.000443440176779859,0.0037344218929411767,0.0006545919616006521
1982-09-01,1982-10-01,lag_10,-0.0116910828757204,0.00012905109459552478,0.0037344218929411767,0.0006545919616006521
1982-09-01,1982-10-01,lag_11,-0.0079171382626155,0.0020248210276031385,0.0037344218929411767,0.0006545919616006521
1982-09-01,1982-10-01,volatility_3m,0.0036550326194744734,0.001302409346960758,0.0037344218929411767,0.0006545919616006521
1982-10-01,1982-11-01,lag_0,-0.0097275827660441,-0.004341929997399348,-0.008723913514921631,0.0005805550001401684
1982-10-01,1982-11-01,lag_1,-0.0024687251904382,-0.0012808869755599516,-0.008723913514921631,0.0005805550001401684
1982-10-01,1982-11-01,lag_2,-0.0091708008352875,3.5073548820037106e-05,-0.008723913514921631,0.0005805550001401684
1982-10-01,1982-11-01,lag_3,-0.0032920314435886,-0.0021620375531438184,-0.008723913514921631,0.0005805550001401684
1982-10-01,1982-11-01,lag_4,-0.0026065618328554,-0.0019231133923631205,-0.008723913514921631,0.0005805550001401684
1982-10-01,1982-11-01,lag_5,-0.0066794151215754,0.00022068244983529438,-0.008723913514921631,0.0005805550001401684
1982-10-01,1982-11-01,lag_6,-0.00927524186261,3.1336129109149624e-06,-0.008723913514921631,0.0005805550001401684
1982-10-01,1982-11-01,lag_7,-0.0066662956298908,-0.0017771625122441038,-0.008723913514921631,0.0005805550001401684
1982-10-01,1982-11-01,lag_8,0.0201582605211254,0.0023161118192001596,-0.008723913514921631,0.0005805550001401684
1982-10-01,1982-11-01,lag_9,-0.0208619331800021,-0.0018196061001435736,-0.008723913514921631,0.0005805550001401684
1982-10-01,1982-11-01,lag_10,-0.0106904281928961,0.0006041298951981844,-0.008723913514921631,0.0005805550001401684
1982-10-01,1982-11-01,lag_11,-0.0116910828757204,0.0003693908242712496,-0.008723913514921631,0.0005805550001401684
1982-10-01,1982-11-01,volatility_3m,0.00403977799246919,0.00045174579404829275,-0.008723913514921631,0.0005805550001401684
1982-11-01,1982-12-01,lag_0,-0.0032538001112216,-0.002600542217421662,-0.0036026126704519776,0.0005340762135205129
1982-11-01,1982-12-01,lag_1,-0.0097275827660441,-0.0006573964231438367,-0.0036026126704519776,0.0005340762135205129
1982-11-01,1982-12-01,lag_2,-0.0024687251904382,-0.00039229308639278317,-0.0036026126704519776,0.0005340762135205129
1982-11-01,1982-12-01,lag_3,-0.0091708008352875,0.0007335692448555164,-0.0036026126704519776,0.0005340762135205129
1982-11-01,1982-12-01,lag_4,-0.0032920314435886,0.001469044712134746,-0.0036026126704519776,0.0005340762135205129
1982-11-01,1982-12-01,lag_5,-0.0026065618328554,-0.00040370581158640564,-0.0036026126704519776,0.0005340762135205129
1982-11-01,1982-12-01,lag_6,-0.0066794151215754,-0.0008406791368133781,-0.0036026126704519776,0.0005340762135205129
1982-11-01,1982-12-01,lag_7,-0.00927524186261,0.0012340163665476211,-0.0036026126704519776,0.0005340762135205129
1982-11-01,1982-12-01,lag_8,-0.0066662956298908,-0.00284947502875184,-0.0036026126704519776,0.0005340762135205129
1982-11-01,1982-12-01,lag_9,0.0201582605211254,1.0849559215557747e-05,-0.0036026126704519776,0.0005340762135205129
1982-11-01,1982-12-01,lag_10,-0.0208619331800021,0.0007025133194497357,-0.0036026126704519776,0.0005340762135205129
1982-11-01,1982-12-01,lag_11,-0.0106904281928961,-0.0004410121055298077,-0.0036026126704519776,0.0005340762135205129
1982-11-01,1982-12-01,volatility_3m,0.003983658657483405,-0.0001015783460570674,-0.0036026126704519776,0.0005340762135205129
1982-12-01,1983-01-01,lag_0,-0.0070995665994071,-0.002853873744147677,-0.006256355491302394,0.0005750267574010879
1982-12-01,1983-01-01,lag_1,-0.0032538001112216,-0.0003735495718592574,-0.006256355491302394,0.0005750267574010879
1982-12-01,1983-01-01,lag_2,-0.0097275827660441,0.000998191159669659,-0.006256355491302394,0.0005750267574010879
1982-12-01,1983-01-01,lag_3,-0.0024687251904382,-0.001247104479218706,-0.006256355491302394,0.0005750267574010879
1982-12-01,1983-01-01,lag_4,-0.0091708008352875,-0.0003418860982037586,-0.006256355491302394,0.0005750267574010879
1982-12-01,1983-01-01,lag_5,-0.0032920314435886,0.00010618777712352312,-0.006256355491302394,0.0005750267574010879
1982-12-01,1983-01-01,lag_6,-0.0026065618328554,0.0012882787157332133,-0.006256355491302394,0.0005750267574010879
1982-12-01,1983-01-01,lag_7,-0.0066794151215754,-0.0003776726335377134,-0.006256355491302394,0.0005750267574010879
1982-12-01,1983-01-01,lag_8,-0.00927524186261,-0.002218425751752875,-0.006256355491302394,0.0005750267574010879
1982-12-01,1983-01-01,lag_9,-0.0066662956298908,-0.000681532181035891,-0.006256355491302394,0.0005750267574010879
1982-12-01,1983-01-01,lag_10,0.0201582605211254,-0.0001885366819715273,-0.006256355491302394,0.0005750267574010879
1982-12-01,1983-01-01,lag_11,-0.0208619331800021,-0.00045932338625334526,-0.006256355491302394,0.0005750267574010879
1982-12-01,1983-01-01,volatility_3m,0.003255924106292936,-0.0004821354852629156,-0.006256355491302394,0.0005750267574010879
1983-01-01,1983-02-01,lag_0,0.0184638031987667,0.008834361288750188,0.0034749927674959068,0.0007626420328759058
1983-01-01,1983-02-01,lag_1,-0.0070995665994071,0.00024902571972688746,0.0034749927674959068,0.0007626420328759058
1983-01-01,1983-02-01,lag_2,-0.0032538001112216,-0.0008527029575247979,0.0034749927674959068,0.0007626420328759058
1983-01-01,1983-02-01,lag_3,-0.0097275827660441,0.00032647075489421694,0.0034749927674959068,0.0007626420328759058
1983-01-01,1983-02-01,lag_4,-0.0024687251904382,-4.004054888355313e-05,0.0034749927674959068,0.0007626420328759058
1983-01-01,1983-02-01,lag_5,-0.0091708008352875,0.0007587589244121773,0.0034749927674959068,0.0007626420328759058
1983-01-01,1983-02-01,lag_6,-0.0032920314435886,0.0012060158335884807,0.0034749927674959068,0.0007626420328759058
1983-01-01,1983-02-01,lag_7,-0.0026065618328554,0.0001272414539289457,0.0034749927674959068,0.0007626420328759058
1983-01-01,1983-02-01,lag_8,-0.0066794151215754,-0.0008433970671637781,0.0034749927674959068,0.0007626420328759058
1983-01-01,1983-02-01,lag_9,-0.00927524186261,-0.0014089472696741723,0.0034749927674959068,0.0007626420328759058
1983-01-01,1983-02-01,lag_10,-0.0066662956298908,-0.002308838668759563,0.0034749927674959068,0.0007626420328759058
1983-01-01,1983-02-01,lag_11,0.0201582605211254,-0.0008511922354909984,0.0034749927674959068,0.0007626420328759058
1983-01-01,1983-02-01,volatility_3m,0.013783626088284666,-0.0024844045006693705,0.0034749927674959068,0.0007626420328759058
1983-02-01,1983-03-01,lag_0,-0.0062949423731928,-0.002131152486240353,-0.006743615472858771,0.0007433623343314948
1983-02-01,1983-03-01,lag_1,0.0184638031987667,0.0007211696170861615,-0.006743615472858771,0.0007433623343314948
1983-02-01,1983-03-01,lag_2,-0.0070995665994071,0.0013943391173506824,-0.006743615472858771,0.0007433623343314948
1983-02-01,1983-03-01,lag_3,-0.0032538001112216,-0.0007070117677653798,-0.006743615472858771,0.0007433623343314948
1983-02-01,1983-03-01,lag_4,-0.0097275827660441,0.0005768480608003301,-0.006743615472858771,0.0007433623343314948
1983-02-01,1983-03-01,lag_5,-0.0024687251904382,-0.00115028570902723,-0.006743615472858771,0.0007433623343314948
1983-02-01,1983-03-01,lag_6,-0.0091708008352875,-0.001278821951577811,-0.006743615472858771,0.0007433623343314948
1983-02-01,1983-03-01,lag_7,-0.0032920314435886,-0.0018229707433056318,-0.006743615472858771,0.0007433623343314948
1983-02-01,1983-03-01,lag_8,-0.0026065618328554,-0.0015124379620976925,-0.006743615472858771,0.0007433623343314948
1983-02-01,1983-03-01,lag_9,-0.0066794151215754,-0.0007324232256598861,-0.006743615472858771,0.0007433623343314948
1983-02-01,1983-03-01,lag_10,-0.00927524186261,0.000942952748314383,-0.006743615472858771,0.0007433623343314948
1983-02-01,1983-03-01,lag_11,-0.0066662956298908,0.00134828185826791,-0.006743615472858771,0.0007433623343314948
1983-02-01,1983-03-01,volatility_3m,0.014532313293029774,-0.0031354653631922246,-0.006743615472858771,0.0007433623343314948
1983-03-01,1983-04-01,lag_0,0.0084046522038421,0.003118759653698362,0.0032942884228856946,0.001096812339471173
1983-03-01,1983-04-01,lag_1,-0.0062949423731928,-0.0006665157192543347,0.0032942884228856946,0.001096812339471173
1983-03-01,1983-04-01,lag_2,0.0184638031987667,0.0005805884396249895,0.0032942884228856946,0.001096812339471173
1983-03-01,1983-04-01,lag_3,-0.0070995665994071,0.00110575883365982,0.0032942884228856946,0.001096812339471173
1983-03-01,1983-04-01,lag_4,-0.0032538001112216,0.0016482840269873122,0.0032942884228856946,0.001096812339471173
1983-03-01,1983-04-01,lag_5,-0.0097275827660441,0.00023909216943138745,0.0032942884228856946,0.001096812339471173
1983-03-01,1983-04-01,lag_6,-0.0024687251904382,0.0021724773231881047,0.0032942884228856946,0.001096812339471173
1983-03-01,1983-04-01,lag_7,-0.0091708008352875,0.0011720304276991555,0.0032942884228856946,0.001096812339471173
1983-03-01,1983-04-01,lag_8,-0.0032920314435886,-0.0013971638272073505,0.0032942884228856946,0.001096812339471173
1983-03-01,1983-04-01,lag_9,-0.0026065618328554,-0.0015371746613664073,0.0032942884228856946,0.001096812339471173
1983-03-01,1983-04-01,lag_10,-0.0066794151215754,-0.0033470189132958693,0.0032942884228856946,0.001096812339471173
1983-03-01,1983-04-01,lag_11,-0.00927524186261,0.0009537285098258507,0.0032942884228856946,0.001096812339471173
1983-03-01,1983-04-01,volatility_3m,0.012451640332133692,-0.0018453701345652008,0.0032942884228856946,0.001096812339471173
1983-04-01,1983-05-01,lag_0,0.012580060260646,0.006821456102638877,0.011865754147116108,0.001504601632418566
1983-04-01,1983-05-01,lag_1,0.0084046522038421,-1.1741747072164798e-05,0.011865754147116108,0.001504601632418566
1983-04-01,1983-05-01,lag_2,-0.0062949423731928,-0.0008339967032407003,0.011865754147116108,0.001504601632418566
1983-04-01,1983-05-01,lag_3,0.0184638031987667,0.0005614208169049562,0.011865754147116108,0.001504601632418566
1983-04-01,1983-05-01,lag_4,-0.0070995665994071,0.0013249895816352364,0.011865754147116108,0.001504601632418566
1983-04-01,1983-05-01,lag_5,-0.0032538001112216,0.0007911612306725147,0.011865754147116108,0.001504601632418566
1983-04-01,1983-05-01,lag_6,-0.0097275827660441,0.00032315023599494453,0.011865754147116108,0.001504601632418566
1983-04-01,1983-05-01,lag_7,-0.0024687251904382,-0.0010585108839961776,0.011865754147116108,0.001504601632418566
1983-04-01,1983-05-01,lag_8,-0.0091708008352875,-0.0004950826511731065,0.011865754147116108,0.001504601632418566
1983-04-01,1983-05-01,lag_9,-0.0032920314435886,-0.0013937895875398,0.011865754147116108,0.001504601632418566
1983-04-01,1983-05-01,lag_10,-0.0026065618328554,-0.00013776710840716078,0.011865754147116108,0.001504601632418566
1983-04-01,1983-05-01,lag_11,-0.0066794151215754,0.0023696628692778175,0.011865754147116108,0.001504601632418566
1983-04-01,1983-05-01,volatility_3m,0.00991444936777831,0.002100200442987443,0.011865754147116108,0.001504601632418566
1983-05-01,1983-06-01,lag_0,0.0060151175148983,0.002353352226177776,0.009578670151107254,0.0016793537925769075
1983-05-01,1983-06-01,lag_1,0.012580060260646,0.0007938267172266933,0.009578670151107254,0.0016793537925769075
1983-05-01,1983-06-01,lag_2,0.0084046522038421,0.00045284560563231937,0.009578670151107254,0.0016793537925769075
1983-05-01,1983-06-01,lag_3,-0.0062949423731928,0.0017470631749711173,0.009578670151107254,0.0016793537925769075
1983-05-01,1983-06-01,lag_4,0.0184638031987667,-0.0008051543814713113,0.009578670151107254,0.0016793537925769075
1983-05-01,1983-06-01,lag_5,-0.0070995665994071,-0.00018219167832057793,0.009578670151107254,0.0016793537925769075
1983-05-01,1983-06-01,lag_6,-0.0032538001112216,0.0007237781540061405,0.009578670151107254,0.0016793537925769075
1983-05-01,1983-06-01,lag_7,-0.0097275827660441,0.001430157729334951,0.009578670151107254,0.0016793537925769075
1983-05-01,1983-06-01,lag_8,-0.0024687251904382,-0.0004095597856121458,0.009578670151107254,0.0016793537925769075
1983-05-01,1983-06-01,lag_9,-0.0091708008352875,-0.0010908665169290543,0.009578670151107254,0.0016793537925769075
1983-05-01,1983-06-01,lag_10,-0.0032920314435886,-0.0001122806473995297,0.009578670151107254,0.0016793537925769075
1983-05-01,1983-06-01,lag_11,-0.0026065618328554,0.0016272637135398326,0.009578670151107254,0.0016793537925769075
1983-05-01,1983-06-01,volatility_3m,0.003322709279223658,0.0013710820310370764,0.009578670151107254,0.0016793537925769075
1983-06-01,1983-07-01,lag_0,0.0061074098253901,0.003183271496236557,0.007454624781327826,0.0020332104682259156
1983-06-01,1983-07-01,lag_1,0.0060151175148983,0.000750907740839466,0.007454624781327826,0.0020332104682259156
1983-06-01,1983-07-01,lag_2,0.012580060260646,0.0007074957469012589,0.007454624781327826,0.0020332104682259156
1983-06-01,1983-07-01,lag_3,0.0084046522038421,0.0002133239232352935,0.007454624781327826,0.0020332104682259156
1983-06-01,1983-07-01,lag_4,-0.0062949423731928,0.001091607905254932,0.007454624781327826,0.0020332104682259156
1983-06-01,1983-07-01,lag_5,0.0184638031987667,-0.00038605116365943105,0.007454624781327826,0.0020332104682259156
1983-06-01,1983-07-01,lag_6,-0.0070995665994071,0.00015904761512501863,0.007454624781327826,0.0020332104682259156
1983-06-01,1983-07-01,lag_7,-0.0032538001112216,-0.0009175624779163626,0.007454624781327826,0.0020332104682259156
1983-06-01,1983-07-01,lag_8,-0.0097275827660441,-0.001184896441118326,0.007454624781327826,0.0020332104682259156
1983-06-01,1983-07-01,lag_9,-0.0024687251904382,-0.0007605258601506648,0.007454624781327826,0.0020332104682259156
1983-06-01,1983-07-01,lag_10,-0.0091708008352875,0.0009749348452533013,0.007454624781327826,0.0020332104682259156
1983-06-01,1983-07-01,lag_11,-0.0032920314435886,0.001321724113804521,0.007454624781327826,0.0020332104682259156
1983-06-01,1983-07-01,volatility_3m,0.0037639118565339184,0.0002681369993479166,0.007454624781327826,0.0020332104682259156
1983-07-01,1983-08-01,lag_0,0.0147834120886369,0.004485369118833659,0.0053402503273438364,0.002235988243632255
1983-07-01,1983-08-01,lag_1,0.0061074098253901,0.0009104318836580205,0.0053402503273438364,0.002235988243632255
1983-07-01,1983-08-01,lag_2,0.0060151175148983,0.0003168033851034124,0.0053402503273438364,0.002235988243632255
1983-07-01,1983-08-01,lag_3,0.012580060260646,0.000297605418600142,0.0053402503273438364,0.002235988243632255
1983-07-01,1983-08-01,lag_4,0.0084046522038421,-0.00048360853133999626,0.0053402503273438364,0.002235988243632255
1983-07-01,1983-08-01,lag_5,-0.0062949423731928,-9.346035552880494e-05,0.0053402503273438364,0.002235988243632255
1983-07-01,1983-08-01,lag_6,0.0184638031987667,2.5262474355258747e-05,0.0053402503273438364,0.002235988243632255
1983-07-01,1983-08-01,lag_7,-0.0070995665994071,4.549732628220227e-05,0.0053402503273438364,0.002235988243632255
1983-07-01,1983-08-01,lag_8,-0.0032538001112216,-0.0012235980530022061,0.0053402503273438364,0.002235988243632255
1983-07-01,1983-08-01,lag_9,-0.0097275827660441,-0.0004941652733759838,0.0053402503273438364,0.002235988243632255
1983-07-01,1983-08-01,lag_10,-0.0024687251904382,-0.0005396429721895401,0.0053402503273438364,0.002235988243632255
1983-07-01,1983-08-01,lag_11,-0.0091708008352875,0.000867431027800194,0.0053402503273438364,0.002235988243632255
1983-07-01,1983-08-01,volatility_3m,0.005035946168534987,-0.0010096633902867325,0.0053402503273438364,0.002235988243632255
1983-08-01,1983-09-01,lag_0,0.0117589882838116,0.00518641978596861,0.007892836550761003,0.0023185549184705475
1983-08-01,1983-09-01,lag_1,0.0147834120886369,0.0008872485423489706,0.007892836550761003,0.0023185549184705475
1983-08-01,1983-09-01,lag_2,0.0061074098253901,0.00012659229578275698,0.007892836550761003,0.0023185549184705475
1983-08-01,1983-09-01,lag_3,0.0060151175148983,4.796826124220388e-05,0.007892836550761003,0.0023185549184705475
1983-08-01,1983-09-01,lag_4,0.012580060260646,-0.0003276331129291066,0.007892836550761003,0.0023185549184705475
1983-08-01,1983-09-01,lag_5,0.0084046522038421,-0.0004906028573896038,0.007892836550761003,0.0023185549184705475
1983-08-01,1983-09-01,lag_6,-0.0062949423731928,-0.0002522288732870948,0.007892836550761003,0.0023185549184705475
1983-08-01,1983-09-01,lag_7,0.0184638031987667,-0.0005513813199468132,0.007892836550761003,0.0023185549184705475
1983-08-01,1983-09-01,lag_8,-0.0070995665994071,-0.00117941302154577,0.007892836550761003,0.0023185549184705475
1983-08-01,1983-09-01,lag_9,-0.0032538001112216,-0.000443115877587843,0.007892836550761003,0.0023185549184705475
1983-08-01,1983-09-01,lag_10,-0.0097275827660441,0.0010858083093626192,0.007892836550761003,0.0023185549184705475
1983-08-01,1983-09-01,lag_11,-0.0024687251904382,0.0013395226936336257,0.007892836550761003,0.0023185549184705475
1983-08-01,1983-09-01,volatility_3m,0.004403795591962904,0.00014509678661852376,0.007892836550761003,0.0023185549184705475
1983-09-01,1983-10-01,lag_0,0.0144399949384292,0.004741598646378406,0.006338833065583008,0.0024969896122553313
1983-09-01,1983-10-01,lag_1,0.0117589882838116,0.0007784302542495425,0.006338833065583008,0.0024969896122553313
1983-09-01,1983-10-01,lag_2,0.0147834120886369,0.001191793628167943,0.006338833065583008,0.0024969896122553313
1983-09-01,1983-10-01,lag_3,0.0061074098253901,0.0001740330299253401,0.006338833065583008,0.0024969896122553313
1983-09-01,1983-10-01,lag_4,0.0060151175148983,-0.00019044888065764099,0.006338833065583008,0.0024969896122553313
1983-09-01,1983-10-01,lag_5,0.012580060260646,0.0005877552955280408,0.006338833065583008,0.0024969896122553313
1983-09-01,1983-10-01,lag_6,0.0084046522038421,-0.0006624665599520085,0.006338833065583008,0.0024969896122553313
1983-09-01,1983-10-01,lag_7,-0.0062949423731928,-0.0006389371405748534,0.006338833065583008,0.0024969896122553313
1983-09-01,1983-10-01,lag_8,0.0184638031987667,0.000615361482177832,0.006338833065583008,0.0024969896122553313
1983-09-01,1983-10-01,lag_9,-0.0070995665994071,-0.0003980406970185868,0.006338833065583008,0.0024969896122553313
1983-09-01,1983-10-01,lag_10,-0.0032538001112216,-0.001364392807281547,0.006338833065583008,0.0024969896122553313
1983-09-01,1983-10-01,lag_11,-0.0097275827660441,0.0009418273458868498,0.006338833065583008,0.0024969896122553313
1983-09-01,1983-10-01,volatility_3m,0.00165594239897581,-0.0019346701299218694,0.006338833065583008,0.0024969896122553313
1983-10-01,1983-11-01,lag_0,0.0076167819842005,0.0025587624985564618,0.007625639286631906,0.002537381201700314
1983-10-01,1983-11-01,lag_1,0.0144399949384292,0.0010357519110402791,0.007625639286631906,0.002537381201700314
1983-10-01,1983-11-01,lag_2,0.0117589882838116,0.0013339342898689211,0.007625639286631906,0.002537381201700314
1983-10-01,1983-11-01,lag_3,0.0147834120886369,0.0004932341009953234,0.007625639286631906,0.002537381201700314
1983-10-01,1983-11-01,lag_4,0.0061074098253901,-0.0007455764384940266,0.007625639286631906,0.002537381201700314
1983-10-01,1983-11-01,lag_5,0.0060151175148983,-0.000657467899236508,0.007625639286631906,0.002537381201700314
1983-10-01,1983-11-01,lag_6,0.012580060260646,0.000718906939473527,0.007625639286631906,0.002537381201700314
1983-10-01,1983-11-01,lag_7,0.0084046522038421,5.8548542383505265e-05,0.007625639286631906,0.002537381201700314
1983-10-01,1983-11-01,lag_8,-0.0062949423731928,-0.0010601196085281118,0.007625639286631906,0.002537381201700314
1983-10-01,1983-11-01,lag_9,0.0184638031987667,0.00011246570564253488,0.007625639286631906,0.002537381201700314
1983-10-01,1983-11-01,lag_10,-0.0070995665994071,-0.00014171241264193668,0.007625639286631906,0.002537381201700314
1983-10-01,1983-11-01,lag_11,-0.0032538001112216,0.000679206452332437,0.007625639286631906,0.002537381201700314
1983-10-01,1983-11-01,volatility_3m,0.0034375840530183424,0.000702324081757979,0.007625639286631906,0.002537381201700314
1983-11-01,1983-12-01,lag_0,0.00445010147308,-0.0006585851443287539,0.004477137496946179,0.0024568780248351947
1983-11-01,1983-12-01,lag_1,0.0076167819842005,0.0004403478755193646,0.004477137496946179,0.0024568780248351947
1983-11-01,1983-12-01,lag_2,0.0144399949384292,-1.906874451378826e-05,0.004477137496946179,0.0024568780248351947
1983-11-01,1983-12-01,lag_3,0.0117589882838116,7.752398447337327e-05,0.004477137496946179,0.0024568780248351947
1983-11-01,1983-12-01,lag_4,0.0147834120886369,-0.00029859721929824444,0.004477137496946179,0.0024568780248351947
1983-11-01,1983-12-01,lag_5,0.0061074098253901,-0.0003119065506507468,0.004477137496946179,0.0024568780248351947
1983-11-01,1983-12-01,lag_6,0.0060151175148983,0.00038329648019498565,0.004477137496946179,0.0024568780248351947
1983-11-01,1983-12-01,lag_7,0.012580060260646,0.00028397347869031365,0.004477137496946179,0.0024568780248351947
1983-11-01,1983-12-01,lag_8,0.0084046522038421,0.0008844372949533863,0.004477137496946179,0.0024568780248351947
1983-11-01,1983-12-01,lag_9,-0.0062949423731928,0.0003585526533424854,0.004477137496946179,0.0024568780248351947
1983-11-01,1983-12-01,lag_10,0.0184638031987667,0.00046653416301523976,0.004477137496946179,0.0024568780248351947
1983-11-01,1983-12-01,lag_11,-0.0070995665994071,0.0007870206581537787,0.004477137496946179,0.0024568780248351947
1983-11-01,1983-12-01,volatility_3m,0.00510525990078356,-0.0003732695542930742,0.004477137496946179,0.0024568780248351947
1983-12-01,1984-01-01,lag_0,0.0050087386761155,-0.0008897182776672707,0.0011853581331030282,0.0024384184868274294
1983-12-01,1984-01-01,lag_1,0.00445010147308,0.0009818981554781203,0.0011853581331030282,0.0024384184868274294
1983-12-01,1984-01-01,lag_2,0.0076167819842005,0.00022916250009075156,0.0011853581331030282,0.0024384184868274294
1983-12-01,1984-01-01,lag_3,0.0144399949384292,0.0003779361684792093,0.0011853581331030282,0.0024384184868274294
1983-12-01,1984-01-01,lag_4,0.0117589882838116,-2.432815059364657e-05,0.0011853581331030282,0.0024384184868274294
1983-12-01,1984-01-01,lag_5,0.0147834120886369,0.0003826635546647594,0.0011853581331030282,0.0024384184868274294
1983-12-01,1984-01-01,lag_6,0.0061074098253901,0.0007420355738940998,0.0011853581331030282,0.0024384184868274294
1983-12-01,1984-01-01,lag_7,0.0060151175148983,-0.00024637645363327464,0.0011853581331030282,0.0024384184868274294
1983-12-01,1984-01-01,lag_8,0.012580060260646,0.0014014310224456494,0.0011853581331030282,0.0024384184868274294
1983-12-01,1984-01-01,lag_9,0.0084046522038421,-0.00012282614639843814,0.0011853581331030282,0.0024384184868274294
1983-12-01,1984-01-01,lag_10,-0.0062949423731928,-0.0012813528791957652,0.0011853581331030282,0.0024384184868274294
1983-12-01,1984-01-01,lag_11,0.0184638031987667,-0.0009823064167358098,0.0011853581331030282,0.0024384184868274294
1983-12-01,1984-01-01,volatility_3m,0.0016902579133065594,-0.0018212789874996816,0.0011853581331030282,0.0024384184868274294
1984-01-01,1984-02-01,lag_0,0.0197633049245928,0.004335149655225905,0.010297440260284759,0.0024497431168874675
1984-01-01,1984-02-01,lag_1,0.0050087386761155,0.0005315964917281236,0.010297440260284759,0.0024497431168874675
1984-01-01,1984-02-01,lag_2,0.00445010147308,0.00027535756713405136,0.010297440260284759,0.0024497431168874675
1984-01-01,1984-02-01,lag_3,0.0076167819842005,0.00011877645807544468,0.010297440260284759,0.0024497431168874675
1984-01-01,1984-02-01,lag_4,0.0144399949384292,-0.0002332826725069026,0.010297440260284759,0.0024497431168874675
1984-01-01,1984-02-01,lag_5,0.0117589882838116,0.000505937884645391,0.010297440260284759,0.0024497431168874675
1984-01-01,1984-02-01,lag_6,0.0147834120886369,0.0005437982315197587,0.010297440260284759,0.0024497431168874675
1984-01-01,1984-02-01,lag_7,0.0061074098253901,-0.0001473971993618761,0.010297440260284759,0.0024497431168874675
1984-01-01,1984-02-01,lag_8,0.0060151175148983,0.00034435615027177845,0.010297440260284759,0.0024497431168874675
1984-01-01,1984-02-01,lag_9,0.012580060260646,-8.188347128452734e-06,0.010297440260284759,0.0024497431168874675
1984-01-01,1984-02-01,lag_10,0.0084046522038421,-8.374184606054768e-05,0.010297440260284759,0.0024497431168874675
1984-01-01,1984-02-01,lag_11,-0.0062949423731928,-0.00012426974823029013,0.010297440260284759,0.0024497431168874675
1984-01-01,1984-02-01,volatility_3m,0.008684310571875624,0.0017896045582529042,0.010297440260284759,0.0024497431168874675
1984-02-01,1984-03-01,lag_0,0.0043840968911044,5.830403173604282e-05,0.004858403216168438,0.0024096608357999775
1984-02-01,1984-03-01,lag_1,0.0197633049245928,-1.6310667160723823e-05,0.004858403216168438,0.0024096608357999775
1984-02-01,1984-03-01,lag_2,0.0050087386761155,-0.0004523269297533261,0.004858403216168438,0.0024096608357999775
1984-02-01,1984-03-01,lag_3,0.00445010147308,-0.000822562864595966,0.004858403216168438,0.0024096608357999775
1984-02-01,1984-03-01,lag_4,0.0076167819842005,-0.0002249988803305314,0.004858403216168438,0.0024096608357999775
1984-02-01,1984-03-01,lag_5,0.0144399949384292,0.00017202133198225057,0.004858403216168438,0.0024096608357999775
1984-02-01,1984-03-01,lag_6,0.0117589882838116,0.000266101748256915,0.004858403216168438,0.0024096608357999775
1984-02-01,1984-03-01,lag_7,0.0147834120886369,0.0005131230892402528,0.004858403216168438,0.0024096608357999775
1984-02-01,1984-03-01,lag_8,0.0061074098253901,-0.00016709705158064026,0.004858403216168438,0.0024096608357999775
1984-02-01,1984-03-01,lag_9,0.0060151175148983,0.00048183811053604587,0.004858403216168438,0.0024096608357999775
1984-02-01,1984-03-01,lag_10,0.012580060260646,0.0006112078747537452,0.004858403216168438,0.0024096608357999775
1984-02-01,1984-03-01,lag_11,0.0084046522038421,4.958485129463952e-05,0.004858403216168438,0.0024096608357999775
1984-02-01,1984-03-01,volatility_3m,0.008704476264903416,0.001979857753194665,0.004858403216168438,0.0024096608357999775
1984-03-01,1984-04-01,lag_0,0.0048838204638044,0.0006623792714890442,0.006212326967576408,0.0024686765640398846
1984-03-01,1984-04-01,lag_1,0.0043840968911044,0.001194100420052564,0.006212326967576408,0.0024686765640398846
1984-03-01,1984-04-01,lag_2,0.0197633049245928,0.00046316313117131355,0.006212326967576408,0.0024686765640398846
1984-03-01,1984-04-01,lag_3,0.0050087386761155,-0.0006220947647670983,0.006212326967576408,0.0024686765640398846
1984-03-01,1984-04-01,lag_4,0.00445010147308,-0.0006329625060789112,0.006212326967576408,0.0024686765640398846
1984-03-01,1984-04-01,lag_5,0.0076167819842005,-0.0003524133570772392,0.006212326967576408,0.0024686765640398846
1984-03-01,1984-04-01,lag_6,0.0144399949384292,0.0006315321053625666,0.006212326967576408,0.0024686765640398846
1984-03-01,1984-04-01,lag_7,0.0117589882838116,1.824358175326779e-05,0.006212326967576408,0.0024686765640398846
1984-03-01,1984-04-01,lag_8,0.0147834120886369,0.0018858083152008475,0.006212326967576408,0.0024686765640398846
1984-03-01,1984-04-01,lag_9,0.0061074098253901,0.0001103676600723702,0.006212326967576408,0.0024686765640398846
1984-03-01,1984-04-01,lag_10,0.0060151175148983,-0.0005070206385244092,0.006212326967576408,0.0024686765640398846
1984-03-01,1984-04-01,lag_11,0.012580060260646,-0.0003781100204105314,0.006212326967576408,0.0024686765640398846
1984-03-01,1984-04-01,volatility_3m,0.008738505032377008,0.0012706571325907135,0.006212326967576408,0.0024686765640398846
1984-04-01,1984-05-01,lag_0,0.0058993928473447,0.0016805584117719264,0.005568193763117696,0.0023887759185295294
1984-04-01,1984-05-01,lag_1,0.0048838204638044,0.000390119270014111,0.005568193763117696,0.0023887759185295294
1984-04-01,1984-05-01,lag_2,0.0043840968911044,-0.00011901863472303375,0.005568193763117696,0.0023887759185295294
1984-04-01,1984-05-01,lag_3,0.0197633049245928,0.0010310540054706508,0.005568193763117696,0.0023887759185295294
1984-04-01,1984-05-01,lag_4,0.0050087386761155,-0.000561135541411204,0.005568193763117696,0.0023887759185295294
1984-04-01,1984-05-01,lag_5,0.00445010147308,0.0005956075154426799,0.005568193763117696,0.0023887759185295294
1984-04-01,1984-05-01,lag_6,0.0076167819842005,0.0004424109405226773,0.005568193763117696,0.0023887759185295294
1984-04-01,1984-05-01,lag_7,0.0144399949384292,4.7045259598235135e-05,0.005568193763117696,0.0023887759185295294
1984-04-01,1984-05-01,lag_8,0.0117589882838116,0.0014682061318626437,0.005568193763117696,0.0023887759185295294
1984-04-01,1984-05-01,lag_9,0.0147834120886369,8.11215672547405e-05,0.005568193763117696,0.0023887759185295294
1984-04-01,1984-05-01,lag_10,0.0061074098253901,-0.0004162641699440428,0.005568193763117696,0.0023887759185295294
1984-04-01,1984-05-01,lag_11,0.0060151175148983,-0.00011170068331921357,0.005568193763117696,0.0023887759185295294
1984-04-01,1984-05-01,volatility_3m,0.0007721434182758176,-0.0013485862924608226,0.005568193763117696,0.0023887759185295294
1984-05-01,1984-06-01,lag_0,0.0054128883111812,0.0014869565451226662,0.0032293538374672903,0.0023455886504766153
1984-05-01,1984-06-01,lag_1,0.0058993928473447,0.00045554371559774153,0.0032293538374672903,0.0023455886504766153
1984-05-01,1984-06-01,lag_2,0.0048838204638044,-0.00018150736722418514,0.0032293538374672903,0.0023455886504766153
1984-05-01,1984-06-01,lag_3,0.0043840968911044,-0.0005594752895558486,0.0032293538374672903,0.0023455886504766153
1984-05-01,1984-06-01,lag_4,0.0197633049245928,-0.0004348176973689988,0.0032293538374672903,0.0023455886504766153
1984-05-01,1984-06-01,lag_5,0.0050087386761155,-0.0004923871939536184,0.0032293538374672903,0.0023455886504766153
1984-05-01,1984-06-01,lag_6,0.00445010147308,0.0005336384793918114,0.0032293538374672903,0.0023455886504766153
1984-05-01,1984-06-01,lag_7,0.0076167819842005,-0.00012716134573565797,0.0032293538374672903,0.0023455886504766153
1984-05-01,1984-06-01,lag_8,0.0144399949384292,0.0011063397372527107,0.0032293538374672903,0.0023455886504766153
1984-05-01,1984-06-01,lag_9,0.0117589882838116,0.0008758561097965867,0.0032293538374672903,0.0023455886504766153
1984-05-01,1984-06-01,lag_10,0.0147834120886369,-0.00014060514798984512,0.0032293538374672903,0.0023455886504766153
1984-05-01,1984-06-01,lag_11,0.0061074098253901,-0.00021584084515779978,0.0032293538374672903,0.0023455886504766153
1984-05-01,1984-06-01,volatility_3m,0.0007254093439726168,-0.0014227746313190436,0.0032293538374672903,0.0023455886504766153
1984-06-01,1984-07-01,lag_0,0.0036610110501089,-0.000997622436734673,0.0005925356378684798,0.0022901287033549405
1984-06-01,1984-07-01,lag_1,0.0054128883111812,0.00065962644002866,0.0005925356378684798,0.0022901287033549405
1984-06-01,1984-07-01,lag_2,0.0058993928473447,-0.00046168743874659414,0.0005925356378684798,0.0022901287033549405
1984-06-01,1984-07-01,lag_3,0.0048838204638044,-0.0004640842879416596,0.0005925356378684798,0.0022901287033549405
1984-06-01,1984-07-01,lag_4,0.0043840968911044,-0.0003060390740938601,0.0005925356378684798,0.0022901287033549405
1984-06-01,1984-07-01,lag_5,0.0197633049245928,0.0009636801734450273,0.0005925356378684798,0.0022901287033549405
1984-06-01,1984-07-01,lag_6,0.0050087386761155,0.0006839529473290896,0.0005925356378684798,0.0022901287033549405
1984-06-01,1984-07-01,lag_7,0.00445010147308,-0.00013343693302886095,0.0005925356378684798,0.0022901287033549405
1984-06-01,1984-07-01,lag_8,0.0076167819842005,0.00043638531691613024,0.0005925356378684798,0.0022901287033549405
1984-06-01,1984-07-01,lag_9,0.0144399949384292,-0.0004032460994858411,0.0005925356378684798,0.0022901287033549405
1984-06-01,1984-07-01,lag_10,0.0117589882838116,-0.000153320363505145,0.0005925356378684798,0.0022901287033549405
1984-06-01,1984-07-01,lag_11,0.0147834120886369,-0.00025010660732732503,0.0005925356378684798,0.0022901287033549405
1984-06-01,1984-07-01,volatility_3m,0.0011772930583734888,-0.0012716946365253533,0.0005925356378684798,0.0022901287033549405
1984-07-01,1984-08-01,lag_0,0.0027663195051639,-0.0007571955376988627,0.004809321067167492,0.002292387747204954
1984-07-01,1984-08-01,lag_1,0.0036610110501089,0.0010249269044470565,0.004809321067167492,0.002292387747204954
1984-07-01,1984-08-01,lag_2,0.0054128883111812,-0.0002898823616487789,0.004809321067167492,0.002292387747204954
1984-07-01,1984-08-01,lag_3,0.0058993928473447,0.0002871784174385539,0.004809321067167492,0.002292387747204954
1984-07-01,1984-08-01,lag_4,0.0048838204638044,-0.00039548963573906806,0.004809321067167492,0.002292387747204954
1984-07-01,1984-08-01,lag_5,0.0043840968911044,0.0006955203162488033,0.004809321067167492,0.002292387747204954
1984-07-01,1984-08-01,lag_6,0.0197633049245928,0.0006993722371225886,0.004809321067167492,0.002292387747204954
1984-07-01,1984-08-01,lag_7,0.0050087386761155,0.0007705090504168766,0.004809321067167492,0.002292387747204954
1984-07-01,1984-08-01,lag_8,0.00445010147308,0.0005925523890618934,0.004809321067167492,0.002292387747204954
1984-07-01,1984-08-01,lag_9,0.0076167819842005,0.0008300264910758414,0.004809321067167492,0.002292387747204954
1984-07-01,1984-08-01,lag_10,0.0144399949384292,0.00019499362836995716,0.004809321067167492,0.002292387747204954
1984-07-01,1984-08-01,lag_11,0.0117589882838116,-0.0002660690682023414,0.004809321067167492,0.002292387747204954
1984-07-01,1984-08-01,volatility_3m,0.0013462214616871235,-0.0008695094102586154,0.004809321067167492,0.002292387747204954
1984-08-01,1984-09-01,lag_0,0.0010296775197859,-0.0014333063010053592,0.0002773513905729169,0.0021734312876161856
1984-08-01,1984-09-01,lag_1,0.0027663195051639,0.0004586035184547654,0.0002773513905729169,0.0021734312876161856
1984-08-01,1984-09-01,lag_2,0.0036610110501089,-0.00017030882710969308,0.0002773513905729169,0.0021734312876161856
1984-08-01,1984-09-01,lag_3,0.0054128883111812,-0.0005199006081238621,0.0002773513905729169,0.0021734312876161856
1984-08-01,1984-09-01,lag_4,0.0058993928473447,-0.00028353460766084027,0.0002773513905729169,0.0021734312876161856
1984-08-01,1984-09-01,lag_5,0.0048838204638044,-0.0005062155168343451,0.0002773513905729169,0.0021734312876161856
1984-08-01,1984-09-01,lag_6,0.0043840968911044,0.00023520532173279207,0.0002773513905729169,0.0021734312876161856
1984-08-01,1984-09-01,lag_7,0.0197633049245928,0.0007798258751790854,0.0002773513905729169,0.0021734312876161856
1984-08-01,1984-09-01,lag_8,0.0050087386761155,0.0007306430950120557,0.0002773513905729169,0.0021734312876161856
1984-08-01,1984-09-01,lag_9,0.00445010147308,0.00019797357210336487,0.0002773513905729169,0.0021734312876161856
1984-08-01,1984-09-01,lag_10,0.0076167819842005,0.00014374023845448392,0.0002773513905729169,0.0021734312876161856
1984-08-01,1984-09-01,lag_11,0.0144399949384292,-0.0002362187217477185,0.0002773513905729169,0.0021734312876161856
1984-08-01,1984-09-01,volatility_3m,0.0013379284045229411,-0.0012925868328056821,0.0002773513905729169,0.0021734312876161856
1984-09-01,1984-10-01,lag_0,-0.0029654810283661,-0.0018681038599606837,0.0014389999713761408,0.0021218301954411094
1984-09-01,1984-10-01,lag_1,0.0010296775197859,9.708901092380984e-05,0.0014389999713761408,0.0021218301954411094
1984-09-01,1984-10-01,lag_2,0.0027663195051639,-3.5758995290962045e-05,0.0014389999713761408,0.0021218301954411094
1984-09-01,1984-10-01,lag_3,0.0036610110501089,-0.00043857717952050735,0.0014389999713761408,0.0021218301954411094
1984-09-01,1984-10-01,lag_4,0.0054128883111812,-0.00021157304578082404,0.0014389999713761408,0.0021218301954411094
1984-09-01,1984-10-01,lag_5,0.0058993928473447,-0.0005302375088740519,0.0014389999713761408,0.0021218301954411094
1984-09-01,1984-10-01,lag_6,0.0048838204638044,0.00010324830613171798,0.0014389999713761408,0.0021218301954411094
1984-09-01,1984-10-01,lag_7,0.0043840968911044,8.798929706244962e-05,0.0014389999713761408,0.0021218301954411094
1984-09-01,1984-10-01,lag_8,0.0197633049245928,0.0022220680316604557,0.0014389999713761408,0.0021218301954411094
1984-09-01,1984-10-01,lag_9,0.0050087386761155,0.00021106931664689908,0.0014389999713761408,0.0021218301954411094
1984-09-01,1984-10-01,lag_10,0.00445010147308,-0.0003204944558274292,0.0014389999713761408,0.0021218301954411094
1984-09-01,1984-10-01,lag_11,0.0076167819842005,-0.00015683548001106827,0.0014389999713761408,0.0021218301954411094
1984-09-01,1984-10-01,volatility_3m,0.0029391255662873732,0.00015728640399174766,0.0014389999713761408,0.0021218301954411094
1984-10-01,1984-11-01,lag_0,-0.0001102057910582,-0.0012571740417843102,0.00048482166589508606,0.0019573834862810003
1984-10-01,1984-11-01,lag_1,-0.0029654810283661,8.007664011529414e-05,0.00048482166589508606,0.0019573834862810003
1984-10-01,1984-11-01,lag_2,0.0010296775197859,-0.0012261218514686334,0.00048482166589508606,0.0019573834862810003
1984-10-01,1984-11-01,lag_3,0.0027663195051639,-0.0003881011992052663,0.00048482166589508606,0.0019573834862810003
1984-10-01,1984-11-01,lag_4,0.0036610110501089,-0.00038736735597922234,0.00048482166589508606,0.0019573834862810003
1984-10-01,1984-11-01,lag_5,0.0054128883111812,-0.001310579546552617,0.00048482166589508606,0.0019573834862810003
1984-10-01,1984-11-01,lag_6,0.0058993928473447,0.000595794163600658,0.00048482166589508606,0.0019573834862810003
1984-10-01,1984-11-01,lag_7,0.0048838204638044,0.0007991248677171825,0.00048482166589508606,0.0019573834862810003
1984-10-01,1984-11-01,lag_8,0.0043840968911044,0.0014267293213924858,0.00048482166589508606,0.0019573834862810003
1984-10-01,1984-11-01,lag_9,0.0197633049245928,-3.77698709598917e-05,0.00048482166589508606,0.0019573834862810003
1984-10-01,1984-11-01,lag_10,0.0050087386761155,0.00035018882885196946,0.00048482166589508606,0.0019573834862810003
1984-10-01,1984-11-01,lag_11,0.00445010147308,-0.0003790895433667174,0.00048482166589508606,0.0019573834862810003
1984-10-01,1984-11-01,volatility_3m,0.0020580420496188684,0.0002617278142224677,0.00048482166589508606,0.0019573834862810003
1984-11-01,1984-12-01,lag_0,0.0033631475816369,-0.0007924958709008933,0.005130381483918191,0.002078027667632455
1984-11-01,1984-12-01,lag_1,-0.0001102057910582,-0.001175176384435872,0.005130381483918191,0.002078027667632455
1984-11-01,1984-12-01,lag_2,-0.0029654810283661,-0.00038268034390057435,0.005130381483918191,0.002078027667632455
1984-11-01,1984-12-01,lag_3,0.0010296775197859,0.00017551963577716378,0.005130381483918191,0.002078027667632455
1984-11-01,1984-12-01,lag_4,0.0027663195051639,4.2039885938720546e-05,0.005130381483918191,0.002078027667632455
1984-11-01,1984-12-01,lag_5,0.0036610110501089,0.0010220167504849088,0.005130381483918191,0.002078027667632455
1984-11-01,1984-12-01,lag_6,0.0054128883111812,0.0008689977225003531,0.005130381483918191,0.002078027667632455
1984-11-01,1984-12-01,lag_7,0.0058993928473447,0.0004512556932786538,0.005130381483918191,0.002078027667632455
1984-11-01,1984-12-01,lag_8,0.0048838204638044,0.0008471813775577175,0.005130381483918191,0.002078027667632455
1984-11-01,1984-12-01,lag_9,0.0043840968911044,0.00027915258673601786,0.005130381483918191,0.002078027667632455
1984-11-01,1984-12-01,lag_10,0.0197633049245928,0.0012844624237186508,0.005130381483918191,0.002078027667632455
1984-11-01,1984-12-01,lag_11,0.0050087386761155,4.981348392902874e-06,0.005130381483918191,0.002078027667632455
1984-11-01,1984-12-01,volatility_3m,0.003169340636361256,0.0004270990491568227,0.005130381483918191,0.002078027667632455
1984-12-01,1985-01-01,lag_0,0.0003221507986452,-0.0010053313905700634,0.0023582503197027457,0.0020535968193081578
1984-12-01,1985-01-01,lag_1,0.0033631475816369,0.001178410136817547,0.0023582503197027457,0.0020535968193081578
1984-12-01,1985-01-01,lag_2,-0.0001102057910582,-0.00042128266275540224,0.0023582503197027457,0.0020535968193081578
1984-12-01,1985-01-01,lag_3,-0.0029654810283661,-7.750641227175947e-05,0.0023582503197027457,0.0020535968193081578
1984-12-01,1985-01-01,lag_4,0.0010296775197859,-0.0009242665055353427,0.0023582503197027457,0.0020535968193081578
1984-12-01,1985-01-01,lag_5,0.0027663195051639,0.0006710814182042668,0.0023582503197027457,0.0020535968193081578
1984-12-01,1985-01-01,lag_6,0.0036610110501089,-0.00045664725610549794,0.0023582503197027457,0.0020535968193081578
1984-12-01,1985-01-01,lag_7,0.0054128883111812,0.0007864614115214863,0.0023582503197027457,0.0020535968193081578
1984-12-01,1985-01-01,lag_8,0.0058993928473447,0.00036300953361205756,0.0023582503197027457,0.0020535968193081578
1984-12-01,1985-01-01,lag_9,0.0048838204638044,0.0005587666894280119,0.0023582503197027457,0.0020535968193081578
1984-12-01,1985-01-01,lag_10,0.0043840968911044,-0.0004080158985743765,0.0023582503197027457,0.0020535968193081578
1984-12-01,1985-01-01,lag_11,0.0197633049245928,-0.00023877491214079782,0.0023582503197027457,0.0020535968193081578
1984-12-01,1985-01-01,volatility_3m,0.0018929156217520739,0.0002787493370851735,0.0023582503197027457,0.0020535968193081578
1985-01-01,1985-02-01,lag_0,-0.0001720449004833,-0.0015206426892837043,0.002074764772804006,0.001990681715758915
1985-01-01,1985-02-01,lag_1,0.0003221507986452,-0.0010455140709746047,0.002074764772804006,0.001990681715758915
1985-01-01,1985-02-01,lag_2,0.0033631475816369,-0.00041371819490450436,0.002074764772804006,0.001990681715758915
1985-01-01,1985-02-01,lag_3,-0.0001102057910582,0.00014911076403222978,0.002074764772804006,0.001990681715758915
1985-01-01,1985-02-01,lag_4,-0.0029654810283661,0.0008299305026412185,0.002074764772804006,0.001990681715758915
1985-01-01,1985-02-01,lag_5,0.0010296775197859,0.000692674607889785,0.002074764772804006,0.001990681715758915
1985-01-01,1985-02-01,lag_6,0.0027663195051639,-7.14184666867368e-05,0.002074764772804006,0.001990681715758915
1985-01-01,1985-02-01,lag_7,0.0036610110501089,0.0006399251759285108,0.002074764772804006,0.001990681715758915
1985-01-01,1985-02-01,lag_8,0.0054128883111812,0.00047788534059236556,0.002074764772804006,0.001990681715758915
1985-01-01,1985-02-01,lag_9,0.0058993928473447,-0.0002734609113394981,0.002074764772804006,0.001990681715758915
1985-01-01,1985-02-01,lag_10,0.0048838204638044,0.0007341786261713424,0.002074764772804006,0.001990681715758915
1985-01-01,1985-02-01,lag_11,0.0043840968911044,-0.0001544969461974688,0.002074764772804006,0.001990681715758915
1985-01-01,1985-02-01,volatility_3m,0.0019143961932700938,3.962924532970646e-05,0.002074764772804006,0.001990681715758915
1985-02-01,1985-03-01,lag_0,0.0027473473772294,-0.0009119267592473079,-0.00128370246868405,0.001992867080398439
1985-02-01,1985-03-01,lag_1,-0.0001720449004833,-0.0013432604946865467,-0.00128370246868405,0.001992867080398439
1985-02-01,1985-03-01,lag_2,0.0003221507986452,-0.0008372468177913106,-0.00128370246868405,0.001992867080398439
1985-02-01,1985-03-01,lag_3,0.0033631475816369,-0.00036690927521704,-0.00128370246868405,0.001992867080398439
1985-02-01,1985-03-01,lag_4,-0.0001102057910582,-0.0011860074189826264,-0.00128370246868405,0.001992867080398439
1985-02-01,1985-03-01,lag_5,-0.0029654810283661,0.00039240160294866654,-0.00128370246868405,0.001992867080398439
1985-02-01,1985-03-01,lag_6,0.0010296775197859,-0.00023323768420596024,-0.00128370246868405,0.001992867080398439
1985-02-01,1985-03-01,lag_7,0.0027663195051639,0.0014495550236824784,-0.00128370246868405,0.001992867080398439
1985-02-01,1985-03-01,lag_8,0.0036610110501089,0.0013037638536297891,-0.00128370246868405,0.001992867080398439
1985-02-01,1985-03-01,lag_9,0.0054128883111812,0.0005553545845759799,-0.00128370246868405,0.001992867080398439
1985-02-01,1985-03-01,lag_10,0.0058993928473447,0.00030096411708655066,-0.00128370246868405,0.001992867080398439
1985-02-01,1985-03-01,lag_11,0.0048838204638044,-2.3198830476758303e-05,-0.00128370246868405,0.001992867080398439
1985-02-01,1985-03-01,volatility_3m,0.0015625118188876824,-0.002376821438665502,-0.00128370246868405,0.001992867080398439
1985-03-01,1985-04-01,lag_0,0.0015102905072197,-0.0007095505471079377,0.0017442312762371854,0.0019273573200099792
1985-03-01,1985-04-01,lag_1,0.0027473473772294,0.0005444390554475831,0.0017442312762371854,0.0019273573200099792
1985-03-01,1985-04-01,lag_2,-0.0001720449004833,-0.000568324660162034,0.0017442312762371854,0.0019273573200099792
1985-03-01,1985-04-01,lag_3,0.0003221507986452,1.5970058884704487e-05,0.0017442312762371854,0.0019273573200099792
1985-03-01,1985-04-01,lag_4,0.0033631475816369,-0.00029205971291958123,0.0017442312762371854,0.0019273573200099792
1985-03-01,1985-04-01,lag_5,-0.0001102057910582,0.00027879942103027134,0.0017442312762371854,0.0019273573200099792
1985-03-01,1985-04-01,lag_6,-0.0029654810283661,2.6698130914155626e-05,0.0017442312762371854,0.0019273573200099792
1985-03-01,1985-04-01,lag_7,0.0010296775197859,0.0013961236853810989,0.0017442312762371854,0.0019273573200099792
1985-03-01,1985-04-01,lag_8,0.0027663195051639,0.0010992245544912294,0.0017442312762371854,0.0019273573200099792
1985-03-01,1985-04-01,lag_9,0.0036610110501089,9.593159198630019e-05,0.0017442312762371854,0.0019273573200099792
1985-03-01,1985-04-01,lag_10,0.0054128883111812,0.00043368174265197014,0.0017442312762371854,0.0019273573200099792
1985-03-01,1985-04-01,lag_11,0.0058993928473447,-3.375989661435597e-05,0.0017442312762371854,0.0019273573200099792
1985-03-01,1985-04-01,volatility_3m,0.0014653448624139622,-0.002470299352517031,0.0017442312762371854,0.0019273573200099792
1985-04-01,1985-05-01,lag_0,-0.0021786103468643,-0.0020231991991749966,-0.003753386972420634,0.001787642494782809
1985-04-01,1985-05-01,lag_1,0.0015102905072197,-0.00011364728658008971,-0.003753386972420634,0.001787642494782809
1985-04-01,1985-05-01,lag_2,0.0027473473772294,-0.0004440102729131468,-0.003753386972420634,0.001787642494782809
1985-04-01,1985-05-01,lag_3,-0.0001720449004833,-0.00018882540471167885,-0.003753386972420634,0.001787642494782809
1985-04-01,1985-05-01,lag_4,0.0003221507986452,-0.0019262505349615822,-0.003753386972420634,0.001787642494782809
1985-04-01,1985-05-01,lag_5,0.0033631475816369,0.0004450133907812415,-0.003753386972420634,0.001787642494782809
1985-04-01,1985-05-01,lag_6,-0.0001102057910582,-0.0002484142097273434,-0.003753386972420634,0.001787642494782809
1985-04-01,1985-05-01,lag_7,-0.0029654810283661,-0.0020811031728590022,-0.003753386972420634,0.001787642494782809
1985-04-01,1985-05-01,lag_8,0.0010296775197859,0.0017332644289490419,-0.003753386972420634,0.001787642494782809
1985-04-01,1985-05-01,lag_9,0.0027663195051639,-0.000232965433751815,-0.003753386972420634,0.001787642494782809
1985-04-01,1985-05-01,lag_10,0.0036610110501089,-0.00017195677319250535,-0.003753386972420634,0.001787642494782809
1985-04-01,1985-05-01,lag_11,0.0054128883111812,-0.0002660483089493937,-0.003753386972420634,0.001787642494782809
1985-04-01,1985-05-01,volatility_3m,0.0025626600343672274,-2.288651719936752e-05,-0.003753386972420634,0.001787642494782809
1985-05-01,1985-06-01,lag_0,0.0014529341416293,-0.0007878658275876659,-0.0057161601654158,0.0017687807357436624
1985-05-01,1985-06-01,lag_1,-0.0021786103468643,-0.001416460927175649,-0.0057161601654158,0.0017687807357436624
1985-05-01,1985-06-01,lag_2,0.0015102905072197,-0.0005983767739598988,-0.0057161601654158,0.0017687807357436624
1985-05-01,1985-06-01,lag_3,0.0027473473772294,-0.0002951281207060674,-0.0057161601654158,0.0017687807357436624
1985-05-01,1985-06-01,lag_4,-0.0001720449004833,-0.0011547044551480212,-0.0057161601654158,0.0017687807357436624
1985-05-01,1985-06-01,lag_5,0.0003221507986452,0.00022247363656788366,-0.0057161601654158,0.0017687807357436624
1985-05-01,1985-06-01,lag_6,0.0033631475816369,0.0001067878929188737,-0.0057161601654158,0.0017687807357436624
1985-05-01,1985-06-01,lag_7,-0.0001102057910582,-0.0019434718416960095,-0.0057161601654158,0.0017687807357436624
1985-05-01,1985-06-01,lag_8,-0.0029654810283661,-0.0017840263958350988,-0.0057161601654158,0.0017687807357436624
1985-05-01,1985-06-01,lag_9,0.0010296775197859,1.3392154687608126e-06,-0.0057161601654158,0.0017687807357436624
1985-05-01,1985-06-01,lag_10,0.0027663195051639,-3.9103450080801847e-05,-0.0057161601654158,0.0017687807357436624
1985-05-01,1985-06-01,lag_11,0.0036610110501089,-0.00024444086846415303,-0.0057161601654158,0.0017687807357436624
1985-05-01,1985-06-01,volatility_3m,0.002113425128231565,0.00044803704819059933,-0.0057161601654158,0.0017687807357436624
1985-06-01,1985-07-01,lag_0,-0.0004852934296026,-0.0007398690907029959,-0.002590087021760599,0.0017159692000934359
1985-06-01,1985-07-01,lag_1,0.0014529341416293,-9.49403040795005e-05,-0.002590087021760599,0.0017159692000934359
1985-06-01,1985-07-01,lag_2,-0.0021786103468643,-0.0010992546974739525,-0.002590087021760599,0.0017159692000934359
1985-06-01,1985-07-01,lag_3,0.0015102905072197,0.00010849959246115759,-0.002590087021760599,0.0017159692000934359
1985-06-01,1985-07-01,lag_4,0.0027473473772294,-0.0006712393197449274,-0.002590087021760599,0.0017159692000934359
1985-06-01,1985-07-01,lag_5,-0.0001720449004833,3.1576059773215095e-05,-0.002590087021760599,0.0017159692000934359
1985-06-01,1985-07-01,lag_6,0.0003221507986452,0.0002896901972417254,-0.002590087021760599,0.0017159692000934359
1985-06-01,1985-07-01,lag_7,0.0033631475816369,-0.00021615285709231102,-0.002590087021760599,0.0017159692000934359
1985-06-01,1985-07-01,lag_8,-0.0001102057910582,-0.0005289480006467784,-0.002590087021760599,0.0017159692000934359
1985-06-01,1985-07-01,lag_9,-0.0029654810283661,-0.0008355526798186475,-0.002590087021760599,0.0017159692000934359
1985-06-01,1985-07-01,lag_10,0.0010296775197859,-0.000751537819414807,-0.002590087021760599,0.0017159692000934359
1985-06-01,1985-07-01,lag_11,0.0027663195051639,-0.00019695544153364608,-0.002590087021760599,0.0017159692000934359
1985-06-01,1985-07-01,volatility_3m,0.00181714811687969,0.0003986282164987642,-0.002590087021760599,0.0017159692000934359
1985-07-01,1985-08-01,lag_0,-0.0047430774359953,-0.0018151210319410894,-0.0005587384145973844,0.0015542549291349811
1985-07-01,1985-08-01,lag_1,-0.0004852934296026,-0.001475485417904565,-0.0005587384145973844,0.0015542549291349811
1985-07-01,1985-08-01,lag_2,0.0014529341416293,-0.0010595960867067333,-0.0005587384145973844,0.0015542549291349811
1985-07-01,1985-08-01,lag_3,-0.0021786103468643,-0.0003824287632232881,-0.0005587384145973844,0.0015542549291349811
1985-07-01,1985-08-01,lag_4,0.0015102905072197,-0.0005007360098170466,-0.0005587384145973844,0.0015542549291349811
1985-07-01,1985-08-01,lag_5,0.0027473473772294,0.0008103880890121218,-0.0005587384145973844,0.0015542549291349811
1985-07-01,1985-08-01,lag_6,-0.0001720449004833,-0.00011495476850541309,-0.0005587384145973844,0.0015542549291349811
1985-07-01,1985-08-01,lag_7,0.0003221507986452,0.0016538893724373338,-0.0005587384145973844,0.0015542549291349811
1985-07-01,1985-08-01,lag_8,0.0033631475816369,0.002413605776782788,-0.0005587384145973844,0.0015542549291349811
1985-07-01,1985-08-01,lag_9,-0.0001102057910582,0.0001944846936976319,-0.0005587384145973844,0.0015542549291349811
1985-07-01,1985-08-01,lag_10,-0.0029654810283661,-0.0017712598055004492,-0.0005587384145973844,0.0015542549291349811
1985-07-01,1985-08-01,lag_11,0.0010296775197859,-0.0002331362110635382,-0.0005587384145973844,0.0015542549291349811
1985-07-01,1985-08-01,volatility_3m,0.0031695428227909847,0.0001673567989928415,-0.0005587384145973844,0.0015542549291349811
1985-08-01,1985-09-01,lag_0,0.0030372094955404,-0.0008514566632948118,-0.002584230741198106,0.0015842698665313013
1985-08-01,1985-09-01,lag_1,-0.0047430774359953,0.000676060225796391,-0.002584230741198106,0.0015842698665313013
1985-08-01,1985-09-01,lag_2,-0.0004852934296026,-0.0011697800422189174,-0.002584230741198106,0.0015842698665313013
1985-08-01,1985-09-01,lag_3,0.0014529341416293,0.00015009754466518643,-0.002584230741198106,0.0015842698665313013
1985-08-01,1985-09-01,lag_4,-0.0021786103468643,-0.0009098214656660276,-0.002584230741198106,0.0015842698665313013
1985-08-01,1985-09-01,lag_5,0.0015102905072197,-4.35157726315083e-06,-0.002584230741198106,0.0015842698665313013
1985-08-01,1985-09-01,lag_6,0.0027473473772294,-0.00023144074242736678,-0.002584230741198106,0.0015842698665313013
1985-08-01,1985-09-01,lag_7,-0.0001720449004833,-0.0021479017650563037,-0.002584230741198106,0.0015842698665313013
1985-08-01,1985-09-01,lag_8,0.0003221507986452,0.0013608332659987355,-0.002584230741198106,0.0015842698665313013
1985-08-01,1985-09-01,lag_9,0.0033631475816369,0.0002585605978720196,-0.002584230741198106,0.0015842698665313013
1985-08-01,1985-09-01,lag_10,-0.0001102057910582,-0.0009777205351929298,-0.002584230741198106,0.0015842698665313013
1985-08-01,1985-09-01,lag_11,-0.0029654810283661,-0.0003891704141096852,-0.002584230741198106,0.0015842698665313013
1985-08-01,1985-09-01,volatility_3m,0.0038959298470703082,6.759100342605962e-05,-0.002584230741198106,0.0015842698665313013
1985-09-01,1985-10-01,lag_0,0.0033778606355214,-0.0005380229556249106,-0.0013264473285484997,0.0014627543725205514
1985-09-01,1985-10-01,lag_1,0.0030372094955404,0.0010184660005666047,-0.0013264473285484997,0.0014627543725205514
1985-09-01,1985-10-01,lag_2,-0.0047430774359953,-0.0006803068345652718,-0.0013264473285484997,0.0014627543725205514
1985-09-01,1985-10-01,lag_3,-0.0004852934296026,3.879548930854071e-06,-0.0013264473285484997,0.0014627543725205514
1985-09-01,1985-10-01,lag_4,0.0014529341416293,-0.0002719596543465741,-0.0013264473285484997,0.0014627543725205514
1985-09-01,1985-10-01,lag_5,-0.0021786103468643,0.00015414904407407449,-0.0013264473285484997,0.0014627543725205514
1985-09-01,1985-10-01,lag_6,0.0015102905072197,-0.0005244997242334648,-0.0013264473285484997,0.0014627543725205514
1985-09-01,1985-10-01,lag_7,0.0027473473772294,-0.00042812040646822425,-0.0013264473285484997,0.0014627543725205514
1985-09-01,1985-10-01,lag_8,-0.0001720449004833,-0.00098766752769734,-0.0013264473285484997,0.0014627543725205514
1985-09-01,1985-10-01,lag_9,0.0003221507986452,0.0001533803093843744,-0.0013264473285484997,0.0014627543725205514
1985-09-01,1985-10-01,lag_10,0.0033631475816369,-0.000402351066331903,-0.0013264473285484997,0.0014627543725205514
1985-09-01,1985-10-01,lag_11,-0.0001102057910582,-0.00019224314244638662,-0.0013264473285484997,0.0014627543725205514
1985-09-01,1985-10-01,volatility_3m,0.004593447200407789,-9.390532662109763e-05,-0.0013264473285484997,0.0014627543725205514
1985-10-01,1985-11-01,lag_0,-0.0031146676276252,-0.0018029282463612618,0.0016971699656323886,0.001348241837654046
1985-10-01,1985-11-01,lag_1,0.0033778606355214,0.000515007615176728,0.0016971699656323886,0.001348241837654046
1985-10-01,1985-11-01,lag_2,0.0030372094955404,7.524996890424518e-05,0.0016971699656323886,0.001348241837654046
1985-10-01,1985-11-01,lag_3,-0.0047430774359953,-0.00014471874477749223,0.0016971699656323886,0.001348241837654046
1985-10-01,1985-11-01,lag_4,-0.0004852934296026,-0.0012756481715314294,0.0016971699656323886,0.001348241837654046
1985-10-01,1985-11-01,lag_5,0.0014529341416293,0.0008886006684042514,0.0016971699656323886,0.001348241837654046
1985-10-01,1985-11-01,lag_6,-0.0021786103468643,-0.0003058773191878572,0.0016971699656323886,0.001348241837654046
1985-10-01,1985-11-01,lag_7,0.0015102905072197,0.0010586039041299955,0.0016971699656323886,0.001348241837654046
1985-10-01,1985-11-01,lag_8,0.0027473473772294,0.0022220986474894744,0.0016971699656323886,0.001348241837654046
1985-10-01,1985-11-01,lag_9,-0.0001720449004833,0.00020455228761420585,0.0016971699656323886,0.001348241837654046
1985-10-01,1985-11-01,lag_10,0.0003221507986452,-0.001368947260079949,0.0016971699656323886,0.001348241837654046
1985-10-01,1985-11-01,lag_11,0.0033631475816369,-0.00025717934053318456,0.0016971699656323886,0.001348241837654046
1985-10-01,1985-11-01,volatility_3m,0.0036540972114749953,0.0005401141353831917,0.0016971699656323886,0.001348241837654046
1985-11-01,1985-12-01,lag_0,0.0035117423940054,-0.0002801345217812923,0.0031955043727452223,0.0013167245548229827
1985-11-01,1985-12-01,lag_1,-0.0031146676276252,-0.00054252726949926,0.0031955043727452223,0.0013167245548229827
1985-11-01,1985-12-01,lag_2,0.0033778606355214,0.00024399184989306376,0.0031955043727452223,0.0013167245548229827
1985-11-01,1985-12-01,lag_3,0.0030372094955404,-0.00027871376634720947,0.0031955043727452223,0.0013167245548229827
1985-11-01,1985-12-01,lag_4,-0.0047430774359953,0.0011416515898872604,0.0031955043727452223,0.0013167245548229827
1985-11-01,1985-12-01,lag_5,-0.0004852934296026,0.0010747013330910703,0.0031955043727452223,0.0013167245548229827
1985-11-01,1985-12-01,lag_6,0.0014529341416293,-0.00029577081364550394,0.0031955043727452223,0.0013167245548229827
1985-11-01,1985-12-01,lag_7,-0.0021786103468643,-0.0010970134833178235,0.0031955043727452223,0.0013167245548229827
1985-11-01,1985-12-01,lag_8,0.0015102905072197,0.0019352441653973074,0.0031955043727452223,0.0013167245548229827
1985-11-01,1985-12-01,lag_9,0.0027473473772294,-0.0002955390371062094,0.0031955043727452223,0.0013167245548229827
1985-11-01,1985-12-01,lag_10,-0.0001720449004833,-0.0005198723634021007,0.0031955043727452223,0.0013167245548229827
1985-11-01,1985-12-01,lag_11,0.0003221507986452,0.0001774967300116259,0.0031955043727452223,0.0013167245548229827
1985-11-01,1985-12-01,volatility_3m,0.003787702851504647,0.000615265470732993,0.0031955043727452223,0.0013167245548229827
1985-12-01,1986-01-01,lag_0,0.0095838114477926,0.002716023458106065,0.004314415052608426,0.001468835076227191
1985-12-01,1986-01-01,lag_1,0.0035117423940054,0.0013971366087935167,0.004314415052608426,0.001468835076227191
1985-12-01,1986-01-01,lag_2,-0.0031146676276252,-0.001457421715313103,0.004314415052608426,0.001468835076227191
1985-12-01,1986-01-01,lag_3,0.0033778606355214,-0.0002702152229176136,0.004314415052608426,0.001468835076227191
1985-12-01,1986-01-01,lag_4,0.0030372094955404,-0.0010463282602722758,0.004314415052608426,0.001468835076227191
1985-12-01,1986-01-01,lag_5,-0.0047430774359953,-0.00031385655884150763,0.004314415052608426,0.001468835076227191
1985-12-01,1986-01-01,lag_6,-0.0004852934296026,0.0003613748395582661,0.004314415052608426,0.001468835076227191
1985-12-01,1986-01-01,lag_7,0.0014529341416293,0.0008076755345700804,0.004314415052608426,0.001468835076227191
1985-12-01,1986-01-01,lag_8,-0.0021786103468643,-0.0008624515902738494,0.004314415052608426,0.001468835076227191
1985-12-01,1986-01-01,lag_9,0.0015102905072197,5.0954810203620584e-05,0.004314415052608426,0.001468835076227191
1985-12-01,1986-01-01,lag_10,0.0027473473772294,1.9461247575236484e-07,0.004314415052608426,0.001468835076227191
1985-12-01,1986-01-01,lag_11,-0.0001720449004833,3.926719316950766e-05,0.004314415052608426,0.001468835076227191
1985-12-01,1986-01-01,volatility_3m,0.006351255823293929,0.0014232262665609596,0.004314415052608426,0.001468835076227191
1986-01-01,1986-02-01,lag_0,0.0055203293729357,0.002695448689719342,0.003251380628644154,0.001485241015906012
1986-01-01,1986-02-01,lag_1,0.0095838114477926,0.0002421805054473225,0.003251380628644154,0.001485241015906012
1986-01-01,1986-02-01,lag_2,0.0035117423940054,0.0005014054960065551,0.003251380628644154,0.001485241015906012
1986-01-01,1986-02-01,lag_3,-0.0031146676276252,-1.3878897480026353e-05,0.003251380628644154,0.001485241015906012
1986-01-01,1986-02-01,lag_4,0.0033778606355214,-0.0012523448016145266,0.003251380628644154,0.001485241015906012
1986-01-01,1986-02-01,lag_5,0.0030372094955404,0.0008597909215404798,0.003251380628644154,0.001485241015906012
1986-01-01,1986-02-01,lag_6,-0.0047430774359953,-0.00036423952399673,0.003251380628644154,0.001485241015906012
1986-01-01,1986-02-01,lag_7,-0.0004852934296026,-0.0011088064372688678,0.003251380628644154,0.001485241015906012
1986-01-01,1986-02-01,lag_8,0.0014529341416293,0.0008994495487422683,0.003251380628644154,0.001485241015906012
1986-01-01,1986-02-01,lag_9,-0.0021786103468643,-0.0008989495123023516,0.003251380628644154,0.001485241015906012
1986-01-01,1986-02-01,lag_10,0.0015102905072197,-0.0001791869978114846,0.003251380628644154,0.001485241015906012
1986-01-01,1986-02-01,lag_11,0.0027473473772294,-0.0003337330208159983,0.003251380628644154,0.001485241015906012
1986-01-01,1986-02-01,volatility_3m,0.0030934428182466823,0.0007190035781786719,0.003251380628644154,0.001485241015906012
1986-02-01,1986-03-01,lag_0,-0.0070438228714575,-0.0011846062145014003,0.0013105807905676949,0.0014583513340066792
1986-02-01,1986-03-01,lag_1,0.0055203293729357,0.0004974516176389443,0.0013105807905676949,0.0014583513340066792
1986-02-01,1986-03-01,lag_2,0.0095838114477926,0.000296769033302553,0.0013105807905676949,0.0014583513340066792
1986-02-01,1986-03-01,lag_3,0.0035117423940054,-0.0002256070254225051,0.0013105807905676949,0.0014583513340066792
1986-02-01,1986-03-01,lag_4,-0.0031146676276252,0.0008782113349116116,0.0013105807905676949,0.0014583513340066792
1986-02-01,1986-03-01,lag_5,0.0033778606355214,-1.8055093823932112e-06,0.0013105807905676949,0.0014583513340066792
1986-02-01,1986-03-01,lag_6,0.0030372094955404,8.744680464587872e-05,0.0013105807905676949,0.0014583513340066792
1986-02-01,1986-03-01,lag_7,-0.0047430774359953,-0.0008348058579213103,0.0013105807905676949,0.0014583513340066792
1986-02-01,1986-03-01,lag_8,-0.0004852934296026,-0.0003217975623192615,0.0013105807905676949,0.0014583513340066792
1986-02-01,1986-03-01,lag_9,0.0014529341416293,-0.0003232562254379445,0.0013105807905676949,0.0014583513340066792
1986-02-01,1986-03-01,lag_10,-0.0021786103468643,-0.00036879651046547226,0.0013105807905676949,0.0014583513340066792
1986-02-01,1986-03-01,lag_11,0.0015102905072197,-9.986870027205441e-05,0.0013105807905676949,0.0014583513340066792
1986-02-01,1986-03-01,volatility_3m,0.008668410381452855,0.0014528942974720849,0.0013105807905676949,0.0014583513340066792
1986-03-01,1986-04-01,lag_0,-0.0071483716635922,-0.0022727875274267716,-0.0009169207055816626,0.0013788311978670733
1986-03-01,1986-04-01,lag_1,-0.0070438228714575,0.0009516823140074849,-0.0009169207055816626,0.0013788311978670733
1986-03-01,1986-04-01,lag_2,0.0055203293729357,-0.0002728642219790345,-0.0009169207055816626,0.0013788311978670733
1986-03-01,1986-04-01,lag_3,0.0095838114477926,0.00024214884717366659,-0.0009169207055816626,0.0013788311978670733
1986-03-01,1986-04-01,lag_4,0.0035117423940054,-0.0004659621075006726,-0.0009169207055816626,0.0013788311978670733
1986-03-01,1986-04-01,lag_5,-0.0031146676276252,-0.0003077167659648694,-0.0009169207055816626,0.0013788311978670733
1986-03-01,1986-04-01,lag_6,0.0033778606355214,2.37864263181109e-05,-0.0009169207055816626,0.0013788311978670733
1986-03-01,1986-04-01,lag_7,0.0030372094955404,-0.00015494413682972663,-0.0009169207055816626,0.0013788311978670733
1986-03-01,1986-04-01,lag_8,-0.0047430774359953,-0.0032711556290087175,-0.0009169207055816626,0.0013788311978670733
1986-03-01,1986-04-01,lag_9,-0.0004852934296026,0.00024587834919657323,-0.0009169207055816626,0.0013788311978670733
1986-03-01,1986-04-01,lag_10,0.0014529341416293,-0.00014906029140547615,-0.0009169207055816626,0.0013788311978670733
1986-03-01,1986-04-01,lag_11,-0.0021786103468643,0.0009958554570766865,-0.0009169207055816626,0.0013788311978670733
1986-03-01,1986-04-01,volatility_3m,0.0072842848885248685,0.0021393872768567233,-0.0009169207055816626,0.0013788311978670733
1986-04-01,1986-05-01,lag_0,0.0014326780252771,-0.0004154198381729657,0.004398712641400576,0.0014165371494541399
1986-04-01,1986-05-01,lag_1,-0.0071483716635922,0.0010544343684341583,0.004398712641400576,0.0014165371494541399
1986-04-01,1986-05-01,lag_2,-0.0070438228714575,0.0020835417533089638,0.004398712641400576,0.0014165371494541399
1986-04-01,1986-05-01,lag_3,0.0055203293729357,6.72429258338525e-05,0.004398712641400576,0.0014165371494541399
1986-04-01,1986-05-01,lag_4,0.0095838114477926,-2.4943835419435346e-05,0.004398712641400576,0.0014165371494541399
1986-04-01,1986-05-01,lag_5,0.0035117423940054,0.0006181777524579957,0.004398712641400576,0.0014165371494541399
1986-04-01,1986-05-01,lag_6,-0.0031146676276252,-0.0007038730077692889,0.004398712641400576,0.0014165371494541399
1986-04-01,1986-05-01,lag_7,0.0033778606355214,-7.97483621408901e-05,0.004398712641400576,0.0014165371494541399
1986-04-01,1986-05-01,lag_8,0.0030372094955404,0.0017854780870038666,0.004398712641400576,0.0014165371494541399
1986-04-01,1986-05-01,lag_9,-0.0047430774359953,-0.00013388535398917156,0.004398712641400576,0.0014165371494541399
1986-04-01,1986-05-01,lag_10,-0.0004852934296026,-0.0007526897556090262,0.004398712641400576,0.0014165371494541399
1986-04-01,1986-05-01,lag_11,0.0014529341416293,-0.0003451876984763658,0.004398712641400576,0.0014165371494541399
1986-04-01,1986-05-01,volatility_3m,0.00492436817715605,-0.00017095157385483618,0.004398712641400576,0.0014165371494541399
1986-05-01,1986-06-01,lag_0,0.0014759828720576,-0.0007247305883174704,-2.747835675911428e-05,0.0014443007028353682
1986-05-01,1986-06-01,lag_1,0.0014326780252771,0.0001835435156681342,-2.747835675911428e-05,0.0014443007028353682
1986-05-01,1986-06-01,lag_2,-0.0071483716635922,0.0014983179285991354,-2.747835675911428e-05,0.0014443007028353682
1986-05-01,1986-06-01,lag_3,-0.0070438228714575,-0.0009319914481238812,-2.747835675911428e-05,0.0014443007028353682
1986-05-01,1986-06-01,lag_4,0.0055203293729357,-0.0002202369356791678,-2.747835675911428e-05,0.0014443007028353682
1986-05-01,1986-06-01,lag_5,0.0095838114477926,-0.0005647908528499102,-2.747835675911428e-05,0.0014443007028353682
1986-05-01,1986-06-01,lag_6,0.0035117423940054,0.00037892781632763216,-2.747835675911428e-05,0.0014443007028353682
1986-05-01,1986-06-01,lag_7,-0.0031146676276252,-0.0012185743475765776,-2.747835675911428e-05,0.0014443007028353682
1986-05-01,1986-06-01,lag_8,0.0033778606355214,0.0018550552855958813,-2.747835675911428e-05,0.0014443007028353682
1986-05-01,1986-06-01,lag_9,0.0030372094955404,0.00018601978959850385,-2.747835675911428e-05,0.0014443007028353682
1986-05-01,1986-06-01,lag_10,-0.0047430774359953,-0.0009228734307907871,-2.747835675911428e-05,0.0014443007028353682
1986-05-01,1986-06-01,lag_11,-0.0004852934296026,-0.00027353461554412205,-2.747835675911428e-05,0.0014443007028353682
1986-05-01,1986-06-01,volatility_3m,0.004966819576435573,-0.0007169112235897046,-2.747835675911428e-05,0.0014443007028353682
1986-06-01,1986-07-01,lag_0,-0.0040373394621271,-0.002284270329064384,-0.0022669834583079126,0.0013763848816927006
1986-06-01,1986-07-01,lag_1,0.0014759828720576,-0.0008554631756851449,-0.0022669834583079126,0.0013763848816927006
1986-06-01,1986-07-01,lag_2,0.0014326780252771,-0.000516489996407472,-0.0022669834583079126,0.0013763848816927006
1986-06-01,1986-07-01,lag_3,-0.0071483716635922,0.00017018231483234558,-0.0022669834583079126,0.0013763848816927006
1986-06-01,1986-07-01,lag_4,-0.0070438228714575,0.0018241801978911099,-0.0022669834583079126,0.0013763848816927006
1986-06-01,1986-07-01,lag_5,0.0055203293729357,-0.0014298695268735173,-0.0022669834583079126,0.0013763848816927006
1986-06-01,1986-07-01,lag_6,0.0095838114477926,0.00021783584041259018,-0.0022669834583079126,0.0013763848816927006
1986-06-01,1986-07-01,lag_7,0.0035117423940054,0.00012465218401757738,-0.0022669834583079126,0.0013763848816927006
1986-06-01,1986-07-01,lag_8,-0.0031146676276252,-0.002754795929795364,-0.0022669834583079126,0.0013763848816927006
1986-06-01,1986-07-01,lag_9,0.0033778606355214,-7.154882077884395e-05,-0.0022669834583079126,0.0013763848816927006
1986-06-01,1986-07-01,lag_10,0.0030372094955404,0.0004163229783262068,-0.0022669834583079126,0.0013763848816927006
1986-06-01,1986-07-01,lag_11,-0.0047430774359953,0.0010252604875495308,-0.0022669834583079126,0.0013763848816927006
1986-06-01,1986-07-01,volatility_3m,0.0031706910335887943,0.0004906354126796941,-0.0022669834583079126,0.0013763848816927006
1986-07-01,1986-08-01,lag_0,0.0065123864306064,0.0016183569141139742,0.005188131374670896,0.0013459080547840187
1986-07-01,1986-08-01,lag_1,-0.0040373394621271,0.0007170408956153552,0.005188131374670896,0.0013459080547840187
1986-07-01,1986-08-01,lag_2,0.0014759828720576,-0.00019993673275166656,0.005188131374670896,0.0013459080547840187
1986-07-01,1986-08-01,lag_3,0.0014326780252771,1.932771785504883e-05,0.005188131374670896,0.0013459080547840187
1986-07-01,1986-08-01,lag_4,-0.0071483716635922,0.0026337686214174027,0.005188131374670896,0.0013459080547840187
1986-07-01,1986-08-01,lag_5,-0.0070438228714575,0.0003079985175645561,0.005188131374670896,0.0013459080547840187
1986-07-01,1986-08-01,lag_6,0.0055203293729357,0.0006210219992681231,0.005188131374670896,0.0013459080547840187
1986-07-01,1986-08-01,lag_7,0.0095838114477926,-0.0011789432378827768,0.005188131374670896,0.0013459080547840187
1986-07-01,1986-08-01,lag_8,0.0035117423940054,0.0008061731386987958,0.005188131374670896,0.0013459080547840187
1986-07-01,1986-08-01,lag_9,-0.0031146676276252,-0.00042263549994913773,0.005188131374670896,0.0013459080547840187
1986-07-01,1986-08-01,lag_10,0.0033778606355214,-4.758625367685454e-05,0.005188131374670896,0.0013459080547840187
1986-07-01,1986-08-01,lag_11,0.0030372094955404,-0.00039546357911603993,0.005188131374670896,0.0013459080547840187
1986-07-01,1986-08-01,volatility_3m,0.0052766593026426995,-0.0006368991865292628,0.005188131374670896,0.0013459080547840187
1986-08-01,1986-09-01,lag_0,-0.0018566171981273,-0.0013167675889826569,-0.0016979003632364002,0.0012249063760488375
1986-08-01,1986-09-01,lag_1,0.0065123864306064,-0.00020892919248581166,-0.0016979003632364002,0.0012249063760488375
1986-08-01,1986-09-01,lag_2,-0.0040373394621271,-0.0004656761796468345,-0.0016979003632364002,0.0012249063760488375
1986-08-01,1986-09-01,lag_3,0.0014759828720576,-0.00026740497776700067,-0.0016979003632364002,0.0012249063760488375
1986-08-01,1986-09-01,lag_4,0.0014326780252771,-0.0003052046974426048,-0.0016979003632364002,0.0012249063760488375
1986-08-01,1986-09-01,lag_5,-0.0071483716635922,-0.0002551778612723865,-0.0016979003632364002,0.0012249063760488375
1986-08-01,1986-09-01,lag_6,-0.0070438228714575,-0.0007462253758967563,-0.0016979003632364002,0.0012249063760488375
1986-08-01,1986-09-01,lag_7,0.0055203293729357,0.0007691582808911335,-0.0016979003632364002,0.0012249063760488375
1986-08-01,1986-09-01,lag_8,0.0095838114477926,0.0014249070183541335,-0.0016979003632364002,0.0012249063760488375
1986-08-01,1986-09-01,lag_9,0.0035117423940054,0.0007085423714306671,-0.0016979003632364002,0.0012249063760488375
1986-08-01,1986-09-01,lag_10,-0.0031146676276252,-0.0009822742119285977,-0.0016979003632364002,0.0012249063760488375
1986-08-01,1986-09-01,lag_11,0.0033778606355214,-0.00012959339808730875,-0.0016979003632364002,0.0012249063760488375
1986-08-01,1986-09-01,volatility_3m,0.0055691484648653705,-0.001148160975681094,-0.0016979003632364002,0.0012249063760488375
1986-09-01,1986-10-01,lag_0,0.0025494743751623,-0.0011228644410039123,0.0005145021353870907,0.0011240084218759792
1986-09-01,1986-10-01,lag_1,-0.0018566171981273,-0.0006518578389295726,0.0005145021353870907,0.0011240084218759792
1986-09-01,1986-10-01,lag_2,0.0065123864306064,-6.843020652013366e-05,0.0005145021353870907,0.0011240084218759792
1986-09-01,1986-10-01,lag_3,-0.0040373394621271,-0.0008879238027657266,0.0005145021353870907,0.0011240084218759792
1986-09-01,1986-10-01,lag_4,0.0014759828720576,-0.0004744037193813711,0.0005145021353870907,0.0011240084218759792
1986-09-01,1986-10-01,lag_5,0.0014326780252771,0.0005424094957015768,0.0005145021353870907,0.0011240084218759792
1986-09-01,1986-10-01,lag_6,-0.0071483716635922,-0.0006174292286596028,0.0005145021353870907,0.0011240084218759792
1986-09-01,1986-10-01,lag_7,-0.0070438228714575,0.00040381692982919046,0.0005145021353870907,0.0011240084218759792
1986-09-01,1986-10-01,lag_8,0.0055203293729357,0.0006367038087410037,0.0005145021353870907,0.0011240084218759792
1986-09-01,1986-10-01,lag_9,0.0095838114477926,0.0008264064268223592,0.0005145021353870907,0.0011240084218759792
1986-09-01,1986-10-01,lag_10,0.0035117423940054,-0.0002172838930346188,0.0005145021353870907,0.0011240084218759792
1986-09-01,1986-10-01,lag_11,-0.0031146676276252,0.0007595867683266988,0.0005145021353870907,0.0011240084218759792
1986-09-01,1986-10-01,volatility_3m,0.004186457067122422,0.0002617634074704256,0.0005145021353870907,0.0011240084218759792
1986-10-01,1986-11-01,lag_0,0.0042533405515881,0.0006547007545577799,0.0031796536388315746,0.0010253140075399834
1986-10-01,1986-11-01,lag_1,0.0025494743751623,0.0005313968453992857,0.0031796536388315746,0.0010253140075399834
1986-10-01,1986-11-01,lag_2,-0.0018566171981273,-0.00025791876632865753,0.0031796536388315746,0.0010253140075399834
1986-10-01,1986-11-01,lag_3,0.0065123864306064,-8.793110820988659e-05,0.0031796536388315746,0.0010253140075399834
1986-10-01,1986-11-01,lag_4,-0.0040373394621271,0.0010624778140390844,0.0031796536388315746,0.0010253140075399834
1986-10-01,1986-11-01,lag_5,0.0014759828720576,1.2969008021173067e-05,0.0031796536388315746,0.0010253140075399834
1986-10-01,1986-11-01,lag_6,0.0014326780252771,-0.00020398836761160056,0.0031796536388315746,0.0010253140075399834
1986-10-01,1986-11-01,lag_7,-0.0071483716635922,0.00034361712367172005,0.0031796536388315746,0.0010253140075399834
1986-10-01,1986-11-01,lag_8,-0.0070438228714575,-0.0013715043767660972,0.0031796536388315746,0.0010253140075399834
1986-10-01,1986-11-01,lag_9,0.0055203293729357,0.00050814050702229,0.0031796536388315746,0.0010253140075399834
1986-10-01,1986-11-01,lag_10,0.0095838114477926,0.0006179121331297211,0.0031796536388315746,0.0010253140075399834
1986-10-01,1986-11-01,lag_11,0.0035117423940054,-0.0002301719828392379,0.0031796536388315746,0.0010253140075399834
1986-10-01,1986-11-01,volatility_3m,0.0031529982186983226,0.0005746399290364934,0.0031796536388315746,0.0010253140075399834
1986-11-01,1986-12-01,lag_0,0.0039986071649558,0.00032714177259549613,-0.0024826657169289166,0.0010314070043682725
1986-11-01,1986-12-01,lag_1,0.0042533405515881,0.0009679352509920136,-0.0024826657169289166,0.0010314070043682725
1986-11-01,1986-12-01,lag_2,0.0025494743751623,-0.00024022006255108863,-0.0024826657169289166,0.0010314070043682725
1986-11-01,1986-12-01,lag_3,-0.0018566171981273,9.590246201696573e-05,-0.0024826657169289166,0.0010314070043682725
1986-11-01,1986-12-01,lag_4,0.0065123864306064,-0.001017403539372026,-0.0024826657169289166,0.0010314070043682725
1986-11-01,1986-12-01,lag_5,-0.0040373394621271,-0.0003551341828824661,-0.0024826657169289166,0.0010314070043682725
1986-11-01,1986-12-01,lag_6,0.0014759828720576,-0.00023906646008981625,-0.0024826657169289166,0.0010314070043682725
1986-11-01,1986-12-01,lag_7,0.0014326780252771,0.0010036036362089363,-0.0024826657169289166,0.0010314070043682725
1986-11-01,1986-12-01,lag_8,-0.0071483716635922,-0.0012656174681978881,-0.0024826657169289166,0.0010314070043682725
1986-11-01,1986-12-01,lag_9,-0.0070438228714575,-0.0006231441585259745,-0.0024826657169289166,0.0010314070043682725
1986-11-01,1986-12-01,lag_10,0.0055203293729357,0.00016774618918134366,-0.0024826657169289166,0.0010314070043682725
1986-11-01,1986-12-01,lag_11,0.0095838114477926,-0.00037111476052814396,-0.0024826657169289166,0.0010314070043682725
1986-11-01,1986-12-01,volatility_3m,0.0009190606515973914,-0.001964701372053241,-0.0024826657169289166,0.0010314070043682725
1986-12-01,1987-01-01,lag_0,0.0094395391395245,0.003060225766439544,0.002681356458823886,0.0011177174700467154
1986-12-01,1987-01-01,lag_1,0.0039986071649558,0.0010551600592589238,0.002681356458823886,0.0011177174700467154
1986-12-01,1987-01-01,lag_2,0.0042533405515881,0.00017690515325739399,0.002681356458823886,0.0011177174700467154
1986-12-01,1987-01-01,lag_3,0.0025494743751623,-0.00033642093017988373,0.002681356458823886,0.0011177174700467154
1986-12-01,1987-01-01,lag_4,-0.0018566171981273,-0.0015872392266464885,0.002681356458823886,0.0011177174700467154
1986-12-01,1987-01-01,lag_5,0.0065123864306064,-0.0008119119825005328,0.002681356458823886,0.0011177174700467154
1986-12-01,1987-01-01,lag_6,-0.0040373394621271,-0.0010575909885665168,0.002681356458823886,0.0011177174700467154
1986-12-01,1987-01-01,lag_7,0.0014759828720576,0.0012769973830654634,0.002681356458823886,0.0011177174700467154
1986-12-01,1987-01-01,lag_8,0.0014326780252771,0.0009684663459484,0.002681356458823886,0.0011177174700467154
1986-12-01,1987-01-01,lag_9,-0.0071483716635922,-0.0005043629007741401,0.002681356458823886,0.0011177174700467154
1986-12-01,1987-01-01,lag_10,-0.0070438228714575,-0.0004263581011764472,0.002681356458823886,0.0011177174700467154
1986-12-01,1987-01-01,lag_11,0.0055203293729357,-0.0008049344311439199,0.002681356458823886,0.0011177174700467154
1986-12-01,1987-01-01,volatility_3m,0.00307043117611796,0.0005547028048385982,0.002681356458823886,0.0011177174700467154
1987-01-01,1987-02-01,lag_0,-0.0034937346824053,-0.0016415954425792734,-0.0015254530483962189,0.0010978473516393996
1987-01-01,1987-02-01,lag_1,0.0094395391395245,-2.2028669809515124e-05,-0.0015254530483962189,0.0010978473516393996
1987-01-01,1987-02-01,lag_2,0.0039986071649558,-5.1242002664366735e-05,-0.0015254530483962189,0.0010978473516393996
1987-01-01,1987-02-01,lag_3,0.0042533405515881,-0.0006325394789382699,-0.0015254530483962189,0.0010978473516393996
1987-01-01,1987-02-01,lag_4,0.0025494743751623,-0.00054363499446481,-0.0015254530483962189,0.0010978473516393996
1987-01-01,1987-02-01,lag_5,-0.0018566171981273,-7.072984611113498e-05,-0.0015254530483962189,0.0010978473516393996
1987-01-01,1987-02-01,lag_6,0.0065123864306064,5.866287787284819e-05,-0.0015254530483962189,0.0010978473516393996
1987-01-01,1987-02-01,lag_7,-0.0040373394621271,-0.0018121314203744987,-0.0015254530483962189,0.0010978473516393996
1987-01-01,1987-02-01,lag_8,0.0014759828720576,0.0016511015288779164,-0.0015254530483962189,0.0010978473516393996
1987-01-01,1987-02-01,lag_9,0.0014326780252771,-0.0002387673651537625,-0.0015254530483962189,0.0010978473516393996
1987-01-01,1987-02-01,lag_10,-0.0071483716635922,-0.0007212076346331742,-0.0015254530483962189,0.0010978473516393996
1987-01-01,1987-02-01,lag_11,-0.0070438228714575,8.436416688709868e-05,-0.0015254530483962189,0.0010978473516393996
1987-01-01,1987-02-01,volatility_3m,0.00649369564606854,0.0013164480741852458,-0.0015254530483962189,0.0010978473516393996
1987-02-01,1987-03-01,lag_0,0.0130949117680598,0.005459945831498772,0.005732624215924877,0.0011159512215845365
1987-02-01,1987-03-01,lag_1,-0.0034937346824053,-6.187494251207682e-05,0.005732624215924877,0.0011159512215845365
1987-02-01,1987-03-01,lag_2,0.0094395391395245,-0.00020725711321574635,0.005732624215924877,0.0011159512215845365
1987-02-01,1987-03-01,lag_3,0.0039986071649558,-0.0004441742189374054,0.005732624215924877,0.0011159512215845365
1987-02-01,1987-03-01,lag_4,0.0042533405515881,-9.59879145193554e-05,0.005732624215924877,0.0011159512215845365
1987-02-01,1987-03-01,lag_5,0.0025494743751623,-0.0003085549114985042,0.005732624215924877,0.0011159512215845365
1987-02-01,1987-03-01,lag_6,-0.0018566171981273,0.0004440403507760493,0.005732624215924877,0.0011159512215845365
1987-02-01,1987-03-01,lag_7,0.0065123864306064,-0.0011369966842266876,0.005732624215924877,0.0011159512215845365
1987-02-01,1987-03-01,lag_8,-0.0040373394621271,-0.001469912692955404,0.005732624215924877,0.0011159512215845365
1987-02-01,1987-03-01,lag_9,0.0014759828720576,0.00023749447431328007,0.005732624215924877,0.0011159512215845365
1987-02-01,1987-03-01,lag_10,0.0014326780252771,0.00011362716819348861,0.005732624215924877,0.0011159512215845365
1987-02-01,1987-03-01,lag_11,-0.0071483716635922,0.0007303659600074752,0.005732624215924877,0.0011159512215845365
1987-02-01,1987-03-01,volatility_3m,0.008716024627709089,0.00135595757487863,0.005732624215924877,0.0011159512215845365
1987-03-01,1987-04-01,lag_0,0.0014471947964986,-0.0007810257806158916,-0.0017755956939453244,0.0011941148044327182
1987-03-01,1987-04-01,lag_1,0.0130949117680598,8.848626133840298e-05,-0.0017755956939453244,0.0011941148044327182
1987-03-01,1987-04-01,lag_2,-0.0034937346824053,-0.00133574398161727,-0.0017755956939453244,0.0011941148044327182
1987-03-01,1987-04-01,lag_3,0.0094395391395245,8.205010597521323e-05,-0.0017755956939453244,0.0011941148044327182
1987-03-01,1987-04-01,lag_4,0.0039986071649558,-0.00023686401966187986,-0.0017755956939453244,0.0011941148044327182
1987-03-01,1987-04-01,lag_5,0.0042533405515881,7.64916460684617e-05,-0.0017755956939453244,0.0011941148044327182
1987-03-01,1987-04-01,lag_6,0.0025494743751623,-0.00019329986534103228,-0.0017755956939453244,0.0011941148044327182
1987-03-01,1987-04-01,lag_7,-0.0018566171981273,-0.0018947571253011119,-0.0017755956939453244,0.0011941148044327182
1987-03-01,1987-04-01,lag_8,0.0065123864306064,0.00016825410895762616,-0.0017755956939453244,0.0011941148044327182
1987-03-01,1987-04-01,lag_9,-0.0040373394621271,-0.001225414405344054,-0.0017755956939453244,0.0011941148044327182
1987-03-01,1987-04-01,lag_10,0.0014759828720576,-5.1126688413205555e-05,-0.0017755956939453244,0.0011941148044327182
1987-03-01,1987-04-01,lag_11,0.0014326780252771,-6.288958877121332e-05,-0.0017755956939453244,0.0011941148044327182
1987-03-01,1987-04-01,volatility_3m,0.008517289140562124,0.0023961288534519553,-0.0017755956939453244,0.0011941148044327182
1987-04-01,1987-05-01,lag_0,0.0063111142311358,0.002547149505080597,0.0022215743510814,0.0011328003624960505
1987-04-01,1987-05-01,lag_1,0.0014471947964986,-0.0008225390952429734,0.0022215743510814,0.0011328003624960505
1987-04-01,1987-05-01,lag_2,0.0130949117680598,0.0003543185827584239,0.0022215743510814,0.0011328003624960505
1987-04-01,1987-05-01,lag_3,-0.0034937346824053,-0.0005736093470113701,0.0022215743510814,0.0011328003624960505
1987-04-01,1987-05-01,lag_4,0.0094395391395245,-0.0004071185728389537,0.0022215743510814,0.0011328003624960505
1987-04-01,1987-05-01,lag_5,0.0039986071649558,-5.2939949491701554e-05,0.0022215743510814,0.0011328003624960505
1987-04-01,1987-05-01,lag_6,0.0042533405515881,0.0005022255607036641,0.0022215743510814,0.0011328003624960505
1987-04-01,1987-05-01,lag_7,0.0025494743751623,0.0015717562034114963,0.0022215743510814,0.0011328003624960505
1987-04-01,1987-05-01,lag_8,-0.0018566171981273,-0.0011092788639871288,0.0022215743510814,0.0011328003624960505
1987-04-01,1987-05-01,lag_9,0.0065123864306064,0.0004018654655192222,0.0022215743510814,0.0011328003624960505
1987-04-01,1987-05-01,lag_10,-0.0040373394621271,-0.0010390521107365202,0.0022215743510814,0.0011328003624960505
1987-04-01,1987-05-01,lag_11,0.0014759828720576,-6.903761793182639e-05,0.0022215743510814,0.0011328003624960505
1987-04-01,1987-05-01,volatility_3m,0.005850169968160646,-0.0002149657872178068,0.0022215743510814,0.0011328003624960505
1987-05-01,1987-06-01,lag_0,0.0063027667626691,0.0016332768041320378,0.006771273747661784,0.0011726264214129622
1987-05-01,1987-06-01,lag_1,0.0063111142311358,0.0005901337277646235,0.006771273747661784,0.0011726264214129622
1987-05-01,1987-06-01,lag_2,0.0014471947964986,-0.0003022058678470785,0.006771273747661784,0.0011726264214129622
1987-05-01,1987-06-01,lag_3,0.0130949117680598,0.0014816294276170084,0.006771273747661784,0.0011726264214129622
1987-05-01,1987-06-01,lag_4,-0.0034937346824053,0.0004392063785098799,0.006771273747661784,0.0011726264214129622
1987-05-01,1987-06-01,lag_5,0.0094395391395245,-0.0003284701866323303,0.006771273747661784,0.0011726264214129622
1987-05-01,1987-06-01,lag_6,0.0039986071649558,0.00041851786088955125,0.006771273747661784,0.0011726264214129622
1987-05-01,1987-06-01,lag_7,0.0042533405515881,0.0004980498863551475,0.006771273747661784,0.0011726264214129622
1987-05-01,1987-06-01,lag_8,0.0025494743751623,0.0005309657484394848,0.006771273747661784,0.0011726264214129622
1987-05-01,1987-06-01,lag_9,-0.0018566171981273,-0.0006147494477045256,0.006771273747661784,0.0011726264214129622
1987-05-01,1987-06-01,lag_10,0.0065123864306064,-8.479145202727522e-05,0.006771273747661784,0.0011726264214129622
1987-05-01,1987-06-01,lag_11,-0.0040373394621271,0.0009625791123380622,0.006771273747661784,0.0011726264214129622
1987-05-01,1987-06-01,volatility_3m,0.0028057785926409126,0.0003745053635066142,0.006771273747661784,0.0011726264214129622
1987-06-01,1987-07-01,lag_0,0.0051660293028339,0.0013817427926414894,0.002931435840749013,0.0011118094256227177
1987-06-01,1987-07-01,lag_1,0.0063027667626691,0.0006472422077513329,0.002931435840749013,0.0011118094256227177
1987-06-01,1987-07-01,lag_2,0.0063111142311358,0.0001260589926823741,0.002931435840749013,0.0011118094256227177
1987-06-01,1987-07-01,lag_3,0.0014471947964986,-0.00010086425611007144,0.002931435840749013,0.0011118094256227177
1987-06-01,1987-07-01,lag_4,0.0130949117680598,-0.0005002588483193904,0.002931435840749013,0.0011118094256227177
1987-06-01,1987-07-01,lag_5,-0.0034937346824053,-0.00024477429619764737,0.002931435840749013,0.0011118094256227177
1987-06-01,1987-07-01,lag_6,0.0094395391395245,0.00027796446273214314,0.002931435840749013,0.0011118094256227177
1987-06-01,1987-07-01,lag_7,0.0039986071649558,-5.230616699464008e-05,0.002931435840749013,0.0011118094256227177
1987-06-01,1987-07-01,lag_8,0.0042533405515881,0.0003500292442959108,0.002931435840749013,0.0011118094256227177
1987-06-01,1987-07-01,lag_9,0.0025494743751623,0.00017048554057510045,0.002931435840749013,0.0011118094256227177
1987-06-01,1987-07-01,lag_10,-0.0018566171981273,0.0010586550631524006,0.002931435840749013,0.0011118094256227177
1987-06-01,1987-07-01,lag_11,0.0065123864306064,-0.0002895186466639643,0.002931435840749013,0.0011118094256227177
1987-06-01,1987-07-01,volatility_3m,0.0007168055882143395,-0.0010048296187483174,0.002931435840749013,0.0011118094256227177
1987-07-01,1987-08-01,lag_0,0.0067970654739664,0.0019882570425033917,0.001970830036118352,0.0011107396521030982
1987-07-01,1987-08-01,lag_1,0.0051660293028339,0.0004085414604196558,0.001970830036118352,0.0011107396521030982
1987-07-01,1987-08-01,lag_2,0.0063027667626691,0.00014510344607515435,0.001970830036118352,0.0011107396521030982
1987-07-01,1987-08-01,lag_3,0.0063111142311358,-6.331268757094222e-05,0.001970830036118352,0.0011107396521030982
1987-07-01,1987-08-01,lag_4,0.0014471947964986,4.493339234159066e-05,0.001970830036118352,0.0011107396521030982
1987-07-01,1987-08-01,lag_5,0.0130949117680598,-0.000413524597149717,0.001970830036118352,0.0011107396521030982
1987-07-01,1987-08-01,lag_6,-0.0034937346824053,-0.0007731642958424345,0.001970830036118352,0.0011107396521030982
1987-07-01,1987-08-01,lag_7,0.0094395391395245,-0.00047512883550894004,0.001970830036118352,0.0011107396521030982
1987-07-01,1987-08-01,lag_8,0.0039986071649558,0.0006017673101723631,0.001970830036118352,0.0011107396521030982
1987-07-01,1987-08-01,lag_9,0.0042533405515881,0.0006962345923648172,0.001970830036118352,0.0011107396521030982
1987-07-01,1987-08-01,lag_10,0.0025494743751623,-0.0003551431746865319,0.001970830036118352,0.0011107396521030982
1987-07-01,1987-08-01,lag_11,-0.0018566171981273,0.0005619337714961147,0.001970830036118352,0.0011107396521030982
1987-07-01,1987-08-01,volatility_3m,0.0008363394705625739,-0.0015064070171320054,0.001970830036118352,0.0011107396521030982
1987-08-01,1987-09-01,lag_0,0.0074780815378376,0.001996201904953523,0.001995451036382485,0.001314950827786533
1987-08-01,1987-09-01,lag_1,0.0067970654739664,0.00011842097154840303,0.001995451036382485,0.001314950827786533
1987-08-01,1987-09-01,lag_2,0.0051660293028339,-0.00030402214992591325,0.001995451036382485,0.001314950827786533
1987-08-01,1987-09-01,lag_3,0.0063027667626691,0.0004274433012960799,0.001995451036382485,0.001314950827786533
1987-08-01,1987-09-01,lag_4,0.0063111142311358,-0.0010535274653943815,0.001995451036382485,0.001314950827786533
1987-08-01,1987-09-01,lag_5,0.0014471947964986,-0.0001629022307974992,0.001995451036382485,0.001314950827786533
1987-08-01,1987-09-01,lag_6,0.0130949117680598,0.0009630247718041573,0.001995451036382485,0.001314950827786533
1987-08-01,1987-09-01,lag_7,-0.0034937346824053,-0.0002694291629882173,0.001995451036382485,0.001314950827786533
1987-08-01,1987-09-01,lag_8,0.0094395391395245,0.0005305707203456223,0.001995451036382485,0.001314950827786533
1987-08-01,1987-09-01,lag_9,0.0039986071649558,0.00042057129372096824,0.001995451036382485,0.001314950827786533
1987-08-01,1987-09-01,lag_10,0.0042533405515881,-0.0004148129650093324,0.001995451036382485,0.001314950827786533
1987-08-01,1987-09-01,lag_11,0.0025494743751623,-0.0007078543467332565,0.001995451036382485,0.001314950827786533
1987-08-01,1987-09-01,volatility_3m,0.0011881110644056522,-0.0008631844615592854,0.001995451036382485,0.001314950827786533
1987-09-01,1987-10-01,lag_0,0.0039317740129067,0.0006514336508530505,0.00030995053486211377,0.0012591757052551234
1987-09-01,1987-10-01,lag_1,0.0074780815378376,0.0005282706562138628,0.00030995053486211377,0.0012591757052551234
1987-09-01,1987-10-01,lag_2,0.0067970654739664,0.00024744323027789503,0.00030995053486211377,0.0012591757052551234
1987-09-01,1987-10-01,lag_3,0.0051660293028339,-0.00029504262655336786,0.00030995053486211377,0.0012591757052551234
1987-09-01,1987-10-01,lag_4,0.0063027667626691,-0.00019742543567190295,0.00030995053486211377,0.0012591757052551234
1987-09-01,1987-10-01,lag_5,0.0063111142311358,-0.0009439343162011937,0.00030995053486211377,0.0012591757052551234
1987-09-01,1987-10-01,lag_6,0.0014471947964986,-0.0002911395435421582,0.00030995053486211377,0.0012591757052551234
1987-09-01,1987-10-01,lag_7,0.0130949117680598,3.499467428355274e-05,0.00030995053486211377,0.0012591757052551234
1987-09-01,1987-10-01,lag_8,-0.0034937346824053,-0.0010679742053525843,0.00030995053486211377,0.0012591757052551234
1987-09-01,1987-10-01,lag_9,0.0094395391395245,0.0005814843693815419,0.00030995053486211377,0.0012591757052551234
1987-09-01,1987-10-01,lag_10,0.0039986071649558,-0.000225242985488876,0.00030995053486211377,0.0012591757052551234
1987-09-01,1987-10-01,lag_11,0.0042533405515881,-0.0006814696974106482,0.00030995053486211377,0.0012591757052551234
1987-09-01,1987-10-01,volatility_3m,0.0018819305290690984,0.0007093770284359379,0.00030995053486211377,0.0012591757052551234
1987-10-01,1987-11-01,lag_0,0.0132334951092074,0.004098883171382113,0.007944369929640578,0.0013488713085867431
1987-10-01,1987-11-01,lag_1,0.0039317740129067,0.000996945340439197,0.007944369929640578,0.0013488713085867431
1987-10-01,1987-11-01,lag_2,0.0074780815378376,0.00036485344113998505,0.007944369929640578,0.0013488713085867431
1987-10-01,1987-11-01,lag_3,0.0067970654739664,0.00030598106104207546,0.007944369929640578,0.0013488713085867431
1987-10-01,1987-11-01,lag_4,0.0051660293028339,-0.000713828606012612,0.007944369929640578,0.0013488713085867431
1987-10-01,1987-11-01,lag_5,0.0063027667626691,-0.00031368936304716045,0.007944369929640578,0.0013488713085867431
1987-10-01,1987-11-01,lag_6,0.0063111142311358,0.000990328069105999,0.007944369929640578,0.0013488713085867431
1987-10-01,1987-11-01,lag_7,0.0014471947964986,0.0017988954068232487,0.007944369929640578,0.0013488713085867431
1987-10-01,1987-11-01,lag_8,0.0130949117680598,0.0015260593059747407,0.007944369929640578,0.0013488713085867431
1987-10-01,1987-11-01,lag_9,-0.0034937346824053,-0.0006825492104690057,0.007944369929640578,0.0013488713085867431
1987-10-01,1987-11-01,lag_10,0.0094395391395245,-0.0003606010030262041,0.007944369929640578,0.0013488713085867431
1987-10-01,1987-11-01,lag_11,0.0039986071649558,-0.0003891717256840366,0.007944369929640578,0.0013488713085867431
1987-10-01,1987-11-01,volatility_3m,0.00469437780386025,-0.0010266073485263405,0.007944369929640578,0.0013488713085867431
1987-11-01,1987-12-01,lag_0,0.0048659460435285,0.0020357517474622,0.005498983534886992,0.0014121856140826554
1987-11-01,1987-12-01,lag_1,0.0132334951092074,0.0004886605979515934,0.005498983534886992,0.0014121856140826554
1987-11-01,1987-12-01,lag_2,0.0039317740129067,0.0004867760851720959,0.005498983534886992,0.0014121856140826554
1987-11-01,1987-12-01,lag_3,0.0074780815378376,0.0010739133194567784,0.005498983534886992,0.0014121856140826554
1987-11-01,1987-12-01,lag_4,0.0067970654739664,-0.0002946474419331935,0.005498983534886992,0.0014121856140826554
1987-11-01,1987-12-01,lag_5,0.0051660293028339,-0.0006314933064709294,0.005498983534886992,0.0014121856140826554
1987-11-01,1987-12-01,lag_6,0.0063027667626691,0.0006532766960549452,0.005498983534886992,0.0014121856140826554
1987-11-01,1987-12-01,lag_7,0.0063111142311358,0.00014636325527135342,0.005498983534886992,0.0014121856140826554
1987-11-01,1987-12-01,lag_8,0.0014471947964986,0.0007891348374050722,0.005498983534886992,0.0014121856140826554
1987-11-01,1987-12-01,lag_9,0.0130949117680598,6.069182066312351e-05,0.005498983534886992,0.0014121856140826554
1987-11-01,1987-12-01,lag_10,-0.0034937346824053,0.0005900087945428823,0.005498983534886992,0.0014121856140826554
1987-11-01,1987-12-01,lag_11,0.0094395391395245,-0.0002625922434617678,0.005498983534886992,0.0014121856140826554
1987-11-01,1987-12-01,volatility_3m,0.0051220205990524445,-0.0010490462344341723,0.005498983534886992,0.0014121856140826554
1987-12-01,1988-01-01,lag_0,0.005592546578943,0.0013349246856751052,0.002882561745473107,0.0015044018348078214
1987-12-01,1988-01-01,lag_1,0.0048659460435285,0.0008422258494010748,0.002882561745473107,0.0015044018348078214
1987-12-01,1988-01-01,lag_2,0.0132334951092074,0.001324123129597865,0.002882561745473107,0.0015044018348078214
1987-12-01,1988-01-01,lag_3,0.0039317740129067,-0.0009459986779279461,0.002882561745473107,0.0015044018348078214
1987-12-01,1988-01-01,lag_4,0.0074780815378376,3.314051485631353e-05,0.002882561745473107,0.0015044018348078214
1987-12-01,1988-01-01,lag_5,0.0067970654739664,-0.00011291183667708538,0.002882561745473107,0.0015044018348078214
1987-12-01,1988-01-01,lag_6,0.0051660293028339,0.00024888808091191097,0.002882561745473107,0.0015044018348078214
1987-12-01,1988-01-01,lag_7,0.0063027667626691,1.1644805571222605e-05,0.002882561745473107,0.0015044018348078214
1987-12-01,1988-01-01,lag_8,0.0063111142311358,0.0006270051434876223,0.002882561745473107,0.0015044018348078214
1987-12-01,1988-01-01,lag_9,0.0014471947964986,-0.0007877608246917589,0.002882561745473107,0.0015044018348078214
1987-12-01,1988-01-01,lag_10,0.0130949117680598,-0.0008481634146073702,0.002882561745473107,0.0015044018348078214
1987-12-01,1988-01-01,lag_11,-0.0034937346824053,0.0004912161804850257,0.002882561745473107,0.0015044018348078214
1987-12-01,1988-01-01,volatility_3m,0.0046355136383281585,-0.0008401738162820038,0.002882561745473107,0.0015044018348078214
1988-01-01,1988-02-01,lag_0,-0.0001970082890574,-0.0005549742287030313,0.004454804438492079,0.0015392064509290096
1988-01-01,1988-02-01,lag_1,0.005592546578943,0.0008145464963126869,0.004454804438492079,0.0015392064509290096
1988-01-01,1988-02-01,lag_2,0.0048659460435285,-7.926189764475567e-06,0.004454804438492079,0.0015392064509290096
1988-01-01,1988-02-01,lag_3,0.0132334951092074,0.000808445980067063,0.004454804438492079,0.0015392064509290096
1988-01-01,1988-02-01,lag_4,0.0039317740129067,-0.00032737905402655085,0.004454804438492079,0.0015392064509290096
1988-01-01,1988-02-01,lag_5,0.0074780815378376,-0.00019353945044713327,0.004454804438492079,0.0015392064509290096
1988-01-01,1988-02-01,lag_6,0.0067970654739664,0.0005476915075450961,0.004454804438492079,0.0015392064509290096
1988-01-01,1988-02-01,lag_7,0.0051660293028339,0.0004501330593893727,0.004454804438492079,0.0015392064509290096
1988-01-01,1988-02-01,lag_8,0.0063027667626691,0.0012706135104645,0.004454804438492079,0.0015392064509290096
1988-01-01,1988-02-01,lag_9,0.0063111142311358,0.0005308639962163397,0.004454804438492079,0.0015392064509290096
1988-01-01,1988-02-01,lag_10,0.0014471947964986,8.339532846093789e-05,0.004454804438492079,0.0015392064509290096
1988-01-01,1988-02-01,lag_11,0.0130949117680598,-0.0014094458577392289,0.004454804438492079,0.0015392064509290096
1988-01-01,1988-02-01,volatility_3m,0.0031538442278564874,0.0009031728903426029,0.004454804438492079,0.0015392064509290096
1988-02-01,1988-03-01,lag_0,0.0049992713406421,0.0012485470678802813,0.0022613116403244838,0.0015306861315692855
1988-02-01,1988-03-01,lag_1,-0.0001970082890574,-0.0010054865185520612,0.0022613116403244838,0.0015306861315692855
1988-02-01,1988-03-01,lag_2,0.005592546578943,-7.996363901838777e-06,0.0022613116403244838,0.0015306861315692855
1988-02-01,1988-03-01,lag_3,0.0048659460435285,-0.0001998265648353481,0.0022613116403244838,0.0015306861315692855
1988-02-01,1988-03-01,lag_4,0.0132334951092074,7.730897391411417e-06,0.0022613116403244838,0.0015306861315692855
1988-02-01,1988-03-01,lag_5,0.0039317740129067,0.0005053699310565207,0.0022613116403244838,0.0015306861315692855
1988-02-01,1988-03-01,lag_6,0.0074780815378376,-0.000258785356018052,0.0022613116403244838,0.0015306861315692855
1988-02-01,1988-03-01,lag_7,0.0067970654739664,-0.0002455398489109939,0.0022613116403244838,0.0015306861315692855
1988-02-01,1988-03-01,lag_8,0.0051660293028339,0.0008321960906869208,0.0022613116403244838,0.0015306861315692855
1988-02-01,1988-03-01,lag_9,0.0063027667626691,0.00023821456995847256,0.0022613116403244838,0.0015306861315692855
1988-02-01,1988-03-01,lag_10,0.0063111142311358,-0.000762252068880116,0.0022613116403244838,0.0015306861315692855
1988-02-01,1988-03-01,lag_11,0.0014471947964986,1.606011159310583e-05,0.0022613116403244838,0.0015306861315692855
1988-02-01,1988-03-01,volatility_3m,0.003185180347274915,0.0003623934451661626,0.0022613116403244838,0.0015306861315692855
1988-03-01,1988-04-01,lag_0,0.0024648224249466,-0.0016901895362207142,0.0008877080356211717,0.0015672979973801904
1988-03-01,1988-04-01,lag_1,0.0049992713406421,0.0006437100157063468,0.0008877080356211717,0.0015672979973801904
1988-03-01,1988-04-01,lag_2,-0.0001970082890574,-0.0011416061632735363,0.0008877080356211717,0.0015672979973801904
1988-03-01,1988-04-01,lag_3,0.005592546578943,-0.000603323831301168,0.0008877080356211717,0.0015672979973801904
1988-03-01,1988-04-01,lag_4,0.0048659460435285,-0.00021675695636304228,0.0008877080356211717,0.0015672979973801904
1988-03-01,1988-04-01,lag_5,0.0132334951092074,0.0005210509506764538,0.0008877080356211717,0.0015672979973801904
1988-03-01,1988-04-01,lag_6,0.0039317740129067,0.00021648235841894347,0.0008877080356211717,0.0015672979973801904
1988-03-01,1988-04-01,lag_7,0.0074780815378376,0.00045658631499009063,0.0008877080356211717,0.0015672979973801904
1988-03-01,1988-04-01,lag_8,0.0067970654739664,0.00044437629737785754,0.0008877080356211717,0.0015672979973801904
1988-03-01,1988-04-01,lag_9,0.0051660293028339,0.00026036866597678454,0.0008877080356211717,0.0015672979973801904
1988-03-01,1988-04-01,lag_10,0.0063027667626691,-0.0002209567918725952,0.0008877080356211717,0.0015672979973801904
1988-03-01,1988-04-01,lag_11,0.0063111142311358,-0.0004423599769052089,0.0008877080356211717,0.0015672979973801904
1988-03-01,1988-04-01,volatility_3m,0.0025984000220108244,0.0010930288126837695,0.0008877080356211717,0.0015672979973801904
1988-04-01,1988-05-01,lag_0,0.0057843790126419,0.001801799407294311,0.004152916446097323,0.0016032752133727872
1988-04-01,1988-05-01,lag_1,0.0024648224249466,0.00016511614597675362,0.004152916446097323,0.0016032752133727872
1988-04-01,1988-05-01,lag_2,0.0049992713406421,0.0001942885111020587,0.004152916446097323,0.0016032752133727872
1988-04-01,1988-05-01,lag_3,-0.0001970082890574,-0.0005578430543209834,0.004152916446097323,0.0016032752133727872
1988-04-01,1988-05-01,lag_4,0.005592546578943,-0.00010378781169038121,0.004152916446097323,0.0016032752133727872
1988-04-01,1988-05-01,lag_5,0.0048659460435285,-0.0005056832338777895,0.004152916446097323,0.0016032752133727872
1988-04-01,1988-05-01,lag_6,0.0132334951092074,0.0002741920603875769,0.004152916446097323,0.0016032752133727872
1988-04-01,1988-05-01,lag_7,0.0039317740129067,-0.0006649934183269579,0.004152916446097323,0.0016032752133727872
1988-04-01,1988-05-01,lag_8,0.0074780815378376,0.0011270488500667853,0.004152916446097323,0.0016032752133727872
1988-04-01,1988-05-01,lag_9,0.0067970654739664,0.0009114272743954644,0.004152916446097323,0.0016032752133727872
1988-04-01,1988-05-01,lag_10,0.0051660293028339,-0.0004360099147834262,0.004152916446097323,0.0016032752133727872
1988-04-01,1988-05-01,lag_11,0.0063027667626691,0.00017467532018144993,0.004152916446097323,0.0016032752133727872
1988-04-01,1988-05-01,volatility_3m,0.001734900636050679,0.0001694111310075641,0.004152916446097323,0.0016032752133727872
1988-05-01,1988-06-01,lag_0,-0.0020182730831876,-0.0005348062512075557,0.0026149618759531558,0.0015924131274860085
1988-05-01,1988-06-01,lag_1,0.0057843790126419,0.00023632461135093764,0.0026149618759531558,0.0015924131274860085
1988-05-01,1988-06-01,lag_2,0.0024648224249466,-0.0008073484881606418,0.0026149618759531558,0.0015924131274860085
1988-05-01,1988-06-01,lag_3,0.0049992713406421,-0.00018737025402970175,0.0026149618759531558,0.0015924131274860085
1988-05-01,1988-06-01,lag_4,-0.0001970082890574,-0.0008902365264020773,0.0026149618759531558,0.0015924131274860085
1988-05-01,1988-06-01,lag_5,0.005592546578943,-0.0009147429280164942,0.0026149618759531558,0.0015924131274860085
1988-05-01,1988-06-01,lag_6,0.0048659460435285,0.00040511570014814427,0.0026149618759531558,0.0015924131274860085
1988-05-01,1988-06-01,lag_7,0.0132334951092074,0.000608513531283279,0.0026149618759531558,0.0015924131274860085
1988-05-01,1988-06-01,lag_8,0.0039317740129067,0.001937622063728668,0.0026149618759531558,0.0015924131274860085
1988-05-01,1988-06-01,lag_9,0.0074780815378376,0.001067429059562528,0.0026149618759531558,0.0015924131274860085
1988-05-01,1988-06-01,lag_10,0.0067970654739664,0.00018612328708059067,0.0026149618759531558,0.0015924131274860085
1988-05-01,1988-06-01,lag_11,0.0051660293028339,-0.0005414311227650614,0.0026149618759531558,0.0015924131274860085
1988-05-01,1988-06-01,volatility_3m,0.003915758355723635,0.00045735622029724254,0.0026149618759531558,0.0015924131274860085
1988-06-01,1988-07-01,lag_0,0.0028969273941674,-0.0001909109913503926,0.005287960308898213,0.0015920474848235653
1988-06-01,1988-07-01,lag_1,-0.0020182730831876,-0.0005179289709485601,0.005287960308898213,0.0015920474848235653
1988-06-01,1988-07-01,lag_2,0.0057843790126419,0.00019492580449878005,0.005287960308898213,0.0015920474848235653
1988-06-01,1988-07-01,lag_3,0.0024648224249466,1.3830857587890933e-05,0.005287960308898213,0.0015920474848235653
1988-06-01,1988-07-01,lag_4,0.0049992713406421,-8.011197954147065e-05,0.005287960308898213,0.0015920474848235653
1988-06-01,1988-07-01,lag_5,-0.0001970082890574,0.0007272558266959095,0.005287960308898213,0.0015920474848235653
1988-06-01,1988-07-01,lag_6,0.005592546578943,0.0006057523924391716,0.005287960308898213,0.0015920474848235653
1988-06-01,1988-07-01,lag_7,0.0048659460435285,0.00024236289698819746,0.005287960308898213,0.0015920474848235653
1988-06-01,1988-07-01,lag_8,0.0132334951092074,0.0014870777145733882,0.005287960308898213,0.0015920474848235653
1988-06-01,1988-07-01,lag_9,0.0039317740129067,0.0003172352797992062,0.005287960308898213,0.0015920474848235653
1988-06-01,1988-07-01,lag_10,0.0074780815378376,9.781277476577089e-05,0.005287960308898213,0.0015920474848235653
1988-06-01,1988-07-01,lag_11,0.0067970654739664,0.00044422425991797355,0.005287960308898213,0.0015920474848235653
1988-06-01,1988-07-01,volatility_3m,0.00394499582404034,0.0003543869779787201,0.005287960308898213,0.0015920474848235653
1988-07-01,1988-08-01,lag_0,0.0001469114322585,-0.0013192077175699524,0.002488919693790117,0.0016419620953314472
1988-07-01,1988-08-01,lag_1,0.0028969273941674,0.0006066662891680608,0.002488919693790117,0.0016419620953314472
1988-07-01,1988-08-01,lag_2,-0.0020182730831876,-0.00019920515103876823,0.002488919693790117,0.0016419620953314472
1988-07-01,1988-08-01,lag_3,0.0057843790126419,7.661133020519628e-05,0.002488919693790117,0.0016419620953314472
1988-07-01,1988-08-01,lag_4,0.0024648224249466,0.0004793359832183342,0.002488919693790117,0.0016419620953314472
1988-07-01,1988-08-01,lag_5,0.0049992713406421,-0.0007503557307154551,0.002488919693790117,0.0016419620953314472
1988-07-01,1988-08-01,lag_6,-0.0001970082890574,0.0003126070873986464,0.002488919693790117,0.0016419620953314472
1988-07-01,1988-08-01,lag_7,0.005592546578943,0.0008489059489056672,0.002488919693790117,0.0016419620953314472
1988-07-01,1988-08-01,lag_8,0.0048659460435285,0.0006556262860431161,0.002488919693790117,0.0016419620953314472
1988-07-01,1988-08-01,lag_9,0.0132334951092074,-6.703818645746651e-05,0.002488919693790117,0.0016419620953314472
1988-07-01,1988-08-01,lag_10,0.0039317740129067,-0.0003042129809909966,0.002488919693790117,0.0016419620953314472
1988-07-01,1988-08-01,lag_11,0.0074780815378376,4.779218414114439e-05,0.002488919693790117,0.0016419620953314472
1988-07-01,1988-08-01,volatility_3m,0.002463392224463119,0.0004594322629600356,0.002488919693790117,0.0016419620953314472
1988-08-01,1988-09-01,lag_0,0.0050016792782372,0.0011952010754430376,0.0012507344419100193,0.0016846171923570463
1988-08-01,1988-09-01,lag_1,0.0001469114322585,-0.0011999853345696465,0.0012507344419100193,0.0016846171923570463
1988-08-01,1988-09-01,lag_2,0.0028969273941674,-4.7265800603781826e-05,0.0012507344419100193,0.0016846171923570463
1988-08-01,1988-09-01,lag_3,-0.0020182730831876,-0.0006907487248645339,0.0012507344419100193,0.0016846171923570463
1988-08-01,1988-09-01,lag_4,0.0057843790126419,-0.00027620024362477123,0.0012507344419100193,0.0016846171923570463
1988-08-01,1988-09-01,lag_5,0.0024648224249466,0.00044322286748865736,0.0012507344419100193,0.0016846171923570463
1988-08-01,1988-09-01,lag_6,0.0049992713406421,0.0003561547028948553,0.0012507344419100193,0.0016846171923570463
1988-08-01,1988-09-01,lag_7,-0.0001970082890574,-0.0012674387659717468,0.0012507344419100193,0.0016846171923570463
1988-08-01,1988-09-01,lag_8,0.005592546578943,0.0009157870244780497,0.0012507344419100193,0.0016846171923570463
1988-08-01,1988-09-01,lag_9,0.0048659460435285,0.000274300378564476,0.0012507344419100193,0.0016846171923570463
1988-08-01,1988-09-01,lag_10,0.0132334951092074,-5.834414740093052e-05,0.0012507344419100193,0.0016846171923570463
1988-08-01,1988-09-01,lag_11,0.0039317740129067,-0.0006314640210257494,0.0012507344419100193,0.0016846171923570463
1988-08-01,1988-09-01,volatility_3m,0.002434520456633358,0.0005528982936993998,0.0012507344419100193,0.0016846171923570463
1988-09-01,1988-10-01,lag_0,-0.0031296333588732,-0.0013037894551871433,-0.001897846265352186,0.001974922425832818
1988-09-01,1988-10-01,lag_1,0.0050016792782372,0.0008320442889089463,-0.001897846265352186,0.001974922425832818
1988-09-01,1988-10-01,lag_2,0.0001469114322585,-0.0006403887027045129,-0.001897846265352186,0.001974922425832818
1988-09-01,1988-10-01,lag_3,0.0028969273941674,-0.0005236943070667621,-0.001897846265352186,0.001974922425832818
1988-09-01,1988-10-01,lag_4,-0.0020182730831876,-0.0014242127832585537,-0.001897846265352186,0.001974922425832818
1988-09-01,1988-10-01,lag_5,0.0057843790126419,-0.0008102379148476757,-0.001897846265352186,0.001974922425832818
1988-09-01,1988-10-01,lag_6,0.0024648224249466,-0.00014236096965760224,-0.001897846265352186,0.001974922425832818
1988-09-01,1988-10-01,lag_7,0.0049992713406421,0.0006921100900945021,-0.001897846265352186,0.001974922425832818
1988-09-01,1988-10-01,lag_8,-0.0001970082890574,-0.0004559597717889119,-0.001897846265352186,0.001974922425832818
1988-09-01,1988-10-01,lag_9,0.005592546578943,0.000567030413003522,-0.001897846265352186,0.001974922425832818
1988-09-01,1988-10-01,lag_10,0.0048659460435285,-5.888001032872125e-06,-0.001897846265352186,0.001974922425832818
1988-09-01,1988-10-01,lag_11,0.0132334951092074,-0.0008535295769979711,-0.001897846265352186,0.001974922425832818
1988-09-01,1988-10-01,volatility_3m,0.0040911033925065616,0.0001961078888780321,-0.001897846265352186,0.001974922425832818
1988-10-01,1988-11-01,lag_0,0.0043015363906127,0.0005560965176664468,0.003935962933260914,0.002122763746730144
1988-10-01,1988-11-01,lag_1,-0.0031296333588732,0.00037659279889339813,0.003935962933260914,0.002122763746730144
1988-10-01,1988-11-01,lag_2,0.0050016792782372,-0.00016009253911761334,0.003935962933260914,0.002122763746730144
1988-10-01,1988-11-01,lag_3,0.0001469114322585,-0.0005722305212657375,0.003935962933260914,0.002122763746730144
1988-10-01,1988-11-01,lag_4,0.0028969273941674,-0.0005879215240747727,0.003935962933260914,0.002122763746730144
1988-10-01,1988-11-01,lag_5,-0.0020182730831876,0.0009013100568336086,0.003935962933260914,0.002122763746730144
1988-10-01,1988-11-01,lag_6,0.0057843790126419,0.0005221470612741541,0.003935962933260914,0.002122763746730144
1988-10-01,1988-11-01,lag_7,0.0024648224249466,0.001369942845085461,0.003935962933260914,0.002122763746730144
1988-10-01,1988-11-01,lag_8,0.0049992713406421,0.00045536585446825483,0.003935962933260914,0.002122763746730144
1988-10-01,1988-11-01,lag_9,-0.0001970082890574,4.236441572629701e-05,0.003935962933260914,0.002122763746730144
1988-10-01,1988-11-01,lag_10,0.005592546578943,-6.044126430424512e-05,0.003935962933260914,0.002122763746730144
1988-10-01,1988-11-01,lag_11,0.0048659460435285,-0.0004435868033215229,0.003935962933260914,0.002122763746730144
1988-10-01,1988-11-01,volatility_3m,0.004506120450956987,-0.0005863476117519894,0.003935962933260914,0.002122763746730144
1988-11-01,1988-12-01,lag_0,0.0024157555877204,-0.000641747514509916,0.0021480746770156144,0.00212766335839847
1988-11-01,1988-12-01,lag_1,0.0043015363906127,0.0007075963271563524,0.0021480746770156144,0.00212766335839847
1988-11-01,1988-12-01,lag_2,-0.0031296333588732,-0.0005864840884896693,0.0021480746770156144,0.00212766335839847
1988-11-01,1988-12-01,lag_3,0.0050016792782372,9.366495465656044e-05,0.0021480746770156144,0.00212766335839847
1988-11-01,1988-12-01,lag_4,0.0001469114322585,-0.0009293011502904847,0.0021480746770156144,0.00212766335839847
1988-11-01,1988-12-01,lag_5,0.0028969273941674,-0.00020275870081604808,0.0021480746770156144,0.00212766335839847
1988-11-01,1988-12-01,lag_6,-0.0020182730831876,-0.00011497369680000702,0.0021480746770156144,0.00212766335839847
1988-11-01,1988-12-01,lag_7,0.0057843790126419,0.0006954414226038353,0.0021480746770156144,0.00212766335839847
1988-11-01,1988-12-01,lag_8,0.0024648224249466,0.0010400240262060834,0.0021480746770156144,0.00212766335839847
1988-11-01,1988-12-01,lag_9,0.0049992713406421,0.0003864149141736561,0.0021480746770156144,0.00212766335839847
1988-11-01,1988-12-01,lag_10,-0.0001970082890574,-0.00030520427486408153,0.0021480746770156144,0.00212766335839847
1988-11-01,1988-12-01,lag_11,0.005592546578943,-0.0005154326181218494,0.0021480746770156144,0.00212766335839847
1988-11-01,1988-12-01,volatility_3m,0.0038628528242572644,0.0003931718162675679,0.0021480746770156144,0.00212766335839847
1988-12-01,1989-01-01,lag_0,0.004519309178077,0.0006007453300662746,-0.0010783251433690156,0.0021604374948563233
1988-12-01,1989-01-01,lag_1,0.0024157555877204,-0.00014202513896634627,-0.0010783251433690156,0.0021604374948563233
1988-12-01,1989-01-01,lag_2,0.0043015363906127,-9.890242363326252e-06,-0.0010783251433690156,0.0021604374948563233
1988-12-01,1989-01-01,lag_3,-0.0031296333588732,-0.0008079089927741734,-0.0010783251433690156,0.0021604374948563233
1988-12-01,1989-01-01,lag_4,0.0050016792782372,-0.0006871518380376074,-0.0010783251433690156,0.0021604374948563233
1988-12-01,1989-01-01,lag_5,0.0001469114322585,-3.760805480851559e-05,-0.0010783251433690156,0.0021604374948563233
1988-12-01,1989-01-01,lag_6,0.0028969273941674,-0.00010288299641615595,-0.0010783251433690156,0.0021604374948563233
1988-12-01,1989-01-01,lag_7,-0.0020182730831876,-0.0011530090961423412,-0.0010783251433690156,0.0021604374948563233
1988-12-01,1989-01-01,lag_8,0.0057843790126419,0.00033008913502271755,-0.0010783251433690156,0.0021604374948563233
1988-12-01,1989-01-01,lag_9,0.0024648224249466,0.00011847922924062005,-0.0010783251433690156,0.0021604374948563233
1988-12-01,1989-01-01,lag_10,0.0049992713406421,-0.00013309789176673803,-0.0010783251433690156,0.0021604374948563233
1988-12-01,1989-01-01,lag_11,-0.0001970082890574,7.7042383254593e-05,-0.0010783251433690156,0.0021604374948563233
1988-12-01,1989-01-01,volatility_3m,0.0011567578204489796,-0.001291544512969267,-0.0010783251433690156,0.0021604374948563233
1989-01-01,1989-02-01,lag_0,0.002945349132478,0.0005051890765025746,0.0010737537442052922,0.002104966098813294
1989-01-01,1989-02-01,lag_1,0.004519309178077,0.0006841261197769199,0.0010737537442052922,0.002104966098813294
1989-01-01,1989-02-01,lag_2,0.0024157555877204,-7.675259475945496e-05,0.0010737537442052922,0.002104966098813294
1989-01-01,1989-02-01,lag_3,0.0043015363906127,-0.0001422213345722412,0.0010737537442052922,0.002104966098813294
1989-01-01,1989-02-01,lag_4,-0.0031296333588732,0.00047183492588374063,0.0010737537442052922,0.002104966098813294
1989-01-01,1989-02-01,lag_5,0.0050016792782372,-0.0005617602684651502,0.0010737537442052922,0.002104966098813294
1989-01-01,1989-02-01,lag_6,0.0001469114322585,0.00018538200689363293,0.0010737537442052922,0.002104966098813294
1989-01-01,1989-02-01,lag_7,0.0028969273941674,-0.00036625676300900523,0.0010737537442052922,0.002104966098813294
1989-01-01,1989-02-01,lag_8,-0.0020182730831876,-0.00013189699929171182,0.0010737537442052922,0.002104966098813294
1989-01-01,1989-02-01,lag_9,0.0057843790126419,-8.826580440654652e-05,0.0010737537442052922,0.002104966098813294
1989-01-01,1989-02-01,lag_10,0.0024648224249466,-0.000130382401694078,0.0010737537442052922,0.002104966098813294
1989-01-01,1989-02-01,lag_11,0.0049992713406421,-0.00014249639147237758,0.0010737537442052922,0.002104966098813294
1989-01-01,1989-02-01,volatility_3m,0.001094132628713499,-0.0012377118975018676,0.0010737537442052922,0.002104966098813294
1989-02-01,1989-03-01,lag_0,-0.0044349968419306,-0.0011034451658997568,0.0001848960398066411,0.0019904883276976645
1989-02-01,1989-03-01,lag_1,0.002945349132478,0.00038278871077636724,0.0001848960398066411,0.0019904883276976645
1989-02-01,1989-03-01,lag_2,0.004519309178077,-0.0001544789714535,0.0001848960398066411,0.0019904883276976645
1989-02-01,1989-03-01,lag_3,0.0024157555877204,-0.0003907869160320843,0.0001848960398066411,0.0019904883276976645
1989-02-01,1989-03-01,lag_4,0.0043015363906127,-0.0004905835572117212,0.0001848960398066411,0.0019904883276976645
1989-02-01,1989-03-01,lag_5,-0.0031296333588732,1.2452125301933848e-05,0.0001848960398066411,0.0019904883276976645
1989-02-01,1989-03-01,lag_6,0.0050016792782372,0.00034224453493152395,0.0001848960398066411,0.0019904883276976645
1989-02-01,1989-03-01,lag_7,0.0001469114322585,0.00031881568787866854,0.0001848960398066411,0.0019904883276976645
1989-02-01,1989-03-01,lag_8,0.0028969273941674,0.0012717372307088227,0.0001848960398066411,0.0019904883276976645
1989-02-01,1989-03-01,lag_9,-0.0020182730831876,-0.0011682808477235084,0.0001848960398066411,0.0019904883276976645
1989-02-01,1989-03-01,lag_10,0.0057843790126419,-1.6831717766763175e-05,0.0001848960398066411,0.0019904883276976645
1989-02-01,1989-03-01,lag_11,0.0024648224249466,-0.0002363304516984499,0.0001848960398066411,0.0019904883276976645
1989-02-01,1989-03-01,volatility_3m,0.004780628501690539,-0.000572892893324024,0.0001848960398066411,0.0019904883276976645
1989-03-01,1989-04-01,lag_0,0.0024976084295813,-0.001030174338247889,0.0003266097878560348,0.0019303820775555028
1989-03-01,1989-04-01,lag_1,-0.0044349968419306,-0.0004819355364452349,0.0003266097878560348,0.0019303820775555028
1989-03-01,1989-04-01,lag_2,0.002945349132478,0.00028446952259400857,0.0003266097878560348,0.0019303820775555028
1989-03-01,1989-04-01,lag_3,0.004519309178077,-0.0004734852858018712,0.0003266097878560348,0.0019303820775555028
1989-03-01,1989-04-01,lag_4,0.0024157555877204,0.0005657131342013599,0.0003266097878560348,0.0019303820775555028
1989-03-01,1989-04-01,lag_5,0.0043015363906127,0.0003881829348665633,0.0003266097878560348,0.0019303820775555028
1989-03-01,1989-04-01,lag_6,-0.0031296333588732,-0.0008941830122785177,0.0003266097878560348,0.0019303820775555028
1989-03-01,1989-04-01,lag_7,0.0050016792782372,0.000543782970266875,0.0003266097878560348,0.0019303820775555028
1989-03-01,1989-04-01,lag_8,0.0001469114322585,-0.0004686892529753095,0.0003266097878560348,0.0019303820775555028
1989-03-01,1989-04-01,lag_9,0.0028969273941674,0.00030972522422871405,0.0003266097878560348,0.0019303820775555028
1989-03-01,1989-04-01,lag_10,-0.0020182730831876,1.0797664199344581e-05,0.0003266097878560348,0.0019303820775555028
1989-03-01,1989-04-01,lag_11,0.0057843790126419,-0.0006059585530783806,0.0003266097878560348,0.0019303820775555028
1989-03-01,1989-04-01,volatility_3m,0.004137853595959993,0.00024798223524612694,0.0003266097878560348,0.0019303820775555028
1989-04-01,1989-05-01,lag_0,-0.0001496807216438,-0.00040746179491179646,-0.00035842882003114855,0.0018500982740018795
1989-04-01,1989-05-01,lag_1,0.0024976084295813,-0.00029537143720517636,-0.00035842882003114855,0.0018500982740018795
1989-04-01,1989-05-01,lag_2,-0.0044349968419306,-0.0011496846940644901,-0.00035842882003114855,0.0018500982740018795
1989-04-01,1989-05-01,lag_3,0.002945349132478,-0.0005904479355012881,-0.00035842882003114855,0.0018500982740018795
1989-04-01,1989-05-01,lag_4,0.004519309178077,-0.00011713882979165646,-0.00035842882003114855,0.0018500982740018795
1989-04-01,1989-05-01,lag_5,0.0024157555877204,0.00012761444650095656,-0.00035842882003114855,0.0018500982740018795
1989-04-01,1989-05-01,lag_6,0.0043015363906127,0.0005164907228754601,-0.00035842882003114855,0.0018500982740018795
1989-04-01,1989-05-01,lag_7,-0.0031296333588732,-0.001491284998392075,-0.00035842882003114855,0.0018500982740018795
1989-04-01,1989-05-01,lag_8,0.0050016792782372,0.0005580157310578215,-0.00035842882003114855,0.0018500982740018795
1989-04-01,1989-05-01,lag_9,0.0001469114322585,-0.0005570213450118899,-0.00035842882003114855,0.0018500982740018795
1989-04-01,1989-05-01,lag_10,0.0028969273941674,-7.580667741422076e-05,-0.00035842882003114855,0.0018500982740018795
1989-04-01,1989-05-01,lag_11,-0.0020182730831876,0.000827614035224542,-0.00035842882003114855,0.0018500982740018795
1989-04-01,1989-05-01,volatility_3m,0.0034984065408787328,0.0004459557304016926,-0.00035842882003114855,0.0018500982740018795
1989-05-01,1989-06-01,lag_0,-0.00570129548713,-0.0020295581349819257,-0.004580049581349421,0.0018412335444121918
1989-05-01,1989-06-01,lag_1,-0.0001496807216438,-0.0014167236986395437,-0.004580049581349421,0.0018412335444121918
1989-05-01,1989-06-01,lag_2,0.0024976084295813,-1.0751475201686844e-05,-0.004580049581349421,0.0018412335444121918
1989-05-01,1989-06-01,lag_3,-0.0044349968419306,-0.0001666708451739396,-0.004580049581349421,0.0018412335444121918
1989-05-01,1989-06-01,lag_4,0.002945349132478,-0.0005191713779277052,-0.004580049581349421,0.0018412335444121918
1989-05-01,1989-06-01,lag_5,0.004519309178077,-4.468449551495724e-06,-0.004580049581349421,0.0018412335444121918
1989-05-01,1989-06-01,lag_6,0.0024157555877204,-5.5916210903887986e-05,-0.004580049581349421,0.0018412335444121918
1989-05-01,1989-06-01,lag_7,0.0043015363906127,9.932183915225324e-05,-0.004580049581349421,0.0018412335444121918
1989-05-01,1989-06-01,lag_8,-0.0031296333588732,-0.0021781041464055306,-0.004580049581349421,0.0018412335444121918
1989-05-01,1989-06-01,lag_9,0.0050016792782372,0.0004090960440771596,-0.004580049581349421,0.0018412335444121918
1989-05-01,1989-06-01,lag_10,0.0001469114322585,-0.00033625042269704866,-0.004580049581349421,0.0018412335444121918
1989-05-01,1989-06-01,lag_11,0.0028969273941674,-0.00038821625377750025,-0.004580049581349421,0.0018412335444121918
1989-05-01,1989-06-01,volatility_3m,0.004184307823882432,0.0001761300602515803,-0.004580049581349421,0.0018412335444121918
1989-06-01,1989-07-01,lag_0,-7.60861911217603e-05,-0.00033987727273597555,0.005467964526334935,0.001897204741790645
1989-06-01,1989-07-01,lag_1,-0.00570129548713,0.0005246089090837813,0.005467964526334935,0.001897204741790645
1989-06-01,1989-07-01,lag_2,-0.0001496807216438,-0.0010573317561329532,0.005467964526334935,0.001897204741790645
1989-06-01,1989-07-01,lag_3,0.0024976084295813,-0.0004502225712758445,0.005467964526334935,0.001897204741790645
1989-06-01,1989-07-01,lag_4,-0.0044349968419306,0.0013383459601118376,0.005467964526334935,0.001897204741790645
1989-06-01,1989-07-01,lag_5,0.002945349132478,9.59715875069378e-05,0.005467964526334935,0.001897204741790645
1989-06-01,1989-07-01,lag_6,0.004519309178077,0.0001897184731501511,0.005467964526334935,0.001897204741790645
1989-06-01,1989-07-01,lag_7,0.0024157555877204,0.0015986095665357425,0.005467964526334935,0.001897204741790645
1989-06-01,1989-07-01,lag_8,0.0043015363906127,0.0011569815696634578,0.005467964526334935,0.001897204741790645
1989-06-01,1989-07-01,lag_9,-0.0031296333588732,-0.0014551423548346066,0.005467964526334935,0.001897204741790645
1989-06-01,1989-07-01,lag_10,0.0050016792782372,0.0012421982658725027,0.005467964526334935,0.001897204741790645
1989-06-01,1989-07-01,lag_11,0.0001469114322585,0.00028956282179137816,0.005467964526334935,0.001897204741790645
1989-06-01,1989-07-01,volatility_3m,0.003226681016234914,0.0004373364475418384,0.005467964526334935,0.001897204741790645
1989-07-01,1989-08-01,lag_0,-0.0096939596892555,-0.0037592428025959635,-0.0024382107461509025,0.0017377652306410024
1989-07-01,1989-08-01,lag_1,-7.60861911217603e-05,-0.0009730348794346355,-0.0024382107461509025,0.0017377652306410024
1989-07-01,1989-08-01,lag_2,-0.00570129548713,-0.0009103943706713835,-0.0024382107461509025,0.0017377652306410024
1989-07-01,1989-08-01,lag_3,-0.0001496807216438,0.00024018179041377153,-0.0024382107461509025,0.0017377652306410024
1989-07-01,1989-08-01,lag_4,0.0024976084295813,0.0005878003062662173,-0.0024382107461509025,0.0017377652306410024
1989-07-01,1989-08-01,lag_5,-0.0044349968419306,9.436874894163339e-05,-0.0024382107461509025,0.0017377652306410024
1989-07-01,1989-08-01,lag_6,0.002945349132478,-0.0002620513629608467,-0.0024382107461509025,0.0017377652306410024
1989-07-01,1989-08-01,lag_7,0.004519309178077,-0.00013124095295097504,-0.0024382107461509025,0.0017377652306410024
1989-07-01,1989-08-01,lag_8,0.0024157555877204,0.0012446070716009671,-0.0024382107461509025,0.0017377652306410024
1989-07-01,1989-08-01,lag_9,0.0043015363906127,0.001087623288103714,-0.0024382107461509025,0.0017377652306410024
1989-07-01,1989-08-01,lag_10,-0.0031296333588732,-0.0006192836777245247,-0.0024382107461509025,0.0017377652306410024
1989-07-01,1989-08-01,lag_11,0.0050016792782372,-0.00033924550642950636,-0.0024382107461509025,0.0017377652306410024
1989-07-01,1989-08-01,volatility_3m,0.004831974021745415,-0.00043606361833099073,-0.0024382107461509025,0.0017377652306410024
1989-08-01,1989-09-01,lag_0,0.0097506201691528,0.0029190579917894866,0.005142663600481489,0.0018502811571640687
1989-08-01,1989-09-01,lag_1,-0.0096939596892555,-0.001781979443144337,0.005142663600481489,0.0018502811571640687
1989-08-01,1989-09-01,lag_2,-7.60861911217603e-05,-0.0007225813082459353,0.005142663600481489,0.0018502811571640687
1989-08-01,1989-09-01,lag_3,-0.00570129548713,0.0003612190856711095,0.005142663600481489,0.0018502811571640687
1989-08-01,1989-09-01,lag_4,-0.0001496807216438,0.00032860811518617086,0.005142663600481489,0.0018502811571640687
1989-08-01,1989-09-01,lag_5,0.0024976084295813,-0.0006248397058698174,0.005142663600481489,0.0018502811571640687
1989-08-01,1989-09-01,lag_6,-0.0044349968419306,-0.0004995089122257923,0.005142663600481489,0.0018502811571640687
1989-08-01,1989-09-01,lag_7,0.002945349132478,-0.0007447074660967701,0.005142663600481489,0.0018502811571640687
1989-08-01,1989-09-01,lag_8,0.004519309178077,0.00042906439161924934,0.005142663600481489,0.0018502811571640687
1989-08-01,1989-09-01,lag_9,0.0024157555877204,0.0007085662795543612,0.005142663600481489,0.0018502811571640687
1989-08-01,1989-09-01,lag_10,0.0043015363906127,-0.00018037664779058105,0.005142663600481489,0.0018502811571640687
1989-08-01,1989-09-01,lag_11,-0.0031296333588732,0.001136151305072417,0.005142663600481489,0.0018502811571640687
1989-08-01,1989-09-01,volatility_3m,0.009722476831095919,0.0019637087193018488,0.005142663600481489,0.0018502811571640687
1989-09-01,1989-10-01,lag_0,-0.0031389665895469,-0.0006517738588354405,0.004548614623980016,0.0017511090568000773
1989-09-01,1989-10-01,lag_1,0.0097506201691528,0.000839701716968193,0.004548614623980016,0.0017511090568000773
1989-09-01,1989-10-01,lag_2,-0.0096939596892555,0.0006167498067679844,0.004548614623980016,0.0017511090568000773
1989-09-01,1989-10-01,lag_3,-7.60861911217603e-05,-8.747828801460855e-06,0.004548614623980016,0.0017511090568000773
1989-09-01,1989-10-01,lag_4,-0.00570129548713,0.0006281022552184367,0.004548614623980016,0.0017511090568000773
1989-09-01,1989-10-01,lag_5,-0.0001496807216438,0.0005241531920148646,0.004548614623980016,0.0017511090568000773
1989-09-01,1989-10-01,lag_6,0.0024976084295813,-9.796923627163778e-05,0.004548614623980016,0.0017511090568000773
1989-09-01,1989-10-01,lag_7,-0.0044349968419306,-0.0008583439604808518,0.004548614623980016,0.0017511090568000773
1989-09-01,1989-10-01,lag_8,0.002945349132478,0.0012307529088548107,0.004548614623980016,0.0017511090568000773
1989-09-01,1989-10-01,lag_9,0.004519309178077,0.0008095888220532288,0.004548614623980016,0.0017511090568000773
1989-09-01,1989-10-01,lag_10,0.0024157555877204,0.00041571770898826796,0.004548614623980016,0.0017511090568000773
1989-09-01,1989-10-01,lag_11,0.0043015363906127,-0.00018073438729970803,0.004548614623980016,0.0017511090568000773
1989-09-01,1989-10-01,volatility_3m,0.009892767284042179,-0.0004696915375416211,0.004548614623980016,0.0017511090568000773
1989-10-01,1989-11-01,lag_0,-0.0013487581284179,-0.0013630606192623418,-0.00036389162505220295,0.001758185442277939
1989-10-01,1989-11-01,lag_1,-0.0031389665895469,-0.0002767481787327597,-0.00036389162505220295,0.001758185442277939
1989-10-01,1989-11-01,lag_2,0.0097506201691528,-0.0009308702094767795,-0.00036389162505220295,0.001758185442277939
1989-10-01,1989-11-01,lag_3,-0.0096939596892555,4.012644215436012e-05,-0.00036389162505220295,0.001758185442277939
1989-10-01,1989-11-01,lag_4,-7.60861911217603e-05,-0.0013120055501758543,-0.00036389162505220295,0.001758185442277939
1989-10-01,1989-11-01,lag_5,-0.00570129548713,0.001016402776610903,-0.00036389162505220295,0.001758185442277939
1989-10-01,1989-11-01,lag_6,-0.0001496807216438,-7.292187587609077e-05,-0.00036389162505220295,0.001758185442277939
1989-10-01,1989-11-01,lag_7,0.0024976084295813,0.0005719751533104045,-0.00036389162505220295,0.001758185442277939
1989-10-01,1989-11-01,lag_8,-0.0044349968419306,-0.0021290848721582734,-0.00036389162505220295,0.001758185442277939
1989-10-01,1989-11-01,lag_9,0.002945349132478,0.0002556477063899365,-0.00036389162505220295,0.001758185442277939
1989-10-01,1989-11-01,lag_10,0.004519309178077,0.00011591624594530003,-0.00036389162505220295,0.001758185442277939
1989-10-01,1989-11-01,lag_11,0.0024157555877204,-0.00012999771063732624,-0.00036389162505220295,0.001758185442277939
1989-10-01,1989-11-01,volatility_3m,0.006982627152881259,0.00209254355289886,-0.00036389162505220295,0.001758185442277939
1989-11-01,1989-12-01,lag_0,0.0033733524412147,-0.0008305421299701265,-0.000927242714105887,0.001669539068917155
1989-11-01,1989-12-01,lag_1,-0.0013487581284179,-0.00048372909692147916,-0.000927242714105887,0.001669539068917155
1989-11-01,1989-12-01,lag_2,-0.0031389665895469,-0.0004138622145205773,-0.000927242714105887,0.001669539068917155
1989-11-01,1989-12-01,lag_3,0.0097506201691528,0.0006564299258570827,-0.000927242714105887,0.001669539068917155
1989-11-01,1989-12-01,lag_4,-0.0096939596892555,0.0020759689170290587,-0.000927242714105887,0.001669539068917155
1989-11-01,1989-12-01,lag_5,-7.60861911217603e-05,0.0001045786804479576,-0.000927242714105887,0.001669539068917155
1989-11-01,1989-12-01,lag_6,-0.00570129548713,-0.0016962293863480226,-0.000927242714105887,0.001669539068917155
1989-11-01,1989-12-01,lag_7,-0.0001496807216438,-0.0013368856963165855,-0.000927242714105887,0.001669539068917155
1989-11-01,1989-12-01,lag_8,0.0024976084295813,0.001200968772041051,-0.000927242714105887,0.001669539068917155
1989-11-01,1989-12-01,lag_9,-0.0044349968419306,-0.0016930132120774033,-0.000927242714105887,0.001669539068917155
1989-11-01,1989-12-01,lag_10,0.002945349132478,0.0002894435422740571,-0.000927242714105887,0.001669539068917155
1989-11-01,1989-12-01,lag_11,0.004519309178077,-0.0005787456694088177,-0.000927242714105887,0.001669539068917155
1989-11-01,1989-12-01,volatility_3m,0.003364359119866008,0.00010883587008265749,-0.000927242714105887,0.001669539068917155
1989-12-01,1990-01-01,lag_0,0.0054692282901092,0.001703938552694808,0.004742374093860104,0.0018202895060589616
1989-12-01,1990-01-01,lag_1,0.0033733524412147,0.0010741541416064138,0.004742374093860104,0.0018202895060589616
1989-12-01,1990-01-01,lag_2,-0.0013487581284179,-0.0007520656375118051,0.004742374093860104,0.0018202895060589616
1989-12-01,1990-01-01,lag_3,-0.0031389665895469,-0.00045403675886518613,0.004742374093860104,0.0018202895060589616
1989-12-01,1990-01-01,lag_4,0.0097506201691528,-6.859041308871384e-05,0.004742374093860104,0.0018202895060589616
1989-12-01,1990-01-01,lag_5,-0.0096939596892555,0.0009734334155882606,0.004742374093860104,0.0018202895060589616
1989-12-01,1990-01-01,lag_6,-7.60861911217603e-05,0.0003173940137367026,0.004742374093860104,0.0018202895060589616
1989-12-01,1990-01-01,lag_7,-0.00570129548713,-0.0007527475813958517,0.004742374093860104,0.0018202895060589616
1989-12-01,1990-01-01,lag_8,-0.0001496807216438,-6.779485192510038e-05,0.004742374093860104,0.0018202895060589616
1989-12-01,1990-01-01,lag_9,0.0024976084295813,0.000935179576677001,0.004742374093860104,0.0018202895060589616
1989-12-01,1990-01-01,lag_10,-0.0044349968419306,0.0002866381144849583,0.004742374093860104,0.0018202895060589616
1989-12-01,1990-01-01,lag_11,0.002945349132478,-0.0006191305824131632,0.004742374093860104,0.0018202895060589616
1989-12-01,1990-01-01,volatility_3m,0.003492276301808396,0.0003457124634178399,0.004742374093860104,0.0018202895060589616
1990-01-01,1990-02-01,lag_0,-0.0050706327669249,-0.0018030553843391317,-0.006209956543456835,0.001743786859343962
1990-01-01,1990-02-01,lag_1,0.0054692282901092,0.0010187888169912185,-0.006209956543456835,0.001743786859343962
1990-01-01,1990-02-01,lag_2,0.0033733524412147,-3.51464001550994e-05,-0.006209956543456835,0.001743786859343962
1990-01-01,1990-02-01,lag_3,-0.0013487581284179,-0.0003765572500151393,-0.006209956543456835,0.001743786859343962
1990-01-01,1990-02-01,lag_4,-0.0031389665895469,-0.0011045209326312033,-0.006209956543456835,0.001743786859343962
1990-01-01,1990-02-01,lag_5,0.0097506201691528,-0.0005326427539421274,-0.006209956543456835,0.001743786859343962
1990-01-01,1990-02-01,lag_6,-0.0096939596892555,-0.0008693269810237325,-0.006209956543456835,0.001743786859343962
1990-01-01,1990-02-01,lag_7,-7.60861911217603e-05,-0.0018074121158576872,-0.006209956543456835,0.001743786859343962
1990-01-01,1990-02-01,lag_8,-0.00570129548713,-0.0019064963746632203,-0.006209956543456835,0.001743786859343962
1990-01-01,1990-02-01,lag_9,-0.0001496807216438,-0.0007580472081554035,-0.006209956543456835,0.001743786859343962
1990-01-01,1990-02-01,lag_10,0.0024976084295813,0.000432857139837779,-0.006209956543456835,0.001743786859343962
1990-01-01,1990-02-01,lag_11,-0.0044349968419306,0.0010735318700380958,-0.006209956543456835,0.001743786859343962
1990-01-01,1990-02-01,volatility_3m,0.005579460142206765,-0.0012857158911174337,-0.006209956543456835,0.001743786859343962
1990-02-01,1990-03-01,lag_0,0.0090406409731595,0.004167594443215421,0.004886232690610895,0.0019223247331901774
1990-02-01,1990-03-01,lag_1,-0.0050706327669249,-0.00031901585314699334,0.004886232690610895,0.0019223247331901774
1990-02-01,1990-03-01,lag_2,0.0054692282901092,0.0005138064514812868,0.004886232690610895,0.0019223247331901774
1990-02-01,1990-03-01,lag_3,0.0033733524412147,-0.0010197852551380039,0.004886232690610895,0.0019223247331901774
1990-02-01,1990-03-01,lag_4,-0.0013487581284179,-0.0015156642567103517,0.004886232690610895,0.0019223247331901774
1990-02-01,1990-03-01,lag_5,-0.0031389665895469,0.0014327477608344452,0.004886232690610895,0.0019223247331901774
1990-02-01,1990-03-01,lag_6,0.0097506201691528,-0.00040974839095724746,0.004886232690610895,0.0019223247331901774
1990-02-01,1990-03-01,lag_7,-0.0096939596892555,0.0005715673920610697,0.004886232690610895,0.0019223247331901774
1990-02-01,1990-03-01,lag_8,-7.60861911217603e-05,-0.0010694554131623591,0.004886232690610895,0.0019223247331901774
1990-02-01,1990-03-01,lag_9,-0.00570129548713,-0.0007416031147636204,0.004886232690610895,0.0019223247331901774
1990-02-01,1990-03-01,lag_10,-0.0001496807216438,-2.6603917335705772e-05,0.004886232690610895,0.0019223247331901774
1990-02-01,1990-03-01,lag_11,0.0024976084295813,-0.0006153039076980349,0.004886232690610895,0.0019223247331901774
1990-02-01,1990-03-01,volatility_3m,0.007336798873053471,0.001995371976381648,0.004886232690610895,0.0019223247331901774
1990-03-01,1990-04-01,lag_0,0.0049692029917487,0.0006951531522872756,0.003588763705400932,0.002064973556366509
1990-03-01,1990-04-01,lag_1,0.0090406409731595,0.0007544664775491583,0.003588763705400932,0.002064973556366509
1990-03-01,1990-04-01,lag_2,-0.0050706327669249,-0.0008614069620307419,0.003588763705400932,0.002064973556366509
1990-03-01,1990-04-01,lag_3,0.0054692282901092,0.0005214108042309818,0.003588763705400932,0.002064973556366509
1990-03-01,1990-04-01,lag_4,0.0033733524412147,-0.0007212435149995145,0.003588763705400932,0.002064973556366509
1990-03-01,1990-04-01,lag_5,-0.0013487581284179,0.00014518824700644474,0.003588763705400932,0.002064973556366509
1990-03-01,1990-04-01,lag_6,-0.0031389665895469,-0.00023988056502275868,0.003588763705400932,0.002064973556366509
1990-03-01,1990-04-01,lag_7,0.0097506201691528,0.0003610279436179553,0.003588763705400932,0.002064973556366509
1990-03-01,1990-04-01,lag_8,-0.0096939596892555,-0.0013869890049454626,0.003588763705400932,0.002064973556366509
1990-03-01,1990-04-01,lag_9,-7.60861911217603e-05,-6.434270065255987e-05,0.003588763705400932,0.002064973556366509
1990-03-01,1990-04-01,lag_10,-0.00570129548713,0.00019852221836572426,0.003588763705400932,0.002064973556366509
1990-03-01,1990-04-01,lag_11,-0.0001496807216438,0.00025881601011860765,0.003588763705400932,0.002064973556366509
1990-03-01,1990-04-01,volatility_3m,0.0072629534381133025,0.0018630681294462192,0.003588763705400932,0.002064973556366509
1990-04-01,1990-05-01,lag_0,-0.0026232502058824,-0.001438316319772639,0.005810620252550766,0.0021186726650722874
1990-04-01,1990-05-01,lag_1,0.0049692029917487,0.0005699715704270147,0.005810620252550766,0.0021186726650722874
1990-04-01,1990-05-01,lag_2,0.0090406409731595,-0.00017370618500535783,0.005810620252550766,0.0021186726650722874
1990-04-01,1990-05-01,lag_3,-0.0050706327669249,0.0008374353719591454,0.005810620252550766,0.0021186726650722874
1990-04-01,1990-05-01,lag_4,0.0054692282901092,-8.442188870731115e-05,0.005810620252550766,0.0021186726650722874
1990-04-01,1990-05-01,lag_5,0.0033733524412147,-0.0003626179024354315,0.005810620252550766,0.0021186726650722874
1990-04-01,1990-05-01,lag_6,-0.0013487581284179,-0.00036719162460940424,0.005810620252550766,0.0021186726650722874
1990-04-01,1990-05-01,lag_7,-0.0031389665895469,-0.0007993900456722259,0.005810620252550766,0.0021186726650722874
1990-04-01,1990-05-01,lag_8,0.0097506201691528,0.000723859526990509,0.005810620252550766,0.0021186726650722874
1990-04-01,1990-05-01,lag_9,-0.0096939596892555,0.0005204346615187205,0.005810620252550766,0.0021186726650722874
1990-04-01,1990-05-01,lag_10,-7.60861911217603e-05,8.035577651753556e-05,0.005810620252550766,0.0021186726650722874
1990-04-01,1990-05-01,lag_11,-0.00570129548713,0.0018183850042578342,0.005810620252550766,0.0021186726650722874
1990-04-01,1990-05-01,volatility_3m,0.005919857968893407,0.0023671496643896716,0.005810620252550766,0.0021186726650722874
1990-05-01,1990-06-01,lag_0,0.003036903319729,-0.0004542960767093973,0.0027284519696605166,0.0023009643142097485
1990-05-01,1990-06-01,lag_1,-0.0026232502058824,-0.0012005532872490221,0.0027284519696605166,0.0023009643142097485
1990-05-01,1990-06-01,lag_2,0.0049692029917487,0.0006491844657648471,0.0027284519696605166,0.0023009643142097485
1990-05-01,1990-06-01,lag_3,0.0090406409731595,0.001104307280734247,0.0027284519696605166,0.0023009643142097485
1990-05-01,1990-06-01,lag_4,-0.0050706327669249,0.0009536021273424921,0.0027284519696605166,0.0023009643142097485
1990-05-01,1990-06-01,lag_5,0.0054692282901092,-0.0008328288136954143,0.0027284519696605166,0.0023009643142097485
1990-05-01,1990-06-01,lag_6,0.0033733524412147,0.00048687177738884204,0.0027284519696605166,0.0023009643142097485
1990-05-01,1990-06-01,lag_7,-0.0013487581284179,-0.0011215131200629004,0.0027284519696605166,0.0023009643142097485
1990-05-01,1990-06-01,lag_8,-0.0031389665895469,-0.0014816208037927935,0.0027284519696605166,0.0023009643142097485
1990-05-01,1990-06-01,lag_9,0.0097506201691528,0.0009698510013504347,0.0027284519696605166,0.0023009643142097485
1990-05-01,1990-06-01,lag_10,-0.0096939596892555,0.000713265074859919,0.0027284519696605166,0.0023009643142097485
1990-05-01,1990-06-01,lag_11,-7.60861911217603e-05,0.00024910567761480705,0.0027284519696605166,0.0023009643142097485
1990-05-01,1990-06-01,volatility_3m,0.003945809285689424,0.00039211238128700643,0.0027284519696605166,0.0023009643142097485
1990-06-01,1990-07-01,lag_0,0.0033858350269504,-0.0006998067221138626,-0.00039644612209105304,0.002223862430610213
1990-06-01,1990-07-01,lag_1,0.003036903319729,0.0003840614221189753,-0.00039644612209105304,0.002223862430610213
1990-06-01,1990-07-01,lag_2,-0.0026232502058824,-0.0006649899229068979,-0.00039644612209105304,0.002223862430610213
1990-06-01,1990-07-01,lag_3,0.0049692029917487,-0.0008283361154599333,-0.00039644612209105304,0.002223862430610213
1990-06-01,1990-07-01,lag_4,0.0090406409731595,-0.0004142300248895481,-0.00039644612209105304,0.002223862430610213
1990-06-01,1990-07-01,lag_5,-0.0050706327669249,0.0008072406063524795,-0.00039644612209105304,0.002223862430610213
1990-06-01,1990-07-01,lag_6,0.0054692282901092,0.0004469416833944706,-0.00039644612209105304,0.002223862430610213
1990-06-01,1990-07-01,lag_7,0.0033733524412147,-0.000784030204119972,-0.00039644612209105304,0.002223862430610213
1990-06-01,1990-07-01,lag_8,-0.0013487581284179,-0.0006544734495446392,-0.00039644612209105304,0.002223862430610213
1990-06-01,1990-07-01,lag_9,-0.0031389665895469,-0.0005463713409653792,-0.00039644612209105304,0.002223862430610213
1990-06-01,1990-07-01,lag_10,0.0097506201691528,-5.534111375254724e-05,-0.00039644612209105304,0.002223862430610213
1990-06-01,1990-07-01,lag_11,-0.0096939596892555,0.0004738077547426656,-0.00039644612209105304,0.002223862430610213
1990-06-01,1990-07-01,volatility_3m,0.0033731339682172134,-8.478117901177029e-05,-0.00039644612209105304,0.002223862430610213
1990-07-01,1990-08-01,lag_0,-0.0017488731555337,-0.001375727531690245,0.001186255601403261,0.0021414043557981778
1990-07-01,1990-08-01,lag_1,0.0033858350269504,0.0012538622970407686,0.001186255601403261,0.0021414043557981778
1990-07-01,1990-08-01,lag_2,0.003036903319729,-6.32194296349553e-05,0.001186255601403261,0.0021414043557981778
1990-07-01,1990-08-01,lag_3,-0.0026232502058824,-0.00031604127811533543,0.001186255601403261,0.0021414043557981778
1990-07-01,1990-08-01,lag_4,0.0049692029917487,-0.0004230093173282512,0.001186255601403261,0.0021414043557981778
1990-07-01,1990-08-01,lag_5,0.0090406409731595,0.000566655445284141,0.001186255601403261,0.0021414043557981778
1990-07-01,1990-08-01,lag_6,-0.0050706327669249,-0.0013948124237049343,0.001186255601403261,0.0021414043557981778
1990-07-01,1990-08-01,lag_7,0.0054692282901092,0.0010424708674509021,0.001186255601403261,0.0021414043557981778
1990-07-01,1990-08-01,lag_8,0.0033733524412147,0.0010974993056242965,0.001186255601403261,0.0021414043557981778
1990-07-01,1990-08-01,lag_9,-0.0013487581284179,-0.0009892227310365341,0.001186255601403261,0.0021414043557981778
1990-07-01,1990-08-01,lag_10,-0.0031389665895469,9.437773874196864e-06,0.001186255601403261,0.0021414043557981778
1990-07-01,1990-08-01,lag_11,0.0097506201691528,-0.0003852229708263621,0.001186255601403261,0.0021414043557981778
1990-07-01,1990-08-01,volatility_3m,0.0028691066532619373,2.218133095198027e-05,0.001186255601403261,0.0021414043557981778
1990-08-01,1990-09-01,lag_0,0.0034867499970046,0.0007602360354144366,-0.00036764026679290675,0.002274256422944117
1990-08-01,1990-09-01,lag_1,-0.0017488731555337,-0.0010108495676922756,-0.00036764026679290675,0.002274256422944117
1990-08-01,1990-09-01,lag_2,0.0033858350269504,0.0007634264035095839,-0.00036764026679290675,0.002274256422944117
1990-08-01,1990-09-01,lag_3,0.003036903319729,-0.0009209689587351022,-0.00036764026679290675,0.002274256422944117
1990-08-01,1990-09-01,lag_4,-0.0026232502058824,-0.0005839167423096114,-0.00036764026679290675,0.002274256422944117
1990-08-01,1990-09-01,lag_5,0.0049692029917487,-0.0012969935898627227,-0.00036764026679290675,0.002274256422944117
1990-08-01,1990-09-01,lag_6,0.0090406409731595,6.526088723376234e-05,-0.00036764026679290675,0.002274256422944117
1990-08-01,1990-09-01,lag_7,-0.0050706327669249,-0.0007598017602322215,-0.00036764026679290675,0.002274256422944117
1990-08-01,1990-09-01,lag_8,0.0054692282901092,8.412518594013818e-05,-0.00036764026679290675,0.002274256422944117
1990-08-01,1990-09-01,lag_9,0.0033733524412147,0.00016229742170480676,-0.00036764026679290675,0.002274256422944117
1990-08-01,1990-09-01,lag_10,-0.0013487581284179,0.00032003778468379094,-0.00036764026679290675,0.002274256422944117
1990-08-01,1990-09-01,lag_11,-0.0031389665895469,5.444141614134423e-05,-0.00036764026679290675,0.002274256422944117
1990-08-01,1990-09-01,volatility_3m,0.0029940819891313736,-0.0002791911454141882,-0.00036764026679290675,0.002274256422944117
1990-09-01,1990-10-01,lag_0,7.625111401843299e-05,-0.0007910872326942808,0.0011497591581493588,0.0022497296594983203
1990-09-01,1990-10-01,lag_1,0.0034867499970046,0.0009692013825451795,0.0011497591581493588,0.0022497296594983203
1990-09-01,1990-10-01,lag_2,-0.0017488731555337,-0.0009473495889142214,0.0011497591581493588,0.0022497296594983203
1990-09-01,1990-10-01,lag_3,0.0033858350269504,-0.0013140081337087396,0.0011497591581493588,0.0022497296594983203
1990-09-01,1990-10-01,lag_4,0.003036903319729,-0.00018774607599880255,0.0011497591581493588,0.0022497296594983203
1990-09-01,1990-10-01,lag_5,-0.0026232502058824,-0.00017405080621756496,0.0011497591581493588,0.0022497296594983203
1990-09-01,1990-10-01,lag_6,0.0049692029917487,0.0002811647062026168,0.0011497591581493588,0.0022497296594983203
1990-09-01,1990-10-01,lag_7,0.0090406409731595,0.00029951266015814325,0.0011497591581493588,0.0022497296594983203
1990-09-01,1990-10-01,lag_8,-0.0050706327669249,-0.000891765586557085,0.0011497591581493588,0.0022497296594983203
1990-09-01,1990-10-01,lag_9,0.0054692282901092,0.0009278322263935479,0.0011497591581493588,0.0022497296594983203
1990-09-01,1990-10-01,lag_10,0.0033733524412147,0.00045070456040321007,0.0011497591581493588,0.0022497296594983203
1990-09-01,1990-10-01,lag_11,-0.0013487581284179,-0.00026415653965159434,0.0011497591581493588,0.0022497296594983203
1990-09-01,1990-10-01,volatility_3m,0.002657515475826785,0.0005417779032040926,0.0011497591581493588,0.0022497296594983203
1990-10-01,1990-11-01,lag_0,-0.0058596531436769,0.0004352364146734544,-0.0008024026076878234,0.00230529975893411
1990-10-01,1990-11-01,lag_1,7.625111401843299e-05,-0.0009820047414723376,-0.0008024026076878234,0.00230529975893411
1990-10-01,1990-11-01,lag_2,0.0034867499970046,0.0001491530669227359,-0.0008024026076878234,0.00230529975893411
1990-10-01,1990-11-01,lag_3,-0.0017488731555337,-3.212718723261787e-05,-0.0008024026076878234,0.00230529975893411
1990-10-01,1990-11-01,lag_4,0.0033858350269504,-0.0006379728175716082,-0.0008024026076878234,0.00230529975893411
1990-10-01,1990-11-01,lag_5,0.003036903319729,-0.0005402902238074603,-0.0008024026076878234,0.00230529975893411
1990-10-01,1990-11-01,lag_6,-0.0026232502058824,-0.0004181416674543925,-0.0008024026076878234,0.00230529975893411
1990-10-01,1990-11-01,lag_7,0.0049692029917487,0.0011131655976441834,-0.0008024026076878234,0.00230529975893411
1990-10-01,1990-11-01,lag_8,0.0090406409731595,0.0007195571606507656,-0.0008024026076878234,0.00230529975893411
1990-10-01,1990-11-01,lag_9,-0.0050706327669249,-0.00020771956118551316,-0.0008024026076878234,0.00230529975893411
1990-10-01,1990-11-01,lag_10,0.0054692282901092,-0.0003488303932931558,-0.0008024026076878234,0.00230529975893411
1990-10-01,1990-11-01,lag_11,0.0033733524412147,-0.0007702122032924308,-0.0008024026076878234,0.00230529975893411
1990-10-01,1990-11-01,volatility_3m,0.004729723629267649,-0.0015875159081497258,-0.0008024026076878234,0.00230529975893411
1990-11-01,1990-12-01,lag_0,-0.0127971437648062,-0.005581304625250141,-0.00457065262467076,0.0022744947952976977
1990-11-01,1990-12-01,lag_1,-0.0058596531436769,-0.0005712850241150136,-0.00457065262467076,0.0022744947952976977
1990-11-01,1990-12-01,lag_2,7.625111401843299e-05,-0.0010200273444638697,-0.00457065262467076,0.0022744947952976977
1990-11-01,1990-12-01,lag_3,0.0034867499970046,-0.0003393602091523462,-0.00457065262467076,0.0022744947952976977
1990-11-01,1990-12-01,lag_4,-0.0017488731555337,-0.0015573729554284909,-0.00457065262467076,0.0022744947952976977
1990-11-01,1990-12-01,lag_5,0.0033858350269504,-1.6776132947597945e-05,-0.00457065262467076,0.0022744947952976977
1990-11-01,1990-12-01,lag_6,0.003036903319729,0.0004551456832518852,-0.00457065262467076,0.0022744947952976977
1990-11-01,1990-12-01,lag_7,-0.0026232502058824,-0.0016348493588441216,-0.00457065262467076,0.0022744947952976977
1990-11-01,1990-12-01,lag_8,0.0049692029917487,0.001269752537957629,-0.00457065262467076,0.0022744947952976977
1990-11-01,1990-12-01,lag_9,0.0090406409731595,0.001497352334217794,-0.00457065262467076,0.0022744947952976977
1990-11-01,1990-12-01,lag_10,-0.0050706327669249,-0.0010268066718458612,-0.00457065262467076,0.0022744947952976977
1990-11-01,1990-12-01,lag_11,0.0054692282901092,-0.0002588128975332893,-0.00457065262467076,0.0022744947952976977
1990-11-01,1990-12-01,volatility_3m,0.006443188020187559,0.0019391971202867354,-0.00457065262467076,0.0022744947952976977
1990-12-01,1991-01-01,lag_0,-0.0073665965881337,-0.0007948137858033988,0.00040428114428935633,0.002213829349573059
1990-12-01,1991-01-01,lag_1,-0.0127971437648062,-0.0019695519306901586,0.00040428114428935633,0.002213829349573059
1990-12-01,1991-01-01,lag_2,-0.0058596531436769,-0.0004544805113982875,0.00040428114428935633,0.002213829349573059
1990-12-01,1991-01-01,lag_3,7.625111401843299e-05,-5.139337317814352e-06,0.00040428114428935633,0.002213829349573059
1990-12-01,1991-01-01,lag_4,0.0034867499970046,-0.00043674108919731223,0.00040428114428935633,0.002213829349573059
1990-12-01,1991-01-01,lag_5,-0.0017488731555337,0.0001620468278770204,0.00040428114428935633,0.002213829349573059
1990-12-01,1991-01-01,lag_6,0.0033858350269504,0.0004925164964197392,0.00040428114428935633,0.002213829349573059
1990-12-01,1991-01-01,lag_7,0.003036903319729,0.0003026633595800377,0.00040428114428935633,0.002213829349573059
1990-12-01,1991-01-01,lag_8,-0.0026232502058824,-0.0014469923678188934,0.00040428114428935633,0.002213829349573059
1990-12-01,1991-01-01,lag_9,0.0049692029917487,0.0015433418365955731,0.00040428114428935633,0.002213829349573059
1990-12-01,1991-01-01,lag_10,0.0090406409731595,0.0004298027705408458,0.00040428114428935633,0.002213829349573059
1990-12-01,1991-01-01,lag_11,-0.0050706327669249,5.267758766422048e-05,0.00040428114428935633,0.002213829349573059
1990-12-01,1991-01-01,volatility_3m,0.003648983815190059,0.00031512179909896074,0.00040428114428935633,0.002213829349573059
1991-01-01,1991-02-01,lag_0,-0.0032611910765636,-0.0014045452695927451,-0.0015605198721517892,0.002304281696930202
1991-01-01,1991-02-01,lag_1,-0.0073665965881337,-0.0003231106154248664,-0.0015605198721517892,0.002304281696930202
1991-01-01,1991-02-01,lag_2,-0.0127971437648062,0.0010337827203602502,-0.0015605198721517892,0.002304281696930202
1991-01-01,1991-02-01,lag_3,-0.0058596531436769,0.0010294745652936399,-0.0015605198721517892,0.002304281696930202
1991-01-01,1991-02-01,lag_4,7.625111401843299e-05,-0.0011796084052866718,-0.0015605198721517892,0.002304281696930202
1991-01-01,1991-02-01,lag_5,0.0034867499970046,-0.0005619650809876476,-0.0015605198721517892,0.002304281696930202
1991-01-01,1991-02-01,lag_6,-0.0017488731555337,-0.0003324244136069865,-0.0015605198721517892,0.002304281696930202
1991-01-01,1991-02-01,lag_7,0.0033858350269504,7.147488766804599e-05,-0.0015605198721517892,0.002304281696930202
1991-01-01,1991-02-01,lag_8,0.003036903319729,0.0014762583472020196,-0.0015605198721517892,0.002304281696930202
1991-01-01,1991-02-01,lag_9,-0.0026232502058824,-0.0015745503616994938,-0.0015605198721517892,0.002304281696930202
1991-01-01,1991-02-01,lag_10,0.0049692029917487,0.0001675258100112842,-0.0015605198721517892,0.002304281696930202
1991-01-01,1991-02-01,lag_11,0.0090406409731595,7.501756445435603e-05,-0.0015605198721517892,0.002304281696930202
1991-01-01,1991-02-01,volatility_3m,0.004783297166963688,-0.0023421312942309667,-0.0015605198721517892,0.002304281696930202
1991-02-01,1991-03-01,lag_0,-0.0074159360650281,-0.0036972874269577006,5.756386223764243e-05,0.002191188009950383
1991-02-01,1991-03-01,lag_1,-0.0032611910765636,-0.00012796749370181716,5.756386223764243e-05,0.002191188009950383
1991-02-01,1991-03-01,lag_2,-0.0073665965881337,0.0008078836760159902,5.756386223764243e-05,0.002191188009950383
1991-02-01,1991-03-01,lag_3,-0.0127971437648062,-0.0009806890476784247,5.756386223764243e-05,0.002191188009950383
1991-02-01,1991-03-01,lag_4,-0.0058596531436769,0.0005399199843373026,5.756386223764243e-05,0.002191188009950383
1991-02-01,1991-03-01,lag_5,7.625111401843299e-05,0.0014122142698101926,5.756386223764243e-05,0.002191188009950383
1991-02-01,1991-03-01,lag_6,0.0034867499970046,0.00028592351031193176,5.756386223764243e-05,0.002191188009950383
1991-02-01,1991-03-01,lag_7,-0.0017488731555337,-0.0012527579535679934,5.756386223764243e-05,0.002191188009950383
1991-02-01,1991-03-01,lag_8,0.0033858350269504,0.0005998049107097358,5.756386223764243e-05,0.002191188009950383
1991-02-01,1991-03-01,lag_9,0.003036903319729,0.0007900079814908167,5.756386223764243e-05,0.002191188009950383
1991-02-01,1991-03-01,lag_10,-0.0026232502058824,-0.0004503351904872943,5.756386223764243e-05,0.002191188009950383
1991-02-01,1991-03-01,lag_11,0.0049692029917487,-0.0004283767059132515,5.756386223764243e-05,0.002191188009950383
1991-02-01,1991-03-01,volatility_3m,0.002384627668965718,0.0003680353196523356,5.756386223764243e-05,0.002191188009950383
1991-03-01,1991-04-01,lag_0,-0.0057710392662917,-0.0003032638851550473,0.006036725381682685,0.0022353060451662347
1991-03-01,1991-04-01,lag_1,-0.0074159360650281,-0.0015625263011497736,0.006036725381682685,0.0022353060451662347
1991-03-01,1991-04-01,lag_2,-0.0032611910765636,-0.0009992280855658465,0.006036725381682685,0.0022353060451662347
1991-03-01,1991-04-01,lag_3,-0.0073665965881337,0.0010134762021289134,0.006036725381682685,0.0022353060451662347
1991-03-01,1991-04-01,lag_4,-0.0127971437648062,0.002542046085268339,0.006036725381682685,0.0022353060451662347
1991-03-01,1991-04-01,lag_5,-0.0058596531436769,0.0023053747425637993,0.006036725381682685,0.0022353060451662347
1991-03-01,1991-04-01,lag_6,7.625111401843299e-05,-0.00023464459128604175,0.006036725381682685,0.0022353060451662347
1991-03-01,1991-04-01,lag_7,0.0034867499970046,-0.0003581624261903471,0.006036725381682685,0.0022353060451662347
1991-03-01,1991-04-01,lag_8,-0.0017488731555337,-3.009642951838032e-05,0.006036725381682685,0.0022353060451662347
1991-03-01,1991-04-01,lag_9,0.0033858350269504,0.00026890826310534523,0.006036725381682685,0.0022353060451662347
1991-03-01,1991-04-01,lag_10,0.003036903319729,0.0003805636261517975,0.006036725381682685,0.0022353060451662347
1991-03-01,1991-04-01,lag_11,-0.0026232502058824,0.00044762293734493144,0.006036725381682685,0.0022353060451662347
1991-03-01,1991-04-01,volatility_3m,0.0020923244383996135,0.0003313491592984974,0.006036725381682685,0.0022353060451662347
1991-04-01,1991-05-01,lag_0,0.0026351435941132,0.00010800022690091282,0.0017253488599900538,0.002264197010943753
1991-04-01,1991-05-01,lag_1,-0.0057710392662917,-0.00034771901856629485,0.0017253488599900538,0.002264197010943753
1991-04-01,1991-05-01,lag_2,-0.0074159360650281,0.0002786401250432391,0.0017253488599900538,0.002264197010943753
1991-04-01,1991-05-01,lag_3,-0.0032611910765636,0.0006363084043528033,0.0017253488599900538,0.002264197010943753
1991-04-01,1991-05-01,lag_4,-0.0073665965881337,0.001851803859606207,0.0017253488599900538,0.002264197010943753
1991-04-01,1991-05-01,lag_5,-0.0127971437648062,-3.3352123409713386e-06,0.0017253488599900538,0.002264197010943753
1991-04-01,1991-05-01,lag_6,-0.0058596531436769,-0.0008547350750109218,0.0017253488599900538,0.002264197010943753
1991-04-01,1991-05-01,lag_7,7.625111401843299e-05,0.0003915581108981314,0.0017253488599900538,0.002264197010943753
1991-04-01,1991-05-01,lag_8,0.0034867499970046,0.00043994662760724165,0.0017253488599900538,0.002264197010943753
1991-04-01,1991-05-01,lag_9,-0.0017488731555337,-0.0008977856149749641,0.0017253488599900538,0.002264197010943753
1991-04-01,1991-05-01,lag_10,0.0033858350269504,-2.67001671863909e-05,0.0017253488599900538,0.002264197010943753
1991-04-01,1991-05-01,lag_11,0.003036903319729,-0.0008556783516678479,0.0017253488599900538,0.002264197010943753
1991-04-01,1991-05-01,volatility_3m,0.005391255235339638,-0.0012591520787691478,0.0017253488599900538,0.002264197010943753
1991-05-01,1991-06-01,lag_0,0.0093701506011978,0.001939205359672087,0.007515851475911964,0.0021689589238043415
1991-05-01,1991-06-01,lag_1,0.0026351435941132,0.0008083125602490782,0.007515851475911964,0.0021689589238043415
1991-05-01,1991-06-01,lag_2,-0.0057710392662917,-0.000585648972087256,0.007515851475911964,0.0021689589238043415
1991-05-01,1991-06-01,lag_3,-0.0074159360650281,0.0006649783300940726,0.007515851475911964,0.0021689589238043415
1991-05-01,1991-06-01,lag_4,-0.0032611910765636,0.0004465345662356412,0.007515851475911964,0.0021689589238043415
1991-05-01,1991-06-01,lag_5,-0.0073665965881337,0.0004015569570833577,0.007515851475911964,0.0021689589238043415
1991-05-01,1991-06-01,lag_6,-0.0127971437648062,0.00010143196068383986,0.007515851475911964,0.0021689589238043415
1991-05-01,1991-06-01,lag_7,-0.0058596531436769,-0.0007860087576636943,0.007515851475911964,0.0021689589238043415
1991-05-01,1991-06-01,lag_8,7.625111401843299e-05,-0.00018808540985219225,0.007515851475911964,0.0021689589238043415
1991-05-01,1991-06-01,lag_9,0.0034867499970046,0.0005176440371428726,0.007515851475911964,0.0021689589238043415
1991-05-01,1991-06-01,lag_10,-0.0017488731555337,9.536639065117925e-05,0.007515851475911964,0.0021689589238043415
1991-05-01,1991-06-01,lag_11,0.0033858350269504,-0.0006096539310021853,0.007515851475911964,0.0021689589238043415
1991-05-01,1991-06-01,volatility_3m,0.007585950393890564,0.0025412594974864077,0.007515851475911964,0.0021689589238043415
1991-06-01,1991-07-01,lag_0,0.0080704132490545,0.0027446274724570686,0.010930126407376917,0.0021328452369947172
1991-06-01,1991-07-01,lag_1,0.0093701506011978,0.0005946371224126778,0.010930126407376917,0.0021328452369947172
1991-06-01,1991-07-01,lag_2,0.0026351435941132,0.00015417374368553282,0.010930126407376917,0.0021328452369947172
1991-06-01,1991-07-01,lag_3,-0.0057710392662917,0.0007982880709823803,0.010930126407376917,0.0021328452369947172
1991-06-01,1991-07-01,lag_4,-0.0074159360650281,0.0020134962304837246,0.010930126407376917,0.0021328452369947172
1991-06-01,1991-07-01,lag_5,-0.0032611910765636,0.0011166930321633117,0.010930126407376917,0.0021328452369947172
1991-06-01,1991-07-01,lag_6,-0.0073665965881337,0.0002599996831122553,0.010930126407376917,0.0021328452369947172
1991-06-01,1991-07-01,lag_7,-0.0127971437648062,0.0005937560155780375,0.010930126407376917,0.0021328452369947172
1991-06-01,1991-07-01,lag_8,-0.0058596531436769,-0.0003217998089712637,0.010930126407376917,0.0021328452369947172
1991-06-01,1991-07-01,lag_9,7.625111401843299e-05,-0.0001454304063190648,0.010930126407376917,0.0021328452369947172
1991-06-01,1991-07-01,lag_10,0.0034867499970046,0.00019542508584891038,0.010930126407376917,0.0021328452369947172
1991-06-01,1991-07-01,lag_11,-0.0017488731555337,0.0006191018935351167,0.010930126407376917,0.0021328452369947172
1991-06-01,1991-07-01,volatility_3m,0.003572855832336388,0.00017431294570997125,0.010930126407376917,0.0021328452369947172
1991-07-01,1991-08-01,lag_0,0.0027966918655684,0.000720490463590977,0.004142685713010117,0.0021870851031973266
1991-07-01,1991-08-01,lag_1,0.0080704132490545,0.000533500781893963,0.004142685713010117,0.0021870851031973266
1991-07-01,1991-08-01,lag_2,0.0093701506011978,0.00030462200953479624,0.004142685713010117,0.0021870851031973266
1991-07-01,1991-08-01,lag_3,0.0026351435941132,-0.0003276085132802109,0.004142685713010117,0.0021870851031973266
1991-07-01,1991-08-01,lag_4,-0.0057710392662917,0.0017008797985545243,0.004142685713010117,0.0021870851031973266
1991-07-01,1991-08-01,lag_5,-0.0074159360650281,0.0005249308530619601,0.004142685713010117,0.0021870851031973266
1991-07-01,1991-08-01,lag_6,-0.0032611910765636,-0.0001759892126574414,0.004142685713010117,0.0021870851031973266
1991-07-01,1991-08-01,lag_7,-0.0073665965881337,0.00030383684468688444,0.004142685713010117,0.0021870851031973266
1991-07-01,1991-08-01,lag_8,-0.0127971437648062,-0.0004586378774911282,0.004142685713010117,0.0021870851031973266
1991-07-01,1991-08-01,lag_9,-0.0058596531436769,-0.0008701598396919508,0.004142685713010117,0.0021870851031973266
1991-07-01,1991-08-01,lag_10,7.625111401843299e-05,0.00025128659062829685,0.004142685713010117,0.0021870851031973266
1991-07-01,1991-08-01,lag_11,0.0034867499970046,-0.00044234646924451226,0.004142685713010117,0.0021870851031973266
1991-07-01,1991-08-01,volatility_3m,0.003481183088267012,-0.00010920471146164346,0.004142685713010117,0.0021870851031973266
1991-08-01,1991-09-01,lag_0,-1.1339677612909329e-05,-0.0017671095723562757,-0.0012927086189563485,0.0020467920338261203
1991-08-01,1991-09-01,lag_1,0.0027966918655684,0.0005522784541972214,-0.0012927086189563485,0.0020467920338261203
1991-08-01,1991-09-01,lag_2,0.0080704132490545,-0.00018592286664897983,-0.0012927086189563485,0.0020467920338261203
1991-08-01,1991-09-01,lag_3,0.0093701506011978,0.0018600458137916576,-0.0012927086189563485,0.0020467920338261203
1991-08-01,1991-09-01,lag_4,0.0026351435941132,-3.881021348206559e-05,-0.0012927086189563485,0.0020467920338261203
1991-08-01,1991-09-01,lag_5,-0.0057710392662917,0.0002904881718677643,-0.0012927086189563485,0.0020467920338261203
1991-08-01,1991-09-01,lag_6,-0.0074159360650281,-0.00026049728938232875,-0.0012927086189563485,0.0020467920338261203
1991-08-01,1991-09-01,lag_7,-0.0032611910765636,-0.0006169793785920774,-0.0012927086189563485,0.0020467920338261203
1991-08-01,1991-09-01,lag_8,-0.0073665965881337,-0.0018016578129936534,-0.0012927086189563485,0.0020467920338261203
1991-08-01,1991-09-01,lag_9,-0.0127971437648062,-0.0007096635834841436,-0.0012927086189563485,0.0020467920338261203
1991-08-01,1991-09-01,lag_10,-0.0058596531436769,-0.0006116453874346916,-0.0012927086189563485,0.0020467920338261203
1991-08-01,1991-09-01,lag_11,7.625111401843299e-05,-7.508270940888906e-05,-0.0012927086189563485,0.0020467920338261203
1991-08-01,1991-09-01,volatility_3m,0.004103086414433184,2.5055735914065736e-05,-0.0012927086189563485,0.0020467920338261203
1991-09-01,1991-10-01,lag_0,0.0079016589511224,0.0012975150773490895,0.005621878375124026,0.002192399522971249
1991-09-01,1991-10-01,lag_1,-1.1339677612909329e-05,-0.001230278027614986,0.005621878375124026,0.002192399522971249
1991-09-01,1991-10-01,lag_2,0.0027966918655684,0.0003664716867933748,0.005621878375124026,0.002192399522971249
1991-09-01,1991-10-01,lag_3,0.0080704132490545,0.0013508191822984373,0.005621878375124026,0.002192399522971249
1991-09-01,1991-10-01,lag_4,0.0093701506011978,-3.2601648854324596e-06,0.005621878375124026,0.002192399522971249
1991-09-01,1991-10-01,lag_5,0.0026351435941132,-0.0005004280728462618,0.005621878375124026,0.002192399522971249
1991-09-01,1991-10-01,lag_6,-0.0057710392662917,-0.0003934837864653673,0.005621878375124026,0.002192399522971249
1991-09-01,1991-10-01,lag_7,-0.0074159360650281,-4.284189823579254e-05,0.005621878375124026,0.002192399522971249
1991-09-01,1991-10-01,lag_8,-0.0032611910765636,-0.001021597446715532,0.005621878375124026,0.002192399522971249
1991-09-01,1991-10-01,lag_9,-0.0073665965881337,-0.0005942456761658832,0.005621878375124026,0.002192399522971249
1991-09-01,1991-10-01,lag_10,-0.0127971437648062,0.002991169003871619,0.005621878375124026,0.002192399522971249
1991-09-01,1991-10-01,lag_11,-0.0058596531436769,0.0009738453306272276,0.005621878375124026,0.002192399522971249
1991-09-01,1991-10-01,volatility_3m,0.004011676237153612,0.00023579365142722963,0.005621878375124026,0.002192399522971249
1991-10-01,1991-11-01,lag_0,-0.0005466018382946,-0.001093294728671026,-0.0009713730399956714,0.0021431626483933205
1991-10-01,1991-11-01,lag_1,0.0079016589511224,0.0010988476295551663,-0.0009713730399956714,0.0021431626483933205
1991-10-01,1991-11-01,lag_2,-1.1339677612909329e-05,-0.0010560673789586873,-0.0009713730399956714,0.0021431626483933205
1991-10-01,1991-11-01,lag_3,0.0027966918655684,-0.0006867391371270059,-0.0009713730399956714,0.0021431626483933205
1991-10-01,1991-11-01,lag_4,0.0080704132490545,-1.5790400248079095e-05,-0.0009713730399956714,0.0021431626483933205
1991-10-01,1991-11-01,lag_5,0.0093701506011978,3.393269416847033e-05,-0.0009713730399956714,0.0021431626483933205
1991-10-01,1991-11-01,lag_6,0.0026351435941132,7.817510137101635e-05,-0.0009713730399956714,0.0021431626483933205
1991-10-01,1991-11-01,lag_7,-0.0057710392662917,-0.0008269734195346245,-0.0009713730399956714,0.0021431626483933205
1991-10-01,1991-11-01,lag_8,-0.0074159360650281,-0.0018017790041994885,-0.0009713730399956714,0.0021431626483933205
1991-10-01,1991-11-01,lag_9,-0.0032611910765636,-0.0013085247977505786,-0.0009713730399956714,0.0021431626483933205
1991-10-01,1991-11-01,lag_10,-0.0073665965881337,0.0017917161146760918,-0.0009713730399956714,0.0021431626483933205
1991-10-01,1991-11-01,lag_11,-0.0127971437648062,0.001144691267363669,-0.0009713730399956714,0.0021431626483933205
1991-10-01,1991-11-01,volatility_3m,0.004730665267609925,-0.00047272960218833757,-0.0009713730399956714,0.0021431626483933205
1991-11-01,1991-12-01,lag_0,-0.0015836157055426,-0.0016434964969721478,-0.0037027148765035,0.001973143557273855
1991-11-01,1991-12-01,lag_1,-0.0005466018382946,-0.0014333836319565308,-0.0037027148765035,0.001973143557273855
1991-11-01,1991-12-01,lag_2,0.0079016589511224,0.0006192539688709076,-0.0037027148765035,0.001973143557273855
1991-11-01,1991-12-01,lag_3,-1.1339677612909329e-05,-0.00038247112821409245,-0.0037027148765035,0.001973143557273855
1991-11-01,1991-12-01,lag_4,0.0027966918655684,-0.0002579111172235571,-0.0037027148765035,0.001973143557273855
1991-11-01,1991-12-01,lag_5,0.0080704132490545,-0.000951393958130211,-0.0037027148765035,0.001973143557273855
1991-11-01,1991-12-01,lag_6,0.0093701506011978,0.0005509637227623898,-0.0037027148765035,0.001973143557273855
1991-11-01,1991-12-01,lag_7,0.0026351435941132,0.0007715091700083576,-0.0037027148765035,0.001973143557273855
1991-11-01,1991-12-01,lag_8,-0.0057710392662917,-0.0025243869965197517,-0.0037027148765035,0.001973143557273855
1991-11-01,1991-12-01,lag_9,-0.0074159360650281,-0.00028802417022234295,-0.0037027148765035,0.001973143557273855
1991-11-01,1991-12-01,lag_10,-0.0032611910765636,-7.103360680957849e-05,-0.0037027148765035,0.001973143557273855
1991-11-01,1991-12-01,lag_11,-0.0073665965881337,0.0003827620869378734,-0.0037027148765035,0.001973143557273855
1991-11-01,1991-12-01,volatility_3m,0.005202866893025369,-0.0004482461508086999,-0.0037027148765035,0.001973143557273855
1991-12-01,1992-01-01,lag_0,-0.0048743843095229,-0.0010764741447928828,0.0008753836375114688,0.0018775592800443193
1991-12-01,1992-01-01,lag_1,-0.0015836157055426,-0.001572165577126725,0.0008753836375114688,0.0018775592800443193
1991-12-01,1992-01-01,lag_2,-0.0005466018382946,-0.0010996960848206072,0.0008753836375114688,0.0018775592800443193
1991-12-01,1992-01-01,lag_3,0.0079016589511224,0.001117012275281013,0.0008753836375114688,0.0018775592800443193
1991-12-01,1992-01-01,lag_4,-1.1339677612909329e-05,-0.001280307824308693,0.0008753836375114688,0.0018775592800443193
1991-12-01,1992-01-01,lag_5,0.0027966918655684,-0.00033866375495563263,0.0008753836375114688,0.0018775592800443193
1991-12-01,1992-01-01,lag_6,0.0080704132490545,0.0005589704598969547,0.0008753836375114688,0.0018775592800443193
1991-12-01,1992-01-01,lag_7,0.0093701506011978,0.0003488067757052704,0.0008753836375114688,0.0018775592800443193
1991-12-01,1992-01-01,lag_8,0.0026351435941132,0.0015219000798970229,0.0008753836375114688,0.0018775592800443193
1991-12-01,1992-01-01,lag_9,-0.0057710392662917,-0.0008238529373920756,0.0008753836375114688,0.0018775592800443193
1991-12-01,1992-01-01,lag_10,-0.0074159360650281,0.0011160363972157938,0.0008753836375114688,0.0018775592800443193
1991-12-01,1992-01-01,lag_11,-0.0032611910765636,0.0003095648378439364,0.0008753836375114688,0.0018775592800443193
1991-12-01,1992-01-01,volatility_3m,0.002259581704802832,0.00021669386074790964,0.0008753836375114688,0.0018775592800443193
1992-01-01,1992-02-01,lag_0,-0.0052512640267554,-0.0001359377342305379,0.0006902270329424113,0.0016948729122452566
1992-01-01,1992-02-01,lag_1,-0.0048743843095229,-0.000876186908390082,0.0006902270329424113,0.0016948729122452566
1992-01-01,1992-02-01,lag_2,-0.0015836157055426,-0.0010145200724946334,0.0006902270329424113,0.0016948729122452566
1992-01-01,1992-02-01,lag_3,-0.0005466018382946,-9.762484864040743e-05,0.0006902270329424113,0.0016948729122452566
1992-01-01,1992-02-01,lag_4,0.0079016589511224,4.29088296732516e-05,0.0006902270329424113,0.0016948729122452566
1992-01-01,1992-02-01,lag_5,-1.1339677612909329e-05,-4.4419756986826544e-05,0.0006902270329424113,0.0016948729122452566
1992-01-01,1992-02-01,lag_6,0.0027966918655684,0.000315245087558651,0.0006902270329424113,0.0016948729122452566
1992-01-01,1992-02-01,lag_7,0.0080704132490545,0.0001673668638431991,0.0006902270329424113,0.0016948729122452566
1992-01-01,1992-02-01,lag_8,0.0093701506011978,0.0007825870896704146,0.0006902270329424113,0.0016948729122452566
1992-01-01,1992-02-01,lag_9,0.0026351435941132,0.00022546111700648907,0.0006902270329424113,0.0016948729122452566
1992-01-01,1992-02-01,lag_10,-0.0057710392662917,-0.00065614191142231,0.0006902270329424113,0.0016948729122452566
1992-01-01,1992-02-01,lag_11,-0.0074159360650281,0.00033414817372431574,0.0006902270329424113,0.0016948729122452566
1992-01-01,1992-02-01,volatility_3m,0.0020175414301528308,-4.753177065140335e-05,0.0006902270329424113,0.0016948729122452566
1992-02-01,1992-03-01,lag_0,0.0070348895922904,0.001026549962516583,0.0024719484677207305,0.001698001479876564
1992-02-01,1992-03-01,lag_1,-0.0052512640267554,-0.00018046368095383513,0.0024719484677207305,0.001698001479876564
1992-02-01,1992-03-01,lag_2,-0.0048743843095229,-0.0005515154721069848,0.0024719484677207305,0.001698001479876564
1992-02-01,1992-03-01,lag_3,-0.0015836157055426,-0.0004674688743216393,0.0024719484677207305,0.001698001479876564
1992-02-01,1992-03-01,lag_4,-0.0005466018382946,-0.0008037016207163106,0.0024719484677207305,0.001698001479876564
1992-02-01,1992-03-01,lag_5,0.0079016589511224,-0.0010334739110112424,0.0024719484677207305,0.001698001479876564
1992-02-01,1992-03-01,lag_6,-1.1339677612909329e-05,-2.5121660219156183e-05,0.0024719484677207305,0.001698001479876564
1992-02-01,1992-03-01,lag_7,0.0027966918655684,-0.0002328831295199052,0.0024719484677207305,0.001698001479876564
1992-02-01,1992-03-01,lag_8,0.0080704132490545,-2.175406782043865e-05,0.0024719484677207305,0.001698001479876564
1992-02-01,1992-03-01,lag_9,0.0093701506011978,0.0008831782468041638,0.0024719484677207305,0.001698001479876564
1992-02-01,1992-03-01,lag_10,0.0026351435941132,-1.0259702357870991e-05,0.0024719484677207305,0.001698001479876564
1992-02-01,1992-03-01,lag_11,-0.0057710392662917,4.489596276471275e-05,0.0024719484677207305,0.001698001479876564
1992-02-01,1992-03-01,volatility_3m,0.0069871598180813645,0.0021459650223187056,0.0024719484677207305,0.001698001479876564
1992-03-01,1992-04-01,lag_0,0.0084895220004987,0.0024975145528878784,0.010271415009681257,0.0016847016885498812
1992-03-01,1992-04-01,lag_1,0.0070348895922904,0.00044393516759555496,0.010271415009681257,0.0016847016885498812
1992-03-01,1992-04-01,lag_2,-0.0052512640267554,2.5244423959520645e-05,0.010271415009681257,0.0016847016885498812
1992-03-01,1992-04-01,lag_3,-0.0048743843095229,0.0002336636202653608,0.010271415009681257,0.0016847016885498812
1992-03-01,1992-04-01,lag_4,-0.0015836157055426,-0.0003062068350845948,0.010271415009681257,0.0016847016885498812
1992-03-01,1992-04-01,lag_5,-0.0005466018382946,0.000400795177101827,0.010271415009681257,0.0016847016885498812
1992-03-01,1992-04-01,lag_6,0.0079016589511224,2.9137829260434954e-05,0.010271415009681257,0.0016847016885498812
1992-03-01,1992-04-01,lag_7,-1.1339677612909329e-05,0.0006178355681186077,0.010271415009681257,0.0016847016885498812
1992-03-01,1992-04-01,lag_8,0.0027966918655684,0.0007330496954455157,0.010271415009681257,0.0016847016885498812
1992-03-01,1992-04-01,lag_9,0.0080704132490545,0.001897240593098104,0.010271415009681257,0.0016847016885498812
1992-03-01,1992-04-01,lag_10,0.0093701506011978,-4.92830504936137e-05,0.010271415009681257,0.0016847016885498812
1992-03-01,1992-04-01,lag_11,0.0026351435941132,-0.00018759662880256655,0.010271415009681257,0.0016847016885498812
1992-03-01,1992-04-01,volatility_3m,0.007548451572348945,0.0022513832448748873,0.010271415009681257,0.0016847016885498812
1992-04-01,1992-05-01,lag_0,0.0075614666667966,0.0016316210406148457,0.00456068828355823,0.0016827073051728387
1992-04-01,1992-05-01,lag_1,0.0084895220004987,0.00030215561811928636,0.00456068828355823,0.0016827073051728387
1992-04-01,1992-05-01,lag_2,0.0070348895922904,-1.7295414581894876e-05,0.00456068828355823,0.0016827073051728387
1992-04-01,1992-05-01,lag_3,-0.0052512640267554,3.31294366333168e-05,0.00456068828355823,0.0016827073051728387
1992-04-01,1992-05-01,lag_4,-0.0048743843095229,0.0013766500823112439,0.00456068828355823,0.0016827073051728387
1992-04-01,1992-05-01,lag_5,-0.0015836157055426,7.964764514326816e-05,0.00456068828355823,0.0016827073051728387
1992-04-01,1992-05-01,lag_6,-0.0005466018382946,0.00014315953090772383,0.00456068828355823,0.0016827073051728387
1992-04-01,1992-05-01,lag_7,0.0079016589511224,0.0003285348215194972,0.00456068828355823,0.0016827073051728387
1992-04-01,1992-05-01,lag_8,-1.1339677612909329e-05,-0.00045418788238748675,0.00456068828355823,0.0016827073051728387
1992-04-01,1992-05-01,lag_9,0.0027966918655684,6.297309580077126e-05,0.00456068828355823,0.0016827073051728387
1992-04-01,1992-05-01,lag_10,0.0080704132490545,-7.544512234744616e-05,0.00456068828355823,0.0016827073051728387
1992-04-01,1992-05-01,lag_11,0.0093701506011978,0.0008261239100284001,0.00456068828355823,0.0016827073051728387
1992-04-01,1992-05-01,volatility_3m,0.0007364923127929103,-0.0013590858295538055,0.00456068828355823,0.0016827073051728387
1992-05-01,1992-06-01,lag_0,0.0032856911647831,-0.00011111077066743746,0.0021527675143765764,0.0015720160450181998
1992-05-01,1992-06-01,lag_1,0.0075614666667966,7.611241537233582e-05,0.0021527675143765764,0.0015720160450181998
1992-05-01,1992-06-01,lag_2,0.0084895220004987,2.3874250655353534e-05,0.0021527675143765764,0.0015720160450181998
1992-05-01,1992-06-01,lag_3,0.0070348895922904,0.0005903796399070416,0.0021527675143765764,0.0015720160450181998
1992-05-01,1992-06-01,lag_4,-0.0052512640267554,0.0013809681739803637,0.0021527675143765764,0.0015720160450181998
1992-05-01,1992-06-01,lag_5,-0.0048743843095229,0.0004772331468484481,0.0021527675143765764,0.0015720160450181998
1992-05-01,1992-06-01,lag_6,-0.0015836157055426,-0.00018480693408491787,0.0021527675143765764,0.0015720160450181998
1992-05-01,1992-06-01,lag_7,-0.0005466018382946,-0.0011814370207866886,0.0021527675143765764,0.0015720160450181998
1992-05-01,1992-06-01,lag_8,0.0079016589511224,-0.00021349403159547363,0.0021527675143765764,0.0015720160450181998
1992-05-01,1992-06-01,lag_9,-1.1339677612909329e-05,-0.0001712835661783174,0.0021527675143765764,0.0015720160450181998
1992-05-01,1992-06-01,lag_10,0.0027966918655684,-0.00010047585325082763,0.0021527675143765764,0.0015720160450181998
1992-05-01,1992-06-01,lag_11,0.0080704132490545,-0.00011948903130360123,0.0021527675143765764,0.0015720160450181998
1992-05-01,1992-06-01,volatility_3m,0.002775589973704577,0.00011428110367887711,0.0021527675143765764,0.0015720160450181998
1992-06-01,1992-07-01,lag_0,0.0005117224959834,-0.001305716102124279,0.0013976104220954357,0.0016047483650738512
1992-06-01,1992-07-01,lag_1,0.0032856911647831,0.0009172099109127884,0.0013976104220954357,0.0016047483650738512
1992-06-01,1992-07-01,lag_2,0.0075614666667966,0.00033856563104563977,0.0013976104220954357,0.0016047483650738512
1992-06-01,1992-07-01,lag_3,0.0084895220004987,0.0016615815047407523,0.0013976104220954357,0.0016047483650738512
1992-06-01,1992-07-01,lag_4,0.0070348895922904,-0.00016958913436610602,0.0013976104220954357,0.0016047483650738512
1992-06-01,1992-07-01,lag_5,-0.0052512640267554,0.0005207204860744241,0.0013976104220954357,0.0016047483650738512
1992-06-01,1992-07-01,lag_6,-0.0048743843095229,-0.0010957594252249691,0.0013976104220954357,0.0016047483650738512
1992-06-01,1992-07-01,lag_7,-0.0015836157055426,-0.00120084579102695,0.0013976104220954357,0.0016047483650738512
1992-06-01,1992-07-01,lag_8,-0.0005466018382946,-0.00043667682433806476,0.0013976104220954357,0.0016047483650738512
1992-06-01,1992-07-01,lag_9,0.0079016589511224,0.0008476315369898657,0.0013976104220954357,0.0016047483650738512
1992-06-01,1992-07-01,lag_10,-1.1339677612909329e-05,-0.00014373229912962416,0.0013976104220954357,0.0016047483650738512
1992-06-01,1992-07-01,lag_11,0.0027966918655684,-0.0002997115917605697,0.0013976104220954357,0.0016047483650738512
1992-06-01,1992-07-01,volatility_3m,0.00355143283743843,0.0001591842292691581,0.0013976104220954357,0.0016047483650738512
1992-07-01,1992-08-01,lag_0,0.0091649380729315,0.0019315965966688964,0.0016981811554817414,0.0016729737739603376
1992-07-01,1992-08-01,lag_1,0.0005117224959834,-0.000615511126261481,0.0016981811554817414,0.0016729737739603376
1992-07-01,1992-08-01,lag_2,0.0032856911647831,-0.00011354032841154549,0.0016981811554817414,0.0016729737739603376
1992-07-01,1992-08-01,lag_3,0.0075614666667966,0.0005789192985321278,0.0016981811554817414,0.0016729737739603376
1992-07-01,1992-08-01,lag_4,0.0084895220004987,-0.000263541560361773,0.0016981811554817414,0.0016729737739603376
1992-07-01,1992-08-01,lag_5,0.0070348895922904,-0.0002597342646822653,0.0016981811554817414,0.0016729737739603376
1992-07-01,1992-08-01,lag_6,-0.0052512640267554,6.258121029532049e-06,0.0016981811554817414,0.0016729737739603376
1992-07-01,1992-08-01,lag_7,-0.0048743843095229,-0.0005719123111975932,0.0016981811554817414,0.0016729737739603376
1992-07-01,1992-08-01,lag_8,-0.0015836157055426,-0.0007691103419074352,0.0016981811554817414,0.0016729737739603376
1992-07-01,1992-08-01,lag_9,-0.0005466018382946,-0.00013405645280727184,0.0016981811554817414,0.0016729737739603376
1992-07-01,1992-08-01,lag_10,0.0079016589511224,-0.000575953206421218,0.0016981811554817414,0.0016729737739603376
1992-07-01,1992-08-01,lag_11,-1.1339677612909329e-05,0.0007492713273131813,0.0016981811554817414,0.0016729737739603376
1992-07-01,1992-08-01,volatility_3m,0.0044184949587612625,6.252161518204957e-05,0.0016981811554817414,0.0016729737739603376
1992-08-01,1992-09-01,lag_0,-0.0056075545766312,-0.0011227173582119576,-0.002575110474800472,0.0015198942219604823
1992-08-01,1992-09-01,lag_1,0.0091649380729315,0.0008923982173018885,-0.002575110474800472,0.0015198942219604823
1992-08-01,1992-09-01,lag_2,0.0005117224959834,-0.0009173769121480291,-0.002575110474800472,0.0015198942219604823
1992-08-01,1992-09-01,lag_3,0.0032856911647831,-0.000550202977447043,-0.002575110474800472,0.0015198942219604823
1992-08-01,1992-09-01,lag_4,0.0075614666667966,-0.0004073088394397928,-0.002575110474800472,0.0015198942219604823
1992-08-01,1992-09-01,lag_5,0.0084895220004987,-0.00016130873957081348,-0.002575110474800472,0.0015198942219604823
1992-08-01,1992-09-01,lag_6,0.0070348895922904,0.00020783475731150247,-0.002575110474800472,0.0015198942219604823
1992-08-01,1992-09-01,lag_7,-0.0052512640267554,-0.0011924354227085133,-0.002575110474800472,0.0015198942219604823
1992-08-01,1992-09-01,lag_8,-0.0048743843095229,-0.002707412603458579,-0.002575110474800472,0.0015198942219604823
1992-08-01,1992-09-01,lag_9,-0.0015836157055426,-0.00018391773850453318,-0.002575110474800472,0.0015198942219604823
1992-08-01,1992-09-01,lag_10,-0.0005466018382946,6.322724697383819e-05,-0.002575110474800472,0.0015198942219604823
1992-08-01,1992-09-01,lag_11,0.0079016589511224,-0.00024574499098889646,-0.002575110474800472,0.0015198942219604823
1992-08-01,1992-09-01,volatility_3m,0.0074223786707715645,0.0022299608349749178,-0.002575110474800472,0.0015198942219604823
1992-09-01,1992-10-01,lag_0,0.0032931151719015,0.0005285583852310083,-0.00017468622853902818,0.0014660071957306045
1992-09-01,1992-10-01,lag_1,-0.0056075545766312,-0.0004528893808947032,-0.00017468622853902818,0.0014660071957306045
1992-09-01,1992-10-01,lag_2,0.0091649380729315,0.00018298286322533387,-0.00017468622853902818,0.0014660071957306045
1992-09-01,1992-10-01,lag_3,0.0005117224959834,-0.00024454059948766373,-0.00017468622853902818,0.0014660071957306045
1992-09-01,1992-10-01,lag_4,0.0032856911647831,-0.0005378505443150061,-0.00017468622853902818,0.0014660071957306045
1992-09-01,1992-10-01,lag_5,0.0075614666667966,-0.0006975879763194826,-0.00017468622853902818,0.0014660071957306045
1992-09-01,1992-10-01,lag_6,0.0084895220004987,0.0002809691601032682,-0.00017468622853902818,0.0014660071957306045
1992-09-01,1992-10-01,lag_7,0.0070348895922904,0.00019836120610307263,-0.00017468622853902818,0.0014660071957306045
1992-09-01,1992-10-01,lag_8,-0.0052512640267554,-0.0024569670344499173,-0.00017468622853902818,0.0014660071957306045
1992-09-01,1992-10-01,lag_9,-0.0048743843095229,-0.0012866363173361607,-0.00017468622853902818,0.0014660071957306045
1992-09-01,1992-10-01,lag_10,-0.0015836157055426,0.00021848664811841445,-0.00017468622853902818,0.0014660071957306045
1992-09-01,1992-10-01,lag_11,-0.0005466018382946,-0.00010632097018969944,-0.00017468622853902818,0.0014660071957306045
1992-09-01,1992-10-01,volatility_3m,0.007437817390817568,0.0027327409567260473,-0.00017468622853902818,0.0014660071957306045
1992-10-01,1992-11-01,lag_0,0.0067288906847986,0.0010189707354402344,0.003111269573806379,0.0014928207013261766
1992-10-01,1992-11-01,lag_1,0.0032931151719015,0.0008915880474160077,0.003111269573806379,0.0014928207013261766
1992-10-01,1992-11-01,lag_2,-0.0056075545766312,-0.0004888691003725399,0.003111269573806379,0.0014928207013261766
1992-10-01,1992-11-01,lag_3,0.0091649380729315,0.00041483371111098675,0.003111269573806379,0.0014928207013261766
1992-10-01,1992-11-01,lag_4,0.0005117224959834,-0.0005782806868592161,0.003111269573806379,0.0014928207013261766
1992-10-01,1992-11-01,lag_5,0.0032856911647831,-0.0006274403507813986,0.003111269573806379,0.0014928207013261766
1992-10-01,1992-11-01,lag_6,0.0075614666667966,0.0001363046717051475,0.003111269573806379,0.0014928207013261766
1992-10-01,1992-11-01,lag_7,0.0084895220004987,-5.681495940734749e-05,0.003111269573806379,0.0014928207013261766
1992-10-01,1992-11-01,lag_8,0.0070348895922904,0.0006501160499101388,0.003111269573806379,0.0014928207013261766
1992-10-01,1992-11-01,lag_9,-0.0052512640267554,-0.0014310815044882475,0.003111269573806379,0.0014928207013261766
1992-10-01,1992-11-01,lag_10,-0.0048743843095229,0.000335234879876225,0.003111269573806379,0.0014928207013261766
1992-10-01,1992-11-01,lag_11,-0.0015836157055426,0.00020156494676484726,0.003111269573806379,0.0014928207013261766
1992-10-01,1992-11-01,volatility_3m,0.006366767325151782,0.0011523224324992043,0.003111269573806379,0.0014928207013261766
1992-11-01,1992-12-01,lag_0,0.0037850447982945,0.00040390399253738,0.005643404190416857,0.0015273979004856574
1992-11-01,1992-12-01,lag_1,0.0067288906847986,0.00021506489589228294,0.005643404190416857,0.0015273979004856574
1992-11-01,1992-12-01,lag_2,0.0032931151719015,0.00022342695487168385,0.005643404190416857,0.0015273979004856574
1992-11-01,1992-12-01,lag_3,-0.0056075545766312,0.001175493624568844,0.005643404190416857,0.0015273979004856574
1992-11-01,1992-12-01,lag_4,0.0091649380729315,-0.00020618026286683744,0.005643404190416857,0.0015273979004856574
1992-11-01,1992-12-01,lag_5,0.0005117224959834,1.3901909005653578e-05,0.005643404190416857,0.0015273979004856574
1992-11-01,1992-12-01,lag_6,0.0032856911647831,0.0003346308168693213,0.005643404190416857,0.0015273979004856574
1992-11-01,1992-12-01,lag_7,0.0075614666667966,0.0005239380056627852,0.005643404190416857,0.0015273979004856574
1992-11-01,1992-12-01,lag_8,0.0084895220004987,-6.121203456132208e-05,0.005643404190416857,0.0015273979004856574
1992-11-01,1992-12-01,lag_9,0.0070348895922904,0.0011727632622569218,0.005643404190416857,0.0015273979004856574
1992-11-01,1992-12-01,lag_10,-0.0052512640267554,0.00018947443280922015,0.005643404190416857,0.0015273979004856574
1992-11-01,1992-12-01,lag_11,-0.0048743843095229,0.00022599245115998201,0.005643404190416857,0.0015273979004856574
1992-11-01,1992-12-01,volatility_3m,0.0018579907039520589,-9.519181256109732e-05,0.005643404190416857,0.0015273979004856574
1992-12-01,1993-01-01,lag_0,0.0016874963663999,-0.0008203886116098147,0.002761228732415924,0.00157233164562924
1992-12-01,1993-01-01,lag_1,0.0037850447982945,0.0009809003603004384,0.002761228732415924,0.00157233164562924
1992-12-01,1993-01-01,lag_2,0.0067288906847986,0.00018891227278800216,0.002761228732415924,0.00157233164562924
1992-12-01,1993-01-01,lag_3,0.0032931151719015,-0.00041020701180968897,0.002761228732415924,0.00157233164562924
1992-12-01,1993-01-01,lag_4,-0.0056075545766312,0.0005371050121721055,0.002761228732415924,0.00157233164562924
1992-12-01,1993-01-01,lag_5,0.0091649380729315,6.0099106849520465e-05,0.002761228732415924,0.00157233164562924
1992-12-01,1993-01-01,lag_6,0.0005117224959834,0.0001539083963871235,0.002761228732415924,0.00157233164562924
1992-12-01,1993-01-01,lag_7,0.0032856911647831,0.00025773476589165513,0.002761228732415924,0.00157233164562924
1992-12-01,1993-01-01,lag_8,0.0075614666667966,-0.0002803054993546539,0.002761228732415924,0.00157233164562924
1992-12-01,1993-01-01,lag_9,0.0084895220004987,0.0011733093913426273,0.002761228732415924,0.00157233164562924
1992-12-01,1993-01-01,lag_10,0.0070348895922904,-0.0002103688513761881,0.002761228732415924,0.00157233164562924
1992-12-01,1993-01-01,lag_11,-0.0052512640267554,-7.79359294938331e-05,0.002761228732415924,0.00157233164562924
1992-12-01,1993-01-01,volatility_3m,0.002532508463336082,-0.00036386628700711297,0.002761228732415924,0.00157233164562924
1993-01-01,1993-02-01,lag_0,0.0038325424872445,0.0005217405091389083,0.0019273557811343505,0.0015160748495478562
1993-01-01,1993-02-01,lag_1,0.0016874963663999,-0.00018248443793709158,0.0019273557811343505,0.0015160748495478562
1993-01-01,1993-02-01,lag_2,0.0037850447982945,-6.234661695998511e-05,0.0019273557811343505,0.0015160748495478562
1993-01-01,1993-02-01,lag_3,0.0067288906847986,0.0005787369332574599,0.0019273557811343505,0.0015160748495478562
1993-01-01,1993-02-01,lag_4,0.0032931151719015,-0.0003662286127291736,0.0019273557811343505,0.0015160748495478562
1993-01-01,1993-02-01,lag_5,-0.0056075545766312,0.00034613498202816116,0.0019273557811343505,0.0015160748495478562
1993-01-01,1993-02-01,lag_6,0.0091649380729315,0.0003453624986286741,0.0019273557811343505,0.0015160748495478562
1993-01-01,1993-02-01,lag_7,0.0005117224959834,0.0010027643487762817,0.0019273557811343505,0.0015160748495478562
1993-01-01,1993-02-01,lag_8,0.0032856911647831,0.00020771324057022866,0.0019273557811343505,0.0015160748495478562
1993-01-01,1993-02-01,lag_9,0.0075614666667966,0.0006831285931548337,0.0019273557811343505,0.0015160748495478562
1993-01-01,1993-02-01,lag_10,0.0084895220004987,-0.0006239311456374707,0.0019273557811343505,0.0015160748495478562
1993-01-01,1993-02-01,lag_11,0.0070348895922904,-0.0001302215672330931,0.0019273557811343505,0.0015160748495478562
1993-01-01,1993-02-01,volatility_3m,0.001224961789550294,-0.0019090877789858496,0.0019273557811343505,0.0015160748495478562
1993-02-01,1993-03-01,lag_0,0.0048043938793247,0.0008857641038412112,-1.2425120006731935e-05,0.0016314832829277914
1993-02-01,1993-03-01,lag_1,0.0038325424872445,0.00010301477666871506,-1.2425120006731935e-05,0.0016314832829277914
1993-02-01,1993-03-01,lag_2,0.0016874963663999,-7.59331858898804e-05,-1.2425120006731935e-05,0.0016314832829277914
1993-02-01,1993-03-01,lag_3,0.0037850447982945,-0.0006641813488840853,-1.2425120006731935e-05,0.0016314832829277914
1993-02-01,1993-03-01,lag_4,0.0067288906847986,-0.00035218788909332946,-1.2425120006731935e-05,0.0016314832829277914
1993-02-01,1993-03-01,lag_5,0.0032931151719015,-0.0005254050882103911,-1.2425120006731935e-05,0.0016314832829277914
1993-02-01,1993-03-01,lag_6,-0.0056075545766312,-0.0011632553094750619,-1.2425120006731935e-05,0.0016314832829277914
1993-02-01,1993-03-01,lag_7,0.0091649380729315,0.0005066493445337983,-1.2425120006731935e-05,0.0016314832829277914
1993-02-01,1993-03-01,lag_8,0.0005117224959834,0.0007693690116047946,-1.2425120006731935e-05,0.0016314832829277914
1993-02-01,1993-03-01,lag_9,0.0032856911647831,7.249568800034467e-05,-1.2425120006731935e-05,0.0016314832829277914
1993-02-01,1993-03-01,lag_10,0.0075614666667966,-7.86920791688317e-05,-1.2425120006731935e-05,0.0016314832829277914
1993-02-01,1993-03-01,lag_11,0.0084895220004987,0.00023762430739225239,-1.2425120006731935e-05,0.0016314832829277914
1993-02-01,1993-03-01,volatility_3m,0.0015948232971563286,-0.0013591706866895948,-1.2425120006731935e-05,0.0016314832829277914
1993-03-01,1993-04-01,lag_0,-0.0008739137323683,-0.0006915808157737047,-0.0011532959514332325,0.0016015376663152073
1993-03-01,1993-04-01,lag_1,0.0048043938793247,0.0006072302790562389,-0.0011532959514332325,0.0016015376663152073
1993-03-01,1993-04-01,lag_2,0.0038325424872445,0.0002214938402903499,-0.0011532959514332325,0.0016015376663152073
1993-03-01,1993-04-01,lag_3,0.0016874963663999,-0.00022845501948722812,-0.0011532959514332325,0.0016015376663152073
1993-03-01,1993-04-01,lag_4,0.0037850447982945,-0.0002741242072352179,-0.0011532959514332325,0.0016015376663152073
1993-03-01,1993-04-01,lag_5,0.0067288906847986,-0.0002615985468764848,-0.0011532959514332325,0.0016015376663152073
1993-03-01,1993-04-01,lag_6,0.0032931151719015,6.090373626648216e-05,-0.0011532959514332325,0.0016015376663152073
1993-03-01,1993-04-01,lag_7,-0.0056075545766312,-0.0014194832878638409,-0.0011532959514332325,0.0016015376663152073
1993-03-01,1993-04-01,lag_8,0.0091649380729315,0.00020435862661543068,-0.0011532959514332325,0.0016015376663152073
1993-03-01,1993-04-01,lag_9,0.0005117224959834,-0.000163953827250225,-0.0011532959514332325,0.0016015376663152073
1993-03-01,1993-04-01,lag_10,0.0032856911647831,-0.0003421115787568851,-0.0011532959514332325,0.0016015376663152073
1993-03-01,1993-04-01,lag_11,0.0075614666667966,-4.854372364206938e-05,-0.0011532959514332325,0.0016015376663152073
1993-03-01,1993-04-01,volatility_3m,0.0030369502961696874,-0.00041896911161529713,-0.0011532959514332325,0.0016015376663152073
1993-04-01,1993-05-01,lag_0,0.002739405003636,0.0006427883733704221,0.0006741554665713732,0.0015675736355908931
1993-04-01,1993-05-01,lag_1,-0.0008739137323683,-0.0012187955544141005,0.0006741554665713732,0.0015675736355908931
1993-04-01,1993-05-01,lag_2,0.0048043938793247,0.00019284448126200004,0.0006741554665713732,0.0015675736355908931
1993-04-01,1993-05-01,lag_3,0.0038325424872445,-0.000423215226001048,0.0006741554665713732,0.0015675736355908931
1993-04-01,1993-05-01,lag_4,0.0016874963663999,0.0006539917996997247,0.0006741554665713732,0.0015675736355908931
1993-04-01,1993-05-01,lag_5,0.0037850447982945,-0.0004685488241375424,0.0006741554665713732,0.0015675736355908931
1993-04-01,1993-05-01,lag_6,0.0067288906847986,0.0004411472417268669,0.0006741554665713732,0.0015675736355908931
1993-04-01,1993-05-01,lag_7,0.0032931151719015,-7.698681068177393e-05,0.0006741554665713732,0.0015675736355908931
1993-04-01,1993-05-01,lag_8,-0.0056075545766312,-0.0016307745023368624,0.0006741554665713732,0.0015675736355908931
1993-04-01,1993-05-01,lag_9,0.0091649380729315,0.0013233376905373007,0.0006741554665713732,0.0015675736355908931
1993-04-01,1993-05-01,lag_10,0.0005117224959834,-0.00018861364434997086,0.0006741554665713732,0.0015675736355908931
1993-04-01,1993-05-01,lag_11,0.0032856911647831,-0.00012015821565000806,0.0006741554665713732,0.0015675736355908931
1993-04-01,1993-05-01,volatility_3m,0.0028741209867160097,-2.043506343397894e-05,0.0006741554665713732,0.0015675736355908931
1993-05-01,1993-06-01,lag_0,-0.0037915803418799,-0.0006410229389575761,-0.0005224235523132209,0.0015420453931142344
1993-05-01,1993-06-01,lag_1,0.002739405003636,0.0006196245207866014,-0.0005224235523132209,0.0015420453931142344
1993-05-01,1993-06-01,lag_2,-0.0008739137323683,-0.0006728963060231763,-0.0005224235523132209,0.0015420453931142344
1993-05-01,1993-06-01,lag_3,0.0048043938793247,-0.0006173049050448754,-0.0005224235523132209,0.0015420453931142344
1993-05-01,1993-06-01,lag_4,0.0038325424872445,1.4358987536979839e-05,-0.0005224235523132209,0.0015420453931142344
1993-05-01,1993-06-01,lag_5,0.0016874963663999,-0.0006218582671135664,-0.0005224235523132209,0.0015420453931142344
1993-05-01,1993-06-01,lag_6,0.0037850447982945,0.00025082763109821824,-0.0005224235523132209,0.0015420453931142344
1993-05-01,1993-06-01,lag_7,0.0067288906847986,0.0005012076396906195,-0.0005224235523132209,0.0015420453931142344
1993-05-01,1993-06-01,lag_8,0.0032931151719015,0.0011047839742786892,-0.0005224235523132209,0.0015420453931142344
1993-05-01,1993-06-01,lag_9,-0.0056075545766312,-0.001533489240127892,-0.0005224235523132209,0.0015420453931142344
1993-05-01,1993-06-01,lag_10,0.0091649380729315,-0.00013566117335358285,-0.0005224235523132209,0.0015420453931142344
1993-05-01,1993-06-01,lag_11,0.0005117224959834,-0.00018767214070976478,-0.0005224235523132209,0.0015420453931142344
1993-05-01,1993-06-01,volatility_3m,0.0032716616653611476,-0.00014536677448631963,-0.0005224235523132209,0.0015420453931142344
1993-06-01,1993-07-01,lag_0,0.0022526473495334,-0.0010398711271045614,0.0021323637447010733,0.0016564481992371982
1993-06-01,1993-07-01,lag_1,-0.0037915803418799,-0.0008473114271600934,0.0021323637447010733,0.0016564481992371982
1993-06-01,1993-07-01,lag_2,0.002739405003636,0.0001779579520734842,0.0021323637447010733,0.0016564481992371982
1993-06-01,1993-07-01,lag_3,-0.0008739137323683,0.0005813369493944265,0.0021323637447010733,0.0016564481992371982
1993-06-01,1993-07-01,lag_4,0.0048043938793247,0.00024028716316479404,0.0021323637447010733,0.0016564481992371982
1993-06-01,1993-07-01,lag_5,0.0038325424872445,-0.0005476760032524908,0.0021323637447010733,0.0016564481992371982
1993-06-01,1993-07-01,lag_6,0.0016874963663999,0.0004405875409565851,0.0021323637447010733,0.0016564481992371982
1993-06-01,1993-07-01,lag_7,0.0037850447982945,-0.00020676450422342895,0.0021323637447010733,0.0016564481992371982
1993-06-01,1993-07-01,lag_8,0.0067288906847986,0.0003893676008829061,0.0021323637447010733,0.0016564481992371982
1993-06-01,1993-07-01,lag_9,0.0032931151719015,0.000786148355473415,0.0021323637447010733,0.0016564481992371982
1993-06-01,1993-07-01,lag_10,-0.0056075545766312,2.684921864329226e-05,0.0021323637447010733,0.0016564481992371982
1993-06-01,1993-07-01,lag_11,0.0091649380729315,0.0004972189719228481,0.0021323637447010733,0.0016564481992371982
1993-06-01,1993-07-01,volatility_3m,0.0036383006789529795,-2.2215132325982267e-05,0.0021323637447010733,0.0016564481992371982
1993-07-01,1993-08-01,lag_0,0.0026931164973129,-0.0005798959129151626,-0.0004582256374652155,0.001667798274288842
1993-07-01,1993-08-01,lag_1,0.0022526473495334,-0.00023516848731560457,-0.0004582256374652155,0.001667798274288842
1993-07-01,1993-08-01,lag_2,-0.0037915803418799,-0.0007203020358247158,-0.0004582256374652155,0.001667798274288842
1993-07-01,1993-08-01,lag_3,0.002739405003636,-0.0007486523573334125,-0.0004582256374652155,0.001667798274288842
1993-07-01,1993-08-01,lag_4,-0.0008739137323683,-0.0006319597754327333,-0.0004582256374652155,0.001667798274288842
1993-07-01,1993-08-01,lag_5,0.0048043938793247,-0.0006331903740920097,-0.0004582256374652155,0.001667798274288842
1993-07-01,1993-08-01,lag_6,0.0038325424872445,0.0001040504792763386,-0.0004582256374652155,0.001667798274288842
1993-07-01,1993-08-01,lag_7,0.0016874963663999,0.00038681396306856187,-0.0004582256374652155,0.001667798274288842
1993-07-01,1993-08-01,lag_8,0.0037850447982945,0.0004542045130438055,-0.0004582256374652155,0.001667798274288842
1993-07-01,1993-08-01,lag_9,0.0067288906847986,0.00015693132060278002,-0.0004582256374652155,0.001667798274288842
1993-07-01,1993-08-01,lag_10,0.0032931151719015,0.0002810906854028872,-0.0004582256374652155,0.001667798274288842
1993-07-01,1993-08-01,lag_11,-0.0056075545766312,0.00022805285236245253,-0.0004582256374652155,0.001667798274288842
1993-07-01,1993-08-01,volatility_3m,0.003623488065203427,-0.00018799881531776917,-0.0004582256374652155,0.001667798274288842
1993-08-01,1993-09-01,lag_0,-0.0012064683528301,-0.0006999153664492042,0.002855783094147231,0.0016284984585112113
1993-08-01,1993-09-01,lag_1,0.0026931164973129,0.0005684357571408327,0.002855783094147231,0.0016284984585112113
1993-08-01,1993-09-01,lag_2,0.0022526473495334,-0.0005252461496456817,0.002855783094147231,0.0016284984585112113
1993-08-01,1993-09-01,lag_3,-0.0037915803418799,-0.0002810010587018041,0.002855783094147231,0.0016284984585112113
1993-08-01,1993-09-01,lag_4,0.002739405003636,0.00043391513247115654,0.002855783094147231,0.0016284984585112113
1993-08-01,1993-09-01,lag_5,-0.0008739137323683,0.0002743903493501421,0.002855783094147231,0.0016284984585112113
1993-08-01,1993-09-01,lag_6,0.0048043938793247,0.00040077671394101344,0.002855783094147231,0.0016284984585112113
1993-08-01,1993-09-01,lag_7,0.0038325424872445,-8.038111036967166e-05,0.002855783094147231,0.0016284984585112113
1993-08-01,1993-09-01,lag_8,0.0016874963663999,0.0010734252254860621,0.002855783094147231,0.0016284984585112113
1993-08-01,1993-09-01,lag_9,0.0037850447982945,0.0005471798074904655,0.002855783094147231,0.0016284984585112113
1993-08-01,1993-09-01,lag_10,0.0067288906847986,-0.0001852430587177878,0.002855783094147231,0.0016284984585112113
1993-08-01,1993-09-01,lag_11,0.0032931151719015,-0.00019261397199443308,0.002855783094147231,0.0016284984585112113
1993-08-01,1993-09-01,volatility_3m,0.002135659793285911,-0.0001064376161104974,0.002855783094147231,0.0016284984585112113
1993-09-01,1993-10-01,lag_0,0.0052914883157351,0.0010033985646896327,0.0011443307359306285,0.0016639616144622407
1993-09-01,1993-10-01,lag_1,-0.0012064683528301,-0.001046176548652511,0.0011443307359306285,0.0016639616144622407
1993-09-01,1993-10-01,lag_2,0.0026931164973129,-2.3118488934414926e-05,0.0011443307359306285,0.0016639616144622407
1993-09-01,1993-10-01,lag_3,0.0022526473495334,-8.512653132584092e-05,0.0011443307359306285,0.0016639616144622407
1993-09-01,1993-10-01,lag_4,-0.0037915803418799,0.0004013506093633623,0.0011443307359306285,0.0016639616144622407
1993-09-01,1993-10-01,lag_5,0.002739405003636,-0.0008236998760912683,0.0011443307359306285,0.0016639616144622407
1993-09-01,1993-10-01,lag_6,-0.0008739137323683,-0.00011728940799912379,0.0011443307359306285,0.0016639616144622407
1993-09-01,1993-10-01,lag_7,0.0048043938793247,0.0002573382452465012,0.0011443307359306285,0.0016639616144622407
1993-09-01,1993-10-01,lag_8,0.0038325424872445,0.0006252909395425377,0.0011443307359306285,0.0016639616144622407
1993-09-01,1993-10-01,lag_9,0.0016874963663999,-0.00036634744496041096,0.0011443307359306285,0.0016639616144622407
1993-09-01,1993-10-01,lag_10,0.0037850447982945,-0.00017903615597788302,0.0011443307359306285,0.0016639616144622407
1993-09-01,1993-10-01,lag_11,0.0067288906847986,-1.766047900673584e-05,0.0011443307359306285,0.0016639616144622407
1993-09-01,1993-10-01,volatility_3m,0.003270620200532473,-0.00014855424133202176,0.0011443307359306285,0.0016639616144622407
1993-10-01,1993-11-01,lag_0,0.0073036524223031,0.0018656418584942003,0.004155240876669476,0.0018100649957943993
1993-10-01,1993-11-01,lag_1,0.0052914883157351,0.000102154925089053,0.004155240876669476,0.0018100649957943993
1993-10-01,1993-11-01,lag_2,-0.0012064683528301,-0.0007488335329617257,0.004155240876669476,0.0018100649957943993
1993-10-01,1993-11-01,lag_3,0.0026931164973129,-0.0003722317883239157,0.004155240876669476,0.0018100649957943993
1993-10-01,1993-11-01,lag_4,0.0022526473495334,0.0010162059989261253,0.004155240876669476,0.0018100649957943993
1993-10-01,1993-11-01,lag_5,-0.0037915803418799,0.0008388755972737272,0.004155240876669476,0.0018100649957943993
1993-10-01,1993-11-01,lag_6,0.002739405003636,0.0003623041094760993,0.004155240876669476,0.0018100649957943993
1993-10-01,1993-11-01,lag_7,-0.0008739137323683,-0.000821123734331195,0.004155240876669476,0.0018100649957943993
1993-10-01,1993-11-01,lag_8,0.0048043938793247,0.0004798435805741974,0.004155240876669476,0.0018100649957943993
1993-10-01,1993-11-01,lag_9,0.0038325424872445,0.0009075479985949642,0.004155240876669476,0.0018100649957943993
1993-10-01,1993-11-01,lag_10,0.0016874963663999,5.9801914630952524e-05,0.004155240876669476,0.0018100649957943993
1993-10-01,1993-11-01,lag_11,0.0037850447982945,-0.0005002494066138752,0.004155240876669476,0.0018100649957943993
1993-10-01,1993-11-01,volatility_3m,0.004447741015872838,-0.000844761604694213,0.004155240876669476,0.0018100649957943993
1993-11-01,1993-12-01,lag_0,0.0045590055532489,0.0007645453085842746,-0.002276590004396406,0.0018592179430556924
1993-11-01,1993-12-01,lag_1,0.0073036524223031,0.00038732412363060573,-0.002276590004396406,0.0018592179430556924
1993-11-01,1993-12-01,lag_2,0.0052914883157351,7.032963618257782e-05,-0.002276590004396406,0.0018592179430556924
1993-11-01,1993-12-01,lag_3,-0.0012064683528301,-0.0003394161728101608,-0.002276590004396406,0.0018592179430556924
1993-11-01,1993-12-01,lag_4,0.0026931164973129,0.00028187662004711453,-0.002276590004396406,0.0018592179430556924
1993-11-01,1993-12-01,lag_5,0.0022526473495334,-0.0008731030107446713,-0.002276590004396406,0.0018592179430556924
1993-11-01,1993-12-01,lag_6,-0.0037915803418799,-0.001078476316497472,-0.002276590004396406,0.0018592179430556924
1993-11-01,1993-12-01,lag_7,0.002739405003636,-0.0003194118446208449,-0.002276590004396406,0.0018592179430556924
1993-11-01,1993-12-01,lag_8,-0.0008739137323683,-0.0010274962865742055,-0.002276590004396406,0.0018592179430556924
1993-11-01,1993-12-01,lag_9,0.0048043938793247,0.00020611367099718336,-0.002276590004396406,0.0018592179430556924
1993-11-01,1993-12-01,lag_10,0.0038325424872445,-0.00019046799265652227,-0.002276590004396406,0.0018592179430556924
1993-11-01,1993-12-01,lag_11,0.0016874963663999,-0.0002748679604701465,-0.002276590004396406,0.0018592179430556924
1993-11-01,1993-12-01,volatility_3m,0.0014211745039994816,-0.001742757772881305,-0.002276590004396406,0.0018592179430556924
1993-12-01,1994-01-01,lag_0,0.0059052708470295,0.0015210129587057964,0.0021577551913841315,0.001984075538736012
1993-12-01,1994-01-01,lag_1,0.0045590055532489,0.0004648767562048306,0.0021577551913841315,0.001984075538736012
1993-12-01,1994-01-01,lag_2,0.0073036524223031,0.000972148591572477,0.0021577551913841315,0.001984075538736012
1993-12-01,1994-01-01,lag_3,0.0052914883157351,-5.088941398753377e-05,0.0021577551913841315,0.001984075538736012
1993-12-01,1994-01-01,lag_4,-0.0012064683528301,-0.0006604816270009906,0.0021577551913841315,0.001984075538736012
1993-12-01,1994-01-01,lag_5,0.0026931164973129,-0.0008192108081084371,0.0021577551913841315,0.001984075538736012
1993-12-01,1994-01-01,lag_6,0.0022526473495334,-0.00016333575679709612,0.0021577551913841315,0.001984075538736012
1993-12-01,1994-01-01,lag_7,-0.0037915803418799,-0.0004046977464804513,0.0021577551913841315,0.001984075538736012
1993-12-01,1994-01-01,lag_8,0.002739405003636,0.0009386830088124043,0.0021577551913841315,0.001984075538736012
1993-12-01,1994-01-01,lag_9,-0.0008739137323683,-0.00027606306934103487,0.0021577551913841315,0.001984075538736012
1993-12-01,1994-01-01,lag_10,0.0048043938793247,-0.00012259716314019897,0.0021577551913841315,0.001984075538736012
1993-12-01,1994-01-01,lag_11,0.0038325424872445,-0.0004807065413842793,0.0021577551913841315,0.001984075538736012
1993-12-01,1994-01-01,volatility_3m,0.0013724058988452761,-0.0007450596229546136,0.0021577551913841315,0.001984075538736012
1994-01-01,1994-02-01,lag_0,0.0028736794669281,-0.000217161149439562,0.0021322097485576156,0.001963503601303452
1994-01-01,1994-02-01,lag_1,0.0059052708470295,0.0005921043720354646,0.0021322097485576156,0.001963503601303452
1994-01-01,1994-02-01,lag_2,0.0045590055532489,0.0003746089254900653,0.0021322097485576156,0.001963503601303452
1994-01-01,1994-02-01,lag_3,0.0073036524223031,0.0012369754802784882,0.0021322097485576156,0.001963503601303452
1994-01-01,1994-02-01,lag_4,0.0052914883157351,-0.00013270738339087984,0.0021322097485576156,0.001963503601303452
1994-01-01,1994-02-01,lag_5,-0.0012064683528301,-0.00030121681980745053,0.0021322097485576156,0.001963503601303452
1994-01-01,1994-02-01,lag_6,0.0026931164973129,0.00019028668455575826,0.0021322097485576156,0.001963503601303452
1994-01-01,1994-02-01,lag_7,0.0022526473495334,0.0001692309981183371,0.0021322097485576156,0.001963503601303452
1994-01-01,1994-02-01,lag_8,-0.0037915803418799,-0.00193193069260019,0.0021322097485576156,0.001963503601303452
1994-01-01,1994-02-01,lag_9,0.002739405003636,6.372454480924717e-05,0.0021322097485576156,0.001963503601303452
1994-01-01,1994-02-01,lag_10,-0.0008739137323683,0.0010683806663155338,0.0021322097485576156,0.001963503601303452
1994-01-01,1994-02-01,lag_11,0.0048043938793247,-0.00037009934017078193,0.0021322097485576156,0.001963503601303452
1994-01-01,1994-02-01,volatility_3m,0.001518952520345115,-0.0005734901618598087,0.0021322097485576156,0.001963503601303452
1994-02-01,1994-03-01,lag_0,0.0005827318302769,-0.0008254035969457619,3.493173871741139e-05,0.0020149596012100897
1994-02-01,1994-03-01,lag_1,0.0028736794669281,0.00047547658151870565,3.493173871741139e-05,0.0020149596012100897
1994-02-01,1994-03-01,lag_2,0.0059052708470295,0.00031612401170605153,3.493173871741139e-05,0.0020149596012100897
1994-02-01,1994-03-01,lag_3,0.0045590055532489,-0.00043117445909956586,3.493173871741139e-05,0.0020149596012100897
1994-02-01,1994-03-01,lag_4,0.0073036524223031,9.28572810539663e-05,3.493173871741139e-05,0.0020149596012100897
1994-02-01,1994-03-01,lag_5,0.0052914883157351,-0.0004475791916365779,3.493173871741139e-05,0.0020149596012100897
1994-02-01,1994-03-01,lag_6,-0.0012064683528301,-0.0005266205005136726,3.493173871741139e-05,0.0020149596012100897
1994-02-01,1994-03-01,lag_7,0.0026931164973129,-2.3276575875570414e-05,3.493173871741139e-05,0.0020149596012100897
1994-02-01,1994-03-01,lag_8,0.0022526473495334,0.0006005114830713865,3.493173871741139e-05,0.0020149596012100897
1994-02-01,1994-03-01,lag_9,-0.0037915803418799,-0.001055489641944405,3.493173871741139e-05,0.0020149596012100897
1994-02-01,1994-03-01,lag_10,0.002739405003636,-0.00015344007375460932,3.493173871741139e-05,0.0020149596012100897
1994-02-01,1994-03-01,lag_11,-0.0008739137323683,-4.591902247739199e-05,3.493173871741139e-05,0.0020149596012100897
1994-02-01,1994-03-01,volatility_3m,0.002669844220007245,4.390580202652927e-05,3.493173871741139e-05,0.0020149596012100897
1994-03-01,1994-04-01,lag_0,0.0101498906066312,0.0022822498737241404,0.0027307477559710704,0.0019827201867494903
1994-03-01,1994-04-01,lag_1,0.0005827318302769,-0.0007065269708982669,0.0027307477559710704,0.0019827201867494903
1994-03-01,1994-04-01,lag_2,0.0028736794669281,1.9041204195673346e-05,0.0027307477559710704,0.0019827201867494903
1994-03-01,1994-04-01,lag_3,0.0059052708470295,0.0007584607972603407,0.0027307477559710704,0.0019827201867494903
1994-03-01,1994-04-01,lag_4,0.0045590055532489,-0.0004388238471256045,0.0027307477559710704,0.0019827201867494903
1994-03-01,1994-04-01,lag_5,0.0073036524223031,-0.00038323302866501765,0.0027307477559710704,0.0019827201867494903
1994-03-01,1994-04-01,lag_6,0.0052914883157351,-6.460509962380456e-05,0.0027307477559710704,0.0019827201867494903
1994-03-01,1994-04-01,lag_7,-0.0012064683528301,-0.0004643000450869295,0.0027307477559710704,0.0019827201867494903
1994-03-01,1994-04-01,lag_8,0.0026931164973129,0.0010204986293729235,0.0027307477559710704,0.0019827201867494903
1994-03-01,1994-04-01,lag_9,0.0022526473495334,1.7976697527046782e-05,0.0027307477559710704,0.0019827201867494903
1994-03-01,1994-04-01,lag_10,-0.0037915803418799,0.00037003209472459276,0.0027307477559710704,0.0019827201867494903
1994-03-01,1994-04-01,lag_11,0.002739405003636,-0.00011015752999810502,0.0027307477559710704,0.0019827201867494903
1994-03-01,1994-04-01,volatility_3m,0.004995368132503521,-0.0015525852394603135,0.0027307477559710704,0.0019827201867494903
1994-04-01,1994-05-01,lag_0,0.0058961380426527,0.0006477164832813287,0.0008958861325006302,0.0019934699509943006
1994-04-01,1994-05-01,lag_1,0.0101498906066312,0.0003478381761078708,0.0008958861325006302,0.0019934699509943006
1994-04-01,1994-05-01,lag_2,0.0005827318302769,-0.0007969563980259409,0.0008958861325006302,0.0019934699509943006
1994-04-01,1994-05-01,lag_3,0.0028736794669281,-0.0008213590711466167,0.0008958861325006302,0.0019934699509943006
1994-04-01,1994-05-01,lag_4,0.0059052708470295,-0.000567976340498717,0.0008958861325006302,0.0019934699509943006
1994-04-01,1994-05-01,lag_5,0.0045590055532489,-9.66277223187717e-05,0.0008958861325006302,0.0019934699509943006
1994-04-01,1994-05-01,lag_6,0.0073036524223031,0.00013084014099376873,0.0008958861325006302,0.0019934699509943006
1994-04-01,1994-05-01,lag_7,0.0052914883157351,0.000749499581670534,0.0008958861325006302,0.0019934699509943006
1994-04-01,1994-05-01,lag_8,-0.0012064683528301,-0.0003748923920238667,0.0008958861325006302,0.0019934699509943006
1994-04-01,1994-05-01,lag_9,0.0026931164973129,0.000298798843723489,0.0008958861325006302,0.0019934699509943006
1994-04-01,1994-05-01,lag_10,0.0022526473495334,0.00042003546966952856,0.0008958861325006302,0.0019934699509943006
1994-04-01,1994-05-01,lag_11,-0.0037915803418799,0.00041840266082999734,0.0008958861325006302,0.0019934699509943006
1994-04-01,1994-05-01,volatility_3m,0.0047933499681892715,-0.0014529032607788395,0.0008958861325006302,0.0019934699509943006
1994-05-01,1994-06-01,lag_0,0.0045904959585474,0.000627884849845941,0.0035268684753929106,0.001961214117922669
1994-05-01,1994-06-01,lag_1,0.0058961380426527,0.000573605627841971,0.0035268684753929106,0.001961214117922669
1994-05-01,1994-06-01,lag_2,0.0101498906066312,-0.00011885809638897626,0.0035268684753929106,0.001961214117922669
1994-05-01,1994-06-01,lag_3,0.0005827318302769,-0.00024299727766447177,0.0035268684753929106,0.001961214117922669
1994-05-01,1994-06-01,lag_4,0.0028736794669281,-5.850952028595202e-05,0.0035268684753929106,0.001961214117922669
1994-05-01,1994-06-01,lag_5,0.0059052708470295,0.0001747921912919992,0.0035268684753929106,0.001961214117922669
1994-05-01,1994-06-01,lag_6,0.0045590055532489,0.0003038042335629143,0.0035268684753929106,0.001961214117922669
1994-05-01,1994-06-01,lag_7,0.0073036524223031,0.00046241600743087476,0.0035268684753929106,0.001961214117922669
1994-05-01,1994-06-01,lag_8,0.0052914883157351,0.00021928226965883368,0.0035268684753929106,0.001961214117922669
1994-05-01,1994-06-01,lag_9,-0.0012064683528301,-0.0006555481767099991,0.0035268684753929106,0.001961214117922669
1994-05-01,1994-06-01,lag_10,0.0026931164973129,0.00029111822009326717,0.0035268684753929106,0.001961214117922669
1994-05-01,1994-06-01,lag_11,0.0022526473495334,-7.617559687787434e-05,0.0035268684753929106,0.001961214117922669
1994-05-01,1994-06-01,volatility_3m,0.0029070598256796414,6.483958928583888e-05,0.0035268684753929106,0.001961214117922669
1994-06-01,1994-07-01,lag_0,0.0067284496871362,0.0012131204496094482,0.006648816039761816,0.002155365502279477
1994-06-01,1994-07-01,lag_1,0.0045904959585474,0.0009274282825748514,0.006648816039761816,0.002155365502279477
1994-06-01,1994-07-01,lag_2,0.0058961380426527,0.0011267848526406966,0.006648816039761816,0.002155365502279477
1994-06-01,1994-07-01,lag_3,0.0101498906066312,0.0017249027861089416,0.006648816039761816,0.002155365502279477
1994-06-01,1994-07-01,lag_4,0.0005827318302769,-0.00029844756623390365,0.006648816039761816,0.002155365502279477
1994-06-01,1994-07-01,lag_5,0.0028736794669281,-0.0007763162876909747,0.006648816039761816,0.002155365502279477
1994-06-01,1994-07-01,lag_6,0.0059052708470295,0.000601608479834681,0.006648816039761816,0.002155365502279477
1994-06-01,1994-07-01,lag_7,0.0045590055532489,-4.7628316532382084e-05,0.006648816039761816,0.002155365502279477
1994-06-01,1994-07-01,lag_8,0.0073036524223031,0.00016321063809584757,0.006648816039761816,0.002155365502279477
1994-06-01,1994-07-01,lag_9,0.0052914883157351,0.0006277271623554271,0.006648816039761816,0.002155365502279477
1994-06-01,1994-07-01,lag_10,-0.0012064683528301,0.0010273274646965546,0.006648816039761816,0.002155365502279477
1994-06-01,1994-07-01,lag_11,0.0026931164973129,-0.00014045807651029917,0.006648816039761816,0.002155365502279477
1994-06-01,1994-07-01,volatility_3m,0.0010776741986732673,-0.00165580937322801,0.006648816039761816,0.002155365502279477
1994-07-01,1994-08-01,lag_0,0.0013295056794984,-0.0016057071730625693,0.0042885339036151625,0.0022319610136867602
1994-07-01,1994-08-01,lag_1,0.0067284496871362,4.894003550333537e-05,0.0042885339036151625,0.0022319610136867602
1994-07-01,1994-08-01,lag_2,0.0045904959585474,0.0006307331021463369,0.0042885339036151625,0.0022319610136867602
1994-07-01,1994-08-01,lag_3,0.0058961380426527,0.0011866654600146377,0.0042885339036151625,0.0022319610136867602
1994-07-01,1994-08-01,lag_4,0.0101498906066312,3.417815931840096e-05,0.0042885339036151625,0.0022319610136867602
1994-07-01,1994-08-01,lag_5,0.0005827318302769,-0.0002645178616751309,0.0042885339036151625,0.0022319610136867602
1994-07-01,1994-08-01,lag_6,0.0028736794669281,0.0003754872500945794,0.0042885339036151625,0.0022319610136867602
1994-07-01,1994-08-01,lag_7,0.0059052708470295,0.0006236143198611898,0.0042885339036151625,0.0022319610136867602
1994-07-01,1994-08-01,lag_8,0.0045590055532489,0.00028093033594615233,0.0042885339036151625,0.0022319610136867602
1994-07-01,1994-08-01,lag_9,0.0073036524223031,0.0007857192275071156,0.0042885339036151625,0.0022319610136867602
1994-07-01,1994-08-01,lag_10,0.0052914883157351,-0.0005078774260312002,0.0042885339036151625,0.0022319610136867602
1994-07-01,1994-08-01,lag_11,-0.0012064683528301,0.00011577984842460865,0.0042885339036151625,0.0022319610136867602
1994-07-01,1994-08-01,volatility_3m,0.0027188692546487943,0.0003526276557627739,0.0042885339036151625,0.0022319610136867602
1994-08-01,1994-09-01,lag_0,0.0066818575129268,0.0009991013085334543,0.0032410984989163587,0.002296918275457242
1994-08-01,1994-09-01,lag_1,0.0013295056794984,-0.0009758419195145507,0.0032410984989163587,0.002296918275457242
1994-08-01,1994-09-01,lag_2,0.0067284496871362,0.0018567266619288602,0.0032410984989163587,0.002296918275457242
1994-08-01,1994-09-01,lag_3,0.0045904959585474,-0.00036544344596165955,0.0032410984989163587,0.002296918275457242
1994-08-01,1994-09-01,lag_4,0.0058961380426527,-0.0006594523953032195,0.0032410984989163587,0.002296918275457242
1994-08-01,1994-09-01,lag_5,0.0101498906066312,0.0008813855306820528,0.0032410984989163587,0.002296918275457242
1994-08-01,1994-09-01,lag_6,0.0005827318302769,0.0005923695912909466,0.0032410984989163587,0.002296918275457242
1994-08-01,1994-09-01,lag_7,0.0028736794669281,-0.0011410574208733238,0.0032410984989163587,0.002296918275457242
1994-08-01,1994-09-01,lag_8,0.0059052708470295,-0.00018745952112766417,0.0032410984989163587,0.002296918275457242
1994-08-01,1994-09-01,lag_9,0.0045590055532489,0.0006525036330697276,0.0032410984989163587,0.002296918275457242
1994-08-01,1994-09-01,lag_10,0.0073036524223031,-0.0006362132919014129,0.0032410984989163587,0.002296918275457242
1994-08-01,1994-09-01,lag_11,0.0052914883157351,-0.0009004000801371603,0.0032410984989163587,0.002296918275457242
1994-08-01,1994-09-01,volatility_3m,0.0031037192038238584,0.0008279616304490389,0.0032410984989163587,0.002296918275457242
1994-09-01,1994-10-01,lag_0,0.0031405492615519,-0.0014696611655399749,0.006151539391390507,0.0023034178665570855
1994-09-01,1994-10-01,lag_1,0.0066818575129268,0.000596271942201696,0.006151539391390507,0.0023034178665570855
1994-09-01,1994-10-01,lag_2,0.0013295056794984,-0.0002468312066355338,0.006151539391390507,0.0023034178665570855
1994-09-01,1994-10-01,lag_3,0.0067284496871362,0.00041034671093910903,0.006151539391390507,0.0023034178665570855
1994-09-01,1994-10-01,lag_4,0.0045904959585474,-4.2176975227903314e-07,0.006151539391390507,0.0023034178665570855
1994-09-01,1994-10-01,lag_5,0.0058961380426527,0.00017324141951917228,0.006151539391390507,0.0023034178665570855
1994-09-01,1994-10-01,lag_6,0.0101498906066312,0.0003971253165596522,0.006151539391390507,0.0023034178665570855
1994-09-01,1994-10-01,lag_7,0.0005827318302769,0.0018482968574414825,0.006151539391390507,0.0023034178665570855
1994-09-01,1994-10-01,lag_8,0.0028736794669281,0.0009272798662914284,0.006151539391390507,0.0023034178665570855
1994-09-01,1994-10-01,lag_9,0.0059052708470295,0.00021673636607715707,0.006151539391390507,0.0023034178665570855
1994-09-01,1994-10-01,lag_10,0.0045590055532489,0.00016253194890680333,0.006151539391390507,0.0023034178665570855
1994-09-01,1994-10-01,lag_11,0.0073036524223031,0.00025339945461269056,0.006151539391390507,0.0023034178665570855
1994-09-01,1994-10-01,volatility_3m,0.0027223890591463193,0.0005798057892195629,0.006151539391390507,0.0023034178665570855
1994-10-01,1994-11-01,lag_0,0.0080129312378582,0.0002333001276305069,0.0066613761250019915,0.002421482455036156
1994-10-01,1994-11-01,lag_1,0.0031405492615519,0.0008318799110139707,0.0066613761250019915,0.002421482455036156
1994-10-01,1994-11-01,lag_2,0.0066818575129268,0.001430928298314953,0.0066613761250019915,0.002421482455036156
1994-10-01,1994-11-01,lag_3,0.0013295056794984,-8.320802269849992e-05,0.0066613761250019915,0.002421482455036156
1994-10-01,1994-11-01,lag_4,0.0067284496871362,-7.770351037137857e-05,0.0066613761250019915,0.002421482455036156
1994-10-01,1994-11-01,lag_5,0.0045904959585474,-1.538904095525595e-05,0.0066613761250019915,0.002421482455036156
1994-10-01,1994-11-01,lag_6,0.0058961380426527,0.0010212893769238462,0.0066613761250019915,0.002421482455036156
1994-10-01,1994-11-01,lag_7,0.0101498906066312,0.0006709146044556746,0.0066613761250019915,0.002421482455036156
1994-10-01,1994-11-01,lag_8,0.0005827318302769,0.0003967611170270402,0.0066613761250019915,0.002421482455036156
1994-10-01,1994-11-01,lag_9,0.0028736794669281,0.0002894582933629408,0.0066613761250019915,0.002421482455036156
1994-10-01,1994-11-01,lag_10,0.0059052708470295,-0.00034954508592107916,0.0066613761250019915,0.002421482455036156
1994-10-01,1994-11-01,lag_11,0.0045590055532489,-0.0006162017289234711,0.0066613761250019915,0.002421482455036156
1994-10-01,1994-11-01,volatility_3m,0.002518356855686302,0.0005074093244854794,0.0066613761250019915,0.002421482455036156
1994-11-01,1994-12-01,lag_0,0.0068126229566853,0.0009435338285105388,0.00839494086121815,0.002438448947993808
1994-11-01,1994-12-01,lag_1,0.0080129312378582,0.0006219711828981644,0.00839494086121815,0.002438448947993808
1994-11-01,1994-12-01,lag_2,0.0031405492615519,-9.985920371491375e-06,0.00839494086121815,0.002438448947993808
1994-11-01,1994-12-01,lag_3,0.0066818575129268,0.0010684050664602296,0.00839494086121815,0.002438448947993808
1994-11-01,1994-12-01,lag_4,0.0013295056794984,0.0015856978936687938,0.00839494086121815,0.002438448947993808
1994-11-01,1994-12-01,lag_5,0.0067284496871362,0.00014607992020671646,0.00839494086121815,0.002438448947993808
1994-11-01,1994-12-01,lag_6,0.0045904959585474,0.00013907439903562135,0.00839494086121815,0.002438448947993808
1994-11-01,1994-12-01,lag_7,0.0058961380426527,0.0008045124358612199,0.00839494086121815,0.002438448947993808
1994-11-01,1994-12-01,lag_8,0.0101498906066312,0.0008476356707178212,0.00839494086121815,0.002438448947993808
1994-11-01,1994-12-01,lag_9,0.0005827318302769,-0.00030920304161838883,0.00839494086121815,0.002438448947993808
1994-11-01,1994-12-01,lag_10,0.0028736794669281,0.00011311126973438946,0.00839494086121815,0.002438448947993808
1994-11-01,1994-12-01,lag_11,0.0059052708470295,-0.0005281747365165757,0.00839494086121815,0.002438448947993808
1994-11-01,1994-12-01,volatility_3m,0.0025385353820453695,0.0005338339035131412,0.00839494086121815,0.002438448947993808
1994-12-01,1995-01-01,lag_0,0.0101664259222324,0.0016263369654184602,0.003716942839732624,0.00254805575080936
1994-12-01,1995-01-01,lag_1,0.0068126229566853,0.0003901540463624542,0.003716942839732624,0.00254805575080936
1994-12-01,1995-01-01,lag_2,0.0080129312378582,0.0002483462369956335,0.003716942839732624,0.00254805575080936
1994-12-01,1995-01-01,lag_3,0.0031405492615519,-0.0007624074827799631,0.003716942839732624,0.00254805575080936
1994-12-01,1995-01-01,lag_4,0.0066818575129268,-0.00037107171544533915,0.003716942839732624,0.00254805575080936
1994-12-01,1995-01-01,lag_5,0.0013295056794984,-0.0009860220962946186,0.003716942839732624,0.00254805575080936
1994-12-01,1995-01-01,lag_6,0.0067284496871362,0.00014128581642921744,0.003716942839732624,0.00254805575080936
1994-12-01,1995-01-01,lag_7,0.0045904959585474,-0.00010739054462192144,0.003716942839732624,0.00254805575080936
1994-12-01,1995-01-01,lag_8,0.0058961380426527,-0.00032219532789270035,0.003716942839732624,0.00254805575080936
1994-12-01,1995-01-01,lag_9,0.0101498906066312,0.0018855943056161094,0.003716942839732624,0.00254805575080936
1994-12-01,1995-01-01,lag_10,0.0005827318302769,8.192704750513258e-05,0.003716942839732624,0.00254805575080936
1994-12-01,1995-01-01,lag_11,0.0028736794669281,-0.0004349278721474548,0.003716942839732624,0.00254805575080936
1994-12-01,1995-01-01,volatility_3m,0.001699327006846764,-0.00022074225389189905,0.003716942839732624,0.00254805575080936
1995-01-01,1995-02-01,lag_0,0.001700536197938,-0.00122489190388265,0.002107999343898177,0.0025629847160399
1995-01-01,1995-02-01,lag_1,0.0101664259222324,0.0008831240616439118,0.002107999343898177,0.0025629847160399
1995-01-01,1995-02-01,lag_2,0.0068126229566853,0.001419776712106966,0.002107999343898177,0.0025629847160399
1995-01-01,1995-02-01,lag_3,0.0080129312378582,0.0009005339163530835,0.002107999343898177,0.0025629847160399
1995-01-01,1995-02-01,lag_4,0.0031405492615519,-0.00036807142071580755,0.002107999343898177,0.0025629847160399
1995-01-01,1995-02-01,lag_5,0.0066818575129268,5.4457839192423306e-05,0.002107999343898177,0.0025629847160399
1995-01-01,1995-02-01,lag_6,0.0013295056794984,0.0003066047957017304,0.002107999343898177,0.0025629847160399
1995-01-01,1995-02-01,lag_7,0.0067284496871362,-3.744574601029171e-05,0.002107999343898177,0.0025629847160399
1995-01-01,1995-02-01,lag_8,0.0045904959585474,0.0004569212233283793,0.002107999343898177,0.0025629847160399
1995-01-01,1995-02-01,lag_9,0.0058961380426527,-8.271704625826714e-05,0.002107999343898177,0.0025629847160399
1995-01-01,1995-02-01,lag_10,0.0101498906066312,-0.0025045852838750447,0.002107999343898177,0.0025629847160399
1995-01-01,1995-02-01,lag_11,0.0005827318302769,9.750718332554698e-05,0.002107999343898177,0.0025629847160399
1995-01-01,1995-02-01,volatility_3m,0.004263267803469257,-0.0003561997374492876,0.002107999343898177,0.0025629847160399
1995-02-01,1995-03-01,lag_0,-0.0011286873050115,-0.0007583973634012863,0.001601926076649046,0.0024904536103114443
1995-02-01,1995-03-01,lag_1,0.001700536197938,-0.0005998440385860704,0.001601926076649046,0.0024904536103114443
1995-02-01,1995-03-01,lag_2,0.0101664259222324,-0.00030831266134214276,0.001601926076649046,0.0024904536103114443
1995-02-01,1995-03-01,lag_3,0.0068126229566853,-1.287408264829537e-05,0.001601926076649046,0.0024904536103114443
1995-02-01,1995-03-01,lag_4,0.0080129312378582,8.911791934224311e-05,0.001601926076649046,0.0024904536103114443
1995-02-01,1995-03-01,lag_5,0.0031405492615519,-0.0013391873870020276,0.001601926076649046,0.0024904536103114443
1995-02-01,1995-03-01,lag_6,0.0066818575129268,0.0006399767213548557,0.001601926076649046,0.0024904536103114443
1995-02-01,1995-03-01,lag_7,0.0013295056794984,0.0023001497709717,0.001601926076649046,0.0024904536103114443
1995-02-01,1995-03-01,lag_8,0.0067284496871362,-0.00032490220483737174,0.001601926076649046,0.0024904536103114443
1995-02-01,1995-03-01,lag_9,0.0045904959585474,0.0008279529324380519,0.001601926076649046,0.0024904536103114443
1995-02-01,1995-03-01,lag_10,0.0058961380426527,-0.0009545665639120671,0.001601926076649046,0.0024904536103114443
1995-02-01,1995-03-01,lag_11,0.0101498906066312,-0.0013699644091201436,0.001601926076649046,0.0024904536103114443
1995-02-01,1995-03-01,volatility_3m,0.005877292138247219,0.000922323738537898,0.001601926076649046,0.0024904536103114443
1995-03-01,1995-04-01,lag_0,0.0016603011582869,-0.000725732353569839,0.0058975138549826585,0.0024638341563570404
1995-03-01,1995-04-01,lag_1,-0.0011286873050115,-0.0006785790006108527,0.0058975138549826585,0.0024638341563570404
1995-03-01,1995-04-01,lag_2,0.001700536197938,-0.00015635090051148383,0.0058975138549826585,0.0024638341563570404
1995-03-01,1995-04-01,lag_3,0.0101664259222324,0.0014259761291452832,0.0058975138549826585,0.0024638341563570404
1995-03-01,1995-04-01,lag_4,0.0068126229566853,9.171916022069127e-05,0.0058975138549826585,0.0024638341563570404
1995-03-01,1995-04-01,lag_5,0.0080129312378582,8.975115266935063e-05,0.0058975138549826585,0.0024638341563570404
1995-03-01,1995-04-01,lag_6,0.0031405492615519,0.0005493361587770095,0.0058975138549826585,0.0024638341563570404
1995-03-01,1995-04-01,lag_7,0.0066818575129268,0.0005185869491475615,0.0058975138549826585,0.0024638341563570404
1995-03-01,1995-04-01,lag_8,0.0013295056794984,0.0014153765083618453,0.0058975138549826585,0.0024638341563570404
1995-03-01,1995-04-01,lag_9,0.0067284496871362,0.0002625830468244317,0.0058975138549826585,0.0024638341563570404
1995-03-01,1995-04-01,lag_10,0.0045904959585474,0.0006477920602782206,0.0058975138549826585,0.0024638341563570404
1995-03-01,1995-04-01,lag_11,0.0058961380426527,-0.0002804933260753728,0.0058975138549826585,0.0024638341563570404
1995-03-01,1995-04-01,volatility_3m,0.001621962861086793,0.00027371412651973516,0.0058975138549826585,0.0024638341563570404
1995-04-01,1995-05-01,lag_0,-0.0017277257902161,-0.00014156882743520782,0.00041104050965555636,0.0023503455835175123
1995-04-01,1995-05-01,lag_1,0.0016603011582869,-0.0006855113254118806,0.00041104050965555636,0.0023503455835175123
1995-04-01,1995-05-01,lag_2,-0.0011286873050115,-0.0003856077902641175,0.00041104050965555636,0.0023503455835175123
1995-04-01,1995-05-01,lag_3,0.001700536197938,5.2870818363146556e-05,0.00041104050965555636,0.0023503455835175123
1995-04-01,1995-05-01,lag_4,0.0101664259222324,0.00018507714029112777,0.00041104050965555636,0.0023503455835175123
1995-04-01,1995-05-01,lag_5,0.0068126229566853,-0.000243937101417373,0.00041104050965555636,0.0023503455835175123
1995-04-01,1995-05-01,lag_6,0.0080129312378582,0.0005061091536708773,0.00041104050965555636,0.0023503455835175123
1995-04-01,1995-05-01,lag_7,0.0031405492615519,-0.0008479826477434927,0.00041104050965555636,0.0023503455835175123
1995-04-01,1995-05-01,lag_8,0.0066818575129268,0.00021077094033273625,0.00041104050965555636,0.0023503455835175123
1995-04-01,1995-05-01,lag_9,0.0013295056794984,-0.000200386073088481,0.00041104050965555636,0.0023503455835175123
1995-04-01,1995-05-01,lag_10,0.0067284496871362,-0.0007833337478714952,0.00041104050965555636,0.0023503455835175123
1995-04-01,1995-05-01,lag_11,0.0045904959585474,-0.00044245777391779486,0.00041104050965555636,0.0023503455835175123
1995-04-01,1995-05-01,volatility_3m,0.0018081311880387414,0.0008366521013817873,0.00041104050965555636,0.0023503455835175123
1995-05-01,1995-06-01,lag_0,0.0048989069851188,0.0012256740922722998,0.004664991505161986,0.0024406311621930927
1995-05-01,1995-06-01,lag_1,-0.0017277257902161,-0.0015340129138240854,0.004664991505161986,0.0024406311621930927
1995-05-01,1995-06-01,lag_2,0.0016603011582869,-0.00036476620949315474,0.004664991505161986,0.0024406311621930927
1995-05-01,1995-06-01,lag_3,-0.0011286873050115,-1.1146618127213515e-05,0.004664991505161986,0.0024406311621930927
1995-05-01,1995-06-01,lag_4,0.001700536197938,0.000962860267879364,0.004664991505161986,0.0024406311621930927
1995-05-01,1995-06-01,lag_5,0.0101664259222324,0.0004853373410924178,0.004664991505161986,0.0024406311621930927
1995-05-01,1995-06-01,lag_6,0.0068126229566853,6.493939700362717e-06,0.004664991505161986,0.0024406311621930927
1995-05-01,1995-06-01,lag_7,0.0080129312378582,-2.7898099668846045e-05,0.004664991505161986,0.0024406311621930927
1995-05-01,1995-06-01,lag_8,0.0031405492615519,0.0008361959046601442,0.004664991505161986,0.0024406311621930927
1995-05-01,1995-06-01,lag_9,0.0066818575129268,0.00011141863688862941,0.004664991505161986,0.0024406311621930927
1995-05-01,1995-06-01,lag_10,0.0013295056794984,-0.00011282847721531652,0.004664991505161986,0.0024406311621930927
1995-05-01,1995-06-01,lag_11,0.0067284496871362,0.0004763505103198895,0.004664991505161986,0.0024406311621930927
1995-05-01,1995-06-01,volatility_3m,0.0033135971452112984,0.00017068191543444299,0.004664991505161986,0.0024406311621930927
1995-06-01,1995-07-01,lag_0,0.0033088514322034,-0.0003885947838820414,0.001415486884159252,0.002347589939796214
1995-06-01,1995-07-01,lag_1,0.0048989069851188,0.0004452293933294982,0.001415486884159252,0.002347589939796214
1995-06-01,1995-07-01,lag_2,-0.0017277257902161,-9.510433458331135e-05,0.001415486884159252,0.002347589939796214
1995-06-01,1995-07-01,lag_3,0.0016603011582869,0.00013147586371019314,0.001415486884159252,0.002347589939796214
1995-06-01,1995-07-01,lag_4,-0.0011286873050115,-0.0002016328044248894,0.001415486884159252,0.002347589939796214
1995-06-01,1995-07-01,lag_5,0.001700536197938,-0.0007900764314263142,0.001415486884159252,0.002347589939796214
1995-06-01,1995-07-01,lag_6,0.0101664259222324,0.0002670032282412649,0.001415486884159252,0.002347589939796214
1995-06-01,1995-07-01,lag_7,0.0068126229566853,-0.00034688369085969837,0.001415486884159252,0.002347589939796214
1995-06-01,1995-07-01,lag_8,0.0080129312378582,-0.0002987321198031623,0.001415486884159252,0.002347589939796214
1995-06-01,1995-07-01,lag_9,0.0031405492615519,0.0002559410116435856,0.001415486884159252,0.002347589939796214
1995-06-01,1995-07-01,lag_10,0.0066818575129268,-8.465923656672203e-05,0.001415486884159252,0.002347589939796214
1995-06-01,1995-07-01,lag_11,0.0013295056794984,0.00020803193824178834,0.001415486884159252,0.002347589939796214
1995-06-01,1995-07-01,volatility_3m,0.0034594712678359474,-3.410110170648295e-05,0.001415486884159252,0.002347589939796214
1995-07-01,1995-08-01,lag_0,-0.004189892740106,-0.0009143915232965583,0.005081892143569114,0.002288799423386294
1995-07-01,1995-08-01,lag_1,0.0033088514322034,0.0013220291407523633,0.005081892143569114,0.002288799423386294
1995-07-01,1995-08-01,lag_2,0.0048989069851188,0.0005267646677333459,0.005081892143569114,0.002288799423386294
1995-07-01,1995-08-01,lag_3,-0.0017277257902161,-0.00016345696240875894,0.005081892143569114,0.002288799423386294
1995-07-01,1995-08-01,lag_4,0.0016603011582869,0.0011685043243713977,0.005081892143569114,0.002288799423386294
1995-07-01,1995-08-01,lag_5,-0.0011286873050115,-5.742444837665062e-05,0.005081892143569114,0.002288799423386294
1995-07-01,1995-08-01,lag_6,0.001700536197938,0.00039287256462898766,0.005081892143569114,0.002288799423386294
1995-07-01,1995-08-01,lag_7,0.0101664259222324,0.00040361707925285373,0.005081892143569114,0.002288799423386294
1995-07-01,1995-08-01,lag_8,0.0068126229566853,0.00010376223029481935,0.005081892143569114,0.002288799423386294
1995-07-01,1995-08-01,lag_9,0.0080129312378582,0.0015134073443169881,0.005081892143569114,0.002288799423386294
1995-07-01,1995-08-01,lag_10,0.0031405492615519,-0.0004146852227324871,0.005081892143569114,0.002288799423386294
1995-07-01,1995-08-01,lag_11,0.0066818575129268,0.0005588360448774665,0.005081892143569114,0.002288799423386294
1995-07-01,1995-08-01,volatility_3m,0.00485396266412553,-0.0016467424987246205,0.005081892143569114,0.002288799423386294
1995-08-01,1995-09-01,lag_0,0.0131693229924509,0.004427396823982264,0.008894486414339632,0.0023541897023599133
1995-08-01,1995-09-01,lag_1,-0.004189892740106,9.067912478144536e-07,0.008894486414339632,0.0023541897023599133
1995-08-01,1995-09-01,lag_2,0.0033088514322034,1.284370171788396e-05,0.008894486414339632,0.0023541897023599133
1995-08-01,1995-09-01,lag_3,0.0048989069851188,-0.0003989202620084598,0.008894486414339632,0.0023541897023599133
1995-08-01,1995-09-01,lag_4,-0.0017277257902161,-0.0006613573864325417,0.008894486414339632,0.0023541897023599133
1995-08-01,1995-09-01,lag_5,0.0016603011582869,-0.0004937733691804169,0.008894486414339632,0.0023541897023599133
1995-08-01,1995-09-01,lag_6,-0.0011286873050115,0.0002101288241073007,0.008894486414339632,0.0023541897023599133
1995-08-01,1995-09-01,lag_7,0.001700536197938,0.0012515224196795315,0.008894486414339632,0.0023541897023599133
1995-08-01,1995-09-01,lag_8,0.0101664259222324,0.0008629244496972888,0.008894486414339632,0.0023541897023599133
1995-08-01,1995-09-01,lag_9,0.0068126229566853,0.0007174197472352261,0.008894486414339632,0.0023541897023599133
1995-08-01,1995-09-01,lag_10,0.0080129312378582,-0.0013675767234676073,0.008894486414339632,0.0023541897023599133
1995-08-01,1995-09-01,lag_11,0.0031405492615519,-0.0004412506548317197,0.008894486414339632,0.0023541897023599133
1995-08-01,1995-09-01,volatility_3m,0.008706342844938252,0.0024200322981943858,0.008894486414339632,0.0023541897023599133
1995-09-01,1995-10-01,lag_0,0.0040251761874792,0.0006753190328961978,0.005067281067106568,0.0023369890594486494
1995-09-01,1995-10-01,lag_1,0.0131693229924509,-0.0004471848105984577,0.005067281067106568,0.0023369890594486494
1995-09-01,1995-10-01,lag_2,-0.004189892740106,-0.0009145894204050365,0.005067281067106568,0.0023369890594486494
1995-09-01,1995-10-01,lag_3,0.0033088514322034,-0.0003812093306058273,0.005067281067106568,0.0023369890594486494
1995-09-01,1995-10-01,lag_4,0.0048989069851188,-0.0005245176229077941,0.005067281067106568,0.0023369890594486494
1995-09-01,1995-10-01,lag_5,-0.0017277257902161,-0.00064745897192239,0.005067281067106568,0.0023369890594486494
1995-09-01,1995-10-01,lag_6,0.0016603011582869,4.396023418365758e-05,0.005067281067106568,0.0023369890594486494
1995-09-01,1995-10-01,lag_7,-0.0011286873050115,-0.0008423274458169771,0.005067281067106568,0.0023369890594486494
1995-09-01,1995-10-01,lag_8,0.001700536197938,0.0007288698542727445,0.005067281067106568,0.0023369890594486494
1995-09-01,1995-10-01,lag_9,0.0101664259222324,0.001745426666751655,0.005067281067106568,0.0023369890594486494
1995-09-01,1995-10-01,lag_10,0.0068126229566853,-0.0004947576878069526,0.005067281067106568,0.0023369890594486494
1995-09-01,1995-10-01,lag_11,0.0080129312378582,0.0011896401198566763,0.005067281067106568,0.0023369890594486494
1995-09-01,1995-10-01,volatility_3m,0.008683750621374203,0.002599121409277245,0.005067281067106568,0.0023369890594486494
1995-10-01,1995-11-01,lag_0,-0.0017591074109057,-0.0009859907983195625,0.0033435035758707966,0.0022733415683879395
1995-10-01,1995-11-01,lag_1,0.0040251761874792,0.0018555907511336046,0.0033435035758707966,0.0022733415683879395
1995-10-01,1995-11-01,lag_2,0.0131693229924509,0.001675157479737095,0.0033435035758707966,0.0022733415683879395
1995-10-01,1995-11-01,lag_3,-0.004189892740106,2.815189700520193e-05,0.0033435035758707966,0.0022733415683879395
1995-10-01,1995-11-01,lag_4,0.0033088514322034,-0.0005294453001241095,0.0033435035758707966,0.0022733415683879395
1995-10-01,1995-11-01,lag_5,0.0048989069851188,-0.000681057539069343,0.0033435035758707966,0.0022733415683879395
1995-10-01,1995-11-01,lag_6,-0.0017277257902161,-0.0013774466510463412,0.0033435035758707966,0.0022733415683879395
1995-10-01,1995-11-01,lag_7,0.0016603011582869,0.0014372258227800217,0.0033435035758707966,0.0022733415683879395
1995-10-01,1995-11-01,lag_8,-0.0011286873050115,-0.00114382711810066,0.0033435035758707966,0.0022733415683879395
1995-10-01,1995-11-01,lag_9,0.001700536197938,-8.143443133690198e-05,0.0033435035758707966,0.0022733415683879395
1995-10-01,1995-11-01,lag_10,0.0101664259222324,-0.002180352038971023,0.0033435035758707966,0.0022733415683879395
1995-10-01,1995-11-01,lag_11,0.0068126229566853,5.7083085740714525e-05,0.0033435035758707966,0.0022733415683879395
1995-10-01,1995-11-01,volatility_3m,0.007526966983733448,0.0029965069251397837,0.0033435035758707966,0.0022733415683879395
1995-11-01,1995-12-01,lag_0,0.0026320058946325,-0.0010062427093744475,0.0007196876620293662,0.002228785667965195
1995-11-01,1995-12-01,lag_1,-0.0017591074109057,-0.0012044609761375114,0.0007196876620293662,0.002228785667965195
1995-11-01,1995-12-01,lag_2,0.0040251761874792,0.0007256317672423052,0.0007196876620293662,0.002228785667965195
1995-11-01,1995-12-01,lag_3,0.0131693229924509,0.0005654271762445262,0.0007196876620293662,0.002228785667965195
1995-11-01,1995-12-01,lag_4,-0.004189892740106,-0.00029620049959646624,0.0007196876620293662,0.002228785667965195
1995-11-01,1995-12-01,lag_5,0.0033088514322034,-0.0006700711927329905,0.0007196876620293662,0.002228785667965195
1995-11-01,1995-12-01,lag_6,0.0048989069851188,1.9517435801219564e-05,0.0007196876620293662,0.002228785667965195
1995-11-01,1995-12-01,lag_7,-0.0017277257902161,-0.0015427753656203436,0.0007196876620293662,0.002228785667965195
1995-11-01,1995-12-01,lag_8,0.0016603011582869,0.0016301069585028926,0.0007196876620293662,0.002228785667965195
1995-11-01,1995-12-01,lag_9,-0.0011286873050115,0.0002649183335722682,0.0007196876620293662,0.002228785667965195
1995-11-01,1995-12-01,lag_10,0.001700536197938,0.0007331574580388178,0.0007196876620293662,0.002228785667965195
1995-11-01,1995-12-01,lag_11,0.0101664259222324,-0.0008781251354139385,0.0007196876620293662,0.002228785667965195
1995-11-01,1995-12-01,volatility_3m,0.0030188501197611025,0.00015001859623595237,0.0007196876620293662,0.002228785667965195
1995-12-01,1996-01-01,lag_0,0.0034648244230837,-0.0007747312422965536,0.001778850231163173,0.002178487056385422
1995-12-01,1996-01-01,lag_1,0.0026320058946325,0.000777304043937761,0.001778850231163173,0.002178487056385422
1995-12-01,1996-01-01,lag_2,-0.0017591074109057,-0.0012865324444481985,0.001778850231163173,0.002178487056385422
1995-12-01,1996-01-01,lag_3,0.0040251761874792,-0.0016592639098450945,0.001778850231163173,0.002178487056385422
1995-12-01,1996-01-01,lag_4,0.0131693229924509,-0.00044397273787865287,0.001778850231163173,0.002178487056385422
1995-12-01,1996-01-01,lag_5,-0.004189892740106,0.0016866137852751706,0.001778850231163173,0.002178487056385422
1995-12-01,1996-01-01,lag_6,0.0033088514322034,6.069781524558948e-05,0.001778850231163173,0.002178487056385422
1995-12-01,1996-01-01,lag_7,0.0048989069851188,0.0003288033330244744,0.001778850231163173,0.002178487056385422
1995-12-01,1996-01-01,lag_8,-0.0017277257902161,-0.00011200289690521003,0.001778850231163173,0.002178487056385422
1995-12-01,1996-01-01,lag_9,0.0016603011582869,-6.835914496889473e-05,0.001778850231163173,0.002178487056385422
1995-12-01,1996-01-01,lag_10,-0.0011286873050115,0.0008946420313174031,0.001778850231163173,0.002178487056385422
1995-12-01,1996-01-01,lag_11,0.001700536197938,-6.839698436351682e-05,0.001778850231163173,0.002178487056385422
1995-12-01,1996-01-01,volatility_3m,0.002806686259915006,0.00026556156614617523,0.001778850231163173,0.002178487056385422
1996-01-01,1996-02-01,lag_0,-0.0057400787913675,0.000681490596439005,0.0034093285534643218,0.00208167977092522
1996-01-01,1996-02-01,lag_1,0.0034648244230837,0.0018117447175598044,0.0034093285534643218,0.00208167977092522
1996-01-01,1996-02-01,lag_2,0.0026320058946325,0.00017603211250388995,0.0034093285534643218,0.00208167977092522
1996-01-01,1996-02-01,lag_3,-0.0017591074109057,0.00010547574751797129,0.0034093285534643218,0.00208167977092522
1996-01-01,1996-02-01,lag_4,0.0040251761874792,7.135463923475527e-05,0.0034093285534643218,0.00208167977092522
1996-01-01,1996-02-01,lag_5,0.0131693229924509,0.0008013457675235714,0.0034093285534643218,0.00208167977092522
1996-01-01,1996-02-01,lag_6,-0.004189892740106,-0.0010738074681017906,0.0034093285534643218,0.00208167977092522
1996-01-01,1996-02-01,lag_7,0.0033088514322034,-4.5523150327255734e-05,0.0034093285534643218,0.00208167977092522
1996-01-01,1996-02-01,lag_8,0.0048989069851188,0.0006949002238303592,0.0034093285534643218,0.00208167977092522
1996-01-01,1996-02-01,lag_9,-0.0017277257902161,-0.0013059375157024533,0.0034093285534643218,0.00208167977092522
1996-01-01,1996-02-01,lag_10,0.0016603011582869,0.0004997066638421188,0.0034093285534643218,0.00208167977092522
1996-01-01,1996-02-01,lag_11,-0.0011286873050115,0.0007783622718906713,0.0034093285534643218,0.00208167977092522
1996-01-01,1996-02-01,volatility_3m,0.00509109732569678,-0.0018674956545112309,0.0034093285534643218,0.00208167977092522
1996-02-01,1996-03-01,lag_0,0.0145291599264654,0.005509919717896423,0.01041442203784937,0.002094700903197044
1996-02-01,1996-03-01,lag_1,-0.0057400787913675,-5.9609911671714146e-05,0.01041442203784937,0.002094700903197044
1996-02-01,1996-03-01,lag_2,0.0034648244230837,0.0005790601061431744,0.01041442203784937,0.002094700903197044
1996-02-01,1996-03-01,lag_3,0.0026320058946325,6.13819404111382e-05,0.01041442203784937,0.002094700903197044
1996-02-01,1996-03-01,lag_4,-0.0017591074109057,-0.0007752553080257484,0.01041442203784937,0.002094700903197044
1996-02-01,1996-03-01,lag_5,0.0040251761874792,0.00014327081786916552,0.01041442203784937,0.002094700903197044
1996-02-01,1996-03-01,lag_6,0.0131693229924509,0.0001756258462887672,0.01041442203784937,0.002094700903197044
1996-02-01,1996-03-01,lag_7,-0.004189892740106,-0.00030932050540371847,0.01041442203784937,0.002094700903197044
1996-02-01,1996-03-01,lag_8,0.0033088514322034,0.0007702193600891861,0.01041442203784937,0.002094700903197044
1996-02-01,1996-03-01,lag_9,0.0048989069851188,0.0011230889779557174,0.01041442203784937,0.002094700903197044
1996-02-01,1996-03-01,lag_10,-0.0017277257902161,0.0007907859814667973,0.01041442203784937,0.002094700903197044
1996-02-01,1996-03-01,lag_11,0.0016603011582869,-0.00020421561373780152,0.01041442203784937,0.002094700903197044
1996-02-01,1996-03-01,volatility_3m,0.010148824246510061,0.0005147697183039668,0.01041442203784937,0.002094700903197044
1996-03-01,1996-04-01,lag_0,-0.0012250426290405,-0.0010011164925572303,-0.0016901981945459813,0.002065346425026251
1996-03-01,1996-04-01,lag_1,0.0145291599264654,0.0004436985220968381,-0.0016901981945459813,0.002065346425026251
1996-03-01,1996-04-01,lag_2,-0.0057400787913675,-0.0014116733499221824,-0.0016901981945459813,0.002065346425026251
1996-03-01,1996-04-01,lag_3,0.0034648244230837,-0.0015899264750706265,-0.0016901981945459813,0.002065346425026251
1996-03-01,1996-04-01,lag_4,0.0026320058946325,0.0014473136590459036,-0.0016901981945459813,0.002065346425026251
1996-03-01,1996-04-01,lag_5,-0.0017591074109057,-0.0006847982738037217,-0.0016901981945459813,0.002065346425026251
1996-03-01,1996-04-01,lag_6,0.0040251761874792,0.0002439791395352131,-0.0016901981945459813,0.002065346425026251
1996-03-01,1996-04-01,lag_7,0.0131693229924509,8.564625726648955e-05,-0.0016901981945459813,0.002065346425026251
1996-03-01,1996-04-01,lag_8,-0.004189892740106,-0.0021227150725019327,-0.0016901981945459813,0.002065346425026251
1996-03-01,1996-04-01,lag_9,0.0033088514322034,0.00037133489395841935,-0.0016901981945459813,0.002065346425026251
1996-03-01,1996-04-01,lag_10,0.0048989069851188,0.0011400584071165553,-0.0016901981945459813,0.002065346425026251
1996-03-01,1996-04-01,lag_11,-0.0017277257902161,-0.0002777427968214852,-0.0016901981945459813,0.002065346425026251
1996-03-01,1996-04-01,volatility_3m,0.010641291336953468,-0.00039960307534727237,-0.0016901981945459813,0.002065346425026251
1996-04-01,1996-05-01,lag_0,0.0099012182605209,0.00014794301329246196,-0.0001409291923077596,0.0020941044560548383
1996-04-01,1996-05-01,lag_1,-0.0012250426290405,-0.0010019837518939311,-0.0001409291923077596,0.0020941044560548383
1996-04-01,1996-05-01,lag_2,0.0145291599264654,0.0011567233889491035,-0.0001409291923077596,0.0020941044560548383
1996-04-01,1996-05-01,lag_3,-0.0057400787913675,0.000707362791767423,-0.0001409291923077596,0.0020941044560548383
1996-04-01,1996-05-01,lag_4,0.0034648244230837,-0.0010327810448444552,-0.0001409291923077596,0.0020941044560548383
1996-04-01,1996-05-01,lag_5,0.0026320058946325,-0.0011372150895476807,-0.0001409291923077596,0.0020941044560548383
1996-04-01,1996-05-01,lag_6,-0.0017591074109057,-0.0008533209203125125,-0.0001409291923077596,0.0020941044560548383
1996-04-01,1996-05-01,lag_7,0.0040251761874792,-0.0008821529227472524,-0.0001409291923077596,0.0020941044560548383
1996-04-01,1996-05-01,lag_8,0.0131693229924509,0.0003433566195275262,-0.0001409291923077596,0.0020941044560548383
1996-04-01,1996-05-01,lag_9,-0.004189892740106,-0.0016360325174761669,-0.0001409291923077596,0.0020941044560548383
1996-04-01,1996-05-01,lag_10,0.0033088514322034,5.568524741448755e-05,-0.0001409291923077596,0.0020941044560548383
1996-04-01,1996-05-01,lag_11,0.0048989069851188,-0.0007008813877081365,-0.0001409291923077596,0.0020941044560548383
1996-04-01,1996-05-01,volatility_3m,0.008097390769108665,0.002598262926204029,-0.0001409291923077596,0.0020941044560548383
1996-05-01,1996-06-01,lag_0,0.0074455836229239,0.0020718870738960504,0.005978794329986691,0.0021679144559958743
1996-05-01,1996-06-01,lag_1,0.0099012182605209,0.00035239903155115826,0.005978794329986691,0.0021679144559958743
1996-05-01,1996-06-01,lag_2,-0.0012250426290405,-0.0008662416381307026,0.005978794329986691,0.0021679144559958743
1996-05-01,1996-06-01,lag_3,0.0145291599264654,0.0013324195000942042,0.005978794329986691,0.0021679144559958743
1996-05-01,1996-06-01,lag_4,-0.0057400787913675,0.00043866640049316174,0.005978794329986691,0.0021679144559958743
1996-05-01,1996-06-01,lag_5,0.0034648244230837,-0.0005806737054746236,0.005978794329986691,0.0021679144559958743
1996-05-01,1996-06-01,lag_6,0.0026320058946325,-5.73766442954593e-06,0.005978794329986691,0.0021679144559958743
1996-05-01,1996-06-01,lag_7,-0.0017591074109057,0.0002073861013673195,0.005978794329986691,0.0021679144559958743
1996-05-01,1996-06-01,lag_8,0.0040251761874792,0.0003360410925921542,0.005978794329986691,0.0021679144559958743
1996-05-01,1996-06-01,lag_9,0.0131693229924509,0.0001545637761412877,0.005978794329986691,0.0021679144559958743
1996-05-01,1996-06-01,lag_10,-0.004189892740106,-0.0003666024590640404,0.005978794329986691,0.0021679144559958743
1996-05-01,1996-06-01,lag_11,0.0033088514322034,-0.0007436099561505216,0.005978794329986691,0.0021679144559958743
1996-05-01,1996-06-01,volatility_3m,0.0058452770458608146,0.0014803823556513863,0.005978794329986691,0.0021679144559958743
1996-06-01,1996-07-01,lag_0,0.0075933782411841,0.0012961546490623732,0.001113957172633633,0.0022279196670779333
1996-06-01,1996-07-01,lag_1,0.0074455836229239,0.0003719711078520049,0.001113957172633633,0.0022279196670779333
1996-06-01,1996-07-01,lag_2,0.0099012182605209,-0.0001809425871579151,0.001113957172633633,0.0022279196670779333
1996-06-01,1996-07-01,lag_3,-0.0012250426290405,-2.1917432077316336e-05,0.001113957172633633,0.0022279196670779333
1996-06-01,1996-07-01,lag_4,0.0145291599264654,-0.00032239798616501503,0.001113957172633633,0.0022279196670779333
1996-06-01,1996-07-01,lag_5,-0.0057400787913675,0.00029011513751356685,0.001113957172633633,0.0022279196670779333
1996-06-01,1996-07-01,lag_6,0.0034648244230837,0.00011796971259173006,0.001113957172633633,0.0022279196670779333
1996-06-01,1996-07-01,lag_7,0.0026320058946325,0.00023691408703598426,0.001113957172633633,0.0022279196670779333
1996-06-01,1996-07-01,lag_8,-0.0017591074109057,-0.0006829403519077459,0.001113957172633633,0.0022279196670779333
1996-06-01,1996-07-01,lag_9,0.0040251761874792,-0.000116713274628637,0.001113957172633633,0.0022279196670779333
1996-06-01,1996-07-01,lag_10,0.0131693229924509,-0.0009500550591656065,0.001113957172633633,0.0022279196670779333
1996-06-01,1996-07-01,lag_11,-0.004189892740106,8.293467584735481e-05,0.001113957172633633,0.0022279196670779333
1996-06-01,1996-07-01,volatility_3m,0.0013770808665074408,-0.001235055131246554,0.001113957172633633,0.0022279196670779333
1996-07-01,1996-08-01,lag_0,0.0001537460357097,-0.0009589968132786453,0.0009926319206655025,0.0020997173933979306
1996-07-01,1996-08-01,lag_1,0.0075933782411841,0.0005070026348948886,0.0009926319206655025,0.0020997173933979306
1996-07-01,1996-08-01,lag_2,0.0074455836229239,0.0007007294226423255,0.0009926319206655025,0.0020997173933979306
1996-07-01,1996-08-01,lag_3,0.0099012182605209,0.00026886391982770873,0.0009926319206655025,0.0020997173933979306
1996-07-01,1996-08-01,lag_4,-0.0012250426290405,-0.0011654924834510895,0.0009926319206655025,0.0020997173933979306
1996-07-01,1996-08-01,lag_5,0.0145291599264654,0.0009450336680311011,0.0009926319206655025,0.0020997173933979306
1996-07-01,1996-08-01,lag_6,-0.0057400787913675,-0.0009838798353121092,0.0009926319206655025,0.0020997173933979306
1996-07-01,1996-08-01,lag_7,0.0034648244230837,0.0002287816319585545,0.0009926319206655025,0.0020997173933979306
1996-07-01,1996-08-01,lag_8,0.0026320058946325,0.00047800536685826955,0.0009926319206655025,0.0020997173933979306
1996-07-01,1996-08-01,lag_9,-0.0017591074109057,2.458058748743497e-05,0.0009926319206655025,0.0020997173933979306
1996-07-01,1996-08-01,lag_10,0.0040251761874792,5.902955820602074e-05,0.0009926319206655025,0.0020997173933979306
1996-07-01,1996-08-01,lag_11,0.0131693229924509,-0.0009625790477184637,0.0009926319206655025,0.0020997173933979306
1996-07-01,1996-08-01,volatility_3m,0.004253251031078626,-0.0002481642584507426,0.0009926319206655025,0.0020997173933979306
1996-08-01,1996-09-01,lag_0,0.0051052352845752,0.0008790631522060721,0.0019572251795702024,0.002065548846798413
1996-08-01,1996-09-01,lag_1,0.0001537460357097,-0.0010402946647991484,0.0019572251795702024,0.002065548846798413
1996-08-01,1996-09-01,lag_2,0.0075933782411841,0.0007512181403217255,0.0019572251795702024,0.002065548846798413
1996-08-01,1996-09-01,lag_3,0.0074455836229239,0.00033779745037463725,0.0019572251795702024,0.002065548846798413
1996-08-01,1996-09-01,lag_4,0.0099012182605209,-0.0003951201293239137,0.0019572251795702024,0.002065548846798413
1996-08-01,1996-09-01,lag_5,-0.0012250426290405,-3.879051473631989e-05,0.0019572251795702024,0.002065548846798413
1996-08-01,1996-09-01,lag_6,0.0145291599264654,9.342015574475227e-05,0.0019572251795702024,0.002065548846798413
1996-08-01,1996-09-01,lag_7,-0.0057400787913675,-0.0014956733464850914,0.0019572251795702024,0.002065548846798413
1996-08-01,1996-09-01,lag_8,0.0034648244230837,0.00047027322456415276,0.0019572251795702024,0.002065548846798413
1996-08-01,1996-09-01,lag_9,0.0026320058946325,0.00021446257245543164,0.0019572251795702024,0.002065548846798413
1996-08-01,1996-09-01,lag_10,-0.0017591074109057,0.0005054025434947107,0.0019572251795702024,0.002065548846798413
1996-08-01,1996-09-01,lag_11,0.0040251761874792,-0.0003874160163468332,0.0019572251795702024,0.002065548846798413
1996-08-01,1996-09-01,volatility_3m,0.0037871763559606648,-2.666139589564409e-06,0.0019572251795702024,0.002065548846798413
1996-09-01,1996-10-01,lag_0,0.0062396321182145,0.0014928488611622014,0.004402701078032034,0.002071113562526438
1996-09-01,1996-10-01,lag_1,0.0051052352845752,0.0009019551887104172,0.004402701078032034,0.002071113562526438
1996-09-01,1996-10-01,lag_2,0.0001537460357097,-0.0009028432863124181,0.004402701078032034,0.002071113562526438
1996-09-01,1996-10-01,lag_3,0.0075933782411841,0.0006967379471643653,0.004402701078032034,0.002071113562526438
1996-09-01,1996-10-01,lag_4,0.0074455836229239,-0.000297292118139012,0.004402701078032034,0.002071113562526438
1996-09-01,1996-10-01,lag_5,0.0099012182605209,0.0006805351585899189,0.004402701078032034,0.002071113562526438
1996-09-01,1996-10-01,lag_6,-0.0012250426290405,-2.2112477536211374e-05,0.004402701078032034,0.002071113562526438
1996-09-01,1996-10-01,lag_7,0.0145291599264654,0.0003218587438641407,0.004402701078032034,0.002071113562526438
1996-09-01,1996-10-01,lag_8,-0.0057400787913675,-0.0010955554813881464,0.004402701078032034,0.002071113562526438
1996-09-01,1996-10-01,lag_9,0.0034648244230837,0.0003308787439164007,0.004402701078032034,0.002071113562526438
1996-09-01,1996-10-01,lag_10,0.0026320058946325,0.00014387903596798423,0.004402701078032034,0.002071113562526438
1996-09-01,1996-10-01,lag_11,-0.0017591074109057,0.00011579863279621349,0.004402701078032034,0.002071113562526438
1996-09-01,1996-10-01,volatility_3m,0.0032363073444649617,-3.510154896503082e-05,0.004402701078032034,0.002071113562526438
1996-10-01,1996-11-01,lag_0,0.000296094050018,-0.0007620915377083293,0.0008581647376627175,0.002069660289736368
1996-10-01,1996-11-01,lag_1,0.0062396321182145,0.0008275735886172697,0.0008581647376627175,0.002069660289736368
1996-10-01,1996-11-01,lag_2,0.0051052352845752,0.00044544944157678403,0.0008581647376627175,0.002069660289736368
1996-10-01,1996-11-01,lag_3,0.0001537460357097,-0.0005062975208056741,0.0008581647376627175,0.002069660289736368
1996-10-01,1996-11-01,lag_4,0.0075933782411841,2.013809925301757e-05,0.0008581647376627175,0.002069660289736368
1996-10-01,1996-11-01,lag_5,0.0074455836229239,8.484334389322613e-05,0.0008581647376627175,0.002069660289736368
1996-10-01,1996-11-01,lag_6,0.0099012182605209,0.0002622800883364107,0.0008581647376627175,0.002069660289736368
1996-10-01,1996-11-01,lag_7,-0.0012250426290405,-0.0011761790139280493,0.0008581647376627175,0.002069660289736368
1996-10-01,1996-11-01,lag_8,0.0145291599264654,0.0007508920812142605,0.0008581647376627175,0.002069660289736368
1996-10-01,1996-11-01,lag_9,-0.0057400787913675,-0.0006506687899036479,0.0008581647376627175,0.002069660289736368
1996-10-01,1996-11-01,lag_10,0.0034648244230837,-8.890685805454268e-05,0.0008581647376627175,0.002069660289736368
1996-10-01,1996-11-01,lag_11,0.0026320058946325,-7.177063562266995e-05,0.0008581647376627175,0.002069660289736368
1996-10-01,1996-11-01,volatility_3m,0.0031554276085867822,-0.0003467577504761721,0.0008581647376627175,0.002069660289736368
1996-11-01,1996-12-01,lag_0,0.0091447851720687,0.0023090769212285524,-0.0004547715817644127,0.0020853685615945354
1996-11-01,1996-12-01,lag_1,0.000296094050018,-0.0013827817484889239,-0.0004547715817644127,0.0020853685615945354
1996-11-01,1996-12-01,lag_2,0.0062396321182145,0.0007264408224000363,-0.0004547715817644127,0.0020853685615945354
1996-11-01,1996-12-01,lag_3,0.0051052352845752,-0.0001516793561859231,-0.0004547715817644127,0.0020853685615945354
1996-11-01,1996-12-01,lag_4,0.0001537460357097,-0.0011610289411328268,-0.0004547715817644127,0.0020853685615945354
1996-11-01,1996-12-01,lag_5,0.0075933782411841,-0.0003103810923130368,-0.0004547715817644127,0.0020853685615945354
1996-11-01,1996-12-01,lag_6,0.0074455836229239,1.1813597157015465e-05,-0.0004547715817644127,0.0020853685615945354
1996-11-01,1996-12-01,lag_7,0.0099012182605209,0.0002745962346398301,-0.0004547715817644127,0.0020853685615945354
1996-11-01,1996-12-01,lag_8,-0.0012250426290405,-0.0016078572814876679,-0.0004547715817644127,0.0020853685615945354
1996-11-01,1996-12-01,lag_9,0.0145291599264654,3.528790203745302e-05,-0.0004547715817644127,0.0020853685615945354
1996-11-01,1996-12-01,lag_10,-0.0057400787913675,-0.0009546840902658005,-0.0004547715817644127,0.0020853685615945354
1996-11-01,1996-12-01,lag_11,0.0034648244230837,-5.1042083196080054e-05,-0.0004547715817644127,0.0020853685615945354
1996-11-01,1996-12-01,volatility_3m,0.004510448861770453,-0.00027790100788479324,-0.0004547715817644127,0.0020853685615945354
1996-12-01,1997-01-01,lag_0,0.0063866480924561,0.0007616733110080531,0.005036349823603877,0.002226001757337822
1996-12-01,1997-01-01,lag_1,0.0091447851720687,0.0006154803520985296,0.005036349823603877,0.002226001757337822
1996-12-01,1997-01-01,lag_2,0.000296094050018,-0.0003995371995688401,0.005036349823603877,0.002226001757337822
1996-12-01,1997-01-01,lag_3,0.0062396321182145,0.0006544710917023622,0.005036349823603877,0.002226001757337822
1996-12-01,1997-01-01,lag_4,0.0051052352845752,-0.0003988407393808302,0.005036349823603877,0.002226001757337822
1996-12-01,1997-01-01,lag_5,0.0001537460357097,0.0002638114418914483,0.005036349823603877,0.002226001757337822
1996-12-01,1997-01-01,lag_6,0.0075933782411841,0.00031432883230081643,0.005036349823603877,0.002226001757337822
1996-12-01,1997-01-01,lag_7,0.0074455836229239,0.00024442142078441977,0.005036349823603877,0.002226001757337822
1996-12-01,1997-01-01,lag_8,0.0099012182605209,0.0007054134857207828,0.005036349823603877,0.002226001757337822
1996-12-01,1997-01-01,lag_9,-0.0012250426290405,-8.650589952594601e-05,0.005036349823603877,0.002226001757337822
1996-12-01,1997-01-01,lag_10,0.0145291599264654,-0.000138023522849835,0.005036349823603877,0.002226001757337822
1996-12-01,1997-01-01,lag_11,-0.0057400787913675,0.00035497727163601666,0.005036349823603877,0.002226001757337822
1996-12-01,1997-01-01,volatility_3m,0.004527720237000292,-8.132168585689214e-05,0.005036349823603877,0.002226001757337822
1997-01-01,1997-02-01,lag_0,0.0015838703738682,-0.0012139614034913392,0.0018494776852461844,0.0021953342191219356
1997-01-01,1997-02-01,lag_1,0.0063866480924561,0.0004746771193094901,0.0018494776852461844,0.0021953342191219356
1997-01-01,1997-02-01,lag_2,0.0091447851720687,2.585684083896922e-05,0.0018494776852461844,0.0021953342191219356
1997-01-01,1997-02-01,lag_3,0.000296094050018,-9.433236833501724e-05,0.0018494776852461844,0.0021953342191219356
1997-01-01,1997-02-01,lag_4,0.0062396321182145,-7.26940696586098e-05,0.0018494776852461844,0.0021953342191219356
1997-01-01,1997-02-01,lag_5,0.0051052352845752,-0.00043048915557847067,0.0018494776852461844,0.0021953342191219356
1997-01-01,1997-02-01,lag_6,0.0001537460357097,-0.0001695253089928883,0.0018494776852461844,0.0021953342191219356
1997-01-01,1997-02-01,lag_7,0.0075933782411841,0.00027249282524280713,0.0018494776852461844,0.0021953342191219356
1997-01-01,1997-02-01,lag_8,0.0074455836229239,0.0003491110889081028,0.0018494776852461844,0.0021953342191219356
1997-01-01,1997-02-01,lag_9,0.0099012182605209,0.000982486444117967,0.0018494776852461844,0.0021953342191219356
1997-01-01,1997-02-01,lag_10,-0.0012250426290405,2.8527869853860467e-05,0.0018494776852461844,0.0021953342191219356
1997-01-01,1997-02-01,lag_11,0.0145291599264654,-0.0005104429712810088,0.0018494776852461844,0.0021953342191219356
1997-01-01,1997-02-01,volatility_3m,0.003826256363378039,1.2436565366442665e-05,0.0018494776852461844,0.0021953342191219356
1997-02-01,1997-03-01,lag_0,0.0118678167995964,0.003987398282297363,0.007036015200854144,0.0022286448472158336
1997-02-01,1997-03-01,lag_1,0.0015838703738682,-0.00027983154159301195,0.007036015200854144,0.0022286448472158336
1997-02-01,1997-03-01,lag_2,0.0063866480924561,0.0002901202882912912,0.007036015200854144,0.0022286448472158336
1997-02-01,1997-03-01,lag_3,0.0091447851720687,0.0014597342966590078,0.007036015200854144,0.0022286448472158336
1997-02-01,1997-03-01,lag_4,0.000296094050018,-0.0009319401529319293,0.007036015200854144,0.0022286448472158336
1997-02-01,1997-03-01,lag_5,0.0062396321182145,-0.00013036090627792873,0.007036015200854144,0.0022286448472158336
1997-02-01,1997-03-01,lag_6,0.0051052352845752,0.00023271184709301452,0.007036015200854144,0.0022286448472158336
1997-02-01,1997-03-01,lag_7,0.0001537460357097,0.00038392407574065144,0.007036015200854144,0.0022286448472158336
1997-02-01,1997-03-01,lag_8,0.0075933782411841,0.00044683466157948717,0.007036015200854144,0.0022286448472158336
1997-02-01,1997-03-01,lag_9,0.0074455836229239,0.0007605816191880876,0.007036015200854144,0.0022286448472158336
1997-02-01,1997-03-01,lag_10,0.0099012182605209,-0.0010773587108269566,0.007036015200854144,0.0022286448472158336
1997-02-01,1997-03-01,lag_11,-0.0012250426290405,-0.00029472631093995004,0.007036015200854144,0.0022286448472158336
1997-02-01,1997-03-01,volatility_3m,0.005145701090838615,-3.971713595092296e-05,0.007036015200854144,0.0022286448472158336
1997-03-01,1997-04-01,lag_0,0.0063260801601101,0.00096677741730673,0.006904350188179632,0.0023009929674451105
1997-03-01,1997-04-01,lag_1,0.0118678167995964,0.00032271342859530706,0.006904350188179632,0.0023009929674451105
1997-03-01,1997-04-01,lag_2,0.0015838703738682,-0.00018127993076632264,0.006904350188179632,0.0023009929674451105
1997-03-01,1997-04-01,lag_3,0.0063866480924561,0.00046518119968823156,0.006904350188179632,0.0023009929674451105
1997-03-01,1997-04-01,lag_4,0.0091447851720687,-0.00019873966956311052,0.006904350188179632,0.0023009929674451105
1997-03-01,1997-04-01,lag_5,0.000296094050018,-9.731628681038274e-05,0.006904350188179632,0.0023009929674451105
1997-03-01,1997-04-01,lag_6,0.0062396321182145,0.00014440286762692266,0.006904350188179632,0.0023009929674451105
1997-03-01,1997-04-01,lag_7,0.0051052352845752,0.0008526315845301724,0.006904350188179632,0.0023009929674451105
1997-03-01,1997-04-01,lag_8,0.0001537460357097,0.0005880615501155262,0.006904350188179632,0.0023009929674451105
1997-03-01,1997-04-01,lag_9,0.0075933782411841,0.0013961607626447404,0.006904350188179632,0.0023009929674451105
1997-03-01,1997-04-01,lag_10,0.0074455836229239,8.072609700320754e-05,0.006904350188179632,0.0023009929674451105
1997-03-01,1997-04-01,lag_11,0.0099012182605209,0.00035485301767039344,0.006904350188179632,0.0023009929674451105
1997-03-01,1997-04-01,volatility_3m,0.005147150550311002,-9.081483729005413e-05,0.006904350188179632,0.0023009929674451105
1997-04-01,1997-05-01,lag_0,0.0011715145153683,-0.0005689700351376814,0.002792909041893326,0.002309627316977856
1997-04-01,1997-05-01,lag_1,0.0063260801601101,0.0005195393533267634,0.002792909041893326,0.002309627316977856
1997-04-01,1997-05-01,lag_2,0.0118678167995964,0.0007768015730107436,0.002792909041893326,0.002309627316977856
1997-04-01,1997-05-01,lag_3,0.0015838703738682,-2.5491052947472782e-05,0.002792909041893326,0.002309627316977856
1997-04-01,1997-05-01,lag_4,0.0063866480924561,-5.0343654129392236e-05,0.002792909041893326,0.002309627316977856
1997-04-01,1997-05-01,lag_5,0.0091447851720687,1.3933352274762e-05,0.002792909041893326,0.002309627316977856
1997-04-01,1997-05-01,lag_6,0.000296094050018,0.00023701166235696292,0.002792909041893326,0.002309627316977856
1997-04-01,1997-05-01,lag_7,0.0062396321182145,0.0005943072990703512,0.002792909041893326,0.002309627316977856
1997-04-01,1997-05-01,lag_8,0.0051052352845752,0.0003688107861307799,0.002792909041893326,0.002309627316977856
1997-04-01,1997-05-01,lag_9,0.0001537460357097,-0.0004431020638912742,0.002792909041893326,0.002309627316977856
1997-04-01,1997-05-01,lag_10,0.0075933782411841,-0.0005207385254107067,0.002792909041893326,0.002309627316977856
1997-04-01,1997-05-01,lag_11,0.0074455836229239,0.00018735383746388835,0.002792909041893326,0.002309627316977856
1997-04-01,1997-05-01,volatility_3m,0.005349318874444992,-0.0006058308535284595,0.002792909041893326,0.002309627316977856
1997-05-01,1997-06-01,lag_0,0.0055243609775672,0.0009804014690234907,0.0071146814729613995,0.0023367247823978545
1997-05-01,1997-06-01,lag_1,0.0011715145153683,-0.000412367559147242,0.0071146814729613995,0.0023367247823978545
1997-05-01,1997-06-01,lag_2,0.0063260801601101,0.0009339596422069008,0.0071146814729613995,0.0023367247823978545
1997-05-01,1997-06-01,lag_3,0.0118678167995964,0.0008086695325573601,0.0071146814729613995,0.0023367247823978545
1997-05-01,1997-06-01,lag_4,0.0015838703738682,0.0007619088743922476,0.0071146814729613995,0.0023367247823978545
1997-05-01,1997-06-01,lag_5,0.0063866480924561,0.00013763605553322123,0.0071146814729613995,0.0023367247823978545
1997-05-01,1997-06-01,lag_6,0.0091447851720687,0.0003326249137171544,0.0071146814729613995,0.0023367247823978545
1997-05-01,1997-06-01,lag_7,0.000296094050018,0.0003489619932338428,0.0071146814729613995,0.0023367247823978545
1997-05-01,1997-06-01,lag_8,0.0062396321182145,0.00045869352556110243,0.0071146814729613995,0.0023367247823978545
1997-05-01,1997-06-01,lag_9,0.0051052352845752,0.00010067849211736757,0.0071146814729613995,0.0023367247823978545
1997-05-01,1997-06-01,lag_10,0.0001537460357097,0.0001576171120541403,0.0071146814729613995,0.0023367247823978545
1997-05-01,1997-06-01,lag_11,0.0075933782411841,0.00016015294799217371,0.0071146814729613995,0.0023367247823978545
1997-05-01,1997-06-01,volatility_3m,0.0027736730448116144,9.01972949577612e-06,0.0071146814729613995,0.0023367247823978545
1997-06-01,1997-07-01,lag_0,0.0045854365477637,0.00011291601062112022,0.002285814242289666,0.0024195285076555107
1997-06-01,1997-07-01,lag_1,0.0055243609775672,0.0003306262152909767,0.002285814242289666,0.0024195285076555107
1997-06-01,1997-07-01,lag_2,0.0011715145153683,-0.0006284812636113201,0.002285814242289666,0.0024195285076555107
1997-06-01,1997-07-01,lag_3,0.0063260801601101,0.00011175910861311423,0.002285814242289666,0.0024195285076555107
1997-06-01,1997-07-01,lag_4,0.0118678167995964,-0.0005878970628236857,0.002285814242289666,0.0024195285076555107
1997-06-01,1997-07-01,lag_5,0.0015838703738682,-0.0005761532371252543,0.002285814242289666,0.0024195285076555107
1997-06-01,1997-07-01,lag_6,0.0063866480924561,0.00011660311623927555,0.002285814242289666,0.0024195285076555107
1997-06-01,1997-07-01,lag_7,0.0091447851720687,0.0003366214882407803,0.002285814242289666,0.0024195285076555107
1997-06-01,1997-07-01,lag_8,0.000296094050018,0.0005757248262489156,0.002285814242289666,0.0024195285076555107
1997-06-01,1997-07-01,lag_9,0.0062396321182145,0.00019289359650429105,0.002285814242289666,0.0024195285076555107
1997-06-01,1997-07-01,lag_10,0.0051052352845752,-0.0002971916028400301,0.002285814242289666,0.0024195285076555107
1997-06-01,1997-07-01,lag_11,0.0001537460357097,-5.212407235376304e-05,0.002285814242289666,0.0024195285076555107
1997-06-01,1997-07-01,volatility_3m,0.002290695493062971,0.00023098871785805385,0.002285814242289666,0.0024195285076555107
1997-07-01,1997-08-01,lag_0,0.0085059426597107,0.000984387273720131,0.005043874284069704,0.0024785074524523
1997-07-01,1997-08-01,lag_1,0.0045854365477637,0.0005281319926689321,0.005043874284069704,0.0024785074524523
1997-07-01,1997-08-01,lag_2,0.0055243609775672,0.0004462376491210307,0.005043874284069704,0.0024785074524523
1997-07-01,1997-08-01,lag_3,0.0011715145153683,9.480932374572148e-05,0.005043874284069704,0.0024785074524523
1997-07-01,1997-08-01,lag_4,0.0063260801601101,-0.00014039077921552235,0.005043874284069704,0.0024785074524523
1997-07-01,1997-08-01,lag_5,0.0118678167995964,0.0004222556854324466,0.005043874284069704,0.0024785074524523
1997-07-01,1997-08-01,lag_6,0.0015838703738682,0.00020215834192640613,0.005043874284069704,0.0024785074524523
1997-07-01,1997-08-01,lag_7,0.0063866480924561,0.00039393896229739767,0.005043874284069704,0.0024785074524523
1997-07-01,1997-08-01,lag_8,0.0091447851720687,0.00018187946849138826,0.005043874284069704,0.0024785074524523
1997-07-01,1997-08-01,lag_9,0.000296094050018,-0.0003596507694146567,0.005043874284069704,0.0024785074524523
1997-07-01,1997-08-01,lag_10,0.0062396321182145,-0.00041296325314760907,0.005043874284069704,0.0024785074524523
1997-07-01,1997-08-01,lag_11,0.0051052352845752,0.00016201874273974681,0.005043874284069704,0.0024785074524523
1997-07-01,1997-08-01,volatility_3m,0.002047021274355711,6.255408956803876e-05,0.005043874284069704,0.0024785074524523
1997-08-01,1997-09-01,lag_0,0.0099549460935852,0.0015725588546956714,0.009405799756384274,0.0024268683511369676
1997-08-01,1997-09-01,lag_1,0.0085059426597107,0.0008595832510218315,0.009405799756384274,0.0024268683511369676
1997-08-01,1997-09-01,lag_2,0.0045854365477637,0.000579864789651765,0.009405799756384274,0.0024268683511369676
1997-08-01,1997-09-01,lag_3,0.0055243609775672,0.0004502141244302038,0.009405799756384274,0.0024268683511369676
1997-08-01,1997-09-01,lag_4,0.0011715145153683,0.0008730381818713795,0.009405799756384274,0.0024268683511369676
1997-08-01,1997-09-01,lag_5,0.0063260801601101,0.00019736955882763141,0.009405799756384274,0.0024268683511369676
1997-08-01,1997-09-01,lag_6,0.0118678167995964,0.00043608779795249573,0.009405799756384274,0.0024268683511369676
1997-08-01,1997-09-01,lag_7,0.0015838703738682,0.0003107845444810664,0.009405799756384274,0.0024268683511369676
1997-08-01,1997-09-01,lag_8,0.0063866480924561,0.0003289003724785289,0.009405799756384274,0.0024268683511369676
1997-08-01,1997-09-01,lag_9,0.0091447851720687,0.0013764147676647554,0.009405799756384274,0.0024268683511369676
1997-08-01,1997-09-01,lag_10,0.000296094050018,-5.5665059189777825e-05,0.009405799756384274,0.0024268683511369676
1997-08-01,1997-09-01,lag_11,0.0062396321182145,1.3039609366387594e-05,0.009405799756384274,0.0024268683511369676
1997-08-01,1997-09-01,volatility_3m,0.0027779372409476207,3.674057199532399e-05,0.009405799756384274,0.0024268683511369676
1997-09-01,1997-10-01,lag_0,0.0091175754565737,0.0011330870886285993,0.0013725818651935456,0.002582086804852953
1997-09-01,1997-10-01,lag_1,0.0099549460935852,0.0004414685900655968,0.0013725818651935456,0.002582086804852953
1997-09-01,1997-10-01,lag_2,0.0085059426597107,3.250572193792323e-05,0.0013725818651935456,0.002582086804852953
1997-09-01,1997-10-01,lag_3,0.0045854365477637,-0.00044579880204764777,0.0013725818651935456,0.002582086804852953
1997-09-01,1997-10-01,lag_4,0.0055243609775672,-0.00019938895993618644,0.0013725818651935456,0.002582086804852953
1997-09-01,1997-10-01,lag_5,0.0011715145153683,-0.0004119069241278339,0.0013725818651935456,0.002582086804852953
1997-09-01,1997-10-01,lag_6,0.0063260801601101,0.0002795605197388795,0.0013725818651935456,0.002582086804852953
1997-09-01,1997-10-01,lag_7,0.0118678167995964,0.0002982228226937878,0.0013725818651935456,0.002582086804852953
1997-09-01,1997-10-01,lag_8,0.0015838703738682,0.0008330786865917616,0.0013725818651935456,0.002582086804852953
1997-09-01,1997-10-01,lag_9,0.0063866480924561,-0.0003154462336647157,0.0013725818651935456,0.002582086804852953
1997-09-01,1997-10-01,lag_10,0.0091447851720687,-0.0008792060616542585,0.0013725818651935456,0.002582086804852953
1997-09-01,1997-10-01,lag_11,0.000296094050018,-0.0002207872603321448,0.0013725818651935456,0.002582086804852953
1997-09-01,1997-10-01,volatility_3m,0.0007274264239206134,-0.0017548941947097773,0.0013725818651935456,0.002582086804852953
1997-10-01,1997-11-01,lag_0,0.008827849981996,0.0012430119883356384,0.0035468832549567985,0.0026179537831627527
1997-10-01,1997-11-01,lag_1,0.0091175754565737,0.0004857430015727004,0.0035468832549567985,0.0026179537831627527
1997-10-01,1997-11-01,lag_2,0.0099549460935852,0.00027256621813648963,0.0035468832549567985,0.0026179537831627527
1997-10-01,1997-11-01,lag_3,0.0085059426597107,0.0003122179354249965,0.0035468832549567985,0.0026179537831627527
1997-10-01,1997-11-01,lag_4,0.0045854365477637,-0.0001672558468999341,0.0035468832549567985,0.0026179537831627527
1997-10-01,1997-11-01,lag_5,0.0055243609775672,-0.00020927040983224288,0.0035468832549567985,0.0026179537831627527
1997-10-01,1997-11-01,lag_6,0.0011715145153683,0.0002487880512489937,0.0035468832549567985,0.0026179537831627527
1997-10-01,1997-11-01,lag_7,0.0063260801601101,0.0002163755400761147,0.0035468832549567985,0.0026179537831627527
1997-10-01,1997-11-01,lag_8,0.0118678167995964,0.0004696751618212147,0.0035468832549567985,0.0026179537831627527
1997-10-01,1997-11-01,lag_9,0.0015838703738682,-0.000342140653383467,0.0035468832549567985,0.0026179537831627527
1997-10-01,1997-11-01,lag_10,0.0063866480924561,-0.0003963580661184096,0.0035468832549567985,0.0026179537831627527
1997-10-01,1997-11-01,lag_11,0.0091447851720687,0.00018660717738384848,0.0035468832549567985,0.0026179537831627527
1997-10-01,1997-11-01,volatility_3m,0.0007198935209829239,-0.001391030612267059,0.0035468832549567985,0.0026179537831627527
1997-11-01,1997-12-01,lag_0,0.0078442888950283,0.0012656461850201594,0.007319775601418031,0.0027517797532985583
1997-11-01,1997-12-01,lag_1,0.008827849981996,0.0004169718496996211,0.007319775601418031,0.0027517797532985583
1997-11-01,1997-12-01,lag_2,0.0091175754565737,0.0003561281868678634,0.007319775601418031,0.0027517797532985583
1997-11-01,1997-12-01,lag_3,0.0099549460935852,0.00045107679832653955,0.007319775601418031,0.0027517797532985583
1997-11-01,1997-12-01,lag_4,0.0085059426597107,-0.000124705772359448,0.007319775601418031,0.0027517797532985583
1997-11-01,1997-12-01,lag_5,0.0045854365477637,-0.0001386811748307082,0.007319775601418031,0.0027517797532985583
1997-11-01,1997-12-01,lag_6,0.0055243609775672,0.00014270089421188458,0.007319775601418031,0.0027517797532985583
1997-11-01,1997-12-01,lag_7,0.0011715145153683,0.0005366634728306963,0.007319775601418031,0.0027517797532985583
1997-11-01,1997-12-01,lag_8,0.0063260801601101,8.411948454522644e-05,0.007319775601418031,0.0027517797532985583
1997-11-01,1997-12-01,lag_9,0.0118678167995964,0.0015417374308526633,0.007319775601418031,0.0027517797532985583
1997-11-01,1997-12-01,lag_10,0.0015838703738682,0.00023548402039523354,0.007319775601418031,0.0027517797532985583
1997-11-01,1997-12-01,lag_11,0.0063866480924561,0.0007811873078935605,0.007319775601418031,0.0027517797532985583
1997-11-01,1997-12-01,volatility_3m,0.0006831351744694044,-0.0009803329054921051,0.007319775601418031,0.0027517797532985583
1997-12-01,1998-01-01,lag_0,0.0042494435829167,0.00012244877852936044,0.004685743958139421,0.0028006584192408574
1997-12-01,1998-01-01,lag_1,0.0078442888950283,0.00046446013670902174,0.004685743958139421,0.0028006584192408574
1997-12-01,1998-01-01,lag_2,0.008827849981996,0.00019621534462203272,0.004685743958139421,0.0028006584192408574
1997-12-01,1998-01-01,lag_3,0.0091175754565737,0.0004546967034320915,0.004685743958139421,0.0028006584192408574
1997-12-01,1998-01-01,lag_4,0.0099549460935852,-0.0001949275419474361,0.004685743958139421,0.0028006584192408574
1997-12-01,1998-01-01,lag_5,0.0085059426597107,8.648182159049612e-05,0.004685743958139421,0.0028006584192408574
1997-12-01,1998-01-01,lag_6,0.0045854365477637,0.00027365023861420924,0.004685743958139421,0.0028006584192408574
1997-12-01,1998-01-01,lag_7,0.0055243609775672,0.0004696051024689041,0.004685743958139421,0.0028006584192408574
1997-12-01,1998-01-01,lag_8,0.0011715145153683,0.0006178518825436186,0.004685743958139421,0.0028006584192408574
1997-12-01,1998-01-01,lag_9,0.0063260801601101,-0.00013273071386720402,0.004685743958139421,0.0028006584192408574
1997-12-01,1998-01-01,lag_10,0.0118678167995964,-0.0008705507089098319,0.004685743958139421,0.0028006584192408574
1997-12-01,1998-01-01,lag_11,0.0015838703738682,-2.7642631248454564e-05,0.004685743958139421,0.0028006584192408574
1997-12-01,1998-01-01,volatility_3m,0.0024101213795484147,0.00042552715815418195,0.004685743958139421,0.0028006584192408574
1998-01-01,1998-02-01,lag_0,0.0043737842759465,7.456654031557264e-05,0.006728868321367647,0.002924866253794744
1998-01-01,1998-02-01,lag_1,0.0042494435829167,0.0016287953100254527,0.006728868321367647,0.002924866253794744
1998-01-01,1998-02-01,lag_2,0.0078442888950283,0.00045776286297041226,0.006728868321367647,0.002924866253794744
1998-01-01,1998-02-01,lag_3,0.008827849981996,0.0004054206977707508,0.006728868321367647,0.002924866253794744
1998-01-01,1998-02-01,lag_4,0.0091175754565737,-6.920375912159216e-05,0.006728868321367647,0.002924866253794744
1998-01-01,1998-02-01,lag_5,0.0099549460935852,0.0008799727801670087,0.006728868321367647,0.002924866253794744
1998-01-01,1998-02-01,lag_6,0.0085059426597107,0.00022695846881106262,0.006728868321367647,0.002924866253794744
1998-01-01,1998-02-01,lag_7,0.0045854365477637,0.00029376776521530703,0.006728868321367647,0.002924866253794744
1998-01-01,1998-02-01,lag_8,0.0055243609775672,0.0005650011646412168,0.006728868321367647,0.002924866253794744
1998-01-01,1998-02-01,lag_9,0.0011715145153683,-5.558656212997448e-05,0.006728868321367647,0.002924866253794744
1998-01-01,1998-02-01,lag_10,0.0063260801601101,-0.00031867234449009627,0.006728868321367647,0.002924866253794744
1998-01-01,1998-02-01,lag_11,0.0118678167995964,-0.0006336072998965391,0.006728868321367647,0.002924866253794744
1998-01-01,1998-02-01,volatility_3m,0.0020405381535688887,0.00034882626579019416,0.006728868321367647,0.002924866253794744
1998-02-01,1998-03-01,lag_0,0.0016174896182681,-0.0007635252977706841,0.0037527840389954908,0.002811307068646306
1998-02-01,1998-03-01,lag_1,0.0043737842759465,0.0009429446096692117,0.0037527840389954908,0.002811307068646306
1998-02-01,1998-03-01,lag_2,0.0042494435829167,0.00040740336844464765,0.0037527840389954908,0.002811307068646306
1998-02-01,1998-03-01,lag_3,0.0078442888950283,0.0004488267729539075,0.0037527840389954908,0.002811307068646306
1998-02-01,1998-03-01,lag_4,0.008827849981996,1.6807329666335135e-06,0.0037527840389954908,0.002811307068646306
1998-02-01,1998-03-01,lag_5,0.0091175754565737,0.0001866306481679203,0.0037527840389954908,0.002811307068646306
1998-02-01,1998-03-01,lag_6,0.0099549460935852,0.00020322728167229798,0.0037527840389954908,0.002811307068646306
1998-02-01,1998-03-01,lag_7,0.0085059426597107,0.00015838849096326158,0.0037527840389954908,0.002811307068646306
1998-02-01,1998-03-01,lag_8,0.0045854365477637,0.00033543571546488236,0.0037527840389954908,0.002811307068646306
1998-02-01,1998-03-01,lag_9,0.0055243609775672,8.929514460760402e-06,0.0037527840389954908,0.002811307068646306
1998-02-01,1998-03-01,lag_10,0.0011715145153683,0.00018559766092948848,0.0037527840389954908,0.002811307068646306
1998-02-01,1998-03-01,lag_11,0.0063260801601101,0.0001015138909133384,0.0037527840389954908,0.002811307068646306
1998-02-01,1998-03-01,volatility_3m,0.001556695352336647,-0.001275576423406619,0.0037527840389954908,0.002811307068646306
1998-03-01,1998-04-01,lag_0,0.0003515910121256,-0.0009157574510754784,0.0013351698701330392,0.0028150900541108557
1998-03-01,1998-04-01,lag_1,0.0016174896182681,-0.0008551890630042181,0.0013351698701330392,0.0028150900541108557
1998-03-01,1998-04-01,lag_2,0.0043737842759465,0.0004621647723070055,0.0013351698701330392,0.0028150900541108557
1998-03-01,1998-04-01,lag_3,0.0042494435829167,-0.000523967421904672,0.0013351698701330392,0.0028150900541108557
1998-03-01,1998-04-01,lag_4,0.0078442888950283,-3.4584169570734956e-05,0.0013351698701330392,0.0028150900541108557
1998-03-01,1998-04-01,lag_5,0.008827849981996,0.00014066646632272751,0.0013351698701330392,0.0028150900541108557
1998-03-01,1998-04-01,lag_6,0.0091175754565737,4.970065307134064e-05,0.0013351698701330392,0.0028150900541108557
1998-03-01,1998-04-01,lag_7,0.0099549460935852,0.0003684065859306429,0.0013351698701330392,0.0028150900541108557
1998-03-01,1998-04-01,lag_8,0.0085059426597107,6.064002209313912e-05,0.0013351698701330392,0.0028150900541108557
1998-03-01,1998-04-01,lag_9,0.0045854365477637,3.522245253861911e-05,0.0013351698701330392,0.0028150900541108557
1998-03-01,1998-04-01,lag_10,0.0055243609775672,-7.489824190997751e-05,0.0013351698701330392,0.0028150900541108557
1998-03-01,1998-04-01,lag_11,0.0011715145153683,-0.00031088148611161157,0.0013351698701330392,0.0028150900541108557
1998-03-01,1998-04-01,volatility_3m,0.0020566031124367124,0.00011855680619191843,0.0013351698701330392,0.0028150900541108557
1998-04-01,1998-05-01,lag_0,0.0034253831806134,-0.0006276226199406665,0.0019034263481664533,0.0027584768458802033
1998-04-01,1998-05-01,lag_1,0.0003515910121256,-0.0005683287346846554,0.0019034263481664533,0.0027584768458802033
1998-04-01,1998-05-01,lag_2,0.0016174896182681,-0.00044885159647492403,0.0019034263481664533,0.0027584768458802033
1998-04-01,1998-05-01,lag_3,0.0043737842759465,-0.00037197924073552715,0.0019034263481664533,0.0027584768458802033
1998-04-01,1998-05-01,lag_4,0.0042494435829167,-1.5713929606135935e-05,0.0019034263481664533,0.0027584768458802033
1998-04-01,1998-05-01,lag_5,0.0078442888950283,0.00011896989177785144,0.0019034263481664533,0.0027584768458802033
1998-04-01,1998-05-01,lag_6,0.008827849981996,0.00016640669058688219,0.0019034263481664533,0.0027584768458802033
1998-04-01,1998-05-01,lag_7,0.0091175754565737,0.0004803975556296791,0.0019034263481664533,0.0027584768458802033
1998-04-01,1998-05-01,lag_8,0.0099549460935852,0.000967168023926206,0.0019034263481664533,0.0027584768458802033
1998-04-01,1998-05-01,lag_9,0.0085059426597107,0.0010983684708298824,0.0019034263481664533,0.0027584768458802033
1998-04-01,1998-05-01,lag_10,0.0045854365477637,-3.0801372195128354e-05,0.0019034263481664533,0.0027584768458802033
1998-04-01,1998-05-01,lag_11,0.0055243609775672,7.688227651669877e-05,0.0019034263481664533,0.0027584768458802033
1998-04-01,1998-05-01,volatility_3m,0.001544839619985412,-0.00169994594853506,0.0019034263481664533,0.0027584768458802033
1998-05-01,1998-06-01,lag_0,0.0065697125334116,0.00027190206164959816,0.0051618663721019545,0.0028491307609528633
1998-05-01,1998-06-01,lag_1,0.0034253831806134,0.0007039044287239449,0.0051618663721019545,0.0028491307609528633
1998-05-01,1998-06-01,lag_2,0.0003515910121256,-0.0004786839394000708,0.0051618663721019545,0.0028491307609528633
1998-05-01,1998-06-01,lag_3,0.0016174896182681,7.120090504031395e-06,0.0051618663721019545,0.0028491307609528633
1998-05-01,1998-06-01,lag_4,0.0043737842759465,-0.0002894609496888734,0.0051618663721019545,0.0028491307609528633
1998-05-01,1998-06-01,lag_5,0.0042494435829167,-1.473954873290495e-05,0.0051618663721019545,0.0028491307609528633
1998-05-01,1998-06-01,lag_6,0.0078442888950283,0.0002096246401197277,0.0051618663721019545,0.0028491307609528633
1998-05-01,1998-06-01,lag_7,0.008827849981996,0.00032446418812469345,0.0051618663721019545,0.0028491307609528633
1998-05-01,1998-06-01,lag_8,0.0091175754565737,-7.016682781227246e-05,0.0051618663721019545,0.0028491307609528633
1998-05-01,1998-06-01,lag_9,0.0099549460935852,0.0016385485358114237,0.0051618663721019545,0.0028491307609528633
1998-05-01,1998-06-01,lag_10,0.0085059426597107,-6.80092995025916e-05,0.0051618663721019545,0.0028491307609528633
1998-05-01,1998-06-01,lag_11,0.0045854365477637,5.782868145615794e-05,0.0051618663721019545,0.0028491307609528633
1998-05-01,1998-06-01,volatility_3m,0.003109127439958179,2.0403588769113413e-05,0.0051618663721019545,0.0028491307609528633
1998-06-01,1998-07-01,lag_0,-0.0060166552861451,-0.00013552475988944934,0.007904401076490215,0.002958144405027957
1998-06-01,1998-07-01,lag_1,0.0065697125334116,0.0002698966430671135,0.007904401076490215,0.002958144405027957
1998-06-01,1998-07-01,lag_2,0.0034253831806134,0.00013412671224614315,0.007904401076490215,0.002958144405027957
1998-06-01,1998-07-01,lag_3,0.0003515910121256,0.0007421025127950998,0.007904401076490215,0.002958144405027957
1998-06-01,1998-07-01,lag_4,0.0016174896182681,0.0007779070580454572,0.007904401076490215,0.002958144405027957
1998-06-01,1998-07-01,lag_5,0.0043737842759465,-0.00014277617884090433,0.007904401076490215,0.002958144405027957
1998-06-01,1998-07-01,lag_6,0.0042494435829167,0.0001949563805555954,0.007904401076490215,0.002958144405027957
1998-06-01,1998-07-01,lag_7,0.0078442888950283,0.0005845965523621999,0.007904401076490215,0.002958144405027957
1998-06-01,1998-07-01,lag_8,0.008827849981996,-9.748494297127763e-05,0.007904401076490215,0.002958144405027957
1998-06-01,1998-07-01,lag_9,0.0091175754565737,0.0017361656588127515,0.007904401076490215,0.002958144405027957
1998-06-01,1998-07-01,lag_10,0.0099549460935852,-0.0015938945366133338,0.007904401076490215,0.002958144405027957
1998-06-01,1998-07-01,lag_11,0.0085059426597107,0.0005078578571010439,0.007904401076490215,0.002958144405027957
1998-06-01,1998-07-01,volatility_3m,0.00655051591321615,0.001968327744314138,0.007904401076490215,0.002958144405027957
1998-07-01,1998-08-01,lag_0,-0.0038529866935137,-0.001297849368165771,0.0008803832181168661,0.0028905769504563163
1998-07-01,1998-08-01,lag_1,-0.0060166552861451,-0.0001183816292677875,0.0008803832181168661,0.0028905769504563163
1998-07-01,1998-08-01,lag_2,0.0065697125334116,0.00019350998150002852,0.0008803832181168661,0.0028905769504563163
1998-07-01,1998-08-01,lag_3,0.0034253831806134,-0.0012168613996846034,0.0008803832181168661,0.0028905769504563163
1998-07-01,1998-08-01,lag_4,0.0003515910121256,-0.0008894308175581501,0.0008803832181168661,0.0028905769504563163
1998-07-01,1998-08-01,lag_5,0.0016174896182681,3.15542512362299e-05,0.0008803832181168661,0.0028905769504563163
1998-07-01,1998-08-01,lag_6,0.0043737842759465,-7.133047482966503e-05,0.0008803832181168661,0.0028905769504563163
1998-07-01,1998-08-01,lag_7,0.0042494435829167,-8.11039514701406e-06,0.0008803832181168661,0.0028905769504563163
1998-07-01,1998-08-01,lag_8,0.0078442888950283,0.0008400348163286253,0.0008803832181168661,0.0028905769504563163
1998-07-01,1998-08-01,lag_9,0.008827849981996,0.000840626661256465,0.0008803832181168661,0.0028905769504563163
1998-07-01,1998-08-01,lag_10,0.0091175754565737,-0.0013232827986303165,0.0008803832181168661,0.0028905769504563163
1998-07-01,1998-08-01,lag_11,0.0099549460935852,-0.0004962180176516995,0.0008803832181168661,0.0028905769504563163
1998-07-01,1998-08-01,volatility_3m,0.0067296703218268335,0.0015055454771027144,0.0008803832181168661,0.0028905769504563163
1998-08-01,1998-09-01,lag_0,0.019909309205480705,0.002337144099933539,0.006552103034422626,0.0031470597649273413
1998-08-01,1998-09-01,lag_1,-0.0038529866935137,-0.0005247195732408727,0.006552103034422626,0.0031470597649273413
1998-08-01,1998-09-01,lag_2,-0.0060166552861451,-0.001515234904659337,0.006552103034422626,0.0031470597649273413
1998-08-01,1998-09-01,lag_3,0.0065697125334116,-0.0002013935284105628,0.006552103034422626,0.0031470597649273413
1998-08-01,1998-09-01,lag_4,0.0034253831806134,-0.00034778313101014647,0.006552103034422626,0.0031470597649273413
1998-08-01,1998-09-01,lag_5,0.0003515910121256,0.0005201585477243498,0.006552103034422626,0.0031470597649273413
1998-08-01,1998-09-01,lag_6,0.0016174896182681,0.00045115350856576695,0.006552103034422626,0.0031470597649273413
1998-08-01,1998-09-01,lag_7,0.0043737842759465,0.00029941084638267055,0.006552103034422626,0.0031470597649273413
1998-08-01,1998-09-01,lag_8,0.0042494435829167,0.0004251949155604962,0.006552103034422626,0.0031470597649273413
1998-08-01,1998-09-01,lag_9,0.0078442888950283,0.001786308107093646,0.006552103034422626,0.0031470597649273413
1998-08-01,1998-09-01,lag_10,0.008827849981996,-0.0006443089302956651,0.006552103034422626,0.0031470597649273413
1998-08-01,1998-09-01,lag_11,0.0091175754565737,0.0005516633388197078,0.006552103034422626,0.0031470597649273413
1998-08-01,1998-09-01,volatility_3m,0.014719933089133934,0.000267450041428674,0.006552103034422626,0.0031470597649273413
1998-09-01,1998-10-01,lag_0,-0.0005323279149607,-0.0004193394205412915,0.004321624220855908,0.003024111241437209
1998-09-01,1998-10-01,lag_1,0.019906202731419263,0.0002483943670131339,0.004321624220855908,0.003024111241437209
1998-09-01,1998-10-01,lag_2,-0.0038529866935137,-0.0013857446786914806,0.004321624220855908,0.003024111241437209
1998-09-01,1998-10-01,lag_3,-0.0060166552861451,0.0008741591331181553,0.004321624220855908,0.003024111241437209
1998-09-01,1998-10-01,lag_4,0.0065697125334116,-8.270983657894249e-06,0.004321624220855908,0.003024111241437209
1998-09-01,1998-10-01,lag_5,0.0034253831806134,-0.0005131309199077805,0.004321624220855908,0.003024111241437209
1998-09-01,1998-10-01,lag_6,0.0003515910121256,-4.9409481648581276e-05,0.004321624220855908,0.003024111241437209
1998-09-01,1998-10-01,lag_7,0.0016174896182681,0.0005663936305427341,0.004321624220855908,0.003024111241437209
1998-09-01,1998-10-01,lag_8,0.0043737842759465,0.0003574479191274804,0.004321624220855908,0.003024111241437209
1998-09-01,1998-10-01,lag_9,0.0042494435829167,3.0414717886060317e-05,0.004321624220855908,0.003024111241437209
1998-09-01,1998-10-01,lag_10,0.0078442888950283,-0.00017060067796592193,0.004321624220855908,0.003024111241437209
1998-09-01,1998-10-01,lag_11,0.008827849981996,0.00017609843613172415,0.004321624220855908,0.003024111241437209
1998-09-01,1998-10-01,volatility_3m,0.013201758331689779,0.001591100979694602,0.004321624220855908,0.003024111241437209
1998-10-01,1998-11-01,lag_0,0.0068129990948513,0.00037884321472120064,0.006666385971269294,0.0030690866906774987
1998-10-01,1998-11-01,lag_1,-0.0005323279149607,-0.0013139236389270081,0.006666385971269294,0.0030690866906774987
1998-10-01,1998-11-01,lag_2,0.01990309625735782,0.0011420840905680052,0.006666385971269294,0.0030690866906774987
1998-10-01,1998-11-01,lag_3,-0.0038529866935137,-0.0003310507533024065,0.006666385971269294,0.0030690866906774987
1998-10-01,1998-11-01,lag_4,-0.0060166552861451,0.00018749712163298682,0.006666385971269294,0.0030690866906774987
1998-10-01,1998-11-01,lag_5,0.0065697125334116,-3.0024726504507272e-05,0.006666385971269294,0.0030690866906774987
1998-10-01,1998-11-01,lag_6,0.0034253831806134,9.53743150603259e-05,0.006666385971269294,0.0030690866906774987
1998-10-01,1998-11-01,lag_7,0.0003515910121256,0.000920207171839138,0.006666385971269294,0.0030690866906774987
1998-10-01,1998-11-01,lag_8,0.0016174896182681,0.0011452075139004592,0.006666385971269294,0.0030690866906774987
1998-10-01,1998-11-01,lag_9,0.0043737842759465,-3.930187893274706e-05,0.006666385971269294,0.0030690866906774987
1998-10-01,1998-11-01,lag_10,0.0042494435829167,0.00029122540292064514,0.006666385971269294,0.0030690866906774987
1998-10-01,1998-11-01,lag_11,0.0078442888950283,8.261615275841904e-05,0.006666385971269294,0.0030690866906774987
1998-10-01,1998-11-01,volatility_3m,0.01066992964460753,0.0010685452572033682,0.006666385971269294,0.0030690866906774987
1998-11-01,1998-12-01,lag_0,-0.0007584271645324,-0.0008559212341333477,0.006177422383228808,0.003077129114958092
1998-11-01,1998-12-01,lag_1,0.0068129990948513,0.0005815355472714146,0.006177422383228808,0.003077129114958092
1998-11-01,1998-12-01,lag_2,-0.0005323279149607,-0.0008572241990486873,0.006177422383228808,0.003077129114958092
1998-11-01,1998-12-01,lag_3,0.01989998978329638,0.001241849771449779,0.006177422383228808,0.003077129114958092
1998-11-01,1998-12-01,lag_4,-0.0038529866935137,0.0010389927864616767,0.006177422383228808,0.003077129114958092
1998-11-01,1998-12-01,lag_5,-0.0060166552861451,0.0005126548364478367,0.006177422383228808,0.003077129114958092
1998-11-01,1998-12-01,lag_6,0.0065697125334116,9.363975045744155e-05,0.006177422383228808,0.003077129114958092
1998-11-01,1998-12-01,lag_7,0.0034253831806134,5.659460797687643e-05,0.006177422383228808,0.003077129114958092
1998-11-01,1998-12-01,lag_8,0.0003515910121256,0.0010415093251640428,0.006177422383228808,0.003077129114958092
1998-11-01,1998-12-01,lag_9,0.0016174896182681,-3.1565580120513917e-05,0.006177422383228808,0.003077129114958092
1998-11-01,1998-12-01,lag_10,0.0043737842759465,0.00035800428594029654,0.006177422383228808,0.003077129114958092
1998-11-01,1998-12-01,lag_11,0.0042494435829167,-0.0002423234910111205,0.006177422383228808,0.003077129114958092
1998-11-01,1998-12-01,volatility_3m,0.004307579470209374,0.00016254681243481174,0.006177422383228808,0.003077129114958092
1998-12-01,1999-01-01,lag_0,0.0045201495934508,-0.0002628311506123282,0.000709355294212357,0.0031519740997776346
1998-12-01,1999-01-01,lag_1,-0.0007584271645324,-0.0012164272194513616,0.000709355294212357,0.0031519740997776346
1998-12-01,1999-01-01,lag_2,0.0068129990948513,0.0007039387132954289,0.000709355294212357,0.0031519740997776346
1998-12-01,1999-01-01,lag_3,-0.0005323279149607,5.438833987682301e-05,0.000709355294212357,0.0031519740997776346
1998-12-01,1999-01-01,lag_4,0.019896883309234937,-0.0006413128402709844,0.000709355294212357,0.0031519740997776346
1998-12-01,1999-01-01,lag_5,-0.0038529866935137,0.00022023023940391794,0.000709355294212357,0.0031519740997776346
1998-12-01,1999-01-01,lag_6,-0.0060166552861451,-0.001112715424178532,0.000709355294212357,0.0031519740997776346
1998-12-01,1999-01-01,lag_7,0.0065697125334116,0.0001970421282146617,0.000709355294212357,0.0031519740997776346
1998-12-01,1999-01-01,lag_8,0.0034253831806134,0.000335830541098403,0.000709355294212357,0.0031519740997776346
1998-12-01,1999-01-01,lag_9,0.0003515910121256,-0.0003657151182324014,0.000709355294212357,0.0031519740997776346
1998-12-01,1999-01-01,lag_10,0.0016174896182681,0.0002349386825471811,0.000709355294212357,0.0031519740997776346
1998-12-01,1999-01-01,lag_11,0.0043737842759465,-0.00041850584747749053,0.000709355294212357,0.0031519740997776346
1998-12-01,1999-01-01,volatility_3m,0.0038825899222743486,-0.00017147991532738161,0.000709355294212357,0.0031519740997776346
1999-01-01,1999-02-01,lag_0,0.0043112451049784,0.0003350858246903954,0.004321107130714882,0.0031444011319250943
1999-01-01,1999-02-01,lag_1,0.0045201495934508,0.0008970947587658884,0.004321107130714882,0.0031444011319250943
1999-01-01,1999-02-01,lag_2,-0.0007584271645324,-0.0008901199344472843,0.004321107130714882,0.0031444011319250943
1999-01-01,1999-02-01,lag_3,0.0068129990948513,0.0002479757497803803,0.004321107130714882,0.0031444011319250943
1999-01-01,1999-02-01,lag_4,-0.0005323279149607,-0.0002539336792096947,0.004321107130714882,0.0031444011319250943
1999-01-01,1999-02-01,lag_5,0.019893776835173495,0.0012634924320514074,0.004321107130714882,0.0031444011319250943
1999-01-01,1999-02-01,lag_6,-0.0038529866935137,-0.0002163240762456553,0.004321107130714882,0.0031444011319250943
1999-01-01,1999-02-01,lag_7,-0.0060166552861451,-0.0007652784687297754,0.004321107130714882,0.0031444011319250943
1999-01-01,1999-02-01,lag_8,0.0065697125334116,0.0003004524396237684,0.004321107130714882,0.0031444011319250943
1999-01-01,1999-02-01,lag_9,0.0034253831806134,7.385967577192786e-05,0.004321107130714882,0.0031444011319250943
1999-01-01,1999-02-01,lag_10,0.0003515910121256,0.00014836436675068397,0.004321107130714882,0.0031444011319250943
1999-01-01,1999-02-01,lag_11,0.0016174896182681,0.00011967888517119718,0.004321107130714882,0.0031444011319250943
1999-01-01,1999-02-01,volatility_3m,0.0029891077429970952,-8.364182885088667e-05,0.004321107130714882,0.0031444011319250943
1999-02-01,1999-03-01,lag_0,0.0060630796503478,0.0003282643212469338,0.0024391936633515595,0.003212419472667977
1999-02-01,1999-03-01,lag_1,0.0043112451049784,0.0005438182408033753,0.0024391936633515595,0.003212419472667977
1999-02-01,1999-03-01,lag_2,0.0045201495934508,0.0003556428650108501,0.0024391936633515595,0.003212419472667977
1999-02-01,1999-03-01,lag_3,-0.0007584271645324,9.729814804813941e-05,0.0024391936633515595,0.003212419472667977
1999-02-01,1999-03-01,lag_4,0.0068129990948513,-0.00012617070086434979,0.0024391936633515595,0.003212419472667977
1999-02-01,1999-03-01,lag_5,-0.0005323279149607,-0.00012111386727156059,0.0024391936633515595,0.003212419472667977
1999-02-01,1999-03-01,lag_6,0.019890670361112053,0.00016683238070072548,0.0024391936633515595,0.003212419472667977
1999-02-01,1999-03-01,lag_7,-0.0038529866935137,-0.0002828531685281632,0.0024391936633515595,0.003212419472667977
1999-02-01,1999-03-01,lag_8,-0.0060166552861451,-0.0016062718818943722,0.0024391936633515595,0.003212419472667977
1999-02-01,1999-03-01,lag_9,0.0065697125334116,-3.04366326690797e-05,0.0024391936633515595,0.003212419472667977
1999-02-01,1999-03-01,lag_10,0.0034253831806134,0.0003627054284970654,0.0024391936633515595,0.003212419472667977
1999-02-01,1999-03-01,lag_11,0.0003515910121256,0.00018963239283948497,0.0024391936633515595,0.003212419472667977
1999-02-01,1999-03-01,volatility_3m,0.0009568349317872357,-0.0006505732686309785,0.0024391936633515595,0.003212419472667977
1999-03-01,1999-04-01,lag_0,0.0022660526894453,-0.0012054092549146844,0.0008158163393677867,0.0033193975808838184
1999-03-01,1999-04-01,lag_1,0.0060630796503478,0.0008764593355772377,0.0008158163393677867,0.0033193975808838184
1999-03-01,1999-04-01,lag_2,0.0043112451049784,0.00030355325419350264,0.0008158163393677867,0.0033193975808838184
1999-03-01,1999-04-01,lag_3,0.0045201495934508,-0.0003645789135589439,0.0008158163393677867,0.0033193975808838184
1999-03-01,1999-04-01,lag_4,-0.0007584271645324,-0.0011333056130115437,0.0008158163393677867,0.0033193975808838184
1999-03-01,1999-04-01,lag_5,0.0068129990948513,-2.5350140017508238e-05,0.0008158163393677867,0.0033193975808838184
1999-03-01,1999-04-01,lag_6,-0.0005323279149607,0.00015136905841245607,0.0008158163393677867,0.0033193975808838184
1999-03-01,1999-04-01,lag_7,0.019887563887050593,0.00048172139289135883,0.0008158163393677867,0.0033193975808838184
1999-03-01,1999-04-01,lag_8,-0.0038529866935137,-0.0014803164452496275,0.0008158163393677867,0.0033193975808838184
1999-03-01,1999-04-01,lag_9,-0.0060166552861451,-0.0004780373596531717,0.0008158163393677867,0.0033193975808838184
1999-03-01,1999-04-01,lag_10,0.0065697125334116,0.0001929606677776974,0.0008158163393677867,0.0033193975808838184
1999-03-01,1999-04-01,lag_11,0.0034253831806134,-6.363000979945355e-06,0.0008158163393677867,0.0033193975808838184
1999-03-01,1999-04-01,volatility_3m,0.0019004012748506651,0.00018371582344343552,0.0008158163393677867,0.0033193975808838184
1999-04-01,1999-05-01,lag_0,0.0022959860915063,-0.0008062401551069343,0.0036625498958280946,0.0033879101112507023
1999-04-01,1999-05-01,lag_1,0.0022660526894453,-0.0005449610848154408,0.0036625498958280946,0.0033879101112507023
1999-04-01,1999-05-01,lag_2,0.0060630796503478,0.0014902260856524663,0.0036625498958280946,0.0033879101112507023
1999-04-01,1999-05-01,lag_3,0.0043112451049784,-0.00012101407021418709,0.0036625498958280946,0.0033879101112507023
1999-04-01,1999-05-01,lag_4,0.0045201495934508,-7.962892934756382e-05,0.0036625498958280946,0.0033879101112507023
1999-04-01,1999-05-01,lag_5,-0.0007584271645324,0.0002608155930647626,0.0036625498958280946,0.0033879101112507023
1999-04-01,1999-05-01,lag_6,0.0068129990948513,0.00011656969483738067,0.0036625498958280946,0.0033879101112507023
1999-04-01,1999-05-01,lag_7,-0.0005323279149607,-0.0005699580857788079,0.0036625498958280946,0.0033879101112507023
1999-04-01,1999-05-01,lag_8,0.01988445741298915,0.0009403572699920915,0.0036625498958280946,0.0033879101112507023
1999-04-01,1999-05-01,lag_9,-0.0038529866935137,-0.0007034954346045196,0.0036625498958280946,0.0033879101112507023
1999-04-01,1999-05-01,lag_10,-0.0060166552861451,0.0006646334257493436,0.0036625498958280946,0.0033879101112507023
1999-04-01,1999-05-01,lag_11,0.0065697125334116,-0.00022109784751592087,0.0036625498958280946,0.0033879101112507023
1999-04-01,1999-05-01,volatility_3m,0.0021836248010836073,-0.00015156678882704,0.0036625498958280946,0.0033879101112507023
1999-05-01,1999-06-01,lag_0,0.0063026472583853,9.119660687247233e-05,0.001475008486350971,0.0035177108215798513
1999-05-01,1999-06-01,lag_1,0.0022959860915063,-0.00030231538994485163,0.001475008486350971,0.0035177108215798513
1999-05-01,1999-06-01,lag_2,0.0022660526894453,-0.0004337032737930713,0.001475008486350971,0.0035177108215798513
1999-05-01,1999-06-01,lag_3,0.0060630796503478,9.336447460555064e-05,0.001475008486350971,0.0035177108215798513
1999-05-01,1999-06-01,lag_4,0.0043112451049784,-0.0005495723132708008,0.001475008486350971,0.0035177108215798513
1999-05-01,1999-06-01,lag_5,0.0045201495934508,-0.00020769506386841385,0.001475008486350971,0.0035177108215798513
1999-05-01,1999-06-01,lag_6,-0.0007584271645324,0.00046205065375033884,0.001475008486350971,0.0035177108215798513
1999-05-01,1999-06-01,lag_7,0.0068129990948513,0.00012185707071466822,0.001475008486350971,0.0035177108215798513
1999-05-01,1999-06-01,lag_8,-0.0005323279149607,-0.0012083610741319716,0.001475008486350971,0.0035177108215798513
1999-05-01,1999-06-01,lag_9,0.01988135093892771,-0.00018196980567154243,0.001475008486350971,0.0035177108215798513
1999-05-01,1999-06-01,lag_10,-0.0038529866935137,4.7885095145829834e-05,0.001475008486350971,0.0035177108215798513
1999-05-01,1999-06-01,lag_11,-0.0060166552861451,4.371379508484097e-05,0.001475008486350971,0.0035177108215798513
1999-05-01,1999-06-01,volatility_3m,0.002321936168686636,-1.9153058165102266e-05,0.001475008486350971,0.0035177108215798513
1999-06-01,1999-07-01,lag_0,-0.0007846779120086,8.511237734637689e-05,-0.0011439741521437528,0.0037001659746159444
1999-06-01,1999-07-01,lag_1,0.0063026472583853,0.0005135464092745678,-0.0011439741521437528,0.0037001659746159444
1999-06-01,1999-07-01,lag_2,0.0022959860915063,-0.0005424779383884016,-0.0011439741521437528,0.0037001659746159444
1999-06-01,1999-07-01,lag_3,0.0022660526894453,-0.0007235496584939938,-0.0011439741521437528,0.0037001659746159444
1999-06-01,1999-07-01,lag_4,0.0060630796503478,0.0001128530302685249,-0.0011439741521437528,0.0037001659746159444
1999-06-01,1999-07-01,lag_5,0.0043112451049784,-0.0006289913767272992,-0.0011439741521437528,0.0037001659746159444
1999-06-01,1999-07-01,lag_6,0.0045201495934508,-4.645604054985597e-05,-0.0011439741521437528,0.0037001659746159444
1999-06-01,1999-07-01,lag_7,-0.0007584271645324,-0.0015045017216971247,-0.0011439741521437528,0.0037001659746159444
1999-06-01,1999-07-01,lag_8,0.0068129990948513,-1.2327297906722378e-05,-0.0011439741521437528,0.0037001659746159444
1999-06-01,1999-07-01,lag_9,-0.0005323279149607,-0.00012203935804791399,-0.0011439741521437528,0.0037001659746159444
1999-06-01,1999-07-01,lag_10,0.019878244464866267,-0.0015013164788388166,-0.0011439741521437528,0.0037001659746159444
1999-06-01,1999-07-01,lag_11,-0.0038529866935137,-2.5385001895301683e-05,-0.0011439741521437528,0.0037001659746159444
1999-06-01,1999-07-01,volatility_3m,0.0035537304924925387,-0.00044860701245625023,-0.0011439741521437528,0.0037001659746159444
1999-07-01,1999-08-01,lag_0,0.005769502318011,0.00048586267940322616,0.0016650837828846834,0.003751718394603383
1999-07-01,1999-08-01,lag_1,-0.0007846779120086,-0.002612109282703159,0.0016650837828846834,0.003751718394603383
1999-07-01,1999-08-01,lag_2,0.0063026472583853,0.0011603266246993371,0.0016650837828846834,0.003751718394603383
1999-07-01,1999-08-01,lag_3,0.0022959860915063,-0.0004322527639624241,0.0016650837828846834,0.003751718394603383
1999-07-01,1999-08-01,lag_4,0.0022660526894453,0.0009189882390137427,0.0016650837828846834,0.003751718394603383
1999-07-01,1999-08-01,lag_5,0.0060630796503478,-0.0005647205250443221,0.0016650837828846834,0.003751718394603383
1999-07-01,1999-08-01,lag_6,0.0043112451049784,-2.7063385969086083e-05,0.0016650837828846834,0.003751718394603383
1999-07-01,1999-08-01,lag_7,0.0045201495934508,-0.0002359201429874247,0.0016650837828846834,0.003751718394603383
1999-07-01,1999-08-01,lag_8,-0.0007584271645324,-0.0017190897252055493,0.0016650837828846834,0.003751718394603383
1999-07-01,1999-08-01,lag_9,0.0068129990948513,-0.00019541149517863233,0.0016650837828846834,0.003751718394603383
1999-07-01,1999-08-01,lag_10,-0.0005323279149607,0.0009589703326719246,0.0016650837828846834,0.003751718394603383
1999-07-01,1999-08-01,lag_11,0.019875137990804825,-0.0001890612977854289,0.0016650837828846834,0.003751718394603383
1999-07-01,1999-08-01,volatility_3m,0.00394697563724272,0.00036484605746863965,0.0016650837828846834,0.003751718394603383
1999-08-01,1999-09-01,lag_0,0.0040072431636248,3.996073929783961e-06,0.0029123691240050677,0.003796525975014635
1999-08-01,1999-09-01,lag_1,0.005769502318011,0.0007776133276570363,0.0029123691240050677,0.003796525975014635
1999-08-01,1999-09-01,lag_2,-0.0007846779120086,-0.0010969711507323155,0.0029123691240050677,0.003796525975014635
1999-08-01,1999-09-01,lag_3,0.0063026472583853,0.0004356549660720077,0.0029123691240050677,0.003796525975014635
1999-08-01,1999-09-01,lag_4,0.0022959860915063,0.00114952959177117,0.0029123691240050677,0.003796525975014635
1999-08-01,1999-09-01,lag_5,0.0022660526894453,-0.000896192552136199,0.0029123691240050677,0.003796525975014635
1999-08-01,1999-09-01,lag_6,0.0060630796503478,5.850357959843677e-05,0.0029123691240050677,0.003796525975014635
1999-08-01,1999-09-01,lag_7,0.0043112451049784,-0.0007516785184679975,0.0029123691240050677,0.003796525975014635
1999-08-01,1999-09-01,lag_8,0.0045201495934508,0.00030117614332084483,0.0029123691240050677,0.003796525975014635
1999-08-01,1999-09-01,lag_9,-0.0007584271645324,-8.235563908783661e-05,0.0029123691240050677,0.003796525975014635
1999-08-01,1999-09-01,lag_10,0.0068129990948513,-0.00036412610964134726,0.0029123691240050677,0.003796525975014635
1999-08-01,1999-09-01,lag_11,-0.0005323279149607,0.00024002367620823862,0.0029123691240050677,0.003796525975014635
1999-08-01,1999-09-01,volatility_3m,0.003391787714708801,-0.0006593301828581844,0.0029123691240050677,0.003796525975014635
1999-09-01,1999-10-01,lag_0,-0.0040452610454524,0.0015563205935086443,0.009046541836339869,0.0037167376952725152
1999-09-01,1999-10-01,lag_1,0.0040072431636248,0.0007392046187806045,0.009046541836339869,0.0037167376952725152
1999-09-01,1999-10-01,lag_2,0.005769502318011,0.0005389188954109159,0.009046541836339869,0.0037167376952725152
1999-09-01,1999-10-01,lag_3,-0.0007846779120086,0.0007739658838954711,0.009046541836339869,0.0037167376952725152
1999-09-01,1999-10-01,lag_4,0.0063026472583853,0.00020887569197384438,0.009046541836339869,0.0037167376952725152
1999-09-01,1999-10-01,lag_5,0.0022959860915063,-0.0008540412091997496,0.009046541836339869,0.0037167376952725152
1999-09-01,1999-10-01,lag_6,0.0022660526894453,-1.3933415209521628e-06,0.009046541836339869,0.0037167376952725152
1999-09-01,1999-10-01,lag_7,0.0060630796503478,0.000994553684363666,0.009046541836339869,0.0037167376952725152
1999-09-01,1999-10-01,lag_8,0.0043112451049784,0.0009671879067536793,0.009046541836339869,0.0037167376952725152
1999-09-01,1999-10-01,lag_9,0.0045201495934508,0.00026257307504920393,0.009046541836339869,0.0037167376952725152
1999-09-01,1999-10-01,lag_10,-0.0007584271645324,0.0010662677423897548,0.009046541836339869,0.0037167376952725152
1999-09-01,1999-10-01,lag_11,0.0068129990948513,0.00016203250167109217,0.009046541836339869,0.0037167376952725152
1999-09-01,1999-10-01,volatility_3m,0.005232557711820727,-0.001084661833294831,0.009046541836339869,0.0037167376952725152
1999-10-01,1999-11-01,lag_0,0.0121488838987993,0.0009354795022068174,0.004968642413017899,0.0037364585088630136
1999-10-01,1999-11-01,lag_1,-0.0040452610454524,-0.0016475578166046034,0.004968642413017899,0.0037364585088630136
1999-10-01,1999-11-01,lag_2,0.0040072431636248,0.0003095759512279983,0.004968642413017899,0.0037364585088630136
1999-10-01,1999-11-01,lag_3,0.005769502318011,-0.0002500159440751304,0.004968642413017899,0.0037364585088630136
1999-10-01,1999-11-01,lag_4,-0.0007846779120086,0.00038294145134159407,0.004968642413017899,0.0037364585088630136
1999-10-01,1999-11-01,lag_5,0.0063026472583853,-0.0005038489766502608,0.004968642413017899,0.0037364585088630136
1999-10-01,1999-11-01,lag_6,0.0022959860915063,-9.788678575432641e-05,0.004968642413017899,0.0037364585088630136
1999-10-01,1999-11-01,lag_7,0.0022660526894453,1.0353964695468676e-05,0.004968642413017899,0.0037364585088630136
1999-10-01,1999-11-01,lag_8,0.0060630796503478,3.839359008736665e-05,0.004968642413017899,0.0037364585088630136
1999-10-01,1999-11-01,lag_9,0.0043112451049784,7.814786108838234e-05,0.004968642413017899,0.0037364585088630136
1999-10-01,1999-11-01,lag_10,0.0045201495934508,-4.6493315894622354e-05,0.004968642413017899,0.0037364585088630136
1999-10-01,1999-11-01,lag_11,-0.0007584271645324,0.00031462133084005474,0.004968642413017899,0.0037364585088630136
1999-10-01,1999-11-01,volatility_3m,0.008097113357788809,0.0017084731048726098,0.004968642413017899,0.0037364585088630136
1999-11-01,1999-12-01,lag_0,0.0048356761014245,-0.0007214508818560717,0.0036782406861467607,0.003741895199877865
1999-11-01,1999-12-01,lag_1,0.0121488838987993,6.124823450534222e-05,0.0036782406861467607,0.003741895199877865
1999-11-01,1999-12-01,lag_2,-0.0040452610454524,-0.0017416987171532128,0.0036782406861467607,0.003741895199877865
1999-11-01,1999-12-01,lag_3,0.0040072431636248,-0.0012469053259508201,0.0036782406861467607,0.003741895199877865
1999-11-01,1999-12-01,lag_4,0.005769502318011,-0.0006456849580308699,0.0036782406861467607,0.003741895199877865
1999-11-01,1999-12-01,lag_5,-0.0007846779120086,-0.0003356375354519514,0.0036782406861467607,0.003741895199877865
1999-11-01,1999-12-01,lag_6,0.0063026472583853,0.0005132262963388712,0.0036782406861467607,0.003741895199877865
1999-11-01,1999-12-01,lag_7,0.0022959860915063,0.00016041649592239083,0.0036782406861467607,0.003741895199877865
1999-11-01,1999-12-01,lag_8,0.0022660526894453,0.0005201237431856498,0.0036782406861467607,0.003741895199877865
1999-11-01,1999-12-01,lag_9,0.0060630796503478,0.0002979952123496332,0.0036782406861467607,0.003741895199877865
1999-11-01,1999-12-01,lag_10,0.0043112451049784,0.00019369928763808276,0.0036782406861467607,0.003741895199877865
1999-11-01,1999-12-01,lag_11,0.0045201495934508,-7.698920905113482e-05,0.0036782406861467607,0.003741895199877865
1999-11-01,1999-12-01,volatility_3m,0.008109710058214108,0.0029580027858696666,0.0036782406861467607,0.003741895199877865
1999-12-01,2000-01-01,lag_0,0.0076835338351468,-3.464116998657119e-05,0.004959584770504181,0.0038135696841262267
1999-12-01,2000-01-01,lag_1,0.0048356761014245,-0.00015299559171580768,0.004959584770504181,0.0038135696841262267
1999-12-01,2000-01-01,lag_2,0.0121488838987993,0.0007856353371835211,0.004959584770504181,0.0038135696841262267
1999-12-01,2000-01-01,lag_3,-0.0040452610454524,-0.0008528782328090756,0.004959584770504181,0.0038135696841262267
1999-12-01,2000-01-01,lag_4,0.0040072431636248,-0.0006093504830960228,0.004959584770504181,0.0038135696841262267
1999-12-01,2000-01-01,lag_5,0.005769502318011,0.0005073120459019265,0.004959584770504181,0.0038135696841262267
1999-12-01,2000-01-01,lag_6,-0.0007846779120086,0.00035280947621231463,0.004959584770504181,0.0038135696841262267
1999-12-01,2000-01-01,lag_7,0.0063026472583853,0.0008008966221609626,0.004959584770504181,0.0038135696841262267
1999-12-01,2000-01-01,lag_8,0.0022959860915063,0.0008462125973665025,0.004959584770504181,0.0038135696841262267
1999-12-01,2000-01-01,lag_9,0.0022660526894453,-1.4621462273680663e-05,0.004959584770504181,0.0038135696841262267
1999-12-01,2000-01-01,lag_10,0.0060630796503478,1.6059044282883407e-05,0.004959584770504181,0.0038135696841262267
1999-12-01,2000-01-01,lag_11,0.0043112451049784,-7.473354755802575e-05,0.004959584770504181,0.0038135696841262267
1999-12-01,2000-01-01,volatility_3m,0.003686295637223247,-0.00042368955940219166,0.004959584770504181,0.0038135696841262267
2000-01-01,2000-02-01,lag_0,-0.001368985385314,-0.0004509952204716683,0.004428833489622726,0.003672815543437577
2000-01-01,2000-02-01,lag_1,0.0076835338351468,0.00023503311587546704,0.004428833489622726,0.003672815543437577
2000-01-01,2000-02-01,lag_2,0.0048356761014245,0.0003975009047883304,0.004428833489622726,0.003672815543437577
2000-01-01,2000-02-01,lag_3,0.0121488838987993,0.0010560432653369388,0.004428833489622726,0.003672815543437577
2000-01-01,2000-02-01,lag_4,-0.0040452610454524,-0.00032465147549373794,0.004428833489622726,0.003672815543437577
2000-01-01,2000-02-01,lag_5,0.0040072431636248,-0.00045030857809933876,0.004428833489622726,0.003672815543437577
2000-01-01,2000-02-01,lag_6,0.005769502318011,0.0001904489055493741,0.004428833489622726,0.003672815543437577
2000-01-01,2000-02-01,lag_7,-0.0007846779120086,-0.0002442583752986138,0.004428833489622726,0.003672815543437577
2000-01-01,2000-02-01,lag_8,0.0063026472583853,0.0004583465953612631,0.004428833489622726,0.003672815543437577
2000-01-01,2000-02-01,lag_9,0.0022959860915063,-0.0001830405218765918,0.004428833489622726,0.003672815543437577
2000-01-01,2000-02-01,lag_10,0.0022660526894453,0.0005856265721752152,0.004428833489622726,0.003672815543437577
2000-01-01,2000-02-01,lag_11,0.0060630796503478,-0.00015658875573535625,0.004428833489622726,0.003672815543437577
2000-01-01,2000-02-01,volatility_3m,0.0046288267425153235,-0.00035713851210061875,0.004428833489622726,0.003672815543437577
2000-02-01,2000-03-01,lag_0,0.0031184257109906,-0.000881706401178235,0.000496941853403258,0.003808122288060386
2000-02-01,2000-03-01,lag_1,-0.001368985385314,-0.00220252603747781,0.000496941853403258,0.003808122288060386
2000-02-01,2000-03-01,lag_2,0.0076835338351468,0.001156341153118774,0.000496941853403258,0.003808122288060386
2000-02-01,2000-03-01,lag_3,0.0048356761014245,-0.0005036681500837403,0.000496941853403258,0.003808122288060386
2000-02-01,2000-03-01,lag_4,0.0121488838987993,-0.0005580933158194057,0.000496941853403258,0.003808122288060386
2000-02-01,2000-03-01,lag_5,-0.0040452610454524,0.0008828513290995943,0.000496941853403258,0.003808122288060386
2000-02-01,2000-03-01,lag_6,0.0040072431636248,-1.634061485674465e-05,0.000496941853403258,0.003808122288060386
2000-02-01,2000-03-01,lag_7,0.005769502318011,0.0007822254415304997,0.000496941853403258,0.003808122288060386
2000-02-01,2000-03-01,lag_8,-0.0007846779120086,-0.001200670942381521,0.000496941853403258,0.003808122288060386
2000-02-01,2000-03-01,lag_9,0.0063026472583853,-0.00011536036396250893,0.000496941853403258,0.003808122288060386
2000-02-01,2000-03-01,lag_10,0.0022959860915063,0.0001246720385830713,0.000496941853403258,0.003808122288060386
2000-02-01,2000-03-01,lag_11,0.0022660526894453,-0.00021940025607364077,0.000496941853403258,0.003808122288060386
2000-02-01,2000-03-01,volatility_3m,0.004526315182155841,-0.0005595043709763558,0.000496941853403258,0.003808122288060386
2000-03-01,2000-04-01,lag_0,0.0035494125296793,-0.000872856004514233,0.0009743375142401247,0.0038372679152566913
2000-03-01,2000-04-01,lag_1,0.0031184257109906,0.0008229704129144011,0.0009743375142401247,0.0038372679152566913
2000-03-01,2000-04-01,lag_2,-0.001368985385314,-0.0015374105809360117,0.0009743375142401247,0.0038372679152566913
2000-03-01,2000-04-01,lag_3,0.0076835338351468,-1.6522426502660892e-05,0.0009743375142401247,0.0038372679152566913
2000-03-01,2000-04-01,lag_4,0.0048356761014245,-4.580686133294875e-05,0.0009743375142401247,0.0038372679152566913
2000-03-01,2000-04-01,lag_5,0.0121488838987993,0.001548878175963182,0.0009743375142401247,0.0038372679152566913
2000-03-01,2000-04-01,lag_6,-0.0040452610454524,-0.0009459013517505355,0.0009743375142401247,0.0038372679152566913
2000-03-01,2000-04-01,lag_7,0.0040072431636248,-0.0011318651686133307,0.0009743375142401247,0.0038372679152566913
2000-03-01,2000-04-01,lag_8,0.005769502318011,3.9921849509028104e-05,0.0009743375142401247,0.0038372679152566913
2000-03-01,2000-04-01,lag_9,-0.0007846779120086,-0.0004550943769265814,0.0009743375142401247,0.0038372679152566913
2000-03-01,2000-04-01,lag_10,0.0063026472583853,-0.00022936968689919013,0.0009743375142401247,0.0038372679152566913
2000-03-01,2000-04-01,lag_11,0.0022959860915063,0.00021797066108092622,0.0009743375142401247,0.0038372679152566913
2000-03-01,2000-04-01,volatility_3m,0.0027237610650021997,-0.000257845171615827,0.0009743375142401247,0.0038372679152566913
2000-04-01,2000-05-01,lag_0,0.0059345814110471,-0.0001617303981100804,0.0019052269755242648,0.003957784990470937
2000-04-01,2000-05-01,lag_1,0.0035494125296793,0.00034760192759222266,0.0019052269755242648,0.003957784990470937
2000-04-01,2000-05-01,lag_2,0.0031184257109906,1.4560291475618214e-05,0.0019052269755242648,0.003957784990470937
2000-04-01,2000-05-01,lag_3,-0.001368985385314,-0.0002893307359818209,0.0019052269755242648,0.003957784990470937
2000-04-01,2000-05-01,lag_4,0.0076835338351468,0.00014102741067517855,0.0019052269755242648,0.003957784990470937
2000-04-01,2000-05-01,lag_5,0.0048356761014245,-0.0008502584277266578,0.0019052269755242648,0.003957784990470937
2000-04-01,2000-05-01,lag_6,0.0121488838987993,2.3798572037776466e-05,0.0019052269755242648,0.003957784990470937
2000-04-01,2000-05-01,lag_7,-0.0040452610454524,-0.000817690730391405,0.0019052269755242648,0.003957784990470937
2000-04-01,2000-05-01,lag_8,0.0040072431636248,0.00047938356828126417,0.0019052269755242648,0.003957784990470937
2000-04-01,2000-05-01,lag_9,0.005769502318011,-0.00011003557451658708,0.0019052269755242648,0.003957784990470937
2000-04-01,2000-05-01,lag_10,-0.0007846779120086,0.0007292394708974825,0.0019052269755242648,0.003957784990470937
2000-04-01,2000-05-01,lag_11,0.0063026472583853,-0.00023652764734151787,0.0019052269755242648,0.003957784990470937
2000-04-01,2000-05-01,volatility_3m,0.0015168779975929425,-0.0013225957412873867,0.0019052269755242648,0.003957784990470937
2000-05-01,2000-06-01,lag_0,0.0027040320534066,-0.0008845621071350251,-0.0005486521618568907,0.003917741529270202
2000-05-01,2000-06-01,lag_1,0.0059345814110471,0.0004614978939980574,-0.0005486521618568907,0.003917741529270202
2000-05-01,2000-06-01,lag_2,0.0035494125296793,-9.354204501050844e-06,-0.0005486521618568907,0.003917741529270202
2000-05-01,2000-06-01,lag_3,0.0031184257109906,-0.0006474343395780124,-0.0005486521618568907,0.003917741529270202
2000-05-01,2000-06-01,lag_4,-0.001368985385314,-0.0016111566073186622,-0.0005486521618568907,0.003917741529270202
2000-05-01,2000-06-01,lag_5,0.0076835338351468,0.0002511825056080852,-0.0005486521618568907,0.003917741529270202
2000-05-01,2000-06-01,lag_6,0.0048356761014245,-0.00011724857303761382,-0.0005486521618568907,0.003917741529270202
2000-05-01,2000-06-01,lag_7,0.0121488838987993,0.00024043325461235555,-0.0005486521618568907,0.003917741529270202
2000-05-01,2000-06-01,lag_8,-0.0040452610454524,-0.0010167819946218515,-0.0005486521618568907,0.003917741529270202
2000-05-01,2000-06-01,lag_9,0.0040072431636248,7.604472124967288e-05,-0.0005486521618568907,0.003917741529270202
2000-05-01,2000-06-01,lag_10,0.005769502318011,-6.97289314689442e-05,-0.0005486521618568907,0.003917741529270202
2000-05-01,2000-06-01,lag_11,-0.0007846779120086,-0.000522334504751143,-0.0005486521618568907,0.003917741529270202
2000-05-01,2000-06-01,volatility_3m,0.0016753182729688425,-0.0006169509058986478,-0.0005486521618568907,0.003917741529270202
2000-06-01,2000-07-01,lag_0,0.0003904567263823,-0.0013433463285484316,0.001706588996100384,0.004066075363934503
2000-06-01,2000-07-01,lag_1,0.0027040320534066,0.0005946623912620375,0.001706588996100384,0.004066075363934503
2000-06-01,2000-07-01,lag_2,0.0059345814110471,0.0011156481444727006,0.001706588996100384,0.004066075363934503
2000-06-01,2000-07-01,lag_3,0.0035494125296793,-0.0011258018128340553,0.001706588996100384,0.004066075363934503
2000-06-01,2000-07-01,lag_4,0.0031184257109906,-0.0007453029236447151,0.001706588996100384,0.004066075363934503
2000-06-01,2000-07-01,lag_5,-0.001368985385314,-0.0007514368254950199,0.001706588996100384,0.004066075363934503
2000-06-01,2000-07-01,lag_6,0.0076835338351468,-0.00026364151557945804,0.001706588996100384,0.004066075363934503
2000-06-01,2000-07-01,lag_7,0.0048356761014245,-0.0001755164160669942,0.001706588996100384,0.004066075363934503
2000-06-01,2000-07-01,lag_8,0.0121488838987993,0.0009222694129002917,0.001706588996100384,0.004066075363934503
2000-06-01,2000-07-01,lag_9,-0.0040452610454524,-0.0003375631744960117,0.001706588996100384,0.004066075363934503
2000-06-01,2000-07-01,lag_10,0.0040072431636248,0.000494634036234416,0.001706588996100384,0.004066075363934503
2000-06-01,2000-07-01,lag_11,0.005769502318011,-0.0002466173834555363,0.001706588996100384,0.004066075363934503
2000-06-01,2000-07-01,volatility_3m,0.002784672286675658,-0.0004974739013946027,0.001706588996100384,0.004066075363934503
2000-07-01,2000-08-01,lag_0,-0.0019527324535886,-0.0008908978793296995,0.00235610104005237,0.0039639583119159055
2000-07-01,2000-08-01,lag_1,0.0003904567263823,-0.0009936497397890775,0.00235610104005237,0.0039639583119159055
2000-07-01,2000-08-01,lag_2,0.0027040320534066,-0.00031261785096255325,0.00235610104005237,0.0039639583119159055
2000-07-01,2000-08-01,lag_3,0.0059345814110471,0.00019312387067831337,0.00235610104005237,0.0039639583119159055
2000-07-01,2000-08-01,lag_4,0.0035494125296793,-3.0561360511072164e-06,0.00235610104005237,0.0039639583119159055
2000-07-01,2000-08-01,lag_5,0.0031184257109906,-0.0013551651830852052,0.00235610104005237,0.0039639583119159055
2000-07-01,2000-08-01,lag_6,-0.001368985385314,-0.00040689239546857434,0.00235610104005237,0.0039639583119159055
2000-07-01,2000-08-01,lag_7,0.0076835338351468,0.0002514656907366053,0.00235610104005237,0.0039639583119159055
2000-07-01,2000-08-01,lag_8,0.0048356761014245,0.0007942612479149957,0.00235610104005237,0.0039639583119159055
2000-07-01,2000-08-01,lag_9,0.0121488838987993,0.0005055908796060038,0.00235610104005237,0.0039639583119159055
2000-07-01,2000-08-01,lag_10,-0.0040452610454524,0.0005830198461713998,0.00235610104005237,0.0039639583119159055
2000-07-01,2000-08-01,lag_11,0.0040072431636248,-0.00042288863607854667,0.00235610104005237,0.0039639583119159055
2000-07-01,2000-08-01,volatility_3m,0.002328397947107215,0.0004498490106274211,0.00235610104005237,0.0039639583119159055
2000-08-01,2000-09-01,lag_0,-0.0027266333927551,-0.0011122040475532557,-0.0028405221269083587,0.0038609636135940313
2000-08-01,2000-09-01,lag_1,-0.0019527324535886,-0.001259955765286236,-0.0028405221269083587,0.0038609636135940313
2000-08-01,2000-09-01,lag_2,0.0003904567263823,-0.0011108288621939977,-0.0028405221269083587,0.0038609636135940313
2000-08-01,2000-09-01,lag_3,0.0027040320534066,-0.0005216233867733244,-0.0028405221269083587,0.0038609636135940313
2000-08-01,2000-09-01,lag_4,0.0059345814110471,0.00041861665615449794,-0.0028405221269083587,0.0038609636135940313
2000-08-01,2000-09-01,lag_5,0.0035494125296793,-0.0005508817360587414,-0.0028405221269083587,0.0038609636135940313
2000-08-01,2000-09-01,lag_6,0.0031184257109906,0.00019561609274780346,-0.0028405221269083587,0.0038609636135940313
2000-08-01,2000-09-01,lag_7,-0.001368985385314,-0.0005708859949296041,-0.0028405221269083587,0.0038609636135940313
2000-08-01,2000-09-01,lag_8,0.0076835338351468,7.110719410619026e-08,-0.0028405221269083587,0.0038609636135940313
2000-08-01,2000-09-01,lag_9,0.0048356761014245,-5.209275969669136e-05,-0.0028405221269083587,0.0038609636135940313
2000-08-01,2000-09-01,lag_10,0.0121488838987993,-0.000613742051773869,-0.0028405221269083587,0.0038609636135940313
2000-08-01,2000-09-01,lag_11,-0.0040452610454524,-0.0005094760073053806,-0.0028405221269083587,0.0038609636135940313
2000-08-01,2000-09-01,volatility_3m,0.0016230480074846574,-0.0010140989851586824,-0.0028405221269083587,0.0038609636135940313
2000-09-01,2000-10-01,lag_0,0.0046040830248808,0.00037080248430441996,0.0033734422237784558,0.0038744683358482262
2000-09-01,2000-10-01,lag_1,-0.0027266333927551,-0.0004343105784125001,0.0033734422237784558,0.0038744683358482262
2000-09-01,2000-10-01,lag_2,-0.0019527324535886,-0.0004840923149775023,0.0033734422237784558,0.0038744683358482262
2000-09-01,2000-10-01,lag_3,0.0003904567263823,0.00030490806339596334,0.0033734422237784558,0.0038744683358482262
2000-09-01,2000-10-01,lag_4,0.0027040320534066,0.0012629808839023581,0.0033734422237784558,0.0038744683358482262
2000-09-01,2000-10-01,lag_5,0.0059345814110471,-0.00022468128402351793,0.0033734422237784558,0.0038744683358482262
2000-09-01,2000-10-01,lag_6,0.0035494125296793,-0.000226346860334381,0.0033734422237784558,0.0038744683358482262
2000-09-01,2000-10-01,lag_7,0.0031184257109906,-0.0003644780413610604,0.0033734422237784558,0.0038744683358482262
2000-09-01,2000-10-01,lag_8,-0.001368985385314,-0.0018025748402606468,0.0033734422237784558,0.0038744683358482262
2000-09-01,2000-10-01,lag_9,0.0076835338351468,0.0005127152490081244,0.0033734422237784558,0.0038744683358482262
2000-09-01,2000-10-01,lag_10,0.0048356761014245,0.0007021858187605901,0.0033734422237784558,0.0038744683358482262
2000-09-01,2000-10-01,lag_11,0.0121488838987993,0.00014535266216007868,0.0033734422237784558,0.0038744683358482262
2000-09-01,2000-10-01,volatility_3m,0.004027616232093437,-0.0002634873318961084,0.0033734422237784558,0.0038744683358482262
2000-10-01,2000-11-01,lag_0,-0.0038933847177071,0.0026680956959253877,0.003464807856838635,0.003831306975155985
2000-10-01,2000-11-01,lag_1,0.0046040830248808,0.000355138848722536,0.003464807856838635,0.003831306975155985
2000-10-01,2000-11-01,lag_2,-0.0027266333927551,-0.00023043196788698593,0.003464807856838635,0.003831306975155985
2000-10-01,2000-11-01,lag_3,-0.0019527324535886,-0.0004753927519761447,0.003464807856838635,0.003831306975155985
2000-10-01,2000-11-01,lag_4,0.0003904567263823,2.305563160028612e-05,0.003464807856838635,0.003831306975155985
2000-10-01,2000-11-01,lag_5,0.0027040320534066,-0.0011820198650121228,0.003464807856838635,0.003831306975155985
2000-10-01,2000-11-01,lag_6,0.0059345814110471,0.0007244025585065827,0.003464807856838635,0.003831306975155985
2000-10-01,2000-11-01,lag_7,0.0035494125296793,-1.0181799364143984e-05,0.003464807856838635,0.003831306975155985
2000-10-01,2000-11-01,lag_8,0.0031184257109906,0.0006404872167277631,0.003464807856838635,0.003831306975155985
2000-10-01,2000-11-01,lag_9,-0.001368985385314,-0.0007664612650070879,0.003464807856838635,0.003831306975155985
2000-10-01,2000-11-01,lag_10,0.0076835338351468,-0.001020137059604771,0.003464807856838635,0.003831306975155985
2000-10-01,2000-11-01,lag_11,0.0048356761014245,7.226727480317053e-05,0.003464807856838635,0.003831306975155985
2000-10-01,2000-11-01,volatility_3m,0.004606294061506055,-0.0011653215686886753,0.003464807856838635,0.003831306975155985
2000-11-01,2000-12-01,lag_0,0.0002796044748452,-0.0017707034864266546,0.004844860026746417,0.0037428858451526775
2000-11-01,2000-12-01,lag_1,-0.0038933847177071,-0.0010451330563266482,0.004844860026746417,0.0037428858451526775
2000-11-01,2000-12-01,lag_2,0.0046040830248808,0.0007137985304909833,0.004844860026746417,0.0037428858451526775
2000-11-01,2000-12-01,lag_3,-0.0027266333927551,-0.0010345090635694731,0.004844860026746417,0.0037428858451526775
2000-11-01,2000-12-01,lag_4,-0.0019527324535886,-3.0141212132122064e-05,0.004844860026746417,0.0037428858451526775
2000-11-01,2000-12-01,lag_5,0.0003904567263823,0.0007781939324346965,0.004844860026746417,0.0037428858451526775
2000-11-01,2000-12-01,lag_6,0.0027040320534066,0.00031565146491422167,0.004844860026746417,0.0037428858451526775
2000-11-01,2000-12-01,lag_7,0.0059345814110471,0.0010628091847798516,0.004844860026746417,0.0037428858451526775
2000-11-01,2000-12-01,lag_8,0.0035494125296793,0.0004108573286847417,0.004844860026746417,0.0037428858451526775
2000-11-01,2000-12-01,lag_9,0.0031184257109906,5.64233013557569e-05,0.004844860026746417,0.0037428858451526775
2000-11-01,2000-12-01,lag_10,-0.001368985385314,0.0006375585503644742,0.004844860026746417,0.0037428858451526775
2000-11-01,2000-12-01,lag_11,0.0076835338351468,0.0009720929049803217,0.004844860026746417,0.0037428858451526775
2000-11-01,2000-12-01,volatility_3m,0.004248958922826434,3.507594574735151e-05,0.004844860026746417,0.0037428858451526775
2000-12-01,2001-01-01,lag_0,-0.0032683707203071,-0.00016610906474241461,0.0016453233804905787,0.003765536991253773
2000-12-01,2001-01-01,lag_1,0.0002796044748452,-0.0015857028867719337,0.0016453233804905787,0.003765536991253773
2000-12-01,2001-01-01,lag_2,-0.0038933847177071,-0.0012509032836820388,0.0016453233804905787,0.003765536991253773
2000-12-01,2001-01-01,lag_3,0.0046040830248808,6.67709622824475e-05,0.0016453233804905787,0.003765536991253773
2000-12-01,2001-01-01,lag_4,-0.0027266333927551,-0.0007072639937364044,0.0016453233804905787,0.003765536991253773
2000-12-01,2001-01-01,lag_5,-0.0019527324535886,0.0003315018906412703,0.0016453233804905787,0.003765536991253773
2000-12-01,2001-01-01,lag_6,0.0003904567263823,9.860743998714839e-05,0.0016453233804905787,0.003765536991253773
2000-12-01,2001-01-01,lag_7,0.0027040320534066,0.0003320527515869998,0.0016453233804905787,0.003765536991253773
2000-12-01,2001-01-01,lag_8,0.0059345814110471,-0.00010259597474082227,0.0016453233804905787,0.003765536991253773
2000-12-01,2001-01-01,lag_9,0.0035494125296793,0.00010894053437379369,0.0016453233804905787,0.003765536991253773
2000-12-01,2001-01-01,lag_10,0.0031184257109906,0.0006768385129002752,0.0016453233804905787,0.003765536991253773
2000-12-01,2001-01-01,lag_11,-0.001368985385314,0.0001376769319804616,0.0016453233804905787,0.003765536991253773
2000-12-01,2001-01-01,volatility_3m,0.0022506521011890542,-6.002741544861578e-05,0.0016453233804905787,0.003765536991253773
2001-01-01,2001-02-01,lag_0,-0.0047708693509234,0.0017616067438770955,0.0023488795508007873,0.003682775028717924
2001-01-01,2001-02-01,lag_1,-0.0032683707203071,-0.00042623530473516523,0.0023488795508007873,0.003682775028717924
2001-01-01,2001-02-01,lag_2,0.0002796044748452,-0.0008731989206649437,0.0023488795508007873,0.003682775028717924
2001-01-01,2001-02-01,lag_3,-0.0038933847177071,-0.0018027251345127126,0.0023488795508007873,0.003682775028717924
2001-01-01,2001-02-01,lag_4,0.0046040830248808,-1.5306459862998168e-05,0.0023488795508007873,0.003682775028717924
2001-01-01,2001-02-01,lag_5,-0.0027266333927551,-0.0003541349087740553,0.0023488795508007873,0.003682775028717924
2001-01-01,2001-02-01,lag_6,-0.0019527324535886,-0.0007028510050516346,0.0023488795508007873,0.003682775028717924
2001-01-01,2001-02-01,lag_7,0.0003904567263823,-7.42427246365196e-07,0.0023488795508007873,0.003682775028717924
2001-01-01,2001-02-01,lag_8,0.0027040320534066,0.0008010452295171788,0.0023488795508007873,0.003682775028717924
2001-01-01,2001-02-01,lag_9,0.0059345814110471,0.00019847961568132178,0.0023488795508007873,0.003682775028717924
2001-01-01,2001-02-01,lag_10,0.0035494125296793,0.00019150482605990505,0.0023488795508007873,0.003682775028717924
2001-01-01,2001-02-01,lag_11,0.0031184257109906,-3.5498150666413154e-05,0.0023488795508007873,0.003682775028717924
2001-01-01,2001-02-01,volatility_3m,0.0025933541982406227,-7.58395717133098e-05,0.0023488795508007873,0.003682775028717924
2001-02-01,2001-03-01,lag_0,-0.0065347651343703,-0.0013640239326227288,-0.0011806285450605713,0.0035521500755431763
2001-02-01,2001-03-01,lag_1,-0.0047708693509234,-0.001186727415260016,-0.0011806285450605713,0.0035521500755431763
2001-02-01,2001-03-01,lag_2,-0.0032683707203071,-0.000664416816258786,-0.0011806285450605713,0.0035521500755431763
2001-02-01,2001-03-01,lag_3,0.0002796044748452,0.00022009171274877559,-0.0011806285450605713,0.0035521500755431763
2001-02-01,2001-03-01,lag_4,-0.0038933847177071,-3.2202152502947e-05,-0.0011806285450605713,0.0035521500755431763
2001-02-01,2001-03-01,lag_5,0.0046040830248808,-0.0006123573424794415,-0.0011806285450605713,0.0035521500755431763
2001-02-01,2001-03-01,lag_6,-0.0027266333927551,-0.0008110010495070697,-0.0011806285450605713,0.0035521500755431763
2001-02-01,2001-03-01,lag_7,-0.0019527324535886,-0.0005227351185673968,-0.0011806285450605713,0.0035521500755431763
2001-02-01,2001-03-01,lag_8,0.0003904567263823,0.000649486644598376,-0.0011806285450605713,0.0035521500755431763
2001-02-01,2001-03-01,lag_9,0.0027040320534066,0.00016565298547572383,-0.0011806285450605713,0.0035521500755431763
2001-02-01,2001-03-01,lag_10,0.0059345814110471,-9.995576181630383e-05,-0.0011806285450605713,0.0035521500755431763
2001-02-01,2001-03-01,lag_11,0.0035494125296793,-0.0003114659335187753,-0.0011806285450605713,0.0035521500755431763
2001-02-01,2001-03-01,volatility_3m,0.0016349394962346918,-0.00016312442009689844,-0.0011806285450605713,0.0035521500755431763
2001-03-01,2001-04-01,lag_0,-0.0020524117552422,-0.001530711783586547,-0.006892533682673209,0.0034951105169953663
2001-03-01,2001-04-01,lag_1,-0.0065347651343703,-0.00039202082717089583,-0.006892533682673209,0.0034951105169953663
2001-03-01,2001-04-01,lag_2,-0.0047708693509234,-0.002717756282011656,-0.006892533682673209,0.0034951105169953663
2001-03-01,2001-04-01,lag_3,-0.0032683707203071,-0.0019604960693386884,-0.006892533682673209,0.0034951105169953663
2001-03-01,2001-04-01,lag_4,0.0002796044748452,1.3056123641437268e-05,-0.006892533682673209,0.0034951105169953663
2001-03-01,2001-04-01,lag_5,-0.0038933847177071,2.0225136850022807e-05,-0.006892533682673209,0.0034951105169953663
2001-03-01,2001-04-01,lag_6,0.0046040830248808,5.610853265693549e-05,-0.006892533682673209,0.0034951105169953663
2001-03-01,2001-04-01,lag_7,-0.0027266333927551,-0.001532355043612732,-0.006892533682673209,0.0034951105169953663
2001-03-01,2001-04-01,lag_8,-0.0019527324535886,-0.0019832313522970325,-0.006892533682673209,0.0034951105169953663
2001-03-01,2001-04-01,lag_9,0.0003904567263823,-0.00015732107689483854,-0.006892533682673209,0.0034951105169953663
2001-03-01,2001-04-01,lag_10,0.0027040320534066,0.00017277912820844676,-0.006892533682673209,0.0034951105169953663
2001-03-01,2001-04-01,lag_11,0.0059345814110471,-0.00026436386954770797,-0.006892533682673209,0.0034951105169953663
2001-03-01,2001-04-01,volatility_3m,0.002258053433445116,-0.00011155681646991766,-0.006892533682673209,0.0034951105169953663
2001-04-01,2001-05-01,lag_0,-0.0035963806723389,-0.0016742680977150926,-0.004284110387736949,0.0034452994582650793
2001-04-01,2001-05-01,lag_1,-0.0020524117552422,-0.0013525528279448552,-0.004284110387736949,0.0034452994582650793
2001-04-01,2001-05-01,lag_2,-0.0065347651343703,-0.0018902215630394181,-0.004284110387736949,0.0034452994582650793
2001-04-01,2001-05-01,lag_3,-0.0047708693509234,-0.0005690369077096058,-0.004284110387736949,0.0034452994582650793
2001-04-01,2001-05-01,lag_4,-0.0032683707203071,0.000797983400401403,-0.004284110387736949,0.0034452994582650793
2001-04-01,2001-05-01,lag_5,0.0002796044748452,0.00021667194885724328,-0.004284110387736949,0.0034452994582650793
2001-04-01,2001-05-01,lag_6,-0.0038933847177071,-0.0006807356066714565,-0.004284110387736949,0.0034452994582650793
2001-04-01,2001-05-01,lag_7,0.0046040830248808,8.351362315986321e-05,-0.004284110387736949,0.0034452994582650793
2001-04-01,2001-05-01,lag_8,-0.0027266333927551,-0.0017040693302798715,-0.004284110387736949,0.0034452994582650793
2001-04-01,2001-05-01,lag_9,-0.0019527324535886,-0.0006376643312908925,-0.004284110387736949,0.0034452994582650793
2001-04-01,2001-05-01,lag_10,0.0003904567263823,-0.0001551607579007941,-0.004284110387736949,0.0034452994582650793
2001-04-01,2001-05-01,lag_11,0.0027040320534066,-0.00015802801138189437,-0.004284110387736949,0.0034452994582650793
2001-04-01,2001-05-01,volatility_3m,0.0022770388328942123,-5.841413833209686e-06,-0.004284110387736949,0.0034452994582650793
2001-05-01,2001-06-01,lag_0,-0.0047873447856305,-0.00012876963062836923,-0.0028249029031778704,0.0033554882593688673
2001-05-01,2001-06-01,lag_1,-0.0035963806723389,-0.0007873074062431939,-0.0028249029031778704,0.0033554882593688673
2001-05-01,2001-06-01,lag_2,-0.0020524117552422,-0.0018007024245434078,-0.0028249029031778704,0.0033554882593688673
2001-05-01,2001-06-01,lag_3,-0.0065347651343703,0.0006246359624077158,-0.0028249029031778704,0.0033554882593688673
2001-05-01,2001-06-01,lag_4,-0.0047708693509234,-0.00037533812608643303,-0.0028249029031778704,0.0033554882593688673
2001-05-01,2001-06-01,lag_5,-0.0032683707203071,0.00024265163368145437,-0.0028249029031778704,0.0033554882593688673
2001-05-01,2001-06-01,lag_6,0.0002796044748452,2.7089739357926134e-05,-0.0028249029031778704,0.0033554882593688673
2001-05-01,2001-06-01,lag_7,-0.0038933847177071,-0.0013946738100748491,-0.0028249029031778704,0.0033554882593688673
2001-05-01,2001-06-01,lag_8,0.0046040830248808,-5.002622324106199e-05,-0.0028249029031778704,0.0033554882593688673
2001-05-01,2001-06-01,lag_9,-0.0027266333927551,-0.0019555599904487763,-0.0028249029031778704,0.0033554882593688673
2001-05-01,2001-06-01,lag_10,-0.0019527324535886,-0.00017047892739425308,-0.0028249029031778704,0.0033554882593688673
2001-05-01,2001-06-01,lag_11,0.0003904567263823,0.00019781309343994025,-0.0028249029031778704,0.0033554882593688673
2001-05-01,2001-06-01,volatility_3m,0.0013712581945557719,-0.0006097250567198387,-0.0028249029031778704,0.0033554882593688673
2001-06-01,2001-07-01,lag_0,-0.005294243917338,0.0005164294368472078,-0.0019866455037600406,0.003254468144428157
2001-06-01,2001-07-01,lag_1,-0.0047873447856305,-0.0018264558478115233,-0.0019866455037600406,0.003254468144428157
2001-06-01,2001-07-01,lag_2,-0.0035963806723389,-0.002162771003276056,-0.0019866455037600406,0.003254468144428157
2001-06-01,2001-07-01,lag_3,-0.0020524117552422,0.00047634861444409535,-0.0019866455037600406,0.003254468144428157
2001-06-01,2001-07-01,lag_4,-0.0065347651343703,1.047426653931538e-05,-0.0019866455037600406,0.003254468144428157
2001-06-01,2001-07-01,lag_5,-0.0047708693509234,0.0020083199610410494,-0.0019866455037600406,0.003254468144428157
2001-06-01,2001-07-01,lag_6,-0.0032683707203071,-0.0004607450156384729,-0.0019866455037600406,0.003254468144428157
2001-06-01,2001-07-01,lag_7,0.0002796044748452,-0.0003207899391173008,-0.0019866455037600406,0.003254468144428157
2001-06-01,2001-07-01,lag_8,-0.0038933847177071,-0.0020962851893923506,-0.0019866455037600406,0.003254468144428157
2001-06-01,2001-07-01,lag_9,0.0046040830248808,0.00012380212907910247,-0.0019866455037600406,0.003254468144428157
2001-06-01,2001-07-01,lag_10,-0.0027266333927551,-0.00046727049724333726,-0.0019866455037600406,0.003254468144428157
2001-06-01,2001-07-01,lag_11,-0.0019527324535886,-5.118164746473752e-05,-0.0019866455037600406,0.003254468144428157
2001-06-01,2001-07-01,volatility_3m,0.0008715964134461488,-0.0009909889342790558,-0.0019866455037600406,0.003254468144428157
2001-07-01,2001-08-01,lag_0,-0.0064248032714528,-0.0016053531973559566,-0.004886222559295476,0.0031979754356116167
2001-07-01,2001-08-01,lag_1,-0.005294243917338,-0.0014928755409745165,-0.004886222559295476,0.0031979754356116167
2001-07-01,2001-08-01,lag_2,-0.0047873447856305,-0.00081249870798902,-0.004886222559295476,0.0031979754356116167
2001-07-01,2001-08-01,lag_3,-0.0035963806723389,-0.0024691817238494096,-0.004886222559295476,0.0031979754356116167
2001-07-01,2001-08-01,lag_4,-0.0020524117552422,-0.0005716560441979901,-0.004886222559295476,0.0031979754356116167
2001-07-01,2001-08-01,lag_5,-0.0065347651343703,0.001023134408128854,-0.004886222559295476,0.0031979754356116167
2001-07-01,2001-08-01,lag_6,-0.0047708693509234,-0.00047390727011705104,-0.004886222559295476,0.0031979754356116167
2001-07-01,2001-08-01,lag_7,-0.0032683707203071,-0.0010299770935014152,-0.004886222559295476,0.0031979754356116167
2001-07-01,2001-08-01,lag_8,0.0002796044748452,0.001191864193049348,-0.004886222559295476,0.0031979754356116167
2001-07-01,2001-08-01,lag_9,-0.0038933847177071,-0.001640088683240375,-0.004886222559295476,0.0031979754356116167
2001-07-01,2001-08-01,lag_10,0.0046040830248808,0.00023316653231104212,-0.004886222559295476,0.0031979754356116167
2001-07-01,2001-08-01,lag_11,-0.0027266333927551,0.0002570641621279357,-0.004886222559295476,0.0031979754356116167
2001-07-01,2001-08-01,volatility_3m,0.0008382900726770887,-0.0006938891433574846,-0.004886222559295476,0.0031979754356116167
2001-08-01,2001-09-01,lag_0,-0.0011484395650906,-0.0009598160766911068,-0.010126575427856513,0.0031606308233422414
2001-08-01,2001-09-01,lag_1,-0.0064248032714528,0.00044021760986733937,-0.010126575427856513,0.0031606308233422414
2001-08-01,2001-09-01,lag_2,-0.005294243917338,-0.0026318480287521595,-0.010126575427856513,0.0031606308233422414
2001-08-01,2001-09-01,lag_3,-0.0047873447856305,-0.0014772189308562033,-0.010126575427856513,0.0031606308233422414
2001-08-01,2001-09-01,lag_4,-0.0035963806723389,-0.0005789240208719981,-0.010126575427856513,0.0031606308233422414
2001-08-01,2001-09-01,lag_5,-0.0020524117552422,-0.00041526275319548223,-0.010126575427856513,0.0031606308233422414
2001-08-01,2001-09-01,lag_6,-0.0065347651343703,-0.0007456274020166909,-0.010126575427856513,0.0031606308233422414
2001-08-01,2001-09-01,lag_7,-0.0047708693509234,-0.0009697004058212144,-0.010126575427856513,0.0031606308233422414
2001-08-01,2001-09-01,lag_8,-0.0032683707203071,-0.003487295847288863,-0.010126575427856513,0.0031606308233422414
2001-08-01,2001-09-01,lag_9,0.0002796044748452,-0.0002413334124884159,-0.010126575427856513,0.0031606308233422414
2001-08-01,2001-09-01,lag_10,-0.0038933847177071,-0.0013519046847825856,-0.010126575427856513,0.0031606308233422414
2001-08-01,2001-09-01,lag_11,0.0046040830248808,-0.00033395152039386036,-0.010126575427856513,0.0031606308233422414
2001-08-01,2001-09-01,volatility_3m,0.0027780650382987263,-0.0005345406522976682,-0.010126575427856513,0.0031606308233422414
2001-09-01,2001-10-01,lag_0,-0.0050778760047638,-0.0012730094788513035,-0.0020644463645423296,0.0031499913367841704
2001-09-01,2001-10-01,lag_1,-0.0011484395650906,-0.0016400121903178543,-0.0020644463645423296,0.0031499913367841704
2001-09-01,2001-10-01,lag_2,-0.0064248032714528,-0.0005788930483838683,-0.0020644463645423296,0.0031499913367841704
2001-09-01,2001-10-01,lag_3,-0.005294243917338,-0.0009745019088011908,-0.0020644463645423296,0.0031499913367841704
2001-09-01,2001-10-01,lag_4,-0.0047873447856305,0.0019043456660041524,-0.0020644463645423296,0.0031499913367841704
2001-09-01,2001-10-01,lag_5,-0.0035963806723389,0.0011701495833096943,-0.0020644463645423296,0.0031499913367841704
2001-09-01,2001-10-01,lag_6,-0.0020524117552422,-0.0002941595690861831,-0.0020644463645423296,0.0031499913367841704
2001-09-01,2001-10-01,lag_7,-0.0065347651343703,-0.0011135953090634487,-0.0020644463645423296,0.0031499913367841704
2001-09-01,2001-10-01,lag_8,-0.0047708693509234,-0.0017372230153215895,-0.0020644463645423296,0.0031499913367841704
2001-09-01,2001-10-01,lag_9,-0.0032683707203071,-0.0013530004609007306,-0.0020644463645423296,0.0031499913367841704
2001-09-01,2001-10-01,lag_10,0.0002796044748452,-0.00037301174026268315,-0.0020644463645423296,0.0031499913367841704
2001-09-01,2001-10-01,lag_11,-0.0038933847177071,0.0014421032263003753,-0.0020644463645423296,0.0031499913367841704
2001-09-01,2001-10-01,volatility_3m,0.0027414928341142333,-0.00039362943306460175,-0.0020644463645423296,0.0031499913367841704
2001-10-01,2001-11-01,lag_0,-0.0027452194543418,-0.00272882741631328,-0.004380143658048147,0.0030969859629270723
2001-10-01,2001-11-01,lag_1,-0.0050778760047638,-0.0004971487094424587,-0.004380143658048147,0.0030969859629270723
2001-10-01,2001-11-01,lag_2,-0.0011484395650906,-0.001928518594345201,-0.004380143658048147,0.0030969859629270723
2001-10-01,2001-11-01,lag_3,-0.0064248032714528,0.0012256837360623862,-0.004380143658048147,0.0030969859629270723
2001-10-01,2001-11-01,lag_4,-0.005294243917338,0.00047696394505859275,-0.004380143658048147,0.0030969859629270723
2001-10-01,2001-11-01,lag_5,-0.0047873447856305,0.0011349110234088044,-0.004380143658048147,0.0030969859629270723
2001-10-01,2001-11-01,lag_6,-0.0035963806723389,-0.0004999282024411133,-0.004380143658048147,0.0030969859629270723
2001-10-01,2001-11-01,lag_7,-0.0020524117552422,-0.0005677139508664997,-0.004380143658048147,0.0030969859629270723
2001-10-01,2001-11-01,lag_8,-0.0065347651343703,-0.002300076095658614,-0.004380143658048147,0.0030969859629270723
2001-10-01,2001-11-01,lag_9,-0.0047708693509234,-0.000426691813558886,-0.004380143658048147,0.0030969859629270723
2001-10-01,2001-11-01,lag_10,-0.0032683707203071,-0.001311592430709485,-0.004380143658048147,0.0030969859629270723
2001-10-01,2001-11-01,lag_11,0.0002796044748452,3.8892767349274494e-05,-0.004380143658048147,0.0030969859629270723
2001-10-01,2001-11-01,volatility_3m,0.00197616899287381,-9.308396019108044e-05,-0.004380143658048147,0.0030969859629270723
2001-11-01,2001-12-01,lag_0,-0.0060654600853187,-0.000371833169323974,-0.002533293356842658,0.0030085254407795654
2001-11-01,2001-12-01,lag_1,-0.0027452194543418,-0.0007628166307982909,-0.002533293356842658,0.0030085254407795654
2001-11-01,2001-12-01,lag_2,-0.0050778760047638,-0.002175642865711822,-0.002533293356842658,0.0030085254407795654
2001-11-01,2001-12-01,lag_3,-0.0011484395650906,0.00041420857168835925,-0.002533293356842658,0.0030085254407795654
2001-11-01,2001-12-01,lag_4,-0.0064248032714528,0.0002623531037020932,-0.002533293356842658,0.0030085254407795654
2001-11-01,2001-12-01,lag_5,-0.005294243917338,0.0012150565264038172,-0.002533293356842658,0.0030085254407795654
2001-11-01,2001-12-01,lag_6,-0.0047873447856305,-0.00024852725358815776,-0.002533293356842658,0.0030085254407795654
2001-11-01,2001-12-01,lag_7,-0.0035963806723389,-0.0007950020908031075,-0.002533293356842658,0.0030085254407795654
2001-11-01,2001-12-01,lag_8,-0.0020524117552422,-0.0011164121816561944,-0.002533293356842658,0.0030085254407795654
2001-11-01,2001-12-01,lag_9,-0.0065347651343703,-0.001136917966430424,-0.002533293356842658,0.0030085254407795654
2001-11-01,2001-12-01,lag_10,-0.0047708693509234,-0.0016178856228609107,-0.002533293356842658,0.0030085254407795654
2001-11-01,2001-12-01,lag_11,-0.0032683707203071,0.0013136189730731207,-0.002533293356842658,0.0030085254407795654
2001-11-01,2001-12-01,volatility_3m,0.001704924570471375,-0.0005220183021494052,-0.002533293356842658,0.0030085254407795654
2001-12-01,2002-01-01,lag_0,-0.0004275098074009,-0.0005048606307145676,-0.004804419139612089,0.003017867279438249
2001-12-01,2002-01-01,lag_1,-0.0060654600853187,0.0006126311405562035,-0.004804419139612089,0.003017867279438249
2001-12-01,2002-01-01,lag_2,-0.0027452194543418,-0.00193169624670956,-0.004804419139612089,0.003017867279438249
2001-12-01,2002-01-01,lag_3,-0.0050778760047638,-0.0013504984950087895,-0.004804419139612089,0.003017867279438249
2001-12-01,2002-01-01,lag_4,-0.0011484395650906,-0.0025067751510927305,-0.004804419139612089,0.003017867279438249
2001-12-01,2002-01-01,lag_5,-0.0064248032714528,0.0015925369485896824,-0.004804419139612089,0.003017867279438249
2001-12-01,2002-01-01,lag_6,-0.005294243917338,-0.00014819673687014757,-0.004804419139612089,0.003017867279438249
2001-12-01,2002-01-01,lag_7,-0.0047873447856305,-0.00019992639535246326,-0.004804419139612089,0.003017867279438249
2001-12-01,2002-01-01,lag_8,-0.0035963806723389,-0.0026332456859327145,-0.004804419139612089,0.003017867279438249
2001-12-01,2002-01-01,lag_9,-0.0020524117552422,-0.0004516685523757813,-0.004804419139612089,0.003017867279438249
2001-12-01,2002-01-01,lag_10,-0.0065347651343703,-0.00014384032567626547,-0.004804419139612089,0.003017867279438249
2001-12-01,2002-01-01,lag_11,-0.0047708693509234,0.0006352215943942241,-0.004804419139612089,0.003017867279438249
2001-12-01,2002-01-01,volatility_3m,0.002833791899892739,-0.0007919679039963334,-0.004804419139612089,0.003017867279438249
2002-01-01,2002-02-01,lag_0,0.0066330648411705,0.000570630389107194,0.0013168167067941136,0.003030312153388511
2002-01-01,2002-02-01,lag_1,-0.0004275098074009,-0.0018574741071248012,0.0013168167067941136,0.003030312153388511
2002-01-01,2002-02-01,lag_2,-0.0060654600853187,-0.002194238502072672,0.0013168167067941136,0.003030312153388511
2002-01-01,2002-02-01,lag_3,-0.0027452194543418,-0.0007172909303829123,0.0013168167067941136,0.003030312153388511
2002-01-01,2002-02-01,lag_4,-0.0050778760047638,0.00029471241024534576,0.0013168167067941136,0.003030312153388511
2002-01-01,2002-02-01,lag_5,-0.0011484395650906,0.0008208198616299001,0.0013168167067941136,0.003030312153388511
2002-01-01,2002-02-01,lag_6,-0.0064248032714528,4.5832467426247804e-05,0.0013168167067941136,0.003030312153388511
2002-01-01,2002-02-01,lag_7,-0.005294243917338,-0.000792595585666973,0.0013168167067941136,0.003030312153388511
2002-01-01,2002-02-01,lag_8,-0.0047873447856305,-0.001445433148079509,0.0013168167067941136,0.003030312153388511
2002-01-01,2002-02-01,lag_9,-0.0035963806723389,-0.00029502318283116226,0.0013168167067941136,0.003030312153388511
2002-01-01,2002-02-01,lag_10,-0.0020524117552422,-0.0010309566541836014,0.0013168167067941136,0.003030312153388511
2002-01-01,2002-02-01,lag_11,-0.0065347651343703,0.0018069548460411867,0.0013168167067941136,0.003030312153388511
2002-01-01,2002-02-01,volatility_3m,0.006362530065586987,0.003080566700852856,0.0013168167067941136,0.003030312153388511
2002-02-01,2002-03-01,lag_0,0.0001152246826094,-0.0005050865616786205,0.0003191764290647401,0.002959782323945186
2002-02-01,2002-03-01,lag_1,0.0066330648411705,0.0006877011628960172,0.0003191764290647401,0.002959782323945186
2002-02-01,2002-03-01,lag_2,-0.0004275098074009,-0.001980138138134526,0.0003191764290647401,0.002959782323945186
2002-02-01,2002-03-01,lag_3,-0.0060654600853187,0.0014110793511587527,0.0003191764290647401,0.002959782323945186
2002-02-01,2002-03-01,lag_4,-0.0027452194543418,-0.0012219389709149197,0.0003191764290647401,0.002959782323945186
2002-02-01,2002-03-01,lag_5,-0.0050778760047638,0.0016277041891020528,0.0003191764290647401,0.002959782323945186
2002-02-01,2002-03-01,lag_6,-0.0011484395650906,3.2419585823184606e-06,0.0003191764290647401,0.002959782323945186
2002-02-01,2002-03-01,lag_7,-0.0064248032714528,-0.000767962800775166,0.0003191764290647401,0.002959782323945186
2002-02-01,2002-03-01,lag_8,-0.005294243917338,-0.000638249159460198,0.0003191764290647401,0.002959782323945186
2002-02-01,2002-03-01,lag_9,-0.0047873447856305,-0.0003919948212078594,0.0003191764290647401,0.002959782323945186
2002-02-01,2002-03-01,lag_10,-0.0035963806723389,-0.0010129481566887133,0.0003191764290647401,0.002959782323945186
2002-02-01,2002-03-01,lag_11,-0.0020524117552422,0.0003419645358357659,0.0003191764290647401,0.002959782323945186
2002-02-01,2002-03-01,volatility_3m,0.003929132971094421,-0.00019397855127628816,0.0003191764290647401,0.002959782323945186
2002-03-01,2002-04-01,lag_0,0.0072123326949231,0.0005340497476280248,0.0034500255267461756,0.002985301003944821
2002-03-01,2002-04-01,lag_1,0.0001152246826094,-0.0017492120903712838,0.0034500255267461756,0.002985301003944821
2002-03-01,2002-04-01,lag_2,0.0066330648411705,0.0021342597449746314,0.0034500255267461756,0.002985301003944821
2002-03-01,2002-04-01,lag_3,-0.0004275098074009,-0.00017664096379228057,0.0034500255267461756,0.002985301003944821
2002-03-01,2002-04-01,lag_4,-0.0060654600853187,0.0008819390852358567,0.0034500255267461756,0.002985301003944821
2002-03-01,2002-04-01,lag_5,-0.0027452194543418,-0.0009629930239675489,0.0034500255267461756,0.002985301003944821
2002-03-01,2002-04-01,lag_6,-0.0050778760047638,-0.00031465564632889633,0.0034500255267461756,0.002985301003944821
2002-03-01,2002-04-01,lag_7,-0.0011484395650906,-0.00027900568171141185,0.0034500255267461756,0.002985301003944821
2002-03-01,2002-04-01,lag_8,-0.0064248032714528,-0.0014187334519443074,0.0034500255267461756,0.002985301003944821
2002-03-01,2002-04-01,lag_9,-0.005294243917338,-2.6191389841585534e-05,0.0034500255267461756,0.002985301003944821
2002-03-01,2002-04-01,lag_10,-0.0047873447856305,1.9974138176079847e-05,0.0034500255267461756,0.002985301003944821
2002-03-01,2002-04-01,lag_11,-0.0035963806723389,0.001164829124255533,0.0034500255267461756,0.002985301003944821
2002-03-01,2002-04-01,volatility_3m,0.003940954489236295,0.0006571049451176236,0.0034500255267461756,0.002985301003944821
2002-04-01,2002-05-01,lag_0,0.0048710021656788,0.00048678873717605597,0.004596495443998582,0.0029750019450991956
2002-04-01,2002-05-01,lag_1,0.0072123326949231,0.0005757712685285732,0.004596495443998582,0.0029750019450991956
2002-04-01,2002-05-01,lag_2,0.0001152246826094,-0.00155560504514483,0.004596495443998582,0.0029750019450991956
2002-04-01,2002-05-01,lag_3,0.0066330648411705,0.000921617825487644,0.004596495443998582,0.0029750019450991956
2002-04-01,2002-05-01,lag_4,-0.0004275098074009,0.00017731532895593816,0.004596495443998582,0.0029750019450991956
2002-04-01,2002-05-01,lag_5,-0.0060654600853187,0.0020246407665223385,0.004596495443998582,0.0029750019450991956
2002-04-01,2002-05-01,lag_6,-0.0027452194543418,5.3436528245849326e-05,0.004596495443998582,0.0029750019450991956
2002-04-01,2002-05-01,lag_7,-0.0050778760047638,-0.0004272843885873456,0.004596495443998582,0.0029750019450991956
2002-04-01,2002-05-01,lag_8,-0.0011484395650906,-0.0003244446960245817,0.004596495443998582,0.0029750019450991956
2002-04-01,2002-05-01,lag_9,-0.0064248032714528,-0.00103578231094712,0.004596495443998582,0.0029750019450991956
2002-04-01,2002-05-01,lag_10,-0.005294243917338,-0.0004643172328817791,0.004596495443998582,0.0029750019450991956
2002-04-01,2002-05-01,lag_11,-0.0047873447856305,0.0010659365181357394,0.004596495443998582,0.0029750019450991956
2002-04-01,2002-05-01,volatility_3m,0.0036163561369166575,0.00012342022783506934,0.004596495443998582,0.0029750019450991956
2002-05-01,2002-06-01,lag_0,0.0040096284673607,0.0004755379547217231,0.008104709558230696,0.002987217813241106
2002-05-01,2002-06-01,lag_1,0.0048710021656788,0.00015749811865481078,0.008104709558230696,0.002987217813241106
2002-05-01,2002-06-01,lag_2,0.0072123326949231,0.002314774764419987,0.008104709558230696,0.002987217813241106
2002-05-01,2002-06-01,lag_3,0.0001152246826094,-5.4220286689030676e-05,0.008104709558230696,0.002987217813241106
2002-05-01,2002-06-01,lag_4,0.0066330648411705,0.000544470601008733,0.008104709558230696,0.002987217813241106
2002-05-01,2002-06-01,lag_5,-0.0004275098074009,-0.00032840388444326684,0.008104709558230696,0.002987217813241106
2002-05-01,2002-06-01,lag_6,-0.0060654600853187,0.00017497809998786806,0.008104709558230696,0.002987217813241106
2002-05-01,2002-06-01,lag_7,-0.0027452194543418,-0.00029785397243361713,0.008104709558230696,0.002987217813241106
2002-05-01,2002-06-01,lag_8,-0.0050778760047638,-0.0013942794286762527,0.008104709558230696,0.002987217813241106
2002-05-01,2002-06-01,lag_9,-0.0011484395650906,0.0002451201619993171,0.008104709558230696,0.002987217813241106
2002-05-01,2002-06-01,lag_10,-0.0064248032714528,0.0024501023856388217,0.008104709558230696,0.002987217813241106
2002-05-01,2002-06-01,lag_11,-0.005294243917338,0.0012342821376777203,0.008104709558230696,0.002987217813241106
2002-05-01,2002-06-01,volatility_3m,0.0016573627476894161,-0.00040451496780541163,0.008104709558230696,0.002987217813241106
2002-06-01,2002-07-01,lag_0,0.0082150192364478,0.001377457477108095,0.003205393884556263,0.0030610659579889954
2002-06-01,2002-07-01,lag_1,0.0040096284673607,0.0014227351726247939,0.003205393884556263,0.0030610659579889954
2002-06-01,2002-07-01,lag_2,0.0048710021656788,0.00046803787692163647,0.003205393884556263,0.0030610659579889954
2002-06-01,2002-07-01,lag_3,0.0072123326949231,0.0005593274561416095,0.003205393884556263,0.0030610659579889954
2002-06-01,2002-07-01,lag_4,0.0001152246826094,-0.0005245868697503653,0.003205393884556263,0.0030610659579889954
2002-06-01,2002-07-01,lag_5,0.0066330648411705,-0.0011668002076968874,0.003205393884556263,0.0030610659579889954
2002-06-01,2002-07-01,lag_6,-0.0004275098074009,4.017035373244937e-05,0.003205393884556263,0.0030610659579889954
2002-06-01,2002-07-01,lag_7,-0.0060654600853187,-0.0008175487919247359,0.003205393884556263,0.0030610659579889954
2002-06-01,2002-07-01,lag_8,-0.0027452194543418,-0.001222407698484318,0.003205393884556263,0.0030610659579889954
2002-06-01,2002-07-01,lag_9,-0.0050778760047638,-0.0003111494646491675,0.003205393884556263,0.0030610659579889954
2002-06-01,2002-07-01,lag_10,-0.0011484395650906,-4.6440277254067296e-05,0.003205393884556263,0.0030610659579889954
2002-06-01,2002-07-01,lag_11,-0.0064248032714528,-2.9204803424320857e-05,0.003205393884556263,0.0030610659579889954
2002-06-01,2002-07-01,volatility_3m,0.0022214757234201945,0.0003947377019077436,0.003205393884556263,0.0030610659579889954
2002-07-01,2002-08-01,lag_0,-0.0003219706394999,6.325676819656678e-05,7.414932584094269e-05,0.0029587749684131335
2002-07-01,2002-08-01,lag_1,0.0082150192364478,0.0005437774179590971,7.414932584094269e-05,0.0029587749684131335
2002-07-01,2002-08-01,lag_2,0.0040096284673607,0.000698035114034683,7.414932584094269e-05,0.0029587749684131335
2002-07-01,2002-08-01,lag_3,0.0048710021656788,-4.846881435976336e-05,7.414932584094269e-05,0.0029587749684131335
2002-07-01,2002-08-01,lag_4,0.0072123326949231,0.0006014736918875663,7.414932584094269e-05,0.0029587749684131335
2002-07-01,2002-08-01,lag_5,0.0001152246826094,-0.00011590109387775271,7.414932584094269e-05,0.0029587749684131335
2002-07-01,2002-08-01,lag_6,0.0066330648411705,7.627208076694813e-05,7.414932584094269e-05,0.0029587749684131335
2002-07-01,2002-08-01,lag_7,-0.0004275098074009,-0.00046855855269328117,7.414932584094269e-05,0.0029587749684131335
2002-07-01,2002-08-01,lag_8,-0.0060654600853187,-0.002843826533369107,7.414932584094269e-05,0.0029587749684131335
2002-07-01,2002-08-01,lag_9,-0.0027452194543418,-0.0014341837270326963,7.414932584094269e-05,0.0029587749684131335
2002-07-01,2002-08-01,lag_10,-0.0050778760047638,-0.00022254204625024698,7.414932584094269e-05,0.0029587749684131335
2002-07-01,2002-08-01,lag_11,-0.0011484395650906,0.0008868386991425936,7.414932584094269e-05,0.0029587749684131335
2002-07-01,2002-08-01,volatility_3m,0.0042686504207089465,-0.0006207988119889407,7.414932584094269e-05,0.0029587749684131335
2002-08-01,2002-09-01,lag_0,-0.0011111535235635,-0.0002896560099313206,0.0025170991799871433,0.0028892263502174258
2002-08-01,2002-09-01,lag_1,-0.0003219706394999,-0.0019568847373930254,0.0025170991799871433,0.0028892263502174258
2002-08-01,2002-09-01,lag_2,0.0082150192364478,0.001376828548770277,0.0025170991799871433,0.0028892263502174258
2002-08-01,2002-09-01,lag_3,0.0040096284673607,-0.000805813732117997,0.0025170991799871433,0.0028892263502174258
2002-08-01,2002-09-01,lag_4,0.0048710021656788,0.0009779590994060073,0.0025170991799871433,0.0028892263502174258
2002-08-01,2002-09-01,lag_5,0.0072123326949231,-0.000487592259915246,0.0025170991799871433,0.0028892263502174258
2002-08-01,2002-09-01,lag_6,0.0001152246826094,-3.7849311329098965e-05,0.0025170991799871433,0.0028892263502174258
2002-08-01,2002-09-01,lag_7,0.0066330648411705,0.00044461012486467054,0.0025170991799871433,0.0028892263502174258
2002-08-01,2002-09-01,lag_8,-0.0004275098074009,-0.000913273981118774,0.0025170991799871433,0.0028892263502174258
2002-08-01,2002-09-01,lag_9,-0.0060654600853187,-0.0004570701897891283,0.0025170991799871433,0.0028892263502174258
2002-08-01,2002-09-01,lag_10,-0.0027452194543418,0.0005844192144633187,0.0025170991799871433,0.0028892263502174258
2002-08-01,2002-09-01,lag_11,-0.0050778760047638,0.002063063844580757,0.0025170991799871433,0.0028892263502174258
2002-08-01,2002-09-01,volatility_3m,0.0051717260838155575,-0.000870867783811029,0.0025170991799871433,0.0028892263502174258
2002-09-01,2002-10-01,lag_0,0.000848648696599,-0.000486453373454836,0.0010612321455836034,0.002851915123379938
2002-09-01,2002-10-01,lag_1,-0.0011111535235635,-0.0010420854014221703,0.0010612321455836034,0.002851915123379938
2002-09-01,2002-10-01,lag_2,-0.0003219706394999,-0.0018845476522765026,0.0010612321455836034,0.002851915123379938
2002-09-01,2002-10-01,lag_3,0.0082150192364478,0.0004973709181259167,0.0010612321455836034,0.002851915123379938
2002-09-01,2002-10-01,lag_4,0.0040096284673607,9.38812896293939e-06,0.0010612321455836034,0.002851915123379938
2002-09-01,2002-10-01,lag_5,0.0048710021656788,-0.0005501310759212874,0.0010612321455836034,0.002851915123379938
2002-09-01,2002-10-01,lag_6,0.0072123326949231,-0.0004702227902314249,0.0010612321455836034,0.002851915123379938
2002-09-01,2002-10-01,lag_7,0.0001152246826094,0.0006510585603900232,0.0010612321455836034,0.002851915123379938
2002-09-01,2002-10-01,lag_8,0.0066330648411705,0.00030433545362367197,0.0010612321455836034,0.002851915123379938
2002-09-01,2002-10-01,lag_9,-0.0004275098074009,0.00016395924664408312,0.0010612321455836034,0.002851915123379938
2002-09-01,2002-10-01,lag_10,-0.0060654600853187,0.0015939119478856868,0.0010612321455836034,0.002851915123379938
2002-09-01,2002-10-01,lag_11,-0.0027452194543418,0.0004852361792732651,0.0010612321455836034,0.002851915123379938
2002-09-01,2002-10-01,volatility_3m,0.0009860682867412914,-0.0010625031270950558,0.0010612321455836034,0.002851915123379938
2002-10-01,2002-11-01,lag_0,-0.0020848363369347,1.836839123480871e-05,0.0012329043601226458,0.0027629248995841354
2002-10-01,2002-11-01,lag_1,0.000848648696599,-0.0006230330976216613,0.0012329043601226458,0.0027629248995841354
2002-10-01,2002-11-01,lag_2,-0.0011111535235635,-0.0008882303357825805,0.0012329043601226458,0.0027629248995841354
2002-10-01,2002-11-01,lag_3,-0.0003219706394999,0.00017605471668073137,0.0012329043601226458,0.0027629248995841354
2002-10-01,2002-11-01,lag_4,0.0082150192364478,8.736216081963733e-06,0.0012329043601226458,0.0027629248995841354
2002-10-01,2002-11-01,lag_5,0.0040096284673607,-0.0007340374218182077,0.0012329043601226458,0.0027629248995841354
2002-10-01,2002-11-01,lag_6,0.0048710021656788,0.0003043882707724066,0.0012329043601226458,0.0027629248995841354
2002-10-01,2002-11-01,lag_7,0.0072123326949231,0.0006337018913335512,0.0012329043601226458,0.0027629248995841354
2002-10-01,2002-11-01,lag_8,0.0001152246826094,0.0006770269865439716,0.0012329043601226458,0.0027629248995841354
2002-10-01,2002-11-01,lag_9,0.0066330648411705,-8.423163483772812e-06,0.0012329043601226458,0.0027629248995841354
2002-10-01,2002-11-01,lag_10,-0.0004275098074009,0.000264311092206313,0.0012329043601226458,0.0027629248995841354
2002-10-01,2002-11-01,lag_11,-0.0060654600853187,-0.00045688574835644146,0.0012329043601226458,0.0027629248995841354
2002-10-01,2002-11-01,volatility_3m,0.0014941116315486899,-0.0009019983136090204,0.0012329043601226458,0.0027629248995841354
2002-11-01,2002-12-01,lag_0,0.0055865759173183,7.664101797855594e-05,-0.001301976125496791,0.0028046033860062132
2002-11-01,2002-12-01,lag_1,-0.0020848363369347,-0.0008581077840246465,-0.001301976125496791,0.0028046033860062132
2002-11-01,2002-12-01,lag_2,0.000848648696599,-0.0005249648748346658,-0.001301976125496791,0.0028046033860062132
2002-11-01,2002-12-01,lag_3,-0.0011111535235635,7.788316074586632e-05,-0.001301976125496791,0.0028046033860062132
2002-11-01,2002-12-01,lag_4,-0.0003219706394999,-0.00024144246698728722,-0.001301976125496791,0.0028046033860062132
2002-11-01,2002-12-01,lag_5,0.0082150192364478,-0.00036735436256510215,-0.001301976125496791,0.0028046033860062132
2002-11-01,2002-12-01,lag_6,0.0040096284673607,-0.0003379919993509262,-0.001301976125496791,0.0028046033860062132
2002-11-01,2002-12-01,lag_7,0.0048710021656788,-0.00010338997914008274,-0.001301976125496791,0.0028046033860062132
2002-11-01,2002-12-01,lag_8,0.0072123326949231,0.00033862072346938274,-0.001301976125496791,0.0028046033860062132
2002-11-01,2002-12-01,lag_9,0.0001152246826094,-0.0006169826877376039,-0.001301976125496791,0.0028046033860062132
2002-11-01,2002-12-01,lag_10,0.0066330648411705,-0.0011318363104516748,-0.001301976125496791,0.0028046033860062132
2002-11-01,2002-12-01,lag_11,-0.0004275098074009,-0.00012035470320721942,-0.001301976125496791,0.0028046033860062132
2002-11-01,2002-12-01,volatility_3m,0.003870914077353096,-0.0002972992501059934,-0.001301976125496791,0.0028046033860062132
2002-12-01,2003-01-01,lag_0,-0.0055766272909192,0.0008942540961272804,0.007864342100056928,0.002682618380383614
2002-12-01,2003-01-01,lag_1,0.0055865759173183,0.0010611502922762916,0.007864342100056928,0.002682618380383614
2002-12-01,2003-01-01,lag_2,-0.0020848363369347,-0.0003562822409681843,0.007864342100056928,0.002682618380383614
2002-12-01,2003-01-01,lag_3,0.000848648696599,0.00011286602975530968,0.007864342100056928,0.002682618380383614
2002-12-01,2003-01-01,lag_4,-0.0011111535235635,-0.0010610065818340076,0.007864342100056928,0.002682618380383614
2002-12-01,2003-01-01,lag_5,-0.0003219706394999,0.0010345996677275338,0.007864342100056928,0.002682618380383614
2002-12-01,2003-01-01,lag_6,0.0082150192364478,0.0004789307448025148,0.007864342100056928,0.002682618380383614
2002-12-01,2003-01-01,lag_7,0.0040096284673607,0.0001509814138290011,0.007864342100056928,0.002682618380383614
2002-12-01,2003-01-01,lag_8,0.0048710021656788,0.0009420491690213594,0.007864342100056928,0.002682618380383614
2002-12-01,2003-01-01,lag_9,0.0072123326949231,0.0005344300108624012,0.007864342100056928,0.002682618380383614
2002-12-01,2003-01-01,lag_10,0.0001152246826094,0.0002347463915076986,0.007864342100056928,0.002682618380383614
2002-12-01,2003-01-01,lag_11,0.0066330648411705,0.00016951586763699566,0.007864342100056928,0.002682618380383614
2002-12-01,2003-01-01,volatility_3m,0.005710520640441277,0.0009854888226933235,0.007864342100056928,0.002682618380383614
2003-01-01,2003-02-01,lag_0,0.0084854057238992,0.0021006124181536024,0.010582487721796733,0.002736547428555955
2003-01-01,2003-02-01,lag_1,-0.0055766272909192,0.0006311014798642489,0.010582487721796733,0.002736547428555955
2003-01-01,2003-02-01,lag_2,0.0055865759173183,0.0005443559479496329,0.010582487721796733,0.002736547428555955
2003-01-01,2003-02-01,lag_3,-0.0020848363369347,0.00036275559767435795,0.010582487721796733,0.002736547428555955
2003-01-01,2003-02-01,lag_4,0.000848648696599,6.672303248544508e-05,0.010582487721796733,0.002736547428555955
2003-01-01,2003-02-01,lag_5,-0.0011111535235635,0.0015742507513926008,0.010582487721796733,0.002736547428555955
2003-01-01,2003-02-01,lag_6,-0.0003219706394999,-0.0001507937249076363,0.010582487721796733,0.002736547428555955
2003-01-01,2003-02-01,lag_7,0.0082150192364478,-1.5373344769660236e-05,0.010582487721796733,0.002736547428555955
2003-01-01,2003-02-01,lag_8,0.0040096284673607,0.00037077815482680523,0.010582487721796733,0.002736547428555955
2003-01-01,2003-02-01,lag_9,0.0048710021656788,2.5428791079100678e-05,0.010582487721796733,0.002736547428555955
2003-01-01,2003-02-01,lag_10,0.0072123326949231,-0.0004120790388544648,0.010582487721796733,0.002736547428555955
2003-01-01,2003-02-01,lag_11,0.0001152246826094,-0.0002708152749044501,0.010582487721796733,0.002736547428555955
2003-01-01,2003-02-01,volatility_3m,0.007424745704127611,0.0030189957466897257,0.010582487721796733,0.002736547428555955
2003-02-01,2003-03-01,lag_0,0.001187420927927,-0.0008466243307906574,0.003173169640699287,0.0026696014381296664
2003-02-01,2003-03-01,lag_1,0.0084854057238992,-0.00026407526696583974,0.003173169640699287,0.0026696014381296664
2003-02-01,2003-03-01,lag_2,-0.0055766272909192,-0.0005957736324372042,0.003173169640699287,0.0026696014381296664
2003-02-01,2003-03-01,lag_3,0.0055865759173183,-0.00015753242822516,0.003173169640699287,0.0026696014381296664
2003-02-01,2003-03-01,lag_4,-0.0020848363369347,-8.962008182059832e-05,0.003173169640699287,0.0026696014381296664
2003-02-01,2003-03-01,lag_5,0.000848648696599,8.077543219252803e-05,0.003173169640699287,0.0026696014381296664
2003-02-01,2003-03-01,lag_6,-0.0011111535235635,-0.0004843313142186645,0.003173169640699287,0.0026696014381296664
2003-02-01,2003-03-01,lag_7,-0.0003219706394999,0.00021857376756038606,0.003173169640699287,0.0026696014381296664
2003-02-01,2003-03-01,lag_8,0.0082150192364478,-0.00018535283034433193,0.003173169640699287,0.0026696014381296664
2003-02-01,2003-03-01,lag_9,0.0040096284673607,0.0001320763231083788,0.003173169640699287,0.0026696014381296664
2003-02-01,2003-03-01,lag_10,0.0048710021656788,0.00012846370095381587,0.003173169640699287,0.0026696014381296664
2003-02-01,2003-03-01,lag_11,0.0072123326949231,-0.0003279719676467252,0.003173169640699287,0.0026696014381296664
2003-02-01,2003-03-01,volatility_3m,0.007032705772543032,0.0028949607548650036,0.003173169640699287,0.0026696014381296664
2003-03-01,2003-04-01,lag_0,-0.0026319713476281,-0.00263840122657768,-0.00453356853018615,0.002573724608391672
2003-03-01,2003-04-01,lag_1,0.001187420927927,-0.0006124700699249575,-0.00453356853018615,0.002573724608391672
2003-03-01,2003-04-01,lag_2,0.0084854057238992,-0.00015561705942491956,-0.00453356853018615,0.002573724608391672
2003-03-01,2003-04-01,lag_3,-0.0055766272909192,-0.0003644415683841018,-0.00453356853018615,0.002573724608391672
2003-03-01,2003-04-01,lag_4,0.0055865759173183,-0.00017665167997449771,-0.00453356853018615,0.002573724608391672
2003-03-01,2003-04-01,lag_5,-0.0020848363369347,-0.0009485176319601863,-0.00453356853018615,0.002573724608391672
2003-03-01,2003-04-01,lag_6,0.000848648696599,0.00019430750051874668,-0.00453356853018615,0.002573724608391672
2003-03-01,2003-04-01,lag_7,-0.0011111535235635,-0.0010768363668131897,-0.00453356853018615,0.002573724608391672
2003-03-01,2003-04-01,lag_8,-0.0003219706394999,-0.0011045569360895867,-0.00453356853018615,0.002573724608391672
2003-03-01,2003-04-01,lag_9,0.0082150192364478,0.0011173688579079765,-0.00453356853018615,0.002573724608391672
2003-03-01,2003-04-01,lag_10,0.0040096284673607,0.00021316715128811837,-0.00453356853018615,0.002573724608391672
2003-03-01,2003-04-01,lag_11,0.0048710021656788,-0.0009139290558930568,-0.00453356853018615,0.002573724608391672
2003-03-01,2003-04-01,volatility_3m,0.0056486637415016465,-0.000640715070765303,-0.00453356853018615,0.002573724608391672
2003-04-01,2003-05-01,lag_0,-0.0059747153090858,-0.0007708761308769319,-0.002999941229862968,0.0024129787602305023
2003-04-01,2003-05-01,lag_1,-0.0026319713476281,-0.0017068812266417411,-0.002999941229862968,0.0024129787602305023
2003-04-01,2003-05-01,lag_2,0.001187420927927,-0.00020825166112858895,-0.002999941229862968,0.0024129787602305023
2003-04-01,2003-05-01,lag_3,0.0084854057238992,0.0011639294814574442,-0.002999941229862968,0.0024129787602305023
2003-04-01,2003-05-01,lag_4,-0.0055766272909192,0.001368850103947139,-0.002999941229862968,0.0024129787602305023
2003-04-01,2003-05-01,lag_5,0.0055865759173183,-0.0012570159525715585,-0.002999941229862968,0.0024129787602305023
2003-04-01,2003-05-01,lag_6,-0.0020848363369347,-0.0009948750749081724,-0.002999941229862968,0.0024129787602305023
2003-04-01,2003-05-01,lag_7,0.000848648696599,0.0009574838902582705,-0.002999941229862968,0.0024129787602305023
2003-04-01,2003-05-01,lag_8,-0.0011111535235635,-0.0010783647200878477,-0.002999941229862968,0.0024129787602305023
2003-04-01,2003-05-01,lag_9,-0.0003219706394999,-0.000401271253736013,-0.002999941229862968,0.0024129787602305023
2003-04-01,2003-05-01,lag_10,0.0082150192364478,-0.0015522307818282854,-0.002999941229862968,0.0024129787602305023
2003-04-01,2003-05-01,lag_11,0.0040096284673607,-0.0004537298991401428,-0.002999941229862968,0.0024129787602305023
2003-04-01,2003-05-01,volatility_3m,0.0035837106008522264,-0.00047968685831577317,-0.002999941229862968,0.0024129787602305023
2003-05-01,2003-06-01,lag_0,-0.0002727794308094,2.023696902373473e-06,0.003569871454079766,0.002393079168868453
2003-05-01,2003-06-01,lag_1,-0.0059747153090858,0.000830536885473947,0.003569871454079766,0.002393079168868453
2003-05-01,2003-06-01,lag_2,-0.0026319713476281,-0.0012935338892838644,0.003569871454079766,0.002393079168868453
2003-05-01,2003-06-01,lag_3,0.001187420927927,0.0003188736896242461,0.003569871454079766,0.002393079168868453
2003-05-01,2003-06-01,lag_4,0.0084854057238992,0.00010467698817578252,0.003569871454079766,0.002393079168868453
2003-05-01,2003-06-01,lag_5,-0.0055766272909192,0.0013878909802609485,0.003569871454079766,0.002393079168868453
2003-05-01,2003-06-01,lag_6,0.0055865759173183,0.0003060612927740181,0.003569871454079766,0.002393079168868453
2003-05-01,2003-06-01,lag_7,-0.0020848363369347,-0.0006642941811317194,0.003569871454079766,0.002393079168868453
2003-05-01,2003-06-01,lag_8,0.000848648696599,0.0007767276814720425,0.003569871454079766,0.002393079168868453
2003-05-01,2003-06-01,lag_9,-0.0011111535235635,0.00022537659249497466,0.003569871454079766,0.002393079168868453
2003-05-01,2003-06-01,lag_10,-0.0003219706394999,0.0003133849576870951,0.003569871454079766,0.002393079168868453
2003-05-01,2003-06-01,lag_11,0.0082150192364478,-0.00043971899917291776,0.003569871454079766,0.002393079168868453
2003-05-01,2003-06-01,volatility_3m,0.002865071158285028,-0.000691213469459715,0.003569871454079766,0.002393079168868453
2003-06-01,2003-07-01,lag_0,0.0012771147115513,-0.0007562843404457454,-0.0023536817387067167,0.0024400534974154515
2003-06-01,2003-07-01,lag_1,-0.0002727794308094,-0.001194379217452024,-0.0023536817387067167,0.0024400534974154515
2003-06-01,2003-07-01,lag_2,-0.0059747153090858,-0.0020625464314736066,-0.0023536817387067167,0.0024400534974154515
2003-06-01,2003-07-01,lag_3,-0.0026319713476281,-0.00050046643984615,-0.0023536817387067167,0.0024400534974154515
2003-06-01,2003-07-01,lag_4,0.001187420927927,0.0007673655487337782,-0.0023536817387067167,0.0024400534974154515
2003-06-01,2003-07-01,lag_5,0.0084854057238992,-0.0007052646089323388,-0.0023536817387067167,0.0024400534974154515
2003-06-01,2003-07-01,lag_6,-0.0055766272909192,-5.886527898610439e-05,-0.0023536817387067167,0.0024400534974154515
2003-06-01,2003-07-01,lag_7,0.0055865759173183,0.0005360182794311185,-0.0023536817387067167,0.0024400534974154515
2003-06-01,2003-07-01,lag_8,-0.0020848363369347,-0.0009818850610133724,-0.0023536817387067167,0.0024400534974154515
2003-06-01,2003-07-01,lag_9,0.000848648696599,0.0004434113651245752,-0.0023536817387067167,0.0024400534974154515
2003-06-01,2003-07-01,lag_10,-0.0011111535235635,0.0004845063236439273,-0.0023536817387067167,0.0024400534974154515
2003-06-01,2003-07-01,lag_11,-0.0003219706394999,-0.0003489420138839705,-0.0023536817387067167,0.0024400534974154515
2003-06-01,2003-07-01,volatility_3m,0.0038188847250803723,-0.0004164033256427047,-0.0023536817387067167,0.0024400534974154515
2003-07-01,2003-08-01,lag_0,0.0051251355505987,0.0003615996256121434,-0.00115974577258201,0.002437717228342358
2003-07-01,2003-08-01,lag_1,0.0012771147115513,-0.0005334394114220231,-0.00115974577258201,0.002437717228342358
2003-07-01,2003-08-01,lag_2,-0.0002727794308094,-0.0006245314917191536,-0.00115974577258201,0.002437717228342358
2003-07-01,2003-08-01,lag_3,-0.0059747153090858,0.0007539806415741168,-0.00115974577258201,0.002437717228342358
2003-07-01,2003-08-01,lag_4,-0.0026319713476281,-0.0007498913052484113,-0.00115974577258201,0.002437717228342358
2003-07-01,2003-08-01,lag_5,0.001187420927927,-0.0006389785240639867,-0.00115974577258201,0.002437717228342358
2003-07-01,2003-08-01,lag_6,0.0084854057238992,-0.00017899478194294716,-0.00115974577258201,0.002437717228342358
2003-07-01,2003-08-01,lag_7,-0.0055766272909192,-0.000635718864464252,-0.00115974577258201,0.002437717228342358
2003-07-01,2003-08-01,lag_8,0.0055865759173183,-2.704799905359323e-05,-0.00115974577258201,0.002437717228342358
2003-07-01,2003-08-01,lag_9,-0.0020848363369347,-0.0005284997414605642,-0.00115974577258201,0.002437717228342358
2003-07-01,2003-08-01,lag_10,0.000848648696599,0.00022759511972708424,-0.00115974577258201,0.002437717228342358
2003-07-01,2003-08-01,lag_11,-0.0011111535235635,-0.00019209471253361698,-0.00115974577258201,0.002437717228342358
2003-07-01,2003-08-01,volatility_3m,0.0027792961452130604,-0.0008314415528013797,-0.00115974577258201,0.002437717228342358
2003-08-01,2003-09-01,lag_0,-0.0021841578199746,-0.0012898912225182356,0.0007893815972705019,0.0024498084416757072
2003-08-01,2003-09-01,lag_1,0.0051251355505987,0.0011291811681758191,0.0007893815972705019,0.0024498084416757072
2003-08-01,2003-09-01,lag_2,0.0012771147115513,-0.0005597348495348342,0.0007893815972705019,0.0024498084416757072
2003-08-01,2003-09-01,lag_3,-0.0002727794308094,0.0004996718246252385,0.0007893815972705019,0.0024498084416757072
2003-08-01,2003-09-01,lag_4,-0.0059747153090858,0.00044983763160416857,0.0007893815972705019,0.0024498084416757072
2003-08-01,2003-09-01,lag_5,-0.0026319713476281,-0.00010465610110031776,0.0007893815972705019,0.0024498084416757072
2003-08-01,2003-09-01,lag_6,0.001187420927927,0.00014199311012419002,0.0007893815972705019,0.0024498084416757072
2003-08-01,2003-09-01,lag_7,0.0084854057238992,-9.772081965707002e-05,0.0007893815972705019,0.0024498084416757072
2003-08-01,2003-09-01,lag_8,-0.0055766272909192,-0.0017480436426853885,0.0007893815972705019,0.0024498084416757072
2003-08-01,2003-09-01,lag_9,0.0055865759173183,4.057310695770866e-06,0.0007893815972705019,0.0024498084416757072
2003-08-01,2003-09-01,lag_10,-0.0020848363369347,-0.0006173220906578081,0.0007893815972705019,0.0024498084416757072
2003-08-01,2003-09-01,lag_11,0.000848648696599,-0.000411115939245974,0.0007893815972705019,0.0024498084416757072
2003-08-01,2003-09-01,volatility_3m,0.003656351585308903,0.0009433168876478249,0.0007893815972705019,0.0024498084416757072
2003-09-01,2003-10-01,lag_0,0.006426751702139,-0.00020806852681630515,-0.0033439860125444084,0.0024806036221499796
2003-09-01,2003-10-01,lag_1,-0.0021841578199746,-0.0016347373797975706,-0.0033439860125444084,0.0024806036221499796
2003-09-01,2003-10-01,lag_2,0.0051251355505987,0.0005286425400140615,-0.0033439860125444084,0.0024806036221499796
2003-09-01,2003-10-01,lag_3,0.0012771147115513,-0.0002127745785389834,-0.0033439860125444084,0.0024806036221499796
2003-09-01,2003-10-01,lag_4,-0.0002727794308094,-0.0007622049609778969,-0.0033439860125444084,0.0024806036221499796
2003-09-01,2003-10-01,lag_5,-0.0059747153090858,0.00045383883498516296,-0.0033439860125444084,0.0024806036221499796
2003-09-01,2003-10-01,lag_6,-0.0026319713476281,-0.000871328904974007,-0.0033439860125444084,0.0024806036221499796
2003-09-01,2003-10-01,lag_7,0.001187420927927,0.0006467524153322302,-0.0033439860125444084,0.0024806036221499796
2003-09-01,2003-10-01,lag_8,0.0084854057238992,-0.0005094638698642484,-0.0033439860125444084,0.0024806036221499796
2003-09-01,2003-10-01,lag_9,-0.0055766272909192,-0.0006668903938145831,-0.0033439860125444084,0.0024806036221499796
2003-09-01,2003-10-01,lag_10,0.0055865759173183,-0.0008766902509182728,-0.0033439860125444084,0.0024806036221499796
2003-09-01,2003-10-01,lag_11,-0.0020848363369347,5.279900331515819e-05,-0.0033439860125444084,0.0024806036221499796
2003-09-01,2003-10-01,volatility_3m,0.004641618557160925,-0.0017644635565136468,-0.0033439860125444084,0.0024806036221499796
2003-10-01,2003-11-01,lag_0,0.0012308567584176,-0.000997740432885621,0.002624652514072441,0.0024384631203281043
2003-10-01,2003-11-01,lag_1,0.006426751702139,0.000997900292986742,0.002624652514072441,0.0024384631203281043
2003-10-01,2003-11-01,lag_2,-0.0021841578199746,-0.0010615412364813892,0.002624652514072441,0.0024384631203281043
2003-10-01,2003-11-01,lag_3,0.0051251355505987,0.00011335455653465942,0.002624652514072441,0.0024384631203281043
2003-10-01,2003-11-01,lag_4,0.0012771147115513,0.0014945749528578745,0.002624652514072441,0.0024384631203281043
2003-10-01,2003-11-01,lag_5,-0.0002727794308094,-0.00011873357806052809,0.002624652514072441,0.0024384631203281043
2003-10-01,2003-11-01,lag_6,-0.0059747153090858,-0.0006140449805161551,0.002624652514072441,0.0024384631203281043
2003-10-01,2003-11-01,lag_7,-0.0026319713476281,-0.00043112690178872984,0.002624652514072441,0.0024384631203281043
2003-10-01,2003-11-01,lag_8,0.001187420927927,0.00044071949566841794,0.002624652514072441,0.0024384631203281043
2003-10-01,2003-11-01,lag_9,0.0084854057238992,0.0006997573180490235,0.002624652514072441,0.0024384631203281043
2003-10-01,2003-11-01,lag_10,-0.0055766272909192,0.0003734488997247354,0.002624652514072441,0.0024384631203281043
2003-10-01,2003-11-01,lag_11,0.0055865759173183,-0.00064686562804809,0.002624652514072441,0.0024384631203281043
2003-10-01,2003-11-01,volatility_3m,0.004336039122571958,-6.351327781430882e-05,0.002624652514072441,0.0024384631203281043
2003-11-01,2003-12-01,lag_0,0.0066825920491968,-0.00011148165054919446,0.00012840768818904514,0.0025594681327835373
2003-11-01,2003-12-01,lag_1,0.0012308567584176,-0.0001815411470079198,0.00012840768818904514,0.0025594681327835373
2003-11-01,2003-12-01,lag_2,0.006426751702139,0.0012880153199466805,0.00012840768818904514,0.0025594681327835373
2003-11-01,2003-12-01,lag_3,-0.0021841578199746,6.589573014025519e-05,0.00012840768818904514,0.0025594681327835373
2003-11-01,2003-12-01,lag_4,0.0051251355505987,0.0001121464178208953,0.00012840768818904514,0.0025594681327835373
2003-11-01,2003-12-01,lag_5,0.0012771147115513,-0.00047872627957730175,0.00012840768818904514,0.0025594681327835373
2003-11-01,2003-12-01,lag_6,-0.0002727794308094,0.0002126157562611297,0.00012840768818904514,0.0025594681327835373
2003-11-01,2003-12-01,lag_7,-0.0059747153090858,-0.001031421978899516,0.00012840768818904514,0.0025594681327835373
2003-11-01,2003-12-01,lag_8,-0.0026319713476281,-3.825490006192922e-05,0.00012840768818904514,0.0025594681327835373
2003-11-01,2003-12-01,lag_9,0.001187420927927,-0.00033064793755784196,0.00012840768818904514,0.0025594681327835373
2003-11-01,2003-12-01,lag_10,0.0084854057238992,-0.0016759868314193227,0.00012840768818904514,0.0025594681327835373
2003-11-01,2003-12-01,lag_11,-0.0055766272909192,0.0003417827804639728,0.00012840768818904514,0.0025594681327835373
2003-11-01,2003-12-01,volatility_3m,0.00307636680274258,-0.0006034556911367873,0.00012840768818904514,0.0025594681327835373
2003-12-01,2004-01-01,lag_0,0.0002959460294098,-8.372493090064381e-05,-0.00031109198773132495,0.002421680110044498
2003-12-01,2004-01-01,lag_1,0.0066825920491968,0.001650336876429037,-0.00031109198773132495,0.002421680110044498
2003-12-01,2004-01-01,lag_2,0.0012308567584176,-6.666945606639274e-05,-0.00031109198773132495,0.002421680110044498
2003-12-01,2004-01-01,lag_3,0.006426751702139,-0.00036837348077710884,-0.00031109198773132495,0.002421680110044498
2003-12-01,2004-01-01,lag_4,-0.0021841578199746,-0.0007816641809051816,-0.00031109198773132495,0.002421680110044498
2003-12-01,2004-01-01,lag_5,0.0051251355505987,0.00012600974231645522,-0.00031109198773132495,0.002421680110044498
2003-12-01,2004-01-01,lag_6,0.0012771147115513,0.0004910386905146425,-0.00031109198773132495,0.002421680110044498
2003-12-01,2004-01-01,lag_7,-0.0002727794308094,-0.00024110250239090192,-0.00031109198773132495,0.002421680110044498
2003-12-01,2004-01-01,lag_8,-0.0059747153090858,-0.0015261728852919987,-0.00031109198773132495,0.002421680110044498
2003-12-01,2004-01-01,lag_9,-0.0026319713476281,-0.001462085071424326,-0.00031109198773132495,0.002421680110044498
2003-12-01,2004-01-01,lag_10,0.001187420927927,-8.190017386709769e-05,-0.00031109198773132495,0.002421680110044498
2003-12-01,2004-01-01,lag_11,0.0084854057238992,-0.0004820040035826878,-0.00031109198773132495,0.002421680110044498
2003-12-01,2004-01-01,volatility_3m,0.0034492685972053647,9.353942371035374e-05,-0.00031109198773132495,0.002421680110044498
2004-01-01,2004-02-01,lag_0,0.0015206262190341,-0.00039744667975128323,0.003145780961726859,0.002302856445234366
2004-01-01,2004-02-01,lag_1,0.0002959460294098,-0.00029192002105673967,0.003145780961726859,0.002302856445234366
2004-01-01,2004-02-01,lag_2,0.0066825920491968,0.002318386193396691,0.003145780961726859,0.002302856445234366
2004-01-01,2004-02-01,lag_3,0.0012308567584176,0.00016668659423658028,0.003145780961726859,0.002302856445234366
2004-01-01,2004-02-01,lag_4,0.006426751702139,0.0010056803933616721,0.003145780961726859,0.002302856445234366
2004-01-01,2004-02-01,lag_5,-0.0021841578199746,-0.0005314085183704265,0.003145780961726859,0.002302856445234366
2004-01-01,2004-02-01,lag_6,0.0051251355505987,-0.0001139821722972556,0.003145780961726859,0.002302856445234366
2004-01-01,2004-02-01,lag_7,0.0012771147115513,0.00035760903052164397,0.003145780961726859,0.002302856445234366
2004-01-01,2004-02-01,lag_8,-0.0002727794308094,-0.0009213460788316752,0.003145780961726859,0.002302856445234366
2004-01-01,2004-02-01,lag_9,-0.0059747153090858,-0.00030438318792903375,0.003145780961726859,0.002302856445234366
2004-01-01,2004-02-01,lag_10,-0.0026319713476281,0.0002779037315485766,0.003145780961726859,0.002302856445234366
2004-01-01,2004-02-01,lag_11,0.001187420927927,-0.0002512365701454655,0.003145780961726859,0.002302856445234366
2004-01-01,2004-02-01,volatility_3m,0.0033895668400914843,-0.0004716181477215287,0.003145780961726859,0.002302856445234366
2004-02-01,2004-03-01,lag_0,0.0060143061091606,0.00014973419489223261,0.001325519145219856,0.00247402715987789
2004-02-01,2004-03-01,lag_1,0.0015206262190341,-0.0008462733164174097,0.001325519145219856,0.00247402715987789
2004-02-01,2004-03-01,lag_2,0.0002959460294098,-0.0011356775733293034,0.001325519145219856,0.00247402715987789
2004-02-01,2004-03-01,lag_3,0.0066825920491968,0.0006718172906073505,0.001325519145219856,0.00247402715987789
2004-02-01,2004-03-01,lag_4,0.0012308567584176,0.0008775463192364441,0.001325519145219856,0.00247402715987789
2004-02-01,2004-03-01,lag_5,0.006426751702139,2.596391047063662e-05,0.001325519145219856,0.00247402715987789
2004-02-01,2004-03-01,lag_6,-0.0021841578199746,-0.0004281552486497731,0.001325519145219856,0.00247402715987789
2004-02-01,2004-03-01,lag_7,0.0051251355505987,-0.00021359482260550067,0.001325519145219856,0.00247402715987789
2004-02-01,2004-03-01,lag_8,0.0012771147115513,0.0006899055031044554,0.001325519145219856,0.00247402715987789
2004-02-01,2004-03-01,lag_9,-0.0002727794308094,-0.00044041682722763655,0.001325519145219856,0.00247402715987789
2004-02-01,2004-03-01,lag_10,-0.0059747153090858,-0.00012274348283426663,0.001325519145219856,0.00247402715987789
2004-02-01,2004-03-01,lag_11,-0.0026319713476281,0.0003560200049150808,0.001325519145219856,0.00247402715987789
2004-02-01,2004-03-01,volatility_3m,0.0030108869823656367,-0.0007326340200694404,0.001325519145219856,0.00247402715987789
2004-03-01,2004-04-01,lag_0,-0.0040087558487682,0.0010193558272999326,0.01106729413477825,0.002360548030192939
2004-03-01,2004-04-01,lag_1,0.0060143061091606,0.0012832916785339421,0.01106729413477825,0.002360548030192939
2004-03-01,2004-04-01,lag_2,0.0015206262190341,0.00016761379746412785,0.01106729413477825,0.002360548030192939
2004-03-01,2004-04-01,lag_3,0.0002959460294098,0.000358821751672167,0.01106729413477825,0.002360548030192939
2004-03-01,2004-04-01,lag_4,0.0066825920491968,0.0014440017946162698,0.01106729413477825,0.002360548030192939
2004-03-01,2004-04-01,lag_5,0.0012308567584176,3.8199809904995166e-05,0.01106729413477825,0.002360548030192939
2004-03-01,2004-04-01,lag_6,0.006426751702139,0.0002157924699594105,0.01106729413477825,0.002360548030192939
2004-03-01,2004-04-01,lag_7,-0.0021841578199746,-0.0002978824890607257,0.01106729413477825,0.002360548030192939
2004-03-01,2004-04-01,lag_8,0.0051251355505987,0.0013661793211940676,0.01106729413477825,0.002360548030192939
2004-03-01,2004-04-01,lag_9,0.0012771147115513,0.00022307293548749386,0.01106729413477825,0.002360548030192939
2004-03-01,2004-04-01,lag_10,-0.0002727794308094,0.0015464407697845673,0.01106729413477825,0.002360548030192939
2004-03-01,2004-04-01,lag_11,-0.0059747153090858,0.0011549862910715091,0.01106729413477825,0.002360548030192939
2004-03-01,2004-04-01,volatility_3m,0.005020441481568802,0.00018687215728050433,0.01106729413477825,0.002360548030192939
2004-04-01,2004-05-01,lag_0,0.0037074991758068,0.0006107133361956585,0.00173509738541049,0.0023761956120411094
2004-04-01,2004-05-01,lag_1,-0.0040087558487682,-0.001844850125908124,0.00173509738541049,0.0023761956120411094
2004-04-01,2004-05-01,lag_2,0.0060143061091606,0.0011321121569892512,0.00173509738541049,0.0023761956120411094
2004-04-01,2004-05-01,lag_3,0.0015206262190341,0.00021181467444876035,0.00173509738541049,0.0023761956120411094
2004-04-01,2004-05-01,lag_4,0.0002959460294098,-0.00030952715957482724,0.00173509738541049,0.0023761956120411094
2004-04-01,2004-05-01,lag_5,0.0066825920491968,-0.0005535498360973179,0.00173509738541049,0.0023761956120411094
2004-04-01,2004-05-01,lag_6,0.0012308567584176,0.0003633992208710879,0.00173509738541049,0.0023761956120411094
2004-04-01,2004-05-01,lag_7,0.006426751702139,0.0003875737084683806,0.00173509738541049,0.0023761956120411094
2004-04-01,2004-05-01,lag_8,-0.0021841578199746,-0.0007237226663323782,0.00173509738541049,0.0023761956120411094
2004-04-01,2004-05-01,lag_9,0.0051251355505987,0.0003822515642127655,0.00173509738541049,0.0023761956120411094
2004-04-01,2004-05-01,lag_10,0.0012771147115513,0.0001604548960011698,0.00173509738541049,0.0023761956120411094
2004-04-01,2004-05-01,lag_11,-0.0002727794308094,0.0002285609174293768,0.00173509738541049,0.0023761956120411094
2004-04-01,2004-05-01,volatility_3m,0.0052491859820440676,-0.0006863289428520147,0.00173509738541049,0.0023761956120411094
2004-05-01,2004-06-01,lag_0,0.0071977507067373,0.00013318984822717538,0.002084601478157505,0.002509926929319295
2004-05-01,2004-06-01,lag_1,0.0037074991758068,0.0009632286533735623,0.002084601478157505,0.002509926929319295
2004-05-01,2004-06-01,lag_2,-0.0040087558487682,-0.0012539025116120683,0.002084601478157505,0.002509926929319295
2004-05-01,2004-06-01,lag_3,0.0060143061091606,-0.0001762541623895686,0.002084601478157505,0.002509926929319295
2004-05-01,2004-06-01,lag_4,0.0015206262190341,0.0007800704748819953,0.002084601478157505,0.002509926929319295
2004-05-01,2004-06-01,lag_5,0.0002959460294098,-0.000409989101614201,0.002084601478157505,0.002509926929319295
2004-05-01,2004-06-01,lag_6,0.0066825920491968,0.0001255697074518025,0.002084601478157505,0.002509926929319295
2004-05-01,2004-06-01,lag_7,0.0012308567584176,0.0005664594860286343,0.002084601478157505,0.002509926929319295
2004-05-01,2004-06-01,lag_8,0.006426751702139,0.00017715877966566042,0.002084601478157505,0.002509926929319295
2004-05-01,2004-06-01,lag_9,-0.0021841578199746,-0.0007335826018424995,0.002084601478157505,0.002509926929319295
2004-05-01,2004-06-01,lag_10,0.0051251355505987,-0.0002988904717631158,0.002084601478157505,0.002509926929319295
2004-05-01,2004-06-01,lag_11,0.0012771147115513,-0.0001608209151322626,0.002084601478157505,0.002509926929319295
2004-05-01,2004-06-01,volatility_3m,0.0057345188192795705,-0.0001375626390222351,0.002084601478157505,0.002509926929319295
2004-06-01,2004-07-01,lag_0,-0.0078328388061885,-0.003346403369396285,0.0017473453487183985,0.0020684887298438623
2004-06-01,2004-07-01,lag_1,0.0071977507067373,0.0005080688112229836,0.0017473453487183985,0.0020684887298438623
2004-06-01,2004-07-01,lag_2,0.0037074991758068,0.0005148977478256711,0.0017473453487183985,0.0020684887298438623
2004-06-01,2004-07-01,lag_3,-0.0040087558487682,-0.001010884123370488,0.0017473453487183985,0.0020684887298438623
2004-06-01,2004-07-01,lag_4,0.0060143061091606,4.3308340591465824e-05,0.0017473453487183985,0.0020684887298438623
2004-06-01,2004-07-01,lag_5,0.0015206262190341,-0.0001879393748095026,0.0017473453487183985,0.0020684887298438623
2004-06-01,2004-07-01,lag_6,0.0002959460294098,0.000160733787342906,0.0017473453487183985,0.0020684887298438623
2004-06-01,2004-07-01,lag_7,0.0066825920491968,0.0006086004541430157,0.0017473453487183985,0.0020684887298438623
2004-06-01,2004-07-01,lag_8,0.0012308567584176,0.0012811061541287928,0.0017473453487183985,0.0020684887298438623
2004-06-01,2004-07-01,lag_9,0.006426751702139,0.00030268785385487715,0.0017473453487183985,0.0020684887298438623
2004-06-01,2004-07-01,lag_10,-0.0021841578199746,-6.259135927848547e-06,0.0017473453487183985,0.0020684887298438623
2004-06-01,2004-07-01,lag_11,0.0051251355505987,-0.0002403572276216437,0.0017473453487183985,0.0020684887298438623
2004-06-01,2004-07-01,volatility_3m,0.007866382878997618,0.0010512966504029463,0.0017473453487183985,0.0020684887298438623
2004-07-01,2004-08-01,lag_0,0.0074438796836666,0.0009939674824090616,0.004341693011827331,0.0020959727159937653
2004-07-01,2004-08-01,lag_1,-0.0078328388061885,-0.0012464888961767429,0.004341693011827331,0.0020959727159937653
2004-07-01,2004-08-01,lag_2,0.0071977507067373,0.0013541642008931376,0.004341693011827331,0.0020959727159937653
2004-07-01,2004-08-01,lag_3,0.0037074991758068,-0.00016823299585666974,0.004341693011827331,0.0020959727159937653
2004-07-01,2004-08-01,lag_4,-0.0040087558487682,0.00011506607889714359,0.004341693011827331,0.0020959727159937653
2004-07-01,2004-08-01,lag_5,0.0060143061091606,-0.00015995268017832132,0.004341693011827331,0.0020959727159937653
2004-07-01,2004-08-01,lag_6,0.0015206262190341,9.784872065210948e-05,0.004341693011827331,0.0020959727159937653
2004-07-01,2004-08-01,lag_7,0.0002959460294098,-0.00012065675320172886,0.004341693011827331,0.0020959727159937653
2004-07-01,2004-08-01,lag_8,0.0066825920491968,-4.989289485820336e-05,0.004341693011827331,0.0020959727159937653
2004-07-01,2004-08-01,lag_9,0.0012308567584176,0.00017900487004226306,0.004341693011827331,0.0020959727159937653
2004-07-01,2004-08-01,lag_10,0.006426751702139,-0.0004317289890605025,0.004341693011827331,0.0020959727159937653
2004-07-01,2004-08-01,lag_11,-0.0021841578199746,0.00013012664076086366,0.004341693011827331,0.0020959727159937653
2004-07-01,2004-08-01,volatility_3m,0.008749831697406526,0.001552495553114568,0.004341693011827331,0.0020959727159937653
2004-08-01,2004-09-01,lag_0,0.000670966719368,-0.00033475601238023954,0.00683371650766661,0.0022640837882225108
2004-08-01,2004-09-01,lag_1,0.0074438796836666,0.001002112519217917,0.00683371650766661,0.0022640837882225108
2004-08-01,2004-09-01,lag_2,-0.0078328388061885,1.956671576408553e-05,0.00683371650766661,0.0022640837882225108
2004-08-01,2004-09-01,lag_3,0.0071977507067373,-0.00018045848544716138,0.00683371650766661,0.0022640837882225108
2004-08-01,2004-09-01,lag_4,0.0037074991758068,-5.795021352241747e-06,0.00683371650766661,0.0022640837882225108
2004-08-01,2004-09-01,lag_5,-0.0040087558487682,0.0003706116773901158,0.00683371650766661,0.0022640837882225108
2004-08-01,2004-09-01,lag_6,0.0060143061091606,0.00023416328283929033,0.00683371650766661,0.0022640837882225108
2004-08-01,2004-09-01,lag_7,0.0015206262190341,0.00037201150931196023,0.00683371650766661,0.0022640837882225108
2004-08-01,2004-09-01,lag_8,0.0002959460294098,0.0007640910890768282,0.00683371650766661,0.0022640837882225108
2004-08-01,2004-09-01,lag_9,0.0066825920491968,0.0002699194837759933,0.00683371650766661,0.0022640837882225108
2004-08-01,2004-09-01,lag_10,0.0012308567584176,0.00017675686478469288,0.00683371650766661,0.0022640837882225108
2004-08-01,2004-09-01,lag_11,0.006426751702139,9.157092906207253e-05,0.00683371650766661,0.0022640837882225108
2004-08-01,2004-09-01,volatility_3m,0.007654684690400709,0.0017898381757186143,0.00683371650766661,0.0022640837882225108
2004-09-01,2004-10-01,lag_0,0.0012701843581544,-0.00044558339101058664,0.001092712214868768,0.0021503563209239796
2004-09-01,2004-10-01,lag_1,0.000670966719368,-0.0007414894406792882,0.001092712214868768,0.0021503563209239796
2004-09-01,2004-10-01,lag_2,0.0074438796836666,0.000865693957584881,0.001092712214868768,0.0021503563209239796
2004-09-01,2004-10-01,lag_3,-0.0078328388061885,0.00033499905801363637,0.001092712214868768,0.0021503563209239796
2004-09-01,2004-10-01,lag_4,0.0071977507067373,4.264936107574613e-05,0.001092712214868768,0.0021503563209239796
2004-09-01,2004-10-01,lag_5,0.0037074991758068,-0.00021725784968566587,0.001092712214868768,0.0021503563209239796
2004-09-01,2004-10-01,lag_6,-0.0040087558487682,-0.001021818356548465,0.001092712214868768,0.0021503563209239796
2004-09-01,2004-10-01,lag_7,0.0060143061091606,0.000411012603835843,0.001092712214868768,0.0021503563209239796
2004-09-01,2004-10-01,lag_8,0.0015206262190341,0.0006502207699668361,0.001092712214868768,0.0021503563209239796
2004-09-01,2004-10-01,lag_9,0.0002959460294098,2.1303253688529367e-05,0.001092712214868768,0.0021503563209239796
2004-09-01,2004-10-01,lag_10,0.0066825920491968,-0.0006748850065821443,0.001092712214868768,0.0021503563209239796
2004-09-01,2004-10-01,lag_11,0.0012308567584176,-0.00021097376844409155,0.001092712214868768,0.0021503563209239796
2004-09-01,2004-10-01,volatility_3m,0.0037493538503953804,-7.151529938710154e-05,0.001092712214868768,0.0021503563209239796
2004-10-01,2004-11-01,lag_0,0.0084953127372333,0.0014022223674692213,0.0031140812354156994,0.002192448622156311
2004-10-01,2004-11-01,lag_1,0.0012701843581544,-0.0006613237681085593,0.0031140812354156994,0.002192448622156311
2004-10-01,2004-11-01,lag_2,0.000670966719368,-0.0012699715474809637,0.0031140812354156994,0.002192448622156311
2004-10-01,2004-11-01,lag_3,0.0074438796836666,-0.00013719475642574253,0.0031140812354156994,0.002192448622156311
2004-10-01,2004-11-01,lag_4,-0.0078328388061885,0.002072607894124303,0.0031140812354156994,0.002192448622156311
2004-10-01,2004-11-01,lag_5,0.0071977507067373,-0.00046960343571299744,0.0031140812354156994,0.002192448622156311
2004-10-01,2004-11-01,lag_6,0.0037074991758068,5.0846910817199386e-05,0.0031140812354156994,0.002192448622156311
2004-10-01,2004-11-01,lag_7,-0.0040087558487682,-0.0006878085998323514,0.0031140812354156994,0.002192448622156311
2004-10-01,2004-11-01,lag_8,0.0060143061091606,0.00019056631426792592,0.0031140812354156994,0.002192448622156311
2004-10-01,2004-11-01,lag_9,0.0015206262190341,0.00014044640671272645,0.0031140812354156994,0.002192448622156311
2004-10-01,2004-11-01,lag_10,0.0002959460294098,6.018925390890217e-05,0.0031140812354156994,0.002192448622156311
2004-10-01,2004-11-01,lag_11,0.0066825920491968,-0.00017111133782236722,0.0031140812354156994,0.002192448622156311
2004-10-01,2004-11-01,volatility_3m,0.004354727937925411,0.0004017669164386461,0.0031140812354156994,0.002192448622156311
2004-11-01,2004-12-01,lag_0,0.0024803554509942,-0.0001493435661905096,0.002919094879910256,0.0021760823729360832
2004-11-01,2004-12-01,lag_1,0.0084953127372333,0.0009143235360988911,0.002919094879910256,0.0021760823729360832
2004-11-01,2004-12-01,lag_2,0.0012701843581544,8.798234671303362e-05,0.002919094879910256,0.0021760823729360832
2004-11-01,2004-12-01,lag_3,0.000670966719368,0.00018703062040003715,0.002919094879910256,0.0021760823729360832
2004-11-01,2004-12-01,lag_4,0.0074438796836666,0.00013079276106509497,0.002919094879910256,0.0021760823729360832
2004-11-01,2004-12-01,lag_5,-0.0078328388061885,0.00013033729141170624,0.002919094879910256,0.0021760823729360832
2004-11-01,2004-12-01,lag_6,0.0071977507067373,-0.00010545069748332026,0.002919094879910256,0.0021760823729360832
2004-11-01,2004-12-01,lag_7,0.0037074991758068,0.00016936434109084077,0.002919094879910256,0.0021760823729360832
2004-11-01,2004-12-01,lag_8,-0.0040087558487682,-0.0008629824940271646,0.002919094879910256,0.0021760823729360832
2004-11-01,2004-12-01,lag_9,0.0060143061091606,0.00013633529993967386,0.002919094879910256,0.0021760823729360832
2004-11-01,2004-12-01,lag_10,0.0015206262190341,0.0003295434261463015,0.002919094879910256,0.0021760823729360832
2004-11-01,2004-12-01,lag_11,0.0002959460294098,-0.0002137798274634406,0.002919094879910256,0.0021760823729360832
2004-11-01,2004-12-01,volatility_3m,0.00386968356422497,-1.1140603182866471e-05,0.002919094879910256,0.0021760823729360832
2004-12-01,2005-01-01,lag_0,0.0079362410009355,0.0011407914340543356,0.002493839722492685,0.00221432565899178
2004-12-01,2005-01-01,lag_1,0.0024803554509942,-0.0003366752953843388,0.002493839722492685,0.00221432565899178
2004-12-01,2005-01-01,lag_2,0.0084953127372333,0.0009519741700023587,0.002493839722492685,0.00221432565899178
2004-12-01,2005-01-01,lag_3,0.0012701843581544,0.00018558044592282386,0.002493839722492685,0.00221432565899178
2004-12-01,2005-01-01,lag_4,0.000670966719368,-0.00038163537094078494,0.002493839722492685,0.00221432565899178
2004-12-01,2005-01-01,lag_5,0.0074438796836666,-0.00019048069901600684,0.002493839722492685,0.00221432565899178
2004-12-01,2005-01-01,lag_6,-0.0078328388061885,-0.0003419420473801438,0.002493839722492685,0.00221432565899178
2004-12-01,2005-01-01,lag_7,0.0071977507067373,6.200994892424205e-05,0.002493839722492685,0.00221432565899178
2004-12-01,2005-01-01,lag_8,0.0037074991758068,0.00012083859809536079,0.002493839722492685,0.00221432565899178
2004-12-01,2005-01-01,lag_9,-0.0040087558487682,-0.0005601764081984583,0.002493839722492685,0.00221432565899178
2004-12-01,2005-01-01,lag_10,0.0060143061091606,-0.00017349572544844705,0.002493839722492685,0.00221432565899178
2004-12-01,2005-01-01,lag_11,0.0015206262190341,-0.00013452717586915242,0.002493839722492685,0.00221432565899178
2004-12-01,2005-01-01,volatility_3m,0.003323125022617169,-6.274778646911728e-05,0.002493839722492685,0.00221432565899178
2005-01-01,2005-02-01,lag_0,0.0035900791158702,0.00023670337715884672,0.003952903579360878,0.0022399647429615977
2005-01-01,2005-02-01,lag_1,0.0079362410009355,0.0007761588868561376,0.003952903579360878,0.0022399647429615977
2005-01-01,2005-02-01,lag_2,0.0024803554509942,0.0003110264410497621,0.003952903579360878,0.0022399647429615977
2005-01-01,2005-02-01,lag_3,0.0084953127372333,0.0007611340574476344,0.003952903579360878,0.0022399647429615977
2005-01-01,2005-02-01,lag_4,0.0012701843581544,-4.517404851867468e-05,0.003952903579360878,0.0022399647429615977
2005-01-01,2005-02-01,lag_5,0.000670966719368,-0.0002779564585944172,0.003952903579360878,0.0022399647429615977
2005-01-01,2005-02-01,lag_6,0.0074438796836666,9.451062411244493e-05,0.003952903579360878,0.0022399647429615977
2005-01-01,2005-02-01,lag_7,-0.0078328388061885,-0.0006451607458438957,0.003952903579360878,0.0022399647429615977
2005-01-01,2005-02-01,lag_8,0.0071977507067373,0.0002732274243498978,0.003952903579360878,0.0022399647429615977
2005-01-01,2005-02-01,lag_9,0.0037074991758068,0.000183267413149224,0.003952903579360878,0.0022399647429615977
2005-01-01,2005-02-01,lag_10,-0.0040087558487682,0.00024786586655864087,0.003952903579360878,0.0022399647429615977
2005-01-01,2005-02-01,lag_11,0.0060143061091606,-8.342206395582252e-05,0.003952903579360878,0.0022399647429615977
2005-01-01,2005-02-01,volatility_3m,0.002883496051602362,-0.0001192420007828332,0.003952903579360878,0.0022399647429615977
2005-02-01,2005-03-01,lag_0,0.007232846062771,0.00038394774644984864,0.002962945409263197,0.0021908044675777254
2005-02-01,2005-03-01,lag_1,0.0035900791158702,0.0005851687932590721,0.002962945409263197,0.0021908044675777254
2005-02-01,2005-03-01,lag_2,0.0079362410009355,0.0007064105818881217,0.002962945409263197,0.0021908044675777254
2005-02-01,2005-03-01,lag_3,0.0024803554509942,-0.000650357937629451,0.002962945409263197,0.0021908044675777254
2005-02-01,2005-03-01,lag_4,0.0084953127372333,-0.00011120837238195236,0.002962945409263197,0.0021908044675777254
2005-02-01,2005-03-01,lag_5,0.0012701843581544,-0.00016985510868835262,0.002962945409263197,0.0021908044675777254
2005-02-01,2005-03-01,lag_6,0.000670966719368,7.538992525951471e-05,0.002962945409263197,0.0021908044675777254
2005-02-01,2005-03-01,lag_7,0.0074438796836666,0.0001477349784136095,0.002962945409263197,0.0021908044675777254
2005-02-01,2005-03-01,lag_8,-0.0078328388061885,-0.0008769220667636545,0.002962945409263197,0.0021908044675777254
2005-02-01,2005-03-01,lag_9,0.0071977507067373,0.0004554779574505119,0.002962945409263197,0.0021908044675777254
2005-02-01,2005-03-01,lag_10,0.0037074991758068,-0.0002814761799345433,0.002962945409263197,0.0021908044675777254
2005-02-01,2005-03-01,lag_11,-0.0040087558487682,0.0005022300899145193,0.002962945409263197,0.0021908044675777254
2005-02-01,2005-03-01,volatility_3m,0.002332867998825436,5.600367840088438e-06,0.002962945409263197,0.0021908044675777254
2005-03-01,2005-04-01,lag_0,-0.0013521797796176,-0.0002618706920111435,0.003285558891345991,0.0022559162344821322
2005-03-01,2005-04-01,lag_1,0.007232846062771,0.0010676498346219887,0.003285558891345991,0.0022559162344821322
2005-03-01,2005-04-01,lag_2,0.0035900791158702,0.00038919995668948107,0.003285558891345991,0.0022559162344821322
2005-03-01,2005-04-01,lag_3,0.0079362410009355,-0.00011275374110482517,0.003285558891345991,0.0022559162344821322
2005-03-01,2005-04-01,lag_4,0.0024803554509942,0.00019665602948407468,0.003285558891345991,0.0022559162344821322
2005-03-01,2005-04-01,lag_5,0.0084953127372333,0.0002795284375861229,0.003285558891345991,0.0022559162344821322
2005-03-01,2005-04-01,lag_6,0.0012701843581544,7.353848023740284e-05,0.003285558891345991,0.0022559162344821322
2005-03-01,2005-04-01,lag_7,0.000670966719368,0.000262745298405207,0.003285558891345991,0.0022559162344821322
2005-03-01,2005-04-01,lag_8,0.0074438796836666,0.0005184433341764816,0.003285558891345991,0.0022559162344821322
2005-03-01,2005-04-01,lag_9,-0.0078328388061885,-0.000583509377415794,0.003285558891345991,0.0022559162344821322
2005-03-01,2005-04-01,lag_10,0.0071977507067373,-0.0003387505995488027,0.003285558891345991,0.0022559162344821322
2005-03-01,2005-04-01,lag_11,0.0037074991758068,-0.0002884330101733212,0.003285558891345991,0.0022559162344821322
2005-03-01,2005-04-01,volatility_3m,0.004308873455516754,-0.0001728013418687624,0.003285558891345991,0.0022559162344821322
2005-04-01,2005-05-01,lag_0,0.0021501954438223,-0.0001477260385581758,0.007782763727999922,0.0022617235927840933
2005-04-01,2005-05-01,lag_1,-0.0013521797796176,-0.001002464032917487,0.007782763727999922,0.0022617235927840933
2005-04-01,2005-05-01,lag_2,0.007232846062771,0.0020838045880282154,0.007782763727999922,0.0022617235927840933
2005-04-01,2005-05-01,lag_3,0.0035900791158702,-0.0002141054542062193,0.007782763727999922,0.0022617235927840933
2005-04-01,2005-05-01,lag_4,0.0079362410009355,0.00023702536086602776,0.007782763727999922,0.0022617235927840933
2005-04-01,2005-05-01,lag_5,0.0024803554509942,-0.00026406737704746773,0.007782763727999922,0.0022617235927840933
2005-04-01,2005-05-01,lag_6,0.0084953127372333,0.00019393191796552857,0.007782763727999922,0.0022617235927840933
2005-04-01,2005-05-01,lag_7,0.0012701843581544,0.0004965015812740603,0.007782763727999922,0.0022617235927840933
2005-04-01,2005-05-01,lag_8,0.000670966719368,0.0007205353866720543,0.007782763727999922,0.0022617235927840933
2005-04-01,2005-05-01,lag_9,0.0074438796836666,0.0011616910339944297,0.007782763727999922,0.0022617235927840933
2005-04-01,2005-05-01,lag_10,-0.0078328388061885,0.0018799208716154682,0.007782763727999922,0.0022617235927840933
2005-04-01,2005-05-01,lag_11,0.0071977507067373,0.00036606754845706744,0.007782763727999922,0.0022617235927840933
2005-04-01,2005-05-01,volatility_3m,0.004316685422762573,9.924857477017212e-06,0.007782763727999922,0.0022617235927840933
2005-05-01,2005-06-01,lag_0,0.0008997205268519,-0.00025601673693017804,0.0008135588662131683,0.0022018601963915436
2005-05-01,2005-06-01,lag_1,0.0021501954438223,-0.00048168367200560167,0.0008135588662131683,0.0022018601963915436
2005-05-01,2005-06-01,lag_2,-0.0013521797796176,-0.00039775803880274905,0.0008135588662131683,0.0022018601963915436
2005-05-01,2005-06-01,lag_3,0.007232846062771,-4.672739456509589e-05,0.0008135588662131683,0.0022018601963915436
2005-05-01,2005-06-01,lag_4,0.0035900791158702,-0.0003186947502945259,0.0008135588662131683,0.0022018601963915436
2005-05-01,2005-06-01,lag_5,0.0079362410009355,-4.736041086289333e-05,0.0008135588662131683,0.0022018601963915436
2005-05-01,2005-06-01,lag_6,0.0024803554509942,-1.884530436655041e-05,0.0008135588662131683,0.0022018601963915436
2005-05-01,2005-06-01,lag_7,0.0084953127372333,0.00013865227638461874,0.0008135588662131683,0.0022018601963915436
2005-05-01,2005-06-01,lag_8,0.0012701843581544,0.0007629174925023107,0.0008135588662131683,0.0022018601963915436
2005-05-01,2005-06-01,lag_9,0.000670966719368,-0.00015857600767049006,0.0008135588662131683,0.0022018601963915436
2005-05-01,2005-06-01,lag_10,0.0074438796836666,-2.588229483080795e-05,0.0008135588662131683,0.0022018601963915436
2005-05-01,2005-06-01,lag_11,-0.0078328388061885,-0.0001958817975355487,0.0008135588662131683,0.0022018601963915436
2005-05-01,2005-06-01,volatility_3m,0.0017748884807228145,-0.00034244474394654387,0.0008135588662131683,0.0022018601963915436
2005-06-01,2005-07-01,lag_0,0.0044875291574637,5.8963819865311964e-05,0.0019210826065173023,0.0020587126667480646
2005-06-01,2005-07-01,lag_1,0.0008997205268519,-0.0003437050223146798,0.0019210826065173023,0.0020587126667480646
2005-06-01,2005-07-01,lag_2,0.0021501954438223,0.000334197673437302,0.0019210826065173023,0.0020587126667480646
2005-06-01,2005-07-01,lag_3,-0.0013521797796176,0.00011666854816212435,0.0019210826065173023,0.0020587126667480646
2005-06-01,2005-07-01,lag_4,0.007232846062771,7.355270476182341e-05,0.0019210826065173023,0.0020587126667480646
2005-06-01,2005-07-01,lag_5,0.0035900791158702,-0.0002296170727458957,0.0019210826065173023,0.0020587126667480646
2005-06-01,2005-07-01,lag_6,0.0079362410009355,3.0192417034413667e-05,0.0019210826065173023,0.0020587126667480646
2005-06-01,2005-07-01,lag_7,0.0024803554509942,0.00017975857275359886,0.0019210826065173023,0.0020587126667480646
2005-06-01,2005-07-01,lag_8,0.0084953127372333,-0.0007277253171196207,0.0019210826065173023,0.0020587126667480646
2005-06-01,2005-07-01,lag_9,0.0012701843581544,0.0002707354756057612,0.0019210826065173023,0.0020587126667480646
2005-06-01,2005-07-01,lag_10,0.000670966719368,0.00022619448693149026,0.0019210826065173023,0.0020587126667480646
2005-06-01,2005-07-01,lag_11,0.0074438796836666,8.891176741599339e-05,0.0019210826065173023,0.0020587126667480646
2005-06-01,2005-07-01,volatility_3m,0.001821134590339648,-0.00021575811615548446,0.0019210826065173023,0.0020587126667480646
2005-07-01,2005-08-01,lag_0,-0.0031714662882169,-0.00037083220273416374,0.0034933122170297064,0.0020576467402509432
2005-07-01,2005-08-01,lag_1,0.0044875291574637,0.001033087907362642,0.0034933122170297064,0.0020576467402509432
2005-07-01,2005-08-01,lag_2,0.0008997205268519,-0.0009601947673763788,0.0034933122170297064,0.0020576467402509432
2005-07-01,2005-08-01,lag_3,0.0021501954438223,0.00012886379361589205,0.0034933122170297064,0.0020576467402509432
2005-07-01,2005-08-01,lag_4,-0.0013521797796176,-0.0011301250387987238,0.0034933122170297064,0.0020576467402509432
2005-07-01,2005-08-01,lag_5,0.007232846062771,-9.673886336713621e-05,0.0034933122170297064,0.0020576467402509432
2005-07-01,2005-08-01,lag_6,0.0035900791158702,0.0001884574272116879,0.0034933122170297064,0.0020576467402509432
2005-07-01,2005-08-01,lag_7,0.0079362410009355,0.00041361423427588306,0.0034933122170297064,0.0020576467402509432
2005-07-01,2005-08-01,lag_8,0.0024803554509942,0.0012198386398995353,0.0034933122170297064,0.0020576467402509432
2005-07-01,2005-08-01,lag_9,0.0084953127372333,0.0009324853920406894,0.0034933122170297064,0.0020576467402509432
2005-07-01,2005-08-01,lag_10,0.0012701843581544,0.00017449326508540253,0.0034933122170297064,0.0020576467402509432
2005-07-01,2005-08-01,lag_11,0.000670966719368,-0.00022918128834135132,0.0034933122170297064,0.0020576467402509432
2005-07-01,2005-08-01,volatility_3m,0.003832039145808202,0.00013189690964964028,0.0034933122170297064,0.0020576467402509432
2005-08-01,2005-09-01,lag_0,0.0032537883465622,0.0001268281479497091,0.0004332611656678066,0.002067523195764405
2005-08-01,2005-09-01,lag_1,-0.0031714662882169,-0.0006662649162353774,0.0004332611656678066,0.002067523195764405
2005-08-01,2005-09-01,lag_2,0.0044875291574637,0.0005991189567430411,0.0004332611656678066,0.002067523195764405
2005-08-01,2005-09-01,lag_3,0.0008997205268519,1.4664471163996496e-05,0.0004332611656678066,0.002067523195764405
2005-08-01,2005-09-01,lag_4,0.0021501954438223,8.463903723168186e-05,0.0004332611656678066,0.002067523195764405
2005-08-01,2005-09-01,lag_5,-0.0013521797796176,-0.00017820634367808453,0.0004332611656678066,0.002067523195764405
2005-08-01,2005-09-01,lag_6,0.007232846062771,-5.32980076604872e-05,0.0004332611656678066,0.002067523195764405
2005-08-01,2005-09-01,lag_7,0.0035900791158702,0.00012472767848521472,0.0004332611656678066,0.002067523195764405
2005-08-01,2005-09-01,lag_8,0.0079362410009355,-0.0008253872335990309,0.0004332611656678066,0.002067523195764405
2005-08-01,2005-09-01,lag_9,0.0024803554509942,-6.0113198514955e-06,0.0004332611656678066,0.002067523195764405
2005-08-01,2005-09-01,lag_10,0.0084953127372333,-0.0006100970200714073,0.0004332611656678066,0.002067523195764405
2005-08-01,2005-09-01,lag_11,0.0012701843581544,-0.0001777053697333031,0.0004332611656678066,0.002067523195764405
2005-08-01,2005-09-01,volatility_3m,0.0041123031816568505,-6.727023569737867e-05,0.0004332611656678066,0.002067523195764405
2005-09-01,2005-10-01,lag_0,-0.0195638287695461,-0.0031819696409002064,0.00048792600503628483,0.0019630737072787877
2005-09-01,2005-10-01,lag_1,0.0032537883465622,0.001103047942651756,0.00048792600503628483,0.0019630737072787877
2005-09-01,2005-10-01,lag_2,-0.0031714662882169,-0.0005315472020811285,0.00048792600503628483,0.0019630737072787877
2005-09-01,2005-10-01,lag_3,0.0044875291574637,-8.579453662605375e-05,0.00048792600503628483,0.0019630737072787877
2005-09-01,2005-10-01,lag_4,0.0008997205268519,-0.0004998282842643676,0.00048792600503628483,0.0019630737072787877
2005-09-01,2005-10-01,lag_5,0.0021501954438223,-0.00025462260488438913,0.00048792600503628483,0.0019630737072787877
2005-09-01,2005-10-01,lag_6,-0.0013521797796176,-0.0004397857444746478,0.00048792600503628483,0.0019630737072787877
2005-09-01,2005-10-01,lag_7,0.007232846062771,0.0006899721156241867,0.00048792600503628483,0.0019630737072787877
2005-09-01,2005-10-01,lag_8,0.0035900791158702,0.00038155190839461283,0.00048792600503628483,0.0019630737072787877
2005-09-01,2005-10-01,lag_9,0.0079362410009355,0.001104296453486313,0.00048792600503628483,0.0019630737072787877
2005-09-01,2005-10-01,lag_10,0.0024803554509942,0.0003156394611323776,0.00048792600503628483,0.0019630737072787877
2005-09-01,2005-10-01,lag_11,0.0084953127372333,0.00047009686963974675,0.00048792600503628483,0.0019630737072787877
2005-09-01,2005-10-01,volatility_3m,0.011766032294266674,-0.0005462044804608012,0.00048792600503628483,0.0019630737072787877
2005-10-01,2005-11-01,lag_0,0.0120643294072104,0.0028011603386403293,0.002194289613918156,0.0019272453976729954
2005-10-01,2005-11-01,lag_1,-0.0195638287695461,-0.0026230057905013383,0.002194289613918156,0.0019272453976729954
2005-10-01,2005-11-01,lag_2,0.0032537883465622,0.00036137255974608704,0.002194289613918156,0.0019272453976729954
2005-10-01,2005-11-01,lag_3,-0.0031714662882169,-0.0003423681330605177,0.002194289613918156,0.0019272453976729954
2005-10-01,2005-11-01,lag_4,0.0044875291574637,8.873741751813213e-05,0.002194289613918156,0.0019272453976729954
2005-10-01,2005-11-01,lag_5,0.0008997205268519,-6.252515377127566e-06,0.002194289613918156,0.0019272453976729954
2005-10-01,2005-11-01,lag_6,0.0021501954438223,-0.0002874932916893158,0.002194289613918156,0.0019272453976729954
2005-10-01,2005-11-01,lag_7,-0.0013521797796176,-0.0004563351393517223,0.002194289613918156,0.0019272453976729954
2005-10-01,2005-11-01,lag_8,0.007232846062771,0.000247253844208899,0.002194289613918156,0.0019272453976729954
2005-10-01,2005-11-01,lag_9,0.0035900791158702,0.0003553213793566101,0.002194289613918156,0.0019272453976729954
2005-10-01,2005-11-01,lag_10,0.0079362410009355,-0.0006676526171395381,0.002194289613918156,0.0019272453976729954
2005-10-01,2005-11-01,lag_11,0.0024803554509942,-0.00036804564040721744,0.002194289613918156,0.0019272453976729954
2005-10-01,2005-11-01,volatility_3m,0.01632283510041794,0.0011643519413883042,0.002194289613918156,0.0019272453976729954
2005-11-01,2005-12-01,lag_0,0.0111775166214949,0.0014978619520661595,0.0028407534848669705,0.0019505626788078672
2005-11-01,2005-12-01,lag_1,0.0120643294072104,0.001665108995475748,0.0028407534848669705,0.0019505626788078672
2005-11-01,2005-12-01,lag_2,-0.0195638287695461,-0.0004530461043032119,0.0028407534848669705,0.0019505626788078672
2005-11-01,2005-12-01,lag_3,0.0032537883465622,-0.00038816362772195137,0.0028407534848669705,0.0019505626788078672
2005-11-01,2005-12-01,lag_4,-0.0031714662882169,-0.00028282784156544947,0.0028407534848669705,0.0019505626788078672
2005-11-01,2005-12-01,lag_5,0.0044875291574637,-0.0006233768789024907,0.0028407534848669705,0.0019505626788078672
2005-11-01,2005-12-01,lag_6,0.0008997205268519,2.471841584338108e-05,0.0028407534848669705,0.0019505626788078672
2005-11-01,2005-12-01,lag_7,0.0021501954438223,-4.22484549562796e-05,0.0028407534848669705,0.0019505626788078672
2005-11-01,2005-12-01,lag_8,-0.0013521797796176,-0.0005215355476866535,0.0028407534848669705,0.0019505626788078672
2005-11-01,2005-12-01,lag_9,0.007232846062771,0.00026295976685560164,0.0028407534848669705,0.0019505626788078672
2005-11-01,2005-12-01,lag_10,0.0035900791158702,-3.4920379312097795e-05,0.0028407534848669705,0.0019505626788078672
2005-11-01,2005-12-01,lag_11,0.0079362410009355,0.00011464905627690313,0.0028407534848669705,0.0019505626788078672
2005-11-01,2005-12-01,volatility_3m,0.017960942401264772,-0.00032898846581701945,0.0028407534848669705,0.0019505626788078672
2005-12-01,2006-01-01,lag_0,0.0051516935642315,-0.00012646429240703583,0.0016801974439010984,0.0019117998295515996
2005-12-01,2006-01-01,lag_1,0.0111775166214949,0.0014048363916845119,0.0016801974439010984,0.0019117998295515996
2005-12-01,2006-01-01,lag_2,0.0120643294072104,8.021932088013273e-05,0.0016801974439010984,0.0019117998295515996
2005-12-01,2006-01-01,lag_3,-0.0195638287695461,-0.000786740216135513,0.0016801974439010984,0.0019117998295515996
2005-12-01,2006-01-01,lag_4,0.0032537883465622,-0.0005362510574445878,0.0016801974439010984,0.0019117998295515996
2005-12-01,2006-01-01,lag_5,-0.0031714662882169,-0.00016331647700098983,0.0016801974439010984,0.0019117998295515996
2005-12-01,2006-01-01,lag_6,0.0044875291574637,4.659621208702447e-06,0.0016801974439010984,0.0019117998295515996
2005-12-01,2006-01-01,lag_7,0.0008997205268519,0.00010041567367807146,0.0016801974439010984,0.0019117998295515996
2005-12-01,2006-01-01,lag_8,0.0021501954438223,0.0004497280182749819,0.0016801974439010984,0.0019117998295515996
2005-12-01,2006-01-01,lag_9,-0.0013521797796176,-0.0001756736017387084,0.0016801974439010984,0.0019117998295515996
2005-12-01,2006-01-01,lag_10,0.007232846062771,-0.0004956657817729137,0.0016801974439010984,0.0019117998295515996
2005-12-01,2006-01-01,lag_11,0.0035900791158702,-2.905810433730949e-05,0.0016801974439010984,0.0019117998295515996
2005-12-01,2006-01-01,volatility_3m,0.0037612390407947643,4.1708041226229395e-05,0.0016801974439010984,0.0019117998295515996
2006-01-01,2006-02-01,lag_0,0.0015766002009156,-0.000547543838420097,0.005486640673183061,0.0018254077781346275
2006-01-01,2006-02-01,lag_1,0.0051516935642315,0.000779633342535817,0.005486640673183061,0.0018254077781346275
2006-01-01,2006-02-01,lag_2,0.0111775166214949,0.0005156557503141812,0.005486640673183061,0.0018254077781346275
2006-01-01,2006-02-01,lag_3,0.0120643294072104,0.0005905561800500437,0.005486640673183061,0.0018254077781346275
2006-01-01,2006-02-01,lag_4,-0.0195638287695461,0.0017578548945493822,0.005486640673183061,0.0018254077781346275
2006-01-01,2006-02-01,lag_5,0.0032537883465622,-0.0003657787300744531,0.005486640673183061,0.0018254077781346275
2006-01-01,2006-02-01,lag_6,-0.0031714662882169,-0.00013200806711211044,0.005486640673183061,0.0018254077781346275
2006-01-01,2006-02-01,lag_7,0.0044875291574637,-4.011568698842893e-05,0.005486640673183061,0.0018254077781346275
2006-01-01,2006-02-01,lag_8,0.0008997205268519,0.0006101945717819035,0.005486640673183061,0.0018254077781346275
2006-01-01,2006-02-01,lag_9,0.0021501954438223,-0.000210882653709632,0.005486640673183061,0.0018254077781346275
2006-01-01,2006-02-01,lag_10,-0.0013521797796176,0.000355179039261202,0.005486640673183061,0.0018254077781346275
2006-01-01,2006-02-01,lag_11,0.007232846062771,3.59336571636959e-05,0.005486640673183061,0.0018254077781346275
2006-01-01,2006-02-01,volatility_3m,0.004852309281651742,0.0003125544392605661,0.005486640673183061,0.0018254077781346275
2006-02-01,2006-03-01,lag_0,0.0004215001803382,-0.0004952498997954535,0.0014575127079306267,0.0017660391831097653
2006-02-01,2006-03-01,lag_1,0.0015766002009156,-0.0003676203994336902,0.0014575127079306267,0.0017660391831097653
2006-02-01,2006-03-01,lag_2,0.0051516935642315,0.0003736733429514061,0.0014575127079306267,0.0017660391831097653
2006-02-01,2006-03-01,lag_3,0.0111775166214949,0.00024886035189410907,0.0014575127079306267,0.0017660391831097653
2006-02-01,2006-03-01,lag_4,0.0120643294072104,4.404065242852084e-05,0.0014575127079306267,0.0017660391831097653
2006-02-01,2006-03-01,lag_5,-0.0195638287695461,0.000432678301112901,0.0014575127079306267,0.0017660391831097653
2006-02-01,2006-03-01,lag_6,0.0032537883465622,9.001077813081793e-05,0.0014575127079306267,0.0017660391831097653
2006-02-01,2006-03-01,lag_7,-0.0031714662882169,-0.0004728078919197287,0.0014575127079306267,0.0017660391831097653
2006-02-01,2006-03-01,lag_8,0.0044875291574637,0.00016498055077590834,0.0014575127079306267,0.0017660391831097653
2006-02-01,2006-03-01,lag_9,0.0008997205268519,-0.00021482000751348095,0.0014575127079306267,0.0017660391831097653
2006-02-01,2006-03-01,lag_10,0.0021501954438223,0.0002454229496061089,0.0014575127079306267,0.0017660391831097653
2006-02-01,2006-03-01,lag_11,-0.0013521797796176,-0.00013384010004756418,0.0014575127079306267,0.0017660391831097653
2006-02-01,2006-03-01,volatility_3m,0.002466112935471233,-0.00022385511501852307,0.0014575127079306267,0.0017660391831097653
2006-03-01,2006-04-01,lag_0,0.002252114659746,7.494594210584182e-05,0.0009647668687259982,0.0017811281901615663
2006-03-01,2006-04-01,lag_1,0.0004215001803382,-0.0003813279522000812,0.0009647668687259982,0.0017811281901615663
2006-03-01,2006-04-01,lag_2,0.0015766002009156,0.0002596583764443494,0.0009647668687259982,0.0017811281901615663
2006-03-01,2006-04-01,lag_3,0.0051516935642315,-0.0001450447319803061,0.0009647668687259982,0.0017811281901615663
2006-03-01,2006-04-01,lag_4,0.0111775166214949,9.204004538332811e-05,0.0009647668687259982,0.0017811281901615663
2006-03-01,2006-04-01,lag_5,0.0120643294072104,0.0005694123769717408,0.0009647668687259982,0.0017811281901615663
2006-03-01,2006-04-01,lag_6,-0.0195638287695461,-3.661112023110036e-06,0.0009647668687259982,0.0017811281901615663
2006-03-01,2006-04-01,lag_7,0.0032537883465622,-1.0566359051153996e-05,0.0009647668687259982,0.0017811281901615663
2006-03-01,2006-04-01,lag_8,-0.0031714662882169,-0.0007204746483876078,0.0009647668687259982,0.0017811281901615663
2006-03-01,2006-04-01,lag_9,0.0044875291574637,0.00012222489040141226,0.0009647668687259982,0.0017811281901615663
2006-03-01,2006-04-01,lag_10,0.0008997205268519,7.746342284008279e-05,0.0009647668687259982,0.0017811281901615663
2006-03-01,2006-04-01,lag_11,0.0021501954438223,-1.2874258191004628e-05,0.0009647668687259982,0.0017811281901615663
2006-03-01,2006-04-01,volatility_3m,0.0009257182089099188,-0.0007381572824306204,0.0009647668687259982,0.0017811281901615663
2006-04-01,2006-05-01,lag_0,0.0030320784432706,0.00014283051121310563,-0.0011935032878759816,0.0019135059983462902
2006-04-01,2006-05-01,lag_1,0.002252114659746,-0.00032107431608892513,-0.0011935032878759816,0.0019135059983462902
2006-04-01,2006-05-01,lag_2,0.0004215001803382,-0.0010289078450023226,-0.0011935032878759816,0.0019135059983462902
2006-04-01,2006-05-01,lag_3,0.0015766002009156,-0.0001965950812700612,-0.0011935032878759816,0.0019135059983462902
2006-04-01,2006-05-01,lag_4,0.0051516935642315,-9.951098359124444e-05,-0.0011935032878759816,0.0019135059983462902
2006-04-01,2006-05-01,lag_5,0.0111775166214949,0.0006762949897165527,-0.0011935032878759816,0.0019135059983462902
2006-04-01,2006-05-01,lag_6,0.0120643294072104,8.840768750815186e-06,-0.0011935032878759816,0.0019135059983462902
2006-04-01,2006-05-01,lag_7,-0.0195638287695461,-0.00023385791464534123,-0.0011935032878759816,0.0019135059983462902
2006-04-01,2006-05-01,lag_8,0.0032537883465622,0.00048511133781175886,-0.0011935032878759816,0.0019135059983462902
2006-04-01,2006-05-01,lag_9,-0.0031714662882169,-0.0015849429197169228,-0.0011935032878759816,0.0019135059983462902
2006-04-01,2006-05-01,lag_10,0.0044875291574637,-0.00013637802077937522,-0.0011935032878759816,0.0019135059983462902
2006-04-01,2006-05-01,lag_11,0.0008997205268519,-0.00013452344966935926,-0.0011935032878759816,0.0019135059983462902
2006-04-01,2006-05-01,volatility_3m,0.0013400629178464375,-0.000684296245835867,-0.0011935032878759816,0.0019135059983462902
2006-05-01,2006-06-01,lag_0,0.0002541145564114,-0.0002357578426199325,0.0014519520291813922,0.0018444650666855577
2006-05-01,2006-06-01,lag_1,0.0030320784432706,0.0014082024509480106,0.0014519520291813922,0.0018444650666855577
2006-05-01,2006-06-01,lag_2,0.002252114659746,0.000197470317252737,0.0014519520291813922,0.0018444650666855577
2006-05-01,2006-06-01,lag_3,0.0004215001803382,-3.28136605094187e-05,0.0014519520291813922,0.0018444650666855577
2006-05-01,2006-06-01,lag_4,0.0015766002009156,0.0001870440043239796,0.0014519520291813922,0.0018444650666855577
2006-05-01,2006-06-01,lag_5,0.0051516935642315,9.848726370364602e-05,0.0014519520291813922,0.0018444650666855577
2006-05-01,2006-06-01,lag_6,0.0111775166214949,-6.813348867581227e-05,0.0014519520291813922,0.0018444650666855577
2006-05-01,2006-06-01,lag_7,0.0120643294072104,0.0004054988659299852,0.0014519520291813922,0.0018444650666855577
2006-05-01,2006-06-01,lag_8,-0.0195638287695461,-0.0016584161030186806,0.0014519520291813922,0.0018444650666855577
2006-05-01,2006-06-01,lag_9,0.0032537883465622,0.00015538586388686327,0.0014519520291813922,0.0018444650666855577
2006-05-01,2006-06-01,lag_10,-0.0031714662882169,7.285184206011764e-05,0.0014519520291813922,0.0018444650666855577
2006-05-01,2006-06-01,lag_11,0.0044875291574637,-0.0002914615628105821,0.0014519520291813922,0.0018444650666855577
2006-05-01,2006-06-01,volatility_3m,0.0014327962912447903,-0.0006308710118173622,0.0014519520291813922,0.0018444650666855577
2006-06-01,2006-07-01,lag_0,0.0031614092164247,-0.0003966175967889285,-0.0006131415363283854,0.0017237108496158194
2006-06-01,2006-07-01,lag_1,0.0002541145564114,-0.0009215240871549213,-0.0006131415363283854,0.0017237108496158194
2006-06-01,2006-07-01,lag_2,0.0030320784432706,0.00011665179714100305,-0.0006131415363283854,0.0017237108496158194
2006-06-01,2006-07-01,lag_3,0.002252114659746,0.00019008604409918915,-0.0006131415363283854,0.0017237108496158194
2006-06-01,2006-07-01,lag_4,0.0004215001803382,-0.0004773001800936072,-0.0006131415363283854,0.0017237108496158194
2006-06-01,2006-07-01,lag_5,0.0015766002009156,-0.000584975541607946,-0.0006131415363283854,0.0017237108496158194
2006-06-01,2006-07-01,lag_6,0.0051516935642315,-4.650744796776962e-06,-0.0006131415363283854,0.0017237108496158194
2006-06-01,2006-07-01,lag_7,0.0111775166214949,0.0003374454580841757,-0.0006131415363283854,0.0017237108496158194
2006-06-01,2006-07-01,lag_8,0.0120643294072104,0.0004595196152149583,-0.0006131415363283854,0.0017237108496158194
2006-06-01,2006-07-01,lag_9,-0.0195638287695461,-0.0005661885410472678,-0.0006131415363283854,0.0017237108496158194
2006-06-01,2006-07-01,lag_10,0.0032537883465622,-8.137324243307376e-05,-0.0006131415363283854,0.0017237108496158194
2006-06-01,2006-07-01,lag_11,-0.0031714662882169,-4.184568252071585e-05,-0.0006131415363283854,0.0017237108496158194
2006-06-01,2006-07-01,volatility_3m,0.0016424662373861428,-0.0003660797391648884,-0.0006131415363283854,0.0017237108496158194
2006-07-01,2006-08-01,lag_0,-0.0005127465055316,-0.0004138766362157753,0.003489408641482909,0.0017731804252178738
2006-07-01,2006-08-01,lag_1,0.0031614092164247,0.0007795913785935227,0.003489408641482909,0.0017731804252178738
2006-07-01,2006-08-01,lag_2,0.0002541145564114,-0.000680578547908226,0.003489408641482909,0.0017731804252178738
2006-07-01,2006-08-01,lag_3,0.0030320784432706,-0.0006852679323344546,0.003489408641482909,0.0017731804252178738
2006-07-01,2006-08-01,lag_4,0.002252114659746,0.0005950856040118424,0.003489408641482909,0.0017731804252178738
2006-07-01,2006-08-01,lag_5,0.0004215001803382,-0.0006671463486406992,0.003489408641482909,0.0017731804252178738
2006-07-01,2006-08-01,lag_6,0.0015766002009156,0.00034941914726374537,0.003489408641482909,0.0017731804252178738
2006-07-01,2006-08-01,lag_7,0.0051516935642315,0.00028830980868065125,0.003489408641482909,0.0017731804252178738
2006-07-01,2006-08-01,lag_8,0.0111775166214949,0.0011854710753971176,0.003489408641482909,0.0017731804252178738
2006-07-01,2006-08-01,lag_9,0.0120643294072104,0.00013359539300381585,0.003489408641482909,0.0017731804252178738
2006-07-01,2006-08-01,lag_10,-0.0195638287695461,0.0017100906774783198,0.003489408641482909,0.0017731804252178738
2006-07-01,2006-08-01,lag_11,0.0032537883465622,-0.000460851244587559,0.003489408641482909,0.0017731804252178738
2006-07-01,2006-08-01,volatility_3m,0.0019382061464857316,-0.0004176141736166983,0.003489408641482909,0.0017731804252178738
2006-08-01,2006-09-01,lag_0,0.0043791388783338,0.0001488130180450753,0.0009043207254866942,0.0016955928659151587
2006-08-01,2006-09-01,lag_1,-0.0005127465055316,-0.0006264812293193245,0.0009043207254866942,0.0016955928659151587
2006-08-01,2006-09-01,lag_2,0.0031614092164247,0.00010482086077786335,0.0009043207254866942,0.0016955928659151587
2006-08-01,2006-09-01,lag_3,0.0002541145564114,-0.0002384541186597744,0.0009043207254866942,0.0016955928659151587
2006-08-01,2006-09-01,lag_4,0.0030320784432706,-0.00023750970698301898,0.0009043207254866942,0.0016955928659151587
2006-08-01,2006-09-01,lag_5,0.002252114659746,-0.0005250051842028825,0.0009043207254866942,0.0016955928659151587
2006-08-01,2006-09-01,lag_6,0.0004215001803382,0.0005055740859748425,0.0009043207254866942,0.0016955928659151587
2006-08-01,2006-09-01,lag_7,0.0015766002009156,0.00047591539415179794,0.0009043207254866942,0.0016955928659151587
2006-08-01,2006-09-01,lag_8,0.0051516935642315,0.00027116122203608485,0.0009043207254866942,0.0016955928659151587
2006-08-01,2006-09-01,lag_9,0.0111775166214949,0.0005168920859637183,0.0009043207254866942,0.0016955928659151587
2006-08-01,2006-09-01,lag_10,0.0120643294072104,-0.0007770892909093163,0.0009043207254866942,0.0016955928659151587
2006-08-01,2006-09-01,lag_11,-0.0195638287695461,-0.00013917479906467634,0.0009043207254866942,0.0016955928659151587
2006-08-01,2006-09-01,volatility_3m,0.00254665887021778,-0.0002707344406564971,0.0009043207254866942,0.0016955928659151587
2006-09-01,2006-10-01,lag_0,-0.0016629623569395,-0.00015301711196570976,0.0024015632072527035,0.0016345508513284331
2006-09-01,2006-10-01,lag_1,0.0043791388783338,0.0009657230046377662,0.0024015632072527035,0.0016345508513284331
2006-09-01,2006-10-01,lag_2,-0.0005127465055316,-0.00026523398881266757,0.0024015632072527035,0.0016345508513284331
2006-09-01,2006-10-01,lag_3,0.0031614092164247,-0.00028868870010001046,0.0024015632072527035,0.0016345508513284331
2006-09-01,2006-10-01,lag_4,0.0002541145564114,2.260871996327296e-05,0.0024015632072527035,0.0016345508513284331
2006-09-01,2006-10-01,lag_5,0.0030320784432706,-0.0010639170151125654,0.0024015632072527035,0.0016345508513284331
2006-09-01,2006-10-01,lag_6,0.002252114659746,0.0003183233734199575,0.0024015632072527035,0.0016345508513284331
2006-09-01,2006-10-01,lag_7,0.0004215001803382,0.00011218205686418515,0.0024015632072527035,0.0016345508513284331
2006-09-01,2006-10-01,lag_8,0.0015766002009156,0.0007578537456583945,0.0024015632072527035,0.0016345508513284331
2006-09-01,2006-10-01,lag_9,0.0051516935642315,0.0010140958842362125,0.0024015632072527035,0.0016345508513284331
2006-09-01,2006-10-01,lag_10,0.0111775166214949,-0.0006841625139145435,0.0024015632072527035,0.0016345508513284331
2006-09-01,2006-10-01,lag_11,0.0120643294072104,-6.0372464308784404e-05,0.0024015632072527035,0.0016345508513284331
2006-09-01,2006-10-01,volatility_3m,0.0032083361848731155,9.161730583173266e-05,0.0024015632072527035,0.0016345508513284331
2006-10-01,2006-11-01,lag_0,-0.0011474759561265,-0.0006530695998822011,2.5476482138271034e-06,0.0016456994631983376
2006-10-01,2006-11-01,lag_1,-0.0016629623569395,-0.0013983178299690736,2.5476482138271034e-06,0.0016456994631983376
2006-10-01,2006-11-01,lag_2,0.0043791388783338,0.00016920043871436973,2.5476482138271034e-06,0.0016456994631983376
2006-10-01,2006-11-01,lag_3,-0.0005127465055316,0.00018080697369668997,2.5476482138271034e-06,0.0016456994631983376
2006-10-01,2006-11-01,lag_4,0.0031614092164247,-0.00046169958278596823,2.5476482138271034e-06,0.0016456994631983376
2006-10-01,2006-11-01,lag_5,0.0002541145564114,9.225486793184246e-05,2.5476482138271034e-06,0.0016456994631983376
2006-10-01,2006-11-01,lag_6,0.0030320784432706,0.000667179686106465,2.5476482138271034e-06,0.0016456994631983376
2006-10-01,2006-11-01,lag_7,0.002252114659746,8.760870287915168e-05,2.5476482138271034e-06,0.0016456994631983376
2006-10-01,2006-11-01,lag_8,0.0004215001803382,0.0004611784244571027,2.5476482138271034e-06,0.0016456994631983376
2006-10-01,2006-11-01,lag_9,0.0015766002009156,-0.0001559559237512076,2.5476482138271034e-06,0.0016456994631983376
2006-10-01,2006-11-01,lag_10,0.0051516935642315,2.3904149203417545e-05,2.5476482138271034e-06,0.0016456994631983376
2006-10-01,2006-11-01,lag_11,0.0111775166214949,-0.0007131558117987424,2.5476482138271034e-06,0.0016456994631983376
2006-10-01,2006-11-01,volatility_3m,0.00334953193484281,5.6913803377938165e-05,2.5476482138271034e-06,0.0016456994631983376
2006-11-01,2006-12-01,lag_0,-0.0004204326283367,-0.00026830989399400095,-0.0010666736339171284,0.0016199227652444097
2006-11-01,2006-12-01,lag_1,-0.0011474759561265,-0.0007184985636109787,-0.0010666736339171284,0.0016199227652444097
2006-11-01,2006-12-01,lag_2,-0.0016629623569395,-0.0006698461873907035,-0.0010666736339171284,0.0016199227652444097
2006-11-01,2006-12-01,lag_3,0.0043791388783338,-0.0003935643708132375,-0.0010666736339171284,0.0016199227652444097
2006-11-01,2006-12-01,lag_4,-0.0005127465055316,-0.00017918632881674056,-0.0010666736339171284,0.0016199227652444097
2006-11-01,2006-12-01,lag_5,0.0031614092164247,-0.0012325113287533895,-0.0010666736339171284,0.0016199227652444097
2006-11-01,2006-12-01,lag_6,0.0002541145564114,7.605508680057937e-05,-0.0010666736339171284,0.0016199227652444097
2006-11-01,2006-12-01,lag_7,0.0030320784432706,-0.00054325289451981,-0.0010666736339171284,0.0016199227652444097
2006-11-01,2006-12-01,lag_8,0.002252114659746,0.0010565425450704425,-0.0010666736339171284,0.0016199227652444097
2006-11-01,2006-12-01,lag_9,0.0004215001803382,-1.0237365943908116e-05,-0.0010666736339171284,0.0016199227652444097
2006-11-01,2006-12-01,lag_10,0.0015766002009156,0.0006422506931858152,-0.0010666736339171284,0.0016199227652444097
2006-11-01,2006-12-01,lag_11,0.0051516935642315,-0.00016479894166536723,-0.0010666736339171284,0.0016199227652444097
2006-11-01,2006-12-01,volatility_3m,0.0006917449370065758,-0.00028123895676458233,-0.0010666736339171284,0.0016199227652444097
2006-12-01,2007-01-01,lag_0,0.0101417470966893,0.0022879519428215646,0.0015848254064183783,0.0016365833095988683
2006-12-01,2007-01-01,lag_1,-0.0004204326283367,-0.0012900490424891586,0.0015848254064183783,0.0016365833095988683
2006-12-01,2007-01-01,lag_2,-0.0011474759561265,-0.0008737977503255934,0.0015848254064183783,0.0016365833095988683
2006-12-01,2007-01-01,lag_3,-0.0016629623569395,-0.0003486699903271528,0.0015848254064183783,0.0016365833095988683
2006-12-01,2007-01-01,lag_4,0.0043791388783338,-0.00020067692621296375,0.0015848254064183783,0.0016365833095988683
2006-12-01,2007-01-01,lag_5,-0.0005127465055316,0.0004302174991062202,0.0015848254064183783,0.0016365833095988683
2006-12-01,2007-01-01,lag_6,0.0031614092164247,8.800468353911128e-06,0.0015848254064183783,0.0016365833095988683
2006-12-01,2007-01-01,lag_7,0.0002541145564114,-0.00025759466639101446,0.0015848254064183783,0.0016365833095988683
2006-12-01,2007-01-01,lag_8,0.0030320784432706,0.0005077151912530553,0.0015848254064183783,0.0016365833095988683
2006-12-01,2007-01-01,lag_9,0.002252114659746,-0.00013160305172505105,0.0015848254064183783,0.0016365833095988683
2006-12-01,2007-01-01,lag_10,0.0004215001803382,0.0001632760179586512,0.0015848254064183783,0.0016365833095988683
2006-12-01,2007-01-01,lag_11,0.0015766002009156,-0.0003561806008497115,0.0015848254064183783,0.0016365833095988683
2006-12-01,2007-01-01,volatility_3m,0.006318422662875887,8.853139497659868e-06,0.0015848254064183783,0.0016365833095988683
2007-01-01,2007-02-01,lag_0,-0.0033888659943164,-0.00011458635906478775,0.004781373324909987,0.0015530057671595515
2007-01-01,2007-02-01,lag_1,0.0101417470966893,0.0011360043103491079,0.004781373324909987,0.0015530057671595515
2007-01-01,2007-02-01,lag_2,-0.0004204326283367,-0.00030947241600983946,0.004781373324909987,0.0015530057671595515
2007-01-01,2007-02-01,lag_3,-0.0011474759561265,0.0004159732770995106,0.004781373324909987,0.0015530057671595515
2007-01-01,2007-02-01,lag_4,-0.0016629623569395,-0.001082679236308195,0.004781373324909987,0.0015530057671595515
2007-01-01,2007-02-01,lag_5,0.0043791388783338,-0.00029954198163295587,0.004781373324909987,0.0015530057671595515
2007-01-01,2007-02-01,lag_6,-0.0005127465055316,-3.1243084249581445e-05,0.004781373324909987,0.0015530057671595515
2007-01-01,2007-02-01,lag_7,0.0031614092164247,0.00011219311384138563,0.004781373324909987,0.0015530057671595515
2007-01-01,2007-02-01,lag_8,0.0002541145564114,0.0005483750351748995,0.004781373324909987,0.0015530057671595515
2007-01-01,2007-02-01,lag_9,0.0030320784432706,0.0008328684395564779,0.004781373324909987,0.0015530057671595515
2007-01-01,2007-02-01,lag_10,0.002252114659746,0.0012045922878144212,0.004781373324909987,0.0015530057671595515
2007-01-01,2007-02-01,lag_11,0.0004215001803382,-0.0004365327540722319,0.004781373324909987,0.0015530057671595515
2007-01-01,2007-02-01,volatility_3m,0.007111595318099716,0.0012524169716994038,0.004781373324909987,0.0015530057671595515
2007-02-01,2007-03-01,lag_0,0.0093784693076743,0.0019673589301123684,0.006063723218809656,0.0015596633976884947
2007-02-01,2007-03-01,lag_1,-0.0033888659943164,-0.0009844615070960573,0.006063723218809656,0.0015596633976884947
2007-02-01,2007-03-01,lag_2,0.0101417470966893,0.0002628073854504009,0.006063723218809656,0.0015596633976884947
2007-02-01,2007-03-01,lag_3,-0.0004204326283367,-3.509337443119875e-05,0.006063723218809656,0.0015596633976884947
2007-02-01,2007-03-01,lag_4,-0.0011474759561265,-0.00012508407830296163,0.006063723218809656,0.0015596633976884947
2007-02-01,2007-03-01,lag_5,-0.0016629623569395,-0.0002930836776170054,0.006063723218809656,0.0015596633976884947
2007-02-01,2007-03-01,lag_6,0.0043791388783338,-0.0001213060488919382,0.006063723218809656,0.0015596633976884947
2007-02-01,2007-03-01,lag_7,-0.0005127465055316,-0.00011576075261245932,0.006063723218809656,0.0015596633976884947
2007-02-01,2007-03-01,lag_8,0.0031614092164247,0.00017542291505606044,0.006063723218809656,0.0015596633976884947
2007-02-01,2007-03-01,lag_9,0.0002541145564114,2.7205906280869386e-05,0.006063723218809656,0.0015596633976884947
2007-02-01,2007-03-01,lag_10,0.0030320784432706,0.0003821532284513296,0.006063723218809656,0.0015596633976884947
2007-02-01,2007-03-01,lag_11,0.002252114659746,-0.0002229785300664844,0.006063723218809656,0.0015596633976884947
2007-02-01,2007-03-01,volatility_3m,0.007601150508477389,0.0035868793629470017,0.006063723218809656,0.0015596633976884947
2007-03-01,2007-04-01,lag_0,0.0017786154493029,-0.00038739188226827537,0.0006736421577363109,0.0016014765472971556
2007-03-01,2007-04-01,lag_1,0.0093784693076743,0.0010380020790478283,0.0006736421577363109,0.0016014765472971556
2007-03-01,2007-04-01,lag_2,-0.0033888659943164,-0.00029984012388240445,0.0006736421577363109,0.0016014765472971556
2007-03-01,2007-04-01,lag_3,0.0101417470966893,-0.00012138285826551965,0.0006736421577363109,0.0016014765472971556
2007-03-01,2007-04-01,lag_4,-0.0004204326283367,0.00021227357757993559,0.0006736421577363109,0.0016014765472971556
2007-03-01,2007-04-01,lag_5,-0.0011474759561265,-9.837895933173968e-05,0.0006736421577363109,0.0016014765472971556
2007-03-01,2007-04-01,lag_6,-0.0016629623569395,-7.62246871596517e-05,0.0006736421577363109,0.0016014765472971556
2007-03-01,2007-04-01,lag_7,0.0043791388783338,-0.0003492887003346823,0.0006736421577363109,0.0016014765472971556
2007-03-01,2007-04-01,lag_8,-0.0005127465055316,-0.0007063640491173828,0.0006736421577363109,0.0016014765472971556
2007-03-01,2007-04-01,lag_9,0.0031614092164247,0.0003385056833326416,0.0006736421577363109,0.0016014765472971556
2007-03-01,2007-04-01,lag_10,0.0002541145564114,8.14228213005208e-05,0.0006736421577363109,0.0016014765472971556
2007-03-01,2007-04-01,lag_11,0.0030320784432706,-0.000654046086768858,0.0006736421577363109,0.0016014765472971556
2007-03-01,2007-04-01,volatility_3m,0.0064221685570660944,9.487878802588056e-05,0.0006736421577363109,0.0016014765472971556
2007-04-01,2007-05-01,lag_0,0.0067003199017525,-0.0002956008560636292,-0.0014033520468699182,0.0015568636929972626
2007-04-01,2007-05-01,lag_1,0.0017786154493029,-0.0003087702730590536,-0.0014033520468699182,0.0015568636929972626
2007-04-01,2007-05-01,lag_2,0.0093784693076743,-5.0960519644149826e-05,-0.0014033520468699182,0.0015568636929972626
2007-04-01,2007-05-01,lag_3,-0.0033888659943164,-0.000853700146317351,-0.0014033520468699182,0.0015568636929972626
2007-04-01,2007-05-01,lag_4,0.0101417470966893,-0.00041590868624325595,-0.0014033520468699182,0.0015568636929972626
2007-04-01,2007-05-01,lag_5,-0.0004204326283367,-0.0004498835335152762,-0.0014033520468699182,0.0015568636929972626
2007-04-01,2007-05-01,lag_6,-0.0011474759561265,0.0002884336409090338,-0.0014033520468699182,0.0015568636929972626
2007-04-01,2007-05-01,lag_7,-0.0016629623569395,-0.0005125042063627915,-0.0014033520468699182,0.0015568636929972626
2007-04-01,2007-05-01,lag_8,0.0043791388783338,-1.1630640240127831e-05,-0.0014033520468699182,0.0015568636929972626
2007-04-01,2007-05-01,lag_9,-0.0005127465055316,3.556435564178173e-05,-0.0014033520468699182,0.0015568636929972626
2007-04-01,2007-05-01,lag_10,0.0031614092164247,-0.00013289352230458462,-0.0014033520468699182,0.0015568636929972626
2007-04-01,2007-05-01,lag_11,0.0002541145564114,-0.000492035904360364,-0.0014033520468699182,0.0015568636929972626
2007-04-01,2007-05-01,volatility_3m,0.0038547251874875193,0.00023967456513332764,-0.0014033520468699182,0.0015568636929972626
2007-05-01,2007-06-01,lag_0,0.0009559214748104,0.00011177702514487464,0.0055482147276643195,0.001567578427233328
2007-05-01,2007-06-01,lag_1,0.0067003199017525,0.0013680526318830743,0.0055482147276643195,0.001567578427233328
2007-05-01,2007-06-01,lag_2,0.0017786154493029,0.00010751694857844995,0.0055482147276643195,0.001567578427233328
2007-05-01,2007-06-01,lag_3,0.0093784693076743,0.0007860064533679179,0.0055482147276643195,0.001567578427233328
2007-05-01,2007-06-01,lag_4,-0.0033888659943164,-8.08858641050847e-05,0.0055482147276643195,0.001567578427233328
2007-05-01,2007-06-01,lag_5,0.0101417470966893,0.0016079703985269588,0.0055482147276643195,0.001567578427233328
2007-05-01,2007-06-01,lag_6,-0.0004204326283367,0.00029068155648019454,0.0055482147276643195,0.001567578427233328
2007-05-01,2007-06-01,lag_7,-0.0011474759561265,-0.00020541009002499776,0.0055482147276643195,0.001567578427233328
2007-05-01,2007-06-01,lag_8,-0.0016629623569395,-0.0008621067255558046,0.0055482147276643195,0.001567578427233328
2007-05-01,2007-06-01,lag_9,0.0043791388783338,0.0008099249256747498,0.0055482147276643195,0.001567578427233328
2007-05-01,2007-06-01,lag_10,-0.0005127465055316,0.000502224660758941,0.0055482147276643195,0.001567578427233328
2007-05-01,2007-06-01,lag_11,0.0031614092164247,-0.00021886253216507612,0.0055482147276643195,0.001567578427233328
2007-05-01,2007-06-01,volatility_3m,0.0031063943026276015,-0.00023625300370667902,0.0055482147276643195,0.001567578427233328
2007-06-01,2007-07-01,lag_0,0.0005768477837078,9.600148191680092e-05,0.004329841751787898,0.0015057694039288042
2007-06-01,2007-07-01,lag_1,0.0009559214748104,-0.00027442121165677236,0.004329841751787898,0.0015057694039288042
2007-06-01,2007-07-01,lag_2,0.0067003199017525,0.0024685685735300923,0.004329841751787898,0.0015057694039288042
2007-06-01,2007-07-01,lag_3,0.0017786154493029,0.00031270834002285143,0.004329841751787898,0.0015057694039288042
2007-06-01,2007-07-01,lag_4,0.0093784693076743,-0.000328083966325039,0.004329841751787898,0.0015057694039288042
2007-06-01,2007-07-01,lag_5,-0.0033888659943164,0.00044190520011909483,0.004329841751787898,0.0015057694039288042
2007-06-01,2007-07-01,lag_6,0.0101417470966893,0.00023037235027231873,0.004329841751787898,0.0015057694039288042
2007-06-01,2007-07-01,lag_7,-0.0004204326283367,-0.00032827187644898006,0.004329841751787898,0.0015057694039288042
2007-06-01,2007-07-01,lag_8,-0.0011474759561265,-0.00011420815986355137,0.004329841751787898,0.0015057694039288042
2007-06-01,2007-07-01,lag_9,-0.0016629623569395,0.00015374654997330595,0.004329841751787898,0.0015057694039288042
2007-06-01,2007-07-01,lag_10,0.0043791388783338,6.818637198875877e-05,0.004329841751787898,0.0015057694039288042
2007-06-01,2007-07-01,lag_11,-0.0005127465055316,0.0002148338668831684,0.004329841751787898,0.0015057694039288042
2007-06-01,2007-07-01,volatility_3m,0.003431198064117252,-0.00011726520379909289,0.004329841751787898,0.0015057694039288042
2007-07-01,2007-08-01,lag_0,-0.0012002567099926,-5.503582992403722e-05,-0.0009936778861634181,0.0014564654073938926
2007-07-01,2007-08-01,lag_1,0.0005768477837078,-0.00035567871630405536,-0.0009936778861634181,0.0014564654073938926
2007-07-01,2007-08-01,lag_2,0.0009559214748104,-0.0003203973340839639,-0.0009936778861634181,0.0014564654073938926
2007-07-01,2007-08-01,lag_3,0.0067003199017525,-0.00021697490974020183,-0.0009936778861634181,0.0014564654073938926
2007-07-01,2007-08-01,lag_4,0.0017786154493029,-4.302016607994119e-05,-0.0009936778861634181,0.0014564654073938926
2007-07-01,2007-08-01,lag_5,0.0093784693076743,-5.028201242737395e-05,-0.0009936778861634181,0.0014564654073938926
2007-07-01,2007-08-01,lag_6,-0.0033888659943164,-0.0009994735884055216,-0.0009936778861634181,0.0014564654073938926
2007-07-01,2007-08-01,lag_7,0.0101417470966893,0.0007992193011648396,-0.0009936778861634181,0.0014564654073938926
2007-07-01,2007-08-01,lag_8,-0.0004204326283367,-0.0007055388553044395,-0.0009936778861634181,0.0014564654073938926
2007-07-01,2007-08-01,lag_9,-0.0011474759561265,0.00038437692377689457,-0.0009936778861634181,0.0014564654073938926
2007-07-01,2007-08-01,lag_10,-0.0016629623569395,-0.00012984224194525495,-0.0009936778861634181,0.0014564654073938926
2007-07-01,2007-08-01,lag_11,0.0043791388783338,-0.00039716449794980236,-0.0009936778861634181,0.0014564654073938926
2007-07-01,2007-08-01,volatility_3m,0.0011511517138237878,-0.0003603312245505208,-0.0009936778861634181,0.0014564654073938926
2007-08-01,2007-09-01,lag_0,0.0019240393848489,-0.0003412398174691589,-6.95402608813066e-05,0.0014565316594556102
2007-08-01,2007-09-01,lag_1,-0.0012002567099926,-0.000729085424547975,-6.95402608813066e-05,0.0014565316594556102
2007-08-01,2007-09-01,lag_2,0.0005768477837078,-0.00013178349735312622,-6.95402608813066e-05,0.0014565316594556102
2007-08-01,2007-09-01,lag_3,0.0009559214748104,-0.0003433620861517284,-6.95402608813066e-05,0.0014565316594556102
2007-08-01,2007-09-01,lag_4,0.0067003199017525,0.0009860516298931543,-6.95402608813066e-05,0.0014565316594556102
2007-08-01,2007-09-01,lag_5,0.0017786154493029,-0.000834086287475202,-6.95402608813066e-05,0.0014565316594556102
2007-08-01,2007-09-01,lag_6,0.0093784693076743,-0.0006019507855376105,-6.95402608813066e-05,0.0014565316594556102
2007-08-01,2007-09-01,lag_7,-0.0033888659943164,-0.0005026933048736737,-6.95402608813066e-05,0.0014565316594556102
2007-08-01,2007-09-01,lag_8,0.0101417470966893,0.0010282250896966616,-6.95402608813066e-05,0.0014565316594556102
2007-08-01,2007-09-01,lag_9,-0.0004204326283367,0.00017799239880133654,-6.95402608813066e-05,0.0014565316594556102
2007-08-01,2007-09-01,lag_10,-0.0011474759561265,0.0005331308386394085,-6.95402608813066e-05,0.0014565316594556102
2007-08-01,2007-09-01,lag_11,-0.0016629623569395,-0.00039542371591949177,-6.95402608813066e-05,0.0014565316594556102
2007-08-01,2007-09-01,volatility_3m,0.0015670700728832093,-0.00037184692632479254,-6.95402608813066e-05,0.0014565316594556102
2007-09-01,2007-10-01,lag_0,0.0022201267844179,-0.00039209075840460625,0.0002847788770311005,0.0014130345583676113
2007-09-01,2007-10-01,lag_1,0.0019240393848489,-0.0004038180435779282,0.0002847788770311005,0.0014130345583676113
2007-09-01,2007-10-01,lag_2,-0.0012002567099926,-0.0005402478469972038,0.0002847788770311005,0.0014130345583676113
2007-09-01,2007-10-01,lag_3,0.0005768477837078,-0.0003030008472234158,0.0002847788770311005,0.0014130345583676113
2007-09-01,2007-10-01,lag_4,0.0009559214748104,0.00025633925237315223,0.0002847788770311005,0.0014130345583676113
2007-09-01,2007-10-01,lag_5,0.0067003199017525,-0.00015265541088638201,0.0002847788770311005,0.0014130345583676113
2007-09-01,2007-10-01,lag_6,0.0017786154493029,0.0005401892237466655,0.0002847788770311005,0.0014130345583676113
2007-09-01,2007-10-01,lag_7,0.0093784693076743,0.0010366785684669821,0.0002847788770311005,0.0014130345583676113
2007-09-01,2007-10-01,lag_8,-0.0033888659943164,-0.0008728929097947002,0.0002847788770311005,0.0014130345583676113
2007-09-01,2007-10-01,lag_9,0.0101417470966893,0.00019203528993216423,0.0002847788770311005,0.0014130345583676113
2007-09-01,2007-10-01,lag_10,-0.0004204326283367,0.00041010711277522204,0.0002847788770311005,0.0014130345583676113
2007-09-01,2007-10-01,lag_11,-0.0011474759561265,-0.0003586782905040309,0.0002847788770311005,0.0014130345583676113
2007-09-01,2007-10-01,volatility_3m,0.0018950777066416547,-0.0005402210374154492,0.0002847788770311005,0.0014130345583676113
2007-10-01,2007-11-01,lag_0,-0.0028240612145147,-0.001193976794397713,-0.008732096040994518,0.0013799767328756876
2007-10-01,2007-11-01,lag_1,0.0022201267844179,-9.836830773451765e-05,-0.008732096040994518,0.0013799767328756876
2007-10-01,2007-11-01,lag_2,0.0019240393848489,-0.00017598938024775634,-0.008732096040994518,0.0013799767328756876
2007-10-01,2007-11-01,lag_3,-0.0012002567099926,-0.0004286309260919552,-0.008732096040994518,0.0013799767328756876
2007-10-01,2007-11-01,lag_4,0.0005768477837078,-0.0007886149295982392,-0.008732096040994518,0.0013799767328756876
2007-10-01,2007-11-01,lag_5,0.0009559214748104,-0.00033973485480942144,-0.008732096040994518,0.0013799767328756876
2007-10-01,2007-11-01,lag_6,0.0067003199017525,-0.00034916328405358853,-0.008732096040994518,0.0013799767328756876
2007-10-01,2007-11-01,lag_7,0.0017786154493029,0.0006087241096861362,-0.008732096040994518,0.0013799767328756876
2007-10-01,2007-11-01,lag_8,0.0093784693076743,-0.0025349644125469695,-0.008732096040994518,0.0013799767328756876
2007-10-01,2007-11-01,lag_9,-0.0033888659943164,-0.003025471400214883,-0.008732096040994518,0.0013799767328756876
2007-10-01,2007-11-01,lag_10,0.0101417470966893,-0.0007121411655782594,-0.008732096040994518,0.0013799767328756876
2007-10-01,2007-11-01,lag_11,-0.0004204326283367,-0.000631567328263145,-0.008732096040994518,0.0013799767328756876
2007-10-01,2007-11-01,volatility_3m,0.0028306642217695178,-0.00044217418175662715,-0.008732096040994518,0.0013799767328756876
2007-11-01,2007-12-01,lag_0,0.0053207117967142,0.0013699955775805961,0.010069169083834666,0.0013614592947331456
2007-11-01,2007-12-01,lag_1,-0.0028240612145147,-0.00047402549926914614,0.010069169083834666,0.0013614592947331456
2007-11-01,2007-12-01,lag_2,0.0022201267844179,0.0006436286983984019,0.010069169083834666,0.0013614592947331456
2007-11-01,2007-12-01,lag_3,0.0019240393848489,0.0004243721490013286,0.010069169083834666,0.0013614592947331456
2007-11-01,2007-12-01,lag_4,-0.0012002567099926,-0.0010994926901105374,0.010069169083834666,0.0013614592947331456
2007-11-01,2007-12-01,lag_5,0.0005768477837078,0.00040621926753544815,0.010069169083834666,0.0013614592947331456
2007-11-01,2007-12-01,lag_6,0.0009559214748104,0.0008054590378796433,0.010069169083834666,0.0013614592947331456
2007-11-01,2007-12-01,lag_7,0.0067003199017525,0.0009543189605247448,0.010069169083834666,0.0013614592947331456
2007-11-01,2007-12-01,lag_8,0.0017786154493029,0.0013405790235287895,0.010069169083834666,0.0013614592947331456
2007-11-01,2007-12-01,lag_9,0.0093784693076743,0.0028635509425491536,0.010069169083834666,0.0013614592947331456
2007-11-01,2007-12-01,lag_10,-0.0033888659943164,0.0004066339063581381,0.010069169083834666,0.0013614592947331456
2007-11-01,2007-12-01,lag_11,0.0101417470966893,0.0011391936351090592,0.010069169083834666,0.0013614592947331456
2007-11-01,2007-12-01,volatility_3m,0.004110855292018414,-7.272312196590747e-05,0.010069169083834666,0.0013614592947331456
2007-12-01,2008-01-01,lag_0,0.0003487607063128,-0.0006716259587358309,-0.00020640065387364832,0.0013477091520815198
2007-12-01,2008-01-01,lag_1,0.0053207117967142,0.0006289116351285884,-0.00020640065387364832,0.0013477091520815198
2007-12-01,2008-01-01,lag_2,-0.0028240612145147,-0.00016541701387779996,-0.00020640065387364832,0.0013477091520815198
2007-12-01,2008-01-01,lag_3,0.0022201267844179,7.902669851745259e-05,-0.00020640065387364832,0.0013477091520815198
2007-12-01,2008-01-01,lag_4,0.0019240393848489,-4.246024817078364e-05,-0.00020640065387364832,0.0013477091520815198
2007-12-01,2008-01-01,lag_5,-0.0012002567099926,-3.4160562773308815e-05,-0.00020640065387364832,0.0013477091520815198
2007-12-01,2008-01-01,lag_6,0.0005768477837078,0.0003587276029350051,-0.00020640065387364832,0.0013477091520815198
2007-12-01,2008-01-01,lag_7,0.0009559214748104,0.0014089355841827,-0.00020640065387364832,0.0013477091520815198
2007-12-01,2008-01-01,lag_8,0.0067003199017525,-0.00035058574020240484,-0.00020640065387364832,0.0013477091520815198
2007-12-01,2008-01-01,lag_9,0.0017786154493029,-0.0005363501864157172,-0.00020640065387364832,0.0013477091520815198
2007-12-01,2008-01-01,lag_10,0.0093784693076743,-0.0014039396546328931,-0.00020640065387364832,0.0013477091520815198
2007-12-01,2008-01-01,lag_11,-0.0033888659943164,8.202140232810962e-05,-0.00020640065387364832,0.0013477091520815198
2007-12-01,2008-01-01,volatility_3m,0.0041053709534192295,-0.0009071934558494377,-0.00020640065387364832,0.0013477091520815198
2008-01-01,2008-02-01,lag_0,-0.0013243734009682,-0.00020653653488238887,0.0018767091186892354,0.001353146310068719
2008-01-01,2008-02-01,lag_1,0.0003487607063128,-0.0002456196001926969,0.0018767091186892354,0.001353146310068719
2008-01-01,2008-02-01,lag_2,0.0053207117967142,0.000484417816877567,0.0018767091186892354,0.001353146310068719
2008-01-01,2008-02-01,lag_3,-0.0028240612145147,-0.0011875120921837378,0.0018767091186892354,0.001353146310068719
2008-01-01,2008-02-01,lag_4,0.0022201267844179,0.0008596549399055675,0.0018767091186892354,0.001353146310068719
2008-01-01,2008-02-01,lag_5,0.0019240393848489,-0.0002953436128146336,0.0018767091186892354,0.001353146310068719
2008-01-01,2008-02-01,lag_6,-0.0012002567099926,-0.00011153244106779426,0.0018767091186892354,0.001353146310068719
2008-01-01,2008-02-01,lag_7,0.0005768477837078,0.0010317368168286122,0.0018767091186892354,0.001353146310068719
2008-01-01,2008-02-01,lag_8,0.0009559214748104,0.0003370322471533882,0.0018767091186892354,0.001353146310068719
2008-01-01,2008-02-01,lag_9,0.0067003199017525,-0.00020046042708969482,0.0018767091186892354,0.001353146310068719
2008-01-01,2008-02-01,lag_10,0.0017786154493029,0.0005424842995114432,0.0018767091186892354,0.001353146310068719
2008-01-01,2008-02-01,lag_11,0.0093784693076743,8.527754178430769e-05,0.0018767091186892354,0.001353146310068719
2008-01-01,2008-02-01,volatility_3m,0.00345631867432071,-0.0005700362432969541,0.0018767091186892354,0.001353146310068719
2008-02-01,2008-03-01,lag_0,-0.0039296708981346,-0.001224197055169043,-0.0004281278134375932,0.0012178931933210795
2008-02-01,2008-03-01,lag_1,-0.0013243734009682,-0.000521970477097966,-0.0004281278134375932,0.0012178931933210795
2008-02-01,2008-03-01,lag_2,0.0003487607063128,-0.0003478986108743243,-0.0004281278134375932,0.0012178931933210795
2008-02-01,2008-03-01,lag_3,0.0053207117967142,0.0003455794431386039,-0.0004281278134375932,0.0012178931933210795
2008-02-01,2008-03-01,lag_4,-0.0028240612145147,-0.0007520802851064446,-0.0004281278134375932,0.0012178931933210795
2008-02-01,2008-03-01,lag_5,0.0022201267844179,-0.0003163830117239286,-0.0004281278134375932,0.0012178931933210795
2008-02-01,2008-03-01,lag_6,0.0019240393848489,0.00012033395313324036,-0.0004281278134375932,0.0012178931933210795
2008-02-01,2008-03-01,lag_7,-0.0012002567099926,-0.0009999933090233525,-0.0004281278134375932,0.0012178931933210795
2008-02-01,2008-03-01,lag_8,0.0005768477837078,0.0009124467440591389,-0.0004281278134375932,0.0012178931933210795
2008-02-01,2008-03-01,lag_9,0.0009559214748104,0.0005464324626285588,-0.0004281278134375932,0.0012178931933210795
2008-02-01,2008-03-01,lag_10,0.0067003199017525,0.00041568825795650354,-0.0004281278134375932,0.0012178931933210795
2008-02-01,2008-03-01,lag_11,0.0017786154493029,-1.437317289287421e-05,-0.0004281278134375932,0.0012178931933210795
2008-02-01,2008-03-01,volatility_3m,0.002156073969959552,0.0001903939959213119,-0.0004281278134375932,0.0012178931933210795
2008-03-01,2008-04-01,lag_0,-0.0030504888010822,-0.0013451341656195836,-0.004487477447851488,0.0011287566018286176
2008-03-01,2008-04-01,lag_1,-0.0039296708981346,-0.0020750391174181003,-0.004487477447851488,0.0011287566018286176
2008-03-01,2008-04-01,lag_2,-0.0013243734009682,-0.0006156944828774158,-0.004487477447851488,0.0011287566018286176
2008-03-01,2008-04-01,lag_3,0.0003487607063128,-0.00037231126408869385,-0.004487477447851488,0.0011287566018286176
2008-03-01,2008-04-01,lag_4,0.0053207117967142,-0.00046470653631132565,-0.004487477447851488,0.0011287566018286176
2008-03-01,2008-04-01,lag_5,-0.0028240612145147,-0.0006286003334616908,-0.004487477447851488,0.0011287566018286176
2008-03-01,2008-04-01,lag_6,0.0022201267844179,0.00018014390432540494,-0.004487477447851488,0.0011287566018286176
2008-03-01,2008-04-01,lag_7,0.0019240393848489,0.0004641475880697499,-0.004487477447851488,0.0011287566018286176
2008-03-01,2008-04-01,lag_8,-0.0012002567099926,-0.0007898232070806443,-0.004487477447851488,0.0011287566018286176
2008-03-01,2008-04-01,lag_9,0.0005768477837078,0.0004191488497428963,-0.004487477447851488,0.0011287566018286176
2008-03-01,2008-04-01,lag_10,0.0009559214748104,-0.00013675510488667442,-0.004487477447851488,0.0011287566018286176
2008-03-01,2008-04-01,lag_11,0.0067003199017525,-4.362537487480722e-05,-0.004487477447851488,0.0011287566018286176
2008-03-01,2008-04-01,volatility_3m,0.0013253936888732141,-0.00020798470055979123,-0.004487477447851488,0.0011287566018286176
2008-04-01,2008-05-01,lag_0,-0.0064729557901257,7.317728835189996e-05,-0.0016189369680568728,0.0010151993041576139
2008-04-01,2008-05-01,lag_1,-0.0030504888010822,-0.0016573250267435924,-0.0016189369680568728,0.0010151993041576139
2008-04-01,2008-05-01,lag_2,-0.0039296708981346,-0.001827632430125732,-0.0016189369680568728,0.0010151993041576139
2008-04-01,2008-05-01,lag_3,-0.0013243734009682,-0.0004226261611145787,-0.0016189369680568728,0.0010151993041576139
2008-04-01,2008-05-01,lag_4,0.0003487607063128,-0.00017239360210055565,-0.0016189369680568728,0.0010151993041576139
2008-04-01,2008-05-01,lag_5,0.0053207117967142,-0.00036237309743683,-0.0016189369680568728,0.0010151993041576139
2008-04-01,2008-05-01,lag_6,-0.0028240612145147,0.00023729922214783982,-0.0016189369680568728,0.0010151993041576139
2008-04-01,2008-05-01,lag_7,0.0022201267844179,0.000673810851322969,-0.0016189369680568728,0.0010151993041576139
2008-04-01,2008-05-01,lag_8,0.0019240393848489,0.0009497473398633361,-0.0016189369680568728,0.0010151993041576139
2008-04-01,2008-05-01,lag_9,-0.0012002567099926,0.0003098677282650897,-0.0016189369680568728,0.0010151993041576139
2008-04-01,2008-05-01,lag_10,0.0005768477837078,-0.0005002148112470194,-0.0016189369680568728,0.0010151993041576139
2008-04-01,2008-05-01,lag_11,0.0009559214748104,-9.859331763664158e-06,-0.0016189369680568728,0.0010151993041576139
2008-04-01,2008-05-01,volatility_3m,0.0017773828837507183,7.438575543005754e-05,-0.0016189369680568728,0.0010151993041576139
2008-05-01,2008-06-01,lag_0,-0.0060762051840335,-0.0008462597467541854,-0.0027436909574263496,0.0009479198683881641
2008-05-01,2008-06-01,lag_1,-0.0064729557901257,0.00012995213137855898,-0.0027436909574263496,0.0009479198683881641
2008-05-01,2008-06-01,lag_2,-0.0030504888010822,-0.0002084426046911858,-0.0027436909574263496,0.0009479198683881641
2008-05-01,2008-06-01,lag_3,-0.0039296708981346,-0.0006257219208205811,-0.0027436909574263496,0.0009479198683881641
2008-05-01,2008-06-01,lag_4,-0.0013243734009682,-0.0017485937604868696,-0.0027436909574263496,0.0009479198683881641
2008-05-01,2008-06-01,lag_5,0.0003487607063128,-1.0065054872256952e-05,-0.0027436909574263496,0.0009479198683881641
2008-05-01,2008-06-01,lag_6,0.0053207117967142,0.00019756526301932807,-0.0027436909574263496,0.0009479198683881641
2008-05-01,2008-06-01,lag_7,-0.0028240612145147,-0.0009529641648146026,-0.0027436909574263496,0.0009479198683881641
2008-05-01,2008-06-01,lag_8,0.0022201267844179,0.00117743956068864,-0.0027436909574263496,0.0009479198683881641
2008-05-01,2008-06-01,lag_9,0.0019240393848489,0.0003950349587069013,-0.0027436909574263496,0.0009479198683881641
2008-05-01,2008-06-01,lag_10,-0.0012002567099926,-0.00021133471052493748,-0.0027436909574263496,0.0009479198683881641
2008-05-01,2008-06-01,lag_11,0.0005768477837078,-0.0004970554773638014,-0.0027436909574263496,0.0009479198683881641
2008-05-01,2008-06-01,volatility_3m,0.0018719709294656483,-0.0004911651752937019,-0.0027436909574263496,0.0009479198683881641
2008-06-01,2008-07-01,lag_0,-0.0023354873224965,-0.0009098739712044335,-0.0004556597650576967,0.0010866546514370985
2008-06-01,2008-07-01,lag_1,-0.0060762051840335,-0.000204343481154865,-0.0004556597650576967,0.0010866546514370985
2008-06-01,2008-07-01,lag_2,-0.0064729557901257,-0.00042915381513012105,-0.0004556597650576967,0.0010866546514370985
2008-06-01,2008-07-01,lag_3,-0.0030504888010822,-0.00017306084497249687,-0.0004556597650576967,0.0010866546514370985
2008-06-01,2008-07-01,lag_4,-0.0039296708981346,5.4017947168176764e-05,-0.0004556597650576967,0.0010866546514370985
2008-06-01,2008-07-01,lag_5,-0.0013243734009682,8.117123794363578e-05,-0.0004556597650576967,0.0010866546514370985
2008-06-01,2008-07-01,lag_6,0.0003487607063128,7.788563611029531e-05,-0.0004556597650576967,0.0010866546514370985
2008-06-01,2008-07-01,lag_7,0.0053207117967142,0.0008919575046820682,-0.0004556597650576967,0.0010866546514370985
2008-06-01,2008-07-01,lag_8,-0.0028240612145147,-0.0009590864944175337,-0.0004556597650576967,0.0010866546514370985
2008-06-01,2008-07-01,lag_9,0.0022201267844179,1.6300585330100147e-05,-0.0004556597650576967,0.0010866546514370985
2008-06-01,2008-07-01,lag_10,0.0019240393848489,0.0003845915768033592,-0.0004556597650576967,0.0010866546514370985
2008-06-01,2008-07-01,lag_11,-0.0012002567099926,-9.37324156257091e-05,-0.0004556597650576967,0.0010866546514370985
2008-06-01,2008-07-01,volatility_3m,0.002282871966174859,-0.00027898793569875125,-0.0004556597650576967,0.0010866546514370985
2008-07-01,2008-08-01,lag_0,-0.0035802040650576,-0.0008011377854563761,-0.0009405468685704226,0.0010329409850401237
2008-07-01,2008-08-01,lag_1,-0.0023354873224965,-0.0013134913028443407,-0.0009405468685704226,0.0010329409850401237
2008-07-01,2008-08-01,lag_2,-0.0060762051840335,-0.0003174082137775258,-0.0009405468685704226,0.0010329409850401237
2008-07-01,2008-08-01,lag_3,-0.0064729557901257,0.001499078067517985,-0.0009405468685704226,0.0010329409850401237
2008-07-01,2008-08-01,lag_4,-0.0030504888010822,-0.00010398758361588989,-0.0009405468685704226,0.0010329409850401237
2008-07-01,2008-08-01,lag_5,-0.0039296708981346,0.0004414896250455058,-0.0009405468685704226,0.0010329409850401237
2008-07-01,2008-08-01,lag_6,-0.0013243734009682,4.555623527267016e-05,-0.0009405468685704226,0.0010329409850401237
2008-07-01,2008-08-01,lag_7,0.0003487607063128,-0.0002792643069915357,-0.0009405468685704226,0.0010329409850401237
2008-07-01,2008-08-01,lag_8,0.0053207117967142,0.0006521380523145126,-0.0009405468685704226,0.0010329409850401237
2008-07-01,2008-08-01,lag_9,-0.0028240612145147,-0.0017298101082633367,-0.0009405468685704226,0.0010329409850401237
2008-07-01,2008-08-01,lag_10,0.0022201267844179,0.00038614624330875815,-0.0009405468685704226,0.0010329409850401237
2008-07-01,2008-08-01,lag_11,0.0019240393848489,-0.0002469887375809776,-0.0009405468685704226,0.0010329409850401237
2008-07-01,2008-08-01,volatility_3m,0.001904919572876276,-0.00020580795654495887,-0.0009405468685704226,0.0010329409850401237
2008-08-01,2008-09-01,lag_0,-0.0158244158056106,-0.004264295747852884,-0.00376474572547503,0.0009047150953139377
2008-08-01,2008-09-01,lag_1,-0.0035802040650576,-0.001781460246493225,-0.00376474572547503,0.0009047150953139377
2008-08-01,2008-09-01,lag_2,-0.0023354873224965,-0.0008858200173926889,-0.00376474572547503,0.0009047150953139377
2008-08-01,2008-09-01,lag_3,-0.0060762051840335,0.0005075162368757447,-0.00376474572547503,0.0009047150953139377
2008-08-01,2008-09-01,lag_4,-0.0064729557901257,0.0011525346179951158,-0.00376474572547503,0.0009047150953139377
2008-08-01,2008-09-01,lag_5,-0.0030504888010822,-6.356880228850059e-05,-0.00376474572547503,0.0009047150953139377
2008-08-01,2008-09-01,lag_6,-0.0039296708981346,-0.0001762782391233486,-0.00376474572547503,0.0009047150953139377
2008-08-01,2008-09-01,lag_7,-0.0013243734009682,-0.0011311652603762923,-0.00376474572547503,0.0009047150953139377
2008-08-01,2008-09-01,lag_8,0.0003487607063128,0.0009421350707725651,-0.00376474572547503,0.0009047150953139377
2008-08-01,2008-09-01,lag_9,0.0053207117967142,0.00034094550701411206,-0.00376474572547503,0.0009047150953139377
2008-08-01,2008-09-01,lag_10,-0.0028240612145147,-0.0010486523269082682,-0.00376474572547503,0.0009047150953139377
2008-08-01,2008-09-01,lag_11,0.0022201267844179,-0.0001856444434815785,-0.00376474572547503,0.0009047150953139377
2008-08-01,2008-09-01,volatility_3m,0.007454542603219359,0.0019242927739924198,-0.00376474572547503,0.0009047150953139377
2008-09-01,2008-10-01,lag_0,-0.020377294168018072,-0.004170311328093704,-0.0037177877355798385,0.0007242475591242386
2008-09-01,2008-10-01,lag_1,-0.0158244158056106,-0.001983805456711707,-0.0037177877355798385,0.0007242475591242386
2008-09-01,2008-10-01,lag_2,-0.0035802040650576,-0.000825757067232189,-0.0037177877355798385,0.0007242475591242386
2008-09-01,2008-10-01,lag_3,-0.0023354873224965,-5.961518835647439e-05,-0.0037177877355798385,0.0007242475591242386
2008-09-01,2008-10-01,lag_4,-0.0060762051840335,0.0005570726179212215,-0.0037177877355798385,0.0007242475591242386
2008-09-01,2008-10-01,lag_5,-0.0064729557901257,0.0007335540170970489,-0.0037177877355798385,0.0007242475591242386
2008-09-01,2008-10-01,lag_6,-0.0030504888010822,0.00010479534565092763,-0.0037177877355798385,0.0007242475591242386
2008-09-01,2008-10-01,lag_7,-0.0039296708981346,-0.00023295180976674602,-0.0037177877355798385,0.0007242475591242386
2008-09-01,2008-10-01,lag_8,-0.0013243734009682,0.00017826278863140033,-0.0037177877355798385,0.0007242475591242386
2008-09-01,2008-10-01,lag_9,0.0003487607063128,1.738897914037807e-05,-0.0037177877355798385,0.0007242475591242386
2008-09-01,2008-10-01,lag_10,0.0053207117967142,0.000755926223428105,-0.0037177877355798385,0.0007242475591242386
2008-09-01,2008-10-01,lag_11,-0.0028240612145147,0.0008350211973811384,-0.0037177877355798385,0.0007242475591242386
2008-09-01,2008-10-01,volatility_3m,0.018161629202113363,-0.0003516155978286406,-0.0037177877355798385,0.0007242475591242386
2008-10-01,2008-11-01,lag_0,0.0098923206082464,0.001998238669366401,5.178138830940591e-05,0.000663725976764787
2008-10-01,2008-11-01,lag_1,-0.02037074499218045,-0.0015658119643558166,5.178138830940591e-05,0.000663725976764787
2008-10-01,2008-11-01,lag_2,-0.0158244158056106,-0.0006550782327212801,5.178138830940591e-05,0.000663725976764787
2008-10-01,2008-11-01,lag_3,-0.0035802040650576,-0.0003025118965706497,5.178138830940591e-05,0.000663725976764787
2008-10-01,2008-11-01,lag_4,-0.0023354873224965,-0.0006041357328285812,5.178138830940591e-05,0.000663725976764787
2008-10-01,2008-11-01,lag_5,-0.0060762051840335,0.001379575494988785,5.178138830940591e-05,0.000663725976764787
2008-10-01,2008-11-01,lag_6,-0.0064729557901257,-9.609369080862961e-06,5.178138830940591e-05,0.000663725976764787
2008-10-01,2008-11-01,lag_7,-0.0030504888010822,-0.0003065088521543657,5.178138830940591e-05,0.000663725976764787
2008-10-01,2008-11-01,lag_8,-0.0039296708981346,-0.0013590236077106964,5.178138830940591e-05,0.000663725976764787
2008-10-01,2008-11-01,lag_9,-0.0013243734009682,0.0003926247665367555,5.178138830940591e-05,0.000663725976764787
2008-10-01,2008-11-01,lag_10,0.0003487607063128,-0.00034788553915859666,5.178138830940591e-05,0.000663725976764787
2008-10-01,2008-11-01,lag_11,0.0053207117967142,-0.000534159101662226,5.178138830940591e-05,0.000663725976764787
2008-10-01,2008-11-01,volatility_3m,0.018638250965931684,0.0013023407300306643,5.178138830940591e-05,0.000663725976764787
2008-11-01,2008-12-01,lag_0,-0.0132886530605933,-0.0034612187131642714,-0.005063429474659817,0.0005512592670866919
2008-11-01,2008-12-01,lag_1,0.0098923206082464,0.0032330643047407646,-0.005063429474659817,0.0005512592670866919
2008-11-01,2008-12-01,lag_2,-0.02036419581634283,-0.0009124995788261003,-0.005063429474659817,0.0005512592670866919
2008-11-01,2008-12-01,lag_3,-0.0158244158056106,-0.0010232256101880921,-0.005063429474659817,0.0005512592670866919
2008-11-01,2008-12-01,lag_4,-0.0035802040650576,-0.0002633264082760434,-0.005063429474659817,0.0005512592670866919
2008-11-01,2008-12-01,lag_5,-0.0023354873224965,-0.00047426574314158644,-0.005063429474659817,0.0005512592670866919
2008-11-01,2008-12-01,lag_6,-0.0060762051840335,-4.000500335678225e-05,-0.005063429474659817,0.0005512592670866919
2008-11-01,2008-12-01,lag_7,-0.0064729557901257,-0.0006013398459072051,-0.005063429474659817,0.0005512592670866919
2008-11-01,2008-12-01,lag_8,-0.0030504888010822,-0.0009529723709511017,-0.005063429474659817,0.0005512592670866919
2008-11-01,2008-12-01,lag_9,-0.0039296708981346,-0.0005405778823660512,-0.005063429474659817,0.0005512592670866919
2008-11-01,2008-12-01,lag_10,-0.0013243734009682,-0.00038094719875516605,-0.005063429474659817,0.0005512592670866919
2008-11-01,2008-12-01,lag_11,0.0003487607063128,-0.00017694901274808216,-0.005063429474659817,0.0005512592670866919
2008-11-01,2008-12-01,volatility_3m,0.01926728771491297,-2.0425662905836362e-05,-0.005063429474659817,0.0005512592670866919
2008-12-01,2009-01-01,lag_0,-0.021400401748751133,-0.007733494771057395,-0.011400982202159095,0.00036291653234205837
2008-12-01,2009-01-01,lag_1,-0.0132886530605933,-0.0007567585671858978,-0.011400982202159095,0.00036291653234205837
2008-12-01,2009-01-01,lag_2,0.0098923206082464,0.001481716416674317,-0.011400982202159095,0.00036291653234205837
2008-12-01,2009-01-01,lag_3,-0.020357646640505205,-0.0011088401402230374,-0.011400982202159095,0.00036291653234205837
2008-12-01,2009-01-01,lag_4,-0.0158244158056106,0.0016332032644550054,-0.011400982202159095,0.00036291653234205837
2008-12-01,2009-01-01,lag_5,-0.0035802040650576,0.0003814450953177584,-0.011400982202159095,0.00036291653234205837
2008-12-01,2009-01-01,lag_6,-0.0023354873224965,-2.7436778909759597e-05,-0.011400982202159095,0.00036291653234205837
2008-12-01,2009-01-01,lag_7,-0.0060762051840335,-0.0010755645151948557,-0.011400982202159095,0.00036291653234205837
2008-12-01,2009-01-01,lag_8,-0.0064729557901257,-0.0015497320877966559,-0.011400982202159095,0.00036291653234205837
2008-12-01,2009-01-01,lag_9,-0.0030504888010822,-0.0011176489023091562,-0.011400982202159095,0.00036291653234205837
2008-12-01,2009-01-01,lag_10,-0.0039296708981346,-0.0009392611577777643,-0.011400982202159095,0.00036291653234205837
2008-12-01,2009-01-01,lag_11,-0.0013243734009682,0.00012856340606958838,-0.011400982202159095,0.00036291653234205837
2008-12-01,2009-01-01,volatility_3m,0.019381715088515463,-0.0010800901998482004,-0.011400982202159095,0.00036291653234205837
2009-01-01,2009-02-01,lag_0,-0.023578290988016018,-0.007234891812386195,-0.007503752499104181,0.00014911254141903357
2009-01-01,2009-02-01,lag_1,-0.021376990071849004,-0.0013006079357001,-0.007503752499104181,0.00014911254141903357
2009-01-01,2009-02-01,lag_2,-0.0132886530605933,-0.0007535090366218355,-0.007503752499104181,0.00014911254141903357
2009-01-01,2009-02-01,lag_3,0.0098923206082464,0.00026723763692643843,-0.007503752499104181,0.00014911254141903357
2009-01-01,2009-02-01,lag_4,-0.020351097464667584,0.002282194666331634,-0.007503752499104181,0.00014911254141903357
2009-01-01,2009-02-01,lag_5,-0.0158244158056106,0.000662557944619948,-0.007503752499104181,0.00014911254141903357
2009-01-01,2009-02-01,lag_6,-0.0035802040650576,-3.320994303066982e-05,-0.007503752499104181,0.00014911254141903357
2009-01-01,2009-02-01,lag_7,-0.0023354873224965,-0.0004618853579268034,-0.007503752499104181,0.00014911254141903357
2009-01-01,2009-02-01,lag_8,-0.0060762051840335,-0.0026595085505414316,-0.007503752499104181,0.00014911254141903357
2009-01-01,2009-02-01,lag_9,-0.0064729557901257,-0.00042250518405239745,-0.007503752499104181,0.00014911254141903357
2009-01-01,2009-02-01,lag_10,-0.0030504888010822,-0.0017255401150032413,-0.007503752499104181,0.00014911254141903357
2009-01-01,2009-02-01,lag_11,-0.0039296708981346,0.0028659769551450153,-0.007503752499104181,0.00014911254141903357
2009-01-01,2009-02-01,volatility_3m,0.008052417237158445,0.0008608257311425405,-0.007503752499104181,0.00014911254141903357
2009-02-01,2009-03-01,lag_0,-0.0061041746494812,-0.0007858491939441592,-0.004391926586976435,0.0002770118386896392
2009-02-01,2009-03-01,lag_1,-0.02356123689175235,-0.0010554989180673146,-0.004391926586976435,0.0002770118386896392
2009-02-01,2009-03-01,lag_2,-0.021353578394946872,-0.0008769578229998842,-0.004391926586976435,0.0002770118386896392
2009-02-01,2009-03-01,lag_3,-0.0132886530605933,-0.002317842439551896,-0.004391926586976435,0.0002770118386896392
2009-02-01,2009-03-01,lag_4,0.0098923206082464,-9.478088113610283e-06,-0.004391926586976435,0.0002770118386896392
2009-02-01,2009-03-01,lag_5,-0.02034454828882996,0.0016848353982641129,-0.004391926586976435,0.0002770118386896392
2009-02-01,2009-03-01,lag_6,-0.0158244158056106,0.000225459441790008,-0.004391926586976435,0.0002770118386896392
2009-02-01,2009-03-01,lag_7,-0.0035802040650576,-0.0002245807487543061,-0.004391926586976435,0.0002770118386896392
2009-02-01,2009-03-01,lag_8,-0.0023354873224965,-0.0005450513996356676,-0.004391926586976435,0.0002770118386896392
2009-02-01,2009-03-01,lag_9,-0.0060762051840335,-0.0005728880423703231,-0.004391926586976435,0.0002770118386896392
2009-02-01,2009-03-01,lag_10,-0.0064729557901257,-0.00010912007004662883,-0.004391926586976435,0.0002770118386896392
2009-02-01,2009-03-01,lag_11,-0.0030504888010822,0.000946797798605985,-0.004391926586976435,0.0002770118386896392
2009-02-01,2009-03-01,volatility_3m,0.012140527013917324,-0.0010287644876461855,-0.004391926586976435,0.0002770118386896392
2009-03-01,2009-04-01,lag_0,-0.0157796956259579,-0.007002896307640185,-0.008664901310693023,8.925356065562235e-05
2009-03-01,2009-04-01,lag_1,-0.0061041746494812,-0.0003381505676497909,-0.008664901310693023,8.925356065562235e-05
2009-03-01,2009-04-01,lag_2,-0.02354418279548868,-0.0006769074620365245,-0.008664901310693023,8.925356065562235e-05
2009-03-01,2009-04-01,lag_3,-0.02133016671804474,-0.001320147844562598,-0.008664901310693023,8.925356065562235e-05
2009-03-01,2009-04-01,lag_4,-0.0132886530605933,0.0032657781439320386,-0.008664901310693023,8.925356065562235e-05
2009-03-01,2009-04-01,lag_5,0.0098923206082464,-0.00032952474004559917,-0.008664901310693023,8.925356065562235e-05
2009-03-01,2009-04-01,lag_6,-0.02033799911299234,-4.6458677043119676e-05,-0.008664901310693023,8.925356065562235e-05
2009-03-01,2009-04-01,lag_7,-0.0158244158056106,-0.00010891719988649128,-0.008664901310693023,8.925356065562235e-05
2009-03-01,2009-04-01,lag_8,-0.0035802040650576,-0.001615253737445528,-0.008664901310693023,8.925356065562235e-05
2009-03-01,2009-04-01,lag_9,-0.0023354873224965,-0.0010254585877009959,-0.008664901310693023,8.925356065562235e-05
2009-03-01,2009-04-01,lag_10,-0.0060762051840335,-0.0012987189483101248,-0.008664901310693023,8.925356065562235e-05
2009-03-01,2009-04-01,lag_11,-0.0064729557901257,0.0020517105259750677,-0.008664901310693023,8.925356065562235e-05
2009-03-01,2009-04-01,volatility_3m,0.009577670023520075,-0.00030920946344849655,-0.008664901310693023,8.925356065562235e-05
2009-04-01,2009-05-01,lag_0,-0.0083251150630712,-0.0020692502729025364,-0.0017434092514845353,-0.0001606511844682073
2009-04-01,2009-05-01,lag_1,-0.0157796956259579,-0.00118890706977254,-0.0017434092514845353,-0.0001606511844682073
2009-04-01,2009-05-01,lag_2,-0.0061041746494812,-0.0005753076194014284,-0.0017434092514845353,-0.0001606511844682073
2009-04-01,2009-05-01,lag_3,-0.02352712869922501,-0.0012290633905649884,-0.0017434092514845353,-0.0001606511844682073
2009-04-01,2009-05-01,lag_4,-0.021306755041142607,0.0032213390902052197,-0.0017434092514845353,-0.0001606511844682073
2009-04-01,2009-05-01,lag_5,-0.0132886530605933,0.0010657087143226818,-0.0017434092514845353,-0.0001606511844682073
2009-04-01,2009-05-01,lag_6,0.0098923206082464,-0.0001159086091684003,-0.0017434092514845353,-0.0001606511844682073
2009-04-01,2009-05-01,lag_7,-0.020331449937154716,6.62144304260437e-05,-0.0017434092514845353,-0.0001606511844682073
2009-04-01,2009-05-01,lag_8,-0.0158244158056106,-0.001924694734680088,-0.0017434092514845353,-0.0001606511844682073
2009-04-01,2009-05-01,lag_9,-0.0035802040650576,0.0001385866709642869,-0.0017434092514845353,-0.0001606511844682073
2009-04-01,2009-05-01,lag_10,-0.0023354873224965,-0.00101132225991023,-0.0017434092514845353,-0.0001606511844682073
2009-04-01,2009-05-01,lag_11,-0.0060762051840335,0.0017936377313162665,-0.0017434092514845353,-0.0001606511844682073
2009-04-01,2009-05-01,volatility_3m,0.005068185965009672,0.0002462092516361736,-0.0017434092514845353,-0.0001606511844682073
2009-05-01,2009-06-01,lag_0,-0.0101509109300241,-0.0026735923894739243,-0.005749945377215605,-8.631793882438395e-05
2009-05-01,2009-06-01,lag_1,-0.0083251150630712,-0.0017796058471321885,-0.005749945377215605,-8.631793882438395e-05
2009-05-01,2009-06-01,lag_2,-0.0157796956259579,-0.0009370431149727665,-0.005749945377215605,-8.631793882438395e-05
2009-05-01,2009-06-01,lag_3,-0.0061041746494812,6.616254093387397e-05,-0.005749945377215605,-8.631793882438395e-05
2009-05-01,2009-06-01,lag_4,-0.023510074602961343,0.0016182435645714576,-0.005749945377215605,-8.631793882438395e-05
2009-05-01,2009-06-01,lag_5,-0.021283343364240474,0.0012423842845919353,-0.005749945377215605,-8.631793882438395e-05
2009-05-01,2009-06-01,lag_6,-0.0132886530605933,-2.7506739243108314e-05,-0.005749945377215605,-8.631793882438395e-05
2009-05-01,2009-06-01,lag_7,0.0098923206082464,0.0005977618734596035,-0.005749945377215605,-8.631793882438395e-05
2009-05-01,2009-06-01,lag_8,-0.020324900761317096,-0.0019752932303345005,-0.005749945377215605,-8.631793882438395e-05
2009-05-01,2009-06-01,lag_9,-0.0158244158056106,-0.0007759067903134564,-0.005749945377215605,-8.631793882438395e-05
2009-05-01,2009-06-01,lag_10,-0.0035802040650576,-0.0014644559549196856,-0.005749945377215605,-8.631793882438395e-05
2009-05-01,2009-06-01,lag_11,-0.0023354873224965,0.0005885375058096542,-0.005749945377215605,-8.631793882438395e-05
2009-05-01,2009-06-01,volatility_3m,0.0038856041801657443,-0.00014331317107007635,-0.005749945377215605,-8.631793882438395e-05
2009-06-01,2009-07-01,lag_0,-0.003775936043751,-0.00048707648249546765,0.0008141518422100935,-9.342507090228043e-05
2009-06-01,2009-07-01,lag_1,-0.0101509109300241,-0.0008086965874827001,0.0008141518422100935,-9.342507090228043e-05
2009-06-01,2009-07-01,lag_2,-0.0083251150630712,-0.0008101447499575443,0.0008141518422100935,-9.342507090228043e-05
2009-06-01,2009-07-01,lag_3,-0.0157796956259579,-0.002094007935083937,0.0008141518422100935,-9.342507090228043e-05
2009-06-01,2009-07-01,lag_4,-0.0061041746494812,0.0009496402323202346,0.0008141518422100935,-9.342507090228043e-05
2009-06-01,2009-07-01,lag_5,-0.023493020506697673,0.001215692697569466,0.0008141518422100935,-9.342507090228043e-05
2009-06-01,2009-07-01,lag_6,-0.021259931687338342,5.534708529012278e-05,0.0008141518422100935,-9.342507090228043e-05
2009-06-01,2009-07-01,lag_7,-0.0132886530605933,4.9021406566680527e-05,0.0008141518422100935,-9.342507090228043e-05
2009-06-01,2009-07-01,lag_8,0.0098923206082464,0.001125290681684419,0.0008141518422100935,-9.342507090228043e-05
2009-06-01,2009-07-01,lag_9,-0.020318351585479472,-0.00037218053119431716,0.0008141518422100935,-9.342507090228043e-05
2009-06-01,2009-07-01,lag_10,-0.0158244158056106,0.0005355758231053187,0.0008141518422100935,-9.342507090228043e-05
2009-06-01,2009-07-01,lag_11,-0.0035802040650576,0.0016781609832833056,0.0008141518422100935,-9.342507090228043e-05
2009-06-01,2009-07-01,volatility_3m,0.0032830084043505513,-0.00012904580068607175,0.0008141518422100935,-9.342507090228043e-05
2009-07-01,2009-08-01,lag_0,0.0112269628491237,0.004769981588306109,0.00863655391176805,1.3095292010784215e-05
2009-07-01,2009-08-01,lag_1,-0.003775936043751,-0.0012985756140915328,0.00863655391176805,1.3095292010784215e-05
2009-07-01,2009-08-01,lag_2,-0.0101509109300241,-0.0008545516939193476,0.00863655391176805,1.3095292010784215e-05
2009-07-01,2009-08-01,lag_3,-0.0083251150630712,0.0012584274326218293,0.00863655391176805,1.3095292010784215e-05
2009-07-01,2009-08-01,lag_4,-0.0157796956259579,0.0019644083627099462,0.00863655391176805,1.3095292010784215e-05
2009-07-01,2009-08-01,lag_5,-0.0061041746494812,0.000629988712435079,0.00863655391176805,1.3095292010784215e-05
2009-07-01,2009-08-01,lag_6,-0.023475966410434004,0.00024411521866568364,0.00863655391176805,1.3095292010784215e-05
2009-07-01,2009-08-01,lag_7,-0.021236520010436213,0.0008403283267307415,0.00863655391176805,1.3095292010784215e-05
2009-07-01,2009-08-01,lag_8,-0.0132886530605933,-0.0008558399181310961,0.00863655391176805,1.3095292010784215e-05
2009-07-01,2009-08-01,lag_9,0.0098923206082464,-1.1142014609504258e-05,0.00863655391176805,1.3095292010784215e-05
2009-07-01,2009-08-01,lag_10,-0.020311802409641852,0.0008604953861686227,0.00863655391176805,1.3095292010784215e-05
2009-07-01,2009-08-01,lag_11,-0.0158244158056106,0.0009878618405673477,0.00863655391176805,1.3095292010784215e-05
2009-07-01,2009-08-01,volatility_3m,0.010975281069351623,8.796097403319436e-05,0.00863655391176805,1.3095292010784215e-05
2009-08-01,2009-09-01,lag_0,0.0109072811177481,0.0019432962660448539,0.008173785348316844,0.00015562801403077748
2009-08-01,2009-09-01,lag_1,0.0112269628491237,0.001965655347248685,0.008173785348316844,0.00015562801403077748
2009-08-01,2009-09-01,lag_2,-0.003775936043751,-0.00018957109125040006,0.008173785348316844,0.00015562801403077748
2009-08-01,2009-09-01,lag_3,-0.0101509109300241,-0.0007744897911834414,0.008173785348316844,0.00015562801403077748
2009-08-01,2009-09-01,lag_4,-0.0083251150630712,0.0015383067985931121,0.008173785348316844,0.00015562801403077748
2009-08-01,2009-09-01,lag_5,-0.0157796956259579,0.001569160858707619,0.008173785348316844,0.00015562801403077748
2009-08-01,2009-09-01,lag_6,-0.0061041746494812,-5.9630708237818906e-05,0.008173785348316844,0.00015562801403077748
2009-08-01,2009-09-01,lag_7,-0.023458912314170334,0.0002582706931934808,0.008173785348316844,0.00015562801403077748
2009-08-01,2009-09-01,lag_8,-0.021213108333534077,-0.0008762620734478333,0.008173785348316844,0.00015562801403077748
2009-08-01,2009-09-01,lag_9,-0.0132886530605933,0.0006292981399019481,0.008173785348316844,0.00015562801403077748
2009-08-01,2009-09-01,lag_10,0.0098923206082464,0.00032762387768343616,0.008173785348316844,0.00015562801403077748
2009-08-01,2009-09-01,lag_11,-0.020305253233804228,0.00136153539748193,0.008173785348316844,0.00015562801403077748
2009-08-01,2009-09-01,volatility_3m,0.008571134092706538,0.0003249636310283677,0.008173785348316844,0.00015562801403077748
2009-09-01,2009-10-01,lag_0,0.008775750967465,0.0027582174978488185,0.006273803913297635,0.00030253802079529705
2009-09-01,2009-10-01,lag_1,0.0109072811177481,0.002563221339869415,0.006273803913297635,0.00030253802079529705
2009-09-01,2009-10-01,lag_2,0.0112269628491237,0.000721366927245981,0.006273803913297635,0.00030253802079529705
2009-09-01,2009-10-01,lag_3,-0.003775936043751,-0.00025180995444316066,0.006273803913297635,0.00030253802079529705
2009-09-01,2009-10-01,lag_4,-0.0101509109300241,0.001409013160291579,0.006273803913297635,0.00030253802079529705
2009-09-01,2009-10-01,lag_5,-0.0083251150630712,0.0002945276128320984,0.006273803913297635,0.00030253802079529705
2009-09-01,2009-10-01,lag_6,-0.0157796956259579,-0.00011852387593535241,0.006273803913297635,0.00030253802079529705
2009-09-01,2009-10-01,lag_7,-0.0061041746494812,-0.00013803027215544716,0.006273803913297635,0.00030253802079529705
2009-09-01,2009-10-01,lag_8,-0.023441858217906664,-0.0007404754026174487,0.006273803913297635,0.00030253802079529705
2009-09-01,2009-10-01,lag_9,-0.021189696656631948,-0.0008059122943086549,0.006273803913297635,0.00030253802079529705
2009-09-01,2009-10-01,lag_10,-0.0132886530605933,0.001415283438973347,0.006273803913297635,0.00030253802079529705
2009-09-01,2009-10-01,lag_11,0.0098923206082464,-0.0008646719654279878,0.006273803913297635,0.00030253802079529705
2009-09-01,2009-10-01,volatility_3m,0.0013325449885917544,-0.0002709402582877374,0.006273803913297635,0.00030253802079529705
2009-10-01,2009-11-01,lag_0,0.0026918316470805,0.0009642436611829908,0.006015681597296604,0.0003322379841261498
2009-10-01,2009-11-01,lag_1,0.008775750967465,0.001258378723214264,0.006015681597296604,0.0003322379841261498
2009-10-01,2009-11-01,lag_2,0.0109072811177481,0.0006759223390236002,0.006015681597296604,0.0003322379841261498
2009-10-01,2009-11-01,lag_3,0.0112269628491237,0.00032482210612215566,0.006015681597296604,0.0003322379841261498
2009-10-01,2009-11-01,lag_4,-0.003775936043751,-0.00013581192723904678,0.006015681597296604,0.0003322379841261498
2009-10-01,2009-11-01,lag_5,-0.0101509109300241,0.00032318634492185084,0.006015681597296604,0.0003322379841261498
2009-10-01,2009-11-01,lag_6,-0.0083251150630712,0.0004565342363639502,0.006015681597296604,0.0003322379841261498
2009-10-01,2009-11-01,lag_7,-0.0157796956259579,0.000517188004196214,0.006015681597296604,0.0003322379841261498
2009-10-01,2009-11-01,lag_8,-0.0061041746494812,-0.0005638459175315802,0.006015681597296604,0.0003322379841261498
2009-10-01,2009-11-01,lag_9,-0.023424804121642998,-0.00018267123095938587,0.006015681597296604,0.0003322379841261498
2009-10-01,2009-11-01,lag_10,-0.021166284979729815,0.0010620622228725552,0.006015681597296604,0.0003322379841261498
2009-10-01,2009-11-01,lag_11,-0.0132886530605933,0.0011227372199573437,0.006015681597296604,0.0003322379841261498
2009-10-01,2009-11-01,volatility_3m,0.004263236350544155,-0.00013930226256434253,0.006015681597296604,0.0003322379841261498
2009-11-01,2009-12-01,lag_0,0.0043287252217618,0.0012794062902321457,0.004969606314973594,0.0005339889068425772
2009-11-01,2009-12-01,lag_1,0.0026918316470805,0.0013107774827585672,0.004969606314973594,0.0005339889068425772
2009-11-01,2009-12-01,lag_2,0.008775750967465,0.0008468362701387378,0.004969606314973594,0.0005339889068425772
2009-11-01,2009-12-01,lag_3,0.0109072811177481,0.0005391519965633052,0.004969606314973594,0.0005339889068425772
2009-11-01,2009-12-01,lag_4,0.0112269628491237,-0.0003338546694612887,0.004969606314973594,0.0005339889068425772
2009-11-01,2009-12-01,lag_5,-0.003775936043751,-0.00016260091244475915,0.004969606314973594,0.0005339889068425772
2009-11-01,2009-12-01,lag_6,-0.0101509109300241,0.0004116097303449351,0.004969606314973594,0.0005339889068425772
2009-11-01,2009-12-01,lag_7,-0.0083251150630712,4.16843089806207e-05,0.004969606314973594,0.0005339889068425772
2009-11-01,2009-12-01,lag_8,-0.0157796956259579,-0.0014058616237161913,0.004969606314973594,0.0005339889068425772
2009-11-01,2009-12-01,lag_9,-0.0061041746494812,-0.00026614510180479557,0.004969606314973594,0.0005339889068425772
2009-11-01,2009-12-01,lag_10,-0.02340775002537933,0.0014283303070715193,0.004969606314973594,0.0005339889068425772
2009-11-01,2009-12-01,lag_11,-0.021142873302827683,0.0007504348745715106,0.004969606314973594,0.0005339889068425772
2009-11-01,2009-12-01,volatility_3m,0.003148267588551091,-4.151539869781118e-06,0.004969606314973594,0.0005339889068425772
2009-12-01,2010-01-01,lag_0,0.0040498600148737,0.001090997016926849,0.005941238562092872,0.00047666676438196174
2009-12-01,2010-01-01,lag_1,0.0043287252217618,0.0016314314501505577,0.005941238562092872,0.00047666676438196174
2009-12-01,2010-01-01,lag_2,0.0026918316470805,0.0007019504653362674,0.005941238562092872,0.00047666676438196174
2009-12-01,2010-01-01,lag_3,0.008775750967465,0.0004191600797457795,0.005941238562092872,0.00047666676438196174
2009-12-01,2010-01-01,lag_4,0.0109072811177481,-2.584109139206703e-05,0.005941238562092872,0.00047666676438196174
2009-12-01,2010-01-01,lag_5,0.0112269628491237,0.0005258644580499094,0.005941238562092872,0.00047666676438196174
2009-12-01,2010-01-01,lag_6,-0.003775936043751,0.0002526529038368608,0.005941238562092872,0.00047666676438196174
2009-12-01,2010-01-01,lag_7,-0.0101509109300241,0.0005648192939497676,0.005941238562092872,0.00047666676438196174
2009-12-01,2010-01-01,lag_8,-0.0083251150630712,-0.0006007707970229604,0.005941238562092872,0.00047666676438196174
2009-12-01,2010-01-01,lag_9,-0.0157796956259579,-7.58055944697844e-05,0.005941238562092872,0.00047666676438196174
2009-12-01,2010-01-01,lag_10,-0.0061041746494812,0.0003395009054656839,0.005941238562092872,0.00047666676438196174
2009-12-01,2010-01-01,lag_11,-0.02339069592911566,0.0011200969835772413,0.005941238562092872,0.00047666676438196174
2009-12-01,2010-01-01,volatility_3m,0.0008757308781980086,-0.00047948416686267593,0.005941238562092872,0.00047666676438196174
2010-01-01,2010-02-01,lag_0,0.0108406384790482,0.004101998217593063,0.008283402395195988,0.0006094412595423422
2010-01-01,2010-02-01,lag_1,0.0040498600148737,0.0017541712786805874,0.008283402395195988,0.0006094412595423422
2010-01-01,2010-02-01,lag_2,0.0043287252217618,0.0008056881407173933,0.008283402395195988,0.0006094412595423422
2010-01-01,2010-02-01,lag_3,0.0026918316470805,-0.00016242955209236243,0.008283402395195988,0.0006094412595423422
2010-01-01,2010-02-01,lag_4,0.008775750967465,-0.0003295158687251387,0.008283402395195988,0.0006094412595423422
2010-01-01,2010-02-01,lag_5,0.0109072811177481,0.0006860043295228024,0.008283402395195988,0.0006094412595423422
2010-01-01,2010-02-01,lag_6,0.0112269628491237,0.00013061562585789944,0.008283402395195988,0.0006094412595423422
2010-01-01,2010-02-01,lag_7,-0.003775936043751,-0.00022592630086364806,0.008283402395195988,0.0006094412595423422
2010-01-01,2010-02-01,lag_8,-0.0101509109300241,-0.0007321015140132658,0.008283402395195988,0.0006094412595423422
2010-01-01,2010-02-01,lag_9,-0.0083251150630712,-0.00040293693522471587,0.008283402395195988,0.0006094412595423422
2010-01-01,2010-02-01,lag_10,-0.0157796956259579,0.0013606943262311688,0.008283402395195988,0.0006094412595423422
2010-01-01,2010-02-01,lag_11,-0.0061041746494812,0.000852759992594656,0.008283402395195988,0.0006094412595423422
2010-01-01,2010-02-01,volatility_3m,0.003842686825289724,-0.00016506055819263566,0.008283402395195988,0.0006094412595423422
2010-02-01,2010-03-01,lag_0,0.0037459440910962,0.001022760127671063,0.0036600849211608543,0.0007174997512492919
2010-02-01,2010-03-01,lag_1,0.0108406384790482,0.0019644730011532372,0.0036600849211608543,0.0007174997512492919
2010-02-01,2010-03-01,lag_2,0.0040498600148737,0.0007520055481290911,0.0036600849211608543,0.0007174997512492919
2010-02-01,2010-03-01,lag_3,0.0043287252217618,-0.00016020121249312068,0.0036600849211608543,0.0007174997512492919
2010-02-01,2010-03-01,lag_4,0.0026918316470805,-0.00028879943161882695,0.0036600849211608543,0.0007174997512492919
2010-02-01,2010-03-01,lag_5,0.008775750967465,6.686339590487477e-05,0.0036600849211608543,0.0007174997512492919
2010-02-01,2010-03-01,lag_6,0.0109072811177481,-0.00022959408805036218,0.0036600849211608543,0.0007174997512492919
2010-02-01,2010-03-01,lag_7,0.0112269628491237,0.00041254241601109244,0.0036600849211608543,0.0007174997512492919
2010-02-01,2010-03-01,lag_8,-0.003775936043751,-0.0007202934507586178,0.0036600849211608543,0.0007174997512492919
2010-02-01,2010-03-01,lag_9,-0.0101509109300241,-0.00037737413293768894,0.0036600849211608543,0.0007174997512492919
2010-02-01,2010-03-01,lag_10,-0.0083251150630712,0.0001263864677184756,0.0036600849211608543,0.0007174997512492919
2010-02-01,2010-03-01,lag_11,-0.0157796956259579,0.0004713446003734134,0.0036600849211608543,0.0007174997512492919
2010-02-01,2010-03-01,volatility_3m,0.004011270071034429,-9.752798996942146e-05,0.0036600849211608543,0.0007174997512492919
2010-03-01,2010-04-01,lag_0,0.0068333611273256,0.0006976846951056359,0.005393459067855743,0.000866249421782088
2010-03-01,2010-04-01,lag_1,0.0037459440910962,0.0009009312802663772,0.005393459067855743,0.000866249421782088
2010-03-01,2010-04-01,lag_2,0.0108406384790482,0.000566999648217461,0.005393459067855743,0.000866249421782088
2010-03-01,2010-04-01,lag_3,0.0040498600148737,4.49523540919472e-05,0.005393459067855743,0.000866249421782088
2010-03-01,2010-04-01,lag_4,0.0043287252217618,-0.0002518626996061357,0.005393459067855743,0.000866249421782088
2010-03-01,2010-04-01,lag_5,0.0026918316470805,-0.00034294346869273795,0.005393459067855743,0.000866249421782088
2010-03-01,2010-04-01,lag_6,0.008775750967465,-7.039968886601855e-05,0.005393459067855743,0.000866249421782088
2010-03-01,2010-04-01,lag_7,0.0109072811177481,0.0003004376972239697,0.005393459067855743,0.000866249421782088
2010-03-01,2010-04-01,lag_8,0.0112269628491237,0.0011846081983640034,0.005393459067855743,0.000866249421782088
2010-03-01,2010-04-01,lag_9,-0.003775936043751,-0.00024346743456590047,0.005393459067855743,0.000866249421782088
2010-03-01,2010-04-01,lag_10,-0.0101509109300241,0.0017089738046161074,0.005393459067855743,0.000866249421782088
2010-03-01,2010-04-01,lag_11,-0.0083251150630712,0.0001624703200377553,0.005393459067855743,0.000866249421782088
2010-03-01,2010-04-01,volatility_3m,0.0035572719928728632,-0.00013117500066073262,0.005393459067855743,0.000866249421782088
2010-04-01,2010-05-01,lag_0,0.0033865562000299,0.0005336906570482824,0.004804029257215489,0.0009654444941951999
2010-04-01,2010-05-01,lag_1,0.0068333611273256,0.000879908610440907,0.004804029257215489,0.0009654444941951999
2010-04-01,2010-05-01,lag_2,0.0037459440910962,0.0005083916706735181,0.004804029257215489,0.0009654444941951999
2010-04-01,2010-05-01,lag_3,0.0108406384790482,0.0010060697072003678,0.004804029257215489,0.0009654444941951999
2010-04-01,2010-05-01,lag_4,0.0040498600148737,-0.0003822606107041793,0.004804029257215489,0.0009654444941951999
2010-04-01,2010-05-01,lag_5,0.0043287252217618,-0.00017328789314888127,0.004804029257215489,0.0009654444941951999
2010-04-01,2010-05-01,lag_6,0.0026918316470805,4.3392781299189666e-05,0.004804029257215489,0.0009654444941951999
2010-04-01,2010-05-01,lag_7,0.008775750967465,5.557801396207651e-06,0.004804029257215489,0.0009654444941951999
2010-04-01,2010-05-01,lag_8,0.0109072811177481,0.0010521223726209427,0.004804029257215489,0.0009654444941951999
2010-04-01,2010-05-01,lag_9,0.0112269628491237,0.0006804340182134183,0.004804029257215489,0.0009654444941951999
2010-04-01,2010-05-01,lag_10,-0.003775936043751,1.2660282982324133e-05,0.004804029257215489,0.0009654444941951999
2010-04-01,2010-05-01,lag_11,-0.0101509109300241,-8.258001035301277e-05,0.004804029257215489,0.0009654444941951999
2010-04-01,2010-05-01,volatility_3m,0.0018948072821386758,-0.00024551458968744553,0.004804029257215489,0.0009654444941951999
2010-05-01,2010-06-01,lag_0,0.0134185316829222,0.003879445631919225,0.005046598021842029,0.0011201676817824149
2010-05-01,2010-06-01,lag_1,0.0033865562000299,0.0009489061287604272,0.005046598021842029,0.0011201676817824149
2010-05-01,2010-06-01,lag_2,0.0068333611273256,0.0006725044412451098,0.005046598021842029,0.0011201676817824149
2010-05-01,2010-06-01,lag_3,0.0037459440910962,0.00015419496909089504,0.005046598021842029,0.0011201676817824149
2010-05-01,2010-06-01,lag_4,0.0108406384790482,-0.0004708597544413351,0.005046598021842029,0.0011201676817824149
2010-05-01,2010-06-01,lag_5,0.0040498600148737,-0.0002195473433675943,0.005046598021842029,0.0011201676817824149
2010-05-01,2010-06-01,lag_6,0.0043287252217618,1.1898626835318283e-05,0.005046598021842029,0.0011201676817824149
2010-05-01,2010-06-01,lag_7,0.0026918316470805,-8.703450475877617e-05,0.005046598021842029,0.0011201676817824149
2010-05-01,2010-06-01,lag_8,0.008775750967465,-0.0003440969649454928,0.005046598021842029,0.0011201676817824149
2010-05-01,2010-06-01,lag_9,0.0109072811177481,0.0007318475948113701,0.005046598021842029,0.0011201676817824149
2010-05-01,2010-06-01,lag_10,0.0112269628491237,-0.0011147798511228757,0.005046598021842029,0.0011201676817824149
2010-05-01,2010-06-01,lag_11,-0.003775936043751,-0.0001273355226203421,0.005046598021842029,0.0011201676817824149
2010-05-01,2010-06-01,volatility_3m,0.005097147364661901,-0.00010871308764762943,0.005046598021842029,0.0011201676817824149
2010-06-01,2010-07-01,lag_0,0.0018475022092525,9.23224228045072e-05,0.0007684345592818782,0.000625355227814344
2010-06-01,2010-07-01,lag_1,0.0134185316829222,0.0009821156964747503,0.0007684345592818782,0.000625355227814344
2010-06-01,2010-07-01,lag_2,0.0033865562000299,9.628195737106716e-05,0.0007684345592818782,0.000625355227814344
2010-06-01,2010-07-01,lag_3,0.0068333611273256,0.0002899437584718534,0.0007684345592818782,0.000625355227814344
2010-06-01,2010-07-01,lag_4,0.0037459440910962,-0.000933845236335733,0.0007684345592818782,0.000625355227814344
2010-06-01,2010-07-01,lag_5,0.0108406384790482,0.0003291162503939127,0.0007684345592818782,0.000625355227814344
2010-06-01,2010-07-01,lag_6,0.0040498600148737,-1.682128761284929e-05,0.0007684345592818782,0.000625355227814344
2010-06-01,2010-07-01,lag_7,0.0043287252217618,-0.00021476279103615936,0.0007684345592818782,0.000625355227814344
2010-06-01,2010-07-01,lag_8,0.0026918316470805,0.0006262508803318845,0.0007684345592818782,0.000625355227814344
2010-06-01,2010-07-01,lag_9,0.008775750967465,0.0017644748400319665,0.0007684345592818782,0.000625355227814344
2010-06-01,2010-07-01,lag_10,0.0109072811177481,-0.0014890480912267256,0.0007684345592818782,0.000625355227814344
2010-06-01,2010-07-01,lag_11,0.0112269628491237,-0.0009840823998361347,0.0007684345592818782,0.000625355227814344
2010-06-01,2010-07-01,volatility_3m,0.006283549187579858,-0.00039886669132043194,0.0007684345592818782,0.000625355227814344
2010-07-01,2010-08-01,lag_0,0.0037898457435989,0.0006440405289513506,0.0009571205163707904,0.0005912988907815157
2010-07-01,2010-08-01,lag_1,0.0018475022092525,-0.00018107790839454906,0.0009571205163707904,0.0005912988907815157
2010-07-01,2010-08-01,lag_2,0.0134185316829222,0.001461277068088478,0.0009571205163707904,0.0005912988907815157
2010-07-01,2010-08-01,lag_3,0.0033865562000299,-0.0004085896046898796,0.0009571205163707904,0.0005912988907815157
2010-07-01,2010-08-01,lag_4,0.0068333611273256,-0.00026335968613297564,0.0009571205163707904,0.0005912988907815157
2010-07-01,2010-08-01,lag_5,0.0037459440910962,5.0617930962584264e-05,0.0009571205163707904,0.0005912988907815157
2010-07-01,2010-08-01,lag_6,0.0108406384790482,0.0003928773596973079,0.0009571205163707904,0.0005912988907815157
2010-07-01,2010-08-01,lag_7,0.0040498600148737,0.0001362611677939074,0.0009571205163707904,0.0005912988907815157
2010-07-01,2010-08-01,lag_8,0.0043287252217618,8.484566380689173e-05,0.0009571205163707904,0.0005912988907815157
2010-07-01,2010-08-01,lag_9,0.0026918316470805,-0.0001567176575699847,0.0009571205163707904,0.0005912988907815157
2010-07-01,2010-08-01,lag_10,0.008775750967465,-0.0016610377692541079,0.0009571205163707904,0.0005912988907815157
2010-07-01,2010-08-01,lag_11,0.0109072811177481,-0.0002583753958974278,0.0009571205163707904,0.0005912988907815157
2010-07-01,2010-08-01,volatility_3m,0.00619641044482035,0.0005250599681462554,0.0009571205163707904,0.0005912988907815157
2010-08-01,2010-09-01,lag_0,0.0036579355962977,0.00033130895184548594,0.0031993901486445644,0.0005818775140702568
2010-08-01,2010-09-01,lag_1,0.0037898457435989,0.000780386548368659,0.0031993901486445644,0.0005818775140702568
2010-08-01,2010-09-01,lag_2,0.0018475022092525,2.0412812614787333e-05,0.0031993901486445644,0.0005818775140702568
2010-08-01,2010-09-01,lag_3,0.0134185316829222,0.0011382524070560507,0.0031993901486445644,0.0005818775140702568
2010-08-01,2010-09-01,lag_4,0.0033865562000299,-0.0004577589974927987,0.0031993901486445644,0.0005818775140702568
2010-08-01,2010-09-01,lag_5,0.0068333611273256,0.00014552979509979913,0.0031993901486445644,0.0005818775140702568
2010-08-01,2010-09-01,lag_6,0.0037459440910962,-6.458400085489479e-06,0.0031993901486445644,0.0005818775140702568
2010-08-01,2010-09-01,lag_7,0.0108406384790482,0.0003793427956073803,0.0031993901486445644,0.0005818775140702568
2010-08-01,2010-09-01,lag_8,0.0040498600148737,0.0009664666670375333,0.0031993901486445644,0.0005818775140702568
2010-08-01,2010-09-01,lag_9,0.0043287252217618,-7.968258036804343e-05,0.0031993901486445644,0.0005818775140702568
2010-08-01,2010-09-01,lag_10,0.0026918316470805,0.0004528625473029546,0.0031993901486445644,0.0005818775140702568
2010-08-01,2010-09-01,lag_11,0.008775750967465,-0.0005795521747965093,0.0031993901486445644,0.0005818775140702568
2010-08-01,2010-09-01,volatility_3m,0.0010853392512102874,-0.00047359773506570944,0.0031993901486445644,0.0005818775140702568
2010-09-01,2010-10-01,lag_0,0.0029434252658697,-0.00025722079050121137,0.0009486134783480581,0.0005692120711545578
2010-09-01,2010-10-01,lag_1,0.0036579355962977,0.0006442895024717999,0.0009486134783480581,0.0005692120711545578
2010-09-01,2010-10-01,lag_2,0.0037898457435989,0.0004812068939687464,0.0009486134783480581,0.0005692120711545578
2010-09-01,2010-10-01,lag_3,0.0018475022092525,2.4784061033003015e-05,0.0009486134783480581,0.0005692120711545578
2010-09-01,2010-10-01,lag_4,0.0134185316829222,0.00035877507356039116,0.0009486134783480581,0.0005692120711545578
2010-09-01,2010-10-01,lag_5,0.0033865562000299,-0.0003179060113804422,0.0009486134783480581,0.0005692120711545578
2010-09-01,2010-10-01,lag_6,0.0068333611273256,-0.0002243401045407012,0.0009486134783480581,0.0005692120711545578
2010-09-01,2010-10-01,lag_7,0.0037459440910962,-0.0002571044908387821,0.0009486134783480581,0.0005692120711545578
2010-09-01,2010-10-01,lag_8,0.0108406384790482,0.0011514200981572742,0.0009486134783480581,0.0005692120711545578
2010-09-01,2010-10-01,lag_9,0.0040498600148737,-0.0001418973330603368,0.0009486134783480581,0.0005692120711545578
2010-09-01,2010-10-01,lag_10,0.0043287252217618,0.00012134237344033849,0.0009486134783480581,0.0005692120711545578
2010-09-01,2010-10-01,lag_11,0.0026918316470805,-0.0003955977499306229,0.0009486134783480581,0.0005692120711545578
2010-09-01,2010-10-01,volatility_3m,0.0006672331475216492,-0.0008083500725235826,0.0009486134783480581,0.0005692120711545578
2010-10-01,2010-11-01,lag_0,-0.0028376912450953,0.00018119467094778407,0.008161139376441988,0.00045456534658075144
2010-10-01,2010-11-01,lag_1,0.0029434252658697,0.0018987410613178302,0.008161139376441988,0.00045456534658075144
2010-10-01,2010-11-01,lag_2,0.0036579355962977,0.000788367275709776,0.008161139376441988,0.00045456534658075144
2010-10-01,2010-11-01,lag_3,0.0037898457435989,-0.0003686287215526285,0.008161139376441988,0.00045456534658075144
2010-10-01,2010-11-01,lag_4,0.0018475022092525,0.00014111145434613447,0.008161139376441988,0.00045456534658075144
2010-10-01,2010-11-01,lag_5,0.0134185316829222,0.0018069931389186422,0.008161139376441988,0.00045456534658075144
2010-10-01,2010-11-01,lag_6,0.0033865562000299,6.667505874329294e-05,0.008161139376441988,0.00045456534658075144
2010-10-01,2010-11-01,lag_7,0.0068333611273256,0.0005553462655317265,0.008161139376441988,0.00045456534658075144
2010-10-01,2010-11-01,lag_8,0.0037459440910962,0.0011803517114294415,0.008161139376441988,0.00045456534658075144
2010-10-01,2010-11-01,lag_9,0.0108406384790482,0.0006226902719878247,0.008161139376441988,0.00045456534658075144
2010-10-01,2010-11-01,lag_10,0.0040498600148737,0.0003881042296575643,0.008161139376441988,0.00045456534658075144
2010-10-01,2010-11-01,lag_11,0.0043287252217618,0.00026588526629419464,0.008161139376441988,0.00045456534658075144
2010-10-01,2010-11-01,volatility_3m,0.0035619517399937185,0.00017974226220339063,0.008161139376441988,0.00045456534658075144
2010-11-01,2010-12-01,lag_0,0.0008691845526112,-0.00042659493795701666,-0.003011991962567172,0.0004664574848792665
2010-11-01,2010-12-01,lag_1,-0.0028376912450953,-0.0012545394535760578,-0.003011991962567172,0.0004664574848792665
2010-11-01,2010-12-01,lag_2,0.0029434252658697,-0.00010566340568621157,-0.003011991962567172,0.0004664574848792665
2010-11-01,2010-12-01,lag_3,0.0036579355962977,-0.0006529650727895753,-0.003011991962567172,0.0004664574848792665
2010-11-01,2010-12-01,lag_4,0.0037898457435989,-8.554505587282435e-05,-0.003011991962567172,0.0004664574848792665
2010-11-01,2010-12-01,lag_5,0.0018475022092525,-0.0005438495558885259,-0.003011991962567172,0.0004664574848792665
2010-11-01,2010-12-01,lag_6,0.0134185316829222,-5.37689688181997e-05,-0.003011991962567172,0.0004664574848792665
2010-11-01,2010-12-01,lag_7,0.0033865562000299,-0.0005625160567143106,-0.003011991962567172,0.0004664574848792665
2010-11-01,2010-12-01,lag_8,0.0068333611273256,9.431092485545634e-05,-0.003011991962567172,0.0004664574848792665
2010-11-01,2010-12-01,lag_9,0.0037459440910962,0.0006416518808616223,-0.003011991962567172,0.0004664574848792665
2010-11-01,2010-12-01,lag_10,0.0108406384790482,-0.0004405439428833624,-0.003011991962567172,0.0004664574848792665
2010-11-01,2010-12-01,lag_11,0.0040498600148737,0.00016129665418268324,-0.003011991962567172,0.0004664574848792665
2010-11-01,2010-12-01,volatility_3m,0.0029287287011464398,-0.00024972253418331647,-0.003011991962567172,0.0004664574848792665
2010-12-01,2011-01-01,lag_0,0.009737829134778,0.0012997167461991843,0.004206547653055159,0.0005768564784723884
2010-12-01,2011-01-01,lag_1,0.0008691845526112,0.00016959568096289068,0.004206547653055159,0.0005768564784723884
2010-12-01,2011-01-01,lag_2,-0.0028376912450953,-0.00011312688888891919,0.004206547653055159,0.0005768564784723884
2010-12-01,2011-01-01,lag_3,0.0029434252658697,2.975358528358285e-05,0.004206547653055159,0.0005768564784723884
2010-12-01,2011-01-01,lag_4,0.0036579355962977,-0.000311665858597312,0.004206547653055159,0.0005768564784723884
2010-12-01,2011-01-01,lag_5,0.0037898457435989,-0.0003967359965703565,0.004206547653055159,0.0005768564784723884
2010-12-01,2011-01-01,lag_6,0.0018475022092525,1.768183379858623e-05,0.004206547653055159,0.0005768564784723884
2010-12-01,2011-01-01,lag_7,0.0134185316829222,0.0005186655531642392,0.004206547653055159,0.0005768564784723884
2010-12-01,2011-01-01,lag_8,0.0033865562000299,0.0009636432558030705,0.004206547653055159,0.0005768564784723884
2010-12-01,2011-01-01,lag_9,0.0068333611273256,0.0002606626563381553,0.004206547653055159,0.0005768564784723884
2010-12-01,2011-01-01,lag_10,0.0037459440910962,0.00028333502849253733,0.004206547653055159,0.0005768564784723884
2010-12-01,2011-01-01,lag_11,0.0108406384790482,-0.00037770512498771505,0.004206547653055159,0.0005768564784723884
2010-12-01,2011-01-01,volatility_3m,0.006461907583794786,0.0012858708105408657,0.004206547653055159,0.0005768564784723884
2011-01-01,2011-02-01,lag_0,-0.0021083561409289,0.00043918167973867384,0.00401667294955312,0.0005489278123989293
2011-01-01,2011-02-01,lag_1,0.009737829134778,0.0015132783298054697,0.00401667294955312,0.0005489278123989293
2011-01-01,2011-02-01,lag_2,0.0008691845526112,-3.441157778382831e-05,0.00401667294955312,0.0005489278123989293
2011-01-01,2011-02-01,lag_3,-0.0028376912450953,-0.0004275763129289256,0.00401667294955312,0.0005489278123989293
2011-01-01,2011-02-01,lag_4,0.0029434252658697,-0.000168813145726201,0.00401667294955312,0.0005489278123989293
2011-01-01,2011-02-01,lag_5,0.0036579355962977,-0.00010026139894575792,0.00401667294955312,0.0005489278123989293
2011-01-01,2011-02-01,lag_6,0.0037898457435989,0.0002185137602785492,0.00401667294955312,0.0005489278123989293
2011-01-01,2011-02-01,lag_7,0.0018475022092525,0.0011625565280234086,0.00401667294955312,0.0005489278123989293
2011-01-01,2011-02-01,lag_8,0.0134185316829222,0.0005228468678693155,0.00401667294955312,0.0005489278123989293
2011-01-01,2011-02-01,lag_9,0.0033865562000299,0.0004582490033267206,0.00401667294955312,0.0005489278123989293
2011-01-01,2011-02-01,lag_10,0.0068333611273256,-0.00010857632469720712,0.00401667294955312,0.0005489278123989293
2011-01-01,2011-02-01,lag_11,0.0037459440910962,-0.000253863136304604,0.00401667294955312,0.0005489278123989293
2011-01-01,2011-02-01,volatility_3m,0.006162395514906774,0.0002466208698110428,0.00401667294955312,0.0005489278123989293
2011-02-01,2011-03-01,lag_0,-0.003978748128941,0.0009642458001202225,0.006010150454686134,0.0005277020675064967
2011-02-01,2011-03-01,lag_1,-0.0021083561409289,-0.0008099852447663913,0.006010150454686134,0.0005277020675064967
2011-02-01,2011-03-01,lag_2,0.009737829134778,0.000361147308382419,0.006010150454686134,0.0005277020675064967
2011-02-01,2011-03-01,lag_3,0.0008691845526112,-0.0003090251899931573,0.006010150454686134,0.0005277020675064967
2011-02-01,2011-03-01,lag_4,-0.0028376912450953,-0.00018782707070143622,0.006010150454686134,0.0005277020675064967
2011-02-01,2011-03-01,lag_5,0.0029434252658697,-0.0008020079856219997,0.006010150454686134,0.0005277020675064967
2011-02-01,2011-03-01,lag_6,0.0036579355962977,-2.331590668439354e-05,0.006010150454686134,0.0005277020675064967
2011-02-01,2011-03-01,lag_7,0.0037898457435989,0.0007747591735613746,0.006010150454686134,0.0005277020675064967
2011-02-01,2011-03-01,lag_8,0.0018475022092525,0.000940033259167512,0.006010150454686134,0.0005277020675064967
2011-02-01,2011-03-01,lag_9,0.0134185316829222,0.00026132592304915824,0.006010150454686134,0.0005277020675064967
2011-02-01,2011-03-01,lag_10,0.0033865562000299,0.0008683158295634108,0.006010150454686134,0.0005277020675064967
2011-02-01,2011-03-01,lag_11,0.0068333611273256,0.0002528782852023692,0.006010150454686134,0.0005277020675064967
2011-02-01,2011-03-01,volatility_3m,0.007438357385950742,0.003191904281655544,0.006010150454686134,0.0005277020675064967
2011-03-01,2011-04-01,lag_0,0.0103489910718046,0.00067129526948424,0.0010492436946095223,0.0005778710684766658
2011-03-01,2011-04-01,lag_1,-0.003978748128941,-0.0027318568566955647,0.0010492436946095223,0.0005778710684766658
2011-03-01,2011-04-01,lag_2,-0.0021083561409289,-0.00046807711932814297,0.0010492436946095223,0.0005778710684766658
2011-03-01,2011-04-01,lag_3,0.009737829134778,0.0006645050292237231,0.0010492436946095223,0.0005778710684766658
2011-03-01,2011-04-01,lag_4,0.0008691845526112,0.00012812789299964321,0.0010492436946095223,0.0005778710684766658
2011-03-01,2011-04-01,lag_5,-0.0028376912450953,-0.0004771556995787929,0.0010492436946095223,0.0005778710684766658
2011-03-01,2011-04-01,lag_6,0.0029434252658697,0.00018222278466370145,0.0010492436946095223,0.0005778710684766658
2011-03-01,2011-04-01,lag_7,0.0036579355962977,-0.00037074591347472817,0.0010492436946095223,0.0005778710684766658
2011-03-01,2011-04-01,lag_8,0.0037898457435989,0.00023409662955682365,0.0010492436946095223,0.0005778710684766658
2011-03-01,2011-04-01,lag_9,0.0018475022092525,-0.0007677690644126444,0.0010492436946095223,0.0005778710684766658
2011-03-01,2011-04-01,lag_10,0.0134185316829222,0.0002449526104103139,0.0010492436946095223,0.0005778710684766658
2011-03-01,2011-04-01,lag_11,0.0033865562000299,1.0338533084741642e-06,0.0010492436946095223,0.0005778710684766658
2011-03-01,2011-04-01,volatility_3m,0.007788538334972329,0.0031607431159323164,0.0010492436946095223,0.0005778710684766658
2011-04-01,2011-05-01,lag_0,-0.0032354993818444,0.0003552131704309502,0.0065056593718266645,0.0005997179066329262
2011-04-01,2011-05-01,lag_1,0.0103489910718046,0.0019432420549196116,0.0065056593718266645,0.0005997179066329262
2011-04-01,2011-05-01,lag_2,-0.003978748128941,-0.0011795197247768563,0.0065056593718266645,0.0005997179066329262
2011-04-01,2011-05-01,lag_3,-0.0021083561409289,0.0010380220059648425,0.0065056593718266645,0.0005997179066329262
2011-04-01,2011-05-01,lag_4,0.009737829134778,-0.0007959964581396717,0.0065056593718266645,0.0005997179066329262
2011-04-01,2011-05-01,lag_5,0.0008691845526112,1.3392848658133615e-05,0.0065056593718266645,0.0005997179066329262
2011-04-01,2011-05-01,lag_6,-0.0028376912450953,-0.000245770294753207,0.0065056593718266645,0.0005997179066329262
2011-04-01,2011-05-01,lag_7,0.0029434252658697,0.0008763836820012738,0.0065056593718266645,0.0005997179066329262
2011-04-01,2011-05-01,lag_8,0.0036579355962977,0.000589273576413909,0.0065056593718266645,0.0005997179066329262
2011-04-01,2011-05-01,lag_9,0.0037898457435989,0.0005646282576379313,0.0065056593718266645,0.0005997179066329262
2011-04-01,2011-05-01,lag_10,0.0018475022092525,0.0006104454227459799,0.0065056593718266645,0.0005997179066329262
2011-04-01,2011-05-01,lag_11,0.0134185316829222,-0.0008822706680577142,0.0065056593718266645,0.0005997179066329262
2011-04-01,2011-05-01,volatility_3m,0.008066131974599346,0.003018897480014999,0.0065056593718266645,0.0005997179066329262
2011-05-01,2011-06-01,lag_0,0.0012053529354325,0.000773471440605622,0.0028952460308051087,0.0005291866158410609
2011-05-01,2011-06-01,lag_1,-0.0032354993818444,-0.0015861943731926686,0.0028952460308051087,0.0005291866158410609
2011-05-01,2011-06-01,lag_2,0.0103489910718046,0.0006088055956389127,0.0028952460308051087,0.0005291866158410609
2011-05-01,2011-06-01,lag_3,-0.003978748128941,-0.0004780863860531426,0.0028952460308051087,0.0005291866158410609
2011-05-01,2011-06-01,lag_4,-0.0021083561409289,-0.000921701028734736,0.0028952460308051087,0.0005291866158410609
2011-05-01,2011-06-01,lag_5,0.009737829134778,0.00045768935684949776,0.0028952460308051087,0.0005291866158410609
2011-05-01,2011-06-01,lag_6,0.0008691845526112,0.0006868901694164364,0.0028952460308051087,0.0005291866158410609
2011-05-01,2011-06-01,lag_7,-0.0028376912450953,-0.0005797608612794413,0.0028952460308051087,0.0005291866158410609
2011-05-01,2011-06-01,lag_8,0.0029434252658697,7.65088305258832e-05,0.0028952460308051087,0.0005291866158410609
2011-05-01,2011-06-01,lag_9,0.0036579355962977,0.0001680634005738213,0.0028952460308051087,0.0005291866158410609
2011-05-01,2011-06-01,lag_10,0.0037898457435989,0.0006620951662995367,0.0028952460308051087,0.0005291866158410609
2011-05-01,2011-06-01,lag_11,0.0018475022092525,-0.00034465653966095025,0.0028952460308051087,0.0005291866158410609
2011-05-01,2011-06-01,volatility_3m,0.006926587285694434,0.002842934698682793,0.0028952460308051087,0.0005291866158410609
2011-06-01,2011-07-01,lag_0,0.0030203149621863,0.0007284599454624185,0.0015465416484045501,0.0006059687617180257
2011-06-01,2011-07-01,lag_1,0.0012053529354325,-0.0003466555726822662,0.0015465416484045501,0.0006059687617180257
2011-06-01,2011-07-01,lag_2,-0.0032354993818444,-0.0007314870892599856,0.0015465416484045501,0.0006059687617180257
2011-06-01,2011-07-01,lag_3,0.0103489910718046,0.0001269197485490281,0.0015465416484045501,0.0006059687617180257
2011-06-01,2011-07-01,lag_4,-0.003978748128941,0.0007035864030072503,0.0015465416484045501,0.0006059687617180257
2011-06-01,2011-07-01,lag_5,-0.0021083561409289,-0.0010374537816650786,0.0015465416484045501,0.0006059687617180257
2011-06-01,2011-07-01,lag_6,0.009737829134778,0.0003914304417679659,0.0015465416484045501,0.0006059687617180257
2011-06-01,2011-07-01,lag_7,0.0008691845526112,6.423498925016702e-06,0.0015465416484045501,0.0006059687617180257
2011-06-01,2011-07-01,lag_8,-0.0028376912450953,0.00021371004425077444,0.0015465416484045501,0.0006059687617180257
2011-06-01,2011-07-01,lag_9,0.0029434252658697,0.0006175209070761412,0.0015465416484045501,0.0006059687617180257
2011-06-01,2011-07-01,lag_10,0.0036579355962977,0.0005002694340754488,0.0015465416484045501,0.0006059687617180257
2011-06-01,2011-07-01,lag_11,0.0037898457435989,0.0001223538984976358,0.0015465416484045501,0.0006059687617180257
2011-06-01,2011-07-01,volatility_3m,0.0032184486317013597,-0.00035450493040343643,0.0015465416484045501,0.0006059687617180257
2011-07-01,2011-08-01,lag_0,0.0049150558673387,0.0008595035957245045,-0.00017991038180303074,0.0006934120584074301
2011-07-01,2011-08-01,lag_1,0.0030203149621863,0.001164656216122637,-0.00017991038180303074,0.0006934120584074301
2011-07-01,2011-08-01,lag_2,0.0012053529354325,0.0007401031285968429,-0.00017991038180303074,0.0006934120584074301
2011-07-01,2011-08-01,lag_3,-0.0032354993818444,-0.0004546603778427993,-0.00017991038180303074,0.0006934120584074301
2011-07-01,2011-08-01,lag_4,0.0103489910718046,0.00043253136758195863,-0.00017991038180303074,0.0006934120584074301
2011-07-01,2011-08-01,lag_5,-0.003978748128941,0.00011580614591991888,-0.00017991038180303074,0.0006934120584074301
2011-07-01,2011-08-01,lag_6,-0.0021083561409289,-0.0008403714839948862,-0.00017991038180303074,0.0006934120584074301
2011-07-01,2011-08-01,lag_7,0.009737829134778,0.0005817229757531095,-0.00017991038180303074,0.0006934120584074301
2011-07-01,2011-08-01,lag_8,0.0008691845526112,0.00013491002976934397,-0.00017991038180303074,0.0006934120584074301
2011-07-01,2011-08-01,lag_9,-0.0028376912450953,-0.0028752725584734406,-0.00017991038180303074,0.0006934120584074301
2011-07-01,2011-08-01,lag_10,0.0029434252658697,0.00038517750700748363,-0.00017991038180303074,0.0006934120584074301
2011-07-01,2011-08-01,lag_11,0.0036579355962977,-0.0005790468073450938,-0.00017991038180303074,0.0006934120584074301
2011-07-01,2011-08-01,volatility_3m,0.001854994433918399,-0.0005383821425999713,-0.00017991038180303074,0.0006934120584074301
2011-08-01,2011-09-01,lag_0,0.0067284438160486,0.0012207588531646253,0.006320441827571587,0.0008135312033203307
2011-08-01,2011-09-01,lag_1,0.0049150558673387,0.0011440212936184935,0.006320441827571587,0.0008135312033203307
2011-08-01,2011-09-01,lag_2,0.0030203149621863,0.0009746659071944918,0.006320441827571587,0.0008135312033203307
2011-08-01,2011-09-01,lag_3,0.0012053529354325,-0.0001756794539062412,0.006320441827571587,0.0008135312033203307
2011-08-01,2011-09-01,lag_4,-0.0032354993818444,-0.0006948245801726216,0.006320441827571587,0.0008135312033203307
2011-08-01,2011-09-01,lag_5,0.0103489910718046,0.0006157555561787831,0.006320441827571587,0.0008135312033203307
2011-08-01,2011-09-01,lag_6,-0.003978748128941,5.9811891323136027e-05,0.006320441827571587,0.0008135312033203307
2011-08-01,2011-09-01,lag_7,-0.0021083561409289,-0.0001041270818762996,0.006320441827571587,0.0008135312033203307
2011-08-01,2011-09-01,lag_8,0.009737829134778,0.00299796948281557,0.006320441827571587,0.0008135312033203307
2011-08-01,2011-09-01,lag_9,0.0008691845526112,0.0006453318301208811,0.006320441827571587,0.0008135312033203307
2011-08-01,2011-09-01,lag_10,-0.0028376912450953,0.0003470657097284402,0.006320441827571587,0.0008135312033203307
2011-08-01,2011-09-01,lag_11,0.0029434252658697,-0.0006112810995929863,0.006320441827571587,0.0008135312033203307
2011-08-01,2011-09-01,volatility_3m,0.0018542131550889798,-0.0009125577298391363,0.006320441827571587,0.0008135312033203307
2011-09-01,2011-10-01,lag_0,-0.0008274225944706,0.0006460944479266573,0.0009610528853423126,0.0008115201737439652
2011-09-01,2011-10-01,lag_1,0.0067284438160486,0.0014702537602596522,0.0009610528853423126,0.0008115201737439652
2011-09-01,2011-10-01,lag_2,0.0049150558673387,0.000535220680123416,0.0009610528853423126,0.0008115201737439652
2011-09-01,2011-10-01,lag_3,0.0030203149621863,-0.00028810889341400524,0.0009610528853423126,0.0008115201737439652
2011-09-01,2011-10-01,lag_4,0.0012053529354325,7.7671565362607e-05,0.0009610528853423126,0.0008115201737439652
2011-09-01,2011-10-01,lag_5,-0.0032354993818444,-0.00020267206837843333,0.0009610528853423126,0.0008115201737439652
2011-09-01,2011-10-01,lag_6,0.0103489910718046,-0.0010607830953097163,0.0009610528853423126,0.0008115201737439652
2011-09-01,2011-10-01,lag_7,-0.003978748128941,-0.0008269543923542244,0.0009610528853423126,0.0008115201737439652
2011-09-01,2011-10-01,lag_8,-0.0021083561409289,-0.00024293080700175552,0.0009610528853423126,0.0008115201737439652
2011-09-01,2011-10-01,lag_9,0.009737829134778,-2.9465563812323126e-05,0.0009610528853423126,0.0008115201737439652
2011-09-01,2011-10-01,lag_10,0.0008691845526112,-0.00011907672966287919,0.0009610528853423126,0.0008115201737439652
2011-09-01,2011-10-01,lag_11,-0.0028376912450953,-7.206804672591715e-05,0.0009610528853423126,0.0008115201737439652
2011-09-01,2011-10-01,volatility_3m,0.003944522614767688,0.000262351766278357,0.0009610528853423126,0.0008115201737439652
2011-10-01,2011-11-01,lag_0,0.0069164365872342,0.000864106152428974,-0.0012848988236333042,0.0008143641079096453
2011-10-01,2011-11-01,lag_1,-0.0008274225944706,-0.0007287470641006166,-0.0012848988236333042,0.0008143641079096453
2011-10-01,2011-11-01,lag_2,0.0067284438160486,0.0023626101405869802,-0.0012848988236333042,0.0008143641079096453
2011-10-01,2011-11-01,lag_3,0.0049150558673387,0.000261219920420217,-0.0012848988236333042,0.0008143641079096453
2011-10-01,2011-11-01,lag_4,0.0030203149621863,-0.00135503504227529,-0.0012848988236333042,0.0008143641079096453
2011-10-01,2011-11-01,lag_5,0.0012053529354325,-1.2065923572208703e-05,-0.0012848988236333042,0.0008143641079096453
2011-10-01,2011-11-01,lag_6,-0.0032354993818444,9.713639198764667e-05,-0.0012848988236333042,0.0008143641079096453
2011-10-01,2011-11-01,lag_7,0.0103489910718046,0.0012128355229192778,-0.0012848988236333042,0.0008143641079096453
2011-10-01,2011-11-01,lag_8,-0.003978748128941,-0.0009778053935821163,-0.0012848988236333042,0.0008143641079096453
2011-10-01,2011-11-01,lag_9,-0.0021083561409289,-0.0014927316078802732,-0.0012848988236333042,0.0008143641079096453
2011-10-01,2011-11-01,lag_10,0.009737829134778,-0.0011709352165451036,-0.0012848988236333042,0.0008143641079096453
2011-10-01,2011-11-01,lag_11,0.0008691845526112,-4.242148206287766e-05,-0.0012848988236333042,0.0008143641079096453
2011-10-01,2011-11-01,volatility_3m,0.004417650460024048,-0.0011174293189827721,-0.0012848988236333042,0.0008143641079096453
2011-11-01,2011-12-01,lag_0,-8.659124192433865e-05,0.0006452329844171345,0.003710214759125476,0.0007965414060325517
2011-11-01,2011-12-01,lag_1,0.0069164365872342,0.0012614247726696704,0.003710214759125476,0.0007965414060325517
2011-11-01,2011-12-01,lag_2,-0.0008274225944706,-0.0006119651313247231,0.003710214759125476,0.0007965414060325517
2011-11-01,2011-12-01,lag_3,0.0067284438160486,0.0003254632467456986,0.003710214759125476,0.0007965414060325517
2011-11-01,2011-12-01,lag_4,0.0049150558673387,6.402521418181096e-05,0.003710214759125476,0.0007965414060325517
2011-11-01,2011-12-01,lag_5,0.0030203149621863,-0.0006492494500997736,0.003710214759125476,0.0007965414060325517
2011-11-01,2011-12-01,lag_6,0.0012053529354325,0.000597806838244992,0.003710214759125476,0.0007965414060325517
2011-11-01,2011-12-01,lag_7,-0.0032354993818444,-9.117679438787718e-05,0.003710214759125476,0.0007965414060325517
2011-11-01,2011-12-01,lag_8,0.0103489910718046,0.002663568146886064,0.003710214759125476,0.0007965414060325517
2011-11-01,2011-12-01,lag_9,-0.003978748128941,-0.001151810468415988,0.003710214759125476,0.0007965414060325517
2011-11-01,2011-12-01,lag_10,-0.0021083561409289,0.0003230687339646465,0.003710214759125476,0.0007965414060325517
2011-11-01,2011-12-01,lag_11,0.009737829134778,-0.00034680935117819444,0.003710214759125476,0.0007965414060325517
2011-11-01,2011-12-01,volatility_3m,0.004273144527061974,-0.00011590541827445122,0.003710214759125476,0.0007965414060325517
2011-12-01,2012-01-01,lag_0,0.0052922619015616,0.0013478919341469008,0.0034014118490967187,0.000876058541416781
2011-12-01,2012-01-01,lag_1,-8.659124192433865e-05,-0.001559718565320054,0.0034014118490967187,0.000876058541416781
2011-12-01,2012-01-01,lag_2,0.0069164365872342,0.0029263220793842495,0.0034014118490967187,0.000876058541416781
2011-12-01,2012-01-01,lag_3,-0.0008274225944706,0.00017013428647913998,0.0034014118490967187,0.000876058541416781
2011-12-01,2012-01-01,lag_4,0.0067284438160486,0.0007370654602846116,0.0034014118490967187,0.000876058541416781
2011-12-01,2012-01-01,lag_5,0.0049150558673387,-0.0009187457472040705,0.0034014118490967187,0.000876058541416781
2011-12-01,2012-01-01,lag_6,0.0030203149621863,0.00022689494179985558,0.0034014118490967187,0.000876058541416781
2011-12-01,2012-01-01,lag_7,0.0012053529354325,0.0006501671707391665,0.0034014118490967187,0.000876058541416781
2011-12-01,2012-01-01,lag_8,-0.0032354993818444,-0.0005129978299748927,0.0034014118490967187,0.000876058541416781
2011-12-01,2012-01-01,lag_9,0.0103489910718046,-0.0005595996872341402,0.0034014118490967187,0.000876058541416781
2011-12-01,2012-01-01,lag_10,-0.003978748128941,-0.0002064639151785741,0.0034014118490967187,0.000876058541416781
2011-12-01,2012-01-01,lag_11,-0.0021083561409289,0.0002677021623253495,0.0034014118490967187,0.000876058541416781
2011-12-01,2012-01-01,volatility_3m,0.0036654332014269294,-4.329902124140972e-05,0.0034014118490967187,0.000876058541416781
2012-01-01,2012-02-01,lag_0,0.0059465566157381,-6.136884808313425e-05,-0.00024497276940271443,0.0008698976970537987
2012-01-01,2012-02-01,lag_1,0.0052922619015616,0.0006552923654265896,-0.00024497276940271443,0.0008698976970537987
2012-01-01,2012-02-01,lag_2,-8.659124192433865e-05,-0.0007763229287667173,-0.00024497276940271443,0.0008698976970537987
2012-01-01,2012-02-01,lag_3,0.0069164365872342,0.000277654930467861,-0.00024497276940271443,0.0008698976970537987
2012-01-01,2012-02-01,lag_4,-0.0008274225944706,-0.000750746130402149,-0.00024497276940271443,0.0008698976970537987
2012-01-01,2012-02-01,lag_5,0.0067284438160486,-0.0005513904884492149,-0.00024497276940271443,0.0008698976970537987
2012-01-01,2012-02-01,lag_6,0.0049150558673387,0.00017146759803040367,-0.00024497276940271443,0.0008698976970537987
2012-01-01,2012-02-01,lag_7,0.0030203149621863,0.0004141925306862504,-0.00024497276940271443,0.0008698976970537987
2012-01-01,2012-02-01,lag_8,0.0012053529354325,0.0005519088834432751,-0.00024497276940271443,0.0008698976970537987
2012-01-01,2012-02-01,lag_9,-0.0032354993818444,-0.002187786218981955,-0.00024497276940271443,0.0008698976970537987
2012-01-01,2012-02-01,lag_10,0.0103489910718046,0.00040206390281042557,-0.00024497276940271443,0.0008698976970537987
2012-01-01,2012-02-01,lag_11,-0.003978748128941,0.0006900779612522001,-0.00024497276940271443,0.0008698976970537987
2012-01-01,2012-02-01,volatility_3m,0.0033105648003677744,5.0085987652437325e-05,-0.00024497276940271443,0.0008698976970537987
2012-02-01,2012-03-01,lag_0,0.0032105037842917,2.9660334299705936e-05,0.0029389132912663266,0.0008910595858123099
2012-02-01,2012-03-01,lag_1,0.0059465566157381,0.0012289707072693544,0.0029389132912663266,0.0008910595858123099
2012-02-01,2012-03-01,lag_2,0.0052922619015616,0.0009103850361509558,0.0029389132912663266,0.0008910595858123099
2012-02-01,2012-03-01,lag_3,-8.659124192433865e-05,0.0005337031906501011,0.0029389132912663266,0.0008910595858123099
2012-02-01,2012-03-01,lag_4,0.0069164365872342,0.0003829928109844616,0.0029389132912663266,0.0008910595858123099
2012-02-01,2012-03-01,lag_5,-0.0008274225944706,-0.0001968588031508034,0.0029389132912663266,0.0008910595858123099
2012-02-01,2012-03-01,lag_6,0.0067284438160486,-0.0005689324212994507,0.0029389132912663266,0.0008910595858123099
2012-02-01,2012-03-01,lag_7,0.0049150558673387,-7.492995338679975e-05,0.0029389132912663266,0.0008910595858123099
2012-02-01,2012-03-01,lag_8,0.0030203149621863,0.0006661089140899889,0.0029389132912663266,0.0008910595858123099
2012-02-01,2012-03-01,lag_9,0.0012053529354325,-0.00010071533844438818,0.0029389132912663266,0.0008910595858123099
2012-02-01,2012-03-01,lag_10,-0.0032354993818444,0.0005582421480784205,0.0029389132912663266,0.0008910595858123099
2012-02-01,2012-03-01,lag_11,0.0103489910718046,-0.0004793357411216448,0.0029389132912663266,0.0008910595858123099
2012-02-01,2012-03-01,volatility_3m,0.0014287409100489077,-0.0008414371180566605,0.0029389132912663266,0.0008910595858123099
2012-03-01,2012-04-01,lag_0,-0.0051911748236843,0.0023196120443157043,0.008223949759897405,0.0008019626155256247
2012-03-01,2012-04-01,lag_1,0.0032105037842917,0.0016555803204516906,0.008223949759897405,0.0008019626155256247
2012-03-01,2012-04-01,lag_2,0.0059465566157381,0.0014713242495835743,0.008223949759897405,0.0008019626155256247
2012-03-01,2012-04-01,lag_3,0.0052922619015616,0.0004326637682072487,0.008223949759897405,0.0008019626155256247
2012-03-01,2012-04-01,lag_4,-8.659124192433865e-05,-0.0004980994646803083,0.008223949759897405,0.0008019626155256247
2012-03-01,2012-04-01,lag_5,0.0069164365872342,-0.00020377780619753593,0.008223949759897405,0.0008019626155256247
2012-03-01,2012-04-01,lag_6,-0.0008274225944706,-0.0001723319080872443,0.008223949759897405,0.0008019626155256247
2012-03-01,2012-04-01,lag_7,0.0067284438160486,-9.542790762111509e-05,0.008223949759897405,0.0008019626155256247
2012-03-01,2012-04-01,lag_8,0.0049150558673387,0.00039924433599594525,0.008223949759897405,0.0008019626155256247
2012-03-01,2012-04-01,lag_9,0.0030203149621863,0.0006809670289965197,0.008223949759897405,0.0008019626155256247
2012-03-01,2012-04-01,lag_10,0.0012053529354325,0.0007264066448732365,0.008223949759897405,0.0008019626155256247
2012-03-01,2012-04-01,lag_11,-0.0032354993818444,0.0006603970131357073,0.008223949759897405,0.0008019626155256247
2012-03-01,2012-04-01,volatility_3m,0.005804068259202413,4.542887373361282e-05,0.008223949759897405,0.0008019626155256247
2012-04-01,2012-05-01,lag_0,0.0071677585057825,0.0004962018789225908,0.005132415987511153,0.0008662850983247754
2012-04-01,2012-05-01,lag_1,-0.0051911748236843,-0.00015769751487027862,0.005132415987511153,0.0008662850983247754
2012-04-01,2012-05-01,lag_2,0.0032105037842917,0.0012204068951132286,0.005132415987511153,0.0008662850983247754
2012-04-01,2012-05-01,lag_3,0.0059465566157381,0.0004495926305929743,0.005132415987511153,0.0008662850983247754
2012-04-01,2012-05-01,lag_4,0.0052922619015616,0.00010879923058610075,0.005132415987511153,0.0008662850983247754
2012-04-01,2012-05-01,lag_5,-8.659124192433865e-05,-0.0002476804407157829,0.005132415987511153,0.0008662850983247754
2012-04-01,2012-05-01,lag_6,0.0069164365872342,0.00022990728678109917,0.005132415987511153,0.0008662850983247754
2012-04-01,2012-05-01,lag_7,-0.0008274225944706,-0.0002541602836535617,0.005132415987511153,0.0008662850983247754
2012-04-01,2012-05-01,lag_8,0.0067284438160486,0.00030393469720650044,0.005132415987511153,0.0008662850983247754
2012-04-01,2012-05-01,lag_9,0.0049150558673387,-3.377181261498663e-05,0.005132415987511153,0.0008662850983247754
2012-04-01,2012-05-01,lag_10,0.0030203149621863,0.00039666269689746513,0.005132415987511153,0.0008662850983247754
2012-04-01,2012-05-01,lag_11,0.0012053529354325,-0.00040615020162135804,0.005132415987511153,0.0008662850983247754
2012-04-01,2012-05-01,volatility_3m,0.0063112505549572364,0.0021600859192514575,0.005132415987511153,0.0008662850983247754
2012-05-01,2012-06-01,lag_0,0.0023065483365494,0.00010103181228430457,-0.0028980601874600198,0.0008806420589656641
2012-05-01,2012-06-01,lag_1,0.0071677585057825,0.0007292447188378048,-0.0028980601874600198,0.0008806420589656641
2012-05-01,2012-06-01,lag_2,-0.0051911748236843,-0.0029808248747900733,-0.0028980601874600198,0.0008806420589656641
2012-05-01,2012-06-01,lag_3,0.0032105037842917,-0.0003777695837749206,-0.0028980601874600198,0.0008806420589656641
2012-05-01,2012-06-01,lag_4,0.0059465566157381,0.0007123859773275853,-0.0028980601874600198,0.0008806420589656641
2012-05-01,2012-06-01,lag_5,0.0052922619015616,-0.000828015624198315,-0.0028980601874600198,0.0008806420589656641
2012-05-01,2012-06-01,lag_6,-8.659124192433865e-05,-0.0002773222959268651,-0.0028980601874600198,0.0008806420589656641
2012-05-01,2012-06-01,lag_7,0.0069164365872342,0.00021052452967637692,-0.0028980601874600198,0.0008806420589656641
2012-05-01,2012-06-01,lag_8,-0.0008274225944706,-0.0006506162224934542,-0.0028980601874600198,0.0008806420589656641
2012-05-01,2012-06-01,lag_9,0.0067284438160486,5.529347989750022e-06,-0.0028980601874600198,0.0008806420589656641
2012-05-01,2012-06-01,lag_10,0.0049150558673387,-1.234943918575482e-06,-0.0028980601874600198,0.0008806420589656641
2012-05-01,2012-06-01,lag_11,0.0030203149621863,-0.00033697483036462475,-0.0028980601874600198,0.0008806420589656641
2012-05-01,2012-06-01,volatility_3m,0.006226160533576123,-8.466018284764232e-05,-0.0028980601874600198,0.0008806420589656641
2012-06-01,2012-07-01,lag_0,5.529183852992503e-05,0.0006736947960143879,0.001978762744844367,0.0008135529611981748
2012-06-01,2012-07-01,lag_1,0.0023065483365494,-0.00014229054803251983,0.001978762744844367,0.0008135529611981748
2012-06-01,2012-07-01,lag_2,0.0071677585057825,0.0017431633314458849,0.001978762744844367,0.0008135529611981748
2012-06-01,2012-07-01,lag_3,-0.0051911748236843,0.00030854015435181735,0.001978762744844367,0.0008135529611981748
2012-06-01,2012-07-01,lag_4,0.0032105037842917,-0.0015223014514424448,0.001978762744844367,0.0008135529611981748
2012-06-01,2012-07-01,lag_5,0.0059465566157381,-0.0006369519007290591,0.001978762744844367,0.0008135529611981748
2012-06-01,2012-07-01,lag_6,0.0052922619015616,9.142218046633843e-05,0.001978762744844367,0.0008135529611981748
2012-06-01,2012-07-01,lag_7,-8.659124192433865e-05,-0.0005585735279828441,0.001978762744844367,0.0008135529611981748
2012-06-01,2012-07-01,lag_8,0.0069164365872342,0.0009415636965681528,0.001978762744844367,0.0008135529611981748
2012-06-01,2012-07-01,lag_9,-0.0008274225944706,0.0009748672075954801,0.001978762744844367,0.0008135529611981748
2012-06-01,2012-07-01,lag_10,0.0067284438160486,-0.0008087710529349579,0.001978762744844367,0.0008135529611981748
2012-06-01,2012-07-01,lag_11,0.0049150558673387,0.00024432918079980937,0.001978762744844367,0.0008135529611981748
2012-06-01,2012-07-01,volatility_3m,0.0036351685477225854,-0.00014348229542292756,0.001978762744844367,0.0008135529611981748
2012-07-01,2012-08-01,lag_0,0.0020967842001429,0.00014964443977532937,3.3320622997472125e-05,0.000859987317602586
2012-07-01,2012-08-01,lag_1,5.529183852992503e-05,-0.0011495094886888068,3.3320622997472125e-05,0.000859987317602586
2012-07-01,2012-08-01,lag_2,0.0023065483365494,-3.215689520175147e-05,3.3320622997472125e-05,0.000859987317602586
2012-07-01,2012-08-01,lag_3,0.0071677585057825,0.0003863653348503249,3.3320622997472125e-05,0.000859987317602586
2012-07-01,2012-08-01,lag_4,-0.0051911748236843,0.0007843647086815508,3.3320622997472125e-05,0.000859987317602586
2012-07-01,2012-08-01,lag_5,0.0032105037842917,-0.00015791824052143965,3.3320622997472125e-05,0.000859987317602586
2012-07-01,2012-08-01,lag_6,0.0059465566157381,7.817034592719096e-05,3.3320622997472125e-05,0.000859987317602586
2012-07-01,2012-08-01,lag_7,0.0052922619015616,0.0005814062234486528,3.3320622997472125e-05,0.000859987317602586
2012-07-01,2012-08-01,lag_8,-8.659124192433865e-05,5.1053468984036956e-05,3.3320622997472125e-05,0.000859987317602586
2012-07-01,2012-08-01,lag_9,0.0069164365872342,-0.0004804084518787022,3.3320622997472125e-05,0.000859987317602586
2012-07-01,2012-08-01,lag_10,-0.0008274225944706,0.0002319610211941381,3.3320622997472125e-05,0.000859987317602586
2012-07-01,2012-08-01,lag_11,0.0067284438160486,0.00018372908998401272,3.3320622997472125e-05,0.000859987317602586
2012-07-01,2012-08-01,volatility_3m,0.001243640346946643,-0.0014533683964208421,3.3320622997472125e-05,0.000859987317602586
2012-08-01,2012-09-01,lag_0,-0.0042882704697033,0.001238363941320131,0.002757965086057958,0.0007908557787761592
2012-08-01,2012-09-01,lag_1,0.0020967842001429,-0.0003815215086979151,0.002757965086057958,0.0007908557787761592
2012-08-01,2012-09-01,lag_2,5.529183852992503e-05,-0.0010224869507965196,0.002757965086057958,0.0007908557787761592
2012-08-01,2012-09-01,lag_3,0.0023065483365494,-0.0004957941992842052,0.002757965086057958,0.0007908557787761592
2012-08-01,2012-09-01,lag_4,0.0071677585057825,0.0009285767450819549,0.002757965086057958,0.0007908557787761592
2012-08-01,2012-09-01,lag_5,-0.0051911748236843,0.0010289109620805449,0.002757965086057958,0.0007908557787761592
2012-08-01,2012-09-01,lag_6,0.0032105037842917,-0.00021390726684103356,0.002757965086057958,0.0007908557787761592
2012-08-01,2012-09-01,lag_7,0.0059465566157381,0.0010778329313083646,0.002757965086057958,0.0007908557787761592
2012-08-01,2012-09-01,lag_8,0.0052922619015616,0.0006372821003995454,0.002757965086057958,0.0007908557787761592
2012-08-01,2012-09-01,lag_9,-8.659124192433865e-05,-0.0003348136415041836,0.002757965086057958,0.0007908557787761592
2012-08-01,2012-09-01,lag_10,0.0069164365872342,-0.0002808474757387103,0.002757965086057958,0.0007908557787761592
2012-08-01,2012-09-01,lag_11,-0.0008274225944706,-8.497991060039567e-05,0.002757965086057958,0.0007908557787761592
2012-08-01,2012-09-01,volatility_3m,0.0032609596676682266,-0.00012950634470541898,0.002757965086057958,0.0007908557787761592
2012-09-01,2012-10-01,lag_0,-0.000733960055224,0.00163702107073334,0.002160601914160481,0.0007418076653518303
2012-09-01,2012-10-01,lag_1,-0.0042882704697033,-0.0017272443092400636,0.002160601914160481,0.0007418076653518303
2012-09-01,2012-10-01,lag_2,0.0020967842001429,0.0006037409512236991,0.002160601914160481,0.0007418076653518303
2012-09-01,2012-10-01,lag_3,5.529183852992503e-05,0.00027245790355266307,0.002160601914160481,0.0007418076653518303
2012-09-01,2012-10-01,lag_4,0.0023065483365494,0.0005216960276285931,0.002160601914160481,0.0007418076653518303
2012-09-01,2012-10-01,lag_5,0.0071677585057825,-0.0002721501641249802,0.002160601914160481,0.0007418076653518303
2012-09-01,2012-10-01,lag_6,-0.0051911748236843,-0.0011715959664331877,0.002160601914160481,0.0007418076653518303
2012-09-01,2012-10-01,lag_7,0.0032105037842917,0.0010514928021098059,0.002160601914160481,0.0007418076653518303
2012-09-01,2012-10-01,lag_8,0.0059465566157381,0.00025003576914457427,0.002160601914160481,0.0007418076653518303
2012-09-01,2012-10-01,lag_9,0.0052922619015616,4.254230511605783e-05,0.002160601914160481,0.0007418076653518303
2012-09-01,2012-10-01,lag_10,-8.659124192433865e-05,0.00040795824187554784,0.002160601914160481,0.0007418076653518303
2012-09-01,2012-10-01,lag_11,0.0069164365872342,-5.401438232240707e-05,0.002160601914160481,0.0007418076653518303
2012-09-01,2012-10-01,volatility_3m,0.003199353025709351,-0.000143145973860328,0.002160601914160481,0.0007418076653518303
2012-10-01,2012-11-01,lag_0,0.0034679632891858,8.173543374027758e-05,-0.004442030152786375,0.0008188437928828449
2012-10-01,2012-11-01,lag_1,-0.000733960055224,-0.0011375438184137465,-0.004442030152786375,0.0008188437928828449
2012-10-01,2012-11-01,lag_2,-0.0042882704697033,-0.002204639203854981,-0.004442030152786375,0.0008188437928828449
2012-10-01,2012-11-01,lag_3,0.0020967842001429,-0.00013443226881634018,-0.004442030152786375,0.0008188437928828449
2012-10-01,2012-11-01,lag_4,5.529183852992503e-05,-0.00018738913423192117,-0.004442030152786375,0.0008188437928828449
2012-10-01,2012-11-01,lag_5,0.0023065483365494,-0.0009164490405436254,-0.004442030152786375,0.0008188437928828449
2012-10-01,2012-11-01,lag_6,0.0071677585057825,-0.00048681164574219336,-0.004442030152786375,0.0008188437928828449
2012-10-01,2012-11-01,lag_7,-0.0051911748236843,-0.0007767231971780575,-0.004442030152786375,0.0008188437928828449
2012-10-01,2012-11-01,lag_8,0.0032105037842917,0.0004678556106591714,-0.004442030152786375,0.0008188437928828449
2012-10-01,2012-11-01,lag_9,0.0059465566157381,0.0002329757528885068,-0.004442030152786375,0.0008188437928828449
2012-10-01,2012-11-01,lag_10,0.0052922619015616,0.00018190204380289288,-0.004442030152786375,0.0008188437928828449
2012-10-01,2012-11-01,lag_11,-8.659124192433865e-05,-0.00010362410349785023,-0.004442030152786375,0.0008188437928828449
2012-10-01,2012-11-01,volatility_3m,0.003882620344503245,-0.00027773038015197924,-0.004442030152786375,0.0008188437928828449
2012-11-01,2012-12-01,lag_0,0.0036609386281414,0.001256419444285939,0.0026113936767971496,0.0007708323741667995
2012-11-01,2012-12-01,lag_1,0.0034679632891858,0.0010146639223009401,0.0026113936767971496,0.0007708323741667995
2012-11-01,2012-12-01,lag_2,-0.000733960055224,-0.0004931446775393055,0.0026113936767971496,0.0007708323741667995
2012-11-01,2012-12-01,lag_3,-0.0042882704697033,0.00036564146558418995,0.0026113936767971496,0.0007708323741667995
2012-11-01,2012-12-01,lag_4,0.0020967842001429,-0.0003914968879325897,0.0026113936767971496,0.0007708323741667995
2012-11-01,2012-12-01,lag_5,5.529183852992503e-05,-0.00032784207141943965,0.0026113936767971496,0.0007708323741667995
2012-11-01,2012-12-01,lag_6,0.0023065483365494,-0.0002557687418374144,0.0026113936767971496,0.0007708323741667995
2012-11-01,2012-12-01,lag_7,0.0071677585057825,0.0008274830506911713,0.0026113936767971496,0.0007708323741667995
2012-11-01,2012-12-01,lag_8,-0.0051911748236843,-0.00040756975040721953,0.0026113936767971496,0.0007708323741667995
2012-11-01,2012-12-01,lag_9,0.0032105037842917,0.0002664301333422259,0.0026113936767971496,0.0007708323741667995
2012-11-01,2012-12-01,lag_10,0.0059465566157381,0.0006748034764331123,0.0026113936767971496,0.0007708323741667995
2012-11-01,2012-12-01,lag_11,0.0052922619015616,-0.0002155426233724711,0.0026113936767971496,0.0007708323741667995
2012-11-01,2012-12-01,volatility_3m,0.0024835637603649314,-0.0004735154025581778,0.0026113936767971496,0.0007708323741667995
2012-12-01,2013-01-01,lag_0,0.0023667469005932,-1.1877096571311085e-06,0.003282765739667671,0.0007600354770867359
2012-12-01,2013-01-01,lag_1,0.0036609386281414,0.0004696085345665324,0.003282765739667671,0.0007600354770867359
2012-12-01,2013-01-01,lag_2,0.0034679632891858,0.00023553082101898326,0.003282765739667671,0.0007600354770867359
2012-12-01,2013-01-01,lag_3,-0.000733960055224,0.0002549555482622168,0.003282765739667671,0.0007600354770867359
2012-12-01,2013-01-01,lag_4,-0.0042882704697033,-0.0002411814943819479,0.003282765739667671,0.0007600354770867359
2012-12-01,2013-01-01,lag_5,0.0020967842001429,-7.327408060234575e-05,0.003282765739667671,0.0007600354770867359
2012-12-01,2013-01-01,lag_6,5.529183852992503e-05,4.3683117653472436e-05,0.003282765739667671,0.0007600354770867359
2012-12-01,2013-01-01,lag_7,0.0023065483365494,0.00042779705797556743,0.003282765739667671,0.0007600354770867359
2012-12-01,2013-01-01,lag_8,0.0071677585057825,0.0012567487951383781,0.003282765739667671,0.0007600354770867359
2012-12-01,2013-01-01,lag_9,-0.0051911748236843,0.0012783324398384366,0.003282765739667671,0.0007600354770867359
2012-12-01,2013-01-01,lag_10,0.0032105037842917,0.0009798723363049079,0.003282765739667671,0.0007600354770867359
2012-12-01,2013-01-01,lag_11,0.0059465566157381,-0.0002850067206583162,0.003282765739667671,0.0007600354770867359
2012-12-01,2013-01-01,volatility_3m,0.0006981940088070257,-0.001823148359618756,0.003282765739667671,0.0007600354770867359
2013-01-01,2013-02-01,lag_0,0.0002451126233573,0.00026512214354568187,-0.0013596821154101167,0.0007740232994326065
2013-01-01,2013-02-01,lag_1,0.0023667469005932,-5.7789241970738204e-05,-0.0013596821154101167,0.0007740232994326065
2013-01-01,2013-02-01,lag_2,0.0036609386281414,0.0007655387705472094,-0.0013596821154101167,0.0007740232994326065
2013-01-01,2013-02-01,lag_3,0.0034679632891858,-0.00033221748150054966,-0.0013596821154101167,0.0007740232994326065
2013-01-01,2013-02-01,lag_4,-0.000733960055224,-0.0007748580049451448,-0.0013596821154101167,0.0007740232994326065
2013-01-01,2013-02-01,lag_5,-0.0042882704697033,0.0005873677903520048,-0.0013596821154101167,0.0007740232994326065
2013-01-01,2013-02-01,lag_6,0.0020967842001429,-0.00036166749618189443,-0.0013596821154101167,0.0007740232994326065
2013-01-01,2013-02-01,lag_7,5.529183852992503e-05,-0.00013151969058611713,-0.0013596821154101167,0.0007740232994326065
2013-01-01,2013-02-01,lag_8,0.0023065483365494,0.0006925303757145684,-0.0013596821154101167,0.0007740232994326065
2013-01-01,2013-02-01,lag_9,0.0071677585057825,-0.0005205984978391598,-0.0013596821154101167,0.0007740232994326065
2013-01-01,2013-02-01,lag_10,-0.0051911748236843,-0.0010529364526547624,-0.0013596821154101167,0.0007740232994326065
2013-01-01,2013-02-01,lag_11,0.0032105037842917,-0.0003158671571515015,-0.0013596821154101167,0.0007740232994326065
2013-01-01,2013-02-01,volatility_3m,0.0017245352769638066,-0.0008968106182626911,-0.0013596821154101167,0.0007740232994326065
2013-02-01,2013-03-01,lag_0,0.0046660051793319,0.001115001431845144,-0.001401660048267752,0.00069456757404973
2013-02-01,2013-03-01,lag_1,0.0002451126233573,-0.0014962459341495559,-0.001401660048267752,0.00069456757404973
2013-02-01,2013-03-01,lag_2,0.0023667469005932,0.00038557103286649406,-0.001401660048267752,0.00069456757404973
2013-02-01,2013-03-01,lag_3,0.0036609386281414,-0.0007377329370712004,-0.001401660048267752,0.00069456757404973
2013-02-01,2013-03-01,lag_4,0.0034679632891858,-0.0009387397864321655,-0.001401660048267752,0.00069456757404973
2013-02-01,2013-03-01,lag_5,-0.000733960055224,-0.00016103116972288945,-0.001401660048267752,0.00069456757404973
2013-02-01,2013-03-01,lag_6,-0.0042882704697033,-0.00020886182944707343,-0.001401660048267752,0.00069456757404973
2013-02-01,2013-03-01,lag_7,0.0020967842001429,0.0003697486629121727,-0.001401660048267752,0.00069456757404973
2013-02-01,2013-03-01,lag_8,5.529183852992503e-05,0.00037293251108621916,-0.001401660048267752,0.00069456757404973
2013-02-01,2013-03-01,lag_9,0.0023065483365494,-0.0005071797581911141,-0.001401660048267752,0.00069456757404973
2013-02-01,2013-03-01,lag_10,0.0071677585057825,-0.0006622024042852104,-0.001401660048267752,0.00069456757404973
2013-02-01,2013-03-01,lag_11,-0.0051911748236843,0.0009214691693878763,-0.001401660048267752,0.00069456757404973
2013-02-01,2013-03-01,volatility_3m,0.0022110409173871923,-0.0005489566020656867,-0.001401660048267752,0.00069456757404973
2013-03-01,2013-04-01,lag_0,0.0040204876513261,0.0009637791241061677,-0.0010604760712634915,0.000723987201398433
2013-03-01,2013-04-01,lag_1,0.0046660051793319,0.000368154143116044,-0.0010604760712634915,0.000723987201398433
2013-03-01,2013-04-01,lag_2,0.0002451126233573,-0.0013459964895190524,-0.0010604760712634915,0.000723987201398433
2013-03-01,2013-04-01,lag_3,0.0023667469005932,-0.0001392921742569797,-0.0010604760712634915,0.000723987201398433
2013-03-01,2013-04-01,lag_4,0.0036609386281414,-0.0003138072309400286,-0.0010604760712634915,0.000723987201398433
2013-03-01,2013-04-01,lag_5,0.0034679632891858,-0.0006802020511997853,-0.0010604760712634915,0.000723987201398433
2013-03-01,2013-04-01,lag_6,-0.000733960055224,0.00024582384177165297,-0.0010604760712634915,0.000723987201398433
2013-03-01,2013-04-01,lag_7,-0.0042882704697033,-0.0013864318255110675,-0.0010604760712634915,0.000723987201398433
2013-03-01,2013-04-01,lag_8,0.0020967842001429,0.00050542506332647,-0.0010604760712634915,0.000723987201398433
2013-03-01,2013-04-01,lag_9,5.529183852992503e-05,-0.0002238010100631982,-0.0010604760712634915,0.000723987201398433
2013-03-01,2013-04-01,lag_10,0.0023065483365494,0.000662442356945121,-0.0010604760712634915,0.000723987201398433
2013-03-01,2013-04-01,lag_11,0.0071677585057825,-8.571432923559996e-05,-0.0010604760712634915,0.000723987201398433
2013-03-01,2013-04-01,volatility_3m,0.00238797126142132,-0.00035484267677418304,-0.0010604760712634915,0.000723987201398433
2013-04-01,2013-05-01,lag_0,-0.0008633445250438,0.0015766028689961332,0.0008632780245086267,0.0006349261875961454
2013-04-01,2013-05-01,lag_1,0.0040204876513261,0.0008988175330233617,0.0008632780245086267,0.0006349261875961454
2013-04-01,2013-05-01,lag_2,0.0046660051793319,0.0006520213045291712,0.0008632780245086267,0.0006349261875961454
2013-04-01,2013-05-01,lag_3,0.0002451126233573,9.102019570377706e-05,0.0008632780245086267,0.0006349261875961454
2013-04-01,2013-05-01,lag_4,0.0023667469005932,0.0010718490821352588,0.0008632780245086267,0.0006349261875961454
2013-04-01,2013-05-01,lag_5,0.0036609386281414,-0.0003477331102669723,0.0008632780245086267,0.0006349261875961454
2013-04-01,2013-05-01,lag_6,0.0034679632891858,-0.0006192187522356108,0.0008632780245086267,0.0006349261875961454
2013-04-01,2013-05-01,lag_7,-0.000733960055224,-0.0006821022357968332,0.0008632780245086267,0.0006349261875961454
2013-04-01,2013-05-01,lag_8,-0.0042882704697033,-0.0013064175503865272,0.0008632780245086267,0.0006349261875961454
2013-04-01,2013-05-01,lag_9,0.0020967842001429,-0.00017929024693330575,0.0008632780245086267,0.0006349261875961454
2013-04-01,2013-05-01,lag_10,5.529183852992503e-05,-0.0004883251564899637,0.0008632780245086267,0.0006349261875961454
2013-04-01,2013-05-01,lag_11,0.0023065483365494,-0.00017832153207791634,0.0008632780245086267,0.0006349261875961454
2013-04-01,2013-05-01,volatility_3m,0.003023304421743101,-0.0002605505887089521,0.0008632780245086267,0.0006349261875961454
2013-05-01,2013-06-01,lag_0,0.0007806732341153,0.0005433713577843946,0.0027266783495183385,0.0006307757172991075
2013-05-01,2013-06-01,lag_1,-0.0008633445250438,-0.0010358301895684009,0.0027266783495183385,0.0006307757172991075
2013-05-01,2013-06-01,lag_2,0.0040204876513261,0.0011665420624896684,0.0027266783495183385,0.0006307757172991075
2013-05-01,2013-06-01,lag_3,0.0046660051793319,0.0001553715112959253,0.0027266783495183385,0.0006307757172991075
2013-05-01,2013-06-01,lag_4,0.0002451126233573,0.0003902556724511896,0.0027266783495183385,0.0006307757172991075
2013-05-01,2013-06-01,lag_5,0.0023667469005932,-0.0005043210832326395,0.0027266783495183385,0.0006307757172991075
2013-05-01,2013-06-01,lag_6,0.0036609386281414,-0.0003475260375182643,0.0027266783495183385,0.0006307757172991075
2013-05-01,2013-06-01,lag_7,0.0034679632891858,0.00048592785095195266,0.0027266783495183385,0.0006307757172991075
2013-05-01,2013-06-01,lag_8,-0.000733960055224,-0.00010984010910235042,0.0027266783495183385,0.0006307757172991075
2013-05-01,2013-06-01,lag_9,-0.0042882704697033,0.0005959057899673325,0.0027266783495183385,0.0006307757172991075
2013-05-01,2013-06-01,lag_10,0.0020967842001429,0.0008266539370737292,0.0027266783495183385,0.0006307757172991075
2013-05-01,2013-06-01,lag_11,5.529183852992503e-05,0.00033150864126554327,0.0027266783495183385,0.0006307757172991075
2013-05-01,2013-06-01,volatility_3m,0.002484988550521693,-0.0004021167083931232,0.0027266783495183385,0.0006307757172991075
2013-06-01,2013-07-01,lag_0,0.0020727838311218,0.0003646954588839435,-3.871843277178407e-05,0.0011506079371063555
2013-06-01,2013-07-01,lag_1,0.0007806732341153,-0.0004936496642767451,-3.871843277178407e-05,0.0011506079371063555
2013-06-01,2013-07-01,lag_2,-0.0008633445250438,-0.0008127559617423685,-3.871843277178407e-05,0.0011506079371063555
2013-06-01,2013-07-01,lag_3,0.0040204876513261,-1.9509010417095852e-05,-3.871843277178407e-05,0.0011506079371063555
2013-06-01,2013-07-01,lag_4,0.0046660051793319,4.486925427045207e-05,-3.871843277178407e-05,0.0011506079371063555
2013-06-01,2013-07-01,lag_5,0.0002451126233573,-0.00026303905296117593,-3.871843277178407e-05,0.0011506079371063555
2013-06-01,2013-07-01,lag_6,0.0023667469005932,-2.1515909174922854e-05,-3.871843277178407e-05,0.0011506079371063555
2013-06-01,2013-07-01,lag_7,0.0036609386281414,0.00010240910869924847,-3.871843277178407e-05,0.0011506079371063555
2013-06-01,2013-07-01,lag_8,0.0034679632891858,0.00046441788337688196,-3.871843277178407e-05,0.0011506079371063555
2013-06-01,2013-07-01,lag_9,-0.000733960055224,0.00018403582338578418,-3.871843277178407e-05,0.0011506079371063555
2013-06-01,2013-07-01,lag_10,-0.0042882704697033,-0.00034680455130001067,-3.871843277178407e-05,0.0011506079371063555
2013-06-01,2013-07-01,lag_11,0.0020967842001429,-4.889511576038785e-05,-3.871843277178407e-05,0.0011506079371063555
2013-06-01,2013-07-01,volatility_3m,0.0014715747750401445,-0.0003435846525326269,-3.871843277178407e-05,0.0011506079371063555
2013-07-01,2013-08-01,lag_0,-0.0031067520457499,-0.0003189080314405146,0.0015552350585462608,0.0010864727122414013
2013-07-01,2013-08-01,lag_1,0.0020727838311218,-0.000331468364711327,0.0015552350585462608,0.0010864727122414013
2013-07-01,2013-08-01,lag_2,0.0007806732341153,-0.00029976462657941736,0.0015552350585462608,0.0010864727122414013
2013-07-01,2013-08-01,lag_3,-0.0008633445250438,2.5252474479202647e-05,0.0015552350585462608,0.0010864727122414013
2013-07-01,2013-08-01,lag_4,0.0040204876513261,-0.0002485646119475859,0.0015552350585462608,0.0010864727122414013
2013-07-01,2013-08-01,lag_5,0.0046660051793319,-0.00015896211892140854,0.0015552350585462608,0.0010864727122414013
2013-07-01,2013-08-01,lag_6,0.0002451126233573,-5.079585548628529e-05,0.0015552350585462608,0.0010864727122414013
2013-07-01,2013-08-01,lag_7,0.0023667469005932,0.0001788520063928445,0.0015552350585462608,0.0010864727122414013
2013-07-01,2013-08-01,lag_8,0.0036609386281414,0.0007525473827990936,0.0015552350585462608,0.0010864727122414013
2013-07-01,2013-08-01,lag_9,0.0034679632891858,0.00017384747312462423,0.0015552350585462608,0.0010864727122414013
2013-07-01,2013-08-01,lag_10,-0.000733960055224,0.00011506539089168654,0.0015552350585462608,0.0010864727122414013
2013-07-01,2013-08-01,lag_11,-0.0042882704697033,0.0007789969754594494,0.0015552350585462608,0.0010864727122414013
2013-07-01,2013-08-01,volatility_3m,0.002695960465870887,-0.00014733567687471804,0.0015552350585462608,0.0010864727122414013
2013-08-01,2013-09-01,lag_0,0.0057654622391307,0.0008954068952152738,0.0006850065841865673,0.0011532263914824457
2013-08-01,2013-09-01,lag_1,-0.0031067520457499,-0.0012946884529264934,0.0006850065841865673,0.0011532263914824457
2013-08-01,2013-09-01,lag_2,0.0020727838311218,0.0004007667476980714,0.0006850065841865673,0.0011532263914824457
2013-08-01,2013-09-01,lag_3,0.0007806732341153,-0.00028245729445188774,0.0006850065841865673,0.0011532263914824457
2013-08-01,2013-09-01,lag_4,-0.0008633445250438,-0.00023387012049170153,0.0006850065841865673,0.0011532263914824457
2013-08-01,2013-09-01,lag_5,0.0040204876513261,-0.00020148503288510255,0.0006850065841865673,0.0011532263914824457
2013-08-01,2013-09-01,lag_6,0.0046660051793319,0.00012235170315761935,0.0006850065841865673,0.0011532263914824457
2013-08-01,2013-09-01,lag_7,0.0002451126233573,-0.00038837038190649766,0.0006850065841865673,0.0011532263914824457
2013-08-01,2013-09-01,lag_8,0.0023667469005932,0.00047547587378176103,0.0006850065841865673,0.0011532263914824457
2013-08-01,2013-09-01,lag_9,0.0036609386281414,0.0003910073139832093,0.0006850065841865673,0.0011532263914824457
2013-08-01,2013-09-01,lag_10,0.0034679632891858,0.0001969058650684019,0.0006850065841865673,0.0011532263914824457
2013-08-01,2013-09-01,lag_11,-0.000733960055224,-0.0001666898936673533,0.0006850065841865673,0.0011532263914824457
2013-08-01,2013-09-01,volatility_3m,0.004456823458503743,-0.00038257304833678063,0.0006850065841865673,0.0011532263914824457
2013-09-01,2013-10-01,lag_0,0.0050716945710824,0.0004900075944988203,0.0015215704228495124,0.0010564217510481491
2013-09-01,2013-10-01,lag_1,0.0057654622391307,0.0009503536430747772,0.0015215704228495124,0.0010564217510481491
2013-09-01,2013-10-01,lag_2,-0.0031067520457499,-0.0005714978289688589,0.0015215704228495124,0.0010564217510481491
2013-09-01,2013-10-01,lag_3,0.0020727838311218,5.332233797162189e-05,0.0015215704228495124,0.0010564217510481491
2013-09-01,2013-10-01,lag_4,0.0007806732341153,-0.00014495055592306016,0.0015215704228495124,0.0010564217510481491
2013-09-01,2013-10-01,lag_5,-0.0008633445250438,-0.0003573967125521449,0.0015215704228495124,0.0010564217510481491
2013-09-01,2013-10-01,lag_6,0.0040204876513261,-6.0676187422359365e-06,0.0015215704228495124,0.0010564217510481491
2013-09-01,2013-10-01,lag_7,0.0046660051793319,0.00015588164326800326,0.0015215704228495124,0.0010564217510481491
2013-09-01,2013-10-01,lag_8,0.0002451126233573,0.0003101060253584365,0.0015215704228495124,0.0010564217510481491
2013-09-01,2013-10-01,lag_9,0.0023667469005932,-0.00012377359260426602,0.0015215704228495124,0.0010564217510481491
2013-09-01,2013-10-01,lag_10,0.0036609386281414,-4.3450787416077216e-06,0.0015215704228495124,0.0010564217510481491
2013-09-01,2013-10-01,lag_11,0.0034679632891858,-0.00018095835599524435,0.0015215704228495124,0.0010564217510481491
2013-09-01,2013-10-01,volatility_3m,0.004934309964565195,-0.00010553283224908228,0.0015215704228495124,0.0010564217510481491
2013-10-01,2013-11-01,lag_0,-0.0007890413557394,8.384101426145207e-05,0.002336590344587322,0.0010515107965949136
2013-10-01,2013-11-01,lag_1,0.0050716945710824,0.0008572776583605446,0.002336590344587322,0.0010515107965949136
2013-10-01,2013-11-01,lag_2,0.0057654622391307,0.00047710092025226913,0.002336590344587322,0.0010515107965949136
2013-10-01,2013-11-01,lag_3,-0.0031067520457499,-0.00024647925300996576,0.002336590344587322,0.0010515107965949136
2013-10-01,2013-11-01,lag_4,0.0020727838311218,-0.00029529838831876987,0.002336590344587322,0.0010515107965949136
2013-10-01,2013-11-01,lag_5,0.0007806732341153,-0.00016919928192692167,0.002336590344587322,0.0010515107965949136
2013-10-01,2013-11-01,lag_6,-0.0008633445250438,8.78166619077092e-05,0.002336590344587322,0.0010515107965949136
2013-10-01,2013-11-01,lag_7,0.0040204876513261,0.00012013616112881209,0.002336590344587322,0.0010515107965949136
2013-10-01,2013-11-01,lag_8,0.0046660051793319,0.00032145820185178306,0.002336590344587322,0.0010515107965949136
2013-10-01,2013-11-01,lag_9,0.0002451126233573,-0.00010609541473513673,0.002336590344587322,0.0010515107965949136
2013-10-01,2013-11-01,lag_10,0.0023667469005932,0.0002154587785480544,0.002336590344587322,0.0010515107965949136
2013-10-01,2013-11-01,lag_11,0.0036609386281414,-0.00015958871532347984,0.002336590344587322,0.0010515107965949136
2013-10-01,2013-11-01,volatility_3m,0.003600718830000801,9.86511859264283e-05,0.002336590344587322,0.0010515107965949136
2013-11-01,2013-12-01,lag_0,0.0023333600077277,0.0004149432783196971,0.0013479788770403853,0.0010859705384256037
2013-11-01,2013-12-01,lag_1,-0.0007890413557394,-0.0008076678121688019,0.0013479788770403853,0.0010859705384256037
2013-11-01,2013-12-01,lag_2,0.0050716945710824,0.0006783679644286166,0.0013479788770403853,0.0010859705384256037
2013-11-01,2013-12-01,lag_3,0.0057654622391307,0.00010517468752368586,0.0013479788770403853,0.0010859705384256037
2013-11-01,2013-12-01,lag_4,-0.0031067520457499,-0.00028052173332071106,0.0013479788770403853,0.0010859705384256037
2013-11-01,2013-12-01,lag_5,0.0020727838311218,-0.0002139062464084418,0.0013479788770403853,0.0010859705384256037
2013-11-01,2013-12-01,lag_6,0.0007806732341153,2.981663765240228e-05,0.0013479788770403853,0.0010859705384256037
2013-11-01,2013-12-01,lag_7,-0.0008633445250438,-0.00036397154682163093,0.0013479788770403853,0.0010859705384256037
2013-11-01,2013-12-01,lag_8,0.0040204876513261,0.00039477230444390443,0.0013479788770403853,0.0010859705384256037
2013-11-01,2013-12-01,lag_9,0.0046660051793319,0.00034631314329089944,0.0013479788770403853,0.0010859705384256037
2013-11-01,2013-12-01,lag_10,0.0002451126233573,1.87628767116621e-05,0.0013479788770403853,0.0010859705384256037
2013-11-01,2013-12-01,lag_11,0.0023667469005932,-8.295459587316145e-05,0.0013479788770403853,0.0010859705384256037
2013-11-01,2013-12-01,volatility_3m,0.002932464607896231,2.287931338287308e-05,0.0013479788770403853,0.0010859705384256037
2013-12-01,2014-01-01,lag_0,0.002008631714113,0.00017787955428502755,0.0003769087967418952,0.001106724656391548
2013-12-01,2014-01-01,lag_1,0.0023333600077277,0.0003080579503603076,0.0003769087967418952,0.001106724656391548
2013-12-01,2014-01-01,lag_2,-0.0007890413557394,-0.00048409947803520483,0.0003769087967418952,0.001106724656391548
2013-12-01,2014-01-01,lag_3,0.0050716945710824,0.00020371998733025975,0.0003769087967418952,0.001106724656391548
2013-12-01,2014-01-01,lag_4,0.0057654622391307,-0.00029608808445118483,0.0003769087967418952,0.001106724656391548
2013-12-01,2014-01-01,lag_5,-0.0031067520457499,-0.0005766184483036341,0.0003769087967418952,0.001106724656391548
2013-12-01,2014-01-01,lag_6,0.0020727838311218,2.4061235162662342e-05,0.0003769087967418952,0.001106724656391548
2013-12-01,2014-01-01,lag_7,0.0007806732341153,2.2676845674141077e-05,0.0003769087967418952,0.001106724656391548
2013-12-01,2014-01-01,lag_8,-0.0008633445250438,-2.9405123414107947e-05,0.0003769087967418952,0.001106724656391548
2013-12-01,2014-01-01,lag_9,0.0040204876513261,0.0002927609941889386,0.0003769087967418952,0.001106724656391548
2013-12-01,2014-01-01,lag_10,0.0046660051793319,-0.00013375945047073402,0.0003769087967418952,0.001106724656391548
2013-12-01,2014-01-01,lag_11,0.0002451126233573,-4.908211456495337e-05,0.0003769087967418952,0.001106724656391548
2013-12-01,2014-01-01,volatility_3m,0.0017166737869609198,-0.0001899197153215937,0.0003769087967418952,0.001106724656391548
2014-01-01,2014-02-01,lag_0,-0.0035639327448748,-0.00015013322917184268,0.002270255989914857,0.0011105278209205302
2014-01-01,2014-02-01,lag_1,0.002008631714113,0.00011068234203776228,0.002270255989914857,0.0011105278209205302
2014-01-01,2014-02-01,lag_2,0.0023333600077277,0.0005436255085987796,0.002270255989914857,0.0011105278209205302
2014-01-01,2014-02-01,lag_3,-0.0007890413557394,0.00023406030777550768,0.002270255989914857,0.0011105278209205302
2014-01-01,2014-02-01,lag_4,0.0050716945710824,-3.40355836578965e-05,0.002270255989914857,0.0011105278209205302
2014-01-01,2014-02-01,lag_5,0.0057654622391307,-4.638340640667593e-05,0.002270255989914857,0.0011105278209205302
2014-01-01,2014-02-01,lag_6,-0.0031067520457499,-7.412073007799336e-05,0.002270255989914857,0.0011105278209205302
2014-01-01,2014-02-01,lag_7,0.0020727838311218,0.0002373181068833219,0.002270255989914857,0.0011105278209205302
2014-01-01,2014-02-01,lag_8,0.0007806732341153,0.0005747372568703213,0.002270255989914857,0.0011105278209205302
2014-01-01,2014-02-01,lag_9,-0.0008633445250438,0.000351397376280147,0.002270255989914857,0.0011105278209205302
2014-01-01,2014-02-01,lag_10,0.0040204876513261,-0.0002546272244217107,0.002270255989914857,0.0011105278209205302
2014-01-01,2014-02-01,lag_11,0.0046660051793319,-0.0003188682307700219,0.002270255989914857,0.0011105278209205302
2014-01-01,2014-02-01,volatility_3m,0.0033150410988941974,-1.3924312024755637e-05,0.002270255989914857,0.0011105278209205302
2014-02-01,2014-03-01,lag_0,0.007528506037616,0.0008782205491479544,0.001974913092322674,0.0011249007040828032
2014-02-01,2014-03-01,lag_1,-0.0035639327448748,-0.0010279306292432012,0.001974913092322674,0.0011249007040828032
2014-02-01,2014-03-01,lag_2,0.002008631714113,0.0010475201112785726,0.001974913092322674,0.0011249007040828032
2014-02-01,2014-03-01,lag_3,0.0023333600077277,5.629937622870784e-05,0.001974913092322674,0.0011249007040828032
2014-02-01,2014-03-01,lag_4,-0.0007890413557394,-2.2988353057371567e-05,0.001974913092322674,0.0011249007040828032
2014-02-01,2014-03-01,lag_5,0.0050716945710824,-0.00011702745308866724,0.001974913092322674,0.0011249007040828032
2014-02-01,2014-03-01,lag_6,0.0057654622391307,3.4642681566765535e-05,0.001974913092322674,0.0011249007040828032
2014-02-01,2014-03-01,lag_7,-0.0031067520457499,-0.0003684733442605648,0.001974913092322674,0.0011249007040828032
2014-02-01,2014-03-01,lag_8,0.0020727838311218,0.0006214447729871608,0.001974913092322674,0.0011249007040828032
2014-02-01,2014-03-01,lag_9,0.0007806732341153,-4.623830454875133e-05,0.001974913092322674,0.0011249007040828032
2014-02-01,2014-03-01,lag_10,-0.0008633445250438,0.00013875013999495423,0.001974913092322674,0.0011249007040828032
2014-02-01,2014-03-01,lag_11,0.0040204876513261,-0.00020277705451917426,0.001974913092322674,0.0011249007040828032
2014-02-01,2014-03-01,volatility_3m,0.0055462402481342805,-0.0001414300945270952,0.001974913092322674,0.0011249007040828032
2014-03-01,2014-04-01,lag_0,0.0096386050748114,0.0013449500512797386,0.0041296251334803375,0.001073947667741558
2014-03-01,2014-04-01,lag_1,0.007528506037616,0.001319599590224243,0.0041296251334803375,0.001073947667741558
2014-03-01,2014-04-01,lag_2,-0.0035639327448748,-0.0009463177386442112,0.0041296251334803375,0.001073947667741558
2014-03-01,2014-04-01,lag_3,0.002008631714113,-0.00011400772380511626,0.0041296251334803375,0.001073947667741558
2014-03-01,2014-04-01,lag_4,0.0023333600077277,-0.00017277825058044981,0.0041296251334803375,0.001073947667741558
2014-03-01,2014-04-01,lag_5,-0.0007890413557394,-5.645700508466689e-05,0.0041296251334803375,0.001073947667741558
2014-03-01,2014-04-01,lag_6,0.0050716945710824,0.00022424671655699058,0.0041296251334803375,0.001073947667741558
2014-03-01,2014-04-01,lag_7,0.0057654622391307,0.0005822948617105794,0.0041296251334803375,0.001073947667741558
2014-03-01,2014-04-01,lag_8,-0.0031067520457499,-0.0005185517075005919,0.0041296251334803375,0.001073947667741558
2014-03-01,2014-04-01,lag_9,0.0020727838311218,-0.0001613239107609843,0.0041296251334803375,0.001073947667741558
2014-03-01,2014-04-01,lag_10,0.0007806732341153,-4.635180989680521e-05,0.0041296251334803375,0.001073947667741558
2014-03-01,2014-04-01,lag_11,-0.0008633445250438,-0.00012678945378866047,0.0041296251334803375,0.001073947667741558
2014-03-01,2014-04-01,volatility_3m,0.0070922695118267485,0.0017271639112823322,0.0041296251334803375,0.001073947667741558
2014-04-01,2014-05-01,lag_0,0.0009672024963487,0.0001587182673483767,0.0025068513176344227,0.0011180135527442247
2014-04-01,2014-05-01,lag_1,0.0096386050748114,0.0008922005639396957,0.0025068513176344227,0.0011180135527442247
2014-04-01,2014-05-01,lag_2,0.007528506037616,0.0010539598512332305,0.0025068513176344227,0.0011180135527442247
2014-04-01,2014-05-01,lag_3,-0.0035639327448748,-0.000290812070506945,0.0025068513176344227,0.0011180135527442247
2014-04-01,2014-05-01,lag_4,0.002008631714113,-0.00010393568571998912,0.0025068513176344227,0.0011180135527442247
2014-04-01,2014-05-01,lag_5,0.0023333600077277,-0.00012686270840276849,0.0025068513176344227,0.0011180135527442247
2014-04-01,2014-05-01,lag_6,-0.0007890413557394,-1.4963775829528458e-05,0.0025068513176344227,0.0011180135527442247
2014-04-01,2014-05-01,lag_7,0.0050716945710824,0.0005195175930657569,0.0025068513176344227,0.0011180135527442247
2014-04-01,2014-05-01,lag_8,0.0057654622391307,8.347723554607001e-05,0.0025068513176344227,0.0011180135527442247
2014-04-01,2014-05-01,lag_9,-0.0031067520457499,-0.0008524760169666478,0.0025068513176344227,0.0011180135527442247
2014-04-01,2014-05-01,lag_10,0.0020727838311218,0.0002387196094059618,0.0025068513176344227,0.0011180135527442247
2014-04-01,2014-05-01,lag_11,0.0007806732341153,-0.0002040483496602974,0.0025068513176344227,0.0011180135527442247
2014-04-01,2014-05-01,volatility_3m,0.004522102106785982,3.534325278451433e-05,0.0025068513176344227,0.0011180135527442247
2014-05-01,2014-06-01,lag_0,0.0038243209715158,0.0011298949609590636,0.0022014610788319163,0.001097726012789632
2014-05-01,2014-06-01,lag_1,0.0009672024963487,-0.0005897918164146177,0.0022014610788319163,0.001097726012789632
2014-05-01,2014-06-01,lag_2,0.0096386050748114,0.0009136956836664468,0.0022014610788319163,0.001097726012789632
2014-05-01,2014-06-01,lag_3,0.007528506037616,2.9073751047690166e-05,0.0022014610788319163,0.001097726012789632
2014-05-01,2014-06-01,lag_4,-0.0035639327448748,-0.00045126247421649167,0.0022014610788319163,0.001097726012789632
2014-05-01,2014-06-01,lag_5,0.002008631714113,-6.821383864007658e-05,0.0022014610788319163,0.001097726012789632
2014-05-01,2014-06-01,lag_6,0.0023333600077277,3.244978823204292e-05,0.0022014610788319163,0.001097726012789632
2014-05-01,2014-06-01,lag_7,-0.0007890413557394,-0.000258303194441396,0.0022014610788319163,0.001097726012789632
2014-05-01,2014-06-01,lag_8,0.0050716945710824,0.0002719551861446234,0.0022014610788319163,0.001097726012789632
2014-05-01,2014-06-01,lag_9,0.0057654622391307,0.00024788525593521626,0.0022014610788319163,0.001097726012789632
2014-05-01,2014-06-01,lag_10,-0.0031067520457499,2.2831810565548948e-05,0.0022014610788319163,0.001097726012789632
2014-05-01,2014-06-01,lag_11,0.0020727838311218,-0.00014063161370359012,0.0022014610788319163,0.001097726012789632
2014-05-01,2014-06-01,volatility_3m,0.004418941206004493,-3.5848432371494707e-05,0.0022014610788319163,0.001097726012789632
2014-06-01,2014-07-01,lag_0,0.0034263137889523,0.0003698140970982422,0.0003449047114704726,0.0008163135996650487
2014-06-01,2014-07-01,lag_1,0.0038243209715158,0.0001890612375876799,0.0003449047114704726,0.0008163135996650487
2014-06-01,2014-07-01,lag_2,0.0009672024963487,0.0002753726369712695,0.0003449047114704726,0.0008163135996650487
2014-06-01,2014-07-01,lag_3,0.0096386050748114,0.0008497643461356574,0.0003449047114704726,0.0008163135996650487
2014-06-01,2014-07-01,lag_4,0.007528506037616,-4.0555894277929385e-05,0.0003449047114704726,0.0008163135996650487
2014-06-01,2014-07-01,lag_5,-0.0035639327448748,-0.0009679634332516684,0.0003449047114704726,0.0008163135996650487
2014-06-01,2014-07-01,lag_6,0.002008631714113,-0.00019431701393159527,0.0003449047114704726,0.0008163135996650487
2014-06-01,2014-07-01,lag_7,0.0023333600077277,0.0001622781954426955,0.0003449047114704726,0.0008163135996650487
2014-06-01,2014-07-01,lag_8,-0.0007890413557394,-0.0005032936142742983,0.0003449047114704726,0.0008163135996650487
2014-06-01,2014-07-01,lag_9,0.0050716945710824,-0.00010135576138281977,0.0003449047114704726,0.0008163135996650487
2014-06-01,2014-07-01,lag_10,0.0057654622391307,-0.000285218304652517,0.0003449047114704726,0.0008163135996650487
2014-06-01,2014-07-01,lag_11,-0.0031067520457499,0.0005923803522455273,0.0003449047114704726,0.0008163135996650487
2014-06-01,2014-07-01,volatility_3m,0.0015475121996247107,-0.0008173756640923102,0.0003449047114704726,0.0008163135996650487
2014-07-01,2014-08-01,lag_0,0.0022187855179991,-5.397132229006729e-05,0.002929234005907056,0.0008174712759492542
2014-07-01,2014-08-01,lag_1,0.0034263137889523,0.0005128123160682207,0.002929234005907056,0.0008174712759492542
2014-07-01,2014-08-01,lag_2,0.0038243209715158,0.0007655223818557033,0.002929234005907056,0.0008174712759492542
2014-07-01,2014-08-01,lag_3,0.0009672024963487,0.00017754022821804937,0.002929234005907056,0.0008174712759492542
2014-07-01,2014-08-01,lag_4,0.0096386050748114,-0.00018868743763732708,0.002929234005907056,0.0008174712759492542
2014-07-01,2014-08-01,lag_5,0.007528506037616,0.000425184867609687,0.002929234005907056,0.0008174712759492542
2014-07-01,2014-08-01,lag_6,-0.0035639327448748,-0.00013649989012378682,0.002929234005907056,0.0008174712759492542
2014-07-01,2014-08-01,lag_7,0.002008631714113,0.0006622044533634153,0.002929234005907056,0.0008174712759492542
2014-07-01,2014-08-01,lag_8,0.0023333600077277,0.0006796302477141581,0.002929234005907056,0.0008174712759492542
2014-07-01,2014-08-01,lag_9,-0.0007890413557394,0.00021060522010145631,0.002929234005907056,0.0008174712759492542
2014-07-01,2014-08-01,lag_10,0.0050716945710824,0.00018866438928398564,0.002929234005907056,0.0008174712759492542
2014-07-01,2014-08-01,lag_11,0.0057654622391307,-0.00012256955372208722,0.002929234005907056,0.0008174712759492542
2014-07-01,2014-08-01,volatility_3m,0.0008360899408379497,-0.0010086730505582864,0.002929234005907056,0.0008174712759492542
2014-08-01,2014-09-01,lag_0,-0.0018898378264742,-0.00011647453718467204,0.002632517679284709,0.0007761529706125077
2014-08-01,2014-09-01,lag_1,0.0022187855179991,1.633193583160164e-05,0.002632517679284709,0.0007761529706125077
2014-08-01,2014-09-01,lag_2,0.0034263137889523,0.0003774026824601151,0.002632517679284709,0.0007761529706125077
2014-08-01,2014-09-01,lag_3,0.0038243209715158,-0.0001492217766349313,0.002632517679284709,0.0007761529706125077
2014-08-01,2014-09-01,lag_4,0.0009672024963487,0.0002956466705342109,0.002632517679284709,0.0007761529706125077
2014-08-01,2014-09-01,lag_5,0.0096386050748114,0.000833519641928433,0.002632517679284709,0.0007761529706125077
2014-08-01,2014-09-01,lag_6,0.007528506037616,-0.00033913083961579105,0.002632517679284709,0.0007761529706125077
2014-08-01,2014-09-01,lag_7,-0.0035639327448748,3.5277724159641365e-05,0.002632517679284709,0.0007761529706125077
2014-08-01,2014-09-01,lag_8,0.002008631714113,0.000869721141956461,0.002632517679284709,0.0007761529706125077
2014-08-01,2014-09-01,lag_9,0.0023333600077277,-2.594578935827485e-05,0.002632517679284709,0.0007761529706125077
2014-08-01,2014-09-01,lag_10,-0.0007890413557394,0.00019755645749853557,0.002632517679284709,0.0007761529706125077
2014-08-01,2014-09-01,lag_11,0.0050716945710824,-0.00011956735827368447,0.002632517679284709,0.0007761529706125077
2014-08-01,2014-09-01,volatility_3m,0.002786885307713732,-1.8751365407183584e-05,0.002632517679284709,0.0007761529706125077
2014-09-01,2014-10-01,lag_0,0.0028693197501494,0.0007408625768164257,0.0009052152679702138,0.0008599200407359897
2014-09-01,2014-10-01,lag_1,-0.0018898378264742,-0.0006613338767760979,0.0009052152679702138,0.0008599200407359897
2014-09-01,2014-10-01,lag_2,0.0022187855179991,0.0005140016936184111,0.0009052152679702138,0.0008599200407359897
2014-09-01,2014-10-01,lag_3,0.0034263137889523,-0.00017679177410315105,0.0009052152679702138,0.0008599200407359897
2014-09-01,2014-10-01,lag_4,0.0038243209715158,-6.417606147635979e-05,0.0009052152679702138,0.0008599200407359897
2014-09-01,2014-10-01,lag_5,0.0009672024963487,-0.00013502116070526426,0.0009052152679702138,0.0008599200407359897
2014-09-01,2014-10-01,lag_6,0.0096386050748114,-1.857990492311501e-05,0.0009052152679702138,0.0008599200407359897
2014-09-01,2014-10-01,lag_7,0.007528506037616,-0.00013954498516113745,0.0009052152679702138,0.0008599200407359897
2014-09-01,2014-10-01,lag_8,-0.0035639327448748,-0.00048339265309948587,0.0009052152679702138,0.0008599200407359897
2014-09-01,2014-10-01,lag_9,0.002008631714113,-4.444802275429538e-05,0.0009052152679702138,0.0008599200407359897
2014-09-01,2014-10-01,lag_10,0.0023333600077277,0.0006415992561193207,0.0009052152679702138,0.0008599200407359897
2014-09-01,2014-10-01,lag_11,-0.0007890413557394,-0.0001305761528749372,0.0009052152679702138,0.0008599200407359897
2014-09-01,2014-10-01,volatility_3m,0.0025804896632578653,2.6963376831190542e-06,0.0009052152679702138,0.0008599200407359897
2014-10-01,2014-11-01,lag_0,0.0001193360840261,0.0006749529138713228,0.0009541637684650241,0.0007473812494638918
2014-10-01,2014-11-01,lag_1,0.0028693197501494,0.0009119411522146947,0.0009541637684650241,0.0007473812494638918
2014-10-01,2014-11-01,lag_2,-0.0018898378264742,-0.0010694792835369072,0.0009541637684650241,0.0007473812494638918
2014-10-01,2014-11-01,lag_3,0.0022187855179991,-0.000486638751551709,0.0009541637684650241,0.0007473812494638918
2014-10-01,2014-11-01,lag_4,0.0034263137889523,-0.0008612410983272412,0.0009541637684650241,0.0007473812494638918
2014-10-01,2014-11-01,lag_5,0.0038243209715158,0.00040609238441788873,0.0009541637684650241,0.0007473812494638918
2014-10-01,2014-11-01,lag_6,0.0009672024963487,0.00013763478112991835,0.0009541637684650241,0.0007473812494638918
2014-10-01,2014-11-01,lag_7,0.0096386050748114,-0.00019848236587677093,0.0009541637684650241,0.0007473812494638918
2014-10-01,2014-11-01,lag_8,0.007528506037616,0.0003809412397822598,0.0009541637684650241,0.0007473812494638918
2014-10-01,2014-11-01,lag_9,-0.0035639327448748,-8.812865570064333e-05,0.0009541637684650241,0.0007473812494638918
2014-10-01,2014-11-01,lag_10,0.002008631714113,0.00036868810657708195,0.0009541637684650241,0.0007473812494638918
2014-10-01,2014-11-01,lag_11,0.0023333600077277,-0.00027962028998899767,0.0009541637684650241,0.0007473812494638918
2014-10-01,2014-11-01,volatility_3m,0.0023891689910131874,0.00031012239316169143,0.0009541637684650241,0.0007473812494638918
2014-11-01,2014-12-01,lag_0,0.0061531513501895,0.00038548358759499024,-0.0014562280626581607,0.0007766463283665426
2014-11-01,2014-12-01,lag_1,0.0001193360840261,-0.0009764472612062037,-0.0014562280626581607,0.0007766463283665426
2014-11-01,2014-12-01,lag_2,0.0028693197501494,0.0004258727731109957,-0.0014562280626581607,0.0007766463283665426
2014-11-01,2014-12-01,lag_3,-0.0018898378264742,-0.0009052502264376017,-0.0014562280626581607,0.0007766463283665426
2014-11-01,2014-12-01,lag_4,0.0022187855179991,0.00020384047437062237,-0.0014562280626581607,0.0007766463283665426
2014-11-01,2014-12-01,lag_5,0.0034263137889523,-0.0003318084442094005,-0.0014562280626581607,0.0007766463283665426
2014-11-01,2014-12-01,lag_6,0.0038243209715158,-0.00040218204606333073,-0.0014562280626581607,0.0007766463283665426
2014-11-01,2014-12-01,lag_7,0.0009672024963487,-0.00011916399080746487,-0.0014562280626581607,0.0007766463283665426
2014-11-01,2014-12-01,lag_8,0.0096386050748114,-0.0007467051879223163,-0.0014562280626581607,0.0007766463283665426
2014-11-01,2014-12-01,lag_9,0.007528506037616,0.0003192619486685544,-0.0014562280626581607,0.0007766463283665426
2014-11-01,2014-12-01,lag_10,-0.0035639327448748,6.622009991616551e-05,-0.0014562280626581607,0.0007766463283665426
2014-11-01,2014-12-01,lag_11,0.002008631714113,-6.110914638043142e-05,-0.0014562280626581607,0.0007766463283665426
2014-11-01,2014-12-01,volatility_3m,0.003020841130313249,-9.088693356375188e-05,-0.0014562280626581607,0.0007766463283665426
2014-12-01,2015-01-01,lag_0,-7.906777172816959e-05,0.0008896667292519567,0.0008076293083541658,0.0008466501862927227
2014-12-01,2015-01-01,lag_1,0.0061531513501895,0.0007882552152420886,0.0008076293083541658,0.0008466501862927227
2014-12-01,2015-01-01,lag_2,0.0001193360840261,-0.0004905882600888845,0.0008076293083541658,0.0008466501862927227
2014-12-01,2015-01-01,lag_3,0.0028693197501494,-0.0004927705440783825,0.0008076293083541658,0.0008466501862927227
2014-12-01,2015-01-01,lag_4,-0.0018898378264742,-0.00026115131337206776,0.0008076293083541658,0.0008466501862927227
2014-12-01,2015-01-01,lag_5,0.0022187855179991,-0.00021898902153111522,0.0008076293083541658,0.0008466501862927227
2014-12-01,2015-01-01,lag_6,0.0034263137889523,-0.0003455449183411474,0.0008076293083541658,0.0008466501862927227
2014-12-01,2015-01-01,lag_7,0.0038243209715158,-0.00019859101304405157,0.0008076293083541658,0.0008466501862927227
2014-12-01,2015-01-01,lag_8,0.0009672024963487,0.0003589150260393126,0.0008076293083541658,0.0008466501862927227
2014-12-01,2015-01-01,lag_9,0.0096386050748114,0.00024311820680281927,0.0008076293083541658,0.0008466501862927227
2014-12-01,2015-01-01,lag_10,0.007528506037616,-0.0007307308306440063,0.0008076293083541658,0.0008466501862927227
2014-12-01,2015-01-01,lag_11,-0.0035639327448748,0.0004937082821101057,0.0008076293083541658,0.0008466501862927227
2014-12-01,2015-01-01,volatility_3m,0.003542288477330272,-7.43184146620024e-05,0.0008076293083541658,0.0008466501862927227
2015-01-01,2015-02-01,lag_0,-0.0078792284874769,0.0006576512432451409,0.00424918264129533,0.0008177545218103442
2015-01-01,2015-02-01,lag_1,-7.906777172816959e-05,-0.0006792880042404192,0.00424918264129533,0.0008177545218103442
2015-01-01,2015-02-01,lag_2,0.0061531513501895,0.0008993074202504658,0.00424918264129533,0.0008177545218103442
2015-01-01,2015-02-01,lag_3,0.0001193360840261,0.00021626973395541427,0.00424918264129533,0.0008177545218103442
2015-01-01,2015-02-01,lag_4,0.0028693197501494,-0.00010415439056373544,0.00424918264129533,0.0008177545218103442
2015-01-01,2015-02-01,lag_5,-0.0018898378264742,-0.0005001309137151111,0.00424918264129533,0.0008177545218103442
2015-01-01,2015-02-01,lag_6,0.0022187855179991,-0.0002519674629019164,0.00424918264129533,0.0008177545218103442
2015-01-01,2015-02-01,lag_7,0.0034263137889523,0.0007719817142242391,0.00424918264129533,0.0008177545218103442
2015-01-01,2015-02-01,lag_8,0.0038243209715158,0.0007689323654835789,0.00424918264129533,0.0008177545218103442
2015-01-01,2015-02-01,lag_9,0.0009672024963487,0.00015066687436842585,0.00424918264129533,0.0008177545218103442
2015-01-01,2015-02-01,lag_10,0.0096386050748114,0.00028686546037306473,0.00424918264129533,0.0008177545218103442
2015-01-01,2015-02-01,lag_11,0.007528506037616,-9.357386990188843e-05,0.00424918264129533,0.0008177545218103442
2015-01-01,2015-02-01,volatility_3m,0.007030774569510489,0.0013088679967953,0.00424918264129533,0.0008177545218103442
2015-02-01,2015-03-01,lag_0,-0.006405903226315,-9.378570575961476e-05,-0.0008885726562778363,0.0007371187789538695
2015-02-01,2015-03-01,lag_1,-0.0078792284874769,-0.0017413543454381398,-0.0008885726562778363,0.0007371187789538695
2015-02-01,2015-03-01,lag_2,-7.906777172816959e-05,-0.001586014503060369,-0.0008885726562778363,0.0007371187789538695
2015-02-01,2015-03-01,lag_3,0.0061531513501895,0.0002952845202287335,-0.0008885726562778363,0.0007371187789538695
2015-02-01,2015-03-01,lag_4,0.0001193360840261,0.00011565993374006212,-0.0008885726562778363,0.0007371187789538695
2015-02-01,2015-03-01,lag_5,0.0028693197501494,-0.00018612623559079112,-0.0008885726562778363,0.0007371187789538695
2015-02-01,2015-03-01,lag_6,-0.0018898378264742,-0.00029528156407991445,-0.0008885726562778363,0.0007371187789538695
2015-02-01,2015-03-01,lag_7,0.0022187855179991,0.000636693272639377,-0.0008885726562778363,0.0007371187789538695
2015-02-01,2015-03-01,lag_8,0.0034263137889523,0.0009549907546539771,-0.0008885726562778363,0.0007371187789538695
2015-02-01,2015-03-01,lag_9,0.0038243209715158,0.0008129767034165525,-0.0008885726562778363,0.0007371187789538695
2015-02-01,2015-03-01,lag_10,0.0009672024963487,-0.00014249523149601373,-0.0008885726562778363,0.0007371187789538695
2015-02-01,2015-03-01,lag_11,0.0096386050748114,-0.0002693081029204336,-0.0008885726562778363,0.0007371187789538695
2015-02-01,2015-03-01,volatility_3m,0.00414411312156784,-0.0001269310185338668,-0.0008885726562778363,0.0007371187789538695
2015-03-01,2015-04-01,lag_0,-0.0033518725083752,-1.2893573021983684e-05,0.001137058188650546,0.000669644115704094
2015-03-01,2015-04-01,lag_1,-0.006405903226315,0.0008677271960135613,0.001137058188650546,0.000669644115704094
2015-03-01,2015-04-01,lag_2,-0.0078792284874769,-0.001600664332290762,0.001137058188650546,0.000669644115704094
2015-03-01,2015-04-01,lag_3,-7.906777172816959e-05,7.205018186255074e-05,0.001137058188650546,0.000669644115704094
2015-03-01,2015-04-01,lag_4,0.0061531513501895,0.00028240337560077935,0.001137058188650546,0.000669644115704094
2015-03-01,2015-04-01,lag_5,0.0001193360840261,5.8522741548472367e-05,0.001137058188650546,0.000669644115704094
2015-03-01,2015-04-01,lag_6,0.0028693197501494,0.000259950619513063,0.001137058188650546,0.000669644115704094
2015-03-01,2015-04-01,lag_7,-0.0018898378264742,-0.0006224873774263529,0.001137058188650546,0.000669644115704094
2015-03-01,2015-04-01,lag_8,0.0022187855179991,0.0009157796748922919,0.001137058188650546,0.000669644115704094
2015-03-01,2015-04-01,lag_9,0.0034263137889523,0.0006419779120820124,0.001137058188650546,0.000669644115704094
2015-03-01,2015-04-01,lag_10,0.0038243209715158,0.0001297822496457002,0.001137058188650546,0.000669644115704094
2015-03-01,2015-04-01,lag_11,0.0009672024963487,-0.00027767142535594757,0.001137058188650546,0.000669644115704094
2015-03-01,2015-04-01,volatility_3m,0.002309211377390038,-0.000247063197832631,0.001137058188650546,0.000669644115704094
2015-04-01,2015-05-01,lag_0,-0.005470746111496,0.00011823836852499881,0.0007733723958024421,0.0005540352594329151
2015-04-01,2015-05-01,lag_1,-0.0033518725083752,-0.0014329384410279998,0.0007733723958024421,0.0005540352594329151
2015-04-01,2015-05-01,lag_2,-0.006405903226315,-0.002415807357705262,0.0007733723958024421,0.0005540352594329151
2015-04-01,2015-05-01,lag_3,-0.0078792284874769,0.0036680031505815693,0.0007733723958024421,0.0005540352594329151
2015-04-01,2015-05-01,lag_4,-7.906777172816959e-05,-0.0001326678541295223,0.0007733723958024421,0.0005540352594329151
2015-04-01,2015-05-01,lag_5,0.0061531513501895,0.0001763510206654928,0.0007733723958024421,0.0005540352594329151
2015-04-01,2015-05-01,lag_6,0.0001193360840261,1.908813181955793e-05,0.0007733723958024421,0.0005540352594329151
2015-04-01,2015-05-01,lag_7,0.0028693197501494,0.0003433342994577515,0.0007733723958024421,0.0005540352594329151
2015-04-01,2015-05-01,lag_8,-0.0018898378264742,3.144398485630973e-05,0.0007733723958024421,0.0005540352594329151
2015-04-01,2015-05-01,lag_9,0.0022187855179991,0.00013424617943655904,0.0007733723958024421,0.0005540352594329151
2015-04-01,2015-05-01,lag_10,0.0034263137889523,0.00027558149252968176,0.0007733723958024421,0.0005540352594329151
2015-04-01,2015-05-01,lag_11,0.0038243209715158,-0.00037191356269261177,0.0007733723958024421,0.0005540352594329151
2015-04-01,2015-05-01,volatility_3m,0.0015647815503299816,-0.00019362218142617848,0.0007733723958024421,0.0005540352594329151
2015-05-01,2015-06-01,lag_0,-0.0044228298448434,-0.0004991320620540308,-0.003841432350156027,0.0005605685832951659
2015-05-01,2015-06-01,lag_1,-0.005470746111496,-0.0015176263773557252,-0.003841432350156027,0.0005605685832951659
2015-05-01,2015-06-01,lag_2,-0.0033518725083752,-0.0011615232175313395,-0.003841432350156027,0.0005605685832951659
2015-05-01,2015-06-01,lag_3,-0.006405903226315,-0.00021757731305626748,-0.003841432350156027,0.0005605685832951659
2015-05-01,2015-06-01,lag_4,-0.0078792284874769,0.00033046412871044593,-0.003841432350156027,0.0005605685832951659
2015-05-01,2015-06-01,lag_5,-7.906777172816959e-05,-0.00015188565225344064,-0.003841432350156027,0.0005605685832951659
2015-05-01,2015-06-01,lag_6,0.0061531513501895,0.00016133241461261606,-0.003841432350156027,0.0005605685832951659
2015-05-01,2015-06-01,lag_7,0.0001193360840261,-0.0008131515485911223,-0.003841432350156027,0.0005605685832951659
2015-05-01,2015-06-01,lag_8,0.0028693197501494,0.0001785184262604389,-0.003841432350156027,0.0005605685832951659
2015-05-01,2015-06-01,lag_9,-0.0018898378264742,0.00010566400918321506,-0.003841432350156027,0.0005605685832951659
2015-05-01,2015-06-01,lag_10,0.0022187855179991,0.0005978069449852797,-0.003841432350156027,0.0005605685832951659
2015-05-01,2015-06-01,lag_11,0.0034263137889523,-0.0008309066317974612,-0.003841432350156027,0.0005605685832951659
2015-05-01,2015-06-01,volatility_3m,0.0010594576808012285,-0.0005839840840476995,-0.003841432350156027,0.0005605685832951659
2015-06-01,2015-07-01,lag_0,-0.0031500185136206,-0.0010024356065652285,-0.004900645290290099,0.0002948602979133754
2015-06-01,2015-07-01,lag_1,-0.0044228298448434,-0.0013131556188454852,-0.004900645290290099,0.0002948602979133754
2015-06-01,2015-07-01,lag_2,-0.005470746111496,-0.001475090904531271,-0.004900645290290099,0.0002948602979133754
2015-06-01,2015-07-01,lag_3,-0.0033518725083752,-0.00019501642431521304,-0.004900645290290099,0.0002948602979133754
2015-06-01,2015-07-01,lag_4,-0.006405903226315,-0.00010523418381012561,-0.004900645290290099,0.0002948602979133754
2015-06-01,2015-07-01,lag_5,-0.0078792284874769,0.00041162709840136813,-0.004900645290290099,0.0002948602979133754
2015-06-01,2015-07-01,lag_6,-7.906777172816959e-05,-7.133529108614311e-05,-0.004900645290290099,0.0002948602979133754
2015-06-01,2015-07-01,lag_7,0.0061531513501895,0.0007585551164274307,-0.004900645290290099,0.0002948602979133754
2015-06-01,2015-07-01,lag_8,0.0001193360840261,0.00041445520769229917,-0.004900645290290099,0.0002948602979133754
2015-06-01,2015-07-01,lag_9,0.0028693197501494,0.00025958754523117025,-0.004900645290290099,0.0002948602979133754
2015-06-01,2015-07-01,lag_10,-0.0018898378264742,7.781762983086082e-05,-0.004900645290290099,0.0002948602979133754
2015-06-01,2015-07-01,lag_11,0.0022187855179991,-0.0007610895356128821,-0.004900645290290099,0.0002948602979133754
2015-06-01,2015-07-01,volatility_3m,0.0011621785412423231,-0.002194190595115515,-0.004900645290290099,0.0002948602979133754
2015-07-01,2015-08-01,lag_0,0.0064600821906077,0.0010694765378312355,0.0035305335076703066,0.0003090203790163776
2015-07-01,2015-08-01,lag_1,-0.0031500185136206,-0.00026350175466063777,0.0035305335076703066,0.0003090203790163776
2015-07-01,2015-08-01,lag_2,-0.0044228298448434,-0.0006828721829236883,0.0035305335076703066,0.0003090203790163776
2015-07-01,2015-08-01,lag_3,-0.005470746111496,-0.0005561155174370925,0.0035305335076703066,0.0003090203790163776
2015-07-01,2015-08-01,lag_4,-0.0033518725083752,0.00013457657284334345,0.0035305335076703066,0.0003090203790163776
2015-07-01,2015-08-01,lag_5,-0.006405903226315,0.002212284334987089,0.0035305335076703066,0.0003090203790163776
2015-07-01,2015-08-01,lag_6,-0.0078792284874769,0.0005257105937890572,0.0035305335076703066,0.0003090203790163776
2015-07-01,2015-08-01,lag_7,-7.906777172816959e-05,-0.00026589408545063975,0.0035305335076703066,0.0003090203790163776
2015-07-01,2015-08-01,lag_8,0.0061531513501895,-0.0011782584764256398,0.0035305335076703066,0.0003090203790163776
2015-07-01,2015-08-01,lag_9,0.0001193360840261,-7.967814301167664e-05,0.0035305335076703066,0.0003090203790163776
2015-07-01,2015-08-01,lag_10,0.0028693197501494,0.0005726954331169054,0.0035305335076703066,0.0003090203790163776
2015-07-01,2015-08-01,lag_11,-0.0018898378264742,0.0005842034120053086,0.0035305335076703066,0.0003090203790163776
2015-07-01,2015-08-01,volatility_3m,0.0059499560026617685,0.0011488863733990229,0.0035305335076703066,0.0003090203790163776
2015-08-01,2015-09-01,lag_0,-0.0018402107442865,-0.0004946263652669813,-0.002571424771344369,0.0002670482888784105
2015-08-01,2015-09-01,lag_1,0.0064600821906077,0.0015752355941845053,-0.002571424771344369,0.0002670482888784105
2015-08-01,2015-09-01,lag_2,-0.0031500185136206,-0.0003209802270339424,-0.002571424771344369,0.0002670482888784105
2015-08-01,2015-09-01,lag_3,-0.0044228298448434,-0.00035020518754549815,-0.002571424771344369,0.0002670482888784105
2015-08-01,2015-09-01,lag_4,-0.005470746111496,0.0005676585029479497,-0.002571424771344369,0.0002670482888784105
2015-08-01,2015-09-01,lag_5,-0.0033518725083752,-0.00015536356585755585,-0.002571424771344369,0.0002670482888784105
2015-08-01,2015-09-01,lag_6,-0.006405903226315,-0.0020100377753925615,-0.002571424771344369,0.0002670482888784105
2015-08-01,2015-09-01,lag_7,-0.0078792284874769,-0.0009006821280473787,-0.002571424771344369,0.0002670482888784105
2015-08-01,2015-09-01,lag_8,-7.906777172816959e-05,7.55063920360044e-05,-0.002571424771344369,0.0002670482888784105
2015-08-01,2015-09-01,lag_9,0.0061531513501895,3.117300614690066e-06,-0.002571424771344369,0.0002670482888784105
2015-08-01,2015-09-01,lag_10,0.0001193360840261,-1.5819165341071084e-05,-0.002571424771344369,0.0002670482888784105
2015-08-01,2015-09-01,lag_11,0.0028693197501494,-0.0007768867298807436,-0.002571424771344369,0.0002670482888784105
2015-08-01,2015-09-01,volatility_3m,0.0052115975596591585,-3.5389706257547e-05,-0.002571424771344369,0.0002670482888784105
2015-09-01,2015-10-01,lag_0,-0.0027949673135552,-0.0020256895134491515,-0.004636234402161889,0.00021154060139256533
2015-09-01,2015-10-01,lag_1,-0.0018402107442865,-0.0015134773288718862,-0.004636234402161889,0.00021154060139256533
2015-09-01,2015-10-01,lag_2,0.0064600821906077,0.0008965360455260907,-0.004636234402161889,0.00021154060139256533
2015-09-01,2015-10-01,lag_3,-0.0031500185136206,-0.0007407672772052364,-0.004636234402161889,0.00021154060139256533
2015-09-01,2015-10-01,lag_4,-0.0044228298448434,0.0006310663769124858,-0.004636234402161889,0.00021154060139256533
2015-09-01,2015-10-01,lag_5,-0.005470746111496,0.00133540944181334,-0.004636234402161889,0.00021154060139256533
2015-09-01,2015-10-01,lag_6,-0.0033518725083752,-0.0002274155452244031,-0.004636234402161889,0.00021154060139256533
2015-09-01,2015-10-01,lag_7,-0.006405903226315,-0.0010891886683498343,-0.004636234402161889,0.00021154060139256533
2015-09-01,2015-10-01,lag_8,-0.0078792284874769,-0.00030852196270814147,-0.004636234402161889,0.00021154060139256533
2015-09-01,2015-10-01,lag_9,-7.906777172816959e-05,0.00026301799005409523,-0.004636234402161889,0.00021154060139256533
2015-09-01,2015-10-01,lag_10,0.0061531513501895,-0.0001494003206946104,-0.004636234402161889,0.00021154060139256533
2015-09-01,2015-10-01,lag_11,0.0001193360840261,-0.0007796365678086659,-0.004636234402161889,0.00021154060139256533
2015-09-01,2015-10-01,volatility_3m,0.0050902253426890354,-0.0011397075767183651,-0.004636234402161889,0.00021154060139256533
2015-10-01,2015-11-01,lag_0,-0.0048472353195281,-0.0007956184134449984,-0.008660945651723146,0.00015759549909315416
2015-10-01,2015-11-01,lag_1,-0.0027949673135552,-0.0015375941391147308,-0.008660945651723146,0.00015759549909315416
2015-10-01,2015-11-01,lag_2,-0.0018402107442865,-0.00014643961159038098,-0.008660945651723146,0.00015759549909315416
2015-10-01,2015-11-01,lag_3,0.0064600821906077,0.00017320651634804561,-0.008660945651723146,0.00015759549909315416
2015-10-01,2015-11-01,lag_4,-0.0031500185136206,-0.00035306291951656024,-0.008660945651723146,0.00015759549909315416
2015-10-01,2015-11-01,lag_5,-0.0044228298448434,0.0012366777507020288,-0.008660945651723146,0.00015759549909315416
2015-10-01,2015-11-01,lag_6,-0.005470746111496,-0.0012960519628290967,-0.008660945651723146,0.00015759549909315416
2015-10-01,2015-11-01,lag_7,-0.0033518725083752,-0.00028748914612151564,-0.008660945651723146,0.00015759549909315416
2015-10-01,2015-11-01,lag_8,-0.006405903226315,-0.002899342685298052,-0.008660945651723146,0.00015759549909315416
2015-10-01,2015-11-01,lag_9,-0.0078792284874769,-0.0012757699575064408,-0.008660945651723146,0.00015759549909315416
2015-10-01,2015-11-01,lag_10,-7.906777172816959e-05,0.00013134999959618198,-0.008660945651723146,0.00015759549909315416
2015-10-01,2015-11-01,lag_11,0.0061531513501895,-0.0012623301114143715,-0.008660945651723146,0.00015759549909315416
2015-10-01,2015-11-01,volatility_3m,0.0015365307715222546,-0.0005060765985138005,-0.008660945651723146,0.00015759549909315416
2015-11-01,2015-12-01,lag_0,-0.007384517731686,-0.003573637323991079,-0.01175703693335829,8.107065024012294e-05
2015-11-01,2015-12-01,lag_1,-0.0048472353195281,-0.0010638107556070508,-0.01175703693335829,8.107065024012294e-05
2015-11-01,2015-12-01,lag_2,-0.0027949673135552,-0.0011220737280567051,-0.01175703693335829,8.107065024012294e-05
2015-11-01,2015-12-01,lag_3,-0.0018402107442865,0.0004017268611585223,-0.01175703693335829,8.107065024012294e-05
2015-11-01,2015-12-01,lag_4,0.0064600821906077,0.00034952788542994993,-0.01175703693335829,8.107065024012294e-05
2015-11-01,2015-12-01,lag_5,-0.0031500185136206,-0.0003841773027079398,-0.01175703693335829,8.107065024012294e-05
2015-11-01,2015-12-01,lag_6,-0.0044228298448434,-0.0007549130606508925,-0.01175703693335829,8.107065024012294e-05
2015-11-01,2015-12-01,lag_7,-0.005470746111496,-0.001367177938476516,-0.01175703693335829,8.107065024012294e-05
2015-11-01,2015-12-01,lag_8,-0.0033518725083752,-0.002540377633523008,-0.01175703693335829,8.107065024012294e-05
2015-11-01,2015-12-01,lag_9,-0.006405903226315,-0.0011023284468684835,-0.01175703693335829,8.107065024012294e-05
2015-11-01,2015-12-01,lag_10,-0.0078792284874769,-0.00014594234619153213,-0.01175703693335829,8.107065024012294e-05
2015-11-01,2015-12-01,lag_11,-7.906777172816959e-05,-0.0004126815354248947,-0.01175703693335829,8.107065024012294e-05
2015-11-01,2015-12-01,volatility_3m,0.002299042519831187,-0.00012224226489820466,-0.01175703693335829,8.107065024012294e-05
2015-12-01,2016-01-01,lag_0,-0.0049161232406857,-0.0009190287790316631,-0.014347666712359946,1.6464858646554398e-05
2015-12-01,2016-01-01,lag_1,-0.007384517731686,-0.0024917567573675115,-0.014347666712359946,1.6464858646554398e-05
2015-12-01,2016-01-01,lag_2,-0.0048472353195281,-0.0019783408450314253,-0.014347666712359946,1.6464858646554398e-05
2015-12-01,2016-01-01,lag_3,-0.0027949673135552,-0.0008064839408416447,-0.014347666712359946,1.6464858646554398e-05
2015-12-01,2016-01-01,lag_4,-0.0018402107442865,-0.0032390269209062695,-0.014347666712359946,1.6464858646554398e-05
2015-12-01,2016-01-01,lag_5,0.0064600821906077,-0.0010787588142574123,-0.014347666712359946,1.6464858646554398e-05
2015-12-01,2016-01-01,lag_6,-0.0031500185136206,0.0002832598794378782,-0.014347666712359946,1.6464858646554398e-05
2015-12-01,2016-01-01,lag_7,-0.0044228298448434,-0.0004856311980358896,-0.014347666712359946,1.6464858646554398e-05
2015-12-01,2016-01-01,lag_8,-0.005470746111496,-0.0030858342720358678,-0.014347666712359946,1.6464858646554398e-05
2015-12-01,2016-01-01,lag_9,-0.0033518725083752,-0.0005556167746055962,-0.014347666712359946,1.6464858646554398e-05
2015-12-01,2016-01-01,lag_10,-0.006405903226315,-0.001093006231347431,-0.014347666712359946,1.6464858646554398e-05
2015-12-01,2016-01-01,lag_11,-0.0078792284874769,0.001985534319934459,-0.014347666712359946,1.6464858646554398e-05
2015-12-01,2016-01-01,volatility_3m,0.0014454249056896648,-0.0008994412587844635,-0.014347666712359946,1.6464858646554398e-05
2016-01-01,2016-02-01,lag_0,0.005226534839914,0.0016976684154437294,0.0030728554043916857,6.285108666182905e-05
2016-01-01,2016-02-01,lag_1,-0.0049161232406857,-0.0005120866277374602,0.0030728554043916857,6.285108666182905e-05
2016-01-01,2016-02-01,lag_2,-0.007384517731686,-0.000518061817861053,0.0030728554043916857,6.285108666182905e-05
2016-01-01,2016-02-01,lag_3,-0.0048472353195281,0.0002701313047887766,0.0030728554043916857,6.285108666182905e-05
2016-01-01,2016-02-01,lag_4,-0.0027949673135552,-0.0003481328342692791,0.0030728554043916857,6.285108666182905e-05
2016-01-01,2016-02-01,lag_5,-0.0018402107442865,-0.0009498712733284264,0.0030728554043916857,6.285108666182905e-05
2016-01-01,2016-02-01,lag_6,0.0064600821906077,0.0003739769098373813,0.0030728554043916857,6.285108666182905e-05
2016-01-01,2016-02-01,lag_7,-0.0031500185136206,3.5206169839483434e-05,0.0030728554043916857,6.285108666182905e-05
2016-01-01,2016-02-01,lag_8,-0.0044228298448434,-0.0017272785387606859,0.0030728554043916857,6.285108666182905e-05
2016-01-01,2016-02-01,lag_9,-0.005470746111496,0.0005643626215362474,0.0030728554043916857,6.285108666182905e-05
2016-01-01,2016-02-01,lag_10,-0.0033518725083752,-0.0013999574458421194,0.0030728554043916857,6.285108666182905e-05
2016-01-01,2016-02-01,lag_11,-0.006405903226315,0.0022516848392388055,0.0030728554043916857,6.285108666182905e-05
2016-01-01,2016-02-01,volatility_3m,0.006683376532696803,0.003272362558464579,0.0030728554043916857,6.285108666182905e-05
2016-02-01,2016-03-01,lag_0,-0.0051982643192998,0.0007562524333491183,0.003508287967576068,3.0198398172900316e-05
2016-02-01,2016-03-01,lag_1,0.005226534839914,0.0017739824095849598,0.003508287967576068,3.0198398172900316e-05
2016-02-01,2016-03-01,lag_2,-0.0049161232406857,-0.000842381722097798,0.003508287967576068,3.0198398172900316e-05
2016-02-01,2016-03-01,lag_3,-0.007384517731686,0.0027398361698675443,0.003508287967576068,3.0198398172900316e-05
2016-02-01,2016-03-01,lag_4,-0.0048472353195281,0.0008374668977330657,0.003508287967576068,3.0198398172900316e-05
2016-02-01,2016-03-01,lag_5,-0.0027949673135552,-0.0010070302212636761,0.003508287967576068,3.0198398172900316e-05
2016-02-01,2016-03-01,lag_6,-0.0018402107442865,-0.00020570727734138926,0.003508287967576068,3.0198398172900316e-05
2016-02-01,2016-03-01,lag_7,0.0064600821906077,0.0008886694289623165,0.003508287967576068,3.0198398172900316e-05
2016-02-01,2016-03-01,lag_8,-0.0031500185136206,-0.0016716723985385328,0.003508287967576068,3.0198398172900316e-05
2016-02-01,2016-03-01,lag_9,-0.0044228298448434,-0.00042011805082324826,0.003508287967576068,3.0198398172900316e-05
2016-02-01,2016-03-01,lag_10,-0.005470746111496,-0.0013636668232578585,0.003508287967576068,3.0198398172900316e-05
2016-02-01,2016-03-01,lag_11,-0.0033518725083752,0.0009166479093022417,0.003508287967576068,3.0198398172900316e-05
2016-02-01,2016-03-01,volatility_3m,0.0059389891681741695,0.001075810786924194,0.003508287967576068,3.0198398172900316e-05
2016-03-01,2016-04-01,lag_0,-0.0074475614830165,-0.002530897151609679,-0.0027489899482546765,-9.036542814787424e-05
2016-03-01,2016-04-01,lag_1,-0.0051982643192998,-0.0007600180103193566,-0.0027489899482546765,-9.036542814787424e-05
2016-03-01,2016-04-01,lag_2,0.005226534839914,-0.0001283294070373131,-0.0027489899482546765,-9.036542814787424e-05
2016-03-01,2016-04-01,lag_3,-0.0049161232406857,-0.00047986560362460294,-0.0027489899482546765,-9.036542814787424e-05
2016-03-01,2016-04-01,lag_4,-0.007384517731686,-0.0010316417015667411,-0.0027489899482546765,-9.036542814787424e-05
2016-03-01,2016-04-01,lag_5,-0.0048472353195281,-0.00016185962174034786,-0.0027489899482546765,-9.036542814787424e-05
2016-03-01,2016-04-01,lag_6,-0.0027949673135552,0.0004611207386113847,-0.0027489899482546765,-9.036542814787424e-05
2016-03-01,2016-04-01,lag_7,-0.0018402107442865,-0.00030606154732367943,-0.0027489899482546765,-9.036542814787424e-05
2016-03-01,2016-04-01,lag_8,0.0064600821906077,-4.077610062836356e-05,-0.0027489899482546765,-9.036542814787424e-05
2016-03-01,2016-04-01,lag_9,-0.0031500185136206,-0.0016505364439962022,-0.0027489899482546765,-9.036542814787424e-05
2016-03-01,2016-04-01,lag_10,-0.0044228298448434,-0.002197507990716758,-0.0027489899482546765,-9.036542814787424e-05
2016-03-01,2016-04-01,lag_11,-0.005470746111496,0.0035577407191527753,-0.0027489899482546765,-9.036542814787424e-05
2016-03-01,2016-04-01,volatility_3m,0.006762254220346559,0.002610007524522189,-0.0027489899482546765,-9.036542814787424e-05
2016-04-01,2016-05-01,lag_0,0.0033764655587065,0.0013680651348454377,0.004831162259621132,-9.904278611107254e-05
2016-04-01,2016-05-01,lag_1,-0.0074475614830165,0.001528867362839037,0.004831162259621132,-9.904278611107254e-05
2016-04-01,2016-05-01,lag_2,-0.0051982643192998,-0.0012596045810701639,0.004831162259621132,-9.904278611107254e-05
2016-04-01,2016-05-01,lag_3,0.005226534839914,-7.124227269741823e-05,0.004831162259621132,-9.904278611107254e-05
2016-04-01,2016-05-01,lag_4,-0.0049161232406857,-7.729277971520788e-05,0.004831162259621132,-9.904278611107254e-05
2016-04-01,2016-05-01,lag_5,-0.007384517731686,0.0011212515779175192,0.004831162259621132,-9.904278611107254e-05
2016-04-01,2016-05-01,lag_6,-0.0048472353195281,-0.00032639757936244964,0.004831162259621132,-9.904278611107254e-05
2016-04-01,2016-05-01,lag_7,-0.0027949673135552,-9.251533777103304e-05,0.004831162259621132,-9.904278611107254e-05
2016-04-01,2016-05-01,lag_8,-0.0018402107442865,-0.0002889305895882899,0.004831162259621132,-9.904278611107254e-05
2016-04-01,2016-05-01,lag_9,0.0064600821906077,-4.8259319056001007e-05,0.004831162259621132,-9.904278611107254e-05
2016-04-01,2016-05-01,lag_10,-0.0031500185136206,-0.00025114585997187077,0.004831162259621132,-9.904278611107254e-05
2016-04-01,2016-05-01,lag_11,-0.0044228298448434,0.0025980714737224276,0.004831162259621132,-9.904278611107254e-05
2016-04-01,2016-05-01,volatility_3m,0.005711755299547135,0.0007293377778250942,0.004831162259621132,-9.904278611107254e-05
2016-05-01,2016-06-01,lag_0,-0.0022703697198567,-0.0016906896523682846,-0.006846262595820064,-9.779610217575533e-05
2016-05-01,2016-06-01,lag_1,0.0033764655587065,0.0003910588809719684,-0.006846262595820064,-9.779610217575533e-05
2016-05-01,2016-06-01,lag_2,-0.0074475614830165,-0.003625757536167384,-0.006846262595820064,-9.779610217575533e-05
2016-05-01,2016-06-01,lag_3,-0.0051982643192998,-0.0002756720496438447,-0.006846262595820064,-9.779610217575533e-05
2016-05-01,2016-06-01,lag_4,0.005226534839914,-0.0010010937334482151,-0.006846262595820064,-9.779610217575533e-05
2016-05-01,2016-06-01,lag_5,-0.0049161232406857,0.0010678466026763545,-0.006846262595820064,-9.779610217575533e-05
2016-05-01,2016-06-01,lag_6,-0.007384517731686,5.363440948443099e-05,-0.006846262595820064,-9.779610217575533e-05
2016-05-01,2016-06-01,lag_7,-0.0048472353195281,-0.0008152588860832566,-0.006846262595820064,-9.779610217575533e-05
2016-05-01,2016-06-01,lag_8,-0.0027949673135552,-0.0008754293033295823,-0.006846262595820064,-9.779610217575533e-05
2016-05-01,2016-06-01,lag_9,-0.0018402107442865,0.00056120735988344,-0.006846262595820064,-9.779610217575533e-05
2016-05-01,2016-06-01,lag_10,0.0064600821906077,-0.00038313022140144424,-0.006846262595820064,-9.779610217575533e-05
2016-05-01,2016-06-01,lag_11,-0.0031500185136206,0.0006289762055163806,-0.006846262595820064,-9.779610217575533e-05
2016-05-01,2016-06-01,volatility_3m,0.005413711367378612,-0.0007841586170974324,-0.006846262595820064,-9.779610217575533e-05
2016-06-01,2016-07-01,lag_0,0.0047125884915697,0.002114190991051146,0.0008260774423961497,0.0002712357419794443
2016-06-01,2016-07-01,lag_1,-0.0022703697198567,-0.000848443305994806,0.0008260774423961497,0.0002712357419794443
2016-06-01,2016-07-01,lag_2,0.0033764655587065,0.0009587444256067101,0.0008260774423961497,0.0002712357419794443
2016-06-01,2016-07-01,lag_3,-0.0074475614830165,0.0017993288010302421,0.0008260774423961497,0.0002712357419794443
2016-06-01,2016-07-01,lag_4,-0.0051982643192998,-0.00038649804362194117,0.0008260774423961497,0.0002712357419794443
2016-06-01,2016-07-01,lag_5,0.005226534839914,-0.00017183777925083632,0.0008260774423961497,0.0002712357419794443
2016-06-01,2016-07-01,lag_6,-0.0049161232406857,-0.00039570207080942056,0.0008260774423961497,0.0002712357419794443
2016-06-01,2016-07-01,lag_7,-0.007384517731686,0.00017149265033367556,0.0008260774423961497,0.0002712357419794443
2016-06-01,2016-07-01,lag_8,-0.0048472353195281,-0.000725833031538059,0.0008260774423961497,0.0002712357419794443
2016-06-01,2016-07-01,lag_9,-0.0027949673135552,-0.0014884935693521583,0.0008260774423961497,0.0002712357419794443
2016-06-01,2016-07-01,lag_10,-0.0018402107442865,0.00012190721585056963,0.0008260774423961497,0.0002712357419794443
2016-06-01,2016-07-01,lag_11,0.0064600821906077,-0.0008719698745971983,0.0008260774423961497,0.0002712357419794443
2016-06-01,2016-07-01,volatility_3m,0.0037066084798522644,0.0002779553686229974,0.0008260774423961497,0.0002712357419794443
2016-07-01,2016-08-01,lag_0,0.0011714023549629,0.001072826777805176,0.0008356960163672625,0.0002783056321412059
2016-07-01,2016-08-01,lag_1,0.0047125884915697,0.0008688313520292468,0.0008356960163672625,0.0002783056321412059
2016-07-01,2016-08-01,lag_2,-0.0022703697198567,-0.0005137896035557788,0.0008356960163672625,0.0002783056321412059
2016-07-01,2016-08-01,lag_3,0.0033764655587065,-0.00024019616429541202,0.0008356960163672625,0.0002783056321412059
2016-07-01,2016-08-01,lag_4,-0.0074475614830165,0.00019113325100761358,0.0008356960163672625,0.0002783056321412059
2016-07-01,2016-08-01,lag_5,-0.0051982643192998,0.0010063515145429846,0.0008356960163672625,0.0002783056321412059
2016-07-01,2016-08-01,lag_6,0.005226534839914,-0.00014227826190108317,0.0008356960163672625,0.0002783056321412059
2016-07-01,2016-08-01,lag_7,-0.0049161232406857,0.00011713418422004907,0.0008356960163672625,0.0002783056321412059
2016-07-01,2016-08-01,lag_8,-0.007384517731686,-0.00065794479924989,0.0008356960163672625,0.0002783056321412059
2016-07-01,2016-08-01,lag_9,-0.0048472353195281,-0.00017738842816015677,0.0008356960163672625,0.0002783056321412059
2016-07-01,2016-08-01,lag_10,-0.0027949673135552,-0.0007201518262468198,0.0008356960163672625,0.0002783056321412059
2016-07-01,2016-08-01,lag_11,-0.0018402107442865,-0.00014906998275819206,0.0008356960163672625,0.0002783056321412059
2016-07-01,2016-08-01,volatility_3m,0.0034915970474753526,-9.806757712340186e-05,0.0008356960163672625,0.0002783056321412059
2016-08-01,2016-09-01,lag_0,-0.0015082196772331,-0.00041204923697932825,0.001070390287261633,0.0004563415784644334
2016-08-01,2016-09-01,lag_1,0.0011714023549629,-0.00040445186485158044,0.001070390287261633,0.0004563415784644334
2016-08-01,2016-09-01,lag_2,0.0047125884915697,0.0009949922432952007,0.001070390287261633,0.0004563415784644334
2016-08-01,2016-09-01,lag_3,-0.0022703697198567,9.742274447035016e-05,0.001070390287261633,0.0004563415784644334
2016-08-01,2016-09-01,lag_4,0.0033764655587065,3.986602691838925e-06,0.001070390287261633,0.0004563415784644334
2016-08-01,2016-09-01,lag_5,-0.0074475614830165,0.0007406176461881842,0.001070390287261633,0.0004563415784644334
2016-08-01,2016-09-01,lag_6,-0.0051982643192998,-0.0002384622175941331,0.001070390287261633,0.0004563415784644334
2016-08-01,2016-09-01,lag_7,0.005226534839914,0.00034283864919416374,0.001070390287261633,0.0004563415784644334
2016-08-01,2016-09-01,lag_8,-0.0049161232406857,-0.0009096121812535784,0.001070390287261633,0.0004563415784644334
2016-08-01,2016-09-01,lag_9,-0.007384517731686,-0.00037660467079831506,0.001070390287261633,0.0004563415784644334
2016-08-01,2016-09-01,lag_10,-0.0048472353195281,3.9646905861445705e-07,0.001070390287261633,0.0004563415784644334
2016-08-01,2016-09-01,lag_11,-0.0027949673135552,0.0006515015444483652,0.001070390287261633,0.0004563415784644334
2016-08-01,2016-09-01,volatility_3m,0.0031203319204471942,0.00012347299192697392,0.001070390287261633,0.0004563415784644334
2016-09-01,2016-10-01,lag_0,-0.0010556910872727,0.0004980801524629896,0.001157630621766034,0.00031297750436864243
2016-09-01,2016-10-01,lag_1,-0.0015082196772331,-0.0007403794553738407,0.001157630621766034,0.00031297750436864243
2016-09-01,2016-10-01,lag_2,0.0011714023549629,0.0006518802422783665,0.001157630621766034,0.00031297750436864243
2016-09-01,2016-10-01,lag_3,0.0047125884915697,0.00032080253500225807,0.001157630621766034,0.00031297750436864243
2016-09-01,2016-10-01,lag_4,-0.0022703697198567,-0.0010675594237545738,0.001157630621766034,0.00031297750436864243
2016-09-01,2016-10-01,lag_5,0.0033764655587065,-0.0003946174950488057,0.001157630621766034,0.00031297750436864243
2016-09-01,2016-10-01,lag_6,-0.0074475614830165,0.00018359788488851337,0.001157630621766034,0.00031297750436864243
2016-09-01,2016-10-01,lag_7,-0.0051982643192998,0.00015927329338410345,0.001157630621766034,0.00031297750436864243
2016-09-01,2016-10-01,lag_8,0.005226534839914,0.0005276568188605779,0.001157630621766034,0.00031297750436864243
2016-09-01,2016-10-01,lag_9,-0.0049161232406857,-0.0005151109289772648,0.001157630621766034,0.00031297750436864243
2016-09-01,2016-10-01,lag_10,-0.007384517731686,0.0005254689786170274,0.001157630621766034,0.00031297750436864243
2016-09-01,2016-10-01,lag_11,-0.0048472353195281,0.0012453278294378832,0.001157630621766034,0.00031297750436864243
2016-09-01,2016-10-01,volatility_3m,0.0014344047290665318,-0.0005497672873570991,0.001157630621766034,0.00031297750436864243
2016-10-01,2016-11-01,lag_0,0.0001559439981937,0.0011662135049937206,-0.0013519823583914609,0.00039056071728382617
2016-10-01,2016-11-01,lag_1,-0.0010556910872727,-0.0009133168100424882,-0.0013519823583914609,0.00039056071728382617
2016-10-01,2016-11-01,lag_2,-0.0015082196772331,-0.000615472096742451,-0.0013519823583914609,0.00039056071728382617
2016-10-01,2016-11-01,lag_3,0.0011714023549629,-0.000432711777464192,-0.0013519823583914609,0.00039056071728382617
2016-10-01,2016-11-01,lag_4,0.0047125884915697,6.738605495684168e-05,-0.0013519823583914609,0.00039056071728382617
2016-10-01,2016-11-01,lag_5,-0.0022703697198567,-0.001434456475017214,-0.0013519823583914609,0.00039056071728382617
2016-10-01,2016-11-01,lag_6,0.0033764655587065,-0.00022417189951283944,-0.0013519823583914609,0.00039056071728382617
2016-10-01,2016-11-01,lag_7,-0.0074475614830165,0.0006285464643917748,-0.0013519823583914609,0.00039056071728382617
2016-10-01,2016-11-01,lag_8,-0.0051982643192998,-0.001149799780162084,-0.0013519823583914609,0.00039056071728382617
2016-10-01,2016-11-01,lag_9,0.005226534839914,0.0002558000705971608,-0.0013519823583914609,0.00039056071728382617
2016-10-01,2016-11-01,lag_10,-0.0049161232406857,-7.729734715383074e-05,-0.0013519823583914609,0.00039056071728382617
2016-10-01,2016-11-01,lag_11,-0.007384517731686,0.0013755104693200337,-0.0013519823583914609,0.00039056071728382617
2016-10-01,2016-11-01,volatility_3m,0.0008604536055355487,-0.00038877337954318136,-0.0013519823583914609,0.00039056071728382617
2016-11-01,2016-12-01,lag_0,-0.0041804087257064,-0.0007344020203208856,-0.0026821255353337084,0.0004774171995908778
2016-11-01,2016-12-01,lag_1,0.0001559439981937,-0.0015925906979464344,-0.0026821255353337084,0.0004774171995908778
2016-11-01,2016-12-01,lag_2,-0.0010556910872727,-0.0007537955435418553,-0.0026821255353337084,0.0004774171995908778
2016-11-01,2016-12-01,lag_3,-0.0015082196772331,0.00030835917814783895,-0.0026821255353337084,0.0004774171995908778
2016-11-01,2016-12-01,lag_4,0.0011714023549629,-0.0003263606921700557,-0.0026821255353337084,0.0004774171995908778
2016-11-01,2016-12-01,lag_5,0.0047125884915697,-0.0003083211088369353,-0.0026821255353337084,0.0004774171995908778
2016-11-01,2016-12-01,lag_6,-0.0022703697198567,8.114125149404572e-05,-0.0026821255353337084,0.0004774171995908778
2016-11-01,2016-12-01,lag_7,0.0033764655587065,2.5420749766453808e-05,-0.0026821255353337084,0.0004774171995908778
2016-11-01,2016-12-01,lag_8,-0.0074475614830165,-0.0011860669660723033,-0.0026821255353337084,0.0004774171995908778
2016-11-01,2016-12-01,lag_9,-0.0051982643192998,-0.00020395690351278971,-0.0026821255353337084,0.0004774171995908778
2016-11-01,2016-12-01,lag_10,0.005226534839914,0.00011628597741037084,-0.0026821255353337084,0.0004774171995908778
2016-11-01,2016-12-01,lag_11,-0.0049161232406857,0.0017357446643973162,-0.0026821255353337084,0.0004774171995908778
2016-11-01,2016-12-01,volatility_3m,0.0022374045546252794,-0.00032100057783281957,-0.0026821255353337084,0.0004774171995908778
2016-12-01,2017-01-01,lag_0,0.0068125945893555,0.0011734655631789792,-0.005510704324633233,0.0004004482141644586
2016-12-01,2017-01-01,lag_1,-0.0041804087257064,-0.0014631327348342894,-0.005510704324633233,0.0004004482141644586
2016-12-01,2017-01-01,lag_2,0.0001559439981937,-0.0013486720384298678,-0.005510704324633233,0.0004004482141644586
2016-12-01,2017-01-01,lag_3,-0.0010556910872727,0.00024439144285224755,-0.005510704324633233,0.0004004482141644586
2016-12-01,2017-01-01,lag_4,-0.0015082196772331,-0.001445607423788715,-0.005510704324633233,0.0004004482141644586
2016-12-01,2017-01-01,lag_5,0.0011714023549629,-0.0004083331797164647,-0.005510704324633233,0.0004004482141644586
2016-12-01,2017-01-01,lag_6,0.0047125884915697,4.2035712940560185e-05,-0.005510704324633233,0.0004004482141644586
2016-12-01,2017-01-01,lag_7,-0.0022703697198567,-0.00041875031745803427,-0.005510704324633233,0.0004004482141644586
2016-12-01,2017-01-01,lag_8,0.0033764655587065,0.0010049291482459922,-0.005510704324633233,0.0004004482141644586
2016-12-01,2017-01-01,lag_9,-0.0074475614830165,-0.0008134645396876294,-0.005510704324633233,0.0004004482141644586
2016-12-01,2017-01-01,lag_10,-0.0051982643192998,-0.0007887626907631784,-0.005510704324633233,0.0004004482141644586
2016-12-01,2017-01-01,lag_11,0.005226534839914,-0.0006895015792451886,-0.005510704324633233,0.0004004482141644586
2016-12-01,2017-01-01,volatility_3m,0.005537163442351034,-0.000999749920274553,-0.005510704324633233,0.0004004482141644586
2017-01-01,2017-02-01,lag_0,-0.0026321858636491,-0.0004434684975512937,-0.00031010849106153385,0.0005597400161071398
2017-01-01,2017-02-01,lag_1,0.0068125945893555,0.001560350051795467,-0.00031010849106153385,0.0005597400161071398
2017-01-01,2017-02-01,lag_2,-0.0041804087257064,-0.0009986535251118767,-0.00031010849106153385,0.0005597400161071398
2017-01-01,2017-02-01,lag_3,0.0001559439981937,0.00010990272990056838,-0.00031010849106153385,0.0005597400161071398
2017-01-01,2017-02-01,lag_4,-0.0010556910872727,-0.0006460415352012206,-0.00031010849106153385,0.0005597400161071398
2017-01-01,2017-02-01,lag_5,-0.0015082196772331,-0.0015374907919976978,-0.00031010849106153385,0.0005597400161071398
2017-01-01,2017-02-01,lag_6,0.0011714023549629,-0.00022263809790729283,-0.00031010849106153385,0.0005597400161071398
2017-01-01,2017-02-01,lag_7,0.0047125884915697,-0.0001606309502926706,-0.00031010849106153385,0.0005597400161071398
2017-01-01,2017-02-01,lag_8,-0.0022703697198567,-0.0004516242430781858,-0.00031010849106153385,0.0005597400161071398
2017-01-01,2017-02-01,lag_9,0.0033764655587065,0.0006644610328203271,-0.00031010849106153385,0.0005597400161071398
2017-01-01,2017-02-01,lag_10,-0.0074475614830165,-4.087126253580209e-05,-0.00031010849106153385,0.0005597400161071398
2017-01-01,2017-02-01,lag_11,-0.0051982643192998,0.001596137559045019,-0.00031010849106153385,0.0005597400161071398
2017-01-01,2017-02-01,volatility_3m,0.005950448074459275,-0.0002992810435898718,-0.00031010849106153385,0.0005597400161071398
2017-02-01,2017-03-01,lag_0,-0.0040228192946498,0.00012496312063831283,0.0026382575253902567,0.0006325336762709019
2017-02-01,2017-03-01,lag_1,-0.0026321858636491,-0.0011527895331346371,0.0026382575253902567,0.0006325336762709019
2017-02-01,2017-03-01,lag_2,0.0068125945893555,0.001360743163013467,0.0026382575253902567,0.0006325336762709019
2017-02-01,2017-03-01,lag_3,-0.0041804087257064,-0.00014719380072165223,0.0026382575253902567,0.0006325336762709019
2017-02-01,2017-03-01,lag_4,0.0001559439981937,3.639327889686683e-05,0.0026382575253902567,0.0006325336762709019
2017-02-01,2017-03-01,lag_5,-0.0010556910872727,-4.236294567817822e-05,0.0026382575253902567,0.0006325336762709019
2017-02-01,2017-03-01,lag_6,-0.0015082196772331,7.036607838927012e-05,0.0026382575253902567,0.0006325336762709019
2017-02-01,2017-03-01,lag_7,0.0011714023549629,-1.5815673177712596e-05,0.0026382575253902567,0.0006325336762709019
2017-02-01,2017-03-01,lag_8,0.0047125884915697,0.0006349768523205057,0.0026382575253902567,0.0006325336762709019
2017-02-01,2017-03-01,lag_9,-0.0022703697198567,-0.0008022692152712807,0.0026382575253902567,0.0006325336762709019
2017-02-01,2017-03-01,lag_10,0.0033764655587065,0.0003323775978242338,0.0026382575253902567,0.0006325336762709019
2017-02-01,2017-03-01,lag_11,-0.0074475614830165,0.0014526425528674737,0.0026382575253902567,0.0006325336762709019
2017-02-01,2017-03-01,volatility_3m,0.005895534089214895,0.0001536923899300291,0.0026382575253902567,0.0006325336762709019
2017-03-01,2017-04-01,lag_0,0.0065772411659166,0.0009790845754832844,-0.0004464580321473798,0.0008398420075721765
2017-03-01,2017-04-01,lag_1,-0.0040228192946498,-0.0011551501633130102,-0.0004464580321473798,0.0008398420075721765
2017-03-01,2017-04-01,lag_2,-0.0026321858636491,-0.0012101089042516832,-0.0004464580321473798,0.0008398420075721765
2017-03-01,2017-04-01,lag_3,0.0068125945893555,0.0004469286046378329,-0.0004464580321473798,0.0008398420075721765
2017-03-01,2017-04-01,lag_4,-0.0041804087257064,-0.00017703109312606103,-0.0004464580321473798,0.0008398420075721765
2017-03-01,2017-04-01,lag_5,0.0001559439981937,-0.00029561155163492,-0.0004464580321473798,0.0008398420075721765
2017-03-01,2017-04-01,lag_6,-0.0010556910872727,0.00034201715136077836,-0.0004464580321473798,0.0008398420075721765
2017-03-01,2017-04-01,lag_7,-0.0015082196772331,-0.0003018095149832334,-0.0004464580321473798,0.0008398420075721765
2017-03-01,2017-04-01,lag_8,0.0011714023549629,0.0006743430902042746,-0.0004464580321473798,0.0008398420075721765
2017-03-01,2017-04-01,lag_9,0.0047125884915697,0.0003288710690526386,-0.0004464580321473798,0.0008398420075721765
2017-03-01,2017-04-01,lag_10,-0.0022703697198567,-0.0002014982059858994,-0.0004464580321473798,0.0008398420075721765
2017-03-01,2017-04-01,lag_11,0.0033764655587065,-0.0004811374989458272,-0.0004464580321473798,0.0008398420075721765
2017-03-01,2017-04-01,volatility_3m,0.0057606233649952505,-0.0002351975656108607,-0.0004464580321473798,0.0008398420075721765
2017-04-01,2017-05-01,lag_0,0.0101359365050237,0.0006602480166316128,0.0030875533993469256,0.0009640897489906325
2017-04-01,2017-05-01,lag_1,0.0065772411659166,0.0008329647761695469,0.0030875533993469256,0.0009640897489906325
2017-04-01,2017-05-01,lag_2,-0.0040228192946498,-0.001339016688011725,0.0030875533993469256,0.0009640897489906325
2017-04-01,2017-05-01,lag_3,-0.0026321858636491,7.864770914238761e-05,0.0030875533993469256,0.0009640897489906325
2017-04-01,2017-05-01,lag_4,0.0068125945893555,-0.00013567456314831361,0.0030875533993469256,0.0009640897489906325
2017-04-01,2017-05-01,lag_5,-0.0041804087257064,0.00030645471428670135,0.0030875533993469256,0.0009640897489906325
2017-04-01,2017-05-01,lag_6,0.0001559439981937,-0.00011601108717968601,0.0030875533993469256,0.0009640897489906325
2017-04-01,2017-05-01,lag_7,-0.0010556910872727,-0.00020403738449203956,0.0030875533993469256,0.0009640897489906325
2017-04-01,2017-05-01,lag_8,-0.0015082196772331,-0.00012909262711218616,0.0030875533993469256,0.0009640897489906325
2017-04-01,2017-05-01,lag_9,0.0011714023549629,-0.0001571729997294824,0.0030875533993469256,0.0009640897489906325
2017-04-01,2017-05-01,lag_10,0.0047125884915697,0.0001547610224042728,0.0030875533993469256,0.0009640897489906325
2017-04-01,2017-05-01,lag_11,-0.0022703697198567,0.00020369655027479894,0.0030875533993469256,0.0009640897489906325
2017-04-01,2017-05-01,volatility_3m,0.007365414223235441,0.0019676961201457745,0.0030875533993469256,0.0009640897489906325
2017-05-01,2017-06-01,lag_0,0.0011830347817092,0.0004631416418305889,0.003587239895117697,0.0011559653660779634
2017-05-01,2017-06-01,lag_1,0.0101359365050237,0.0014843975636540563,0.003587239895117697,0.0011559653660779634
2017-05-01,2017-06-01,lag_2,0.0065772411659166,0.0017133467748317343,0.003587239895117697,0.0011559653660779634
2017-05-01,2017-06-01,lag_3,-0.0040228192946498,-0.00032561816530687795,0.003587239895117697,0.0011559653660779634
2017-05-01,2017-06-01,lag_4,-0.0026321858636491,-0.00049172457417626,0.003587239895117697,0.0011559653660779634
2017-05-01,2017-06-01,lag_5,0.0068125945893555,-0.00012386620862343988,0.003587239895117697,0.0011559653660779634
2017-05-01,2017-06-01,lag_6,-0.0041804087257064,0.00011517392424593708,0.003587239895117697,0.0011559653660779634
2017-05-01,2017-06-01,lag_7,0.0001559439981937,-0.00037317101308872227,0.003587239895117697,0.0011559653660779634
2017-05-01,2017-06-01,lag_8,-0.0010556910872727,3.709661996253999e-05,0.003587239895117697,0.0011559653660779634
2017-05-01,2017-06-01,lag_9,-0.0015082196772331,0.0004147315572902244,0.003587239895117697,0.0011559653660779634
2017-05-01,2017-06-01,lag_10,0.0011714023549629,0.00017627798239573168,0.003587239895117697,0.0011559653660779634
2017-05-01,2017-06-01,lag_11,0.0047125884915697,-0.000686550698596875,0.003587239895117697,0.0011559653660779634
2017-05-01,2017-06-01,volatility_3m,0.004507701267448377,2.8039207791152876e-05,0.003587239895117697,0.0011559653660779634
2017-06-01,2017-07-01,lag_0,0.00205798028521,0.0003268987492128872,-0.00015280198534570115,0.001254907817197312
2017-06-01,2017-07-01,lag_1,0.0011830347817092,-0.0002759711748240079,-0.00015280198534570115,0.001254907817197312
2017-06-01,2017-07-01,lag_2,0.0101359365050237,-0.00021093264109367738,-0.00015280198534570115,0.001254907817197312
2017-06-01,2017-07-01,lag_3,0.0065772411659166,0.00019088195048936997,-0.00015280198534570115,0.001254907817197312
2017-06-01,2017-07-01,lag_4,-0.0040228192946498,-0.00036335481872242783,-0.00015280198534570115,0.001254907817197312
2017-06-01,2017-07-01,lag_5,-0.0026321858636491,-0.0014358175595634748,-0.00015280198534570115,0.001254907817197312
2017-06-01,2017-07-01,lag_6,0.0068125945893555,-0.0001816696376499749,-0.00015280198534570115,0.001254907817197312
2017-06-01,2017-07-01,lag_7,-0.0041804087257064,-0.000346247853267414,-0.00015280198534570115,0.001254907817197312
2017-06-01,2017-07-01,lag_8,0.0001559439981937,0.0009288970904162852,-0.00015280198534570115,0.001254907817197312
2017-06-01,2017-07-01,lag_9,-0.0010556910872727,2.034697558883636e-06,-0.00015280198534570115,0.001254907817197312
2017-06-01,2017-07-01,lag_10,-0.0015082196772331,0.0003654466351940755,-0.00015280198534570115,0.001254907817197312
2017-06-01,2017-07-01,lag_11,0.0011714023549629,-0.00046854357209667795,-0.00015280198534570115,0.001254907817197312
2017-06-01,2017-07-01,volatility_3m,0.004935810564818624,6.0668299802273396e-05,-0.00015280198534570115,0.001254907817197312
2017-07-01,2017-08-01,lag_0,-0.0023975598889283,-0.0012741802720302076,-4.9442775606677305e-05,0.0012723919532712702
2017-07-01,2017-08-01,lag_1,0.00205798028521,0.00033688131105691355,-4.9442775606677305e-05,0.0012723919532712702
2017-07-01,2017-08-01,lag_2,0.0011830347817092,0.0007482126027025515,-4.9442775606677305e-05,0.0012723919532712702
2017-07-01,2017-08-01,lag_3,0.0101359365050237,0.0002736976166488603,-4.9442775606677305e-05,0.0012723919532712702
2017-07-01,2017-08-01,lag_4,0.0065772411659166,0.00017765834421879846,-4.9442775606677305e-05,0.0012723919532712702
2017-07-01,2017-08-01,lag_5,-0.0040228192946498,-0.00028123000241976116,-4.9442775606677305e-05,0.0012723919532712702
2017-07-01,2017-08-01,lag_6,-0.0026321858636491,0.00016481314594784635,-4.9442775606677305e-05,0.0012723919532712702
2017-07-01,2017-08-01,lag_7,0.0068125945893555,9.283751491238945e-05,-4.9442775606677305e-05,0.0012723919532712702
2017-07-01,2017-08-01,lag_8,-0.0041804087257064,-0.0012347023255551903,-4.9442775606677305e-05,0.0012723919532712702
2017-07-01,2017-08-01,lag_9,0.0001559439981937,-0.00013132833928921172,-4.9442775606677305e-05,0.0012723919532712702
2017-07-01,2017-08-01,lag_10,-0.0010556910872727,1.3797759418139322e-05,-4.9442775606677305e-05,0.0012723919532712702
2017-07-01,2017-08-01,lag_11,-0.0015082196772331,-0.00014333144064039517,-4.9442775606677305e-05,0.0012723919532712702
2017-07-01,2017-08-01,volatility_3m,0.0023607211494532164,-6.496074927326845e-05,-4.9442775606677305e-05,0.0012723919532712702
2017-08-01,2017-09-01,lag_0,-0.0041471676206601,-0.0005099706708915619,0.001904154789444962,0.0015013002989702632
2017-08-01,2017-09-01,lag_1,-0.0023975598889283,-0.0008711276354233632,0.001904154789444962,0.0015013002989702632
2017-08-01,2017-09-01,lag_2,0.00205798028521,0.0009201656395907776,0.001904154789444962,0.0015013002989702632
2017-08-01,2017-09-01,lag_3,0.0011830347817092,5.0162741817985076e-05,0.001904154789444962,0.0015013002989702632
2017-08-01,2017-09-01,lag_4,0.0101359365050237,0.0005779935963823846,0.001904154789444962,0.0015013002989702632
2017-08-01,2017-09-01,lag_5,0.0065772411659166,0.00044078742071178566,0.001904154789444962,0.0015013002989702632
2017-08-01,2017-09-01,lag_6,-0.0040228192946498,-0.00014932036197933484,0.001904154789444962,0.0015013002989702632
2017-08-01,2017-09-01,lag_7,-0.0026321858636491,-0.00024839883174536224,0.001904154789444962,0.0015013002989702632
2017-08-01,2017-09-01,lag_8,0.0068125945893555,0.0014669719776202329,0.001904154789444962,0.0015013002989702632
2017-08-01,2017-09-01,lag_9,-0.0041804087257064,-0.0006095431697031018,0.001904154789444962,0.0015013002989702632
2017-08-01,2017-09-01,lag_10,0.0001559439981937,-1.3800927326883539e-05,0.001904154789444962,0.0015013002989702632
2017-08-01,2017-09-01,lag_11,-0.0010556910872727,-0.0005233361282625992,0.001904154789444962,0.0015013002989702632
2017-08-01,2017-09-01,volatility_3m,0.0031993964532918842,-0.00012772916932590305,0.001904154789444962,0.0015013002989702632
2017-09-01,2017-10-01,lag_0,0.0010316416096038,0.0004017661486159341,-0.001392906003065738,0.001528341165280545
2017-09-01,2017-10-01,lag_1,-0.0041471676206601,-0.001395207980090163,-0.001392906003065738,0.001528341165280545
2017-09-01,2017-10-01,lag_2,-0.0023975598889283,-0.000984466322397566,-0.001392906003065738,0.001528341165280545
2017-09-01,2017-10-01,lag_3,0.00205798028521,-0.00043952393791187207,-0.001392906003065738,0.001528341165280545
2017-09-01,2017-10-01,lag_4,0.0011830347817092,0.0005100711423347093,-0.001392906003065738,0.001528341165280545
2017-09-01,2017-10-01,lag_5,0.0101359365050237,0.00030627349567112104,-0.001392906003065738,0.001528341165280545
2017-09-01,2017-10-01,lag_6,0.0065772411659166,-0.00014111377296103456,-0.001392906003065738,0.001528341165280545
2017-09-01,2017-10-01,lag_7,-0.0040228192946498,-0.00017932540508127203,-0.001392906003065738,0.001528341165280545
2017-09-01,2017-10-01,lag_8,-0.0026321858636491,-0.0007445846508244359,-0.001392906003065738,0.001528341165280545
2017-09-01,2017-10-01,lag_9,0.0068125945893555,0.0002733525965129502,-0.001392906003065738,0.001528341165280545
2017-09-01,2017-10-01,lag_10,-0.0041804087257064,-0.0001347248527645206,-0.001392906003065738,0.001528341165280545
2017-09-01,2017-10-01,lag_11,0.0001559439981937,-0.0002479276532449148,-0.001392906003065738,0.001528341165280545
2017-09-01,2017-10-01,volatility_3m,0.002634407434191386,-0.00014583594895157149,-0.001392906003065738,0.001528341165280545
2017-10-01,2017-11-01,lag_0,0.0122429513273667,0.003496180754859779,0.0063799473047058755,0.0016305085517453835
2017-10-01,2017-11-01,lag_1,0.0010316416096038,-0.00033033259298463234,0.0063799473047058755,0.0016305085517453835
2017-10-01,2017-11-01,lag_2,-0.0041471676206601,-0.0009207324193175737,0.0063799473047058755,0.0016305085517453835
2017-10-01,2017-11-01,lag_3,-0.0023975598889283,0.0003780989515416877,0.0063799473047058755,0.0016305085517453835
2017-10-01,2017-11-01,lag_4,0.00205798028521,-0.00011720494893779687,0.0063799473047058755,0.0016305085517453835
2017-10-01,2017-11-01,lag_5,0.0011830347817092,0.00010087906382523215,0.0063799473047058755,0.0016305085517453835
2017-10-01,2017-11-01,lag_6,0.0101359365050237,0.0001674384104217097,0.0063799473047058755,0.0016305085517453835
2017-10-01,2017-11-01,lag_7,0.0065772411659166,0.00027139283545693613,0.0063799473047058755,0.0016305085517453835
2017-10-01,2017-11-01,lag_8,-0.0040228192946498,-0.0009253826551969269,0.0063799473047058755,0.0016305085517453835
2017-10-01,2017-11-01,lag_9,-0.0026321858636491,-0.0010058487985861574,0.0063799473047058755,0.0016305085517453835
2017-10-01,2017-11-01,lag_10,0.0068125945893555,0.0003356098893300441,0.0063799473047058755,0.0016305085517453835
2017-10-01,2017-11-01,lag_11,-0.0041804087257064,0.0012997152254092725,0.0063799473047058755,0.0016305085517453835
2017-10-01,2017-11-01,volatility_3m,0.008378042032216702,0.001999625114240189,0.0063799473047058755,0.0016305085517453835
2017-11-01,2017-12-01,lag_0,0.0023896267805678,-0.00040362488607797786,0.002377245644532394,0.0015263356029190894
2017-11-01,2017-12-01,lag_1,0.0122429513273667,0.0012750333062012942,0.002377245644532394,0.0015263356029190894
2017-11-01,2017-12-01,lag_2,0.0010316416096038,0.0005285998538238346,0.002377245644532394,0.0015263356029190894
2017-11-01,2017-12-01,lag_3,-0.0041471676206601,-2.4840158871484164e-05,0.002377245644532394,0.0015263356029190894
2017-11-01,2017-12-01,lag_4,-0.0023975598889283,-0.0005035952968864876,0.002377245644532394,0.0015263356029190894
2017-11-01,2017-12-01,lag_5,0.00205798028521,-0.00016611339961855265,0.002377245644532394,0.0015263356029190894
2017-11-01,2017-12-01,lag_6,0.0011830347817092,-3.68937890016241e-06,0.002377245644532394,0.0015263356029190894
2017-11-01,2017-12-01,lag_7,0.0101359365050237,0.0004285575226367655,0.002377245644532394,0.0015263356029190894
2017-11-01,2017-12-01,lag_8,0.0065772411659166,0.00018247084703034488,0.002377245644532394,0.0015263356029190894
2017-11-01,2017-12-01,lag_9,-0.0040228192946498,-0.0005838526336810901,0.002377245644532394,0.0015263356029190894
2017-11-01,2017-12-01,lag_10,-0.0026321858636491,-7.737593125057174e-05,0.002377245644532394,0.0015263356029190894
2017-11-01,2017-12-01,lag_11,0.0068125945893555,-0.00028497864002019924,0.002377245644532394,0.0015263356029190894
2017-11-01,2017-12-01,volatility_3m,0.006118627214453592,0.0004843189831353811,0.002377245644532394,0.0015263356029190894
2017-12-01,2018-01-01,lag_0,0.0019533298635989,-0.0005288187603491679,0.0007169932551340488,0.0015628999767765737
2017-12-01,2018-01-01,lag_1,0.0023896267805678,-0.00014151629171465173,0.0007169932551340488,0.0015628999767765737
2017-12-01,2018-01-01,lag_2,0.0122429513273667,0.0008407141750649316,0.0007169932551340488,0.0015628999767765737
2017-12-01,2018-01-01,lag_3,0.0010316416096038,-0.00044045557495564936,0.0007169932551340488,0.0015628999767765737
2017-12-01,2018-01-01,lag_4,-0.0041471676206601,-0.0002953556049419603,0.0007169932551340488,0.0015628999767765737
2017-12-01,2018-01-01,lag_5,-0.0023975598889283,-0.0013108426728922495,0.0007169932551340488,0.0015628999767765737
2017-12-01,2018-01-01,lag_6,0.00205798028521,-0.00018065880447466043,0.0007169932551340488,0.0015628999767765737
2017-12-01,2018-01-01,lag_7,0.0011830347817092,0.00015208912527214124,0.0007169932551340488,0.0015628999767765737
2017-12-01,2018-01-01,lag_8,0.0101359365050237,0.0002663793271358372,0.0007169932551340488,0.0015628999767765737
2017-12-01,2018-01-01,lag_9,0.0065772411659166,0.00034347415385809654,0.0007169932551340488,0.0015628999767765737
2017-12-01,2018-01-01,lag_10,-0.0040228192946498,7.759203127989167e-05,0.0007169932551340488,0.0015628999767765737
2017-12-01,2018-01-01,lag_11,-0.0026321858636491,0.00021165434536328574,0.0007169932551340488,0.0015628999767765737
2017-12-01,2018-01-01,volatility_3m,0.005818858271344092,0.00015983781180693767,0.0007169932551340488,0.0015628999767765737
2018-01-01,2018-02-01,lag_0,-1.872595501151153e-05,-0.0002610151345106715,0.0017879794514403559,0.0013978698979957263
2018-01-01,2018-02-01,lag_1,0.0019533298635989,-3.1279195663955764e-05,0.0017879794514403559,0.0013978698979957263
2018-01-01,2018-02-01,lag_2,0.0023896267805678,0.00015748692603665405,0.0017879794514403559,0.0013978698979957263
2018-01-01,2018-02-01,lag_3,0.0122429513273667,0.0007431711411209108,0.0017879794514403559,0.0013978698979957263
2018-01-01,2018-02-01,lag_4,0.0010316416096038,0.00031549357305948433,0.0017879794514403559,0.0013978698979957263
2018-01-01,2018-02-01,lag_5,-0.0041471676206601,-0.00026914386752650897,0.0017879794514403559,0.0013978698979957263
2018-01-01,2018-02-01,lag_6,-0.0023975598889283,3.442524618094467e-05,0.0017879794514403559,0.0013978698979957263
2018-01-01,2018-02-01,lag_7,0.00205798028521,-1.9498288702379797e-06,0.0017879794514403559,0.0013978698979957263
2018-01-01,2018-02-01,lag_8,0.0011830347817092,0.0003858577012852038,0.0017879794514403559,0.0013978698979957263
2018-01-01,2018-02-01,lag_9,0.0101359365050237,0.00036561106240583284,0.0017879794514403559,0.0013978698979957263
2018-01-01,2018-02-01,lag_10,0.0065772411659166,-0.00037410559117688534,0.0017879794514403559,0.0013978698979957263
2018-01-01,2018-02-01,lag_11,-0.0040228192946498,0.0005535952508307673,0.0017879794514403559,0.0013978698979957263
2018-01-01,2018-02-01,volatility_3m,0.0012831940649829043,-0.0012280376303237972,0.0017879794514403559,0.0013978698979957263
2018-02-01,2018-03-01,lag_0,0.0024216066290527,-4.792382421783259e-05,-0.0009114152620614473,0.0014368313487210741
2018-02-01,2018-03-01,lag_1,-1.872595501151153e-05,-0.000583234547310667,-0.0009114152620614473,0.0014368313487210741
2018-02-01,2018-03-01,lag_2,0.0019533298635989,0.00037063559567286576,-0.0009114152620614473,0.0014368313487210741
2018-02-01,2018-03-01,lag_3,0.0023896267805678,3.325626738160281e-05,-0.0009114152620614473,0.0014368313487210741
2018-02-01,2018-03-01,lag_4,0.0122429513273667,0.00041121781268884663,-0.0009114152620614473,0.0014368313487210741
2018-02-01,2018-03-01,lag_5,0.0010316416096038,-5.447389385153656e-06,-0.0009114152620614473,0.0014368313487210741
2018-02-01,2018-03-01,lag_6,-0.0041471676206601,-0.0004746135228015191,-0.0009114152620614473,0.0014368313487210741
2018-02-01,2018-03-01,lag_7,-0.0023975598889283,-0.0005013847923328285,-0.0009114152620614473,0.0014368313487210741
2018-02-01,2018-03-01,lag_8,0.00205798028521,0.0006556910247127234,-0.0009114152620614473,0.0014368313487210741
2018-02-01,2018-03-01,lag_9,0.0011830347817092,-0.00014718422207806725,-0.0009114152620614473,0.0014368313487210741
2018-02-01,2018-03-01,lag_10,0.0101359365050237,-0.0008047320510468126,-0.0009114152620614473,0.0014368313487210741
2018-02-01,2018-03-01,lag_11,0.0065772411659166,-0.00042395499847771136,-0.0009114152620614473,0.0014368313487210741
2018-02-01,2018-03-01,volatility_3m,0.0012950875389733678,-0.0008305720184534948,-0.0009114152620614473,0.0014368313487210741
2018-03-01,2018-04-01,lag_0,0.004886354634384,0.0005390648142747522,-0.0005060700952011737,0.001490854942745738
2018-03-01,2018-04-01,lag_1,0.0024216066290527,-0.0002805557929968927,-0.0005060700952011737,0.001490854942745738
2018-03-01,2018-04-01,lag_2,-1.872595501151153e-05,-0.0010554524139661226,-0.0005060700952011737,0.001490854942745738
2018-03-01,2018-04-01,lag_3,0.0019533298635989,-4.590929662299459e-05,-0.0005060700952011737,0.001490854942745738
2018-03-01,2018-04-01,lag_4,0.0023896267805678,0.00014496140486699004,-0.0005060700952011737,0.001490854942745738
2018-03-01,2018-04-01,lag_5,0.0122429513273667,0.0007936102173152904,-0.0005060700952011737,0.001490854942745738
2018-03-01,2018-04-01,lag_6,0.0010316416096038,-0.00012652038254600483,-0.0005060700952011737,0.001490854942745738
2018-03-01,2018-04-01,lag_7,-0.0041471676206601,-0.00023808182930224576,-0.0005060700952011737,0.001490854942745738
2018-03-01,2018-04-01,lag_8,-0.0023975598889283,-0.00014500798589324405,-0.0005060700952011737,0.001490854942745738
2018-03-01,2018-04-01,lag_9,0.00205798028521,-5.2806022063123236e-05,-0.0005060700952011737,0.001490854942745738
2018-03-01,2018-04-01,lag_10,0.0011830347817092,-0.00034683238800880644,-0.0005060700952011737,0.001490854942745738
2018-03-01,2018-04-01,lag_11,0.0101359365050237,-0.0010666140546209135,-0.0005060700952011737,0.001490854942745738
2018-03-01,2018-04-01,volatility_3m,0.002452550422148841,-0.000116781246147184,-0.0005060700952011737,0.001490854942745738
2018-04-01,2018-05-01,lag_0,0.0109585819031714,0.0030101112689226283,0.003918006022814921,0.0014972369550853752
2018-04-01,2018-05-01,lag_1,0.004886354634384,0.0010578940804134617,0.003918006022814921,0.0014972369550853752
2018-04-01,2018-05-01,lag_2,0.0024216066290527,0.0008852148321648201,0.003918006022814921,0.0014972369550853752
2018-04-01,2018-05-01,lag_3,-1.872595501151153e-05,-6.215880550371367e-05,0.003918006022814921,0.0014972369550853752
2018-04-01,2018-05-01,lag_4,0.0019533298635989,-0.0001230557506187324,0.003918006022814921,0.0014972369550853752
2018-04-01,2018-05-01,lag_5,0.0023896267805678,-0.000534539063187367,0.003918006022814921,0.0014972369550853752
2018-04-01,2018-05-01,lag_6,0.0122429513273667,-6.318679496757795e-05,0.003918006022814921,0.0014972369550853752
2018-04-01,2018-05-01,lag_7,0.0010316416096038,-8.920233802200527e-05,0.003918006022814921,0.0014972369550853752
2018-04-01,2018-05-01,lag_8,-0.0041471676206601,-0.0005060713529201166,0.003918006022814921,0.0014972369550853752
2018-04-01,2018-05-01,lag_9,-0.0023975598889283,-0.0009501445523528673,0.003918006022814921,0.0014972369550853752
2018-04-01,2018-05-01,lag_10,0.00205798028521,0.0003910235491343883,0.003918006022814921,0.0014972369550853752
2018-04-01,2018-05-01,lag_11,0.0011830347817092,-0.00035673244313329635,0.003918006022814921,0.0014972369550853752
2018-04-01,2018-05-01,volatility_3m,0.004393686257280705,-0.0002383834957072395,0.003918006022814921,0.0014972369550853752
2018-05-01,2018-06-01,lag_0,-0.0090456654231489,-0.004179098256536236,-0.0017999852414451942,0.0012498613382776879
2018-05-01,2018-06-01,lag_1,0.0109585819031714,0.0009488282022084605,-0.0017999852414451942,0.0012498613382776879
2018-05-01,2018-06-01,lag_2,0.004886354634384,0.0006954178116029652,-0.0017999852414451942,0.0012498613382776879
2018-05-01,2018-06-01,lag_3,0.0024216066290527,-0.00045447373586284814,-0.0017999852414451942,0.0012498613382776879
2018-05-01,2018-06-01,lag_4,-1.872595501151153e-05,0.00022352034487994389,-0.0017999852414451942,0.0012498613382776879
2018-05-01,2018-06-01,lag_5,0.0019533298635989,-2.5243621166737285e-05,-0.0017999852414451942,0.0012498613382776879
2018-05-01,2018-06-01,lag_6,0.0023896267805678,9.067594928637845e-05,-0.0017999852414451942,0.0012498613382776879
2018-05-01,2018-06-01,lag_7,0.0122429513273667,0.0006844577299852972,-0.0017999852414451942,0.0012498613382776879
2018-05-01,2018-06-01,lag_8,0.0010316416096038,0.0007271349236134484,-0.0017999852414451942,0.0012498613382776879
2018-05-01,2018-06-01,lag_9,-0.0041471676206601,-0.0006826924826145842,-0.0017999852414451942,0.0012498613382776879
2018-05-01,2018-06-01,lag_10,-0.0023975598889283,-0.0006975036892254139,-0.0017999852414451942,0.0012498613382776879
2018-05-01,2018-06-01,lag_11,0.00205798028521,-0.0004249891466133704,-0.0017999852414451942,0.0012498613382776879
2018-05-01,2018-06-01,volatility_3m,0.010256242310416757,4.411950478129256e-05,-0.0017999852414451942,0.0012498613382776879
2018-06-01,2018-07-01,lag_0,0.0077393231839559,0.0004490960838211322,0.006590093478876992,0.0012577128953004133
2018-06-01,2018-07-01,lag_1,-0.0090456654231489,-0.0002641474830306834,0.006590093478876992,0.0012577128953004133
2018-06-01,2018-07-01,lag_2,0.0109585819031714,0.0012147755922705982,0.006590093478876992,0.0012577128953004133
2018-06-01,2018-07-01,lag_3,0.004886354634384,0.0004803595470229993,0.006590093478876992,0.0012577128953004133
2018-06-01,2018-07-01,lag_4,0.0024216066290527,0.0004566031865306286,0.006590093478876992,0.0012577128953004133
2018-06-01,2018-07-01,lag_5,-1.872595501151153e-05,0.00014486862280136848,0.006590093478876992,0.0012577128953004133
2018-06-01,2018-07-01,lag_6,0.0019533298635989,3.749391130440927e-05,0.006590093478876992,0.0012577128953004133
2018-06-01,2018-07-01,lag_7,0.0023896267805678,-1.2285949214856373e-05,0.006590093478876992,0.0012577128953004133
2018-06-01,2018-07-01,lag_8,0.0122429513273667,0.0015461052752198156,0.006590093478876992,0.0012577128953004133
2018-06-01,2018-07-01,lag_9,0.0010316416096038,-3.7185164824222735e-05,0.006590093478876992,0.0012577128953004133
2018-06-01,2018-07-01,lag_10,-0.0041471676206601,0.00010132240996881592,0.006590093478876992,0.0012577128953004133
2018-06-01,2018-07-01,lag_11,-0.0023975598889283,0.0001480383568389243,0.006590093478876992,0.0012577128953004133
2018-06-01,2018-07-01,volatility_3m,0.010741425885595728,0.00106733627344056,0.006590093478876992,0.0012577128953004133
2018-07-01,2018-08-01,lag_0,0.0016130706732431,-0.00014370871655501106,0.004121745126242458,0.0013324032639810512
2018-07-01,2018-08-01,lag_1,0.0077393231839559,0.0007376635364016692,0.004121745126242458,0.0013324032639810512
2018-07-01,2018-08-01,lag_2,-0.0090456654231489,-0.0016253285677885288,0.004121745126242458,0.0013324032639810512
2018-07-01,2018-08-01,lag_3,0.0109585819031714,0.0008601364598689543,0.004121745126242458,0.0013324032639810512
2018-07-01,2018-08-01,lag_4,0.004886354634384,-0.00023131480407755588,0.004121745126242458,0.0013324032639810512
2018-07-01,2018-08-01,lag_5,0.0024216066290527,-0.0001595652500827782,0.004121745126242458,0.0013324032639810512
2018-07-01,2018-08-01,lag_6,-1.872595501151153e-05,-0.00013827687669163425,0.004121745126242458,0.0013324032639810512
2018-07-01,2018-08-01,lag_7,0.0019533298635989,3.1938152460497804e-05,0.004121745126242458,0.0013324032639810512
2018-07-01,2018-08-01,lag_8,0.0023896267805678,0.0007769595699392085,0.004121745126242458,0.0013324032639810512
2018-07-01,2018-08-01,lag_9,0.0122429513273667,-0.0002813781393433601,0.004121745126242458,0.0013324032639810512
2018-07-01,2018-08-01,lag_10,0.0010316416096038,5.769456456619082e-06,0.004121745126242458,0.0013324032639810512
2018-07-01,2018-08-01,lag_11,-0.0041471676206601,0.0007265794830527739,0.004121745126242458,0.0013324032639810512
2018-07-01,2018-08-01,volatility_3m,0.008493874925872393,0.002229867550609015,0.004121745126242458,0.0013324032639810512
2018-08-01,2018-09-01,lag_0,0.006442729109767,0.00044732092954291147,0.0023247224827061585,0.001168711907106859
2018-08-01,2018-09-01,lag_1,0.0016130706732431,-0.0001589773246473669,0.0023247224827061585,0.001168711907106859
2018-08-01,2018-09-01,lag_2,0.0077393231839559,0.0012178179276179436,0.0023247224827061585,0.001168711907106859
2018-08-01,2018-09-01,lag_3,-0.0090456654231489,-0.0005992328360116517,0.0023247224827061585,0.001168711907106859
2018-08-01,2018-09-01,lag_4,0.0109585819031714,0.00015204103202449916,0.0023247224827061585,0.001168711907106859
2018-08-01,2018-09-01,lag_5,0.004886354634384,0.00039536770045970113,0.0023247224827061585,0.001168711907106859
2018-08-01,2018-09-01,lag_6,0.0024216066290527,3.292110612164833e-05,0.0023247224827061585,0.001168711907106859
2018-08-01,2018-09-01,lag_7,-1.872595501151153e-05,-0.00010709682270316989,0.0023247224827061585,0.001168711907106859
2018-08-01,2018-09-01,lag_8,0.0019533298635989,0.00056786730143358,0.0023247224827061585,0.001168711907106859
2018-08-01,2018-09-01,lag_9,0.0023896267805678,-0.0001096557079199556,0.0023247224827061585,0.001168711907106859
2018-08-01,2018-09-01,lag_10,0.0122429513273667,-0.00023837252362227446,0.0023247224827061585,0.001168711907106859
2018-08-01,2018-09-01,lag_11,0.0010316416096038,-0.00025513276017591124,0.0023247224827061585,0.001168711907106859
2018-08-01,2018-09-01,volatility_3m,0.003228460072328683,-0.00018885749814671727,0.0023247224827061585,0.001168711907106859
2018-09-01,2018-10-01,lag_0,0.0006505452749951,-0.0003434697547527321,0.0028291448967581534,0.0012145142751532687
2018-09-01,2018-10-01,lag_1,0.006442729109767,0.0008864284193066396,0.0028291448967581534,0.0012145142751532687
2018-09-01,2018-10-01,lag_2,0.0016130706732431,0.0005175788777660273,0.0028291448967581534,0.0012145142751532687
2018-09-01,2018-10-01,lag_3,0.0077393231839559,0.0001738638621645805,0.0028291448967581534,0.0012145142751532687
2018-09-01,2018-10-01,lag_4,-0.0090456654231489,0.0005197254231279658,0.0028291448967581534,0.0012145142751532687
2018-09-01,2018-10-01,lag_5,0.0109585819031714,0.0012349459973120247,0.0028291448967581534,0.0012145142751532687
2018-09-01,2018-10-01,lag_6,0.004886354634384,-7.921014798739634e-06,0.0028291448967581534,0.0012145142751532687
2018-09-01,2018-10-01,lag_7,0.0024216066290527,2.440958136048721e-05,0.0028291448967581534,0.0012145142751532687
2018-09-01,2018-10-01,lag_8,-1.872595501151153e-05,-0.00018420446319396432,0.0028291448967581534,0.0012145142751532687
2018-09-01,2018-10-01,lag_9,0.0019533298635989,-9.886574587653741e-05,0.0028291448967581534,0.0012145142751532687
2018-09-01,2018-10-01,lag_10,0.0023896267805678,0.0002270770967743374,0.0028291448967581534,0.0012145142751532687
2018-09-01,2018-10-01,lag_11,0.0122429513273667,-0.001075460147967533,0.0028291448967581534,0.0012145142751532687
2018-09-01,2018-10-01,volatility_3m,0.003103800072264961,-0.0002594775222632961,0.0028291448967581534,0.0012145142751532687
2018-10-01,2018-11-01,lag_0,-0.0011033900564871,0.00010868547787140414,0.0030428001920362515,0.0011801432564781372
2018-10-01,2018-11-01,lag_1,0.0006505452749951,-0.0006982481893464865,0.0030428001920362515,0.0011801432564781372
2018-10-01,2018-11-01,lag_2,0.006442729109767,0.0014090638025481895,0.0030428001920362515,0.0011801432564781372
2018-10-01,2018-11-01,lag_3,0.0016130706732431,8.170919885742478e-05,0.0030428001920362515,0.0011801432564781372
2018-10-01,2018-11-01,lag_4,0.0077393231839559,0.00014223238250451686,0.0030428001920362515,0.0011801432564781372
2018-10-01,2018-11-01,lag_5,-0.0090456654231489,0.00020146304348600097,0.0030428001920362515,0.0011801432564781372
2018-10-01,2018-11-01,lag_6,0.0109585819031714,0.00027800405955076714,0.0030428001920362515,0.0011801432564781372
2018-10-01,2018-11-01,lag_7,0.004886354634384,-0.00039746103829202184,0.0030428001920362515,0.0011801432564781372
2018-10-01,2018-11-01,lag_8,0.0024216066290527,0.0008372016987561892,0.0030428001920362515,0.0011801432564781372
2018-10-01,2018-11-01,lag_9,-1.872595501151153e-05,9.953661578947503e-06,0.0030428001920362515,0.0011801432564781372
2018-10-01,2018-11-01,lag_10,0.0019533298635989,0.00022697905280892882,0.0030428001920362515,0.0011801432564781372
2018-10-01,2018-11-01,lag_11,0.0023896267805678,-9.97157564961526e-05,0.0030428001920362515,0.0011801432564781372
2018-10-01,2018-11-01,volatility_3m,0.003949042018728972,-0.0002372105141284919,0.0030428001920362515,0.0011801432564781372
2018-11-01,2018-12-01,lag_0,0.000793064524438,-0.00011988127370273105,0.0005565341366093223,0.0010894473297460216
2018-11-01,2018-12-01,lag_1,-0.0011033900564871,-0.0007647977801934758,0.0005565341366093223,0.0010894473297460216
2018-11-01,2018-12-01,lag_2,0.0006505452749951,-0.0001359444615081884,0.0005565341366093223,0.0010894473297460216
2018-11-01,2018-12-01,lag_3,0.006442729109767,-1.4435976827371633e-05,0.0005565341366093223,0.0010894473297460216
2018-11-01,2018-12-01,lag_4,0.0016130706732431,0.00021596467599920287,0.0005565341366093223,0.0010894473297460216
2018-11-01,2018-12-01,lag_5,0.0077393231839559,0.00044012282188759855,0.0005565341366093223,0.0010894473297460216
2018-11-01,2018-12-01,lag_6,-0.0090456654231489,1.6252997738774866e-07,0.0005565341366093223,0.0010894473297460216
2018-11-01,2018-12-01,lag_7,0.0109585819031714,0.00040031063861306393,0.0005565341366093223,0.0010894473297460216
2018-11-01,2018-12-01,lag_8,0.004886354634384,0.00015802136441379845,0.0005565341366093223,0.0010894473297460216
2018-11-01,2018-12-01,lag_9,0.0024216066290527,7.317251441236295e-05,0.0005565341366093223,0.0010894473297460216
2018-11-01,2018-12-01,lag_10,-1.872595501151153e-05,0.00031515669792497647,0.0005565341366093223,0.0010894473297460216
2018-11-01,2018-12-01,lag_11,0.0019533298635989,-0.0004314117988997168,0.0005565341366093223,0.0010894473297460216
2018-11-01,2018-12-01,volatility_3m,0.0010561834484749907,-0.0006693531790915586,0.0005565341366093223,0.0010894473297460216
2018-12-01,2019-01-01,lag_0,0.0002450018435427,0.0001810702793136443,0.0014243178857885203,0.0011610735937290046
2018-12-01,2019-01-01,lag_1,0.000793064524438,-0.0002869608102901111,0.0014243178857885203,0.0011610735937290046
2018-12-01,2019-01-01,lag_2,-0.0011033900564871,-0.00030206618963347866,0.0014243178857885203,0.0011610735937290046
2018-12-01,2019-01-01,lag_3,0.0006505452749951,-0.00036623999795210694,0.0014243178857885203,0.0011610735937290046
2018-12-01,2019-01-01,lag_4,0.006442729109767,0.0003705613434249244,0.0014243178857885203,0.0011610735937290046
2018-12-01,2019-01-01,lag_5,0.0016130706732431,0.00027951345620408574,0.0014243178857885203,0.0011610735937290046
2018-12-01,2019-01-01,lag_6,0.0077393231839559,-0.0003492244272820244,0.0014243178857885203,0.0011610735937290046
2018-12-01,2019-01-01,lag_7,-0.0090456654231489,6.566733437921357e-05,0.0014243178857885203,0.0011610735937290046
2018-12-01,2019-01-01,lag_8,0.0109585819031714,0.0011824472194712143,0.0014243178857885203,0.0011610735937290046
2018-12-01,2019-01-01,lag_9,0.004886354634384,0.00021548860629536649,0.0014243178857885203,0.0011610735937290046
2018-12-01,2019-01-01,lag_10,0.0024216066290527,0.00017703402025745163,0.0014243178857885203,0.0011610735937290046
2018-12-01,2019-01-01,lag_11,-1.872595501151153e-05,-0.0003121891117029918,0.0014243178857885203,0.0011610735937290046
2018-12-01,2019-01-01,volatility_3m,0.0009759673317421981,-0.000591857381787122,0.0014243178857885203,0.0011610735937290046
2019-01-01,2019-02-01,lag_0,-0.0066652230383583,-0.0013667135088508075,-0.0032341220840907342,0.0010315512695946093
2019-01-01,2019-02-01,lag_1,0.0002450018435427,-0.0013934939907994702,-0.0032341220840907342,0.0010315512695946093
2019-01-01,2019-02-01,lag_2,0.000793064524438,-0.0006096090154096601,-0.0032341220840907342,0.0010315512695946093
2019-01-01,2019-02-01,lag_3,-0.0011033900564871,9.99241584122501e-05,-0.0032341220840907342,0.0010315512695946093
2019-01-01,2019-02-01,lag_4,0.0006505452749951,0.00022583496876904974,-0.0032341220840907342,0.0010315512695946093
2019-01-01,2019-02-01,lag_5,0.006442729109767,-0.0001556446253607646,-0.0032341220840907342,0.0010315512695946093
2019-01-01,2019-02-01,lag_6,0.0016130706732431,-0.00019707154685420393,-0.0032341220840907342,0.0010315512695946093
2019-01-01,2019-02-01,lag_7,0.0077393231839559,0.0002740672329582594,-0.0032341220840907342,0.0010315512695946093
2019-01-01,2019-02-01,lag_8,-0.0090456654231489,-0.0022852574332955554,-0.0032341220840907342,0.0010315512695946093
2019-01-01,2019-02-01,lag_9,0.0109585819031714,0.0008745132949593426,-0.0032341220840907342,0.0010315512695946093
2019-01-01,2019-02-01,lag_10,0.004886354634384,0.0012230980458070918,-0.0032341220840907342,0.0010315512695946093
2019-01-01,2019-02-01,lag_11,0.0024216066290527,-0.0005066834970193668,-0.0032341220840907342,0.0010315512695946093
2019-01-01,2019-02-01,volatility_3m,0.004156874506765786,-0.00044863742832149003,-0.0032341220840907342,0.0010315512695946093
2019-02-01,2019-03-01,lag_0,-0.0054790884900661,-0.00016980737629637588,-0.0014397863477664601,0.0010348872477477925
2019-02-01,2019-03-01,lag_1,-0.0066652230383583,-0.00037542187679719065,-0.0014397863477664601,0.0010348872477477925
2019-02-01,2019-03-01,lag_2,0.0002450018435427,-0.0006709353199130419,-0.0014397863477664601,0.0010348872477477925
2019-02-01,2019-03-01,lag_3,0.000793064524438,-0.0004479925999703482,-0.0014397863477664601,0.0010348872477477925
2019-02-01,2019-03-01,lag_4,-0.0011033900564871,-0.00037685091479943366,-0.0014397863477664601,0.0010348872477477925
2019-02-01,2019-03-01,lag_5,0.0006505452749951,-7.05548279802315e-05,-0.0014397863477664601,0.0010348872477477925
2019-02-01,2019-03-01,lag_6,0.006442729109767,1.2881673555966699e-05,-0.0014397863477664601,0.0010348872477477925
2019-02-01,2019-03-01,lag_7,0.0016130706732431,-8.55721211371474e-05,-0.0014397863477664601,0.0010348872477477925
2019-02-01,2019-03-01,lag_8,0.0077393231839559,0.0010343937393508895,-0.0014397863477664601,0.0010348872477477925
2019-02-01,2019-03-01,lag_9,-0.0090456654231489,-0.0007394965753110227,-0.0014397863477664601,0.0010348872477477925
2019-02-01,2019-03-01,lag_10,0.0109585819031714,-6.37872580250587e-05,-0.0014397863477664601,0.0010348872477477925
2019-02-01,2019-03-01,lag_11,0.004886354634384,-0.0003995648723866907,-0.0014397863477664601,0.0010348872477477925
2019-02-01,2019-03-01,volatility_3m,0.003695116895589135,-0.00012196531597510329,-0.0014397863477664601,0.0010348872477477925
2019-03-01,2019-04-01,lag_0,0.0003752804925412,9.855601782874146e-05,0.0018634111121099593,0.0009188242855694933
2019-03-01,2019-04-01,lag_1,-0.0054790884900661,-0.0003102425162160216,0.0018634111121099593,0.0009188242855694933
2019-03-01,2019-04-01,lag_2,-0.0066652230383583,-0.0014615795696681744,0.0018634111121099593,0.0009188242855694933
2019-03-01,2019-04-01,lag_3,0.0002450018435427,-0.00011722798238679388,0.0018634111121099593,0.0009188242855694933
2019-03-01,2019-04-01,lag_4,0.000793064524438,0.00027443400103038584,0.0018634111121099593,0.0009188242855694933
2019-03-01,2019-04-01,lag_5,-0.0011033900564871,0.00024339139604308003,0.0018634111121099593,0.0009188242855694933
2019-03-01,2019-04-01,lag_6,0.0006505452749951,0.000261149660314004,0.0018634111121099593,0.0009188242855694933
2019-03-01,2019-04-01,lag_7,0.006442729109767,0.0006314236547950713,0.0018634111121099593,0.0009188242855694933
2019-03-01,2019-04-01,lag_8,0.0016130706732431,0.0008366202034812886,0.0018634111121099593,0.0009188242855694933
2019-03-01,2019-04-01,lag_9,0.0077393231839559,0.00041102786094143084,0.0018634111121099593,0.0009188242855694933
2019-03-01,2019-04-01,lag_10,-0.0090456654231489,0.0011724610970213689,0.0018634111121099593,0.0009188242855694933
2019-03-01,2019-04-01,lag_11,0.0109585819031714,-0.0012423322807671867,0.0018634111121099593,0.0009188242855694933
2019-03-01,2019-04-01,volatility_3m,0.0037693775197808433,0.00014690536578655156,0.0018634111121099593,0.0009188242855694933
2019-04-01,2019-05-01,lag_0,-0.0058659771411617,-0.000155838953392049,0.0010611574260842441,0.0009782989456573583
2019-04-01,2019-05-01,lag_1,0.0003752804925412,-0.0007819673047652031,0.0010611574260842441,0.0009782989456573583
2019-04-01,2019-05-01,lag_2,-0.0054790884900661,-0.0009726454200699664,0.0010611574260842441,0.0009782989456573583
2019-04-01,2019-05-01,lag_3,-0.0066652230383583,0.0009720598163630712,0.0010611574260842441,0.0009782989456573583
2019-04-01,2019-05-01,lag_4,0.0002450018435427,-0.00015750625075270364,0.0010611574260842441,0.0009782989456573583
2019-04-01,2019-05-01,lag_5,0.000793064524438,0.00010892629688896704,0.0010611574260842441,0.0009782989456573583
2019-04-01,2019-05-01,lag_6,-0.0011033900564871,0.00016878958936104028,0.0010611574260842441,0.0009782989456573583
2019-04-01,2019-05-01,lag_7,0.0006505452749951,-0.00029437973729272925,0.0010611574260842441,0.0009782989456573583
2019-04-01,2019-05-01,lag_8,0.006442729109767,0.00013470677361056006,0.0010611574260842441,0.0009782989456573583
2019-04-01,2019-05-01,lag_9,0.0016130706732431,-8.689285286891391e-06,0.0010611574260842441,0.0009782989456573583
2019-04-01,2019-05-01,lag_10,0.0077393231839559,-0.00035769526492003935,0.0010611574260842441,0.0009782989456573583
2019-04-01,2019-05-01,lag_11,-0.0090456654231489,0.0016772707259701746,0.0010611574260842441,0.0009782989456573583
2019-04-01,2019-05-01,volatility_3m,0.0034970610485357493,-0.000250172518672116,0.0010611574260842441,0.0009782989456573583
2019-05-01,2019-06-01,lag_0,0.001153098346327,5.6848819249353254e-05,0.00043052718706232797,0.0009511721287500257
2019-05-01,2019-06-01,lag_1,-0.0058659771411617,-0.0001657525404516491,0.00043052718706232797,0.0009511721287500257
2019-05-01,2019-06-01,lag_2,0.0003752804925412,-0.0005299282144369499,0.00043052718706232797,0.0009511721287500257
2019-05-01,2019-06-01,lag_3,-0.0054790884900661,-0.00037040478924382114,0.00043052718706232797,0.0009511721287500257
2019-05-01,2019-06-01,lag_4,-0.0066652230383583,-1.2276815832592547e-05,0.00043052718706232797,0.0009511721287500257
2019-05-01,2019-06-01,lag_5,0.0002450018435427,-0.00012070704569850932,0.00043052718706232797,0.0009511721287500257
2019-05-01,2019-06-01,lag_6,0.000793064524438,0.00023237045172209037,0.00043052718706232797,0.0009511721287500257
2019-05-01,2019-06-01,lag_7,-0.0011033900564871,-0.0003234357355540851,0.00043052718706232797,0.0009511721287500257
2019-05-01,2019-06-01,lag_8,0.0006505452749951,0.0007521933481757514,0.00043052718706232797,0.0009511721287500257
2019-05-01,2019-06-01,lag_9,0.006442729109767,-0.00013033619563429966,0.00043052718706232797,0.0009511721287500257
2019-05-01,2019-06-01,lag_10,0.0016130706732431,0.0004777491958157043,0.00043052718706232797,0.0009511721287500257
2019-05-01,2019-06-01,lag_11,0.0077393231839559,-0.00040348482939407405,0.00043052718706232797,0.0009511721287500257
2019-05-01,2019-06-01,volatility_3m,0.003847633865182328,1.6519369019079022e-05,0.00043052718706232797,0.0009511721287500257
2019-06-01,2019-07-01,lag_0,0.0004442719505579,0.00014167642822030758,-0.001017711662125669,0.0008736709221416003
2019-06-01,2019-07-01,lag_1,0.001153098346327,-0.0005772459226136561,-0.001017711662125669,0.0008736709221416003
2019-06-01,2019-07-01,lag_2,-0.0058659771411617,-0.0008748640727026213,-0.001017711662125669,0.0008736709221416003
2019-06-01,2019-07-01,lag_3,0.0003752804925412,-0.00026433109102072197,-0.001017711662125669,0.0008736709221416003
2019-06-01,2019-07-01,lag_4,-0.0054790884900661,-0.0002966583921079291,-0.001017711662125669,0.0008736709221416003
2019-06-01,2019-07-01,lag_5,-0.0066652230383583,0.0008154254358714752,-0.001017711662125669,0.0008736709221416003
2019-06-01,2019-07-01,lag_6,0.0002450018435427,-6.08638827179675e-05,-0.001017711662125669,0.0008736709221416003
2019-06-01,2019-07-01,lag_7,0.000793064524438,-5.622025876618863e-05,-0.001017711662125669,0.0008736709221416003
2019-06-01,2019-07-01,lag_8,-0.0011033900564871,-0.0003720156573854183,-0.001017711662125669,0.0008736709221416003
2019-06-01,2019-07-01,lag_9,0.0006505452749951,4.3247476805845506e-05,-0.001017711662125669,0.0008736709221416003
2019-06-01,2019-07-01,lag_10,0.006442729109767,-0.0001082814582514402,-0.001017711662125669,0.0008736709221416003
2019-06-01,2019-07-01,lag_11,0.0016130706732431,-0.00024126952161168447,-0.001017711662125669,0.0008736709221416003
2019-06-01,2019-07-01,volatility_3m,0.003864132053427431,-3.998155274530291e-05,-0.001017711662125669,0.0008736709221416003
2019-07-01,2019-08-01,lag_0,-0.0048606038693659,4.659307440306293e-05,0.0006489915612768017,0.000765608967955795
2019-07-01,2019-08-01,lag_1,0.0004442719505579,-0.0009278517064831249,0.0006489915612768017,0.000765608967955795
2019-07-01,2019-08-01,lag_2,0.001153098346327,0.0005832056638246286,0.0006489915612768017,0.000765608967955795
2019-07-01,2019-08-01,lag_3,-0.0058659771411617,-0.0004169867092059576,0.0006489915612768017,0.000765608967955795
2019-07-01,2019-08-01,lag_4,0.0003752804925412,-3.640706027908891e-05,0.0006489915612768017,0.000765608967955795
2019-07-01,2019-08-01,lag_5,-0.0054790884900661,0.000520116671955293,0.0006489915612768017,0.000765608967955795
2019-07-01,2019-08-01,lag_6,-0.0066652230383583,-4.2190321828456945e-05,0.0006489915612768017,0.000765608967955795
2019-07-01,2019-08-01,lag_7,0.0002450018435427,-0.00025356718424518476,0.0006489915612768017,0.000765608967955795
2019-07-01,2019-08-01,lag_8,0.000793064524438,0.0007178556468261377,0.0006489915612768017,0.000765608967955795
2019-07-01,2019-08-01,lag_9,-0.0011033900564871,0.00014190020247042411,0.0006489915612768017,0.000765608967955795
2019-07-01,2019-08-01,lag_10,0.0006505452749951,-4.7474745342697134e-05,0.0006489915612768017,0.000765608967955795
2019-07-01,2019-08-01,lag_11,0.006442729109767,-0.0003067661670047528,0.0006489915612768017,0.000765608967955795
2019-07-01,2019-08-01,volatility_3m,0.0032865573848426086,-9.504479045972402e-05,0.0006489915612768017,0.000765608967955795
2019-08-01,2019-09-01,lag_0,0.0068257248349024,0.0009731234788159782,0.0029665686936145765,0.0008997409631753453
2019-08-01,2019-09-01,lag_1,-0.0048606038693659,-0.00025344170671814936,0.0029665686936145765,0.0008997409631753453
2019-08-01,2019-09-01,lag_2,0.0004442719505579,-0.00046906257412047123,0.0029665686936145765,0.0008997409631753453
2019-08-01,2019-09-01,lag_3,0.001153098346327,-9.895762315863976e-05,0.0029665686936145765,0.0008997409631753453
2019-08-01,2019-09-01,lag_4,-0.0058659771411617,0.0008399493380466083,0.0029665686936145765,0.0008997409631753453
2019-08-01,2019-09-01,lag_5,0.0003752804925412,4.669972040574066e-06,0.0029665686936145765,0.0008997409631753453
2019-08-01,2019-09-01,lag_6,-0.0054790884900661,8.712399929208914e-05,0.0029665686936145765,0.0008997409631753453
2019-08-01,2019-09-01,lag_7,-0.0066652230383583,-1.1836181620310527e-05,0.0029665686936145765,0.0008997409631753453
2019-08-01,2019-09-01,lag_8,0.0002450018435427,0.0006614520926541445,0.0029665686936145765,0.0008997409631753453
2019-08-01,2019-09-01,lag_9,0.000793064524438,0.00032014450818451223,0.0029665686936145765,0.0008997409631753453
2019-08-01,2019-09-01,lag_10,-0.0011033900564871,6.470108903158689e-05,0.0029665686936145765,0.0008997409631753453
2019-08-01,2019-09-01,lag_11,0.0006505452749951,-0.00030861842823469486,0.0029665686936145765,0.0008997409631753453
2019-08-01,2019-09-01,volatility_3m,0.0058514232878865485,0.00025757977143257447,0.0029665686936145765,0.0008997409631753453
2019-09-01,2019-10-01,lag_0,-0.0033894417233817,-0.0009412798946777912,-7.754315626625246e-05,0.0008460438846262727
2019-09-01,2019-10-01,lag_1,0.0068257248349024,0.001356086325376964,-7.754315626625246e-05,0.0008460438846262727
2019-09-01,2019-10-01,lag_2,-0.0048606038693659,-0.0005153527559377835,-7.754315626625246e-05,0.0008460438846262727
2019-09-01,2019-10-01,lag_3,0.0004442719505579,-8.98600991058629e-05,-7.754315626625246e-05,0.0008460438846262727
2019-09-01,2019-10-01,lag_4,0.001153098346327,9.428151707197686e-05,-7.754315626625246e-05,0.0008460438846262727
2019-09-01,2019-10-01,lag_5,-0.0058659771411617,0.0006826462577828352,-7.754315626625246e-05,0.0008460438846262727
2019-09-01,2019-10-01,lag_6,0.0003752804925412,-6.854714767541737e-05,-7.754315626625246e-05,0.0008460438846262727
2019-09-01,2019-10-01,lag_7,-0.0054790884900661,-0.00022080751636167407,-7.754315626625246e-05,0.0008460438846262727
2019-09-01,2019-10-01,lag_8,-0.0066652230383583,-0.0021322488591977162,-7.754315626625246e-05,0.0008460438846262727
2019-09-01,2019-10-01,lag_9,0.0002450018435427,-0.0001681713023208431,-7.754315626625246e-05,0.0008460438846262727
2019-09-01,2019-10-01,lag_10,0.000793064524438,0.00013374701276916312,-7.754315626625246e-05,0.0008460438846262727
2019-09-01,2019-10-01,lag_11,-0.0011033900564871,-0.00021653766667441233,-7.754315626625246e-05,0.0008460438846262727
2019-09-01,2019-10-01,volatility_3m,0.006365063818185798,0.0011624571390348138,-7.754315626625246e-05,0.0008460438846262727
2019-10-01,2019-11-01,lag_0,-0.008478362664281,-0.004973982054307271,-0.007815253626842282,0.0007303994955219617
2019-10-01,2019-11-01,lag_1,-0.0033894417233817,-0.0009566107985483541,-0.007815253626842282,0.0007303994955219617
2019-10-01,2019-11-01,lag_2,0.0068257248349024,0.0017069357650871097,-0.007815253626842282,0.0007303994955219617
2019-10-01,2019-11-01,lag_3,-0.0048606038693659,-5.2641131551354194e-05,-0.007815253626842282,0.0007303994955219617
2019-10-01,2019-11-01,lag_4,0.0004442719505579,-7.599240125273354e-06,-0.007815253626842282,0.0007303994955219617
2019-10-01,2019-11-01,lag_5,0.001153098346327,3.7573194713331756e-05,-0.007815253626842282,0.0007303994955219617
2019-10-01,2019-11-01,lag_6,-0.0058659771411617,-8.842394223393057e-05,-0.007815253626842282,0.0007303994955219617
2019-10-01,2019-11-01,lag_7,0.0003752804925412,-0.00023999176994038863,-0.007815253626842282,0.0007303994955219617
2019-10-01,2019-11-01,lag_8,-0.0054790884900661,-0.0027863421263282363,-0.007815253626842282,0.0007303994955219617
2019-10-01,2019-11-01,lag_9,-0.0066652230383583,-0.00042641600356546405,-0.007815253626842282,0.0007303994955219617
2019-10-01,2019-11-01,lag_10,0.0002450018435427,-0.0007093216155590198,-0.007815253626842282,0.0007303994955219617
2019-10-01,2019-11-01,lag_11,0.000793064524438,-0.0007961443335989315,-0.007815253626842282,0.0007303994955219617
2019-10-01,2019-11-01,volatility_3m,0.007793820611429618,0.0007473107633995823,-0.007815253626842282,0.0007303994955219617
2019-11-01,2019-12-01,lag_0,0.0050067643152127,0.0005409924036166558,0.000407913611161977,0.0007243141752055501
2019-11-01,2019-12-01,lag_1,-0.008478362664281,-0.0008891496077922057,0.000407913611161977,0.0007243141752055501
2019-11-01,2019-12-01,lag_2,-0.0033894417233817,-0.0008768377501655778,0.000407913611161977,0.0007243141752055501
2019-11-01,2019-12-01,lag_3,0.0068257248349024,9.983033862226876e-05,0.000407913611161977,0.0007243141752055501
2019-11-01,2019-12-01,lag_4,-0.0048606038693659,-0.0003214452661904943,0.000407913611161977,0.0007243141752055501
2019-11-01,2019-12-01,lag_5,0.0004442719505579,-9.208191033394542e-05,0.000407913611161977,0.0007243141752055501
2019-11-01,2019-12-01,lag_6,0.001153098346327,0.00011207547624508151,0.000407913611161977,0.0007243141752055501
2019-11-01,2019-12-01,lag_7,-0.0058659771411617,-0.000368360562961243,0.000407913611161977,0.0007243141752055501
2019-11-01,2019-12-01,lag_8,0.0003752804925412,0.0006930364237086906,0.000407913611161977,0.0007243141752055501
2019-11-01,2019-12-01,lag_9,-0.0054790884900661,-0.00031265838400940994,0.000407913611161977,0.0007243141752055501
2019-11-01,2019-12-01,lag_10,-0.0066652230383583,0.0001356217983266106,0.000407913611161977,0.0007243141752055501
2019-11-01,2019-12-01,lag_11,0.0002450018435427,-0.0002354660441415035,0.000407913611161977,0.0007243141752055501
2019-11-01,2019-12-01,volatility_3m,0.006809821850806395,0.001198042480937147,0.000407913611161977,0.0007243141752055501
2019-12-01,2020-01-01,lag_0,-0.0023266844944638,-0.0011563515396483127,-0.0018591713753763318,0.0007056044530730454
2019-12-01,2020-01-01,lag_1,0.0050067643152127,0.0011224710047463304,-0.0018591713753763318,0.0007056044530730454
2019-12-01,2020-01-01,lag_2,-0.008478362664281,-0.0016696702499848471,-0.0018591713753763318,0.0007056044530730454
2019-12-01,2020-01-01,lag_3,-0.0033894417233817,5.069024846307002e-05,-0.0018591713753763318,0.0007056044530730454
2019-12-01,2020-01-01,lag_4,0.0068257248349024,-6.203973915035021e-05,-0.0018591713753763318,0.0007056044530730454
2019-12-01,2020-01-01,lag_5,-0.0048606038693659,0.00021872795827221125,-0.0018591713753763318,0.0007056044530730454
2019-12-01,2020-01-01,lag_6,0.0004442719505579,-0.00029652798156575954,-0.0018591713753763318,0.0007056044530730454
2019-12-01,2020-01-01,lag_7,0.001153098346327,-2.1682701571990037e-05,-0.0018591713753763318,0.0007056044530730454
2019-12-01,2020-01-01,lag_8,-0.0058659771411617,-0.0025571148653762065,-0.0018591713753763318,0.0007056044530730454
2019-12-01,2020-01-01,lag_9,0.0003752804925412,-6.987196802128892e-05,-0.0018591713753763318,0.0007056044530730454
2019-12-01,2020-01-01,lag_10,-0.0054790884900661,-0.0004039760552359439,-0.0018591713753763318,0.0007056044530730454
2019-12-01,2020-01-01,lag_11,-0.0066652230383583,0.0010543978496173167,-0.0018591713753763318,0.0007056044530730454
2019-12-01,2020-01-01,volatility_3m,0.006751188357148935,0.0012261722039738742,-0.0018591713753763318,0.0007056044530730454
2020-01-01,2020-02-01,lag_0,-0.0065751385800458,-0.00026107123574547586,0.005342006963783346,0.0005796014185024757
2020-01-01,2020-02-01,lag_1,-0.0023266844944638,-0.0008262372561375741,0.005342006963783346,0.0005796014185024757
2020-01-01,2020-02-01,lag_2,0.0050067643152127,0.0010509113987700403,0.005342006963783346,0.0005796014185024757
2020-01-01,2020-02-01,lag_3,-0.008478362664281,0.001341866778311669,0.005342006963783346,0.0005796014185024757
2020-01-01,2020-02-01,lag_4,-0.0033894417233817,-0.00024019947127726482,0.005342006963783346,0.0005796014185024757
2020-01-01,2020-02-01,lag_5,0.0068257248349024,8.605619404988829e-05,0.005342006963783346,0.0005796014185024757
2020-01-01,2020-02-01,lag_6,-0.0048606038693659,0.00011183660350070567,0.005342006963783346,0.0005796014185024757
2020-01-01,2020-02-01,lag_7,0.0004442719505579,-2.2275337310020406e-05,0.005342006963783346,0.0005796014185024757
2020-01-01,2020-02-01,lag_8,0.001153098346327,0.0009369844724096766,0.005342006963783346,0.0005796014185024757
2020-01-01,2020-02-01,lag_9,-0.0058659771411617,9.323109331944579e-05,0.005342006963783346,0.0005796014185024757
2020-01-01,2020-02-01,lag_10,0.0003752804925412,0.00039507552320174,0.005342006963783346,0.0005796014185024757
2020-01-01,2020-02-01,lag_11,-0.0054790884900661,0.001454699391942995,0.005342006963783346,0.0005796014185024757
2020-01-01,2020-02-01,volatility_3m,0.005859028762469102,0.0006415273596576299,0.005342006963783346,0.0005796014185024757
2020-02-01,2020-03-01,lag_0,0.0033566014560095,0.0005156802117198822,0.0006666869408186562,0.0006743031788417258
2020-02-01,2020-03-01,lag_1,-0.0065751385800458,2.6604620743455598e-05,0.0006666869408186562,0.0006743031788417258
2020-02-01,2020-03-01,lag_2,-0.0023266844944638,-0.000496072826172167,0.0006666869408186562,0.0006743031788417258
2020-02-01,2020-03-01,lag_3,0.0050067643152127,6.200592775712721e-05,0.0006666869408186562,0.0006743031788417258
2020-02-01,2020-03-01,lag_4,-0.008478362664281,0.0006681112891237717,0.0006666869408186562,0.0006743031788417258
2020-02-01,2020-03-01,lag_5,-0.0033894417233817,9.099957540456671e-05,0.0006666869408186562,0.0006743031788417258
2020-02-01,2020-03-01,lag_6,0.0068257248349024,-0.0002636895097384695,0.0006666869408186562,0.0006743031788417258
2020-02-01,2020-03-01,lag_7,-0.0048606038693659,-0.00038539014021807814,0.0006666869408186562,0.0006743031788417258
2020-02-01,2020-03-01,lag_8,0.0004442719505579,0.000543992799289299,0.0006666869408186562,0.0006743031788417258
2020-02-01,2020-03-01,lag_9,0.001153098346327,-5.842719222073356e-05,0.0006666869408186562,0.0006743031788417258
2020-02-01,2020-03-01,lag_10,-0.0058659771411617,-0.00022464747566118602,0.0006666869408186562,0.0006743031788417258
2020-02-01,2020-03-01,lag_11,0.0003752804925412,-0.000241719238620135,0.0006666869408186562,0.0006743031788417258
2020-02-01,2020-03-01,volatility_3m,0.00498311417783313,-0.00024506422187187127,0.0006666869408186562,0.0006743031788417258
2020-03-01,2020-04-01,lag_0,-0.022922160747389717,-0.0063481907875393515,-0.0072247757035758,0.000540893924039322
2020-03-01,2020-04-01,lag_1,0.0033566014560095,0.0011305674849427306,-0.0072247757035758,0.000540893924039322
2020-03-01,2020-04-01,lag_2,-0.0065751385800458,-0.0011565002690076653,-0.0072247757035758,0.000540893924039322
2020-03-01,2020-04-01,lag_3,-0.0023266844944638,2.195525466959225e-06,-0.0072247757035758,0.000540893924039322
2020-03-01,2020-04-01,lag_4,0.0050067643152127,-2.5735227991390276e-05,-0.0072247757035758,0.000540893924039322
2020-03-01,2020-04-01,lag_5,-0.008478362664281,-0.00023706193872385483,-0.0072247757035758,0.000540893924039322
2020-03-01,2020-04-01,lag_6,-0.0033894417233817,0.00018043482632492668,-0.0072247757035758,0.000540893924039322
2020-03-01,2020-04-01,lag_7,0.0068257248349024,-1.5529278780377353e-05,-0.0072247757035758,0.000540893924039322
2020-03-01,2020-04-01,lag_8,-0.0048606038693659,-0.002318807598521744,-0.0072247757035758,0.000540893924039322
2020-03-01,2020-04-01,lag_9,0.0004442719505579,-9.506123093160568e-05,-0.0072247757035758,0.000540893924039322
2020-03-01,2020-04-01,lag_10,0.001153098346327,-3.052466562621703e-05,-0.0072247757035758,0.000540893924039322
2020-03-01,2020-04-01,lag_11,-0.0058659771411617,0.0016244312555136276,-0.0072247757035758,0.000540893924039322
2020-03-01,2020-04-01,volatility_3m,0.01930870522615078,-0.000475887771917769,-0.0072247757035758,0.000540893924039322
2020-04-01,2020-05-01,lag_0,-0.024686807245154502,-0.006968246281812754,-0.006427012890720766,0.0002564201637208973
2020-04-01,2020-05-01,lag_1,-0.022898749070487584,-0.0004640556548474706,-0.006427012890720766,0.0002564201637208973
2020-04-01,2020-05-01,lag_2,0.0033566014560095,0.0010625315829747705,-0.006427012890720766,0.0002564201637208973
2020-04-01,2020-05-01,lag_3,-0.0065751385800458,0.000946887327654622,-0.006427012890720766,0.0002564201637208973
2020-04-01,2020-05-01,lag_4,-0.0023266844944638,-0.0004290047860285995,-0.006427012890720766,0.0002564201637208973
2020-04-01,2020-05-01,lag_5,0.0050067643152127,0.00048183664252974265,-0.006427012890720766,0.0002564201637208973
2020-04-01,2020-05-01,lag_6,-0.008478362664281,-6.560865367646329e-05,-0.006427012890720766,0.0002564201637208973
2020-04-01,2020-05-01,lag_7,-0.0033894417233817,-1.65339056547964e-05,-0.006427012890720766,0.0002564201637208973
2020-04-01,2020-05-01,lag_8,0.0068257248349024,0.0011297703833588457,-0.006427012890720766,0.0002564201637208973
2020-04-01,2020-05-01,lag_9,-0.0048606038693659,-0.00044478194125986193,-0.006427012890720766,0.0002564201637208973
2020-04-01,2020-05-01,lag_10,0.0004442719505579,-0.00041931187085538115,-0.006427012890720766,0.0002564201637208973
2020-04-01,2020-05-01,lag_11,0.001153098346327,-0.000557559203771234,-0.006427012890720766,0.0002564201637208973
2020-04-01,2020-05-01,volatility_3m,0.020643100615995467,-0.0009393566741528048,-0.006427012890720766,0.0002564201637208973
2020-05-01,2020-06-01,lag_0,0.0164029145284585,0.0041966890173580395,-0.003819170927397426,0.00019924377361702273
2020-05-01,2020-06-01,lag_1,-0.024669753148890833,-0.0009093504769953142,-0.003819170927397426,0.00019924377361702273
2020-05-01,2020-06-01,lag_2,-0.02287533739358545,-0.001997502461199474,-0.003819170927397426,0.00019924377361702273
2020-05-01,2020-06-01,lag_3,0.0033566014560095,-0.000272137818419651,-0.003819170927397426,0.00019924377361702273
2020-05-01,2020-06-01,lag_4,-0.0065751385800458,-9.010865032905713e-06,-0.003819170927397426,0.00019924377361702273
2020-05-01,2020-06-01,lag_5,-0.0023266844944638,-0.0011750933933217312,-0.003819170927397426,0.00019924377361702273
2020-05-01,2020-06-01,lag_6,0.0050067643152127,0.00011897495427547256,-0.003819170927397426,0.00019924377361702273
2020-05-01,2020-06-01,lag_7,-0.008478362664281,-0.0004965567600811482,-0.003819170927397426,0.00019924377361702273
2020-05-01,2020-06-01,lag_8,-0.0033894417233817,-0.0019456589635547061,-0.003819170927397426,0.00019924377361702273
2020-05-01,2020-06-01,lag_9,0.0068257248349024,0.0004838968310286873,-0.003819170927397426,0.00019924377361702273
2020-05-01,2020-06-01,lag_10,-0.0048606038693659,-0.001104164028147352,-0.003819170927397426,0.00019924377361702273
2020-05-01,2020-06-01,lag_11,0.0004442719505579,-0.00041799297340730843,-0.003819170927397426,0.00019924377361702273
2020-05-01,2020-06-01,volatility_3m,0.021238863213750143,-0.0004905076714931056,-0.003819170927397426,0.00019924377361702273
2020-06-01,2020-07-01,lag_0,0.018908791824638078,0.003960756208525709,0.000279268362936937,0.0003942843271869928
2020-06-01,2020-07-01,lag_1,0.0164029145284585,0.0010737748795872904,0.000279268362936937,0.0003942843271869928
2020-06-01,2020-07-01,lag_2,-0.024652699052627167,-0.0018958589572866914,0.000279268362936937,0.0003942843271869928
2020-06-01,2020-07-01,lag_3,-0.02285192571668332,-0.0030729382585195707,0.000279268362936937,0.0003942843271869928
2020-06-01,2020-07-01,lag_4,0.0033566014560095,-0.00032972296336083675,0.000279268362936937,0.0003942843271869928
2020-06-01,2020-07-01,lag_5,-0.0065751385800458,-0.0002488042059849249,0.000279268362936937,0.0003942843271869928
2020-06-01,2020-07-01,lag_6,-0.0023266844944638,0.0002840934439700504,0.000279268362936937,0.0003942843271869928
2020-06-01,2020-07-01,lag_7,0.0050067643152127,0.00032125834713951916,0.000279268362936937,0.0003942843271869928
2020-06-01,2020-07-01,lag_8,-0.008478362664281,-0.0010395562608937325,0.000279268362936937,0.0003942843271869928
2020-06-01,2020-07-01,lag_9,-0.0033894417233817,-3.412780569306051e-05,0.000279268362936937,0.0003942843271869928
2020-06-01,2020-07-01,lag_10,0.0068257248349024,0.0006263982295604364,0.000279268362936937,0.0003942843271869928
2020-06-01,2020-07-01,lag_11,-0.0048606038693659,0.0012125920702965231,0.000279268362936937,0.0003942843271869928
2020-06-01,2020-07-01,volatility_3m,0.02135263620510922,-0.0009728806626208098,0.000279268362936937,0.0003942843271869928
2020-07-01,2020-08-01,lag_0,0.019639147213330554,0.003599969307797437,0.004264487851387916,0.0005712086959271385
2020-07-01,2020-08-01,lag_1,0.01890355666433371,0.0013645275835551729,0.004264487851387916,0.0005712086959271385
2020-07-01,2020-08-01,lag_2,0.0164029145284585,0.0011227182822767644,0.004264487851387916,0.0005712086959271385
2020-07-01,2020-08-01,lag_3,-0.024635644956363497,-0.002088686735696683,0.004264487851387916,0.0005712086959271385
2020-07-01,2020-08-01,lag_4,-0.022828514039781186,0.000548851460989681,0.004264487851387916,0.0005712086959271385
2020-07-01,2020-08-01,lag_5,0.0033566014560095,-0.0003531197984193568,0.004264487851387916,0.0005712086959271385
2020-07-01,2020-08-01,lag_6,-0.0065751385800458,-0.00013320292263415467,0.004264487851387916,0.0005712086959271385
2020-07-01,2020-08-01,lag_7,-0.0023266844944638,-8.779163423241698e-05,0.004264487851387916,0.0005712086959271385
2020-07-01,2020-08-01,lag_8,0.0050067643152127,0.0002190424550917669,0.004264487851387916,0.0005712086959271385
2020-07-01,2020-08-01,lag_9,-0.008478362664281,-0.000346055197314854,0.004264487851387916,0.0005712086959271385
2020-07-01,2020-08-01,lag_10,-0.0033894417233817,-0.0005085285227596615,0.004264487851387916,0.0005712086959271385
2020-07-01,2020-08-01,lag_11,0.0068257248349024,-0.0007744416954665212,0.004264487851387916,0.0005712086959271385
2020-07-01,2020-08-01,volatility_3m,0.02178748521224144,0.0011299965069611062,0.004264487851387916,0.0005712086959271385
2020-08-01,2020-09-01,lag_0,0.0097319604312513,0.0017693589603641159,0.009088502276584363,0.0005964595193295059
2020-08-01,2020-09-01,lag_1,0.019631387356376668,0.0017240596686315258,0.009088502276584363,0.0005964595193295059
2020-08-01,2020-09-01,lag_2,0.01889832150402935,0.0006755041239466664,0.009088502276584363,0.0005964595193295059
2020-08-01,2020-09-01,lag_3,0.0164029145284585,0.0007025343878467538,0.009088502276584363,0.0005964595193295059
2020-08-01,2020-09-01,lag_4,-0.024618590860099827,0.0008778011965478072,0.009088502276584363,0.0005964595193295059
2020-08-01,2020-09-01,lag_5,-0.022805102362879057,0.0013198851540437318,0.009088502276584363,0.0005964595193295059
2020-08-01,2020-09-01,lag_6,0.0033566014560095,-6.856864904875693e-05,0.009088502276584363,0.0005964595193295059
2020-08-01,2020-09-01,lag_7,-0.0065751385800458,-0.00025718241035065147,0.009088502276584363,0.0005964595193295059
2020-08-01,2020-09-01,lag_8,-0.0023266844944638,-3.1913615621306236e-05,0.009088502276584363,0.0005964595193295059
2020-08-01,2020-09-01,lag_9,0.0050067643152127,0.0005017646863416303,0.009088502276584363,0.0005964595193295059
2020-08-01,2020-09-01,lag_10,-0.008478362664281,0.0012485470609863115,0.009088502276584363,0.0005964595193295059
2020-08-01,2020-09-01,lag_11,-0.0033894417233817,0.00032676974158675877,0.009088502276584363,0.0005964595193295059
2020-08-01,2020-09-01,volatility_3m,0.022526388484637602,-0.00029651745713636044,0.009088502276584363,0.0005964595193295059
2020-09-01,2020-10-01,lag_0,0.0001250509323655,0.00017732956359395758,0.003729888384441105,0.0006066129423247155
2020-09-01,2020-10-01,lag_1,0.0097319604312513,0.0012388706571800868,0.003729888384441105,0.0006066129423247155
2020-09-01,2020-10-01,lag_2,0.019623627499422782,0.000910817349467834,0.003729888384441105,0.0006066129423247155
2020-09-01,2020-10-01,lag_3,0.018893086343724982,0.0003580342883287813,0.003729888384441105,0.0006066129423247155
2020-09-01,2020-10-01,lag_4,0.0164029145284585,-0.0001159839287174691,0.003729888384441105,0.0006066129423247155
2020-09-01,2020-10-01,lag_5,-0.024601536763836158,0.00012885400002232928,0.003729888384441105,0.0006066129423247155
2020-09-01,2020-10-01,lag_6,-0.022781690685976925,0.0005284108584328351,0.003729888384441105,0.0006066129423247155
2020-09-01,2020-10-01,lag_7,0.0033566014560095,0.00022100273985415698,0.003729888384441105,0.0006066129423247155
2020-09-01,2020-10-01,lag_8,-0.0065751385800458,-0.0008619220931996097,0.003729888384441105,0.0006066129423247155
2020-09-01,2020-10-01,lag_9,-0.0023266844944638,-0.0008016763596788223,0.003729888384441105,0.0006066129423247155
2020-09-01,2020-10-01,lag_10,0.0050067643152127,0.00021188208449530066,0.003729888384441105,0.0006066129423247155
2020-09-01,2020-10-01,lag_11,-0.008478362664281,0.0012464454711698636,0.003729888384441105,0.0006066129423247155
2020-09-01,2020-10-01,volatility_3m,0.01901043878411278,-0.00011878922005053028,0.003729888384441105,0.0006066129423247155
2020-10-01,2020-11-01,lag_0,0.0080174248373063,0.001002234058923932,0.003333407072132064,0.0005701526384566505
2020-10-01,2020-11-01,lag_1,0.0001250509323655,-0.000579859394892992,0.003333407072132064,0.0005701526384566505
2020-10-01,2020-11-01,lag_2,0.0097319604312513,0.0007883374960056244,0.003333407072132064,0.0005701526384566505
2020-10-01,2020-11-01,lag_3,0.01961586764246881,0.000798555001620116,0.003333407072132064,0.0005701526384566505
2020-10-01,2020-11-01,lag_4,0.01888785118342056,0.00013360837878281017,0.003333407072132064,0.0005701526384566505
2020-10-01,2020-11-01,lag_5,0.0164029145284585,0.0011724264948043128,0.003333407072132064,0.0005701526384566505
2020-10-01,2020-11-01,lag_6,-0.024584482667572488,0.00048269107525811706,0.003333407072132064,0.0005701526384566505
2020-10-01,2020-11-01,lag_7,-0.022758279009074792,-0.00030261352698289555,0.003333407072132064,0.0005701526384566505
2020-10-01,2020-11-01,lag_8,0.0033566014560095,0.0005340647453658676,0.003333407072132064,0.0005701526384566505
2020-10-01,2020-11-01,lag_9,-0.0065751385800458,-8.728747965960792e-05,0.003333407072132064,0.0005701526384566505
2020-10-01,2020-11-01,lag_10,-0.0023266844944638,0.0002468630731891608,0.003333407072132064,0.0005701526384566505
2020-10-01,2020-11-01,lag_11,0.0050067643152127,-0.0005687720997957512,0.003333407072132064,0.0005701526384566505
2020-10-01,2020-11-01,volatility_3m,0.005123831708758545,-0.000856993396910184,0.003333407072132064,0.0005701526384566505
2020-11-01,2020-12-01,lag_0,0.0035310967909989,0.001489721690472834,0.004590716177788924,0.0007209541639422077
2020-11-01,2020-12-01,lag_1,0.0080174248373063,0.0009918686892160622,0.004590716177788924,0.0007209541639422077
2020-11-01,2020-12-01,lag_2,0.0001250509323655,-0.0008881884091897518,0.004590716177788924,0.0007209541639422077
2020-11-01,2020-12-01,lag_3,0.0097319604312513,0.001091716588075542,0.004590716177788924,0.0007209541639422077
2020-11-01,2020-12-01,lag_4,0.019608107785514924,-0.00017123472649473116,0.004590716177788924,0.0007209541639422077
2020-11-01,2020-12-01,lag_5,0.018882616023116194,0.0016096540680973703,0.004590716177788924,0.0007209541639422077
2020-11-01,2020-12-01,lag_6,0.0164029145284585,4.5008784682067925e-05,0.004590716177788924,0.0007209541639422077
2020-11-01,2020-12-01,lag_7,-0.024567428571308822,0.00015185243569248996,0.004590716177788924,0.0007209541639422077
2020-11-01,2020-12-01,lag_8,-0.02273486733217266,-0.0007775445827610383,0.004590716177788924,0.0007209541639422077
2020-11-01,2020-12-01,lag_9,0.0033566014560095,0.000279213822022939,0.004590716177788924,0.0007209541639422077
2020-11-01,2020-12-01,lag_10,-0.0065751385800458,8.453050515527138e-05,0.004590716177788924,0.0007209541639422077
2020-11-01,2020-12-01,lag_11,-0.0023266844944638,4.3826884291320314e-05,0.004590716177788924,0.0007209541639422077
2020-11-01,2020-12-01,volatility_3m,0.003958489896951205,-8.066376988608682e-05,0.004590716177788924,0.0007209541639422077
2020-12-01,2021-01-01,lag_0,0.0131128551110437,0.00370358481655785,0.006254558368666023,0.000718287785779671
2020-12-01,2021-01-01,lag_1,0.0035310967909989,0.0007539638180196562,0.006254558368666023,0.000718287785779671
2020-12-01,2021-01-01,lag_2,0.0080174248373063,0.0006094505436522013,0.006254558368666023,0.000718287785779671
2020-12-01,2021-01-01,lag_3,0.0001250509323655,-0.0001535289260573336,0.006254558368666023,0.000718287785779671
2020-12-01,2021-01-01,lag_4,0.0097319604312513,1.7183476411446464e-05,0.006254558368666023,0.000718287785779671
2020-12-01,2021-01-01,lag_5,0.01960034792856104,0.0009518144899084291,0.006254558368666023,0.000718287785779671
2020-12-01,2021-01-01,lag_6,0.01887738086281183,0.000145722196175484,0.006254558368666023,0.000718287785779671
2020-12-01,2021-01-01,lag_7,0.0164029145284585,0.0003834767876560363,0.006254558368666023,0.000718287785779671
2020-12-01,2021-01-01,lag_8,-0.024550374475045152,-0.0011041355700990606,0.006254558368666023,0.000718287785779671
2020-12-01,2021-01-01,lag_9,-0.022711455655270527,0.00025461621073191054,0.006254558368666023,0.000718287785779671
2020-12-01,2021-01-01,lag_10,0.0033566014560095,0.00022233683137528714,0.006254558368666023,0.000718287785779671
2020-12-01,2021-01-01,lag_11,-0.0065751385800458,0.0004374943896436889,0.006254558368666023,0.000718287785779671
2020-12-01,2021-01-01,volatility_3m,0.004794104739457822,-0.0006857085271258257,0.006254558368666023,0.000718287785779671
2021-01-01,2021-02-01,lag_0,0.0052645255666039,0.0002974472470918954,0.005565686259771053,0.0007849451738823317
2021-01-01,2021-02-01,lag_1,0.0131128551110437,0.0014184556614964094,0.005565686259771053,0.0007849451738823317
2021-01-01,2021-02-01,lag_2,0.0035310967909989,0.0010724397776175464,0.005565686259771053,0.0007849451738823317
2021-01-01,2021-02-01,lag_3,0.0080174248373063,-7.159728822443867e-05,0.005565686259771053,0.0007849451738823317
2021-01-01,2021-02-01,lag_4,0.0001250509323655,-4.9922039252123796e-05,0.005565686259771053,0.0007849451738823317
2021-01-01,2021-02-01,lag_5,0.0097319604312513,0.0012861002732097405,0.005565686259771053,0.0007849451738823317
2021-01-01,2021-02-01,lag_6,0.019592588071607155,9.700710969809734e-05,0.005565686259771053,0.0007849451738823317
2021-01-01,2021-02-01,lag_7,0.01887214570250747,0.0005212911451599211,0.005565686259771053,0.0007849451738823317
2021-01-01,2021-02-01,lag_8,0.0164029145284585,0.0007861800669888907,0.005565686259771053,0.0007849451738823317
2021-01-01,2021-02-01,lag_9,-0.024533320378781483,-0.000213155480887508,0.005565686259771053,0.0007849451738823317
2021-01-01,2021-02-01,lag_10,-0.022688043978368395,0.000311198486297144,0.005565686259771053,0.0007849451738823317
2021-01-01,2021-02-01,lag_11,0.0033566014560095,-0.0003272333548648021,0.005565686259771053,0.0007849451738823317
2021-01-01,2021-02-01,volatility_3m,0.005105734430715622,-0.0003474704090740488,0.005565686259771053,0.0007849451738823317
2021-02-01,2021-03-01,lag_0,-0.02517852626072394,-0.005894328681551997,0.003493044968578883,0.0006254964940894081
2021-02-01,2021-03-01,lag_1,0.0052645255666039,0.0007169531132376506,0.003493044968578883,0.0006254964940894081
2021-02-01,2021-03-01,lag_2,0.0131128551110437,0.0016344692942766414,0.003493044968578883,0.0006254964940894081
2021-02-01,2021-03-01,lag_3,0.0035310967909989,-7.043956638881355e-06,0.003493044968578883,0.0006254964940894081
2021-02-01,2021-03-01,lag_4,0.0080174248373063,0.0005912229321165796,0.003493044968578883,0.0006254964940894081
2021-02-01,2021-03-01,lag_5,0.0001250509323655,0.0006207530350184243,0.003493044968578883,0.0006254964940894081
2021-02-01,2021-03-01,lag_6,0.0097319604312513,-0.00027104322960440184,0.003493044968578883,0.0006254964940894081
2021-02-01,2021-03-01,lag_7,0.01958482821465327,0.0005767865094458102,0.003493044968578883,0.0006254964940894081
2021-02-01,2021-03-01,lag_8,0.018866910542203102,0.0018673961644162774,0.003493044968578883,0.0006254964940894081
2021-02-01,2021-03-01,lag_9,0.0164029145284585,0.00036386250972100245,0.003493044968578883,0.0006254964940894081
2021-02-01,2021-03-01,lag_10,-0.024516266282517813,2.790743237710558e-06,0.003493044968578883,0.0006254964940894081
2021-02-01,2021-03-01,lag_11,-0.022664632301466262,0.0008990014306164085,0.003493044968578883,0.0006254964940894081
2021-02-01,2021-03-01,volatility_3m,0.023387884659109237,0.001766728701904867,0.003493044968578883,0.0006254964940894081
2021-03-01,2021-04-01,lag_0,0.019999396953262617,0.0032223709750269338,0.009644858311270528,0.0006643224811746753
2021-03-01,2021-04-01,lag_1,-0.025175019562488334,0.0004424104378267657,0.009644858311270528,0.0006643224811746753
2021-03-01,2021-04-01,lag_2,0.0052645255666039,0.0008691784660368285,0.009644858311270528,0.0006643224811746753
2021-03-01,2021-04-01,lag_3,0.0131128551110437,0.001086918122273346,0.009644858311270528,0.0006643224811746753
2021-03-01,2021-04-01,lag_4,0.0035310967909989,8.035227667278377e-05,0.009644858311270528,0.0006643224811746753
2021-03-01,2021-04-01,lag_5,0.0080174248373063,-1.645931702114467e-05,0.009644858311270528,0.0006643224811746753
2021-03-01,2021-04-01,lag_6,0.0001250509323655,9.136784401562182e-05,0.009644858311270528,0.0006643224811746753
2021-03-01,2021-04-01,lag_7,0.0097319604312513,0.0006315832472046168,0.009644858311270528,0.0006643224811746753
2021-03-01,2021-04-01,lag_8,0.019577068357699384,0.0003351479999400908,0.009644858311270528,0.0006643224811746753
2021-03-01,2021-04-01,lag_9,0.01886167538189874,0.0011070261672148263,0.009644858311270528,0.0006643224811746753
2021-03-01,2021-04-01,lag_10,0.0164029145284585,-0.000664938858444657,0.009644858311270528,0.0006643224811746753
2021-03-01,2021-04-01,lag_11,-0.024499212186254143,0.0003301758504130703,0.009644858311270528,0.0006643224811746753
2021-03-01,2021-04-01,volatility_3m,0.0246759260939985,0.0014654026470452663,0.009644858311270528,0.0006643224811746753
2021-04-01,2021-05-01,lag_0,0.0017578578773207,-0.00013968201889838383,0.0028447811272647784,0.0007531047699714552
2021-04-01,2021-05-01,lag_1,0.019996290479201175,0.0004859260665034526,0.0028447811272647784,0.0007531047699714552
2021-04-01,2021-05-01,lag_2,-0.025171512864252725,-0.0019226418856669624,0.0028447811272647784,0.0007531047699714552
2021-04-01,2021-05-01,lag_3,0.0052645255666039,-7.705686355620856e-05,0.0028447811272647784,0.0007531047699714552
2021-04-01,2021-05-01,lag_4,0.0131128551110437,0.00011909670960449149,0.0028447811272647784,0.0007531047699714552
2021-04-01,2021-05-01,lag_5,0.0035310967909989,0.0001361035492755036,0.0028447811272647784,0.0007531047699714552
2021-04-01,2021-05-01,lag_6,0.0080174248373063,1.4585380522476044e-05,0.0028447811272647784,0.0007531047699714552
2021-04-01,2021-05-01,lag_7,0.0001250509323655,-0.00023524059130068054,0.0028447811272647784,0.0007531047699714552
2021-04-01,2021-05-01,lag_8,0.0097319604312513,0.0007908214305462025,0.0028447811272647784,0.0007531047699714552
2021-04-01,2021-05-01,lag_9,0.0195693085007455,0.0015746755378222587,0.0028447811272647784,0.0007531047699714552
2021-04-01,2021-05-01,lag_10,0.018856440221594373,0.0001626533334092528,0.0028447811272647784,0.0007531047699714552
2021-04-01,2021-05-01,lag_11,0.0164029145284585,-0.00019337548243129277,0.0028447811272647784,0.0007531047699714552
2021-04-01,2021-05-01,volatility_3m,0.026406388217510957,0.001375811128755231,0.0028447811272647784,0.0007531047699714552
2021-05-01,2021-06-01,lag_0,0.0088347578563929,0.0005450933997235552,0.004920346217027657,0.0007543408021279814
2021-05-01,2021-06-01,lag_1,0.0017578578773207,-0.0007119207887080847,0.004920346217027657,0.0007543408021279814
2021-05-01,2021-06-01,lag_2,0.019993184005139733,0.0016677987732327893,0.004920346217027657,0.0007543408021279814
2021-05-01,2021-06-01,lag_3,-0.02516800616601712,-0.000905036002786801,0.004920346217027657,0.0007543408021279814
2021-05-01,2021-06-01,lag_4,0.0052645255666039,0.00011025050054740859,0.004920346217027657,0.0007543408021279814
2021-05-01,2021-06-01,lag_5,0.0131128551110437,0.0010884424712548934,0.004920346217027657,0.0007543408021279814
2021-05-01,2021-06-01,lag_6,0.0035310967909989,0.00029167028792471684,0.004920346217027657,0.0007543408021279814
2021-05-01,2021-06-01,lag_7,0.0080174248373063,0.0005086509338434553,0.004920346217027657,0.0007543408021279814
2021-05-01,2021-06-01,lag_8,0.0001250509323655,-9.714614113363495e-05,0.004920346217027657,0.0007543408021279814
2021-05-01,2021-06-01,lag_9,0.0097319604312513,0.0013183068328953594,0.004920346217027657,0.0007543408021279814
2021-05-01,2021-06-01,lag_10,0.019561548643791615,-0.00020696663050330245,0.004920346217027657,0.0007543408021279814
2021-05-01,2021-06-01,lag_11,0.01885120506129001,-0.0003216287229770387,0.004920346217027657,0.0007543408021279814
2021-05-01,2021-06-01,volatility_3m,0.013892809991648719,0.0008784904784897663,0.004920346217027657,0.0007543408021279814
2021-06-01,2021-07-01,lag_0,0.0036680895609242,0.00027192323094823225,0.001962971985130687,0.0008474069901651207
2021-06-01,2021-07-01,lag_1,0.0088347578563929,0.0008774803384949337,0.001962971985130687,0.0008474069901651207
2021-06-01,2021-07-01,lag_2,0.0017578578773207,0.0005572464119904907,0.001962971985130687,0.0008474069901651207
2021-06-01,2021-07-01,lag_3,0.01999007753107829,0.0013130262774757285,0.001962971985130687,0.0008474069901651207
2021-06-01,2021-07-01,lag_4,-0.02516449946778151,0.00037297436543667575,0.001962971985130687,0.0008474069901651207
2021-06-01,2021-07-01,lag_5,0.0052645255666039,0.0001636052970388846,0.001962971985130687,0.0008474069901651207
2021-06-01,2021-07-01,lag_6,0.0131128551110437,-0.0011679094143619295,0.001962971985130687,0.0008474069901651207
2021-06-01,2021-07-01,lag_7,0.0035310967909989,-8.803579714367516e-05,0.001962971985130687,0.0008474069901651207
2021-06-01,2021-07-01,lag_8,0.0080174248373063,0.00022120620233181398,0.001962971985130687,0.0008474069901651207
2021-06-01,2021-07-01,lag_9,0.0001250509323655,-0.0005640439556009369,0.001962971985130687,0.0008474069901651207
2021-06-01,2021-07-01,lag_10,0.0097319604312513,0.00012119347790758184,0.001962971985130687,0.0008474069901651207
2021-06-01,2021-07-01,lag_11,0.01955378878683773,-0.000950439361458848,0.001962971985130687,0.0008474069901651207
2021-06-01,2021-07-01,volatility_3m,0.003661191966064153,-1.2662042336160084e-05,0.001962971985130687,0.0008474069901651207
2021-07-01,2021-08-01,lag_0,0.00453086144506,7.734447872280726e-05,0.0072956706914827744,0.0007939730273967406
2021-07-01,2021-08-01,lag_1,0.0036680895609242,0.0010988153338621486,0.0072956706914827744,0.0007939730273967406
2021-07-01,2021-08-01,lag_2,0.0088347578563929,0.0010240823447384172,0.0072956706914827744,0.0007939730273967406
2021-07-01,2021-08-01,lag_3,0.0017578578773207,0.000125890626659384,0.0072956706914827744,0.0007939730273967406
2021-07-01,2021-08-01,lag_4,0.01998697105701685,2.65754309566546e-05,0.0072956706914827744,0.0007939730273967406
2021-07-01,2021-08-01,lag_5,-0.025160992769545906,0.0011193064399503782,0.0072956706914827744,0.0007939730273967406
2021-07-01,2021-08-01,lag_6,0.0052645255666039,0.0002216499843143538,0.0072956706914827744,0.0007939730273967406
2021-07-01,2021-08-01,lag_7,0.0131128551110437,0.000981109567273961,0.0072956706914827744,0.0007939730273967406
2021-07-01,2021-08-01,lag_8,0.0035310967909989,0.00035994532594486373,0.0072956706914827744,0.0007939730273967406
2021-07-01,2021-08-01,lag_9,0.0080174248373063,0.0016478749339694332,0.0072956706914827744,0.0007939730273967406
2021-07-01,2021-08-01,lag_10,0.0001250509323655,4.877773742919089e-05,0.0072956706914827744,0.0007939730273967406
2021-07-01,2021-08-01,lag_11,0.0097319604312513,-3.6393795780895744e-05,0.0072956706914827744,0.0007939730273967406
2021-07-01,2021-08-01,volatility_3m,0.002767741585930693,-0.0001932807566026895,0.0072956706914827744,0.0007939730273967406
2021-08-01,2021-09-01,lag_0,-0.002078928094134,-0.0003347887505151448,0.0056770008864145925,0.00088768505943223
2021-08-01,2021-09-01,lag_1,0.00453086144506,0.0010129084062646143,0.0056770008864145925,0.00088768505943223
2021-08-01,2021-09-01,lag_2,0.0036680895609242,0.0005454777618160733,0.0056770008864145925,0.00088768505943223
2021-08-01,2021-09-01,lag_3,0.0088347578563929,0.0007384463684138609,0.0056770008864145925,0.00088768505943223
2021-08-01,2021-09-01,lag_4,0.0017578578773207,0.00022915860274224541,0.0056770008864145925,0.00088768505943223
2021-08-01,2021-09-01,lag_5,0.019983864582955407,0.0014224281501446967,0.0056770008864145925,0.00088768505943223
2021-08-01,2021-09-01,lag_6,-0.025157486071310298,0.0003171893343551346,0.0056770008864145925,0.00088768505943223
2021-08-01,2021-09-01,lag_7,0.0052645255666039,0.0006632154351859753,0.0056770008864145925,0.00088768505943223
2021-08-01,2021-09-01,lag_8,0.0131128551110437,0.0006965143682828057,0.0056770008864145925,0.00088768505943223
2021-08-01,2021-09-01,lag_9,0.0035310967909989,6.680582588160178e-05,0.0056770008864145925,0.00088768505943223
2021-08-01,2021-09-01,lag_10,0.0080174248373063,-0.00042565927771647693,0.0056770008864145925,0.00088768505943223
2021-08-01,2021-09-01,lag_11,0.0001250509323655,4.628401522495551e-05,0.0056770008864145925,0.00088768505943223
2021-08-01,2021-09-01,volatility_3m,0.0035930930269997257,-0.00018866447107939165,0.0056770008864145925,0.00088768505943223
2021-09-01,2021-10-01,lag_0,-0.0119236250388361,-0.0028914292019817365,0.005256306667143556,0.0008641410018195145
2021-09-01,2021-10-01,lag_1,-0.002078928094134,-0.0008624028509075288,0.005256306667143556,0.0008641410018195145
2021-09-01,2021-10-01,lag_2,0.00453086144506,0.001300203669206894,0.005256306667143556,0.0008641410018195145
2021-09-01,2021-10-01,lag_3,0.0036680895609242,1.8656903703231363e-05,0.005256306667143556,0.0008641410018195145
2021-09-01,2021-10-01,lag_4,0.0088347578563929,0.00029573243435152105,0.005256306667143556,0.0008641410018195145
2021-09-01,2021-10-01,lag_5,0.0017578578773207,0.000746122255723094,0.005256306667143556,0.0008641410018195145
2021-09-01,2021-10-01,lag_6,0.019980758108893965,0.000226341177822178,0.005256306667143556,0.0008641410018195145
2021-09-01,2021-10-01,lag_7,-0.025153979373074693,0.0003324868657364277,0.005256306667143556,0.0008641410018195145
2021-09-01,2021-10-01,lag_8,0.0052645255666039,0.001875623505002295,0.005256306667143556,0.0008641410018195145
2021-09-01,2021-10-01,lag_9,0.0131128551110437,0.0008730318518382773,0.005256306667143556,0.0008641410018195145
2021-09-01,2021-10-01,lag_10,0.0035310967909989,0.0005925309066788032,0.005256306667143556,0.0008641410018195145
2021-09-01,2021-10-01,lag_11,0.0080174248373063,-0.00035970351342257345,0.005256306667143556,0.0008641410018195145
2021-09-01,2021-10-01,volatility_3m,0.008280071468433356,0.002244971759409964,0.005256306667143556,0.0008641410018195145
2021-10-01,2021-11-01,lag_0,0.0133459909804463,0.0036065010093079765,0.0029144485069699322,0.0009680808728611209
2021-10-01,2021-11-01,lag_1,-0.0119236250388361,-0.0008554047706275014,0.0029144485069699322,0.0009680808728611209
2021-10-01,2021-11-01,lag_2,-0.002078928094134,-0.0013998384561455168,0.0029144485069699322,0.0009680808728611209
2021-10-01,2021-11-01,lag_3,0.00453086144506,-7.864848008466652e-05,0.0029144485069699322,0.0009680808728611209
2021-10-01,2021-11-01,lag_4,0.0036680895609242,4.06807687249966e-05,0.0029144485069699322,0.0009680808728611209
2021-10-01,2021-11-01,lag_5,0.0088347578563929,-0.00010643524112310843,0.0029144485069699322,0.0009680808728611209
2021-10-01,2021-11-01,lag_6,0.0017578578773207,-0.000179823206653964,0.0029144485069699322,0.0009680808728611209
2021-10-01,2021-11-01,lag_7,0.019977651634832488,0.00036190877303852174,0.0029144485069699322,0.0009680808728611209
2021-10-01,2021-11-01,lag_8,-0.025150472674839084,-0.001013362859848712,0.0029144485069699322,0.0009680808728611209
2021-10-01,2021-11-01,lag_9,0.0052645255666039,0.0004221031462839164,0.0029144485069699322,0.0009680808728611209
2021-10-01,2021-11-01,lag_10,0.0131128551110437,0.0005607149885781836,0.0029144485069699322,0.0009680808728611209
2021-10-01,2021-11-01,lag_11,0.0035310967909989,-0.0002101707604742842,0.0029144485069699322,0.0009680808728611209
2021-10-01,2021-11-01,volatility_3m,0.012737082869534608,0.0007981426675996772,0.0029144485069699322,0.0009680808728611209
2021-11-01,2021-12-01,lag_0,0.0067574983021634,-0.0002606295827354188,0.0017890772721462114,0.0009913036464429777
2021-11-01,2021-12-01,lag_1,0.0133459909804463,0.0013516091900783068,0.0017890772721462114,0.0009913036464429777
2021-11-01,2021-12-01,lag_2,-0.0119236250388361,-0.0017479850098379756,0.0017890772721462114,0.0009913036464429777
2021-11-01,2021-12-01,lag_3,-0.002078928094134,-0.0001557673888237332,0.0017890772721462114,0.0009913036464429777
2021-11-01,2021-12-01,lag_4,0.00453086144506,0.0005194620960901375,0.0017890772721462114,0.0009913036464429777
2021-11-01,2021-12-01,lag_5,0.0036680895609242,0.0002196567166083696,0.0017890772721462114,0.0009913036464429777
2021-11-01,2021-12-01,lag_6,0.0088347578563929,-4.941968360071769e-05,0.0017890772721462114,0.0009913036464429777
2021-11-01,2021-12-01,lag_7,0.0017578578773207,-4.495001247050823e-05,0.0017890772721462114,0.0009913036464429777
2021-11-01,2021-12-01,lag_8,0.019974545160771046,5.276386822515633e-05,0.0017890772721462114,0.0009913036464429777
2021-11-01,2021-12-01,lag_9,-0.025146965976603475,-0.0006817100495936756,0.0017890772721462114,0.0009913036464429777
2021-11-01,2021-12-01,lag_10,0.0052645255666039,0.0006812719885806473,0.0017890772721462114,0.0009913036464429777
2021-11-01,2021-12-01,lag_11,0.0131128551110437,-0.0006516081627160019,0.0017890772721462114,0.0009913036464429777
2021-11-01,2021-12-01,volatility_3m,0.013108178737054445,0.0015650797457055887,0.0017890772721462114,0.0009913036464429777
2021-12-01,2022-01-01,lag_0,-0.0029071000130063,-0.0004155829485716822,0.007660105315274741,0.0010142407448798017
2021-12-01,2022-01-01,lag_1,0.0067574983021634,0.0009299217020816286,0.007660105315274741,0.0010142407448798017
2021-12-01,2022-01-01,lag_2,0.0133459909804463,0.0021824922280575267,0.007660105315274741,0.0010142407448798017
2021-12-01,2022-01-01,lag_3,-0.0119236250388361,-0.0015480965587448736,0.007660105315274741,0.0010142407448798017
2021-12-01,2022-01-01,lag_4,-0.002078928094134,-0.0004361123740181938,0.007660105315274741,0.0010142407448798017
2021-12-01,2022-01-01,lag_5,0.00453086144506,0.0002588788672437659,0.007660105315274741,0.0010142407448798017
2021-12-01,2022-01-01,lag_6,0.0036680895609242,-0.0002258238662761869,0.007660105315274741,0.0010142407448798017
2021-12-01,2022-01-01,lag_7,0.0088347578563929,0.0011446448410333688,0.007660105315274741,0.0010142407448798017
2021-12-01,2022-01-01,lag_8,0.0017578578773207,0.0014317535789041358,0.007660105315274741,0.0010142407448798017
2021-12-01,2022-01-01,lag_9,0.019971438686709603,0.0017128135189705062,0.007660105315274741,0.0010142407448798017
2021-12-01,2022-01-01,lag_10,-0.02514345927836787,-0.00035313760752615054,0.007660105315274741,0.0010142407448798017
2021-12-01,2022-01-01,lag_11,0.0052645255666039,-0.0004032617501798086,0.007660105315274741,0.0010142407448798017
2021-12-01,2022-01-01,volatility_3m,0.008174917565403115,0.00236737491734857,0.007660105315274741,0.0010142407448798017
2022-01-01,2022-02-01,lag_0,-0.0038553890138945,0.0005827484906694735,0.004773092205403091,0.000905278239088759
2022-01-01,2022-02-01,lag_1,-0.0029071000130063,-0.000608586153757642,0.004773092205403091,0.000905278239088759
2022-01-01,2022-02-01,lag_2,0.0067574983021634,0.0009730371679597737,0.004773092205403091,0.000905278239088759
2022-01-01,2022-02-01,lag_3,0.0133459909804463,0.0005303631814058462,0.004773092205403091,0.000905278239088759
2022-01-01,2022-02-01,lag_4,-0.0119236250388361,0.0011027931301214266,0.004773092205403091,0.000905278239088759
2022-01-01,2022-02-01,lag_5,-0.002078928094134,-0.0009798973538272548,0.004773092205403091,0.000905278239088759
2022-01-01,2022-02-01,lag_6,0.00453086144506,0.0005584947233910497,0.004773092205403091,0.000905278239088759
2022-01-01,2022-02-01,lag_7,0.0036680895609242,0.00037271185519784924,0.004773092205403091,0.000905278239088759
2022-01-01,2022-02-01,lag_8,0.0088347578563929,0.0009352515000500717,0.004773092205403091,0.000905278239088759
2022-01-01,2022-02-01,lag_9,0.0017578578773207,-0.00044749887174475587,0.004773092205403091,0.000905278239088759
2022-01-01,2022-02-01,lag_10,0.01996833221264816,-0.0009306154656223953,0.004773092205403091,0.000905278239088759
2022-01-01,2022-02-01,lag_11,-0.025139952580132262,0.001412371333850615,0.004773092205403091,0.000905278239088759
2022-01-01,2022-02-01,volatility_3m,0.005872777449187752,0.0003666402398630453,0.004773092205403091,0.000905278239088759
2022-02-01,2022-03-01,lag_0,0.0061773799369513,0.000346521645105895,0.002397515418379724,0.0010127413055543498
2022-02-01,2022-03-01,lag_1,-0.0038553890138945,-0.0011027788369756307,0.002397515418379724,0.0010127413055543498
2022-02-01,2022-03-01,lag_2,-0.0029071000130063,-0.0005429453243777971,0.002397515418379724,0.0010127413055543498
2022-02-01,2022-03-01,lag_3,0.0067574983021634,0.0005326140216493513,0.002397515418379724,0.0010127413055543498
2022-02-01,2022-03-01,lag_4,0.0133459909804463,0.00013198038665905188,0.002397515418379724,0.0010127413055543498
2022-02-01,2022-03-01,lag_5,-0.0119236250388361,0.0005108150664591449,0.002397515418379724,0.0010127413055543498
2022-02-01,2022-03-01,lag_6,-0.002078928094134,0.00018158562525059097,0.002397515418379724,0.0010127413055543498
2022-02-01,2022-03-01,lag_7,0.00453086144506,-8.21512700895255e-05,0.002397515418379724,0.0010127413055543498
2022-02-01,2022-03-01,lag_8,0.0036680895609242,0.0003155213824902603,0.002397515418379724,0.0010127413055543498
2022-02-01,2022-03-01,lag_9,0.0088347578563929,0.001396425982902656,0.002397515418379724,0.0010127413055543498
2022-02-01,2022-03-01,lag_10,0.0017578578773207,0.00043144886611116816,0.002397515418379724,0.0010127413055543498
2022-02-01,2022-03-01,lag_11,0.01996522573858672,-0.0004454392158322662,0.002397515418379724,0.0010127413055543498
2022-02-01,2022-03-01,volatility_3m,0.005539005338076544,-0.00028882423831873895,0.002397515418379724,0.0010127413055543498
2022-03-01,2022-04-01,lag_0,0.0057795252893599,0.0006069509498593107,0.003076144999869233,0.0010469920933144608
2022-03-01,2022-04-01,lag_1,0.0061773799369513,0.0007536202088886057,0.003076144999869233,0.0010469920933144608
2022-03-01,2022-04-01,lag_2,-0.0038553890138945,-0.0005148876752537035,0.003076144999869233,0.0010469920933144608
2022-03-01,2022-04-01,lag_3,-0.0029071000130063,-0.0003219009776148596,0.003076144999869233,0.0010469920933144608
2022-03-01,2022-04-01,lag_4,0.0067574983021634,6.079924808545911e-05,0.003076144999869233,0.0010469920933144608
2022-03-01,2022-04-01,lag_5,0.0133459909804463,0.0012004579662334436,0.003076144999869233,0.0010469920933144608
2022-03-01,2022-04-01,lag_6,-0.0119236250388361,0.0005031739836886118,0.003076144999869233,0.0010469920933144608
2022-03-01,2022-04-01,lag_7,-0.002078928094134,2.7114302492918797e-05,0.003076144999869233,0.0010469920933144608
2022-03-01,2022-04-01,lag_8,0.00453086144506,0.0002615265369604458,0.003076144999869233,0.0010469920933144608
2022-03-01,2022-04-01,lag_9,0.0036680895609242,0.00025667518593763816,0.003076144999869233,0.0010469920933144608
2022-03-01,2022-04-01,lag_10,0.0088347578563929,-9.002414108181256e-05,0.003076144999869233,0.0010469920933144608
2022-03-01,2022-04-01,lag_11,0.0017578578773207,-0.00033808489191869737,0.003076144999869233,0.0010469920933144608
2022-03-01,2022-04-01,volatility_3m,0.005681054989652329,-0.00037626777051627866,0.003076144999869233,0.0010469920933144608
2022-04-01,2022-05-01,lag_0,0.0004861197143313,-0.0002287465567496838,0.0034602658700704798,0.0010447008456697813
2022-04-01,2022-05-01,lag_1,0.0057795252893599,0.0008863218072656309,0.0034602658700704798,0.0010447008456697813
2022-04-01,2022-05-01,lag_2,0.0061773799369513,0.001596175518734526,0.0034602658700704798,0.0010447008456697813
2022-04-01,2022-05-01,lag_3,-0.0038553890138945,-0.00028041649344231703,0.0034602658700704798,0.0010447008456697813
2022-04-01,2022-05-01,lag_4,-0.0029071000130063,-0.00016461628791375916,0.0034602658700704798,0.0010447008456697813
2022-04-01,2022-05-01,lag_5,0.0067574983021634,-2.071692029858241e-05,0.0034602658700704798,0.0010447008456697813
2022-04-01,2022-05-01,lag_6,0.0133459909804463,0.0003447480316299334,0.0034602658700704798,0.0010447008456697813
2022-04-01,2022-05-01,lag_7,-0.0119236250388361,0.00030517685701852314,0.0034602658700704798,0.0010447008456697813
2022-04-01,2022-05-01,lag_8,-0.002078928094134,-0.0003621957881478011,0.0034602658700704798,0.0010447008456697813
2022-04-01,2022-05-01,lag_9,0.00453086144506,0.0004941287385281612,0.0034602658700704798,0.0010447008456697813
2022-04-01,2022-05-01,lag_10,0.0036680895609242,0.0001794737005729985,0.0034602658700704798,0.0010447008456697813
2022-04-01,2022-05-01,lag_11,0.0088347578563929,-0.00021131225952558452,0.0034602658700704798,0.0010447008456697813
2022-04-01,2022-05-01,volatility_3m,0.003177233435551822,-0.0001224552963321912,0.0034602658700704798,0.0010447008456697813
2022-05-01,2022-06-01,lag_0,-0.0010504332153136,0.00041704622650286184,-0.0018358303179325571,0.0011477562093798776
2022-05-01,2022-06-01,lag_1,0.0004861197143313,-0.0005250706936112692,-0.0018358303179325571,0.0011477562093798776
2022-05-01,2022-06-01,lag_2,0.0057795252893599,0.0015581566685068538,-0.0018358303179325571,0.0011477562093798776
2022-05-01,2022-06-01,lag_3,0.0061773799369513,-6.88657955470262e-05,-0.0018358303179325571,0.0011477562093798776
2022-05-01,2022-06-01,lag_4,-0.0038553890138945,-0.00027191383800527545,-0.0018358303179325571,0.0011477562093798776
2022-05-01,2022-06-01,lag_5,-0.0029071000130063,-0.0007303290057961931,-0.0018358303179325571,0.0011477562093798776
2022-05-01,2022-06-01,lag_6,0.0067574983021634,-0.0015801481207381584,-0.0018358303179325571,0.0011477562093798776
2022-05-01,2022-06-01,lag_7,0.0133459909804463,0.00019795603799138917,-0.0018358303179325571,0.0011477562093798776
2022-05-01,2022-06-01,lag_8,-0.0119236250388361,-0.0008719533065777796,-0.0018358303179325571,0.0011477562093798776
2022-05-01,2022-06-01,lag_9,-0.002078928094134,-0.0008679369886067434,-0.0018358303179325571,0.0011477562093798776
2022-05-01,2022-06-01,lag_10,0.00453086144506,0.00037939703946904046,-0.0018358303179325571,0.0011477562093798776
2022-05-01,2022-06-01,lag_11,0.0036680895609242,-0.00032639340408422866,-0.0018358303179325571,0.0011477562093798776
2022-05-01,2022-06-01,volatility_3m,0.003583049694113151,-0.0002935313191210298,-0.0018358303179325571,0.0011477562093798776
2022-06-01,2022-07-01,lag_0,-0.0031183386894699,-0.0006566257376834983,-0.0033323115561177496,0.000933812886043094
2022-06-01,2022-07-01,lag_1,-0.0010504332153136,-0.0002515705626501585,-0.0033323115561177496,0.000933812886043094
2022-06-01,2022-07-01,lag_2,0.0004861197143313,-0.000871425463756168,-0.0033323115561177496,0.000933812886043094
2022-06-01,2022-07-01,lag_3,0.0057795252893599,-2.729180716414703e-05,-0.0033323115561177496,0.000933812886043094
2022-06-01,2022-07-01,lag_4,0.0061773799369513,0.00010716996344854123,-0.0033323115561177496,0.000933812886043094
2022-06-01,2022-07-01,lag_5,-0.0038553890138945,-0.0008304050988226663,-0.0033323115561177496,0.000933812886043094
2022-06-01,2022-07-01,lag_6,-0.0029071000130063,2.9212656954769046e-06,-0.0033323115561177496,0.000933812886043094
2022-06-01,2022-07-01,lag_7,0.0067574983021634,-0.000599732805894746,-0.0033323115561177496,0.000933812886043094
2022-06-01,2022-07-01,lag_8,0.0133459909804463,0.0003729349547666061,-0.0033323115561177496,0.000933812886043094
2022-06-01,2022-07-01,lag_9,-0.0119236250388361,-0.0007479470996622694,-0.0033323115561177496,0.000933812886043094
2022-06-01,2022-07-01,lag_10,-0.002078928094134,7.734946979326196e-05,-0.0033323115561177496,0.000933812886043094
2022-06-01,2022-07-01,lag_11,0.00453086144506,-0.0007948331938132469,-0.0033323115561177496,0.000933812886043094
2022-06-01,2022-07-01,volatility_3m,0.0018087448843686705,-4.66683324702899e-05,-0.0033323115561177496,0.000933812886043094
2022-07-01,2022-08-01,lag_0,0.0020272849739724,4.9956776347244155e-05,0.0002854031908991186,0.0011029806841631933
2022-07-01,2022-08-01,lag_1,-0.0031183386894699,-0.0010836921507689113,0.0002854031908991186,0.0011029806841631933
2022-07-01,2022-08-01,lag_2,-0.0010504332153136,-0.0011430315616826191,0.0002854031908991186,0.0011029806841631933
2022-07-01,2022-08-01,lag_3,0.0004861197143313,-0.00032344361057766945,0.0002854031908991186,0.0011029806841631933
2022-07-01,2022-08-01,lag_4,0.0057795252893599,0.00017293211491050897,0.0002854031908991186,0.0011029806841631933
2022-07-01,2022-08-01,lag_5,0.0061773799369513,0.0001662827780819498,0.0002854031908991186,0.0011029806841631933
2022-07-01,2022-08-01,lag_6,-0.0038553890138945,-0.00015706016536569224,0.0002854031908991186,0.0011029806841631933
2022-07-01,2022-08-01,lag_7,-0.0029071000130063,9.66003459689091e-05,0.0002854031908991186,0.0011029806841631933
2022-07-01,2022-08-01,lag_8,0.0067574983021634,0.00041476975593468524,0.0002854031908991186,0.0011029806841631933
2022-07-01,2022-08-01,lag_9,0.0133459909804463,0.0004969056959544105,0.0002854031908991186,0.0011029806841631933
2022-07-01,2022-08-01,lag_10,-0.0119236250388361,0.0004310563523313249,0.0002854031908991186,0.0011029806841631933
2022-07-01,2022-08-01,lag_11,-0.002078928094134,0.00015039421826259057,0.0002854031908991186,0.0011029806841631933
2022-07-01,2022-08-01,volatility_3m,0.0025892735528356484,-8.924800784370745e-05,0.0002854031908991186,0.0011029806841631933
2022-08-01,2022-09-01,lag_0,-0.0012524758296699,-0.0006930690900890113,0.0012441458763711877,0.0009280810294345945
2022-08-01,2022-09-01,lag_1,0.0020272849739724,0.0005044929983705515,0.0012441458763711877,0.0009280810294345945
2022-08-01,2022-09-01,lag_2,-0.0031183386894699,0.00018156689317038398,0.0012441458763711877,0.0009280810294345945
2022-08-01,2022-09-01,lag_3,-0.0010504332153136,-5.058579499745974e-05,0.0012441458763711877,0.0009280810294345945
2022-08-01,2022-09-01,lag_4,0.0004861197143313,-0.00010124133837962291,0.0012441458763711877,0.0009280810294345945
2022-08-01,2022-09-01,lag_5,0.0057795252893599,-9.367543425469194e-06,0.0012441458763711877,0.0009280810294345945
2022-08-01,2022-09-01,lag_6,0.0061773799369513,0.0005058222886509612,0.0012441458763711877,0.0009280810294345945
2022-08-01,2022-09-01,lag_7,-0.0038553890138945,5.763843100510257e-05,0.0012441458763711877,0.0009280810294345945
2022-08-01,2022-09-01,lag_8,-0.0029071000130063,-0.0009041938294831197,0.0012441458763711877,0.0009280810294345945
2022-08-01,2022-09-01,lag_9,0.0067574983021634,2.1451086631714133e-05,0.0012441458763711877,0.0009280810294345945
2022-08-01,2022-09-01,lag_10,0.0133459909804463,1.2866696713444981e-05,0.0012441458763711877,0.0009280810294345945
2022-08-01,2022-09-01,lag_11,-0.0119236250388361,0.0006857820326695218,0.0012441458763711877,0.0009280810294345945
2022-08-01,2022-09-01,volatility_3m,0.0026049861812322784,0.00010490199990272231,0.0012441458763711877,0.0009280810294345945
2022-09-01,2022-10-01,lag_0,0.0019319323696054,0.0002148175980300948,-0.001548914345085086,0.0009445543865209054
2022-09-01,2022-10-01,lag_1,-0.0012524758296699,-0.0003955425829462911,-0.001548914345085086,0.0009445543865209054
2022-09-01,2022-10-01,lag_2,0.0020272849739724,0.0006119674139881681,-0.001548914345085086,0.0009445543865209054
2022-09-01,2022-10-01,lag_3,-0.0031183386894699,-0.00029707445897656724,-0.001548914345085086,0.0009445543865209054
2022-09-01,2022-10-01,lag_4,-0.0010504332153136,-4.5765225022478264e-05,-0.001548914345085086,0.0009445543865209054
2022-09-01,2022-10-01,lag_5,0.0004861197143313,-4.65422187699005e-05,-0.001548914345085086,0.0009445543865209054
2022-09-01,2022-10-01,lag_6,0.0057795252893599,0.00025684568709039013,-0.001548914345085086,0.0009445543865209054
2022-09-01,2022-10-01,lag_7,0.0061773799369513,0.0002159873583332228,-0.001548914345085086,0.0009445543865209054
2022-09-01,2022-10-01,lag_8,-0.0038553890138945,-0.0008647436481805926,-0.001548914345085086,0.0009445543865209054
2022-09-01,2022-10-01,lag_9,-0.0029071000130063,-0.0010071615108972764,-0.001548914345085086,0.0009445543865209054
2022-09-01,2022-10-01,lag_10,0.0067574983021634,0.0002771730799577199,-0.001548914345085086,0.0009445543865209054
2022-09-01,2022-10-01,lag_11,0.0133459909804463,-0.0010355809983957443,-0.001548914345085086,0.0009445543865209054
2022-09-01,2022-10-01,volatility_3m,0.0018666538077479584,-0.00037784920357808005,-0.001548914345085086,0.0009445543865209054
2022-10-01,2022-11-01,lag_0,-0.0003841127462562,-0.00020893209330097307,-0.0010804083268779322,0.0009275390386006729
2022-10-01,2022-11-01,lag_1,0.0019319323696054,0.00010904017401117016,-0.0010804083268779322,0.0009275390386006729
2022-10-01,2022-11-01,lag_2,-0.0012524758296699,-0.0006063333643942315,-0.0010804083268779322,0.0009275390386006729
2022-10-01,2022-11-01,lag_3,0.0020272849739724,-0.00027157929993336437,-0.0010804083268779322,0.0009275390386006729
2022-10-01,2022-11-01,lag_4,-0.0031183386894699,-0.00045685683870033244,-0.0010804083268779322,0.0009275390386006729
2022-10-01,2022-11-01,lag_5,-0.0010504332153136,-2.195791576014017e-06,-0.0010804083268779322,0.0009275390386006729
2022-10-01,2022-11-01,lag_6,0.0004861197143313,1.4462495728366776e-05,-0.0010804083268779322,0.0009275390386006729
2022-10-01,2022-11-01,lag_7,0.0057795252893599,0.0005412725896530901,-0.0010804083268779322,0.0009275390386006729
2022-10-01,2022-11-01,lag_8,0.0061773799369513,0.0005164584377962456,-0.0010804083268779322,0.0009275390386006729
2022-10-01,2022-11-01,lag_9,-0.0038553890138945,-0.00017588686635008343,-0.0010804083268779322,0.0009275390386006729
2022-10-01,2022-11-01,lag_10,-0.0029071000130063,-0.0004432514584641467,-0.0010804083268779322,0.0009275390386006729
2022-10-01,2022-11-01,lag_11,0.0067574983021634,-0.0006452139316343164,-0.0010804083268779322,0.0009275390386006729
2022-10-01,2022-11-01,volatility_3m,0.0016461356263966567,-0.0003789314554705925,-0.0010804083268779322,0.0009275390386006729
2022-11-01,2022-12-01,lag_0,-0.0029444934707285,-0.0010652363179269742,0.0006597236085603105,0.0008836846775683325
2022-11-01,2022-12-01,lag_1,-0.0003841127462562,-0.0005806047344776744,0.0006597236085603105,0.0008836846775683325
2022-11-01,2022-12-01,lag_2,0.0019319323696054,0.0008055275788592553,0.0006597236085603105,0.0008836846775683325
2022-11-01,2022-12-01,lag_3,-0.0012524758296699,-0.00013050352445134194,0.0006597236085603105,0.0008836846775683325
2022-11-01,2022-12-01,lag_4,0.0020272849739724,1.8042496622001634e-05,0.0006597236085603105,0.0008836846775683325
2022-11-01,2022-12-01,lag_5,-0.0031183386894699,-0.0005631255606317609,0.0006597236085603105,0.0008836846775683325
2022-11-01,2022-12-01,lag_6,-0.0010504332153136,0.0002667027031566249,0.0006597236085603105,0.0008836846775683325
2022-11-01,2022-12-01,lag_7,0.0004861197143313,-5.3312683266995006e-05,0.0006597236085603105,0.0008836846775683325
2022-11-01,2022-12-01,lag_8,0.0057795252893599,0.0006961597222289129,0.0006597236085603105,0.0008836846775683325
2022-11-01,2022-12-01,lag_9,0.0061773799369513,0.000276750591747259,0.0006597236085603105,0.0008836846775683325
2022-11-01,2022-12-01,lag_10,-0.0038553890138945,-2.6287846467312192e-05,0.0006597236085603105,0.0008836846775683325
2022-11-01,2022-12-01,lag_11,-0.0029071000130063,0.00014036638742254582,0.0006597236085603105,0.0008836846775683325
2022-11-01,2022-12-01,volatility_3m,0.002439232919356406,-8.439841276413062e-06,0.0006597236085603105,0.0008836846775683325
2022-12-01,2023-01-01,lag_0,-0.011845400797525,-0.0030147082863732065,-0.003486847558681896,0.0008426333852169479
2022-12-01,2023-01-01,lag_1,-0.0029444934707285,-0.0008995055675768526,-0.003486847558681896,0.0008426333852169479
2022-12-01,2023-01-01,lag_2,-0.0003841127462562,-0.0014135232463740976,-0.003486847558681896,0.0008426333852169479
2022-12-01,2023-01-01,lag_3,0.0019319323696054,-5.848419259564252e-05,-0.003486847558681896,0.0008426333852169479
2022-12-01,2023-01-01,lag_4,-0.0012524758296699,-0.00043439851922812524,-0.003486847558681896,0.0008426333852169479
2022-12-01,2023-01-01,lag_5,0.0020272849739724,0.0005167982582315744,-0.003486847558681896,0.0008426333852169479
2022-12-01,2023-01-01,lag_6,-0.0031183386894699,-4.088473615411204e-06,-0.003486847558681896,0.0008426333852169479
2022-12-01,2023-01-01,lag_7,-0.0010504332153136,-0.00035871991534804694,-0.003486847558681896,0.0008426333852169479
2022-12-01,2023-01-01,lag_8,0.0004861197143313,4.053871693031397e-05,-0.003486847558681896,0.0008426333852169479
2022-12-01,2023-01-01,lag_9,0.0057795252893599,-0.00036456881283811524,-0.003486847558681896,0.0008426333852169479
2022-12-01,2023-01-01,lag_10,0.0061773799369513,0.000552814293987467,-0.003486847558681896,0.0008426333852169479
2022-12-01,2023-01-01,lag_11,-0.0038553890138945,0.0011971220791747329,-0.003486847558681896,0.0008426333852169479
2022-12-01,2023-01-01,volatility_3m,0.006015851622846454,-8.875742203599657e-05,-0.003486847558681896,0.0008426333852169479
2023-01-01,2023-02-01,lag_0,0.0073760242218297,0.0005120667483697616,0.0015486955617458806,0.0008009597638859221
2023-01-01,2023-02-01,lag_1,-0.011845400797525,0.00015401769898744532,0.0015486955617458806,0.0008009597638859221
2023-01-01,2023-02-01,lag_2,-0.0029444934707285,-0.0005464665695490112,0.0015486955617458806,0.0008009597638859221
2023-01-01,2023-02-01,lag_3,-0.0003841127462562,-0.00010601989278256951,0.0015486955617458806,0.0008009597638859221
2023-01-01,2023-02-01,lag_4,0.0019319323696054,-4.236420430061116e-05,0.0015486955617458806,0.0008009597638859221
2023-01-01,2023-02-01,lag_5,-0.0012524758296699,0.00012836977203278365,0.0015486955617458806,0.0008009597638859221
2023-01-01,2023-02-01,lag_6,0.0020272849739724,-0.00013990296767588006,0.0015486955617458806,0.0008009597638859221
2023-01-01,2023-02-01,lag_7,-0.0031183386894699,-7.569306123514252e-05,0.0015486955617458806,0.0008009597638859221
2023-01-01,2023-02-01,lag_8,-0.0010504332153136,-2.3740505766909337e-05,0.0015486955617458806,0.0008009597638859221
2023-01-01,2023-02-01,lag_9,0.0004861197143313,-0.00023156177567443592,0.0015486955617458806,0.0008009597638859221
2023-01-01,2023-02-01,lag_10,0.0057795252893599,0.00122651488606607,0.0015486955617458806,0.0008009597638859221
2023-01-01,2023-02-01,lag_11,0.0061773799369513,-0.0006325294336011211,0.0015486955617458806,0.0008009597638859221
2023-01-01,2023-02-01,volatility_3m,0.009619445726039358,0.0005250452069867607,0.0015486955617458806,0.0008009597638859221
2023-02-01,2023-03-01,lag_0,0.0013582135715868,0.0006912832113494005,-0.0019831221950946444,0.000928385232299892
2023-02-01,2023-03-01,lag_1,0.0073760242218297,0.0007929098282147606,-0.0019831221950946444,0.000928385232299892
2023-02-01,2023-03-01,lag_2,-0.011845400797525,-0.0023995606403696,-0.0019831221950946444,0.000928385232299892
2023-02-01,2023-03-01,lag_3,-0.0029444934707285,-0.0006338276987753488,-0.0019831221950946444,0.000928385232299892
2023-02-01,2023-03-01,lag_4,-0.0003841127462562,-0.00017185564667670405,-0.0019831221950946444,0.000928385232299892
2023-02-01,2023-03-01,lag_5,0.0019319323696054,0.00016444551489257719,-0.0019831221950946444,0.000928385232299892
2023-02-01,2023-03-01,lag_6,-0.0012524758296699,-0.00016662087711665662,-0.0019831221950946444,0.000928385232299892
2023-02-01,2023-03-01,lag_7,0.0020272849739724,-0.0002172866235650872,-0.0019831221950946444,0.000928385232299892
2023-02-01,2023-03-01,lag_8,-0.0031183386894699,-0.0008560246198703681,-0.0019831221950946444,0.000928385232299892
2023-02-01,2023-03-01,lag_9,-0.0010504332153136,-1.21178252993559e-05,-0.0019831221950946444,0.000928385232299892
2023-02-01,2023-03-01,lag_10,0.0004861197143313,0.00024276384993754619,-0.0019831221950946444,0.000928385232299892
2023-02-01,2023-03-01,lag_11,0.0057795252893599,-0.0006629600616724928,-0.0019831221950946444,0.000928385232299892
2023-02-01,2023-03-01,volatility_3m,0.009832028081776646,0.00031734413322737965,-0.0019831221950946444,0.000928385232299892
2023-03-01,2023-04-01,lag_0,0.003757775465659,0.0005452996543135668,0.0006299351703043458,0.0008434967771984287
2023-03-01,2023-04-01,lag_1,0.0013582135715868,-0.0002371466024669644,0.0006299351703043458,0.0008434967771984287
2023-03-01,2023-04-01,lag_2,0.0073760242218297,0.0020176044728759733,0.0006299351703043458,0.0008434967771984287
2023-03-01,2023-04-01,lag_3,-0.011845400797525,-0.0015231674897586344,0.0006299351703043458,0.0008434967771984287
2023-03-01,2023-04-01,lag_4,-0.0029444934707285,-0.00041720117560544167,0.0006299351703043458,0.0008434967771984287
2023-03-01,2023-04-01,lag_5,-0.0003841127462562,0.00012155954964327975,0.0006299351703043458,0.0008434967771984287
2023-03-01,2023-04-01,lag_6,0.0019319323696054,-8.952796639277949e-05,0.0006299351703043458,0.0008434967771984287
2023-03-01,2023-04-01,lag_7,-0.0012524758296699,1.4027640481799608e-05,0.0006299351703043458,0.0008434967771984287
2023-03-01,2023-04-01,lag_8,0.0020272849739724,0.000538778184200055,0.0006299351703043458,0.0008434967771984287
2023-03-01,2023-04-01,lag_9,-0.0031183386894699,-0.0009622144652166753,0.0006299351703043458,0.0008434967771984287
2023-03-01,2023-04-01,lag_10,-0.0010504332153136,0.00011905007631867193,0.0006299351703043458,0.0008434967771984287
2023-03-01,2023-04-01,lag_11,0.0004861197143313,-0.0003474196153001685,0.0006299351703043458,0.0008434967771984287
2023-03-01,2023-04-01,volatility_3m,0.003029402206354444,6.796183133701561e-06,0.0006299351703043458,0.0008434967771984287
2023-04-01,2023-05-01,lag_0,0.0022988686347238,-1.0149564313906013e-05,-4.325777059271688e-05,0.0007433356299381313
2023-04-01,2023-05-01,lag_1,0.003757775465659,0.0007933660698108725,-4.325777059271688e-05,0.0007433356299381313
2023-04-01,2023-05-01,lag_2,0.0013582135715868,0.0004004950393391482,-4.325777059271688e-05,0.0007433356299381313
2023-04-01,2023-05-01,lag_3,0.0073760242218297,0.00016037055091146612,-4.325777059271688e-05,0.0007433356299381313
2023-04-01,2023-05-01,lag_4,-0.011845400797525,0.000234180704692335,-4.325777059271688e-05,0.0007433356299381313
2023-04-01,2023-05-01,lag_5,-0.0029444934707285,-0.001166071559496231,-4.325777059271688e-05,0.0007433356299381313
2023-04-01,2023-05-01,lag_6,-0.0003841127462562,0.0001015580736748234,-4.325777059271688e-05,0.0007433356299381313
2023-04-01,2023-05-01,lag_7,0.0019319323696054,9.591164714947809e-05,-4.325777059271688e-05,0.0007433356299381313
2023-04-01,2023-05-01,lag_8,-0.0012524758296699,5.5365691227962085e-05,-4.325777059271688e-05,0.0007433356299381313
2023-04-01,2023-05-01,lag_9,0.0020272849739724,-0.0002404663005290786,-4.325777059271688e-05,0.0007433356299381313
2023-04-01,2023-05-01,lag_10,-0.0031183386894699,-0.0005421253446911579,-4.325777059271688e-05,0.0007433356299381313
2023-04-01,2023-05-01,lag_11,-0.0010504332153136,-0.0002497490374116751,-4.325777059271688e-05,0.0007433356299381313
2023-04-01,2023-05-01,volatility_3m,0.0012090725352267627,-0.00041927921516617063,-4.325777059271688e-05,0.0007433356299381313
2023-05-01,2023-06-01,lag_0,-0.0032089990224672,-0.000716819098997803,0.003476782718362275,0.0007592757943619513
2023-05-01,2023-06-01,lag_1,0.0022988686347238,0.0006062272649796796,0.003476782718362275,0.0007592757943619513
2023-05-01,2023-06-01,lag_2,0.003757775465659,0.0009816828644852648,0.003476782718362275,0.0007592757943619513
2023-05-01,2023-06-01,lag_3,0.0013582135715868,-0.00012713090209217625,0.003476782718362275,0.0007592757943619513
2023-05-01,2023-06-01,lag_4,0.0073760242218297,0.00020901370981846412,0.003476782718362275,0.0007592757943619513
2023-05-01,2023-06-01,lag_5,-0.011845400797525,0.0005920306967072974,0.003476782718362275,0.0007592757943619513
2023-05-01,2023-06-01,lag_6,-0.0029444934707285,0.00041031488292901484,0.003476782718362275,0.0007592757943619513
2023-05-01,2023-06-01,lag_7,-0.0003841127462562,-0.00014842263808532153,0.003476782718362275,0.0007592757943619513
2023-05-01,2023-06-01,lag_8,0.0019319323696054,0.0006566174537420011,0.003476782718362275,0.0007592757943619513
2023-05-01,2023-06-01,lag_9,-0.0012524758296699,-4.175044440444253e-05,0.003476782718362275,0.0007592757943619513
2023-05-01,2023-06-01,lag_10,0.0020272849739724,0.0003706958977090835,0.003476782718362275,0.0007592757943619513
2023-05-01,2023-06-01,lag_11,-0.0031183386894699,0.00013205174651375272,0.003476782718362275,0.0007592757943619513
2023-05-01,2023-06-01,volatility_3m,0.0036742564335950144,-0.00020700446947557793,0.003476782718362275,0.0007592757943619513
2023-06-01,2023-07-01,lag_0,-0.0080478648050226,-0.0028657887284538218,-0.002388335772132369,0.0002827269310712222
2023-06-01,2023-07-01,lag_1,-0.0032089990224672,-0.0004978222901019081,-0.002388335772132369,0.0002827269310712222
2023-06-01,2023-07-01,lag_2,0.0022988686347238,0.0012015084455569535,-0.002388335772132369,0.0002827269310712222
2023-06-01,2023-07-01,lag_3,0.003757775465659,-0.00027552327546921163,-0.002388335772132369,0.0002827269310712222
2023-06-01,2023-07-01,lag_4,0.0013582135715868,0.0011672600446763681,-0.002388335772132369,0.0002827269310712222
2023-06-01,2023-07-01,lag_5,0.0073760242218297,0.00025903044799036935,-0.002388335772132369,0.0002827269310712222
2023-06-01,2023-07-01,lag_6,-0.011845400797525,0.00037068045687249195,-0.002388335772132369,0.0002827269310712222
2023-06-01,2023-07-01,lag_7,-0.0029444934707285,0.00011158422765561226,-0.002388335772132369,0.0002827269310712222
2023-06-01,2023-07-01,lag_8,-0.0003841127462562,-0.0003725932709933488,-0.002388335772132369,0.0002827269310712222
2023-06-01,2023-07-01,lag_9,0.0019319323696054,3.2393953846963084e-05,-0.002388335772132369,0.0002827269310712222
2023-06-01,2023-07-01,lag_10,-0.0012524758296699,0.0002617800389344893,-0.002388335772132369,0.0002827269310712222
2023-06-01,2023-07-01,lag_11,0.0020272849739724,-0.0008627157636225036,-0.002388335772132369,0.0002827269310712222
2023-06-01,2023-07-01,volatility_3m,0.0051769701735004964,-0.0012008570261377827,-0.002388335772132369,0.0002827269310712222
2023-07-01,2023-08-01,lag_0,0.0078308561837765,0.0002803526287176794,0.0008580574565000255,0.0003904967020433234
2023-07-01,2023-08-01,lag_1,-0.0080478648050226,-0.001070305880418232,0.0008580574565000255,0.0003904967020433234
2023-07-01,2023-08-01,lag_2,-0.0032089990224672,-0.000652593093577245,0.0008580574565000255,0.0003904967020433234
2023-07-01,2023-08-01,lag_3,0.0022988686347238,-3.204281071305104e-06,0.0008580574565000255,0.0003904967020433234
2023-07-01,2023-08-01,lag_4,0.003757775465659,5.36488415022518e-05,0.0008580574565000255,0.0003904967020433234
2023-07-01,2023-08-01,lag_5,0.0013582135715868,-0.00010881352199589855,0.0008580574565000255,0.0003904967020433234
2023-07-01,2023-08-01,lag_6,0.0073760242218297,-0.0006722560641793507,0.0008580574565000255,0.0003904967020433234
2023-07-01,2023-08-01,lag_7,-0.011845400797525,0.00024135841699262527,0.0008580574565000255,0.0003904967020433234
2023-07-01,2023-08-01,lag_8,-0.0029444934707285,-0.0001976160853178044,0.0008580574565000255,0.0003904967020433234
2023-07-01,2023-08-01,lag_9,-0.0003841127462562,-0.00031839188810579345,0.0008580574565000255,0.0003904967020433234
2023-07-01,2023-08-01,lag_10,0.0019319323696054,0.0004711052112932634,0.0008580574565000255,0.0003904967020433234
2023-07-01,2023-08-01,lag_11,-0.0012524758296699,0.00019624932261194772,0.0008580574565000255,0.0003904967020433234
2023-07-01,2023-08-01,volatility_3m,0.008138660877529144,0.002248027190426569,0.0008580574565000255,0.0003904967020433234
2023-08-01,2023-09-01,lag_0,-0.0006681669277961,1.9982586870241903e-05,0.00015816039890906438,0.00044552387841131534
2023-08-01,2023-09-01,lag_1,0.0078308561837765,0.00137364527818022,0.00015816039890906438,0.00044552387841131534
2023-08-01,2023-09-01,lag_2,-0.0080478648050226,-0.0014071592195602988,0.00015816039890906438,0.00044552387841131534
2023-08-01,2023-09-01,lag_3,-0.0032089990224672,3.6588137211310825e-05,0.00015816039890906438,0.00044552387841131534
2023-08-01,2023-09-01,lag_4,0.0022988686347238,0.0002851624622692839,0.00015816039890906438,0.00044552387841131534
2023-08-01,2023-09-01,lag_5,0.003757775465659,0.00035565114008420553,0.00015816039890906438,0.00044552387841131534
2023-08-01,2023-09-01,lag_6,0.0013582135715868,-6.555298417822542e-05,0.00015816039890906438,0.00044552387841131534
2023-08-01,2023-09-01,lag_7,0.0073760242218297,6.022032765031326e-05,0.00015816039890906438,0.00044552387841131534
2023-08-01,2023-09-01,lag_8,-0.011845400797525,-0.0010577023727489632,0.00015816039890906438,0.00044552387841131534
2023-08-01,2023-09-01,lag_9,-0.0029444934707285,-0.000926941962097203,0.00015816039890906438,0.00044552387841131534
2023-08-01,2023-09-01,lag_10,-0.0003841127462562,-0.0001904319628107487,0.00015816039890906438,0.00044552387841131534
2023-08-01,2023-09-01,lag_11,0.0019319323696054,-0.0006618358757137343,0.00015816039890906438,0.00044552387841131534
2023-08-01,2023-09-01,volatility_3m,0.007945933077685251,0.001891010976912213,0.00015816039890906438,0.00044552387841131534
2023-09-01,2023-10-01,lag_0,0.0018012453076874,0.00020661477198032684,0.0009228476276378783,0.0005606115474360562
2023-09-01,2023-10-01,lag_1,-0.0006681669277961,-0.0007550553617858214,0.0009228476276378783,0.0005606115474360562
2023-09-01,2023-10-01,lag_2,0.0078308561837765,0.002350775321348806,0.0009228476276378783,0.0005606115474360562
2023-09-01,2023-10-01,lag_3,-0.0080478648050226,0.0021069544472459255,0.0009228476276378783,0.0005606115474360562
2023-09-01,2023-10-01,lag_4,-0.0032089990224672,-0.0008025491490104742,0.0009228476276378783,0.0005606115474360562
2023-09-01,2023-10-01,lag_5,0.0022988686347238,-0.00016393803999562807,0.0009228476276378783,0.0005606115474360562
2023-09-01,2023-10-01,lag_6,0.003757775465659,-0.00023829347176587134,0.0009228476276378783,0.0005606115474360562
2023-09-01,2023-10-01,lag_7,0.0013582135715868,-4.1659012948542794e-05,0.0009228476276378783,0.0005606115474360562
2023-09-01,2023-10-01,lag_8,0.0073760242218297,8.815241964327925e-05,0.0009228476276378783,0.0005606115474360562
2023-09-01,2023-10-01,lag_9,-0.011845400797525,-0.0004999989554121953,0.0009228476276378783,0.0005606115474360562
2023-09-01,2023-10-01,lag_10,-0.0029444934707285,-0.0006189778279068037,0.0009228476276378783,0.0005606115474360562
2023-09-01,2023-10-01,lag_11,-0.0003841127462562,-0.000279725283654102,0.0009228476276378783,0.0005606115474360562
2023-09-01,2023-10-01,volatility_3m,0.0043720246636398865,-0.0009900637848451765,0.0009228476276378783,0.0005606115474360562
2023-10-01,2023-11-01,lag_0,-0.0054811790410731,0.0003148148285288244,-0.0012879220961788322,0.0004985131620042357
2023-10-01,2023-11-01,lag_1,0.0018012453076874,-0.00042198494518601136,-0.0012879220961788322,0.0004985131620042357
2023-10-01,2023-11-01,lag_2,-0.0006681669277961,-0.0004451285002869554,-0.0012879220961788322,0.0004985131620042357
2023-10-01,2023-11-01,lag_3,0.0078308561837765,0.0010146885745442092,-0.0012879220961788322,0.0004985131620042357
2023-10-01,2023-11-01,lag_4,-0.0080478648050226,-0.0017568133094671623,-0.0012879220961788322,0.0004985131620042357
2023-10-01,2023-11-01,lag_5,-0.0032089990224672,-0.0008185722201474732,-0.0012879220961788322,0.0004985131620042357
2023-10-01,2023-11-01,lag_6,0.0022988686347238,8.27194305711032e-05,-0.0012879220961788322,0.0004985131620042357
2023-10-01,2023-11-01,lag_7,0.003757775465659,-7.133035227894879e-05,-0.0012879220961788322,0.0004985131620042357
2023-10-01,2023-11-01,lag_8,0.0013582135715868,0.000666456823771,-0.0012879220961788322,0.0004985131620042357
2023-10-01,2023-11-01,lag_9,0.0073760242218297,0.0012244687991542946,-0.0012879220961788322,0.0004985131620042357
2023-10-01,2023-11-01,lag_10,-0.011845400797525,-0.0009188493414978893,-0.0012879220961788322,0.0004985131620042357
2023-10-01,2023-11-01,lag_11,-0.0029444934707285,-0.00016685847145311072,-0.0012879220961788322,0.0004985131620042357
2023-10-01,2023-11-01,volatility_3m,0.0037035295504587364,-0.0004900465787903841,-0.0012879220961788322,0.0004985131620042357
2023-11-01,2023-12-01,lag_0,0.0039238564884236,0.0004631192554280972,-0.0005006003626571112,0.0004983103613335163
2023-11-01,2023-12-01,lag_1,-0.0054811790410731,-0.00030137502502796564,-0.0005006003626571112,0.0004983103613335163
2023-11-01,2023-12-01,lag_2,0.0018012453076874,0.00022284433183301645,-0.0005006003626571112,0.0004983103613335163
2023-11-01,2023-12-01,lag_3,-0.0006681669277961,0.00016625045942134876,-0.0005006003626571112,0.0004983103613335163
2023-11-01,2023-12-01,lag_4,0.0078308561837765,0.0007368685465431213,-0.0005006003626571112,0.0004983103613335163
2023-11-01,2023-12-01,lag_5,-0.0080478648050226,-0.0009965612471501118,-0.0005006003626571112,0.0004983103613335163
2023-11-01,2023-12-01,lag_6,-0.0032089990224672,0.00025024555333621025,-0.0005006003626571112,0.0004983103613335163
2023-11-01,2023-12-01,lag_7,0.0022988686347238,0.00029790311426552307,-0.0005006003626571112,0.0004983103613335163
2023-11-01,2023-12-01,lag_8,0.003757775465659,4.2372969145674235e-05,-0.0005006003626571112,0.0004983103613335163
2023-11-01,2023-12-01,lag_9,0.0013582135715868,-0.00022500875856522383,-0.0005006003626571112,0.0004983103613335163
2023-11-01,2023-12-01,lag_10,0.0073760242218297,-0.00038802133997364765,-0.0005006003626571112,0.0004983103613335163
2023-11-01,2023-12-01,lag_11,-0.011845400797525,0.0007971259387676354,-0.0005006003626571112,0.0004983103613335163
2023-11-01,2023-12-01,volatility_3m,0.0049327794046747685,-0.002064674485716864,-0.0005006003626571112,0.0004983103613335163
2023-12-01,2024-01-01,lag_0,-0.0025890110606505,-0.0008685361434226024,0.00229221930158746,0.0004640008630837651
2023-12-01,2024-01-01,lag_1,0.0039238564884236,0.0011135181898816883,0.00229221930158746,0.0004640008630837651
2023-12-01,2024-01-01,lag_2,-0.0054811790410731,-0.0011571069443061788,0.00229221930158746,0.0004640008630837651
2023-12-01,2024-01-01,lag_3,0.0018012453076874,0.00022184857645584087,0.00229221930158746,0.0004640008630837651
2023-12-01,2024-01-01,lag_4,-0.0006681669277961,0.0010097832639219461,0.00229221930158746,0.0004640008630837651
2023-12-01,2024-01-01,lag_5,0.0078308561837765,-4.8886858318155644e-05,0.00229221930158746,0.0004640008630837651
2023-12-01,2024-01-01,lag_6,-0.0080478648050226,0.0006253413241984162,0.00229221930158746,0.0004640008630837651
2023-12-01,2024-01-01,lag_7,-0.0032089990224672,0.00030481053220512424,0.00229221930158746,0.0004640008630837651
2023-12-01,2024-01-01,lag_8,0.0022988686347238,0.0011404954630254594,0.00229221930158746,0.0004640008630837651
2023-12-01,2024-01-01,lag_9,0.003757775465659,0.00016174410708913456,0.00229221930158746,0.0004640008630837651
2023-12-01,2024-01-01,lag_10,0.0013582135715868,0.001032879920077505,0.00229221930158746,0.0004640008630837651
2023-12-01,2024-01-01,lag_11,0.0073760242218297,-3.3183650313617366e-05,0.00229221930158746,0.0004640008630837651
2023-12-01,2024-01-01,volatility_3m,0.00481727399832899,-0.0016744893972349929,0.00229221930158746,0.0004640008630837651
2024-01-01,2024-02-01,lag_0,-0.0138202848856545,-0.0056147123765885,-0.0028025441282769014,0.000295852098041553
2024-01-01,2024-02-01,lag_1,-0.0025890110606505,4.315184115739612e-05,-0.0028025441282769014,0.000295852098041553
2024-01-01,2024-02-01,lag_2,0.0039238564884236,0.0011789890462233644,-0.0028025441282769014,0.000295852098041553
2024-01-01,2024-02-01,lag_3,-0.0054811790410731,9.716294654253943e-06,-0.0028025441282769014,0.000295852098041553
2024-01-01,2024-02-01,lag_4,0.0018012453076874,3.0357895583392746e-05,-0.0028025441282769014,0.000295852098041553
2024-01-01,2024-02-01,lag_5,-0.0006681669277961,0.0006192176724178467,-0.0028025441282769014,0.000295852098041553
2024-01-01,2024-02-01,lag_6,0.0078308561837765,-0.00041310514193980906,-0.0028025441282769014,0.000295852098041553
2024-01-01,2024-02-01,lag_7,-0.0080478648050226,0.0003958924560046739,-0.0028025441282769014,0.000295852098041553
2024-01-01,2024-02-01,lag_8,-0.0032089990224672,-0.0016642460381919477,-0.0028025441282769014,0.000295852098041553
2024-01-01,2024-02-01,lag_9,0.0022988686347238,-0.00028744802156026593,-0.0028025441282769014,0.000295852098041553
2024-01-01,2024-02-01,lag_10,0.003757775465659,0.0017979168964927794,-0.0028025441282769014,0.000295852098041553
2024-01-01,2024-02-01,lag_11,0.0013582135715868,-0.00037155854460536376,-0.0028025441282769014,0.000295852098041553
2024-01-01,2024-02-01,volatility_3m,0.0089760190558628,0.0011774317915495657,-0.0028025441282769014,0.000295852098041553
2024-02-01,2024-03-01,lag_0,0.0106533450234573,0.00036065980381920325,-0.0006993340752031664,0.0005842221653566688
2024-02-01,2024-03-01,lag_1,-0.0138202848856545,-0.0002088397972923417,-0.0006993340752031664,0.0005842221653566688
2024-02-01,2024-03-01,lag_2,-0.0025890110606505,-0.0007300440365817451,-0.0006993340752031664,0.0005842221653566688
2024-02-01,2024-03-01,lag_3,0.0039238564884236,-0.00014561144107318568,-0.0006993340752031664,0.0005842221653566688
2024-02-01,2024-03-01,lag_4,-0.0054811790410731,8.23545304879758e-05,-0.0006993340752031664,0.0005842221653566688
2024-02-01,2024-03-01,lag_5,0.0018012453076874,0.000166894878577466,-0.0006993340752031664,0.0005842221653566688
2024-02-01,2024-03-01,lag_6,-0.0006681669277961,0.00039305004366269714,-0.0006993340752031664,0.0005842221653566688
2024-02-01,2024-03-01,lag_7,0.0078308561837765,1.2716770428085055e-05,-0.0006993340752031664,0.0005842221653566688
2024-02-01,2024-03-01,lag_8,-0.0080478648050226,-0.0016716849763315621,-0.0006993340752031664,0.0005842221653566688
2024-02-01,2024-03-01,lag_9,-0.0032089990224672,-0.0008904896625767833,-0.0006993340752031664,0.0005842221653566688
2024-02-01,2024-03-01,lag_10,0.0022988686347238,0.0010476902694426826,-0.0006993340752031664,0.0005842221653566688
2024-02-01,2024-03-01,lag_11,0.003757775465659,-0.00046583092116350147,-0.0006993340752031664,0.0005842221653566688
2024-02-01,2024-03-01,volatility_3m,0.01225057867557487,0.000765578342169988,-0.0006993340752031664,0.0005842221653566688
2024-03-01,2024-04-01,lag_0,0.0017186200476606,0.00019899333720303504,-0.004300556045510011,0.0005923357361832664
2024-03-01,2024-04-01,lag_1,0.0106533450234573,0.0016607788444849803,-0.004300556045510011,0.0005923357361832664
2024-03-01,2024-04-01,lag_2,-0.0138202848856545,-0.001617385233779558,-0.004300556045510011,0.0005923357361832664
2024-03-01,2024-04-01,lag_3,-0.0025890110606505,-0.00019550365779764435,-0.004300556045510011,0.0005923357361832664
2024-03-01,2024-04-01,lag_4,0.0039238564884236,0.00014429146054538932,-0.004300556045510011,0.0005923357361832664
2024-03-01,2024-04-01,lag_5,-0.0054811790410731,-3.083404030235215e-06,-0.004300556045510011,0.0005923357361832664
2024-03-01,2024-04-01,lag_6,0.0018012453076874,-0.00023785240152989217,-0.004300556045510011,0.0005923357361832664
2024-03-01,2024-04-01,lag_7,-0.0006681669277961,-4.344626753908898e-05,-0.004300556045510011,0.0005923357361832664
2024-03-01,2024-04-01,lag_8,0.0078308561837765,0.00016450906211048277,-0.004300556045510011,0.0005923357361832664
2024-03-01,2024-04-01,lag_9,-0.0080478648050226,-0.0011487770857618784,-0.004300556045510011,0.0005923357361832664
2024-03-01,2024-04-01,lag_10,-0.0032089990224672,-0.0011524319133332029,-0.004300556045510011,0.0005923357361832664
2024-03-01,2024-04-01,lag_11,0.0022988686347238,-0.0005010705715665153,-0.004300556045510011,0.0005923357361832664
2024-03-01,2024-04-01,volatility_3m,0.012384435378381886,-0.002161913995302598,-0.004300556045510011,0.0005923357361832664
2024-04-01,2024-05-01,lag_0,-0.0021335238777089,-0.0013464116347390131,-0.0016738965228935403,0.0006623978080469044
2024-04-01,2024-05-01,lag_1,0.0017186200476606,-0.00020748136229741475,-0.0016738965228935403,0.0006623978080469044
2024-04-01,2024-05-01,lag_2,0.0106533450234573,0.0008906176651512965,-0.0016738965228935403,0.0006623978080469044
2024-04-01,2024-05-01,lag_3,-0.0138202848856545,-0.0016762064503006969,-0.0016738965228935403,0.0006623978080469044
2024-04-01,2024-05-01,lag_4,-0.0025890110606505,-0.0007274592191873808,-0.0016738965228935403,0.0006623978080469044
2024-04-01,2024-05-01,lag_5,0.0039238564884236,0.0002628175848406045,-0.0016738965228935403,0.0006623978080469044
2024-04-01,2024-05-01,lag_6,-0.0054811790410731,-0.000188793020317064,-0.0016738965228935403,0.0006623978080469044
2024-04-01,2024-05-01,lag_7,0.0018012453076874,0.00015557429911382313,-0.0016738965228935403,0.0006623978080469044
2024-04-01,2024-05-01,lag_8,-0.0006681669277961,0.00034144080118650775,-0.0016738965228935403,0.0006623978080469044
2024-04-01,2024-05-01,lag_9,0.0078308561837765,0.0005461150326968322,-0.0016738965228935403,0.0006623978080469044
2024-04-01,2024-05-01,lag_10,-0.0080478648050226,-0.0002927061702965261,-0.0016738965228935403,0.0006623978080469044
2024-04-01,2024-05-01,lag_11,-0.0032089990224672,-9.751852581032949e-05,-0.0016738965228935403,0.0006623978080469044
2024-04-01,2024-05-01,volatility_3m,0.006559628286095916,3.716610749222582e-06,-0.0016738965228935403,0.0006623978080469044
2024-05-01,2024-06-01,lag_0,0.0061619317981485,0.00027131961208596065,-0.0025070861133948967,0.0006950690707345017
2024-05-01,2024-06-01,lag_1,-0.0021335238777089,-0.0006255236130623132,-0.0025070861133948967,0.0006950690707345017
2024-05-01,2024-06-01,lag_2,0.0017186200476606,-5.876018740025302e-05,-0.0025070861133948967,0.0006950690707345017
2024-05-01,2024-06-01,lag_3,0.0106533450234573,0.0008257209780924768,-0.0025070861133948967,0.0006950690707345017
2024-05-01,2024-06-01,lag_4,-0.0138202848856545,0.0007292011892712935,-0.0025070861133948967,0.0006950690707345017
2024-05-01,2024-06-01,lag_5,-0.0025890110606505,-0.0010308804225235236,-0.0025070861133948967,0.0006950690707345017
2024-05-01,2024-06-01,lag_6,0.0039238564884236,-0.0004890429874578218,-0.0025070861133948967,0.0006950690707345017
2024-05-01,2024-06-01,lag_7,-0.0054811790410731,-0.0014703690215623056,-0.0025070861133948967,0.0006950690707345017
2024-05-01,2024-06-01,lag_8,0.0018012453076874,0.0002721717924357847,-0.0025070861133948967,0.0006950690707345017
2024-05-01,2024-06-01,lag_9,-0.0006681669277961,-0.0003459461191329183,-0.0025070861133948967,0.0006950690707345017
2024-05-01,2024-06-01,lag_10,0.0078308561837765,-0.0002939533904941527,-0.0025070861133948967,0.0006950690707345017
2024-05-01,2024-06-01,lag_11,-0.0080478648050226,0.0004047167924107953,-0.0025070861133948967,0.0006950690707345017
2024-05-01,2024-06-01,volatility_3m,0.004151237104845971,-0.0013908098095953391,-0.0025070861133948967,0.0006950690707345017
2024-06-01,2024-07-01,lag_0,0.0003073003687008,0.0007012031816302055,0.0021885326690902836,0.0007068629672443829
2024-06-01,2024-07-01,lag_1,0.0061619317981485,0.0009615317405868495,0.0021885326690902836,0.0007068629672443829
2024-06-01,2024-07-01,lag_2,-0.0021335238777089,-0.0003607550528897718,0.0021885326690902836,0.0007068629672443829
2024-06-01,2024-07-01,lag_3,0.0017186200476606,-0.00045614993520281643,0.0021885326690902836,0.0007068629672443829
2024-06-01,2024-07-01,lag_4,0.0106533450234573,-0.0001842839267432339,0.0021885326690902836,0.0007068629672443829
2024-06-01,2024-07-01,lag_5,-0.0138202848856545,0.001019642852491529,0.0021885326690902836,0.0007068629672443829
2024-06-01,2024-07-01,lag_6,-0.0025890110606505,4.0711929357826194e-05,0.0021885326690902836,0.0007068629672443829
2024-06-01,2024-07-01,lag_7,0.0039238564884236,0.00011410727700706503,0.0021885326690902836,0.0007068629672443829
2024-06-01,2024-07-01,lag_8,-0.0054811790410731,-0.0006658926667358855,0.0021885326690902836,0.0007068629672443829
2024-06-01,2024-07-01,lag_9,0.0018012453076874,1.8427574431711946e-05,0.0021885326690902836,0.0007068629672443829
2024-06-01,2024-07-01,lag_10,-0.0006681669277961,0.0005410524060556554,0.0021885326690902836,0.0007068629672443829
2024-06-01,2024-07-01,lag_11,0.0078308561837765,-0.00029005150672887223,0.0021885326690902836,0.0007068629672443829
2024-06-01,2024-07-01,volatility_3m,0.004263193580847052,4.212582900720463e-05,0.0021885326690902836,0.0007068629672443829
2024-07-01,2024-08-01,lag_0,-0.0091433043160034,8.479754730785772e-06,0.010487477496321253,0.0007130707882060874
2024-07-01,2024-08-01,lag_1,0.0003073003687008,-0.0004164411802193513,0.010487477496321253,0.0007130707882060874
2024-07-01,2024-08-01,lag_2,0.0061619317981485,0.0011748099592881545,0.010487477496321253,0.0007130707882060874
2024-07-01,2024-08-01,lag_3,-0.0021335238777089,0.00010874810510202337,0.010487477496321253,0.0007130707882060874
2024-07-01,2024-08-01,lag_4,0.0017186200476606,0.0007405314551731123,0.010487477496321253,0.0007130707882060874
2024-07-01,2024-08-01,lag_5,0.0106533450234573,0.0012236717579889955,0.010487477496321253,0.0007130707882060874
2024-07-01,2024-08-01,lag_6,-0.0138202848856545,0.000768907449944436,0.010487477496321253,0.0007130707882060874
2024-07-01,2024-08-01,lag_7,-0.0025890110606505,0.0003212434480185777,0.010487477496321253,0.0007130707882060874
2024-07-01,2024-08-01,lag_8,0.0039238564884236,0.0007722338797039185,0.010487477496321253,0.0007130707882060874
2024-07-01,2024-08-01,lag_9,-0.0054811790410731,0.0011159186359270734,0.010487477496321253,0.0007130707882060874
2024-07-01,2024-08-01,lag_10,0.0018012453076874,0.0014624763744723168,0.010487477496321253,0.0007130707882060874
2024-07-01,2024-08-01,lag_11,-0.0006681669277961,0.0004925440580619522,0.010487477496321253,0.0007130707882060874
2024-07-01,2024-08-01,volatility_3m,0.007722703440626318,0.002001283049918641,0.010487477496321253,0.0007130707882060874
2024-08-01,2024-09-01,lag_0,0.0045427723719839,0.0010638129847639277,-0.0011918953336596554,0.0007677691023511951
2024-08-01,2024-09-01,lag_1,-0.0091433043160034,-0.0017395759059797911,-0.0011918953336596554,0.0007677691023511951
2024-08-01,2024-09-01,lag_2,0.0003073003687008,-0.0012279909777873853,-0.0011918953336596554,0.0007677691023511951
2024-08-01,2024-09-01,lag_3,0.0061619317981485,-0.00025636688626832436,-0.0011918953336596554,0.0007677691023511951
2024-08-01,2024-09-01,lag_4,-0.0021335238777089,-0.0011297977077796872,-0.0011918953336596554,0.0007677691023511951
2024-08-01,2024-09-01,lag_5,0.0017186200476606,-0.00021495684157770255,-0.0011918953336596554,0.0007677691023511951
2024-08-01,2024-09-01,lag_6,0.0106533450234573,-0.0002241930028495176,-0.0011918953336596554,0.0007677691023511951
2024-08-01,2024-09-01,lag_7,-0.0138202848856545,0.0007549144915276429,-0.0011918953336596554,0.0007677691023511951
2024-08-01,2024-09-01,lag_8,-0.0025890110606505,0.00090427722619836,-0.0011918953336596554,0.0007677691023511951
2024-08-01,2024-09-01,lag_9,0.0039238564884236,0.0006375877820778441,-0.0011918953336596554,0.0007677691023511951
2024-08-01,2024-09-01,lag_10,-0.0054811790410731,-0.0012557473643784079,-0.0011918953336596554,0.0007677691023511951
2024-08-01,2024-09-01,lag_11,0.0018012453076874,-0.00025611518395095344,-0.0011918953336596554,0.0007677691023511951
2024-08-01,2024-09-01,volatility_3m,0.007006685463501,0.00098448685473997,-0.0011918953336596554,0.0007677691023511951
2024-09-01,2024-10-01,lag_0,-0.0062175807186557,-0.0022272380269788526,0.00016508373756357115,0.0007313001437409548
2024-09-01,2024-10-01,lag_1,0.0045427723719839,0.00024161641570799475,0.00016508373756357115,0.0007313001437409548
2024-09-01,2024-10-01,lag_2,-0.0091433043160034,-3.930025761178513e-05,0.00016508373756357115,0.0007313001437409548
2024-09-01,2024-10-01,lag_3,0.0003073003687008,-0.0005859920745484715,0.00016508373756357115,0.0007313001437409548
2024-09-01,2024-10-01,lag_4,0.0061619317981485,-9.994164124577765e-05,0.00016508373756357115,0.0007313001437409548
2024-09-01,2024-10-01,lag_5,-0.0021335238777089,-0.0015122308552292906,0.00016508373756357115,0.0007313001437409548
2024-09-01,2024-10-01,lag_6,0.0017186200476606,-0.0002305171302555209,0.00016508373756357115,0.0007313001437409548
2024-09-01,2024-10-01,lag_7,0.0106533450234573,0.0006263968210476633,0.00016508373756357115,0.0007313001437409548
2024-09-01,2024-10-01,lag_8,-0.0138202848856545,-0.0010510458295209446,0.00016508373756357115,0.0007313001437409548
2024-09-01,2024-10-01,lag_9,-0.0025890110606505,-0.0005236271542850091,0.00016508373756357115,0.0007313001437409548
2024-09-01,2024-10-01,lag_10,0.0039238564884236,0.0014872488904461535,0.00016508373756357115,0.0007313001437409548
2024-09-01,2024-10-01,lag_11,-0.0054811790410731,0.0014707619380267545,0.00016508373756357115,0.0007313001437409548
2024-09-01,2024-10-01,volatility_3m,0.007207100113924507,0.0018776525669329657,0.00016508373756357115,0.0007313001437409548
2024-10-01,2024-11-01,lag_0,-0.0034012836016454,-0.0015038866513616255,-0.0029831481874135896,0.0005899216662071113
2024-10-01,2024-11-01,lag_1,-0.0062175807186557,0.00025543125846503754,-0.0029831481874135896,0.0005899216662071113
2024-10-01,2024-11-01,lag_2,0.0045427723719839,0.0015604208867580382,-0.0029831481874135896,0.0005899216662071113
2024-10-01,2024-11-01,lag_3,-0.0091433043160034,-0.003335176311382284,-0.0029831481874135896,0.0005899216662071113
2024-10-01,2024-11-01,lag_4,0.0003073003687008,9.292187973102273e-05,-0.0029831481874135896,0.0005899216662071113
2024-10-01,2024-11-01,lag_5,0.0061619317981485,0.0003375435464926113,-0.0029831481874135896,0.0005899216662071113
2024-10-01,2024-11-01,lag_6,-0.0021335238777089,-0.0002112761959122622,-0.0029831481874135896,0.0005899216662071113
2024-10-01,2024-11-01,lag_7,0.0017186200476606,0.0003890925699232639,-0.0029831481874135896,0.0005899216662071113
2024-10-01,2024-11-01,lag_8,0.0106533450234573,0.0010019907511427562,-0.0029831481874135896,0.0005899216662071113
2024-10-01,2024-11-01,lag_9,-0.0138202848856545,-0.0013727056095251555,-0.0029831481874135896,0.0005899216662071113
2024-10-01,2024-11-01,lag_10,-0.0025890110606505,0.0005633743527550905,-0.0029831481874135896,0.0005899216662071113
2024-10-01,2024-11-01,lag_11,0.0039238564884236,-0.0006961839163264472,-0.0029831481874135896,0.0005899216662071113
2024-10-01,2024-11-01,volatility_3m,0.005580094882686033,-0.0006546165291034356,-0.0029831481874135896,0.0005899216662071113
2024-11-01,2024-12-01,lag_0,-0.0017810250127059,-0.0005854734859485688,-0.0019189538402988387,0.0006340500660922569
2024-11-01,2024-12-01,lag_1,-0.0034012836016454,-0.0007946370145910464,-0.0019189538402988387,0.0006340500660922569
2024-11-01,2024-12-01,lag_2,-0.0062175807186557,-0.0019284273335264856,-0.0019189538402988387,0.0006340500660922569
2024-11-01,2024-12-01,lag_3,0.0045427723719839,0.00021796714290928777,-0.0019189538402988387,0.0006340500660922569
2024-11-01,2024-12-01,lag_4,-0.0091433043160034,-0.000719768570385071,-0.0019189538402988387,0.0006340500660922569
2024-11-01,2024-12-01,lag_5,0.0003073003687008,8.474104473570775e-05,-0.0019189538402988387,0.0006340500660922569
2024-11-01,2024-12-01,lag_6,0.0061619317981485,0.00017841586690764188,-0.0019189538402988387,0.0006340500660922569
2024-11-01,2024-12-01,lag_7,-0.0021335238777089,0.00012225042158377165,-0.0019189538402988387,0.0006340500660922569
2024-11-01,2024-12-01,lag_8,0.0017186200476606,0.0006235313428140898,-0.0019189538402988387,0.0006340500660922569
2024-11-01,2024-12-01,lag_9,0.0106533450234573,0.000734134819604364,-0.0019189538402988387,0.0006340500660922569
2024-11-01,2024-12-01,lag_10,-0.0138202848856545,9.95489443914721e-05,-0.0019189538402988387,0.0006340500660922569
2024-11-01,2024-12-01,lag_11,-0.0025890110606505,0.00035057972296073105,-0.0019189538402988387,0.0006340500660922569
2024-11-01,2024-12-01,volatility_3m,0.0022449867808930963,-0.0009358669533507679,-0.0019189538402988387,0.0006340500660922569
2024-12-01,2025-01-01,lag_0,0.0103678018845609,0.0006189662228808856,0.003578679527221911,0.0006794843640081907
2024-12-01,2025-01-01,lag_1,-0.0017810250127059,-0.0001709536876619211,0.003578679527221911,0.0006794843640081907
2024-12-01,2025-01-01,lag_2,-0.0034012836016454,-0.00025789186049706813,0.003578679527221911,0.0006794843640081907
2024-12-01,2025-01-01,lag_3,-0.0062175807186557,0.0006813958964978895,0.003578679527221911,0.0006794843640081907
2024-12-01,2025-01-01,lag_4,0.0045427723719839,-0.00029164148744968086,0.003578679527221911,0.0006794843640081907
2024-12-01,2025-01-01,lag_5,-0.0091433043160034,-0.0010786333091164124,0.003578679527221911,0.0006794843640081907
2024-12-01,2025-01-01,lag_6,0.0003073003687008,-3.5842507267034306e-05,0.003578679527221911,0.0006794843640081907
2024-12-01,2025-01-01,lag_7,0.0061619317981485,0.00015788497543013592,0.003578679527221911,0.0006794843640081907
2024-12-01,2025-01-01,lag_8,-0.0021335238777089,-0.00011703758605904114,0.003578679527221911,0.0006794843640081907
2024-12-01,2025-01-01,lag_9,0.0017186200476606,-0.0001414417751499286,0.003578679527221911,0.0006794843640081907
2024-12-01,2025-01-01,lag_10,0.0106533450234573,-1.565523003748126e-05,0.003578679527221911,0.0006794843640081907
2024-12-01,2025-01-01,lag_11,-0.0138202848856545,0.0017535353055342284,0.003578679527221911,0.0006794843640081907
2024-12-01,2025-01-01,volatility_3m,0.007525589102092964,0.0017965103261911963,0.003578679527221911,0.0006794843640081907
2025-01-01,2025-02-01,lag_0,-0.0026208646085175,-0.001649203668683299,0.001287670290212574,0.00076674086365391
2025-01-01,2025-02-01,lag_1,0.0103678018845609,0.0017918630661188217,0.001287670290212574,0.00076674086365391
2025-01-01,2025-02-01,lag_2,-0.0017810250127059,-0.0005794440677246371,0.001287670290212574,0.00076674086365391
2025-01-01,2025-02-01,lag_3,-0.0034012836016454,0.000204747415152724,0.001287670290212574,0.00076674086365391
2025-01-01,2025-02-01,lag_4,-0.0062175807186557,0.001021391174845121,0.001287670290212574,0.00076674086365391
2025-01-01,2025-02-01,lag_5,0.0045427723719839,8.449678334130794e-05,0.001287670290212574,0.00076674086365391
2025-01-01,2025-02-01,lag_6,-0.0091433043160034,-0.0005401156236433735,0.001287670290212574,0.00076674086365391
2025-01-01,2025-02-01,lag_7,0.0003073003687008,-0.0003119261009285879,0.001287670290212574,0.00076674086365391
2025-01-01,2025-02-01,lag_8,0.0061619317981485,0.0007201057942953071,0.001287670290212574,0.00076674086365391
2025-01-01,2025-02-01,lag_9,-0.0021335238777089,-0.0008669704306356607,0.001287670290212574,0.00076674086365391
2025-01-01,2025-02-01,lag_10,0.0017186200476606,0.0009480111475157571,0.001287670290212574,0.00076674086365391
2025-01-01,2025-02-01,lag_11,0.0106533450234573,-0.001120158741366879,0.001287670290212574,0.00076674086365391
2025-01-01,2025-02-01,volatility_3m,0.0072687089958128484,0.0008181326787402555,0.001287670290212574,0.00076674086365391
2025-02-01,2025-03-01,lag_0,0.0102862253908435,0.0011192367009272175,0.007214815323707843,0.0007974896254742961
2025-02-01,2025-03-01,lag_1,-0.0026208646085175,0.0001179099240309256,0.007214815323707843,0.0007974896254742961
2025-02-01,2025-03-01,lag_2,0.0103678018845609,0.0009963267825935417,0.007214815323707843,0.0007974896254742961
2025-02-01,2025-03-01,lag_3,-0.0017810250127059,-2.910714259201086e-06,0.007214815323707843,0.0007974896254742961
2025-02-01,2025-03-01,lag_4,-0.0034012836016454,-0.0006598853694558215,0.007214815323707843,0.0007974896254742961
2025-02-01,2025-03-01,lag_5,-0.0062175807186557,0.0004842244642179594,0.007214815323707843,0.0007974896254742961
2025-02-01,2025-03-01,lag_6,0.0045427723719839,0.0009098795693176954,0.007214815323707843,0.0007974896254742961
2025-02-01,2025-03-01,lag_7,-0.0091433043160034,0.0002969411621663198,0.007214815323707843,0.0007974896254742961
2025-02-01,2025-03-01,lag_8,0.0003073003687008,0.0002834768096636253,0.007214815323707843,0.0007974896254742961
2025-02-01,2025-03-01,lag_9,0.0061619317981485,0.0005373196837206251,0.007214815323707843,0.0007974896254742961
2025-02-01,2025-03-01,lag_10,-0.0021335238777089,0.0010946313707734135,0.007214815323707843,0.0007974896254742961
2025-02-01,2025-03-01,lag_11,0.0017186200476606,-0.00025770752342168634,0.007214815323707843,0.0007974896254742961
2025-02-01,2025-03-01,volatility_3m,0.007475572266214245,0.001497882759928757,0.007214815323707843,0.0007974896254742961
2025-03-01,2025-04-01,lag_0,-0.0005827653020853,0.0006625453827291494,0.005716057006450014,0.000868395945044821
2025-03-01,2025-04-01,lag_1,0.0102862253908435,0.00293016191283499,0.005716057006450014,0.000868395945044821
2025-03-01,2025-04-01,lag_2,-0.0026208646085175,0.00012815374891090415,0.005716057006450014,0.000868395945044821
2025-03-01,2025-04-01,lag_3,0.0103678018845609,0.0003494244366527255,0.005716057006450014,0.000868395945044821
2025-03-01,2025-04-01,lag_4,-0.0017810250127059,-0.0009533363203311752,0.005716057006450014,0.000868395945044821
2025-03-01,2025-04-01,lag_5,-0.0034012836016454,-0.0006251005752483252,0.005716057006450014,0.000868395945044821
2025-03-01,2025-04-01,lag_6,-0.0062175807186557,0.000262055348048591,0.005716057006450014,0.000868395945044821
2025-03-01,2025-04-01,lag_7,0.0045427723719839,-0.0001733479600738974,0.005716057006450014,0.000868395945044821
2025-03-01,2025-04-01,lag_8,-0.0091433043160034,-4.714963414869544e-05,0.005716057006450014,0.000868395945044821
2025-03-01,2025-04-01,lag_9,0.0003073003687008,-0.0002985000232763468,0.005716057006450014,0.000868395945044821
2025-03-01,2025-04-01,lag_10,0.0061619317981485,0.0011076923150784524,0.005716057006450014,0.000868395945044821
2025-03-01,2025-04-01,lag_11,-0.0021335238777089,0.0009452422637355085,0.005716057006450014,0.000868395945044821
2025-03-01,2025-04-01,volatility_3m,0.006938801285974605,0.0005598201182715457,0.005716057006450014,0.000868395945044821
2025-04-01,2025-05-01,lag_0,0.0008656154843622,5.6379712389684756e-05,-0.0013896820669081,0.0008906071337604791
2025-04-01,2025-05-01,lag_1,-0.0005827653020853,-0.00033949174177450915,-0.0013896820669081,0.0008906071337604791
2025-04-01,2025-05-01,lag_2,0.0102862253908435,0.0006698185689157299,-0.0013896820669081,0.0008906071337604791
2025-04-01,2025-05-01,lag_3,-0.0026208646085175,-0.0003157247936832164,-0.0013896820669081,0.0008906071337604791
2025-04-01,2025-05-01,lag_4,0.0103678018845609,0.00034399339260062336,-0.0013896820669081,0.0008906071337604791
2025-04-01,2025-05-01,lag_5,-0.0017810250127059,-0.0013193859366390371,-0.0013896820669081,0.0008906071337604791
2025-04-01,2025-05-01,lag_6,-0.0034012836016454,-2.8254160386040895e-05,-0.0013896820669081,0.0008906071337604791
2025-04-01,2025-05-01,lag_7,-0.0062175807186557,-0.0012582320561952541,-0.0013896820669081,0.0008906071337604791
2025-04-01,2025-05-01,lag_8,0.0045427723719839,0.0007006647279632716,-0.0013896820669081,0.0008906071337604791
2025-04-01,2025-05-01,lag_9,-0.0091433043160034,-0.0003196365632754805,-0.0013896820669081,0.0008906071337604791
2025-04-01,2025-05-01,lag_10,0.0003073003687008,-0.00020368010411942806,-0.0013896820669081,0.0008906071337604791
2025-04-01,2025-05-01,lag_11,0.0061619317981485,-0.0003119561227606482,-0.0013896820669081,0.0008906071337604791
2025-04-01,2025-05-01,volatility_3m,0.005901703943150893,4.5215772038034176e-05,-0.0013896820669081,0.0008906071337604791
2025-05-01,2025-06-01,lag_0,-0.0016071780172621,-0.0007212503916710489,0.0005243745745708326,0.0008419357506160188
2025-05-01,2025-06-01,lag_1,0.0008656154843622,-0.00031603939904044863,0.0005243745745708326,0.0008419357506160188
2025-05-01,2025-06-01,lag_2,-0.0005827653020853,-0.00024330133592286528,0.0005243745745708326,0.0008419357506160188
2025-05-01,2025-06-01,lag_3,0.0102862253908435,0.0010624831915140476,0.0005243745745708326,0.0008419357506160188
2025-05-01,2025-06-01,lag_4,-0.0026208646085175,-0.0005386203591501726,0.0005243745745708326,0.0008419357506160188
2025-05-01,2025-06-01,lag_5,0.0103678018845609,0.001492253525343017,0.0005243745745708326,0.0008419357506160188
2025-05-01,2025-06-01,lag_6,-0.0017810250127059,-0.00018911563598777547,0.0005243745745708326,0.0008419357506160188
2025-05-01,2025-06-01,lag_7,-0.0034012836016454,0.0006593427340374091,0.0005243745745708326,0.0008419357506160188
2025-05-01,2025-06-01,lag_8,-0.0062175807186557,-0.0010329301441811367,0.0005243745745708326,0.0008419357506160188
2025-05-01,2025-06-01,lag_9,0.0045427723719839,0.0003506005358654818,0.0005243745745708326,0.0008419357506160188
2025-05-01,2025-06-01,lag_10,-0.0091433043160034,-0.0001618935957908718,0.0005243745745708326,0.0008419357506160188
2025-05-01,2025-06-01,lag_11,0.0003073003687008,-0.0005506035636844331,0.0005243745745708326,0.0008419357506160188
2025-05-01,2025-06-01,volatility_3m,0.0012424395367744293,-0.00012848667896093958,0.0005243745745708326,0.0008419357506160188
2025-06-01,2025-07-01,lag_0,0.0050680790544692,0.0005510312780720028,-0.000905235350639268,0.0013357983828204331
2025-06-01,2025-07-01,lag_1,-0.0016071780172621,-0.0007304843999736476,-0.000905235350639268,0.0013357983828204331
2025-06-01,2025-07-01,lag_2,0.0008656154843622,-0.001063866327681353,-0.000905235350639268,0.0013357983828204331
2025-06-01,2025-07-01,lag_3,-0.0005827653020853,-0.0002220337381004356,-0.000905235350639268,0.0013357983828204331
2025-06-01,2025-07-01,lag_4,0.0102862253908435,0.0003655093180259428,-0.000905235350639268,0.0013357983828204331
2025-06-01,2025-07-01,lag_5,-0.0026208646085175,-0.0011054142272314492,-0.000905235350639268,0.0013357983828204331
2025-06-01,2025-07-01,lag_6,0.0103678018845609,-0.0004988347391190473,-0.000905235350639268,0.0013357983828204331
2025-06-01,2025-07-01,lag_7,-0.0017810250127059,-0.00012539891562482808,-0.000905235350639268,0.0013357983828204331
2025-06-01,2025-07-01,lag_8,-0.0034012836016454,-0.0003430947683636987,-0.000905235350639268,0.0013357983828204331
2025-06-01,2025-07-01,lag_9,-0.0062175807186557,-5.788571457742364e-05,-0.000905235350639268,0.0013357983828204331
2025-06-01,2025-07-01,lag_10,0.0045427723719839,0.00037158328956138576,-0.000905235350639268,0.0013357983828204331
2025-06-01,2025-07-01,lag_11,-0.0091433043160034,0.0007597513243672438,-0.000905235350639268,0.0013357983828204331
2025-06-01,2025-07-01,volatility_3m,0.003374770726371659,-0.0001418961266790575,-0.000905235350639268,0.0013357983828204331
2025-07-01,2025-08-01,lag_0,0.0038878389663921,0.00052340214220294,-0.0002240999160690772,0.0013170729902188061
2025-07-01,2025-08-01,lag_1,0.0050680790544692,0.00044310700348432875,-0.0002240999160690772,0.0013170729902188061
2025-07-01,2025-08-01,lag_2,-0.0016071780172621,-0.0006432258058612206,-0.0002240999160690772,0.0013170729902188061
2025-07-01,2025-08-01,lag_3,0.0008656154843622,-0.0002576152316214575,-0.0002240999160690772,0.0013170729902188061
2025-07-01,2025-08-01,lag_4,-0.0005827653020853,-6.140934201539494e-06,-0.0002240999160690772,0.0013170729902188061
2025-07-01,2025-08-01,lag_5,0.0102862253908435,0.0007646039545397798,-0.0002240999160690772,0.0013170729902188061
2025-07-01,2025-08-01,lag_6,-0.0026208646085175,8.643846598715754e-05,-0.0002240999160690772,0.0013170729902188061
2025-07-01,2025-08-01,lag_7,0.0103678018845609,3.1871750879872705e-05,-0.0002240999160690772,0.0013170729902188061
2025-07-01,2025-08-01,lag_8,-0.0017810250127059,-0.0003107306055471781,-0.0002240999160690772,0.0013170729902188061
2025-07-01,2025-08-01,lag_9,-0.0034012836016454,-0.0007072404141808874,-0.0002240999160690772,0.0013170729902188061
2025-07-01,2025-08-01,lag_10,-0.0062175807186557,-0.00044328649980343473,-0.0002240999160690772,0.0013170729902188061
2025-07-01,2025-08-01,lag_11,0.0045427723719839,-0.0006707894985447638,-0.0002240999160690772,0.0013170729902188061
2025-07-01,2025-08-01,volatility_3m,0.003562471878014175,-0.00035156722313331554,-0.0002240999160690772,0.0013170729902188061
2025-08-01,2025-09-01,lag_0,-0.0026725565936223,-0.0006897204557390069,0.001052514325555022,0.0012545714173058963
2025-08-01,2025-09-01,lag_1,0.0038878389663921,0.0007108018814687967,0.001052514325555022,0.0012545714173058963
2025-08-01,2025-09-01,lag_2,0.0050680790544692,0.0011501444697205442,0.001052514325555022,0.0012545714173058963
2025-08-01,2025-09-01,lag_3,-0.0016071780172621,-0.00012071784682575526,0.001052514325555022,0.0012545714173058963
2025-08-01,2025-09-01,lag_4,0.0008656154843622,-0.0003784165314255006,0.001052514325555022,0.0012545714173058963
2025-08-01,2025-09-01,lag_5,-0.0005827653020853,0.0002645098924949707,0.001052514325555022,0.0012545714173058963
2025-08-01,2025-09-01,lag_6,0.0102862253908435,-0.0008561675955570536,0.001052514325555022,0.0012545714173058963
2025-08-01,2025-09-01,lag_7,-0.0026208646085175,-0.00020799007959794834,0.001052514325555022,0.0012545714173058963
2025-08-01,2025-09-01,lag_8,0.0103678018845609,0.0007470851189282258,0.001052514325555022,0.0012545714173058963
2025-08-01,2025-09-01,lag_9,-0.0017810250127059,-4.543545690466999e-05,0.001052514325555022,0.0012545714173058963
2025-08-01,2025-09-01,lag_10,-0.0034012836016454,-0.0004530894381059625,0.001052514325555022,0.0012545714173058963
2025-08-01,2025-09-01,lag_11,-0.0062175807186557,0.0012007188006282377,0.001052514325555022,0.0012545714173058963
2025-08-01,2025-09-01,volatility_3m,0.004170315671622189,-0.001523779891358572,0.001052514325555022,0.0012545714173058963
