origin_date,forecast_date,feature,feature_value,shap_value,prediction,base_value
1976-06-01,1976-07-01,lag_0,0.0010263728636865,0.0,-0.00023440333308582736,0.0016085870926971987
1976-06-01,1976-07-01,lag_1,0.0042418145250855,0.0,-0.00023440333308582736,0.0016085870926971987
1976-06-01,1976-07-01,lag_2,0.0049490355971983,0.0,-0.00023440333308582736,0.0016085870926971987
1976-06-01,1976-07-01,lag_3,0.002160118714749,0.0,-0.00023440333308582736,0.0016085870926971987
1976-06-01,1976-07-01,lag_4,0.0097589294368396,-0.00046385541350246854,-0.00023440333308582736,0.0016085870926971987
1976-06-01,1976-07-01,lag_5,0.0131037213318072,-0.0016863234831126863,-0.00023440333308582736,0.0016085870926971987
1976-06-01,1976-07-01,lag_6,0.0135618859783548,0.0005825154487357571,-0.00023440333308582736,0.0016085870926971987
1976-06-01,1976-07-01,lag_7,0.00134316107532,0.0,-0.00023440333308582736,0.0016085870926971987
1976-06-01,1976-07-01,lag_8,0.0043885842792676,0.0003298586731363862,-0.00023440333308582736,0.0016085870926971987
1976-06-01,1976-07-01,lag_9,0.0128274143058635,0.0013045839254992484,-0.00023440333308582736,0.0016085870926971987
1976-06-01,1976-07-01,lag_10,0.0097899049851579,-0.0015928812043140195,-0.00023440333308582736,0.0016085870926971987
1976-06-01,1976-07-01,lag_11,0.0104277982971066,-0.0011984982021294892,-0.00023440333308582736,0.0016085870926971987
1976-06-01,1976-07-01,volatility_3m,0.0020907139786678543,0.0008816098299042461,-0.00023440333308582736,0.0016085870926971987
1976-07-01,1976-08-01,lag_0,0.0056794493189409,0.0016601214276173372,0.0006812259197342078,0.0015215661768817367
1976-07-01,1976-08-01,lag_1,0.0010263728636865,0.0,0.0006812259197342078,0.0015215661768817367
1976-07-01,1976-08-01,lag_2,0.0042418145250855,0.0005844534328748109,0.0006812259197342078,0.0015215661768817367
1976-07-01,1976-08-01,lag_3,0.0049490355971983,0.00032879006968804936,0.0006812259197342078,0.0015215661768817367
1976-07-01,1976-08-01,lag_4,0.002160118714749,0.0,0.0006812259197342078,0.0015215661768817367
1976-07-01,1976-08-01,lag_5,0.0097589294368396,-0.0007526749853769358,0.0006812259197342078,0.0015215661768817367
1976-07-01,1976-08-01,lag_6,0.0131037213318072,-0.002570623853377934,0.0006812259197342078,0.0015215661768817367
1976-07-01,1976-08-01,lag_7,0.0135618859783548,0.0,0.0006812259197342078,0.0015215661768817367
1976-07-01,1976-08-01,lag_8,0.00134316107532,0.0,0.0006812259197342078,0.0015215661768817367
1976-07-01,1976-08-01,lag_9,0.0043885842792676,0.0,0.0006812259197342078,0.0015215661768817367
1976-07-01,1976-08-01,lag_10,0.0128274143058635,0.00038778602419276616,0.0006812259197342078,0.0015215661768817367
1976-07-01,1976-08-01,lag_11,0.0097899049851579,-0.000478192372765623,0.0006812259197342078,0.0015215661768817367
1976-07-01,1976-08-01,volatility_3m,0.002382469985008796,0.0,0.0006812259197342078,0.0015215661768817367
1976-08-01,1976-09-01,lag_0,0.006854351585718,0.0018264185600149769,0.003168021212662275,0.0016925270341222314
1976-08-01,1976-09-01,lag_1,0.0056794493189409,0.0,0.003168021212662275,0.0016925270341222314
1976-08-01,1976-09-01,lag_2,0.0010263728636865,0.0,0.003168021212662275,0.0016925270341222314
1976-08-01,1976-09-01,lag_3,0.0042418145250855,0.0002972262453302788,0.003168021212662275,0.0016925270341222314
1976-08-01,1976-09-01,lag_4,0.0049490355971983,0.0,0.003168021212662275,0.0016925270341222314
1976-08-01,1976-09-01,lag_5,0.002160118714749,0.0,0.003168021212662275,0.0016925270341222314
1976-08-01,1976-09-01,lag_6,0.0097589294368396,-0.0008470619952564112,0.003168021212662275,0.0016925270341222314
1976-08-01,1976-09-01,lag_7,0.0131037213318072,-0.0005605234245664386,0.003168021212662275,0.0016925270341222314
1976-08-01,1976-09-01,lag_8,0.0135618859783548,0.0014488013809640077,0.003168021212662275,0.0016925270341222314
1976-08-01,1976-09-01,lag_9,0.00134316107532,0.0,0.003168021212662275,0.0016925270341222314
1976-08-01,1976-09-01,lag_10,0.0043885842792676,-0.0002945481603352847,0.003168021212662275,0.0016925270341222314
1976-08-01,1976-09-01,lag_11,0.0128274143058635,-0.0009766218270742567,0.003168021212662275,0.0016925270341222314
1976-08-01,1976-09-01,volatility_3m,0.0030821218832532875,0.0005818033994631712,0.003168021212662275,0.0016925270341222314
1976-09-01,1976-10-01,lag_0,0.0034510513529513,0.00081546507619222,0.005829943165142303,0.0016996944216314534
1976-09-01,1976-10-01,lag_1,0.006854351585718,7.675596193715186e-05,0.005829943165142303,0.0016996944216314534
1976-09-01,1976-10-01,lag_2,0.0056794493189409,0.0007984963115715042,0.005829943165142303,0.0016996944216314534
1976-09-01,1976-10-01,lag_3,0.0010263728636865,0.0,0.005829943165142303,0.0016996944216314534
1976-09-01,1976-10-01,lag_4,0.0042418145250855,0.0,0.005829943165142303,0.0016996944216314534
1976-09-01,1976-10-01,lag_5,0.0049490355971983,0.0,0.005829943165142303,0.0016996944216314534
1976-09-01,1976-10-01,lag_6,0.002160118714749,0.0,0.005829943165142303,0.0016996944216314534
1976-09-01,1976-10-01,lag_7,0.0097589294368396,0.0005869146679433233,0.005829943165142303,0.0016996944216314534
1976-09-01,1976-10-01,lag_8,0.0131037213318072,0.0011415059242851854,0.005829943165142303,0.0016996944216314534
1976-09-01,1976-10-01,lag_9,0.0135618859783548,0.0006091280290693667,0.005829943165142303,0.0016996944216314534
1976-09-01,1976-10-01,lag_10,0.00134316107532,0.0,0.005829943165142303,0.0016996944216314534
1976-09-01,1976-10-01,lag_11,0.0043885842792676,0.0,0.005829943165142303,0.0016996944216314534
1976-09-01,1976-10-01,volatility_3m,0.0017286124158630062,0.00010198277251209836,0.005829943165142303,0.0016996944216314534
1976-10-01,1976-11-01,lag_0,-0.0003044869306836,-0.0006880903923490979,0.003016163234861242,0.0016076585375856447
1976-10-01,1976-11-01,lag_1,0.0034510513529513,0.0,0.003016163234861242,0.0016076585375856447
1976-10-01,1976-11-01,lag_2,0.006854351585718,0.0010882535281230622,0.003016163234861242,0.0016076585375856447
1976-10-01,1976-11-01,lag_3,0.0056794493189409,0.00026617024916857795,0.003016163234861242,0.0016076585375856447
1976-10-01,1976-11-01,lag_4,0.0010263728636865,0.0,0.003016163234861242,0.0016076585375856447
1976-10-01,1976-11-01,lag_5,0.0042418145250855,0.0,0.003016163234861242,0.0016076585375856447
1976-10-01,1976-11-01,lag_6,0.0049490355971983,-0.0006951202488367335,0.003016163234861242,0.0016076585375856447
1976-10-01,1976-11-01,lag_7,0.002160118714749,0.0,0.003016163234861242,0.0016076585375856447
1976-10-01,1976-11-01,lag_8,0.0097589294368396,0.0015859264378259325,0.003016163234861242,0.0016076585375856447
1976-10-01,1976-11-01,lag_9,0.0131037213318072,-0.0005963119491872751,0.003016163234861242,0.0016076585375856447
1976-10-01,1976-11-01,lag_10,0.0135618859783548,0.0004476770725311307,0.003016163234861242,0.0016076585375856447
1976-10-01,1976-11-01,lag_11,0.00134316107532,0.0,0.003016163234861242,0.0016076585375856447
1976-10-01,1976-11-01,volatility_3m,0.0035808632380594186,0.0,0.003016163234861242,0.0016076585375856447
1976-11-01,1976-12-01,lag_0,0.0151273417142681,0.005276887091714977,0.007258471108695749,0.0017792483552267321
1976-11-01,1976-12-01,lag_1,-0.0003044869306836,0.0,0.007258471108695749,0.0017792483552267321
1976-11-01,1976-12-01,lag_2,0.0034510513529513,0.0004608908512626982,0.007258471108695749,0.0017792483552267321
1976-11-01,1976-12-01,lag_3,0.006854351585718,0.0005698093527215903,0.007258471108695749,0.0017792483552267321
1976-11-01,1976-12-01,lag_4,0.0056794493189409,0.0,0.007258471108695749,0.0017792483552267321
1976-11-01,1976-12-01,lag_5,0.0010263728636865,0.00022177051248778445,0.007258471108695749,0.0017792483552267321
1976-11-01,1976-12-01,lag_6,0.0042418145250855,-0.000359995479898182,0.007258471108695749,0.0017792483552267321
1976-11-01,1976-12-01,lag_7,0.0049490355971983,0.0,0.007258471108695749,0.0017792483552267321
1976-11-01,1976-12-01,lag_8,0.002160118714749,0.0,0.007258471108695749,0.0017792483552267321
1976-11-01,1976-12-01,lag_9,0.0097589294368396,-0.0008695712176851788,0.007258471108695749,0.0017792483552267321
1976-11-01,1976-12-01,lag_10,0.0131037213318072,0.001275091520017401,0.007258471108695749,0.0017792483552267321
1976-11-01,1976-12-01,lag_11,0.0135618859783548,-0.0010956598771520738,0.007258471108695749,0.0017792483552267321
1976-11-01,1976-12-01,volatility_3m,0.008047578929185046,0.0,0.007258471108695749,0.0017792483552267321
1976-12-01,1977-01-01,lag_0,0.0107538061144394,0.002881706474818211,0.005819612548449123,0.0017931880897121698
1976-12-01,1977-01-01,lag_1,0.0151273417142681,0.0014147844758530994,0.005819612548449123,0.0017931880897121698
1976-12-01,1977-01-01,lag_2,-0.0003044869306836,0.0,0.005819612548449123,0.0017931880897121698
1976-12-01,1977-01-01,lag_3,0.0034510513529513,0.0,0.005819612548449123,0.0017931880897121698
1976-12-01,1977-01-01,lag_4,0.006854351585718,0.0,0.005819612548449123,0.0017931880897121698
1976-12-01,1977-01-01,lag_5,0.0056794493189409,-0.0004390410376142014,0.005819612548449123,0.0017931880897121698
1976-12-01,1977-01-01,lag_6,0.0010263728636865,0.0,0.005819612548449123,0.0017931880897121698
1976-12-01,1977-01-01,lag_7,0.0042418145250855,0.0,0.005819612548449123,0.0017931880897121698
1976-12-01,1977-01-01,lag_8,0.0049490355971983,0.0001689745456798443,0.005819612548449123,0.0017931880897121698
1976-12-01,1977-01-01,lag_9,0.002160118714749,0.0,0.005819612548449123,0.0017931880897121698
1976-12-01,1977-01-01,lag_10,0.0097589294368396,0.0,0.005819612548449123,0.0017931880897121698
1976-12-01,1977-01-01,lag_11,0.0131037213318072,0.0,0.005819612548449123,0.0017931880897121698
1976-12-01,1977-01-01,volatility_3m,0.007953563080384545,0.0,0.005819612548449123,0.0017931880897121698
1977-01-01,1977-02-01,lag_0,-0.0070222901040648,-0.004273944039618102,-0.0028024538292028382,0.0018275537910692346
1977-01-01,1977-02-01,lag_1,0.0107538061144394,-0.0007605225831181332,-0.0028024538292028382,0.0018275537910692346
1977-01-01,1977-02-01,lag_2,0.0151273417142681,0.0024452333290059507,-0.0028024538292028382,0.0018275537910692346
1977-01-01,1977-02-01,lag_3,-0.0003044869306836,0.0,-0.0028024538292028382,0.0018275537910692346
1977-01-01,1977-02-01,lag_4,0.0034510513529513,-0.0001461966634947274,-0.0028024538292028382,0.0018275537910692346
1977-01-01,1977-02-01,lag_5,0.006854351585718,-0.0004213401203525025,-0.0028024538292028382,0.0018275537910692346
1977-01-01,1977-02-01,lag_6,0.0056794493189409,-0.0001831983088735188,-0.0028024538292028382,0.0018275537910692346
1977-01-01,1977-02-01,lag_7,0.0010263728636865,0.0,-0.0028024538292028382,0.0018275537910692346
1977-01-01,1977-02-01,lag_8,0.0042418145250855,0.0005104905670630492,-0.0028024538292028382,0.0018275537910692346
1977-01-01,1977-02-01,lag_9,0.0049490355971983,0.0,-0.0028024538292028382,0.0018275537910692346
1977-01-01,1977-02-01,lag_10,0.002160118714749,0.0,-0.0028024538292028382,0.0018275537910692346
1977-01-01,1977-02-01,lag_11,0.0097589294368396,-0.0008224048396583284,-0.0028024538292028382,0.0018275537910692346
1977-01-01,1977-02-01,volatility_3m,0.011731180674454679,-0.00097812496122576,-0.0028024538292028382,0.0018275537910692346
1977-02-01,1977-03-01,lag_0,0.0156756690486763,0.0053063222202314915,0.010417358521228463,0.001976045380194488
1977-02-01,1977-03-01,lag_1,-0.0070222901040648,-0.00043486193018204346,0.010417358521228463,0.001976045380194488
1977-02-01,1977-03-01,lag_2,0.0107538061144394,0.002797086247265669,0.010417358521228463,0.001976045380194488
1977-02-01,1977-03-01,lag_3,0.0151273417142681,0.0015258329473393773,0.010417358521228463,0.001976045380194488
1977-02-01,1977-03-01,lag_4,-0.0003044869306836,0.0,0.010417358521228463,0.001976045380194488
1977-02-01,1977-03-01,lag_5,0.0034510513529513,0.0,0.010417358521228463,0.001976045380194488
1977-02-01,1977-03-01,lag_6,0.006854351585718,-0.0008216076575192861,0.010417358521228463,0.001976045380194488
1977-02-01,1977-03-01,lag_7,0.0056794493189409,0.0,0.010417358521228463,0.001976045380194488
1977-02-01,1977-03-01,lag_8,0.0010263728636865,-0.00028454196485353314,0.010417358521228463,0.001976045380194488
1977-02-01,1977-03-01,lag_9,0.0042418145250855,0.0,0.010417358521228463,0.001976045380194488
1977-02-01,1977-03-01,lag_10,0.0049490355971983,0.0,0.010417358521228463,0.001976045380194488
1977-02-01,1977-03-01,lag_11,0.002160118714749,0.0,0.010417358521228463,0.001976045380194488
1977-02-01,1977-03-01,volatility_3m,0.011940209945198045,0.0003530832787523022,0.010417358521228463,0.001976045380194488
1977-03-01,1977-04-01,lag_0,0.0126992384400579,0.004835398779262764,0.0055938418900140455,0.0019526474637377629
1977-03-01,1977-04-01,lag_1,0.0156756690486763,0.0,0.0055938418900140455,0.0019526474637377629
1977-03-01,1977-04-01,lag_2,-0.0070222901040648,-0.002193314164143726,0.0055938418900140455,0.0019526474637377629
1977-03-01,1977-04-01,lag_3,0.0107538061144394,0.0008793683104814158,0.0055938418900140455,0.0019526474637377629
1977-03-01,1977-04-01,lag_4,0.0151273417142681,0.0,0.0055938418900140455,0.0019526474637377629
1977-03-01,1977-04-01,lag_5,-0.0003044869306836,0.0,0.0055938418900140455,0.0019526474637377629
1977-03-01,1977-04-01,lag_6,0.0034510513529513,0.0,0.0055938418900140455,0.0019526474637377629
1977-03-01,1977-04-01,lag_7,0.006854351585718,-0.0003278199070100383,0.0055938418900140455,0.0019526474637377629
1977-03-01,1977-04-01,lag_8,0.0056794493189409,0.0006551913300439814,0.0055938418900140455,0.0019526474637377629
1977-03-01,1977-04-01,lag_9,0.0010263728636865,0.0,0.0055938418900140455,0.0019526474637377629
1977-03-01,1977-04-01,lag_10,0.0042418145250855,0.0,0.0055938418900140455,0.0019526474637377629
1977-03-01,1977-04-01,lag_11,0.0049490355971983,-0.0004237492989865862,0.0055938418900140455,0.0019526474637377629
1977-03-01,1977-04-01,volatility_3m,0.012335552797936475,0.00021611937662847187,0.0055938418900140455,0.0019526474637377629
1977-04-01,1977-05-01,lag_0,0.0095635721668867,0.0025074923142856384,0.009238534151377938,0.002129357594032251
1977-04-01,1977-05-01,lag_1,0.0126992384400579,0.001488594494589124,0.009238534151377938,0.002129357594032251
1977-04-01,1977-05-01,lag_2,0.0156756690486763,0.0027965895619314627,0.009238534151377938,0.002129357594032251
1977-04-01,1977-05-01,lag_3,-0.0070222901040648,0.0,0.009238534151377938,0.002129357594032251
1977-04-01,1977-05-01,lag_4,0.0107538061144394,-0.00041303970531362307,0.009238534151377938,0.002129357594032251
1977-04-01,1977-05-01,lag_5,0.0151273417142681,0.0,0.009238534151377938,0.002129357594032251
1977-04-01,1977-05-01,lag_6,-0.0003044869306836,0.0001330844345702788,0.009238534151377938,0.002129357594032251
1977-04-01,1977-05-01,lag_7,0.0034510513529513,0.0,0.009238534151377938,0.002129357594032251
1977-04-01,1977-05-01,lag_8,0.006854351585718,0.000596455457282806,0.009238534151377938,0.002129357594032251
1977-04-01,1977-05-01,lag_9,0.0056794493189409,0.0,0.009238534151377938,0.002129357594032251
1977-04-01,1977-05-01,lag_10,0.0010263728636865,0.0,0.009238534151377938,0.002129357594032251
1977-04-01,1977-05-01,lag_11,0.0042418145250855,0.0,0.009238534151377938,0.002129357594032251
1977-04-01,1977-05-01,volatility_3m,0.0030563941291715524,0.0,0.009238534151377938,0.002129357594032251
1977-05-01,1977-06-01,lag_0,0.0078538379353396,0.0030460491132317624,0.005757231022809398,0.0021412857393692504
1977-05-01,1977-06-01,lag_1,0.0095635721668867,0.0,0.005757231022809398,0.0021412857393692504
1977-05-01,1977-06-01,lag_2,0.0126992384400579,0.001003158884995938,0.005757231022809398,0.0021412857393692504
1977-05-01,1977-06-01,lag_3,0.0156756690486763,-0.0003982665660973382,0.005757231022809398,0.0021412857393692504
1977-05-01,1977-06-01,lag_4,-0.0070222901040648,0.001369256549618638,0.005757231022809398,0.0021412857393692504
1977-05-01,1977-06-01,lag_5,0.0107538061144394,0.0,0.005757231022809398,0.0021412857393692504
1977-05-01,1977-06-01,lag_6,0.0151273417142681,-0.0006931593984990138,0.005757231022809398,0.0021412857393692504
1977-05-01,1977-06-01,lag_7,-0.0003044869306836,0.0,0.005757231022809398,0.0021412857393692504
1977-05-01,1977-06-01,lag_8,0.0034510513529513,0.0,0.005757231022809398,0.0021412857393692504
1977-05-01,1977-06-01,lag_9,0.006854351585718,0.0,0.005757231022809398,0.0021412857393692504
1977-05-01,1977-06-01,lag_10,0.0056794493189409,-0.00042557889854901067,0.005757231022809398,0.0021412857393692504
1977-05-01,1977-06-01,lag_11,0.0010263728636865,0.0,0.005757231022809398,0.0021412857393692504
1977-05-01,1977-06-01,volatility_3m,0.0024574207403411023,-0.00028551440126082855,0.005757231022809398,0.0021412857393692504
1977-06-01,1977-07-01,lag_0,0.007746814316869,0.001978207557998778,0.0038507271220673614,0.0022196236935445213
1977-06-01,1977-07-01,lag_1,0.0078538379353396,0.00038224588675681384,0.0038507271220673614,0.0022196236935445213
1977-06-01,1977-07-01,lag_2,0.0095635721668867,0.0012170157305062823,0.0038507271220673614,0.0022196236935445213
1977-06-01,1977-07-01,lag_3,0.0126992384400579,0.0007656204789986969,0.0038507271220673614,0.0022196236935445213
1977-06-01,1977-07-01,lag_4,0.0156756690486763,-0.0003806253045142911,0.0038507271220673614,0.0022196236935445213
1977-06-01,1977-07-01,lag_5,-0.0070222901040648,0.0009484911584144468,0.0038507271220673614,0.0022196236935445213
1977-06-01,1977-07-01,lag_6,0.0107538061144394,-0.0006683905979191158,0.0038507271220673614,0.0022196236935445213
1977-06-01,1977-07-01,lag_7,0.0151273417142681,-0.0018367999636015795,0.0038507271220673614,0.0022196236935445213
1977-06-01,1977-07-01,lag_8,-0.0003044869306836,-0.0003303164304862432,0.0038507271220673614,0.0022196236935445213
1977-06-01,1977-07-01,lag_9,0.0034510513529513,0.0,0.0038507271220673614,0.0022196236935445213
1977-06-01,1977-07-01,lag_10,0.006854351585718,0.0,0.0038507271220673614,0.0022196236935445213
1977-06-01,1977-07-01,lag_11,0.0056794493189409,-0.00044434508763094814,0.0038507271220673614,0.0022196236935445213
1977-06-01,1977-07-01,volatility_3m,0.0010194160324286507,0.0,0.0038507271220673614,0.0022196236935445213
1977-07-01,1977-08-01,lag_0,0.0012780405675312,-0.00034996246910101947,0.004323793092945583,0.002088796149374754
1977-07-01,1977-08-01,lag_1,0.007746814316869,0.0,0.004323793092945583,0.002088796149374754
1977-07-01,1977-08-01,lag_2,0.0078538379353396,0.0012263807434565285,0.004323793092945583,0.002088796149374754
1977-07-01,1977-08-01,lag_3,0.0095635721668867,0.0008295043647311547,0.004323793092945583,0.002088796149374754
1977-07-01,1977-08-01,lag_4,0.0126992384400579,-0.0002969531874585373,0.004323793092945583,0.002088796149374754
1977-07-01,1977-08-01,lag_5,0.0156756690486763,-0.0008000992397734897,0.004323793092945583,0.002088796149374754
1977-07-01,1977-08-01,lag_6,-0.0070222901040648,-0.00017978525956311407,0.004323793092945583,0.002088796149374754
1977-07-01,1977-08-01,lag_7,0.0107538061144394,-0.0003210660775540087,0.004323793092945583,0.002088796149374754
1977-07-01,1977-08-01,lag_8,0.0151273417142681,0.0025441116807351357,0.004323793092945583,0.002088796149374754
1977-07-01,1977-08-01,lag_9,-0.0003044869306836,0.0,0.004323793092945583,0.002088796149374754
1977-07-01,1977-08-01,lag_10,0.0034510513529513,0.0,0.004323793092945583,0.002088796149374754
1977-07-01,1977-08-01,lag_11,0.006854351585718,-0.0004171336119018206,0.004323793092945583,0.002088796149374754
1977-07-01,1977-08-01,volatility_3m,0.003766023519520916,0.0,0.004323793092945583,0.002088796149374754
1977-08-01,1977-09-01,lag_0,0.0009875927970335,-0.0004673917596231215,0.005307339759326891,0.002070615834150335
1977-08-01,1977-09-01,lag_1,0.0012780405675312,0.0,0.005307339759326891,0.002070615834150335
1977-08-01,1977-09-01,lag_2,0.007746814316869,0.0007568941419002206,0.005307339759326891,0.002070615834150335
1977-08-01,1977-09-01,lag_3,0.0078538379353396,0.00032292329476518744,0.005307339759326891,0.002070615834150335
1977-08-01,1977-09-01,lag_4,0.0095635721668867,0.0,0.005307339759326891,0.002070615834150335
1977-08-01,1977-09-01,lag_5,0.0126992384400579,-0.0005292851421368642,0.005307339759326891,0.002070615834150335
1977-08-01,1977-09-01,lag_6,0.0156756690486763,0.0,0.005307339759326891,0.002070615834150335
1977-08-01,1977-09-01,lag_7,-0.0070222901040648,0.0004156510206636709,0.005307339759326891,0.002070615834150335
1977-08-01,1977-09-01,lag_8,0.0107538061144394,0.0019308524167102738,0.005307339759326891,0.002070615834150335
1977-08-01,1977-09-01,lag_9,0.0151273417142681,0.0008070799528971895,0.005307339759326891,0.002070615834150335
1977-08-01,1977-09-01,lag_10,-0.0003044869306836,0.0,0.005307339759326891,0.002070615834150335
1977-08-01,1977-09-01,lag_11,0.0034510513529513,0.0,0.005307339759326891,0.002070615834150335
1977-08-01,1977-09-01,volatility_3m,0.003821353802029594,0.0,0.005307339759326891,0.002070615834150335
1977-09-01,1977-10-01,lag_0,0.0041145067243357,0.0007433063514001271,0.00012079023721173199,0.0021549020631368297
1977-09-01,1977-10-01,lag_1,0.0009875927970335,0.0,0.00012079023721173199,0.0021549020631368297
1977-09-01,1977-10-01,lag_2,0.0012780405675312,-0.00020091956221273406,0.00012079023721173199,0.0021549020631368297
1977-09-01,1977-10-01,lag_3,0.007746814316869,0.00031211456255146293,0.00012079023721173199,0.0021549020631368297
1977-09-01,1977-10-01,lag_4,0.0078538379353396,-0.00034685304641873197,0.00012079023721173199,0.0021549020631368297
1977-09-01,1977-10-01,lag_5,0.0095635721668867,-0.00015168321388215215,0.00012079023721173199,0.0021549020631368297
1977-09-01,1977-10-01,lag_6,0.0126992384400579,0.0,0.00012079023721173199,0.0021549020631368297
1977-09-01,1977-10-01,lag_7,0.0156756690486763,-0.0005000718543036765,0.00012079023721173199,0.0021549020631368297
1977-09-01,1977-10-01,lag_8,-0.0070222901040648,-0.0021388562615778425,0.00012079023721173199,0.0021549020631368297
1977-09-01,1977-10-01,lag_9,0.0107538061144394,-0.0002483150488591857,0.00012079023721173199,0.0021549020631368297
1977-09-01,1977-10-01,lag_10,0.0151273417142681,0.0004971662473776347,0.00012079023721173199,0.0021549020631368297
1977-09-01,1977-10-01,lag_11,-0.0003044869306836,0.0,0.00012079023721173199,0.0021549020631368297
1977-09-01,1977-10-01,volatility_3m,0.001727594226800227,0.0,0.00012079023721173199,0.0021549020631368297
1977-10-01,1977-11-01,lag_0,0.0014104608050469,-0.00026661847051878527,0.0021595989235167097,0.00214708042472684
1977-10-01,1977-11-01,lag_1,0.0041145067243357,0.0,0.0021595989235167097,0.00214708042472684
1977-10-01,1977-11-01,lag_2,0.0009875927970335,0.0,0.0021595989235167097,0.00214708042472684
1977-10-01,1977-11-01,lag_3,0.0012780405675312,0.0,0.0021595989235167097,0.00214708042472684
1977-10-01,1977-11-01,lag_4,0.007746814316869,-0.0002997202901496645,0.0021595989235167097,0.00214708042472684
1977-10-01,1977-11-01,lag_5,0.0078538379353396,-0.00012268244475056194,0.0021595989235167097,0.00214708042472684
1977-10-01,1977-11-01,lag_6,0.0095635721668867,0.0,0.0021595989235167097,0.00214708042472684
1977-10-01,1977-11-01,lag_7,0.0126992384400579,-0.000757694530931264,0.0021595989235167097,0.00214708042472684
1977-10-01,1977-11-01,lag_8,0.0156756690486763,0.003109377013275048,0.0021595989235167097,0.00214708042472684
1977-10-01,1977-11-01,lag_9,-0.0070222901040648,0.00036825669843299353,0.0021595989235167097,0.00214708042472684
1977-10-01,1977-11-01,lag_10,0.0107538061144394,0.0,0.0021595989235167097,0.00214708042472684
1977-10-01,1977-11-01,lag_11,0.0151273417142681,-0.0015798622351204962,0.0021595989235167097,0.00214708042472684
1977-10-01,1977-11-01,volatility_3m,0.0016964802972910368,-0.0004385372414474001,0.0021595989235167097,0.00214708042472684
1977-11-01,1977-12-01,lag_0,0.0018376437087685,-0.00042502509129708593,0.0024679891222486195,0.0021649258184089437
1977-11-01,1977-12-01,lag_1,0.0014104608050469,0.0,0.0024679891222486195,0.0021649258184089437
1977-11-01,1977-12-01,lag_2,0.0041145067243357,0.0,0.0024679891222486195,0.0021649258184089437
1977-11-01,1977-12-01,lag_3,0.0009875927970335,0.0,0.0024679891222486195,0.0021649258184089437
1977-11-01,1977-12-01,lag_4,0.0012780405675312,0.0,0.0024679891222486195,0.0021649258184089437
1977-11-01,1977-12-01,lag_5,0.007746814316869,-0.0005779013931417822,0.0024679891222486195,0.0021649258184089437
1977-11-01,1977-12-01,lag_6,0.0078538379353396,-0.000540560248506072,0.0024679891222486195,0.0021649258184089437
1977-11-01,1977-12-01,lag_7,0.0095635721668867,-0.00023996560102079365,0.0024679891222486195,0.0021649258184089437
1977-11-01,1977-12-01,lag_8,0.0126992384400579,0.0016337953764612727,0.0024679891222486195,0.0021649258184089437
1977-11-01,1977-12-01,lag_9,0.0156756690486763,0.0003595677178983151,0.0024679891222486195,0.0021649258184089437
1977-11-01,1977-12-01,lag_10,-0.0070222901040648,0.00043555562221056054,0.0024679891222486195,0.0021649258184089437
1977-11-01,1977-12-01,lag_11,0.0107538061144394,-0.0009102013664868974,0.0024679891222486195,0.0021649258184089437
1977-11-01,1977-12-01,volatility_3m,0.001453642250722428,0.0005677982877221585,0.0024679891222486195,0.0021649258184089437
1977-12-01,1978-01-01,lag_0,0.0017889719215924,0.0,0.0038647697506100503,0.0022654026423629095
1977-12-01,1978-01-01,lag_1,0.0018376437087685,0.0,0.0038647697506100503,0.0022654026423629095
1977-12-01,1978-01-01,lag_2,0.0014104608050469,0.0,0.0038647697506100503,0.0022654026423629095
1977-12-01,1978-01-01,lag_3,0.0041145067243357,0.0,0.0038647697506100503,0.0022654026423629095
1977-12-01,1978-01-01,lag_4,0.0009875927970335,0.0,0.0038647697506100503,0.0022654026423629095
1977-12-01,1978-01-01,lag_5,0.0012780405675312,0.0,0.0038647697506100503,0.0022654026423629095
1977-12-01,1978-01-01,lag_6,0.007746814316869,0.0,0.0038647697506100503,0.0022654026423629095
1977-12-01,1978-01-01,lag_7,0.0078538379353396,-0.0004899481748668765,0.0038647697506100503,0.0022654026423629095
1977-12-01,1978-01-01,lag_8,0.0095635721668867,0.0008828998078915683,0.0038647697506100503,0.0022654026423629095
1977-12-01,1978-01-01,lag_9,0.0126992384400579,0.0007548979814220157,0.0038647697506100503,0.0022654026423629095
1977-12-01,1978-01-01,lag_10,0.0156756690486763,0.0,0.0038647697506100503,0.0022654026423629095
1977-12-01,1978-01-01,lag_11,-0.0070222901040648,0.0007694581759189715,0.0038647697506100503,0.0022654026423629095
1977-12-01,1978-01-01,volatility_3m,0.0007736727695581294,-0.00031794068211853837,0.0038647697506100503,0.0022654026423629095
1978-01-01,1978-02-01,lag_0,-0.0148284552105955,-0.006646994161167565,-0.005506886690925042,0.002103407816309561
1978-01-01,1978-02-01,lag_1,0.0017889719215924,0.0,-0.005506886690925042,0.002103407816309561
1978-01-01,1978-02-01,lag_2,0.0018376437087685,0.0,-0.005506886690925042,0.002103407816309561
1978-01-01,1978-02-01,lag_3,0.0014104608050469,0.0,-0.005506886690925042,0.002103407816309561
1978-01-01,1978-02-01,lag_4,0.0041145067243357,0.0,-0.005506886690925042,0.002103407816309561
1978-01-01,1978-02-01,lag_5,0.0009875927970335,0.0,-0.005506886690925042,0.002103407816309561
1978-01-01,1978-02-01,lag_6,0.0012780405675312,0.0,-0.005506886690925042,0.002103407816309561
1978-01-01,1978-02-01,lag_7,0.007746814316869,0.0,-0.005506886690925042,0.002103407816309561
1978-01-01,1978-02-01,lag_8,0.0078538379353396,0.0007220829312930797,-0.005506886690925042,0.002103407816309561
1978-01-01,1978-02-01,lag_9,0.0095635721668867,0.0,-0.005506886690925042,0.002103407816309561
1978-01-01,1978-02-01,lag_10,0.0126992384400579,-0.0008573448366971994,-0.005506886690925042,0.002103407816309561
1978-01-01,1978-02-01,lag_11,0.0156756690486763,-0.0008280384406629178,-0.005506886690925042,0.002103407816309561
1978-01-01,1978-02-01,volatility_3m,0.009608157182193919,0.0,-0.005506886690925042,0.002103407816309561
1978-02-01,1978-03-01,lag_0,0.0053422393279238,0.0009311021199259584,-0.0006517676439728587,0.001995775576822718
1978-02-01,1978-03-01,lag_1,-0.0148284552105955,-0.0012545178036621003,-0.0006517676439728587,0.001995775576822718
1978-02-01,1978-03-01,lag_2,0.0017889719215924,0.0,-0.0006517676439728587,0.001995775576822718
1978-02-01,1978-03-01,lag_3,0.0018376437087685,0.0,-0.0006517676439728587,0.001995775576822718
1978-02-01,1978-03-01,lag_4,0.0014104608050469,0.0,-0.0006517676439728587,0.001995775576822718
1978-02-01,1978-03-01,lag_5,0.0041145067243357,0.0,-0.0006517676439728587,0.001995775576822718
1978-02-01,1978-03-01,lag_6,0.0009875927970335,0.0,-0.0006517676439728587,0.001995775576822718
1978-02-01,1978-03-01,lag_7,0.0012780405675312,0.0,-0.0006517676439728587,0.001995775576822718
1978-02-01,1978-03-01,lag_8,0.007746814316869,0.00037047250552593725,-0.0006517676439728587,0.001995775576822718
1978-02-01,1978-03-01,lag_9,0.0078538379353396,-0.00017002504115883713,-0.0006517676439728587,0.001995775576822718
1978-02-01,1978-03-01,lag_10,0.0095635721668867,-0.001020010316444313,-0.0006517676439728587,0.001995775576822718
1978-02-01,1978-03-01,lag_11,0.0126992384400579,-0.0010833721269533775,-0.0006517676439728587,0.001995775576822718
1978-02-01,1978-03-01,volatility_3m,0.010767400738035806,-0.0004211925580288445,-0.0006517676439728587,0.001995775576822718
1978-03-01,1978-04-01,lag_0,0.0189873192292036,0.006747253308096254,0.008672727379480109,0.002255948583326433
1978-03-01,1978-04-01,lag_1,0.0053422393279238,0.0,0.008672727379480109,0.002255948583326433
1978-03-01,1978-04-01,lag_2,-0.0148284552105955,-0.0028813294610772356,0.008672727379480109,0.002255948583326433
1978-03-01,1978-04-01,lag_3,0.0017889719215924,0.0,0.008672727379480109,0.002255948583326433
1978-03-01,1978-04-01,lag_4,0.0018376437087685,0.0,0.008672727379480109,0.002255948583326433
1978-03-01,1978-04-01,lag_5,0.0014104608050469,0.0,0.008672727379480109,0.002255948583326433
1978-03-01,1978-04-01,lag_6,0.0041145067243357,0.0,0.008672727379480109,0.002255948583326433
1978-03-01,1978-04-01,lag_7,0.0009875927970335,0.0,0.008672727379480109,0.002255948583326433
1978-03-01,1978-04-01,lag_8,0.0012780405675312,0.0,0.008672727379480109,0.002255948583326433
1978-03-01,1978-04-01,lag_9,0.007746814316869,0.0,0.008672727379480109,0.002255948583326433
1978-03-01,1978-04-01,lag_10,0.0078538379353396,0.0,0.008672727379480109,0.002255948583326433
1978-03-01,1978-04-01,lag_11,0.0095635721668867,0.0,0.008672727379480109,0.002255948583326433
1978-03-01,1978-04-01,volatility_3m,0.01701250385570337,0.0025508549491346567,0.008672727379480109,0.002255948583326433
1978-04-01,1978-05-01,lag_0,0.0200739523307373,0.0067156165993254024,0.0076992548063125575,0.002366685952401887
1978-04-01,1978-05-01,lag_1,0.0189873192292036,0.0002782798098530965,0.0076992548063125575,0.002366685952401887
1978-04-01,1978-05-01,lag_2,0.0053422393279238,0.0004954156809433886,0.0076992548063125575,0.002366685952401887
1978-04-01,1978-05-01,lag_3,-0.0148284552105955,-0.0023170570112684844,0.0076992548063125575,0.002366685952401887
1978-04-01,1978-05-01,lag_4,0.0017889719215924,0.0,0.0076992548063125575,0.002366685952401887
1978-04-01,1978-05-01,lag_5,0.0018376437087685,0.0,0.0076992548063125575,0.002366685952401887
1978-04-01,1978-05-01,lag_6,0.0014104608050469,0.0,0.0076992548063125575,0.002366685952401887
1978-04-01,1978-05-01,lag_7,0.0041145067243357,0.00016031377505726797,0.0076992548063125575,0.002366685952401887
1978-04-01,1978-05-01,lag_8,0.0009875927970335,0.0,0.0076992548063125575,0.002366685952401887
1978-04-01,1978-05-01,lag_9,0.0012780405675312,0.0,0.0076992548063125575,0.002366685952401887
1978-04-01,1978-05-01,lag_10,0.007746814316869,0.0,0.0076992548063125575,0.002366685952401887
1978-04-01,1978-05-01,lag_11,0.0078538379353396,0.0,0.0076992548063125575,0.002366685952401887
1978-04-01,1978-05-01,volatility_3m,0.008209672598089433,0.0,0.0076992548063125575,0.002366685952401887
1978-05-01,1978-06-01,lag_0,0.0046552251817142,0.0006922274087936134,0.006721352485164207,0.0025814605069638214
1978-05-01,1978-06-01,lag_1,0.0200739523307373,7.815453981274203e-05,0.006721352485164207,0.0025814605069638214
1978-05-01,1978-06-01,lag_2,0.0189873192292036,0.0022253411500300544,0.006721352485164207,0.0025814605069638214
1978-05-01,1978-06-01,lag_3,0.0053422393279238,0.000345311945746471,0.006721352485164207,0.0025814605069638214
1978-05-01,1978-06-01,lag_4,-0.0148284552105955,0.000256342768022641,0.006721352485164207,0.0025814605069638214
1978-05-01,1978-06-01,lag_5,0.0017889719215924,0.0,0.006721352485164207,0.0025814605069638214
1978-05-01,1978-06-01,lag_6,0.0018376437087685,0.0,0.006721352485164207,0.0025814605069638214
1978-05-01,1978-06-01,lag_7,0.0014104608050469,0.0,0.006721352485164207,0.0025814605069638214
1978-05-01,1978-06-01,lag_8,0.0041145067243357,0.00015782179775525852,0.006721352485164207,0.0025814605069638214
1978-05-01,1978-06-01,lag_9,0.0009875927970335,0.0,0.006721352485164207,0.0025814605069638214
1978-05-01,1978-06-01,lag_10,0.0012780405675312,4.4364900292121964e-05,0.006721352485164207,0.0025814605069638214
1978-05-01,1978-06-01,lag_11,0.007746814316869,0.0,0.006721352485164207,0.0025814605069638214
1978-05-01,1978-06-01,volatility_3m,0.008605490865134229,0.0003403274677474842,0.006721352485164207,0.0025814605069638214
1978-06-01,1978-07-01,lag_0,0.0064680725447341,0.0005400923930662457,0.004413435119563705,0.0025697550767872454
1978-06-01,1978-07-01,lag_1,0.0046552251817142,0.00016955057547657988,0.004413435119563705,0.0025697550767872454
1978-06-01,1978-07-01,lag_2,0.0200739523307373,0.002460760355084068,0.004413435119563705,0.0025697550767872454
1978-06-01,1978-07-01,lag_3,0.0189873192292036,-0.001010178421985891,0.004413435119563705,0.0025697550767872454
1978-06-01,1978-07-01,lag_4,0.0053422393279238,0.0,0.004413435119563705,0.0025697550767872454
1978-06-01,1978-07-01,lag_5,-0.0148284552105955,-0.0008857568186258236,0.004413435119563705,0.0025697550767872454
1978-06-01,1978-07-01,lag_6,0.0017889719215924,0.0,0.004413435119563705,0.0025697550767872454
1978-06-01,1978-07-01,lag_7,0.0018376437087685,0.0,0.004413435119563705,0.0025697550767872454
1978-06-01,1978-07-01,lag_8,0.0014104608050469,0.00027379948483867786,0.004413435119563705,0.0025697550767872454
1978-06-01,1978-07-01,lag_9,0.0041145067243357,0.0,0.004413435119563705,0.0025697550767872454
1978-06-01,1978-07-01,lag_10,0.0009875927970335,0.0,0.004413435119563705,0.0025697550767872454
1978-06-01,1978-07-01,lag_11,0.0012780405675312,0.0,0.004413435119563705,0.0025697550767872454
1978-06-01,1978-07-01,volatility_3m,0.008427569115792928,0.0002954124749226027,0.004413435119563705,0.0025697550767872454
1978-07-01,1978-08-01,lag_0,-0.0008247749395784,-0.00042436485573155326,-0.0021423961373311044,0.002554456946946114
1978-07-01,1978-08-01,lag_1,0.0064680725447341,0.0,-0.0021423961373311044,0.002554456946946114
1978-07-01,1978-08-01,lag_2,0.0046552251817142,0.0,-0.0021423961373311044,0.002554456946946114
1978-07-01,1978-08-01,lag_3,0.0200739523307373,-0.0011777898991881157,-0.0021423961373311044,0.002554456946946114
1978-07-01,1978-08-01,lag_4,0.0189873192292036,-0.00048612148644932364,-0.0021423961373311044,0.002554456946946114
1978-07-01,1978-08-01,lag_5,0.0053422393279238,0.0,-0.0021423961373311044,0.002554456946946114
1978-07-01,1978-08-01,lag_6,-0.0148284552105955,-0.0025205521871178023,-0.0021423961373311044,0.002554456946946114
1978-07-01,1978-08-01,lag_7,0.0017889719215924,0.0,-0.0021423961373311044,0.002554456946946114
1978-07-01,1978-08-01,lag_8,0.0018376437087685,0.0,-0.0021423961373311044,0.002554456946946114
1978-07-01,1978-08-01,lag_9,0.0014104608050469,0.0,-0.0021423961373311044,0.002554456946946114
1978-07-01,1978-08-01,lag_10,0.0041145067243357,0.0,-0.0021423961373311044,0.002554456946946114
1978-07-01,1978-08-01,lag_11,0.0009875927970335,0.0,-0.0021423961373311044,0.002554456946946114
1978-07-01,1978-08-01,volatility_3m,0.0037969821639564022,-8.802465579042275e-05,-0.0021423961373311044,0.002554456946946114
1978-08-01,1978-09-01,lag_0,0.0040954125102032,0.0002456847306336956,0.004841440596001266,0.0025800912000974183
1978-08-01,1978-09-01,lag_1,-0.0008247749395784,0.0,0.004841440596001266,0.0025800912000974183
1978-08-01,1978-09-01,lag_2,0.0064680725447341,0.000491482917619766,0.004841440596001266,0.0025800912000974183
1978-08-01,1978-09-01,lag_3,0.0046552251817142,0.0,0.004841440596001266,0.0025800912000974183
1978-08-01,1978-09-01,lag_4,0.0200739523307373,-0.0004950837537974393,0.004841440596001266,0.0025800912000974183
1978-08-01,1978-09-01,lag_5,0.0189873192292036,0.0008155353057306302,0.004841440596001266,0.0025800912000974183
1978-08-01,1978-09-01,lag_6,0.0053422393279238,0.00042163010193696884,0.004841440596001266,0.0025800912000974183
1978-08-01,1978-09-01,lag_7,-0.0148284552105955,0.0006331402625578858,0.004841440596001266,0.0025800912000974183
1978-08-01,1978-09-01,lag_8,0.0017889719215924,0.0001489598312223412,0.004841440596001266,0.0025800912000974183
1978-08-01,1978-09-01,lag_9,0.0018376437087685,0.0,0.004841440596001266,0.0025800912000974183
1978-08-01,1978-09-01,lag_10,0.0014104608050469,0.0,0.004841440596001266,0.0025800912000974183
1978-08-01,1978-09-01,lag_11,0.0041145067243357,0.0,0.004841440596001266,0.0025800912000974183
1978-08-01,1978-09-01,volatility_3m,0.0037198428418839533,0.0,0.004841440596001266,0.0025800912000974183
1978-09-01,1978-10-01,lag_0,0.0025309942048967,0.0,0.005091968029921874,0.002587788897435055
1978-09-01,1978-10-01,lag_1,0.0040954125102032,0.0,0.005091968029921874,0.002587788897435055
1978-09-01,1978-10-01,lag_2,-0.0008247749395784,0.0,0.005091968029921874,0.002587788897435055
1978-09-01,1978-10-01,lag_3,0.0064680725447341,0.0,0.005091968029921874,0.002587788897435055
1978-09-01,1978-10-01,lag_4,0.0046552251817142,0.0,0.005091968029921874,0.002587788897435055
1978-09-01,1978-10-01,lag_5,0.0200739523307373,0.0005147124059038774,0.005091968029921874,0.002587788897435055
1978-09-01,1978-10-01,lag_6,0.0189873192292036,0.0011905406943691903,0.005091968029921874,0.002587788897435055
1978-09-01,1978-10-01,lag_7,0.0053422393279238,0.0,0.005091968029921874,0.002587788897435055
1978-09-01,1978-10-01,lag_8,-0.0148284552105955,0.0007989260322137511,0.005091968029921874,0.002587788897435055
1978-09-01,1978-10-01,lag_9,0.0017889719215924,0.0,0.005091968029921874,0.002587788897435055
1978-09-01,1978-10-01,lag_10,0.0018376437087685,0.0,0.005091968029921874,0.002587788897435055
1978-09-01,1978-10-01,lag_11,0.0014104608050469,0.0,0.005091968029921874,0.002587788897435055
1978-09-01,1978-10-01,volatility_3m,0.002513856125755064,0.0,0.005091968029921874,0.002587788897435055
1978-10-01,1978-11-01,lag_0,0.0074708832622936,0.0004603311057150564,0.005042452028161245,0.0026734072473602205
1978-10-01,1978-11-01,lag_1,0.0025309942048967,0.0,0.005042452028161245,0.0026734072473602205
1978-10-01,1978-11-01,lag_2,0.0040954125102032,0.00022234677006387668,0.005042452028161245,0.0026734072473602205
1978-10-01,1978-11-01,lag_3,-0.0008247749395784,0.0001685652269668342,0.005042452028161245,0.0026734072473602205
1978-10-01,1978-11-01,lag_4,0.0064680725447341,0.0,0.005042452028161245,0.0026734072473602205
1978-10-01,1978-11-01,lag_5,0.0046552251817142,0.0,0.005042452028161245,0.0026734072473602205
1978-10-01,1978-11-01,lag_6,0.0200739523307373,0.0016791068309317744,0.005042452028161245,0.0026734072473602205
1978-10-01,1978-11-01,lag_7,0.0189873192292036,-0.00048499966281214226,0.005042452028161245,0.0026734072473602205
1978-10-01,1978-11-01,lag_8,0.0053422393279238,0.0,0.005042452028161245,0.0026734072473602205
1978-10-01,1978-11-01,lag_9,-0.0148284552105955,0.00032369450993562505,0.005042452028161245,0.0026734072473602205
1978-10-01,1978-11-01,lag_10,0.0017889719215924,0.0,0.005042452028161245,0.0026734072473602205
1978-10-01,1978-11-01,lag_11,0.0018376437087685,0.0,0.005042452028161245,0.0026734072473602205
1978-10-01,1978-11-01,volatility_3m,0.00252466866907275,0.0,0.005042452028161245,0.0026734072473602205
1978-11-01,1978-12-01,lag_0,0.0076865673724948,0.0006800358166031645,0.0026451742402188033,0.00275721513773457
1978-11-01,1978-12-01,lag_1,0.0074708832622936,0.00027617799616590287,0.0026451742402188033,0.00275721513773457
1978-11-01,1978-12-01,lag_2,0.0025309942048967,0.0,0.0026451742402188033,0.00275721513773457
1978-11-01,1978-12-01,lag_3,0.0040954125102032,0.0,0.0026451742402188033,0.00275721513773457
1978-11-01,1978-12-01,lag_4,-0.0008247749395784,0.00019548435838156116,0.0026451742402188033,0.00275721513773457
1978-11-01,1978-12-01,lag_5,0.0064680725447341,0.00024835115061675773,0.0026451742402188033,0.00275721513773457
1978-11-01,1978-12-01,lag_6,0.0046552251817142,0.0002803900595404735,0.0026451742402188033,0.00275721513773457
1978-11-01,1978-12-01,lag_7,0.0200739523307373,-0.0009002648638199278,0.0026451742402188033,0.00275721513773457
1978-11-01,1978-12-01,lag_8,0.0189873192292036,-0.0015862791365723738,0.0026451742402188033,0.00275721513773457
1978-11-01,1978-12-01,lag_9,0.0053422393279238,0.0,0.0026451742402188033,0.00275721513773457
1978-11-01,1978-12-01,lag_10,-0.0148284552105955,0.0009973784897413366,0.0026451742402188033,0.00275721513773457
1978-11-01,1978-12-01,lag_11,0.0017889719215924,0.0,0.0026451742402188033,0.00275721513773457
1978-11-01,1978-12-01,volatility_3m,0.002916303545621878,-0.0003033147681726617,0.0026451742402188033,0.00275721513773457
1978-12-01,1979-01-01,lag_0,0.0049748848264123,0.00026346758248723003,0.002193487382995574,0.002800072440013988
1978-12-01,1979-01-01,lag_1,0.0076865673724948,0.0002773267755409614,0.002193487382995574,0.002800072440013988
1978-12-01,1979-01-01,lag_2,0.0074708832622936,0.0006943191040740826,0.002193487382995574,0.002800072440013988
1978-12-01,1979-01-01,lag_3,0.0025309942048967,0.0,0.002193487382995574,0.002800072440013988
1978-12-01,1979-01-01,lag_4,0.0040954125102032,0.0,0.002193487382995574,0.002800072440013988
1978-12-01,1979-01-01,lag_5,-0.0008247749395784,-0.00031431239449828454,0.002193487382995574,0.002800072440013988
1978-12-01,1979-01-01,lag_6,0.0064680725447341,0.0004983667659746352,0.002193487382995574,0.002800072440013988
1978-12-01,1979-01-01,lag_7,0.0046552251817142,0.0,0.002193487382995574,0.002800072440013988
1978-12-01,1979-01-01,lag_8,0.0200739523307373,-0.001734480236205672,0.002193487382995574,0.002800072440013988
1978-12-01,1979-01-01,lag_9,0.0189873192292036,-0.0005565071934611637,0.002193487382995574,0.002800072440013988
1978-12-01,1979-01-01,lag_10,0.0053422393279238,0.0,0.002193487382995574,0.002800072440013988
1978-12-01,1979-01-01,lag_11,-0.0148284552105955,0.0007458662496189259,0.002193487382995574,0.002800072440013988
1978-12-01,1979-01-01,volatility_3m,0.001507191099255148,-0.0004806317105491289,0.002193487382995574,0.002800072440013988
1979-01-01,1979-02-01,lag_0,-0.005431898444077,-0.0013654156410421849,-0.000867894960487832,0.002717333980089969
1979-01-01,1979-02-01,lag_1,0.0049748848264123,0.0,-0.000867894960487832,0.002717333980089969
1979-01-01,1979-02-01,lag_2,0.0076865673724948,0.0005427577429021778,-0.000867894960487832,0.002717333980089969
1979-01-01,1979-02-01,lag_3,0.0074708832622936,-0.000338233706448426,-0.000867894960487832,0.002717333980089969
1979-01-01,1979-02-01,lag_4,0.0025309942048967,0.0,-0.000867894960487832,0.002717333980089969
1979-01-01,1979-02-01,lag_5,0.0040954125102032,0.0,-0.000867894960487832,0.002717333980089969
1979-01-01,1979-02-01,lag_6,-0.0008247749395784,-0.0007422894749879711,-0.000867894960487832,0.002717333980089969
1979-01-01,1979-02-01,lag_7,0.0064680725447341,-0.00013945220996638185,-0.000867894960487832,0.002717333980089969
1979-01-01,1979-02-01,lag_8,0.0046552251817142,-0.00013997209180949965,-0.000867894960487832,0.002717333980089969
1979-01-01,1979-02-01,lag_9,0.0200739523307373,-0.0005436122811550317,-0.000867894960487832,0.002717333980089969
1979-01-01,1979-02-01,lag_10,0.0189873192292036,-0.0008590112780704828,-0.000867894960487832,0.002717333980089969
1979-01-01,1979-02-01,lag_11,0.0053422393279238,0.0,-0.000867894960487832,0.002717333980089969
1979-01-01,1979-02-01,volatility_3m,0.006925177562708258,0.0,-0.000867894960487832,0.002717333980089969
1979-02-01,1979-03-01,lag_0,0.0047805468665731,0.0,0.00023985179966327496,0.002703704898603008
1979-02-01,1979-03-01,lag_1,-0.005431898444077,-0.00044959960945107296,0.00023985179966327496,0.002703704898603008
1979-02-01,1979-03-01,lag_2,0.0049748848264123,0.0,0.00023985179966327496,0.002703704898603008
1979-02-01,1979-03-01,lag_3,0.0076865673724948,-0.0002741888691859195,0.00023985179966327496,0.002703704898603008
1979-02-01,1979-03-01,lag_4,0.0074708832622936,-8.561892611897099e-05,0.00023985179966327496,0.002703704898603008
1979-02-01,1979-03-01,lag_5,0.0025309942048967,0.0,0.00023985179966327496,0.002703704898603008
1979-02-01,1979-03-01,lag_6,0.0040954125102032,0.0,0.00023985179966327496,0.002703704898603008
1979-02-01,1979-03-01,lag_7,-0.0008247749395784,0.0,0.00023985179966327496,0.002703704898603008
1979-02-01,1979-03-01,lag_8,0.0064680725447341,-0.00020260849059335867,0.00023985179966327496,0.002703704898603008
1979-02-01,1979-03-01,lag_9,0.0046552251817142,0.0,0.00023985179966327496,0.002703704898603008
1979-02-01,1979-03-01,lag_10,0.0200739523307373,-0.0008731452978978017,0.00023985179966327496,0.002703704898603008
1979-02-01,1979-03-01,lag_11,0.0189873192292036,-0.000578691905692609,0.00023985179966327496,0.002703704898603008
1979-02-01,1979-03-01,volatility_3m,0.005953051661467274,0.0,0.00023985179966327496,0.002703704898603008
1979-03-01,1979-04-01,lag_0,0.0032602093161364,0.0,0.0007319414592377156,0.0027324171381446906
1979-03-01,1979-04-01,lag_1,0.0047805468665731,0.0,0.0007319414592377156,0.0027324171381446906
1979-03-01,1979-04-01,lag_2,-0.005431898444077,-0.0014056484069515675,0.0007319414592377156,0.0027324171381446906
1979-03-01,1979-04-01,lag_3,0.0049748848264123,-0.00010754213615027375,0.0007319414592377156,0.0027324171381446906
1979-03-01,1979-04-01,lag_4,0.0076865673724948,-0.0001818826190345794,0.0007319414592377156,0.0027324171381446906
1979-03-01,1979-04-01,lag_5,0.0074708832622936,0.0,0.0007319414592377156,0.0027324171381446906
1979-03-01,1979-04-01,lag_6,0.0025309942048967,-0.00017601188544367642,0.0007319414592377156,0.0027324171381446906
1979-03-01,1979-04-01,lag_7,0.0040954125102032,0.0,0.0007319414592377156,0.0027324171381446906
1979-03-01,1979-04-01,lag_8,-0.0008247749395784,0.0005495595374428626,0.0007319414592377156,0.0027324171381446906
1979-03-01,1979-04-01,lag_9,0.0064680725447341,0.0,0.0007319414592377156,0.0027324171381446906
1979-03-01,1979-04-01,lag_10,0.0046552251817142,0.0,0.0007319414592377156,0.0027324171381446906
1979-03-01,1979-04-01,lag_11,0.0200739523307373,-0.0006789501687697405,0.0007319414592377156,0.0027324171381446906
1979-03-01,1979-04-01,volatility_3m,0.005509963744669728,0.0,0.0007319414592377156,0.0027324171381446906
1979-04-01,1979-05-01,lag_0,-0.0120874549161809,-0.0017837337247096604,0.003507471173567228,0.0026410069973179452
1979-04-01,1979-05-01,lag_1,0.0032602093161364,0.0,0.003507471173567228,0.0026410069973179452
1979-04-01,1979-05-01,lag_2,0.0047805468665731,0.00030859993818088173,0.003507471173567228,0.0026410069973179452
1979-04-01,1979-05-01,lag_3,-0.005431898444077,0.0007847829557006743,0.003507471173567228,0.0026410069973179452
1979-04-01,1979-05-01,lag_4,0.0049748848264123,0.0,0.003507471173567228,0.0026410069973179452
1979-04-01,1979-05-01,lag_5,0.0076865673724948,0.00031728002318560396,0.003507471173567228,0.0026410069973179452
1979-04-01,1979-05-01,lag_6,0.0074708832622936,0.0006650922614584304,0.003507471173567228,0.0026410069973179452
1979-04-01,1979-05-01,lag_7,0.0025309942048967,0.0,0.003507471173567228,0.0026410069973179452
1979-04-01,1979-05-01,lag_8,0.0040954125102032,0.0,0.003507471173567228,0.0026410069973179452
1979-04-01,1979-05-01,lag_9,-0.0008247749395784,0.00015878665713372662,0.003507471173567228,0.0026410069973179452
1979-04-01,1979-05-01,lag_10,0.0064680725447341,0.0,0.003507471173567228,0.0026410069973179452
1979-04-01,1979-05-01,lag_11,0.0046552251817142,0.0,0.003507471173567228,0.0026410069973179452
1979-04-01,1979-05-01,volatility_3m,0.009330878020477778,0.00041565606529962625,0.003507471173567228,0.0026410069973179452
1979-05-01,1979-06-01,lag_0,0.0090277066611546,0.0007221255085392655,0.0046919212075721495,0.002671505060800488
1979-05-01,1979-06-01,lag_1,-0.0120874549161809,-0.0006272699462506117,0.0046919212075721495,0.002671505060800488
1979-05-01,1979-06-01,lag_2,0.0032602093161364,9.653183770018435e-05,0.0046919212075721495,0.002671505060800488
1979-05-01,1979-06-01,lag_3,0.0047805468665731,0.0,0.0046919212075721495,0.002671505060800488
1979-05-01,1979-06-01,lag_4,-0.005431898444077,0.0002822166274219609,0.0046919212075721495,0.002671505060800488
1979-05-01,1979-06-01,lag_5,0.0049748848264123,9.815305032576812e-05,0.0046919212075721495,0.002671505060800488
1979-05-01,1979-06-01,lag_6,0.0076865673724948,0.0006131967404213403,0.0046919212075721495,0.002671505060800488
1979-05-01,1979-06-01,lag_7,0.0074708832622936,0.0,0.0046919212075721495,0.002671505060800488
1979-05-01,1979-06-01,lag_8,0.0025309942048967,0.00019610422500334796,0.0046919212075721495,0.002671505060800488
1979-05-01,1979-06-01,lag_9,0.0040954125102032,0.0,0.0046919212075721495,0.002671505060800488
1979-05-01,1979-06-01,lag_10,-0.0008247749395784,0.0001905996643378467,0.0046919212075721495,0.002671505060800488
1979-05-01,1979-06-01,lag_11,0.0064680725447341,0.0,0.0046919212075721495,0.002671505060800488
1979-05-01,1979-06-01,volatility_3m,0.010913789988280341,0.00044875843927255925,0.0046919212075721495,0.002671505060800488
1979-06-01,1979-07-01,lag_0,0.0002100554920372,-0.00023632241398733453,0.0007864743239863108,0.0026368279739784482
1979-06-01,1979-07-01,lag_1,0.0090277066611546,0.0,0.0007864743239863108,0.0026368279739784482
1979-06-01,1979-07-01,lag_2,-0.0120874549161809,-0.0011232297253550357,0.0007864743239863108,0.0026368279739784482
1979-06-01,1979-07-01,lag_3,0.0032602093161364,0.0,0.0007864743239863108,0.0026368279739784482
1979-06-01,1979-07-01,lag_4,0.0047805468665731,0.0,0.0007864743239863108,0.0026368279739784482
1979-06-01,1979-07-01,lag_5,-0.005431898444077,-0.00022499366704639584,0.0007864743239863108,0.0026368279739784482
1979-06-01,1979-07-01,lag_6,0.0049748848264123,0.0,0.0007864743239863108,0.0026368279739784482
1979-06-01,1979-07-01,lag_7,0.0076865673724948,-5.261552503818567e-05,0.0007864743239863108,0.0026368279739784482
1979-06-01,1979-07-01,lag_8,0.0074708832622936,-0.00021319231856518567,0.0007864743239863108,0.0026368279739784482
1979-06-01,1979-07-01,lag_9,0.0025309942048967,0.0,0.0007864743239863108,0.0026368279739784482
1979-06-01,1979-07-01,lag_10,0.0040954125102032,0.0,0.0007864743239863108,0.0026368279739784482
1979-06-01,1979-07-01,lag_11,-0.0008247749395784,0.0,0.0007864743239863108,0.0026368279739784482
1979-06-01,1979-07-01,volatility_3m,0.010605264280986867,0.0,0.0007864743239863108,0.0026368279739784482
1979-07-01,1979-08-01,lag_0,-0.001673960096288,-0.0006623664481729373,0.0013537983270020455,0.0025622612768011616
1979-07-01,1979-08-01,lag_1,0.0002100554920372,-0.0001981169039058546,0.0013537983270020455,0.0025622612768011616
1979-07-01,1979-08-01,lag_2,0.0090277066611546,0.0003444271748756416,0.0013537983270020455,0.0025622612768011616
1979-07-01,1979-08-01,lag_3,-0.0120874549161809,0.0008271818355638603,0.0013537983270020455,0.0025622612768011616
1979-07-01,1979-08-01,lag_4,0.0032602093161364,0.0,0.0013537983270020455,0.0025622612768011616
1979-07-01,1979-08-01,lag_5,0.0047805468665731,0.0,0.0013537983270020455,0.0025622612768011616
1979-07-01,1979-08-01,lag_6,-0.005431898444077,-0.0010857552740397413,0.0013537983270020455,0.0025622612768011616
1979-07-01,1979-08-01,lag_7,0.0049748848264123,0.0,0.0013537983270020455,0.0025622612768011616
1979-07-01,1979-08-01,lag_8,0.0076865673724948,-0.0004338333341200849,0.0013537983270020455,0.0025622612768011616
1979-07-01,1979-08-01,lag_9,0.0074708832622936,0.0,0.0013537983270020455,0.0025622612768011616
1979-07-01,1979-08-01,lag_10,0.0025309942048967,0.0,0.0013537983270020455,0.0025622612768011616
1979-07-01,1979-08-01,lag_11,0.0040954125102032,0.0,0.0013537983270020455,0.0025622612768011616
1979-07-01,1979-08-01,volatility_3m,0.005712940840242175,0.0,0.0013537983270020455,0.0025622612768011616
1979-08-01,1979-09-01,lag_0,-0.0066093633100501,-0.0008641557325149339,0.0006190425367296228,0.002506583216604509
1979-08-01,1979-09-01,lag_1,-0.001673960096288,-0.00013245269488322393,0.0006190425367296228,0.002506583216604509
1979-08-01,1979-09-01,lag_2,0.0002100554920372,-0.0003902057151325149,0.0006190425367296228,0.002506583216604509
1979-08-01,1979-09-01,lag_3,0.0090277066611546,-0.00018186077669749917,0.0006190425367296228,0.002506583216604509
1979-08-01,1979-09-01,lag_4,-0.0120874549161809,0.0,0.0006190425367296228,0.002506583216604509
1979-08-01,1979-09-01,lag_5,0.0032602093161364,0.0,0.0006190425367296228,0.002506583216604509
1979-08-01,1979-09-01,lag_6,0.0047805468665731,0.0,0.0006190425367296228,0.002506583216604509
1979-08-01,1979-09-01,lag_7,-0.005431898444077,0.0,0.0006190425367296228,0.002506583216604509
1979-08-01,1979-09-01,lag_8,0.0049748848264123,-0.00014766914497760938,0.0006190425367296228,0.002506583216604509
1979-08-01,1979-09-01,lag_9,0.0076865673724948,-3.566450215408061e-05,0.0006190425367296228,0.002506583216604509
1979-08-01,1979-09-01,lag_10,0.0074708832622936,-7.923114168461688e-05,0.0006190425367296228,0.002506583216604509
1979-08-01,1979-09-01,lag_11,0.0025309942048967,0.0,0.0006190425367296228,0.002506583216604509
1979-08-01,1979-09-01,volatility_3m,0.003521651895009107,-5.630097183040722e-05,0.0006190425367296228,0.002506583216604509
1979-09-01,1979-10-01,lag_0,-0.0001690500460171,-0.000308762638603058,0.0005899155931888046,0.0025032986764980053
1979-09-01,1979-10-01,lag_1,-0.0066093633100501,-0.00026056039170240127,0.0005899155931888046,0.0025032986764980053
1979-09-01,1979-10-01,lag_2,-0.001673960096288,-0.00047531558814718045,0.0005899155931888046,0.0025032986764980053
1979-09-01,1979-10-01,lag_3,0.0002100554920372,0.0,0.0005899155931888046,0.0025032986764980053
1979-09-01,1979-10-01,lag_4,0.0090277066611546,-5.278507296552909e-05,0.0005899155931888046,0.0025032986764980053
1979-09-01,1979-10-01,lag_5,-0.0120874549161809,-0.0005169126679891091,0.0005899155931888046,0.0025032986764980053
1979-09-01,1979-10-01,lag_6,0.0032602093161364,-9.039156369799065e-05,0.0005899155931888046,0.0025032986764980053
1979-09-01,1979-10-01,lag_7,0.0047805468665731,0.0,0.0005899155931888046,0.0025032986764980053
1979-09-01,1979-10-01,lag_8,-0.005431898444077,0.0,0.0005899155931888046,0.0025032986764980053
1979-09-01,1979-10-01,lag_9,0.0049748848264123,0.0,0.0005899155931888046,0.0025032986764980053
1979-09-01,1979-10-01,lag_10,0.0076865673724948,-8.388096813193493e-05,0.0005899155931888046,0.0025032986764980053
1979-09-01,1979-10-01,lag_11,0.0074708832622936,-5.372189541137124e-05,0.0005899155931888046,0.0025032986764980053
1979-09-01,1979-10-01,volatility_3m,0.003368990800440072,-7.105229666062594e-05,0.0005899155931888046,0.0025032986764980053
1979-10-01,1979-11-01,lag_0,0.0072357520580763,0.0,0.0006573110293052069,0.0025143665920351384
1979-10-01,1979-11-01,lag_1,-0.0001690500460171,0.0,0.0006573110293052069,0.0025143665920351384
1979-10-01,1979-11-01,lag_2,-0.0066093633100501,-0.0007199661172684595,0.0006573110293052069,0.0025143665920351384
1979-10-01,1979-11-01,lag_3,-0.001673960096288,0.0,0.0006573110293052069,0.0025143665920351384
1979-10-01,1979-11-01,lag_4,0.0002100554920372,0.0,0.0006573110293052069,0.0025143665920351384
1979-10-01,1979-11-01,lag_5,0.0090277066611546,0.0,0.0006573110293052069,0.0025143665920351384
1979-10-01,1979-11-01,lag_6,-0.0120874549161809,-0.001137089445461472,0.0006573110293052069,0.0025143665920351384
1979-10-01,1979-11-01,lag_7,0.0032602093161364,0.0,0.0006573110293052069,0.0025143665920351384
1979-10-01,1979-11-01,lag_8,0.0047805468665731,0.0,0.0006573110293052069,0.0025143665920351384
1979-10-01,1979-11-01,lag_9,-0.005431898444077,0.0,0.0006573110293052069,0.0025143665920351384
1979-10-01,1979-11-01,lag_10,0.0049748848264123,0.0,0.0006573110293052069,0.0025143665920351384
1979-10-01,1979-11-01,lag_11,0.0076865673724948,0.0,0.0006573110293052069,0.0025143665920351384
1979-10-01,1979-11-01,volatility_3m,0.0069281545004952465,0.0,0.0006573110293052069,0.0025143665920351384
1979-11-01,1979-12-01,lag_0,-0.0015503953910003,-0.000656377455105007,0.003733012672104629,0.0024157632546489413
1979-11-01,1979-12-01,lag_1,0.0072357520580763,0.0,0.003733012672104629,0.0024157632546489413
1979-11-01,1979-12-01,lag_2,-0.0001690500460171,-0.0005523345132356379,0.003733012672104629,0.0024157632546489413
1979-11-01,1979-12-01,lag_3,-0.0066093633100501,0.000731345458515329,0.003733012672104629,0.0024157632546489413
1979-11-01,1979-12-01,lag_4,-0.001673960096288,0.00015495901281334813,0.003733012672104629,0.0024157632546489413
1979-11-01,1979-12-01,lag_5,0.0002100554920372,0.0,0.003733012672104629,0.0024157632546489413
1979-11-01,1979-12-01,lag_6,0.0090277066611546,0.0006149360325814187,0.003733012672104629,0.0024157632546489413
1979-11-01,1979-12-01,lag_7,-0.0120874549161809,0.0006893265603017507,0.003733012672104629,0.0024157632546489413
1979-11-01,1979-12-01,lag_8,0.0032602093161364,0.0,0.003733012672104629,0.0024157632546489413
1979-11-01,1979-12-01,lag_9,0.0047805468665731,0.0,0.003733012672104629,0.0024157632546489413
1979-11-01,1979-12-01,lag_10,-0.005431898444077,0.0003353943215844859,0.003733012672104629,0.0024157632546489413
1979-11-01,1979-12-01,lag_11,0.0049748848264123,0.0,0.003733012672104629,0.0024157632546489413
1979-11-01,1979-12-01,volatility_3m,0.00472467981560317,0.0,0.003733012672104629,0.0024157632546489413
1979-12-01,1980-01-01,lag_0,0.0006702665574493,-0.0004002891726910363,0.0031890739015000454,0.002402922903945633
1979-12-01,1980-01-01,lag_1,-0.0015503953910003,-0.0002682248767273133,0.0031890739015000454,0.002402922903945633
1979-12-01,1980-01-01,lag_2,0.0072357520580763,0.0003494466556952311,0.0031890739015000454,0.002402922903945633
1979-12-01,1980-01-01,lag_3,-0.0001690500460171,0.00024828138008421984,0.0031890739015000454,0.002402922903945633
1979-12-01,1980-01-01,lag_4,-0.0066093633100501,0.00032852840202181045,0.0031890739015000454,0.002402922903945633
1979-12-01,1980-01-01,lag_5,-0.001673960096288,-0.00033908854021277076,0.0031890739015000454,0.002402922903945633
1979-12-01,1980-01-01,lag_6,0.0002100554920372,-0.0004756600678243374,0.0031890739015000454,0.002402922903945633
1979-12-01,1980-01-01,lag_7,0.0090277066611546,-0.00026307109484158286,0.0031890739015000454,0.002402922903945633
1979-12-01,1980-01-01,lag_8,-0.0120874549161809,0.0013625364674097324,0.0031890739015000454,0.002402922903945633
1979-12-01,1980-01-01,lag_9,0.0032602093161364,0.0,0.0031890739015000454,0.002402922903945633
1979-12-01,1980-01-01,lag_10,0.0047805468665731,0.0,0.0031890739015000454,0.002402922903945633
1979-12-01,1980-01-01,lag_11,-0.005431898444077,0.00024369184464045966,0.0031890739015000454,0.002402922903945633
1979-12-01,1980-01-01,volatility_3m,0.004568612596568579,0.0,0.0031890739015000454,0.002402922903945633
1980-01-01,1980-02-01,lag_0,0.0053940357465207,0.0,0.0006000335416389822,0.0024488285442407567
1980-01-01,1980-02-01,lag_1,0.0006702665574493,-8.054609344048443e-05,0.0006000335416389822,0.0024488285442407567
1980-01-01,1980-02-01,lag_2,-0.0015503953910003,-0.00048357207328962853,0.0006000335416389822,0.0024488285442407567
1980-01-01,1980-02-01,lag_3,0.0072357520580763,-9.973431300443981e-05,0.0006000335416389822,0.0024488285442407567
1980-01-01,1980-02-01,lag_4,-0.0001690500460171,0.0,0.0006000335416389822,0.0024488285442407567
1980-01-01,1980-02-01,lag_5,-0.0066093633100501,-0.00032262358986963346,0.0006000335416389822,0.0024488285442407567
1980-01-01,1980-02-01,lag_6,-0.001673960096288,-0.00044530051802642393,0.0006000335416389822,0.0024488285442407567
1980-01-01,1980-02-01,lag_7,0.0002100554920372,0.0,0.0006000335416389822,0.0024488285442407567
1980-01-01,1980-02-01,lag_8,0.0090277066611546,-0.0003247300307904593,0.0006000335416389822,0.0024488285442407567
1980-01-01,1980-02-01,lag_9,-0.0120874549161809,0.0,0.0006000335416389822,0.0024488285442407567
1980-01-01,1980-02-01,lag_10,0.0032602093161364,0.0,0.0006000335416389822,0.0024488285442407567
1980-01-01,1980-02-01,lag_11,0.0047805468665731,0.0,0.0006000335416389822,0.0024488285442407567
1980-01-01,1980-02-01,volatility_3m,0.0035466053878951973,-9.228838418070527e-05,0.0006000335416389822,0.0024488285442407567
1980-02-01,1980-03-01,lag_0,0.0002707635837602,-0.0004050022543461,0.0006620756925909623,0.0024212738625165415
1980-02-01,1980-03-01,lag_1,0.0053940357465207,0.0,0.0006620756925909623,0.0024212738625165415
1980-02-01,1980-03-01,lag_2,0.0006702665574493,-0.00041505595678845614,0.0006620756925909623,0.0024212738625165415
1980-02-01,1980-03-01,lag_3,-0.0015503953910003,0.0,0.0006620756925909623,0.0024212738625165415
1980-02-01,1980-03-01,lag_4,0.0072357520580763,0.0,0.0006620756925909623,0.0024212738625165415
1980-02-01,1980-03-01,lag_5,-0.0001690500460171,-0.00017845545402038712,0.0006620756925909623,0.0024212738625165415
1980-02-01,1980-03-01,lag_6,-0.0066093633100501,-0.0010705486116464387,0.0006620756925909623,0.0024212738625165415
1980-02-01,1980-03-01,lag_7,-0.001673960096288,0.0,0.0006620756925909623,0.0024212738625165415
1980-02-01,1980-03-01,lag_8,0.0002100554920372,0.0,0.0006620756925909623,0.0024212738625165415
1980-02-01,1980-03-01,lag_9,0.0090277066611546,0.0,0.0006620756925909623,0.0024212738625165415
1980-02-01,1980-03-01,lag_10,-0.0120874549161809,0.00047036132745482354,0.0006620756925909623,0.0024212738625165415
1980-02-01,1980-03-01,lag_11,0.0032602093161364,0.0,0.0006620756925909623,0.0024212738625165415
1980-02-01,1980-03-01,volatility_3m,0.0028496056929372803,-0.0001604972205790211,0.0006620756925909623,0.0024212738625165415
1980-03-01,1980-04-01,lag_0,-0.0040788112574068,-0.000938158946458122,0.002540930212307743,0.0023654888802223857
1980-03-01,1980-04-01,lag_1,0.0002707635837602,0.0,0.002540930212307743,0.0023654888802223857
1980-03-01,1980-04-01,lag_2,0.0053940357465207,0.0,0.002540930212307743,0.0023654888802223857
1980-03-01,1980-04-01,lag_3,0.0006702665574493,0.0001881162496353943,0.002540930212307743,0.0023654888802223857
1980-03-01,1980-04-01,lag_4,-0.0015503953910003,0.0,0.002540930212307743,0.0023654888802223857
1980-03-01,1980-04-01,lag_5,0.0072357520580763,0.00017814336979247577,0.002540930212307743,0.0023654888802223857
1980-03-01,1980-04-01,lag_6,-0.0001690500460171,-0.0005281340485219451,0.002540930212307743,0.0023654888802223857
1980-03-01,1980-04-01,lag_7,-0.0066093633100501,0.0004104045872265388,0.002540930212307743,0.0023654888802223857
1980-03-01,1980-04-01,lag_8,-0.001673960096288,0.00041696765825753195,0.002540930212307743,0.0023654888802223857
1980-03-01,1980-04-01,lag_9,0.0002100554920372,0.0,0.002540930212307743,0.0023654888802223857
1980-03-01,1980-04-01,lag_10,0.0090277066611546,0.0,0.002540930212307743,0.0023654888802223857
1980-03-01,1980-04-01,lag_11,-0.0120874549161809,0.0004481024621534835,0.002540930212307743,0.0023654888802223857
1980-03-01,1980-04-01,volatility_3m,0.0047416865725261334,0.0,0.002540930212307743,0.0023654888802223857
1980-04-01,1980-05-01,lag_0,-0.0200630429249257,-0.0019433160595065222,0.00029688378695435017,0.0021655052642167304
1980-04-01,1980-05-01,lag_1,-0.0040788112574068,-0.0002277072738811933,0.00029688378695435017,0.0021655052642167304
1980-04-01,1980-05-01,lag_2,0.0002707635837602,-0.00036202673677056247,0.00029688378695435017,0.0021655052642167304
1980-04-01,1980-05-01,lag_3,0.0053940357465207,0.0,0.00029688378695435017,0.0021655052642167304
1980-04-01,1980-05-01,lag_4,0.0006702665574493,0.0,0.00029688378695435017,0.0021655052642167304
1980-04-01,1980-05-01,lag_5,-0.0015503953910003,-0.00017701928254697935,0.00029688378695435017,0.0021655052642167304
1980-04-01,1980-05-01,lag_6,0.0072357520580763,0.0,0.00029688378695435017,0.0021655052642167304
1980-04-01,1980-05-01,lag_7,-0.0001690500460171,0.0,0.00029688378695435017,0.0021655052642167304
1980-04-01,1980-05-01,lag_8,-0.0066093633100501,0.0005076422618888487,0.00029688378695435017,0.0021655052642167304
1980-04-01,1980-05-01,lag_9,-0.001673960096288,0.0,0.00029688378695435017,0.0021655052642167304
1980-04-01,1980-05-01,lag_10,0.0002100554920372,0.0,0.00029688378695435017,0.0021655052642167304
1980-04-01,1980-05-01,lag_11,0.0090277066611546,0.0,0.00029688378695435017,0.0021655052642167304
1980-04-01,1980-05-01,volatility_3m,0.01070730397464354,0.0003338056135540287,0.00029688378695435017,0.0021655052642167304
1980-05-01,1980-06-01,lag_0,-0.0249085104965822,-0.0010230249964064944,-2.9489203830197677e-05,0.0019551111410308166
1980-05-01,1980-06-01,lag_1,-0.0200630429249257,-0.0003711795651335291,-2.9489203830197677e-05,0.0019551111410308166
1980-05-01,1980-06-01,lag_2,-0.0040788112574068,-0.00038601256131752103,-2.9489203830197677e-05,0.0019551111410308166
1980-05-01,1980-06-01,lag_3,0.0002707635837602,0.0,-2.9489203830197677e-05,0.0019551111410308166
1980-05-01,1980-06-01,lag_4,0.0053940357465207,0.0,-2.9489203830197677e-05,0.0019551111410308166
1980-05-01,1980-06-01,lag_5,0.0006702665574493,0.0,-2.9489203830197677e-05,0.0019551111410308166
1980-05-01,1980-06-01,lag_6,-0.0015503953910003,-0.00020438322200346968,-2.9489203830197677e-05,0.0019551111410308166
1980-05-01,1980-06-01,lag_7,0.0072357520580763,0.0,-2.9489203830197677e-05,0.0019551111410308166
1980-05-01,1980-06-01,lag_8,-0.0001690500460171,0.0,-2.9489203830197677e-05,0.0019551111410308166
1980-05-01,1980-06-01,lag_9,-0.0066093633100501,0.0,-2.9489203830197677e-05,0.0019551111410308166
1980-05-01,1980-06-01,lag_10,-0.001673960096288,0.0,-2.9489203830197677e-05,0.0019551111410308166
1980-05-01,1980-06-01,lag_11,0.0002100554920372,0.0,-2.9489203830197677e-05,0.0019551111410308166
1980-05-01,1980-06-01,volatility_3m,0.0108999280455071,0.0,-2.9489203830197677e-05,0.0019551111410308166
1980-06-01,1980-07-01,lag_0,-0.0130064388579431,-0.0005899276708652246,-0.0001905386049003572,0.0018346642508028828
1980-06-01,1980-07-01,lag_1,-0.0249085104965822,-0.00041839446492496056,-0.0001905386049003572,0.0018346642508028828
1980-06-01,1980-07-01,lag_2,-0.0200630429249257,-0.0008965523620588618,-0.0001905386049003572,0.0018346642508028828
1980-06-01,1980-07-01,lag_3,-0.0040788112574068,0.0,-0.0001905386049003572,0.0018346642508028828
1980-06-01,1980-07-01,lag_4,0.0002707635837602,0.0,-0.0001905386049003572,0.0018346642508028828
1980-06-01,1980-07-01,lag_5,0.0053940357465207,0.0,-0.0001905386049003572,0.0018346642508028828
1980-06-01,1980-07-01,lag_6,0.0006702665574493,-6.143054531716893e-05,-0.0001905386049003572,0.0018346642508028828
1980-06-01,1980-07-01,lag_7,-0.0015503953910003,0.0,-0.0001905386049003572,0.0018346642508028828
1980-06-01,1980-07-01,lag_8,0.0072357520580763,-5.8897812537023954e-05,-0.0001905386049003572,0.0018346642508028828
1980-06-01,1980-07-01,lag_9,-0.0001690500460171,0.0,-0.0001905386049003572,0.0018346642508028828
1980-06-01,1980-07-01,lag_10,-0.0066093633100501,0.0,-0.0001905386049003572,0.0018346642508028828
1980-06-01,1980-07-01,lag_11,-0.001673960096288,0.0,-0.0001905386049003572,0.0018346642508028828
1980-06-01,1980-07-01,volatility_3m,0.005985169535853146,0.0,-0.0001905386049003572,0.0018346642508028828
1980-07-01,1980-08-01,lag_0,-0.0070588214834401,-0.0007429749339848352,-0.00027376869866346635,0.0017354722852082427
1980-07-01,1980-08-01,lag_1,-0.0130064388579431,-0.0004415260253933667,-0.00027376869866346635,0.0017354722852082427
1980-07-01,1980-08-01,lag_2,-0.0249085104965822,-0.0024231807931964964,-0.00027376869866346635,0.0017354722852082427
1980-07-01,1980-08-01,lag_3,-0.0200630429249257,0.0010683472696180118,-0.00027376869866346635,0.0017354722852082427
1980-07-01,1980-08-01,lag_4,-0.0040788112574068,0.0,-0.00027376869866346635,0.0017354722852082427
1980-07-01,1980-08-01,lag_5,0.0002707635837602,0.0,-0.00027376869866346635,0.0017354722852082427
1980-07-01,1980-08-01,lag_6,0.0053940357465207,0.0,-0.00027376869866346635,0.0017354722852082427
1980-07-01,1980-08-01,lag_7,0.0006702665574493,0.0,-0.00027376869866346635,0.0017354722852082427
1980-07-01,1980-08-01,lag_8,-0.0015503953910003,0.0002610353474635698,-0.00027376869866346635,0.0017354722852082427
1980-07-01,1980-08-01,lag_9,0.0072357520580763,0.0,-0.00027376869866346635,0.0017354722852082427
1980-07-01,1980-08-01,lag_10,-0.0001690500460171,0.0,-0.00027376869866346635,0.0017354722852082427
1980-07-01,1980-08-01,lag_11,-0.0066093633100501,0.0,-0.00027376869866346635,0.0017354722852082427
1980-07-01,1980-08-01,volatility_3m,0.009088865528680986,0.0002690581516214077,-0.00027376869866346635,0.0017354722852082427
1980-08-01,1980-09-01,lag_0,0.0031306452630932,0.0,0.0011803651756416866,0.0016703568358787555
1980-08-01,1980-09-01,lag_1,-0.0070588214834401,-0.0004222352189208992,0.0011803651756416866,0.0016703568358787555
1980-08-01,1980-09-01,lag_2,-0.0130064388579431,-0.0019014894142966806,0.0011803651756416866,0.0016703568358787555
1980-08-01,1980-09-01,lag_3,-0.0249085104965822,0.0018053178073725107,0.0011803651756416866,0.0016703568358787555
1980-08-01,1980-09-01,lag_4,-0.0200630429249257,0.0008166481428370793,0.0011803651756416866,0.0016703568358787555
1980-08-01,1980-09-01,lag_5,-0.0040788112574068,-0.00038924618795711303,0.0011803651756416866,0.0016703568358787555
1980-08-01,1980-09-01,lag_6,0.0002707635837602,-0.00039898678927196613,0.0011803651756416866,0.0016703568358787555
1980-08-01,1980-09-01,lag_7,0.0053940357465207,0.0,0.0011803651756416866,0.0016703568358787555
1980-08-01,1980-09-01,lag_8,0.0006702665574493,0.0,0.0011803651756416866,0.0016703568358787555
1980-08-01,1980-09-01,lag_9,-0.0015503953910003,0.0,0.0011803651756416866,0.0016703568358787555
1980-08-01,1980-09-01,lag_10,0.0072357520580763,0.0,0.0011803651756416866,0.0016703568358787555
1980-08-01,1980-09-01,lag_11,-0.0001690500460171,0.0,0.0011803651756416866,0.0016703568358787555
1980-08-01,1980-09-01,volatility_3m,0.008160932023382295,0.0,0.0011803651756416866,0.0016703568358787555
1980-09-01,1980-10-01,lag_0,0.0163657788171902,0.0015642899283551997,0.002402869812931613,0.0017731707419017836
1980-09-01,1980-10-01,lag_1,0.0031306452630932,0.0,0.002402869812931613,0.0017731707419017836
1980-09-01,1980-10-01,lag_2,-0.0070588214834401,-0.0012527925542109074,0.002402869812931613,0.0017731707419017836
1980-09-01,1980-10-01,lag_3,-0.0130064388579431,0.0011328714607801481,0.002402869812931613,0.0017731707419017836
1980-09-01,1980-10-01,lag_4,-0.0249085104965822,0.0009751879557607764,0.002402869812931613,0.0017731707419017836
1980-09-01,1980-10-01,lag_5,-0.0200630429249257,-0.0014177092755288025,0.002402869812931613,0.0017731707419017836
1980-09-01,1980-10-01,lag_6,-0.0040788112574068,-0.0009752959878816232,0.002402869812931613,0.0017731707419017836
1980-09-01,1980-10-01,lag_7,0.0002707635837602,0.0,0.002402869812931613,0.0017731707419017836
1980-09-01,1980-10-01,lag_8,0.0053940357465207,0.0,0.002402869812931613,0.0017731707419017836
1980-09-01,1980-10-01,lag_9,0.0006702665574493,0.0,0.002402869812931613,0.0017731707419017836
1980-09-01,1980-10-01,lag_10,-0.0015503953910003,0.0,0.002402869812931613,0.0017731707419017836
1980-09-01,1980-10-01,lag_11,0.0072357520580763,0.0,0.002402869812931613,0.0017731707419017836
1980-09-01,1980-10-01,volatility_3m,0.011745253594663827,0.0006031475437550382,0.002402869812931613,0.0017731707419017836
1980-10-01,1980-11-01,lag_0,0.0126315442892757,0.0008231055915274745,0.0006446699947213525,0.0018668891808999598
1980-10-01,1980-11-01,lag_1,0.0163657788171902,0.0005534675358602625,0.0006446699947213525,0.0018668891808999598
1980-10-01,1980-11-01,lag_2,0.0031306452630932,0.0,0.0006446699947213525,0.0018668891808999598
1980-10-01,1980-11-01,lag_3,-0.0070588214834401,0.0005422175832505493,0.0006446699947213525,0.0018668891808999598
1980-10-01,1980-11-01,lag_4,-0.0130064388579431,0.00045522642088870896,0.0006446699947213525,0.0018668891808999598
1980-10-01,1980-11-01,lag_5,-0.0249085104965822,-0.0014512563422439178,0.0006446699947213525,0.0018668891808999598
1980-10-01,1980-11-01,lag_6,-0.0200630429249257,-0.002574246159807234,0.0006446699947213525,0.0018668891808999598
1980-10-01,1980-11-01,lag_7,-0.0040788112574068,0.0002625918204754474,0.0006446699947213525,0.0018668891808999598
1980-10-01,1980-11-01,lag_8,0.0002707635837602,0.00016667436387010149,0.0006446699947213525,0.0018668891808999598
1980-10-01,1980-11-01,lag_9,0.0053940357465207,0.0,0.0006446699947213525,0.0018668891808999598
1980-10-01,1980-11-01,lag_10,0.0006702665574493,0.0,0.0006446699947213525,0.0018668891808999598
1980-10-01,1980-11-01,lag_11,-0.0015503953910003,0.0,0.0006446699947213525,0.0018668891808999598
1980-10-01,1980-11-01,volatility_3m,0.006823737368065107,0.0,0.0006446699947213525,0.0018668891808999598
1980-11-01,1980-12-01,lag_0,0.0166035078210593,0.0014507696712785395,0.002894311169268502,0.0019424275398117726
1980-11-01,1980-12-01,lag_1,0.0126315442892757,0.0004165350250662497,0.002894311169268502,0.0019424275398117726
1980-11-01,1980-12-01,lag_2,0.0163657788171902,0.0015875126281244035,0.002894311169268502,0.0019424275398117726
1980-11-01,1980-12-01,lag_3,0.0031306452630932,0.0,0.002894311169268502,0.0019424275398117726
1980-11-01,1980-12-01,lag_4,-0.0070588214834401,0.00026120458067000754,0.002894311169268502,0.0019424275398117726
1980-11-01,1980-12-01,lag_5,-0.0130064388579431,-0.0009062627985834754,0.002894311169268502,0.0019424275398117726
1980-11-01,1980-12-01,lag_6,-0.0249085104965822,-0.0032951622812753554,0.002894311169268502,0.0019424275398117726
1980-11-01,1980-12-01,lag_7,-0.0200630429249257,0.0009125996849340533,0.002894311169268502,0.0019424275398117726
1980-11-01,1980-12-01,lag_8,-0.0040788112574068,0.0005246871192423068,0.002894311169268502,0.0019424275398117726
1980-11-01,1980-12-01,lag_9,0.0002707635837602,0.0,0.002894311169268502,0.0019424275398117726
1980-11-01,1980-12-01,lag_10,0.0053940357465207,0.0,0.002894311169268502,0.0019424275398117726
1980-11-01,1980-12-01,lag_11,0.0006702665574493,0.0,0.002894311169268502,0.0019424275398117726
1980-11-01,1980-12-01,volatility_3m,0.0022277610915658595,0.0,0.002894311169268502,0.0019424275398117726
1980-12-01,1981-01-01,lag_0,0.0066346668586829,0.00040903574911279765,0.004454954548495083,0.001978941274223775
1980-12-01,1981-01-01,lag_1,0.0166035078210593,0.0007101573400176424,0.004454954548495083,0.001978941274223775
1980-12-01,1981-01-01,lag_2,0.0126315442892757,0.0012934381769754654,0.004454954548495083,0.001978941274223775
1980-12-01,1981-01-01,lag_3,0.0163657788171902,-0.001025108646255322,0.004454954548495083,0.001978941274223775
1980-12-01,1981-01-01,lag_4,0.0031306452630932,0.0,0.004454954548495083,0.001978941274223775
1980-12-01,1981-01-01,lag_5,-0.0070588214834401,-0.0005802079087972557,0.004454954548495083,0.001978941274223775
1980-12-01,1981-01-01,lag_6,-0.0130064388579431,-0.0019824338687187207,0.004454954548495083,0.001978941274223775
1980-12-01,1981-01-01,lag_7,-0.0249085104965822,0.001290396307496684,0.004454954548495083,0.001978941274223775
1980-12-01,1981-01-01,lag_8,-0.0200630429249257,0.0021906962217771676,0.004454954548495083,0.001978941274223775
1980-12-01,1981-01-01,lag_9,-0.0040788112574068,0.00017003990266284972,0.004454954548495083,0.001978941274223775
1980-12-01,1981-01-01,lag_10,0.0002707635837602,0.0,0.004454954548495083,0.001978941274223775
1980-12-01,1981-01-01,lag_11,0.0053940357465207,0.0,0.004454954548495083,0.001978941274223775
1980-12-01,1981-01-01,volatility_3m,0.005018579203794068,0.0,0.004454954548495083,0.001978941274223775
1981-01-01,1981-02-01,lag_0,-0.0064308903302907,-0.001037937290590735,0.005427064753473606,0.0019423053176333346
1981-01-01,1981-02-01,lag_1,0.0066346668586829,0.0,0.005427064753473606,0.0019423053176333346
1981-01-01,1981-02-01,lag_2,0.0166035078210593,0.0018288736282544183,0.005427064753473606,0.0019423053176333346
1981-01-01,1981-02-01,lag_3,0.0126315442892757,-0.0007046775076956568,0.005427064753473606,0.0019423053176333346
1981-01-01,1981-02-01,lag_4,0.0163657788171902,-0.00046561425502973566,0.005427064753473606,0.0019423053176333346
1981-01-01,1981-02-01,lag_5,0.0031306452630932,0.0,0.005427064753473606,0.0019423053176333346
1981-01-01,1981-02-01,lag_6,-0.0070588214834401,-0.0011339883524498471,0.005427064753473606,0.0019423053176333346
1981-01-01,1981-02-01,lag_7,-0.0130064388579431,0.0007269290168179967,0.005427064753473606,0.0019423053176333346
1981-01-01,1981-02-01,lag_8,-0.0249085104965822,0.0026760050641439427,0.005427064753473606,0.0019423053176333346
1981-01-01,1981-02-01,lag_9,-0.0200630429249257,0.0006123899017216444,0.005427064753473606,0.0019423053176333346
1981-01-01,1981-02-01,lag_10,-0.0040788112574068,0.0003493925671070146,0.005427064753473606,0.0019423053176333346
1981-01-01,1981-02-01,lag_11,0.0002707635837602,0.0,0.005427064753473606,0.0019423053176333346
1981-01-01,1981-02-01,volatility_3m,0.011551840206841576,0.0006333866635612291,0.005427064753473606,0.0019423053176333346
1981-02-01,1981-03-01,lag_0,-0.0042703433551958,-0.0008039126512837038,0.004558148173015508,0.0019226664903136818
1981-02-01,1981-03-01,lag_1,-0.0064308903302907,-0.00044441607385546595,0.004558148173015508,0.0019226664903136818
1981-02-01,1981-03-01,lag_2,0.0066346668586829,0.0004215486238134065,0.004558148173015508,0.0019226664903136818
1981-02-01,1981-03-01,lag_3,0.0166035078210593,-0.000989358305032226,0.004558148173015508,0.0019226664903136818
1981-02-01,1981-03-01,lag_4,0.0126315442892757,0.0,0.004558148173015508,0.0019226664903136818
1981-02-01,1981-03-01,lag_5,0.0163657788171902,0.000855569073820691,0.004558148173015508,0.0019226664903136818
1981-02-01,1981-03-01,lag_6,0.0031306452630932,0.0,0.004558148173015508,0.0019226664903136818
1981-02-01,1981-03-01,lag_7,-0.0070588214834401,0.0003874425060776252,0.004558148173015508,0.0019226664903136818
1981-02-01,1981-03-01,lag_8,-0.0130064388579431,0.0013726658117134887,0.004558148173015508,0.0019226664903136818
1981-02-01,1981-03-01,lag_9,-0.0249085104965822,0.0006517728730099572,0.004558148173015508,0.0019226664903136818
1981-02-01,1981-03-01,lag_10,-0.0200630429249257,0.0009747518069167444,0.004558148173015508,0.0019226664903136818
1981-02-01,1981-03-01,lag_11,-0.0040788112574068,0.0002094180175213089,0.004558148173015508,0.0019226664903136818
1981-02-01,1981-03-01,volatility_3m,0.007003522871321382,0.0,0.004558148173015508,0.0019226664903136818
1981-03-01,1981-04-01,lag_0,0.0050752464528769,0.00027073882497446073,0.005617944181199122,0.0019351673269637816
1981-03-01,1981-04-01,lag_1,-0.0042703433551958,-0.0003687088568273414,0.005617944181199122,0.0019351673269637816
1981-03-01,1981-04-01,lag_2,-0.0064308903302907,-0.0011844377253062463,0.005617944181199122,0.0019351673269637816
1981-03-01,1981-04-01,lag_3,0.0066346668586829,0.0,0.005617944181199122,0.0019351673269637816
1981-03-01,1981-04-01,lag_4,0.0166035078210593,-0.0005274248685869656,0.005617944181199122,0.0019351673269637816
1981-03-01,1981-04-01,lag_5,0.0126315442892757,0.0005954401634077413,0.005617944181199122,0.0019351673269637816
1981-03-01,1981-04-01,lag_6,0.0163657788171902,0.001851617929685116,0.005617944181199122,0.0019351673269637816
1981-03-01,1981-04-01,lag_7,0.0031306452630932,0.0,0.005617944181199122,0.0019351673269637816
1981-03-01,1981-04-01,lag_8,-0.0070588214834401,0.0007998461769082425,0.005617944181199122,0.0019351673269637816
1981-03-01,1981-04-01,lag_9,-0.0130064388579431,0.0003489786475169662,0.005617944181199122,0.0019351673269637816
1981-03-01,1981-04-01,lag_10,-0.0249085104965822,0.0011677474754124763,0.005617944181199122,0.0019351673269637816
1981-03-01,1981-04-01,lag_11,-0.0200630429249257,0.0007289790870508918,0.005617944181199122,0.0019351673269637816
1981-03-01,1981-04-01,volatility_3m,0.0061155429816889045,0.0,0.005617944181199122,0.0019351673269637816
1981-04-01,1981-05-01,lag_0,-0.0044064948298339,-0.0007535482512853471,0.0038123188978142837,0.0019209242648255626
1981-04-01,1981-05-01,lag_1,0.0050752464528769,0.0,0.0038123188978142837,0.0019209242648255626
1981-04-01,1981-05-01,lag_2,-0.0042703433551958,-0.0008423532417588325,0.0038123188978142837,0.0019209242648255626
1981-04-01,1981-05-01,lag_3,-0.0064308903302907,0.0006037920699478274,0.0038123188978142837,0.0019209242648255626
1981-04-01,1981-05-01,lag_4,0.0066346668586829,0.0,0.0038123188978142837,0.0019209242648255626
1981-04-01,1981-05-01,lag_5,0.0166035078210593,0.0007621273795773348,0.0038123188978142837,0.0019209242648255626
1981-04-01,1981-05-01,lag_6,0.0126315442892757,0.001190626334813495,0.0038123188978142837,0.0019209242648255626
1981-04-01,1981-05-01,lag_7,0.0163657788171902,-0.0006218749318706747,0.0038123188978142837,0.0019209242648255626
1981-04-01,1981-05-01,lag_8,0.0031306452630932,0.0,0.0038123188978142837,0.0019209242648255626
1981-04-01,1981-05-01,lag_9,-0.0070588214834401,0.0001693278062237125,0.0038123188978142837,0.0019209242648255626
1981-04-01,1981-05-01,lag_10,-0.0130064388579431,0.0005791924000181557,0.0038123188978142837,0.0019209242648255626
1981-04-01,1981-05-01,lag_11,-0.0249085104965822,0.0008041050673230497,0.0038123188978142837,0.0019209242648255626
1981-04-01,1981-05-01,volatility_3m,0.005435408660457536,0.0,0.0038123188978142837,0.0019209242648255626
1981-05-01,1981-06-01,lag_0,0.0057152815915175,0.0002972075795412103,0.004039453087156065,0.001963083083480309
1981-05-01,1981-06-01,lag_1,-0.0044064948298339,0.0,0.004039453087156065,0.001963083083480309
1981-05-01,1981-06-01,lag_2,0.0050752464528769,0.00023109737166542837,0.004039453087156065,0.001963083083480309
1981-05-01,1981-06-01,lag_3,-0.0042703433551958,0.0004262153341668292,0.004039453087156065,0.001963083083480309
1981-05-01,1981-06-01,lag_4,-0.0064308903302907,0.0002645673608401957,0.004039453087156065,0.001963083083480309
1981-05-01,1981-06-01,lag_5,0.0066346668586829,0.00017349406252803503,0.004039453087156065,0.001963083083480309
1981-05-01,1981-06-01,lag_6,0.0166035078210593,0.0016418325064407543,0.004039453087156065,0.001963083083480309
1981-05-01,1981-06-01,lag_7,0.0126315442892757,-0.00044589473412299813,0.004039453087156065,0.001963083083480309
1981-05-01,1981-06-01,lag_8,0.0163657788171902,-0.0012255204538563849,0.004039453087156065,0.001963083083480309
1981-05-01,1981-06-01,lag_9,0.0031306452630932,0.0,0.004039453087156065,0.001963083083480309
1981-05-01,1981-06-01,lag_10,-0.0070588214834401,0.0003218941673094684,0.004039453087156065,0.001963083083480309
1981-05-01,1981-06-01,lag_11,-0.0130064388579431,0.0003914768091632171,0.004039453087156065,0.001963083083480309
1981-05-01,1981-06-01,volatility_3m,0.005668089340844675,0.0,0.004039453087156065,0.001963083083480309
1981-06-01,1981-07-01,lag_0,0.005081934033587,0.001189780393350796,-0.0001648714127390708,0.0017600240016272712
1981-06-01,1981-07-01,lag_1,0.0057152815915175,0.0,-0.0001648714127390708,0.0017600240016272712
1981-06-01,1981-07-01,lag_2,-0.0044064948298339,-0.0009989030125385748,-0.0001648714127390708,0.0017600240016272712
1981-06-01,1981-07-01,lag_3,0.0050752464528769,0.0006724242719942646,-0.0001648714127390708,0.0017600240016272712
1981-06-01,1981-07-01,lag_4,-0.0042703433551958,0.002234879576347053,-0.0001648714127390708,0.0017600240016272712
1981-06-01,1981-07-01,lag_5,-0.0064308903302907,-0.0019275408956834284,-0.0001648714127390708,0.0017600240016272712
1981-06-01,1981-07-01,lag_6,0.0066346668586829,-0.0012117172590022762,-0.0001648714127390708,0.0017600240016272712
1981-06-01,1981-07-01,lag_7,0.0166035078210593,0.0,-0.0001648714127390708,0.0017600240016272712
1981-06-01,1981-07-01,lag_8,0.0126315442892757,0.001093753698077293,-0.0001648714127390708,0.0017600240016272712
1981-06-01,1981-07-01,lag_9,0.0163657788171902,-0.0034584997682256848,-0.0001648714127390708,0.0017600240016272712
1981-06-01,1981-07-01,lag_10,0.0031306452630932,0.0,-0.0001648714127390708,0.0017600240016272712
1981-06-01,1981-07-01,lag_11,-0.0070588214834401,0.00023142086572132295,-0.0001648714127390708,0.0017600240016272712
1981-06-01,1981-07-01,volatility_3m,0.005669829058992292,0.00024950671559289313,-0.0001648714127390708,0.0017600240016272712
1981-07-01,1981-08-01,lag_0,0.0065337407155321,0.0011282915288612536,0.010592455545592341,0.001982627074890815
1981-07-01,1981-08-01,lag_1,0.005081934033587,0.00026648508019872647,0.010592455545592341,0.001982627074890815
1981-07-01,1981-08-01,lag_2,0.0057152815915175,0.0004801227583106288,0.010592455545592341,0.001982627074890815
1981-07-01,1981-08-01,lag_3,-0.0044064948298339,0.0,0.010592455545592341,0.001982627074890815
1981-07-01,1981-08-01,lag_4,0.0050752464528769,0.0,0.010592455545592341,0.001982627074890815
1981-07-01,1981-08-01,lag_5,-0.0042703433551958,-0.0009671578087790872,0.010592455545592341,0.001982627074890815
1981-07-01,1981-08-01,lag_6,-0.0064308903302907,0.0019473029736349634,0.010592455545592341,0.001982627074890815
1981-07-01,1981-08-01,lag_7,0.0066346668586829,0.0007147555422495291,0.010592455545592341,0.001982627074890815
1981-07-01,1981-08-01,lag_8,0.0166035078210593,0.002009520601852084,0.010592455545592341,0.001982627074890815
1981-07-01,1981-08-01,lag_9,0.0126315442892757,0.004439195417026796,0.010592455545592341,0.001982627074890815
1981-07-01,1981-08-01,lag_10,0.0163657788171902,-0.0008755459530364416,0.010592455545592341,0.001982627074890815
1981-07-01,1981-08-01,lag_11,0.0031306452630932,0.0,0.010592455545592341,0.001982627074890815
1981-07-01,1981-08-01,volatility_3m,0.0007426591278476368,-0.0005331416696169278,0.010592455545592341,0.001982627074890815
1981-08-01,1981-09-01,lag_0,-0.0012472241215277,-0.0011604900342491132,-0.0016107439371694024,0.0019048565930706227
1981-08-01,1981-09-01,lag_1,0.0065337407155321,0.0,-0.0016107439371694024,0.0019048565930706227
1981-08-01,1981-09-01,lag_2,0.005081934033587,0.0009411355182944734,-0.0016107439371694024,0.0019048565930706227
1981-08-01,1981-09-01,lag_3,0.0057152815915175,0.0,-0.0016107439371694024,0.0019048565930706227
1981-08-01,1981-09-01,lag_4,-0.0044064948298339,0.0,-0.0016107439371694024,0.0019048565930706227
1981-08-01,1981-09-01,lag_5,0.0050752464528769,0.0,-0.0016107439371694024,0.0019048565930706227
1981-08-01,1981-09-01,lag_6,-0.0042703433551958,0.0,-0.0016107439371694024,0.0019048565930706227
1981-08-01,1981-09-01,lag_7,-0.0064308903302907,-0.001539241650525794,-0.0016107439371694024,0.0019048565930706227
1981-08-01,1981-09-01,lag_8,0.0066346668586829,0.0,-0.0016107439371694024,0.0019048565930706227
1981-08-01,1981-09-01,lag_9,0.0166035078210593,0.0012124081261443934,-0.0016107439371694024,0.0019048565930706227
1981-08-01,1981-09-01,lag_10,0.0126315442892757,-0.0008078295094141436,-0.0016107439371694024,0.0019048565930706227
1981-08-01,1981-09-01,lag_11,0.0163657788171902,-0.0013385265654734717,-0.0016107439371694024,0.0019048565930706227
1981-08-01,1981-09-01,volatility_3m,0.00413741866767506,-0.0008230564150163698,-0.0016107439371694024,0.0019048565930706227
1981-09-01,1981-10-01,lag_0,-0.0048275681612497,-0.0035168532518638196,-0.0025272377388219185,0.0018219303864933113
1981-09-01,1981-10-01,lag_1,-0.0012472241215277,0.0,-0.0025272377388219185,0.0018219303864933113
1981-09-01,1981-10-01,lag_2,0.0065337407155321,0.0008221036694356221,-0.0025272377388219185,0.0018219303864933113
1981-09-01,1981-10-01,lag_3,0.005081934033587,0.0,-0.0025272377388219185,0.0018219303864933113
1981-09-01,1981-10-01,lag_4,0.0057152815915175,0.0,-0.0025272377388219185,0.0018219303864933113
1981-09-01,1981-10-01,lag_5,-0.0044064948298339,0.0005443552337866803,-0.0025272377388219185,0.0018219303864933113
1981-09-01,1981-10-01,lag_6,0.0050752464528769,-0.00021398191451528058,-0.0025272377388219185,0.0018219303864933113
1981-09-01,1981-10-01,lag_7,-0.0042703433551958,-0.00041680384690234994,-0.0025272377388219185,0.0018219303864933113
1981-09-01,1981-10-01,lag_8,-0.0064308903302907,-0.0012425304147659192,-0.0025272377388219185,0.0018219303864933113
1981-09-01,1981-10-01,lag_9,0.0066346668586829,0.0,-0.0025272377388219185,0.0018219303864933113
1981-09-01,1981-10-01,lag_10,0.0166035078210593,-0.0006663794206550736,-0.0025272377388219185,0.0018219303864933113
1981-09-01,1981-10-01,lag_11,0.0126315442892757,0.0003409218201649114,-0.0025272377388219185,0.0018219303864933113
1981-09-01,1981-10-01,volatility_3m,0.005808637485560833,0.0,-0.0025272377388219185,0.0018219303864933113
1981-10-01,1981-11-01,lag_0,-0.0079171382626155,-0.0026526634891337582,-0.00313359415185175,0.0016609539289711417
1981-10-01,1981-11-01,lag_1,-0.0048275681612497,-0.0002821149523938331,-0.00313359415185175,0.0016609539289711417
1981-10-01,1981-11-01,lag_2,-0.0012472241215277,-0.0006325881405914502,-0.00313359415185175,0.0016609539289711417
1981-10-01,1981-11-01,lag_3,0.0065337407155321,0.0,-0.00313359415185175,0.0016609539289711417
1981-10-01,1981-11-01,lag_4,0.005081934033587,-0.0003563392112195021,-0.00313359415185175,0.0016609539289711417
1981-10-01,1981-11-01,lag_5,0.0057152815915175,-0.00021314478957945156,-0.00313359415185175,0.0016609539289711417
1981-10-01,1981-11-01,lag_6,-0.0044064948298339,0.0,-0.00313359415185175,0.0016609539289711417
1981-10-01,1981-11-01,lag_7,0.0050752464528769,-0.00017516513654498855,-0.00313359415185175,0.0016609539289711417
1981-10-01,1981-11-01,lag_8,-0.0042703433551958,-0.0007694766586651929,-0.00313359415185175,0.0016609539289711417
1981-10-01,1981-11-01,lag_9,-0.0064308903302907,0.0,-0.00313359415185175,0.0016609539289711417
1981-10-01,1981-11-01,lag_10,0.0066346668586829,0.0009945461112792246,-0.00313359415185175,0.0016609539289711417
1981-10-01,1981-11-01,lag_11,0.0166035078210593,-0.0015265628024350802,-0.00313359415185175,0.0016609539289711417
1981-10-01,1981-11-01,volatility_3m,0.003337964986422848,0.0008189609884611392,-0.00313359415185175,0.0016609539289711417
1981-11-01,1981-12-01,lag_0,-0.0116910828757204,-0.0061154955916783394,-0.005192586808785266,0.0015597050060470392
1981-11-01,1981-12-01,lag_1,-0.0079171382626155,-0.0004645014916675619,-0.005192586808785266,0.0015597050060470392
1981-11-01,1981-12-01,lag_2,-0.0048275681612497,-0.00024664334276740913,-0.005192586808785266,0.0015597050060470392
1981-11-01,1981-12-01,lag_3,-0.0012472241215277,0.0005217551631746227,-0.005192586808785266,0.0015597050060470392
1981-11-01,1981-12-01,lag_4,0.0065337407155321,0.0,-0.005192586808785266,0.0015597050060470392
1981-11-01,1981-12-01,lag_5,0.005081934033587,-0.00031639175395696155,-0.005192586808785266,0.0015597050060470392
1981-11-01,1981-12-01,lag_6,0.0057152815915175,0.0,-0.005192586808785266,0.0015597050060470392
1981-11-01,1981-12-01,lag_7,-0.0044064948298339,-0.0002213176956055059,-0.005192586808785266,0.0015597050060470392
1981-11-01,1981-12-01,lag_8,0.0050752464528769,0.0,-0.005192586808785266,0.0015597050060470392
1981-11-01,1981-12-01,lag_9,-0.0042703433551958,-0.00024242310497660485,-0.005192586808785266,0.0015597050060470392
1981-11-01,1981-12-01,lag_10,-0.0064308903302907,0.0011092835526713026,-0.005192586808785266,0.0015597050060470392
1981-11-01,1981-12-01,lag_11,0.0066346668586829,0.0,-0.005192586808785266,0.0015597050060470392
1981-11-01,1981-12-01,volatility_3m,0.0034374393470962454,-0.0007765575500258481,-0.005192586808785266,0.0015597050060470392
1981-12-01,1982-01-01,lag_0,-0.0106904281928961,-0.005988207508589095,-0.006892994234257066,0.0013918435309196284
1981-12-01,1982-01-01,lag_1,-0.0116910828757204,0.00047878945462642025,-0.006892994234257066,0.0013918435309196284
1981-12-01,1982-01-01,lag_2,-0.0079171382626155,-0.0008954376270942408,-0.006892994234257066,0.0013918435309196284
1981-12-01,1982-01-01,lag_3,-0.0048275681612497,0.0,-0.006892994234257066,0.0013918435309196284
1981-12-01,1982-01-01,lag_4,-0.0012472241215277,0.000597369418187108,-0.006892994234257066,0.0013918435309196284
1981-12-01,1982-01-01,lag_5,0.0065337407155321,0.0,-0.006892994234257066,0.0013918435309196284
1981-12-01,1982-01-01,lag_6,0.005081934033587,0.0,-0.006892994234257066,0.0013918435309196284
1981-12-01,1982-01-01,lag_7,0.0057152815915175,0.0,-0.006892994234257066,0.0013918435309196284
1981-12-01,1982-01-01,lag_8,-0.0044064948298339,-0.00139645130225786,-0.006892994234257066,0.0013918435309196284
1981-12-01,1982-01-01,lag_9,0.0050752464528769,-0.0002474736003870968,-0.006892994234257066,0.0013918435309196284
1981-12-01,1982-01-01,lag_10,-0.0042703433551958,-0.00016124770393911858,-0.006892994234257066,0.0013918435309196284
1981-12-01,1982-01-01,lag_11,-0.0064308903302907,0.0,-0.006892994234257066,0.0013918435309196284
1981-12-01,1982-01-01,volatility_3m,0.0019551259454076726,-0.0006721788957228114,-0.006892994234257066,0.0013918435309196284
1982-01-01,1982-02-01,lag_0,-0.0208619331800021,-0.010825411156494089,-0.010781575791579278,0.0010793311440760562
1982-01-01,1982-02-01,lag_1,-0.0106904281928961,0.0006058576724470082,-0.010781575791579278,0.0010793311440760562
1982-01-01,1982-02-01,lag_2,-0.0116910828757204,-0.0016601349100478253,-0.010781575791579278,0.0010793311440760562
1982-01-01,1982-02-01,lag_3,-0.0079171382626155,-0.0002011678179241416,-0.010781575791579278,0.0010793311440760562
1982-01-01,1982-02-01,lag_4,-0.0048275681612497,0.0009338245716360564,-0.010781575791579278,0.0010793311440760562
1982-01-01,1982-02-01,lag_5,-0.0012472241215277,-0.00018378906922738268,-0.010781575791579278,0.0010793311440760562
1982-01-01,1982-02-01,lag_6,0.0065337407155321,-0.00023575800416327788,-0.010781575791579278,0.0010793311440760562
1982-01-01,1982-02-01,lag_7,0.005081934033587,0.0,-0.010781575791579278,0.0010793311440760562
1982-01-01,1982-02-01,lag_8,0.0057152815915175,0.000530337023863979,-0.010781575791579278,0.0010793311440760562
1982-01-01,1982-02-01,lag_9,-0.0044064948298339,-0.0004441285181424915,-0.010781575791579278,0.0010793311440760562
1982-01-01,1982-02-01,lag_10,0.0050752464528769,-0.00038053672760316875,-0.010781575791579278,0.0010793311440760562
1982-01-01,1982-02-01,lag_11,-0.0042703433551958,0.0,-0.010781575791579278,0.0010793311440760562
1982-01-01,1982-02-01,volatility_3m,0.005606028285107086,0.0,-0.010781575791579278,0.0010793311440760562
1982-02-01,1982-03-01,lag_0,0.0201582605211254,0.01014308136042002,0.0013521757401484757,0.0011745240811076457
1982-02-01,1982-03-01,lag_1,-0.0208619331800021,-0.0030932661071872126,0.0013521757401484757,0.0011745240811076457
1982-02-01,1982-03-01,lag_2,-0.0106904281928961,-0.0017716538811720541,0.0013521757401484757,0.0011745240811076457
1982-02-01,1982-03-01,lag_3,-0.0116910828757204,-0.002594389575138945,0.0013521757401484757,0.0011745240811076457
1982-02-01,1982-03-01,lag_4,-0.0079171382626155,0.003083249858100081,0.0013521757401484757,0.0011745240811076457
1982-02-01,1982-03-01,lag_5,-0.0048275681612497,-0.0019186189803240459,0.0013521757401484757,0.0011745240811076457
1982-02-01,1982-03-01,lag_6,-0.0012472241215277,0.0007774505000329082,0.0013521757401484757,0.0011745240811076457
1982-02-01,1982-03-01,lag_7,0.0065337407155321,0.0,0.0013521757401484757,0.0011745240811076457
1982-02-01,1982-03-01,lag_8,0.005081934033587,0.0,0.0013521757401484757,0.0011745240811076457
1982-02-01,1982-03-01,lag_9,0.0057152815915175,-0.0007185553204129512,0.0013521757401484757,0.0011745240811076457
1982-02-01,1982-03-01,lag_10,-0.0044064948298339,0.001047453848378498,0.0013521757401484757,0.0011745240811076457
1982-02-01,1982-03-01,lag_11,0.0050752464528769,0.0,0.0013521757401484757,0.0011745240811076457
1982-02-01,1982-03-01,volatility_3m,0.01867426392669918,-0.004777100043655469,0.0013521757401484757,0.0011745240811076457
1982-03-01,1982-04-01,lag_0,-0.0066662956298908,-0.003210121922532505,-0.004338171244389164,0.0008245583544093532
1982-03-01,1982-04-01,lag_1,0.0201582605211254,0.002614590879204816,-0.004338171244389164,0.0008245583544093532
1982-03-01,1982-04-01,lag_2,-0.0208619331800021,-0.005071099821189771,-0.004338171244389164,0.0008245583544093532
1982-03-01,1982-04-01,lag_3,-0.0106904281928961,0.0,-0.004338171244389164,0.0008245583544093532
1982-03-01,1982-04-01,lag_4,-0.0116910828757204,0.0,-0.004338171244389164,0.0008245583544093532
1982-03-01,1982-04-01,lag_5,-0.0079171382626155,-0.0005537036565967412,-0.004338171244389164,0.0008245583544093532
1982-03-01,1982-04-01,lag_6,-0.0048275681612497,0.000896576297089275,-0.004338171244389164,0.0008245583544093532
1982-03-01,1982-04-01,lag_7,-0.0012472241215277,0.0006976907889363488,-0.004338171244389164,0.0008245583544093532
1982-03-01,1982-04-01,lag_8,0.0065337407155321,0.0012394651439005258,-0.004338171244389164,0.0008245583544093532
1982-03-01,1982-04-01,lag_9,0.005081934033587,0.00045964357886221514,-0.004338171244389164,0.0008245583544093532
1982-03-01,1982-04-01,lag_10,0.0057152815915175,-0.0010075622152447019,-0.004338171244389164,0.0008245583544093532
1982-03-01,1982-04-01,lag_11,-0.0044064948298339,0.0,-0.004338171244389164,0.0008245583544093532
1982-03-01,1982-04-01,volatility_3m,0.01991189372234551,-0.0012282086712279785,-0.004338171244389164,0.0008245583544093532
1982-04-01,1982-05-01,lag_0,-0.00927524186261,-0.004192403057212474,-0.0037284712651322995,0.0011973649460410268
1982-04-01,1982-05-01,lag_1,-0.0066662956298908,0.0,-0.0037284712651322995,0.0011973649460410268
1982-04-01,1982-05-01,lag_2,0.0201582605211254,0.0021652349664492477,-0.0037284712651322995,0.0011973649460410268
1982-04-01,1982-05-01,lag_3,-0.0208619331800021,-0.002402181328841625,-0.0037284712651322995,0.0011973649460410268
1982-04-01,1982-05-01,lag_4,-0.0106904281928961,0.0014338435795292915,-0.0037284712651322995,0.0011973649460410268
1982-04-01,1982-05-01,lag_5,-0.0116910828757204,0.0,-0.0037284712651322995,0.0011973649460410268
1982-04-01,1982-05-01,lag_6,-0.0079171382626155,0.0004009950699496521,-0.0037284712651322995,0.0011973649460410268
1982-04-01,1982-05-01,lag_7,-0.0048275681612497,-0.0001543779360043481,-0.0037284712651322995,0.0011973649460410268
1982-04-01,1982-05-01,lag_8,-0.0012472241215277,-0.00017627515433636838,-0.0037284712651322995,0.0011973649460410268
1982-04-01,1982-05-01,lag_9,0.0065337407155321,-0.0005104542208394614,-0.0037284712651322995,0.0011973649460410268
1982-04-01,1982-05-01,lag_10,0.005081934033587,-0.00030380978096638546,-0.0037284712651322995,0.0011973649460410268
1982-04-01,1982-05-01,lag_11,0.0057152815915175,0.0,-0.0037284712651322995,0.0011973649460410268
1982-04-01,1982-05-01,volatility_3m,0.016292608117986093,-0.0011864083489008539,-0.0037284712651322995,0.0011973649460410268
1982-05-01,1982-06-01,lag_0,-0.0066794151215754,-0.0026001441436668575,0.007193720297543624,0.0009680446675580033
1982-05-01,1982-06-01,lag_1,-0.00927524186261,-0.0007189446648579612,0.007193720297543624,0.0009680446675580033
1982-05-01,1982-06-01,lag_2,-0.0066662956298908,0.0,0.007193720297543624,0.0009680446675580033
1982-05-01,1982-06-01,lag_3,0.0201582605211254,0.0058834535578630226,0.007193720297543624,0.0009680446675580033
1982-05-01,1982-06-01,lag_4,-0.0208619331800021,0.0018114561329031198,0.007193720297543624,0.0009680446675580033
1982-05-01,1982-06-01,lag_5,-0.0106904281928961,0.001518242825770316,0.007193720297543624,0.0009680446675580033
1982-05-01,1982-06-01,lag_6,-0.0116910828757204,0.0007489983252730696,0.007193720297543624,0.0009680446675580033
1982-05-01,1982-06-01,lag_7,-0.0079171382626155,0.0008739357039229459,0.007193720297543624,0.0009680446675580033
1982-05-01,1982-06-01,lag_8,-0.0048275681612497,-0.0010318193024203151,0.007193720297543624,0.0009680446675580033
1982-05-01,1982-06-01,lag_9,-0.0012472241215277,0.0,0.007193720297543624,0.0009680446675580033
1982-05-01,1982-06-01,lag_10,0.0065337407155321,-0.0007724980255772912,0.007193720297543624,0.0009680446675580033
1982-05-01,1982-06-01,lag_11,0.005081934033587,0.0005129952207755716,0.007193720297543624,0.0009680446675580033
1982-05-01,1982-06-01,volatility_3m,0.0015025028583307302,0.0,0.007193720297543624,0.0009680446675580033
1982-06-01,1982-07-01,lag_0,-0.0026065618328554,-0.0009096675277409521,-0.0018625933915098402,0.0011322681087973523
1982-06-01,1982-07-01,lag_1,-0.0066794151215754,0.0,-0.0018625933915098402,0.0011322681087973523
1982-06-01,1982-07-01,lag_2,-0.00927524186261,-0.0009242537227073046,-0.0018625933915098402,0.0011322681087973523
1982-06-01,1982-07-01,lag_3,-0.0066662956298908,0.0,-0.0018625933915098402,0.0011322681087973523
1982-06-01,1982-07-01,lag_4,0.0201582605211254,0.0011828729189887165,-0.0018625933915098402,0.0011322681087973523
1982-06-01,1982-07-01,lag_5,-0.0208619331800021,0.0,-0.0018625933915098402,0.0011322681087973523
1982-06-01,1982-07-01,lag_6,-0.0106904281928961,-0.0013851532129471164,-0.0018625933915098402,0.0011322681087973523
1982-06-01,1982-07-01,lag_7,-0.0116910828757204,0.0003230922680423072,-0.0018625933915098402,0.0011322681087973523
1982-06-01,1982-07-01,lag_8,-0.0079171382626155,-0.0019819444808978313,-0.0018625933915098402,0.0011322681087973523
1982-06-01,1982-07-01,lag_9,-0.0048275681612497,0.00039353949762495523,-0.0018625933915098402,0.0011322681087973523
1982-06-01,1982-07-01,lag_10,-0.0012472241215277,0.0,-0.0018625933915098402,0.0011322681087973523
1982-06-01,1982-07-01,lag_11,0.0065337407155321,0.000306652759330033,-0.0018625933915098402,0.0011322681087973523
1982-06-01,1982-07-01,volatility_3m,0.0033614913287645476,0.0,-0.0018625933915098402,0.0011322681087973523
1982-07-01,1982-08-01,lag_0,-0.0032920314435886,-0.0016029319253890425,-0.0016251232234961565,0.0010749558103888474
1982-07-01,1982-08-01,lag_1,-0.0026065618328554,0.0,-0.0016251232234961565,0.0010749558103888474
1982-07-01,1982-08-01,lag_2,-0.0066794151215754,-0.0003207708387572823,-0.0016251232234961565,0.0010749558103888474
1982-07-01,1982-08-01,lag_3,-0.00927524186261,0.00019662151514556088,-0.0016251232234961565,0.0010749558103888474
1982-07-01,1982-08-01,lag_4,-0.0066662956298908,0.0,-0.0016251232234961565,0.0010749558103888474
1982-07-01,1982-08-01,lag_5,0.0201582605211254,0.0006158328214634539,-0.0016251232234961565,0.0010749558103888474
1982-07-01,1982-08-01,lag_6,-0.0208619331800021,0.0,-0.0016251232234961565,0.0010749558103888474
1982-07-01,1982-08-01,lag_7,-0.0106904281928961,0.0002851966146722355,-0.0016251232234961565,0.0010749558103888474
1982-07-01,1982-08-01,lag_8,-0.0116910828757204,-0.003418837500398361,-0.0016251232234961565,0.0010749558103888474
1982-07-01,1982-08-01,lag_9,-0.0079171382626155,0.001903242928480405,-0.0016251232234961565,0.0010749558103888474
1982-07-01,1982-08-01,lag_10,-0.0048275681612497,0.00026236180450775156,-0.0016251232234961565,0.0010749558103888474
1982-07-01,1982-08-01,lag_11,-0.0012472241215277,0.0002239313303004833,-0.0016251232234961565,0.0010749558103888474
1982-07-01,1982-08-01,volatility_3m,0.002180686844420332,-0.0008447257839102089,-0.0016251232234961565,0.0010749558103888474
1982-08-01,1982-09-01,lag_0,-0.0091708008352875,-0.0029410886637477843,-0.00029464700772745527,0.0010316058339473854
1982-08-01,1982-09-01,lag_1,-0.0032920314435886,0.0,-0.00029464700772745527,0.0010316058339473854
1982-08-01,1982-09-01,lag_2,-0.0026065618328554,0.0,-0.00029464700772745527,0.0010316058339473854
1982-08-01,1982-09-01,lag_3,-0.0066794151215754,0.0,-0.00029464700772745527,0.0010316058339473854
1982-08-01,1982-09-01,lag_4,-0.00927524186261,0.0,-0.00029464700772745527,0.0010316058339473854
1982-08-01,1982-09-01,lag_5,-0.0066662956298908,0.0,-0.00029464700772745527,0.0010316058339473854
1982-08-01,1982-09-01,lag_6,0.0201582605211254,0.0008413258462347749,-0.00029464700772745527,0.0010316058339473854
1982-08-01,1982-09-01,lag_7,-0.0208619331800021,0.000840253846545213,-0.00029464700772745527,0.0010316058339473854
1982-08-01,1982-09-01,lag_8,-0.0106904281928961,-0.0031356982135650334,-0.00029464700772745527,0.0010316058339473854
1982-08-01,1982-09-01,lag_9,-0.0116910828757204,0.00238236737715184,-0.00029464700772745527,0.0010316058339473854
1982-08-01,1982-09-01,lag_10,-0.0079171382626155,0.0006642419776966375,-0.00029464700772745527,0.0010316058339473854
1982-08-01,1982-09-01,lag_11,-0.0048275681612497,0.0003971504132718545,-0.00029464700772745527,0.0010316058339473854
1982-08-01,1982-09-01,volatility_3m,0.0036083013507989545,-0.0003748054252623427,-0.00029464700772745527,0.0010316058339473854
1982-09-01,1982-10-01,lag_0,-0.0024687251904382,-0.0012542831343317817,-0.009496800738853294,0.0010518722239814713
1982-09-01,1982-10-01,lag_1,-0.0091708008352875,-0.001846320998138175,-0.009496800738853294,0.0010518722239814713
1982-09-01,1982-10-01,lag_2,-0.0032920314435886,-0.0006386899217428707,-0.009496800738853294,0.0010518722239814713
1982-09-01,1982-10-01,lag_3,-0.0026065618328554,0.0,-0.009496800738853294,0.0010518722239814713
1982-09-01,1982-10-01,lag_4,-0.0066794151215754,-0.0007600525628254499,-0.009496800738853294,0.0010518722239814713
1982-09-01,1982-10-01,lag_5,-0.00927524186261,0.0,-0.009496800738853294,0.0010518722239814713
1982-09-01,1982-10-01,lag_6,-0.0066662956298908,-0.0007471214471348248,-0.009496800738853294,0.0010518722239814713
1982-09-01,1982-10-01,lag_7,0.0201582605211254,-0.0018090121156617398,-0.009496800738853294,0.0010518722239814713
1982-09-01,1982-10-01,lag_8,-0.0208619331800021,-0.004853639155358599,-0.009496800738853294,0.0010518722239814713
1982-09-01,1982-10-01,lag_9,-0.0106904281928961,0.000634001037806994,-0.009496800738853294,0.0010518722239814713
1982-09-01,1982-10-01,lag_10,-0.0116910828757204,0.0,-0.009496800738853294,0.0010518722239814713
1982-09-01,1982-10-01,lag_11,-0.0079171382626155,0.0007264453345516819,-0.009496800738853294,0.0010518722239814713
1982-09-01,1982-10-01,volatility_3m,0.0036550326194744734,0.0,-0.009496800738853294,0.0010518722239814713
1982-10-01,1982-11-01,lag_0,-0.0097275827660441,-0.003543526135104526,0.004898823310752277,0.0009308808837774443
1982-10-01,1982-11-01,lag_1,-0.0024687251904382,-0.0004122411275673883,0.004898823310752277,0.0009308808837774443
1982-10-01,1982-11-01,lag_2,-0.0091708008352875,-0.0003349823810181096,0.004898823310752277,0.0009308808837774443
1982-10-01,1982-11-01,lag_3,-0.0032920314435886,0.0,0.004898823310752277,0.0009308808837774443
1982-10-01,1982-11-01,lag_4,-0.0026065618328554,0.0002501696521834424,0.004898823310752277,0.0009308808837774443
1982-10-01,1982-11-01,lag_5,-0.0066794151215754,0.0,0.004898823310752277,0.0009308808837774443
1982-10-01,1982-11-01,lag_6,-0.00927524186261,0.0,0.004898823310752277,0.0009308808837774443
1982-10-01,1982-11-01,lag_7,-0.0066662956298908,0.00031024238421525316,0.004898823310752277,0.0009308808837774443
1982-10-01,1982-11-01,lag_8,0.0201582605211254,0.003879389339060264,0.004898823310752277,0.0009308808837774443
1982-10-01,1982-11-01,lag_9,-0.0208619331800021,0.003424924459922199,0.004898823310752277,0.0009308808837774443
1982-10-01,1982-11-01,lag_10,-0.0106904281928961,0.0,0.004898823310752277,0.0009308808837774443
1982-10-01,1982-11-01,lag_11,-0.0116910828757204,0.0,0.004898823310752277,0.0009308808837774443
1982-10-01,1982-11-01,volatility_3m,0.00403977799246919,0.0003939662352836978,0.004898823310752277,0.0009308808837774443
1982-11-01,1982-12-01,lag_0,-0.0032538001112216,-0.001376204625739169,-0.003794118269696809,0.0008867941535831132
1982-11-01,1982-12-01,lag_1,-0.0097275827660441,-0.00015939232280947366,-0.003794118269696809,0.0008867941535831132
1982-11-01,1982-12-01,lag_2,-0.0024687251904382,-8.616748706581807e-05,-0.003794118269696809,0.0008867941535831132
1982-11-01,1982-12-01,lag_3,-0.0091708008352875,-0.00013608799337245497,-0.003794118269696809,0.0008867941535831132
1982-11-01,1982-12-01,lag_4,-0.0032920314435886,0.0,-0.003794118269696809,0.0008867941535831132
1982-11-01,1982-12-01,lag_5,-0.0026065618328554,0.0,-0.003794118269696809,0.0008867941535831132
1982-11-01,1982-12-01,lag_6,-0.0066794151215754,-0.00012707370108156821,-0.003794118269696809,0.0008867941535831132
1982-11-01,1982-12-01,lag_7,-0.00927524186261,0.0,-0.003794118269696809,0.0008867941535831132
1982-11-01,1982-12-01,lag_8,-0.0066662956298908,-0.0018300811231317718,-0.003794118269696809,0.0008867941535831132
1982-11-01,1982-12-01,lag_9,0.0201582605211254,-0.0010777730809736269,-0.003794118269696809,0.0008867941535831132
1982-11-01,1982-12-01,lag_10,-0.0208619331800021,0.001118426025075237,-0.003794118269696809,0.0008867941535831132
1982-11-01,1982-12-01,lag_11,-0.0106904281928961,-0.0007359616429869059,-0.003794118269696809,0.0008867941535831132
1982-11-01,1982-12-01,volatility_3m,0.003983658657483405,-0.00027059647119437026,-0.003794118269696809,0.0008867941535831132
1982-12-01,1983-01-01,lag_0,-0.0070995665994071,-0.0022512612540112244,-0.0066758613735998385,0.0007853999756370189
1982-12-01,1983-01-01,lag_1,-0.0032538001112216,-0.00012781784837194443,-0.0066758613735998385,0.0007853999756370189
1982-12-01,1983-01-01,lag_2,-0.0097275827660441,0.0,-0.0066758613735998385,0.0007853999756370189
1982-12-01,1983-01-01,lag_3,-0.0024687251904382,-0.0002545775269840525,-0.0066758613735998385,0.0007853999756370189
1982-12-01,1983-01-01,lag_4,-0.0091708008352875,0.0005581351578915372,-0.0066758613735998385,0.0007853999756370189
1982-12-01,1983-01-01,lag_5,-0.0032920314435886,0.0,-0.0066758613735998385,0.0007853999756370189
1982-12-01,1983-01-01,lag_6,-0.0026065618328554,-0.0002970579430417088,-0.0066758613735998385,0.0007853999756370189
1982-12-01,1983-01-01,lag_7,-0.0066794151215754,-0.00022479353798132422,-0.0066758613735998385,0.0007853999756370189
1982-12-01,1983-01-01,lag_8,-0.00927524186261,-0.002699596219893421,-0.0066758613735998385,0.0007853999756370189
1982-12-01,1983-01-01,lag_9,-0.0066662956298908,0.000714582057185778,-0.0066758613735998385,0.0007853999756370189
1982-12-01,1983-01-01,lag_10,0.0201582605211254,-0.0019886863204152117,-0.0066758613735998385,0.0007853999756370189
1982-12-01,1983-01-01,lag_11,-0.0208619331800021,0.0,-0.0066758613735998385,0.0007853999756370189
1982-12-01,1983-01-01,volatility_3m,0.003255924106292936,-0.0008901879136152856,-0.0066758613735998385,0.0007853999756370189
1983-01-01,1983-02-01,lag_0,0.0184638031987667,0.004129843441719985,-0.0041878987799319305,0.0009274621626517811
1983-01-01,1983-02-01,lag_1,-0.0070995665994071,-0.0009280400735265338,-0.0041878987799319305,0.0009274621626517811
1983-01-01,1983-02-01,lag_2,-0.0032538001112216,-0.00027616953195241066,-0.0041878987799319305,0.0009274621626517811
1983-01-01,1983-02-01,lag_3,-0.0097275827660441,-0.0005827820953885282,-0.0041878987799319305,0.0009274621626517811
1983-01-01,1983-02-01,lag_4,-0.0024687251904382,0.0,-0.0041878987799319305,0.0009274621626517811
1983-01-01,1983-02-01,lag_5,-0.0091708008352875,-0.0010202012677613954,-0.0041878987799319305,0.0009274621626517811
1983-01-01,1983-02-01,lag_6,-0.0032920314435886,-0.00023551885818714734,-0.0041878987799319305,0.0009274621626517811
1983-01-01,1983-02-01,lag_7,-0.0026065618328554,0.0,-0.0041878987799319305,0.0009274621626517811
1983-01-01,1983-02-01,lag_8,-0.0066794151215754,-0.001793988536289115,-0.0041878987799319305,0.0009274621626517811
1983-01-01,1983-02-01,lag_9,-0.00927524186261,0.0,-0.0041878987799319305,0.0009274621626517811
1983-01-01,1983-02-01,lag_10,-0.0066662956298908,-0.0009565715710470312,-0.0041878987799319305,0.0009274621626517811
1983-01-01,1983-02-01,lag_11,0.0201582605211254,-0.0027018373799574053,-0.0041878987799319305,0.0009274621626517811
1983-01-01,1983-02-01,volatility_3m,0.013783626088284666,-0.000750095070194129,-0.0041878987799319305,0.0009274621626517811
1983-02-01,1983-03-01,lag_0,-0.0062949423731928,-0.002535216366340536,0.003190004466741756,0.0009566872941811665
1983-02-01,1983-03-01,lag_1,0.0184638031987667,0.001768614869000186,0.003190004466741756,0.0009566872941811665
1983-02-01,1983-03-01,lag_2,-0.0070995665994071,0.0,0.003190004466741756,0.0009566872941811665
1983-02-01,1983-03-01,lag_3,-0.0032538001112216,0.0001631763195957519,0.003190004466741756,0.0009566872941811665
1983-02-01,1983-03-01,lag_4,-0.0097275827660441,0.0005089381066542183,0.003190004466741756,0.0009566872941811665
1983-02-01,1983-03-01,lag_5,-0.0024687251904382,0.0,0.003190004466741756,0.0009566872941811665
1983-02-01,1983-03-01,lag_6,-0.0091708008352875,0.0,0.003190004466741756,0.0009566872941811665
1983-02-01,1983-03-01,lag_7,-0.0032920314435886,0.0,0.003190004466741756,0.0009566872941811665
1983-02-01,1983-03-01,lag_8,-0.0026065618328554,-0.0005413901991449674,0.003190004466741756,0.0009566872941811665
1983-02-01,1983-03-01,lag_9,-0.0066794151215754,0.001229687309694989,0.003190004466741756,0.0009566872941811665
1983-02-01,1983-03-01,lag_10,-0.00927524186261,0.0,0.003190004466741756,0.0009566872941811665
1983-02-01,1983-03-01,lag_11,-0.0066662956298908,0.0004009253689706231,0.003190004466741756,0.0009566872941811665
1983-02-01,1983-03-01,volatility_3m,0.014532313293029774,0.0012385817641303244,0.003190004466741756,0.0009566872941811665
1983-03-01,1983-04-01,lag_0,0.0084046522038421,0.0022099086492828575,0.002793534917001231,0.0009969696802208208
1983-03-01,1983-04-01,lag_1,-0.0062949423731928,-0.0006715718417676782,0.002793534917001231,0.0009969696802208208
1983-03-01,1983-04-01,lag_2,0.0184638031987667,0.0009664592944724029,0.002793534917001231,0.0009969696802208208
1983-03-01,1983-04-01,lag_3,-0.0070995665994071,-0.0005250221249173632,0.002793534917001231,0.0009969696802208208
1983-03-01,1983-04-01,lag_4,-0.0032538001112216,0.0,0.002793534917001231,0.0009969696802208208
1983-03-01,1983-04-01,lag_5,-0.0097275827660441,-0.0008740975073769536,0.002793534917001231,0.0009969696802208208
1983-03-01,1983-04-01,lag_6,-0.0024687251904382,-0.0003165488805459695,0.002793534917001231,0.0009969696802208208
1983-03-01,1983-04-01,lag_7,-0.0091708008352875,0.0,0.002793534917001231,0.0009969696802208208
1983-03-01,1983-04-01,lag_8,-0.0032920314435886,-0.0013471017838442045,0.002793534917001231,0.0009969696802208208
1983-03-01,1983-04-01,lag_9,-0.0026065618328554,0.00040505843131635413,0.002793534917001231,0.0009969696802208208
1983-03-01,1983-04-01,lag_10,-0.0066794151215754,0.0,0.002793534917001231,0.0009969696802208208
1983-03-01,1983-04-01,lag_11,-0.00927524186261,0.0011819670008449985,0.002793534917001231,0.0009969696802208208
1983-03-01,1983-04-01,volatility_3m,0.012451640332133692,0.0007675139993159663,0.002793534917001231,0.0009969696802208208
1983-04-01,1983-05-01,lag_0,0.012580060260646,0.004384902773119086,0.005220523859663271,0.0012736156905008892
1983-04-01,1983-05-01,lag_1,0.0084046522038421,0.0004175200636015843,0.005220523859663271,0.0012736156905008892
1983-04-01,1983-05-01,lag_2,-0.0062949423731928,-0.0004009976193979246,0.005220523859663271,0.0012736156905008892
1983-04-01,1983-05-01,lag_3,0.0184638031987667,0.000163118774991192,0.005220523859663271,0.0012736156905008892
1983-04-01,1983-05-01,lag_4,-0.0070995665994071,0.0,0.005220523859663271,0.0012736156905008892
1983-04-01,1983-05-01,lag_5,-0.0032538001112216,0.0002995560622364342,0.005220523859663271,0.0012736156905008892
1983-04-01,1983-05-01,lag_6,-0.0097275827660441,0.0,0.005220523859663271,0.0012736156905008892
1983-04-01,1983-05-01,lag_7,-0.0024687251904382,0.0,0.005220523859663271,0.0012736156905008892
1983-04-01,1983-05-01,lag_8,-0.0091708008352875,-0.0032096131862233163,0.005220523859663271,0.0012736156905008892
1983-04-01,1983-05-01,lag_9,-0.0032920314435886,0.0007604220617853004,0.005220523859663271,0.0012736156905008892
1983-04-01,1983-05-01,lag_10,-0.0026065618328554,0.0,0.005220523859663271,0.0012736156905008892
1983-04-01,1983-05-01,lag_11,-0.0066794151215754,0.0009594714445863544,0.005220523859663271,0.0012736156905008892
1983-04-01,1983-05-01,volatility_3m,0.00991444936777831,0.0005725277944636706,0.005220523859663271,0.0012736156905008892
1983-05-01,1983-06-01,lag_0,0.0060151175148983,0.0013313795164881066,0.0006602110587123041,0.0013192281198737186
1983-05-01,1983-06-01,lag_1,0.012580060260646,0.0002441446780492207,0.0006602110587123041,0.0013192281198737186
1983-05-01,1983-06-01,lag_2,0.0084046522038421,0.00027202658780292035,0.0006602110587123041,0.0013192281198737186
1983-05-01,1983-06-01,lag_3,-0.0062949423731928,0.0,0.0006602110587123041,0.0013192281198737186
1983-05-01,1983-06-01,lag_4,0.0184638031987667,-0.001000336205290328,0.0006602110587123041,0.0013192281198737186
1983-05-01,1983-06-01,lag_5,-0.0070995665994071,0.0,0.0006602110587123041,0.0013192281198737186
1983-05-01,1983-06-01,lag_6,-0.0032538001112216,0.0,0.0006602110587123041,0.0013192281198737186
1983-05-01,1983-06-01,lag_7,-0.0097275827660441,-0.0007077406764714468,0.0006602110587123041,0.0013192281198737186
1983-05-01,1983-06-01,lag_8,-0.0024687251904382,-0.0009507278604740246,0.0006602110587123041,0.0013192281198737186
1983-05-01,1983-06-01,lag_9,-0.0091708008352875,0.00022818429487278503,0.0006602110587123041,0.0013192281198737186
1983-05-01,1983-06-01,lag_10,-0.0032920314435886,0.00033567473399572173,0.0006602110587123041,0.0013192281198737186
1983-05-01,1983-06-01,lag_11,-0.0026065618328554,0.0,0.0006602110587123041,0.0013192281198737186
1983-05-01,1983-06-01,volatility_3m,0.003322709279223658,-0.0004116221301343693,0.0006602110587123041,0.0013192281198737186
1983-06-01,1983-07-01,lag_0,0.0061074098253901,0.0010540207090503344,0.0030502295525770638,0.001470066730319962
1983-06-01,1983-07-01,lag_1,0.0060151175148983,0.0,0.0030502295525770638,0.001470066730319962
1983-06-01,1983-07-01,lag_2,0.012580060260646,0.0015605141843891487,0.0030502295525770638,0.001470066730319962
1983-06-01,1983-07-01,lag_3,0.0084046522038421,0.0004373988166499522,0.0030502295525770638,0.001470066730319962
1983-06-01,1983-07-01,lag_4,-0.0062949423731928,0.0,0.0030502295525770638,0.001470066730319962
1983-06-01,1983-07-01,lag_5,0.0184638031987667,0.0007244744619201329,0.0030502295525770638,0.001470066730319962
1983-06-01,1983-07-01,lag_6,-0.0070995665994071,-0.0008895152515862208,0.0030502295525770638,0.001470066730319962
1983-06-01,1983-07-01,lag_7,-0.0032538001112216,0.0,0.0030502295525770638,0.001470066730319962
1983-06-01,1983-07-01,lag_8,-0.0097275827660441,-0.001928191806099498,0.0030502295525770638,0.001470066730319962
1983-06-01,1983-07-01,lag_9,-0.0024687251904382,0.00016329485486812575,0.0030502295525770638,0.001470066730319962
1983-06-01,1983-07-01,lag_10,-0.0091708008352875,0.0,0.0030502295525770638,0.001470066730319962
1983-06-01,1983-07-01,lag_11,-0.0032920314435886,0.00045816685306512703,0.0030502295525770638,0.001470066730319962
1983-06-01,1983-07-01,volatility_3m,0.0037639118565339184,0.0,0.0030502295525770638,0.001470066730319962
1983-07-01,1983-08-01,lag_0,0.0147834120886369,0.004166676583515803,0.006802188135554114,0.0017000474243575065
1983-07-01,1983-08-01,lag_1,0.0061074098253901,0.0,0.006802188135554114,0.0017000474243575065
1983-07-01,1983-08-01,lag_2,0.0060151175148983,0.00041957498700320527,0.006802188135554114,0.0017000474243575065
1983-07-01,1983-08-01,lag_3,0.012580060260646,0.00168457501540444,0.006802188135554114,0.0017000474243575065
1983-07-01,1983-08-01,lag_4,0.0084046522038421,-0.0011075874823641078,0.006802188135554114,0.0017000474243575065
1983-07-01,1983-08-01,lag_5,-0.0062949423731928,0.000513288551315735,0.006802188135554114,0.0017000474243575065
1983-07-01,1983-08-01,lag_6,0.0184638031987667,-0.0006625140294983167,0.006802188135554114,0.0017000474243575065
1983-07-01,1983-08-01,lag_7,-0.0070995665994071,0.000407893950680136,0.006802188135554114,0.0017000474243575065
1983-07-01,1983-08-01,lag_8,-0.0032538001112216,-0.0008266298767214671,0.006802188135554114,0.0017000474243575065
1983-07-01,1983-08-01,lag_9,-0.0097275827660441,-0.0005716001746745528,0.006802188135554114,0.0017000474243575065
1983-07-01,1983-08-01,lag_10,-0.0024687251904382,0.0,0.006802188135554114,0.0017000474243575065
1983-07-01,1983-08-01,lag_11,-0.0091708008352875,0.0010784631865357322,0.006802188135554114,0.0017000474243575065
1983-07-01,1983-08-01,volatility_3m,0.005035946168534987,0.0,0.006802188135554114,0.0017000474243575065
1983-08-01,1983-09-01,lag_0,0.0117589882838116,0.0027209218590754564,0.0032168752815444042,0.0017395155369952816
1983-08-01,1983-09-01,lag_1,0.0147834120886369,0.0013796642740720338,0.0032168752815444042,0.0017395155369952816
1983-08-01,1983-09-01,lag_2,0.0061074098253901,0.0002917856959138809,0.0032168752815444042,0.0017395155369952816
1983-08-01,1983-09-01,lag_3,0.0060151175148983,0.0003409064196389684,0.0032168752815444042,0.0017395155369952816
1983-08-01,1983-09-01,lag_4,0.012580060260646,-0.001107937616056835,0.0032168752815444042,0.0017395155369952816
1983-08-01,1983-09-01,lag_5,0.0084046522038421,0.0,0.0032168752815444042,0.0017395155369952816
1983-08-01,1983-09-01,lag_6,-0.0062949423731928,0.0,0.0032168752815444042,0.0017395155369952816
1983-08-01,1983-09-01,lag_7,0.0184638031987667,-0.0004834576606476453,0.0032168752815444042,0.0017395155369952816
1983-08-01,1983-09-01,lag_8,-0.0070995665994071,-0.0012873052311331338,0.0032168752815444042,0.0017395155369952816
1983-08-01,1983-09-01,lag_9,-0.0032538001112216,0.000400729325253533,0.0032168752815444042,0.0017395155369952816
1983-08-01,1983-09-01,lag_10,-0.0097275827660441,-0.0011450193057896195,0.0032168752815444042,0.0017395155369952816
1983-08-01,1983-09-01,lag_11,-0.0024687251904382,0.00036707198422248374,0.0032168752815444042,0.0017395155369952816
1983-08-01,1983-09-01,volatility_3m,0.004403795591962904,0.0,0.0032168752815444042,0.0017395155369952816
1983-09-01,1983-10-01,lag_0,0.0144399949384292,0.0033006621394760494,0.011427349589578084,0.0020618804187001226
1983-09-01,1983-10-01,lag_1,0.0117589882838116,0.0008396772402719868,0.011427349589578084,0.0020618804187001226
1983-09-01,1983-10-01,lag_2,0.0147834120886369,0.0015444144917039768,0.011427349589578084,0.0020618804187001226
1983-09-01,1983-10-01,lag_3,0.0061074098253901,0.0002871949810000333,0.011427349589578084,0.0020618804187001226
1983-09-01,1983-10-01,lag_4,0.0060151175148983,-0.0008912925652180429,0.011427349589578084,0.0020618804187001226
1983-09-01,1983-10-01,lag_5,0.012580060260646,0.0005274838818740112,0.011427349589578084,0.0020618804187001226
1983-09-01,1983-10-01,lag_6,0.0084046522038421,-0.0006199496650513767,0.011427349589578084,0.0020618804187001226
1983-09-01,1983-10-01,lag_7,-0.0062949423731928,0.0,0.011427349589578084,0.0020618804187001226
1983-09-01,1983-10-01,lag_8,0.0184638031987667,0.0026016361079684138,0.011427349589578084,0.0020618804187001226
1983-09-01,1983-10-01,lag_9,-0.0070995665994071,0.0005160600709691816,0.011427349589578084,0.0020618804187001226
1983-09-01,1983-10-01,lag_10,-0.0032538001112216,0.0,0.011427349589578084,0.0020618804187001226
1983-09-01,1983-10-01,lag_11,-0.0097275827660441,0.0012595824878837265,0.011427349589578084,0.0020618804187001226
1983-09-01,1983-10-01,volatility_3m,0.00165594239897581,0.0,0.011427349589578084,0.0020618804187001226
1983-10-01,1983-11-01,lag_0,0.0076167819842005,0.0017823389671688152,0.004494056854534049,0.0021764130593676153
1983-10-01,1983-11-01,lag_1,0.0144399949384292,0.0006139697200959933,0.004494056854534049,0.0021764130593676153
1983-10-01,1983-11-01,lag_2,0.0117589882838116,0.0002999485359619587,0.004494056854534049,0.0021764130593676153
1983-10-01,1983-11-01,lag_3,0.0147834120886369,0.0016484834961711463,0.004494056854534049,0.0021764130593676153
1983-10-01,1983-11-01,lag_4,0.0061074098253901,0.0,0.004494056854534049,0.0021764130593676153
1983-10-01,1983-11-01,lag_5,0.0060151175148983,0.0001722113486818109,0.004494056854534049,0.0021764130593676153
1983-10-01,1983-11-01,lag_6,0.012580060260646,0.0,0.004494056854534049,0.0021764130593676153
1983-10-01,1983-11-01,lag_7,0.0084046522038421,0.0,0.004494056854534049,0.0021764130593676153
1983-10-01,1983-11-01,lag_8,-0.0062949423731928,0.0,0.004494056854534049,0.0021764130593676153
1983-10-01,1983-11-01,lag_9,0.0184638031987667,-0.0022284232082899766,0.004494056854534049,0.0021764130593676153
1983-10-01,1983-11-01,lag_10,-0.0070995665994071,-0.00037455970094818665,0.004494056854534049,0.0021764130593676153
1983-10-01,1983-11-01,lag_11,-0.0032538001112216,0.0004036746363248725,0.004494056854534049,0.0021764130593676153
1983-10-01,1983-11-01,volatility_3m,0.0034375840530183424,0.0,0.004494056854534049,0.0021764130593676153
1983-11-01,1983-12-01,lag_0,0.00445010147308,0.0008180593836711483,0.007686476904205722,0.0021976199460617724
1983-11-01,1983-12-01,lag_1,0.0076167819842005,0.0,0.007686476904205722,0.0021976199460617724
1983-11-01,1983-12-01,lag_2,0.0144399949384292,0.0005029197548761494,0.007686476904205722,0.0021976199460617724
1983-11-01,1983-12-01,lag_3,0.0117589882838116,0.0012366674294862665,0.007686476904205722,0.0021976199460617724
1983-11-01,1983-12-01,lag_4,0.0147834120886369,0.0,0.007686476904205722,0.0021976199460617724
1983-11-01,1983-12-01,lag_5,0.0061074098253901,0.0,0.007686476904205722,0.0021976199460617724
1983-11-01,1983-12-01,lag_6,0.0060151175148983,0.0002591315545512229,0.007686476904205722,0.0021976199460617724
1983-11-01,1983-12-01,lag_7,0.012580060260646,-0.0009717293818063194,0.007686476904205722,0.0021976199460617724
1983-11-01,1983-12-01,lag_8,0.0084046522038421,0.001239618647823255,0.007686476904205722,0.0021976199460617724
1983-11-01,1983-12-01,lag_9,-0.0062949423731928,0.0008471155194161928,0.007686476904205722,0.0021976199460617724
1983-11-01,1983-12-01,lag_10,0.0184638031987667,0.0009529838506185098,0.007686476904205722,0.0021976199460617724
1983-11-01,1983-12-01,lag_11,-0.0070995665994071,0.0006040901995075251,0.007686476904205722,0.0021976199460617724
1983-11-01,1983-12-01,volatility_3m,0.00510525990078356,0.0,0.007686476904205722,0.0021976199460617724
1983-12-01,1984-01-01,lag_0,0.0050087386761155,0.0007283769002046418,0.004071882874857303,0.0019855262418564433
1983-12-01,1984-01-01,lag_1,0.00445010147308,0.00022648877523755555,0.004071882874857303,0.0019855262418564433
1983-12-01,1984-01-01,lag_2,0.0076167819842005,0.00062528741369922,0.004071882874857303,0.0019855262418564433
1983-12-01,1984-01-01,lag_3,0.0144399949384292,0.0,0.004071882874857303,0.0019855262418564433
1983-12-01,1984-01-01,lag_4,0.0117589882838116,-0.0014626249890519933,0.004071882874857303,0.0019855262418564433
1983-12-01,1984-01-01,lag_5,0.0147834120886369,0.00106704519400566,0.004071882874857303,0.0019855262418564433
1983-12-01,1984-01-01,lag_6,0.0061074098253901,0.000237859268288375,0.004071882874857303,0.0019855262418564433
1983-12-01,1984-01-01,lag_7,0.0060151175148983,0.0,0.004071882874857303,0.0019855262418564433
1983-12-01,1984-01-01,lag_8,0.012580060260646,0.001631495228185845,0.004071882874857303,0.0019855262418564433
1983-12-01,1984-01-01,lag_9,0.0084046522038421,0.0,0.004071882874857303,0.0019855262418564433
1983-12-01,1984-01-01,lag_10,-0.0062949423731928,0.0,0.004071882874857303,0.0019855262418564433
1983-12-01,1984-01-01,lag_11,0.0184638031987667,0.0,0.004071882874857303,0.0019855262418564433
1983-12-01,1984-01-01,volatility_3m,0.0016902579133065594,-0.0009675711575684453,0.004071882874857303,0.0019855262418564433
1984-01-01,1984-02-01,lag_0,0.0197633049245928,0.0037902036356078435,0.005673031030552243,0.002106909674624118
1984-01-01,1984-02-01,lag_1,0.0050087386761155,0.0005231121555903052,0.005673031030552243,0.002106909674624118
1984-01-01,1984-02-01,lag_2,0.00445010147308,0.0,0.005673031030552243,0.002106909674624118
1984-01-01,1984-02-01,lag_3,0.0076167819842005,0.0,0.005673031030552243,0.002106909674624118
1984-01-01,1984-02-01,lag_4,0.0144399949384292,0.00026733545281457517,0.005673031030552243,0.002106909674624118
1984-01-01,1984-02-01,lag_5,0.0117589882838116,-0.0005732370909724826,0.005673031030552243,0.002106909674624118
1984-01-01,1984-02-01,lag_6,0.0147834120886369,-0.0012311389436198115,0.005673031030552243,0.002106909674624118
1984-01-01,1984-02-01,lag_7,0.0061074098253901,0.0007667704784050725,0.005673031030552243,0.002106909674624118
1984-01-01,1984-02-01,lag_8,0.0060151175148983,0.0,0.005673031030552243,0.002106909674624118
1984-01-01,1984-02-01,lag_9,0.012580060260646,-0.000647095536297128,0.005673031030552243,0.002106909674624118
1984-01-01,1984-02-01,lag_10,0.0084046522038421,0.00021293373082967,0.005673031030552243,0.002106909674624118
1984-01-01,1984-02-01,lag_11,-0.0062949423731928,0.0004572374735700809,0.005673031030552243,0.002106909674624118
1984-01-01,1984-02-01,volatility_3m,0.008684310571875624,0.0,0.005673031030552243,0.002106909674624118
1984-02-01,1984-03-01,lag_0,0.0043840968911044,0.0007673501014869731,0.004222706465166634,0.0022546197712430193
1984-02-01,1984-03-01,lag_1,0.0197633049245928,0.0012374158446750501,0.004222706465166634,0.0022546197712430193
1984-02-01,1984-03-01,lag_2,0.0050087386761155,0.0,0.004222706465166634,0.0022546197712430193
1984-02-01,1984-03-01,lag_3,0.00445010147308,0.0,0.004222706465166634,0.0022546197712430193
1984-02-01,1984-03-01,lag_4,0.0076167819842005,-0.0005183330497326458,0.004222706465166634,0.0022546197712430193
1984-02-01,1984-03-01,lag_5,0.0144399949384292,0.0,0.004222706465166634,0.0022546197712430193
1984-02-01,1984-03-01,lag_6,0.0117589882838116,0.0,0.004222706465166634,0.0022546197712430193
1984-02-01,1984-03-01,lag_7,0.0147834120886369,0.0004307035009759838,0.004222706465166634,0.0022546197712430193
1984-02-01,1984-03-01,lag_8,0.0061074098253901,0.0008287825740029679,0.004222706465166634,0.0022546197712430193
1984-02-01,1984-03-01,lag_9,0.0060151175148983,-0.0006755225436924346,0.004222706465166634,0.0022546197712430193
1984-02-01,1984-03-01,lag_10,0.012580060260646,0.0011022376449105488,0.004222706465166634,0.0022546197712430193
1984-02-01,1984-03-01,lag_11,0.0084046522038421,-0.0008273203127886919,0.004222706465166634,0.0022546197712430193
1984-02-01,1984-03-01,volatility_3m,0.008704476264903416,-0.0003772270659141374,0.004222706465166634,0.0022546197712430193
1984-03-01,1984-04-01,lag_0,0.0048838204638044,0.0008386185235613704,0.006013374344357425,0.0022082207429878517
1984-03-01,1984-04-01,lag_1,0.0043840968911044,0.0001328641907836054,0.006013374344357425,0.0022082207429878517
1984-03-01,1984-04-01,lag_2,0.0197633049245928,0.0015833251286203613,0.006013374344357425,0.0022082207429878517
1984-03-01,1984-04-01,lag_3,0.0050087386761155,0.0001779905597870037,0.006013374344357425,0.0022082207429878517
1984-03-01,1984-04-01,lag_4,0.00445010147308,0.0,0.006013374344357425,0.0022082207429878517
1984-03-01,1984-04-01,lag_5,0.0076167819842005,0.00020737756709857068,0.006013374344357425,0.0022082207429878517
1984-03-01,1984-04-01,lag_6,0.0144399949384292,0.0,0.006013374344357425,0.0022082207429878517
1984-03-01,1984-04-01,lag_7,0.0117589882838116,0.0003397461981454099,0.006013374344357425,0.0022082207429878517
1984-03-01,1984-04-01,lag_8,0.0147834120886369,0.0017247261867205652,0.006013374344357425,0.0022082207429878517
1984-03-01,1984-04-01,lag_9,0.0061074098253901,0.0,0.006013374344357425,0.0022082207429878517
1984-03-01,1984-04-01,lag_10,0.0060151175148983,0.0,0.006013374344357425,0.0022082207429878517
1984-03-01,1984-04-01,lag_11,0.012580060260646,-0.0011994947533473137,0.006013374344357425,0.0022082207429878517
1984-03-01,1984-04-01,volatility_3m,0.008738505032377008,0.0,0.006013374344357425,0.0022082207429878517
1984-04-01,1984-05-01,lag_0,0.0058993928473447,0.0008219005996988719,0.005767245623766751,0.0023168733153242876
1984-04-01,1984-05-01,lag_1,0.0048838204638044,0.0,0.005767245623766751,0.0023168733153242876
1984-04-01,1984-05-01,lag_2,0.0043840968911044,0.0002774108223246245,0.005767245623766751,0.0023168733153242876
1984-04-01,1984-05-01,lag_3,0.0197633049245928,0.002818157075911784,0.005767245623766751,0.0023168733153242876
1984-04-01,1984-05-01,lag_4,0.0050087386761155,-0.00034009245861693497,0.005767245623766751,0.0023168733153242876
1984-04-01,1984-05-01,lag_5,0.00445010147308,0.0,0.005767245623766751,0.0023168733153242876
1984-04-01,1984-05-01,lag_6,0.0076167819842005,0.00028583489226976697,0.005767245623766751,0.0023168733153242876
1984-04-01,1984-05-01,lag_7,0.0144399949384292,0.0018251491252745183,0.005767245623766751,0.0023168733153242876
1984-04-01,1984-05-01,lag_8,0.0117589882838116,0.0012326814808369985,0.005767245623766751,0.0023168733153242876
1984-04-01,1984-05-01,lag_9,0.0147834120886369,-0.0027761106984855715,0.005767245623766751,0.0023168733153242876
1984-04-01,1984-05-01,lag_10,0.0061074098253901,0.0,0.005767245623766751,0.0023168733153242876
1984-04-01,1984-05-01,lag_11,0.0060151175148983,-0.0012280284876877935,0.005767245623766751,0.0023168733153242876
1984-04-01,1984-05-01,volatility_3m,0.0007721434182758176,0.0005334699569161984,0.005767245623766751,0.0023168733153242876
1984-05-01,1984-06-01,lag_0,0.0054128883111812,0.0012247779372285181,0.0033563228961984003,0.0022586969376696894
1984-05-01,1984-06-01,lag_1,0.0058993928473447,0.0005130719551607105,0.0033563228961984003,0.0022586969376696894
1984-05-01,1984-06-01,lag_2,0.0048838204638044,0.00024482434952247806,0.0033563228961984003,0.0022586969376696894
1984-05-01,1984-06-01,lag_3,0.0043840968911044,0.0,0.0033563228961984003,0.0022586969376696894
1984-05-01,1984-06-01,lag_4,0.0197633049245928,-0.0022022379784469967,0.0033563228961984003,0.0022586969376696894
1984-05-01,1984-06-01,lag_5,0.0050087386761155,0.0,0.0033563228961984003,0.0022586969376696894
1984-05-01,1984-06-01,lag_6,0.00445010147308,0.0,0.0033563228961984003,0.0022586969376696894
1984-05-01,1984-06-01,lag_7,0.0076167819842005,0.0002310229373578798,0.0033563228961984003,0.0022586969376696894
1984-05-01,1984-06-01,lag_8,0.0144399949384292,0.002452906495391852,0.0033563228961984003,0.0022586969376696894
1984-05-01,1984-06-01,lag_9,0.0117589882838116,-0.0006351552603154906,0.0033563228961984003,0.0022586969376696894
1984-05-01,1984-06-01,lag_10,0.0147834120886369,-0.0003836603533602594,0.0033563228961984003,0.0022586969376696894
1984-05-01,1984-06-01,lag_11,0.0061074098253901,-0.0003479241240099808,0.0033563228961984003,0.0022586969376696894
1984-05-01,1984-06-01,volatility_3m,0.0007254093439726168,0.0,0.0033563228961984003,0.0022586969376696894
1984-06-01,1984-07-01,lag_0,0.0036610110501089,0.00039817778066629755,0.0026448858831982294,0.0022247526402468386
1984-06-01,1984-07-01,lag_1,0.0054128883111812,0.0002995678126034004,0.0026448858831982294,0.0022247526402468386
1984-06-01,1984-07-01,lag_2,0.0058993928473447,0.0003093555917642145,0.0026448858831982294,0.0022247526402468386
1984-06-01,1984-07-01,lag_3,0.0048838204638044,0.0,0.0026448858831982294,0.0022247526402468386
1984-06-01,1984-07-01,lag_4,0.0043840968911044,0.0,0.0026448858831982294,0.0022247526402468386
1984-06-01,1984-07-01,lag_5,0.0197633049245928,-0.00046841278547510637,0.0026448858831982294,0.0022247526402468386
1984-06-01,1984-07-01,lag_6,0.0050087386761155,0.0,0.0026448858831982294,0.0022247526402468386
1984-06-01,1984-07-01,lag_7,0.00445010147308,0.0,0.0026448858831982294,0.0022247526402468386
1984-06-01,1984-07-01,lag_8,0.0076167819842005,0.0004455866511691779,0.0026448858831982294,0.0022247526402468386
1984-06-01,1984-07-01,lag_9,0.0144399949384292,0.0,0.0026448858831982294,0.0022247526402468386
1984-06-01,1984-07-01,lag_10,0.0117589882838116,0.0,0.0026448858831982294,0.0022247526402468386
1984-06-01,1984-07-01,lag_11,0.0147834120886369,-0.000914226448088933,0.0026448858831982294,0.0022247526402468386
1984-06-01,1984-07-01,volatility_3m,0.0011772930583734888,0.00035008464031233984,0.0026448858831982294,0.0022247526402468386
1984-07-01,1984-08-01,lag_0,0.0027663195051639,0.0,0.002117280631997953,0.002076980901177572
1984-07-01,1984-08-01,lag_1,0.0036610110501089,0.0,0.002117280631997953,0.002076980901177572
1984-07-01,1984-08-01,lag_2,0.0054128883111812,0.000231953014232135,0.002117280631997953,0.002076980901177572
1984-07-01,1984-08-01,lag_3,0.0058993928473447,0.0,0.002117280631997953,0.002076980901177572
1984-07-01,1984-08-01,lag_4,0.0048838204638044,0.0,0.002117280631997953,0.002076980901177572
1984-07-01,1984-08-01,lag_5,0.0043840968911044,0.0,0.002117280631997953,0.002076980901177572
1984-07-01,1984-08-01,lag_6,0.0197633049245928,0.00015086466899549687,0.002117280631997953,0.002076980901177572
1984-07-01,1984-08-01,lag_7,0.0050087386761155,0.0,0.002117280631997953,0.002076980901177572
1984-07-01,1984-08-01,lag_8,0.00445010147308,0.0,0.002117280631997953,0.002076980901177572
1984-07-01,1984-08-01,lag_9,0.0076167819842005,0.0,0.002117280631997953,0.002076980901177572
1984-07-01,1984-08-01,lag_10,0.0144399949384292,0.0,0.002117280631997953,0.002076980901177572
1984-07-01,1984-08-01,lag_11,0.0117589882838116,-0.0004862164662823759,0.002117280631997953,0.002076980901177572
1984-07-01,1984-08-01,volatility_3m,0.0013462214616871235,0.00014369851387512495,0.002117280631997953,0.002076980901177572
1984-08-01,1984-09-01,lag_0,0.0010296775197859,-0.0002504815289461985,0.0013196117168230367,0.002088717154886426
1984-08-01,1984-09-01,lag_1,0.0027663195051639,0.0,0.0013196117168230367,0.002088717154886426
1984-08-01,1984-09-01,lag_2,0.0036610110501089,0.0,0.0013196117168230367,0.002088717154886426
1984-08-01,1984-09-01,lag_3,0.0054128883111812,0.0,0.0013196117168230367,0.002088717154886426
1984-08-01,1984-09-01,lag_4,0.0058993928473447,-0.0001028013178616513,0.0013196117168230367,0.002088717154886426
1984-08-01,1984-09-01,lag_5,0.0048838204638044,0.0,0.0013196117168230367,0.002088717154886426
1984-08-01,1984-09-01,lag_6,0.0043840968911044,0.0,0.0013196117168230367,0.002088717154886426
1984-08-01,1984-09-01,lag_7,0.0197633049245928,0.0,0.0013196117168230367,0.002088717154886426
1984-08-01,1984-09-01,lag_8,0.0050087386761155,0.0,0.0013196117168230367,0.002088717154886426
1984-08-01,1984-09-01,lag_9,0.00445010147308,0.0,0.0013196117168230367,0.002088717154886426
1984-08-01,1984-09-01,lag_10,0.0076167819842005,0.0,0.0013196117168230367,0.002088717154886426
1984-08-01,1984-09-01,lag_11,0.0144399949384292,-0.0004158225912555396,0.0013196117168230367,0.002088717154886426
1984-08-01,1984-09-01,volatility_3m,0.0013379284045229411,0.0,0.0013196117168230367,0.002088717154886426
1984-09-01,1984-10-01,lag_0,-0.0029654810283661,-0.0002020011354103303,0.0012721185437028232,0.001977218316423118
1984-09-01,1984-10-01,lag_1,0.0010296775197859,0.0,0.0012721185437028232,0.001977218316423118
1984-09-01,1984-10-01,lag_2,0.0027663195051639,0.0,0.0012721185437028232,0.001977218316423118
1984-09-01,1984-10-01,lag_3,0.0036610110501089,0.0,0.0012721185437028232,0.001977218316423118
1984-09-01,1984-10-01,lag_4,0.0054128883111812,0.0,0.0012721185437028232,0.001977218316423118
1984-09-01,1984-10-01,lag_5,0.0058993928473447,0.0,0.0012721185437028232,0.001977218316423118
1984-09-01,1984-10-01,lag_6,0.0048838204638044,0.0,0.0012721185437028232,0.001977218316423118
1984-09-01,1984-10-01,lag_7,0.0043840968911044,0.0,0.0012721185437028232,0.001977218316423118
1984-09-01,1984-10-01,lag_8,0.0197633049245928,-0.0004366919525521928,0.0012721185437028232,0.001977218316423118
1984-09-01,1984-10-01,lag_9,0.0050087386761155,0.0,0.0012721185437028232,0.001977218316423118
1984-09-01,1984-10-01,lag_10,0.00445010147308,0.0,0.0012721185437028232,0.001977218316423118
1984-09-01,1984-10-01,lag_11,0.0076167819842005,0.0,0.0012721185437028232,0.001977218316423118
1984-09-01,1984-10-01,volatility_3m,0.0029391255662873732,-6.640668475777162e-05,0.0012721185437028232,0.001977218316423118
1984-10-01,1984-11-01,lag_0,-0.0001102057910582,-0.0006090715774890877,0.0003421705526971512,0.0019641691419106273
1984-10-01,1984-11-01,lag_1,-0.0029654810283661,-0.00047553489493940525,0.0003421705526971512,0.0019641691419106273
1984-10-01,1984-11-01,lag_2,0.0010296775197859,-7.883155877726994e-05,0.0003421705526971512,0.0019641691419106273
1984-10-01,1984-11-01,lag_3,0.0027663195051639,0.0,0.0003421705526971512,0.0019641691419106273
1984-10-01,1984-11-01,lag_4,0.0036610110501089,0.0,0.0003421705526971512,0.0019641691419106273
1984-10-01,1984-11-01,lag_5,0.0054128883111812,-6.530080841452663e-05,0.0003421705526971512,0.0019641691419106273
1984-10-01,1984-11-01,lag_6,0.0058993928473447,0.0,0.0003421705526971512,0.0019641691419106273
1984-10-01,1984-11-01,lag_7,0.0048838204638044,0.0,0.0003421705526971512,0.0019641691419106273
1984-10-01,1984-11-01,lag_8,0.0043840968911044,0.0,0.0003421705526971512,0.0019641691419106273
1984-10-01,1984-11-01,lag_9,0.0197633049245928,-0.00029495784547001403,0.0003421705526971512,0.0019641691419106273
1984-10-01,1984-11-01,lag_10,0.0050087386761155,0.0,0.0003421705526971512,0.0019641691419106273
1984-10-01,1984-11-01,lag_11,0.00445010147308,-9.830190412317254e-05,0.0003421705526971512,0.0019641691419106273
1984-10-01,1984-11-01,volatility_3m,0.0020580420496188684,0.0,0.0003421705526971512,0.0019641691419106273
1984-11-01,1984-12-01,lag_0,0.0033631475816369,0.0,0.0012967450892283038,0.0019539256137554237
1984-11-01,1984-12-01,lag_1,-0.0001102057910582,-0.0001114306093234897,0.0012967450892283038,0.0019539256137554237
1984-11-01,1984-12-01,lag_2,-0.0029654810283661,-0.0003893861539177759,0.0012967450892283038,0.0019539256137554237
1984-11-01,1984-12-01,lag_3,0.0010296775197859,0.0,0.0012967450892283038,0.0019539256137554237
1984-11-01,1984-12-01,lag_4,0.0027663195051639,0.0,0.0012967450892283038,0.0019539256137554237
1984-11-01,1984-12-01,lag_5,0.0036610110501089,0.0,0.0012967450892283038,0.0019539256137554237
1984-11-01,1984-12-01,lag_6,0.0054128883111812,0.0,0.0012967450892283038,0.0019539256137554237
1984-11-01,1984-12-01,lag_7,0.0058993928473447,0.0,0.0012967450892283038,0.0019539256137554237
1984-11-01,1984-12-01,lag_8,0.0048838204638044,0.0,0.0012967450892283038,0.0019539256137554237
1984-11-01,1984-12-01,lag_9,0.0043840968911044,0.0,0.0012967450892283038,0.0019539256137554237
1984-11-01,1984-12-01,lag_10,0.0197633049245928,-0.00015636376128585434,0.0012967450892283038,0.0019539256137554237
1984-11-01,1984-12-01,lag_11,0.0050087386761155,0.0,0.0012967450892283038,0.0019539256137554237
1984-11-01,1984-12-01,volatility_3m,0.003169340636361256,0.0,0.0012967450892283038,0.0019539256137554237
1984-12-01,1985-01-01,lag_0,0.0003221507986452,-0.00034585836595870095,0.0006818997258007629,0.001955606287754436
1984-12-01,1985-01-01,lag_1,0.0033631475816369,0.0,0.0006818997258007629,0.001955606287754436
1984-12-01,1985-01-01,lag_2,-0.0001102057910582,-0.000149659928362659,0.0006818997258007629,0.001955606287754436
1984-12-01,1985-01-01,lag_3,-0.0029654810283661,0.0,0.0006818997258007629,0.001955606287754436
1984-12-01,1985-01-01,lag_4,0.0010296775197859,0.0,0.0006818997258007629,0.001955606287754436
1984-12-01,1985-01-01,lag_5,0.0027663195051639,0.0,0.0006818997258007629,0.001955606287754436
1984-12-01,1985-01-01,lag_6,0.0036610110501089,0.0,0.0006818997258007629,0.001955606287754436
1984-12-01,1985-01-01,lag_7,0.0054128883111812,0.0,0.0006818997258007629,0.001955606287754436
1984-12-01,1985-01-01,lag_8,0.0058993928473447,0.0,0.0006818997258007629,0.001955606287754436
1984-12-01,1985-01-01,lag_9,0.0048838204638044,0.0,0.0006818997258007629,0.001955606287754436
1984-12-01,1985-01-01,lag_10,0.0043840968911044,0.0,0.0006818997258007629,0.001955606287754436
1984-12-01,1985-01-01,lag_11,0.0197633049245928,-0.0007781882676323132,0.0006818997258007629,0.001955606287754436
1984-12-01,1985-01-01,volatility_3m,0.0018929156217520739,0.0,0.0006818997258007629,0.001955606287754436
1985-01-01,1985-02-01,lag_0,-0.0001720449004833,-0.0006172243531950255,0.0015813499229441683,0.0019562679346301066
1985-01-01,1985-02-01,lag_1,0.0003221507986452,0.0,0.0015813499229441683,0.0019562679346301066
1985-01-01,1985-02-01,lag_2,0.0033631475816369,0.0,0.0015813499229441683,0.0019562679346301066
1985-01-01,1985-02-01,lag_3,-0.0001102057910582,0.0,0.0015813499229441683,0.0019562679346301066
1985-01-01,1985-02-01,lag_4,-0.0029654810283661,0.00024230634150908714,0.0015813499229441683,0.0019562679346301066
1985-01-01,1985-02-01,lag_5,0.0010296775197859,0.0,0.0015813499229441683,0.0019562679346301066
1985-01-01,1985-02-01,lag_6,0.0027663195051639,0.0,0.0015813499229441683,0.0019562679346301066
1985-01-01,1985-02-01,lag_7,0.0036610110501089,0.0,0.0015813499229441683,0.0019562679346301066
1985-01-01,1985-02-01,lag_8,0.0054128883111812,0.0,0.0015813499229441683,0.0019562679346301066
1985-01-01,1985-02-01,lag_9,0.0058993928473447,0.0,0.0015813499229441683,0.0019562679346301066
1985-01-01,1985-02-01,lag_10,0.0048838204638044,0.0,0.0015813499229441683,0.0019562679346301066
1985-01-01,1985-02-01,lag_11,0.0043840968911044,0.0,0.0015813499229441683,0.0019562679346301066
1985-01-01,1985-02-01,volatility_3m,0.0019143961932700938,0.0,0.0015813499229441683,0.0019562679346301066
1985-02-01,1985-03-01,lag_0,0.0027473473772294,0.0,0.001819304731824397,0.0018649108935931947
1985-02-01,1985-03-01,lag_1,-0.0001720449004833,0.0,0.001819304731824397,0.0018649108935931947
1985-02-01,1985-03-01,lag_2,0.0003221507986452,0.0,0.001819304731824397,0.0018649108935931947
1985-02-01,1985-03-01,lag_3,0.0033631475816369,0.0,0.001819304731824397,0.0018649108935931947
1985-02-01,1985-03-01,lag_4,-0.0001102057910582,0.0,0.001819304731824397,0.0018649108935931947
1985-02-01,1985-03-01,lag_5,-0.0029654810283661,0.0,0.001819304731824397,0.0018649108935931947
1985-02-01,1985-03-01,lag_6,0.0010296775197859,0.0,0.001819304731824397,0.0018649108935931947
1985-02-01,1985-03-01,lag_7,0.0027663195051639,0.0,0.001819304731824397,0.0018649108935931947
1985-02-01,1985-03-01,lag_8,0.0036610110501089,0.0,0.001819304731824397,0.0018649108935931947
1985-02-01,1985-03-01,lag_9,0.0054128883111812,0.0,0.001819304731824397,0.0018649108935931947
1985-02-01,1985-03-01,lag_10,0.0058993928473447,0.0,0.001819304731824397,0.0018649108935931947
1985-02-01,1985-03-01,lag_11,0.0048838204638044,0.0,0.001819304731824397,0.0018649108935931947
1985-02-01,1985-03-01,volatility_3m,0.0015625118188876824,0.0,0.001819304731824397,0.0018649108935931947
1985-03-01,1985-04-01,lag_0,0.0015102905072197,-6.478598750727917e-05,0.0015826595852948544,0.0019199666000603768
1985-03-01,1985-04-01,lag_1,0.0027473473772294,0.0,0.0015826595852948544,0.0019199666000603768
1985-03-01,1985-04-01,lag_2,-0.0001720449004833,-0.00012897963020299492,0.0015826595852948544,0.0019199666000603768
1985-03-01,1985-04-01,lag_3,0.0003221507986452,0.0,0.0015826595852948544,0.0019199666000603768
1985-03-01,1985-04-01,lag_4,0.0033631475816369,0.0,0.0015826595852948544,0.0019199666000603768
1985-03-01,1985-04-01,lag_5,-0.0001102057910582,0.0,0.0015826595852948544,0.0019199666000603768
1985-03-01,1985-04-01,lag_6,-0.0029654810283661,0.0,0.0015826595852948544,0.0019199666000603768
1985-03-01,1985-04-01,lag_7,0.0010296775197859,0.0,0.0015826595852948544,0.0019199666000603768
1985-03-01,1985-04-01,lag_8,0.0027663195051639,0.0,0.0015826595852948544,0.0019199666000603768
1985-03-01,1985-04-01,lag_9,0.0036610110501089,0.0,0.0015826595852948544,0.0019199666000603768
1985-03-01,1985-04-01,lag_10,0.0054128883111812,0.0,0.0015826595852948544,0.0019199666000603768
1985-03-01,1985-04-01,lag_11,0.0058993928473447,-0.00014354139705524829,0.0015826595852948544,0.0019199666000603768
1985-03-01,1985-04-01,volatility_3m,0.0014653448624139622,0.0,0.0015826595852948544,0.0019199666000603768
1985-04-01,1985-05-01,lag_0,-0.0021786103468643,-0.0009657291754829702,0.0008385667944213956,0.0018042959699043658
1985-04-01,1985-05-01,lag_1,0.0015102905072197,0.0,0.0008385667944213956,0.0018042959699043658
1985-04-01,1985-05-01,lag_2,0.0027473473772294,0.0,0.0008385667944213956,0.0018042959699043658
1985-04-01,1985-05-01,lag_3,-0.0001720449004833,0.0,0.0008385667944213956,0.0018042959699043658
1985-04-01,1985-05-01,lag_4,0.0003221507986452,0.0,0.0008385667944213956,0.0018042959699043658
1985-04-01,1985-05-01,lag_5,0.0033631475816369,0.0,0.0008385667944213956,0.0018042959699043658
1985-04-01,1985-05-01,lag_6,-0.0001102057910582,0.0,0.0008385667944213956,0.0018042959699043658
1985-04-01,1985-05-01,lag_7,-0.0029654810283661,0.0,0.0008385667944213956,0.0018042959699043658
1985-04-01,1985-05-01,lag_8,0.0010296775197859,0.0,0.0008385667944213956,0.0018042959699043658
1985-04-01,1985-05-01,lag_9,0.0027663195051639,0.0,0.0008385667944213956,0.0018042959699043658
1985-04-01,1985-05-01,lag_10,0.0036610110501089,0.0,0.0008385667944213956,0.0018042959699043658
1985-04-01,1985-05-01,lag_11,0.0054128883111812,0.0,0.0008385667944213956,0.0018042959699043658
1985-04-01,1985-05-01,volatility_3m,0.0025626600343672274,0.0,0.0008385667944213956,0.0018042959699043658
1985-05-01,1985-06-01,lag_0,0.0014529341416293,0.0,0.0013334949356653344,0.0017670697794706519
1985-05-01,1985-06-01,lag_1,-0.0021786103468643,-0.0002713628041298803,0.0013334949356653344,0.0017670697794706519
1985-05-01,1985-06-01,lag_2,0.0015102905072197,0.0,0.0013334949356653344,0.0017670697794706519
1985-05-01,1985-06-01,lag_3,0.0027473473772294,0.0,0.0013334949356653344,0.0017670697794706519
1985-05-01,1985-06-01,lag_4,-0.0001720449004833,0.0,0.0013334949356653344,0.0017670697794706519
1985-05-01,1985-06-01,lag_5,0.0003221507986452,0.0,0.0013334949356653344,0.0017670697794706519
1985-05-01,1985-06-01,lag_6,0.0033631475816369,0.0,0.0013334949356653344,0.0017670697794706519
1985-05-01,1985-06-01,lag_7,-0.0001102057910582,0.0,0.0013334949356653344,0.0017670697794706519
1985-05-01,1985-06-01,lag_8,-0.0029654810283661,-0.00016221203967543716,0.0013334949356653344,0.0017670697794706519
1985-05-01,1985-06-01,lag_9,0.0010296775197859,0.0,0.0013334949356653344,0.0017670697794706519
1985-05-01,1985-06-01,lag_10,0.0027663195051639,0.0,0.0013334949356653344,0.0017670697794706519
1985-05-01,1985-06-01,lag_11,0.0036610110501089,0.0,0.0013334949356653344,0.0017670697794706519
1985-05-01,1985-06-01,volatility_3m,0.002113425128231565,0.0,0.0013334949356653344,0.0017670697794706519
1985-06-01,1985-07-01,lag_0,-0.0004852934296026,-0.0008021502771543803,-0.0001445585213226963,0.0018280952202916118
1985-06-01,1985-07-01,lag_1,0.0014529341416293,0.0,-0.0001445585213226963,0.0018280952202916118
1985-06-01,1985-07-01,lag_2,-0.0021786103468643,-0.00023816222307813516,-0.0001445585213226963,0.0018280952202916118
1985-06-01,1985-07-01,lag_3,0.0015102905072197,0.0,-0.0001445585213226963,0.0018280952202916118
1985-06-01,1985-07-01,lag_4,0.0027473473772294,-6.380706017667302e-05,-0.0001445585213226963,0.0018280952202916118
1985-06-01,1985-07-01,lag_5,-0.0001720449004833,0.0,-0.0001445585213226963,0.0018280952202916118
1985-06-01,1985-07-01,lag_6,0.0003221507986452,0.0,-0.0001445585213226963,0.0018280952202916118
1985-06-01,1985-07-01,lag_7,0.0033631475816369,-5.2187072189484405e-05,-0.0001445585213226963,0.0018280952202916118
1985-06-01,1985-07-01,lag_8,-0.0001102057910582,-0.00033190979325931655,-0.0001445585213226963,0.0018280952202916118
1985-06-01,1985-07-01,lag_9,-0.0029654810283661,0.0,-0.0001445585213226963,0.0018280952202916118
1985-06-01,1985-07-01,lag_10,0.0010296775197859,0.0,-0.0001445585213226963,0.0018280952202916118
1985-06-01,1985-07-01,lag_11,0.0027663195051639,0.0,-0.0001445585213226963,0.0018280952202916118
1985-06-01,1985-07-01,volatility_3m,0.00181714811687969,-0.0004844373157563186,-0.0001445585213226963,0.0018280952202916118
1985-07-01,1985-08-01,lag_0,-0.0047430774359953,-0.0024776966622151626,-0.000586482156265701,0.0016839320235323228
1985-07-01,1985-08-01,lag_1,-0.0004852934296026,0.0,-0.000586482156265701,0.0016839320235323228
1985-07-01,1985-08-01,lag_2,0.0014529341416293,0.0,-0.000586482156265701,0.0016839320235323228
1985-07-01,1985-08-01,lag_3,-0.0021786103468643,0.0,-0.000586482156265701,0.0016839320235323228
1985-07-01,1985-08-01,lag_4,0.0015102905072197,0.0,-0.000586482156265701,0.0016839320235323228
1985-07-01,1985-08-01,lag_5,0.0027473473772294,0.0,-0.000586482156265701,0.0016839320235323228
1985-07-01,1985-08-01,lag_6,-0.0001720449004833,0.0,-0.000586482156265701,0.0016839320235323228
1985-07-01,1985-08-01,lag_7,0.0003221507986452,0.0,-0.000586482156265701,0.0016839320235323228
1985-07-01,1985-08-01,lag_8,0.0033631475816369,0.00020814324688676498,-0.000586482156265701,0.0016839320235323228
1985-07-01,1985-08-01,lag_9,-0.0001102057910582,0.00028069493113359775,-0.000586482156265701,0.0016839320235323228
1985-07-01,1985-08-01,lag_10,-0.0029654810283661,-0.0007229011314486239,-0.000586482156265701,0.0016839320235323228
1985-07-01,1985-08-01,lag_11,0.0010296775197859,0.00024600683586886187,-0.000586482156265701,0.0016839320235323228
1985-07-01,1985-08-01,volatility_3m,0.0031695428227909847,0.0001953385999765378,-0.000586482156265701,0.0016839320235323228
1985-08-01,1985-09-01,lag_0,0.0030372094955404,0.0003924783997695758,0.0025877229511092545,0.0018273645723175349
1985-08-01,1985-09-01,lag_1,-0.0047430774359953,0.0003323995267369733,0.0025877229511092545,0.0018273645723175349
1985-08-01,1985-09-01,lag_2,-0.0004852934296026,0.0,0.0025877229511092545,0.0018273645723175349
1985-08-01,1985-09-01,lag_3,0.0014529341416293,0.0,0.0025877229511092545,0.0018273645723175349
1985-08-01,1985-09-01,lag_4,-0.0021786103468643,0.0002606512001918247,0.0025877229511092545,0.0018273645723175349
1985-08-01,1985-09-01,lag_5,0.0015102905072197,0.0,0.0025877229511092545,0.0018273645723175349
1985-08-01,1985-09-01,lag_6,0.0027473473772294,0.0,0.0025877229511092545,0.0018273645723175349
1985-08-01,1985-09-01,lag_7,-0.0001720449004833,0.0,0.0025877229511092545,0.0018273645723175349
1985-08-01,1985-09-01,lag_8,0.0003221507986452,-0.0005318530921399453,0.0025877229511092545,0.0018273645723175349
1985-08-01,1985-09-01,lag_9,0.0033631475816369,0.0,0.0025877229511092545,0.0018273645723175349
1985-08-01,1985-09-01,lag_10,-0.0001102057910582,-0.0004109687907307455,0.0025877229511092545,0.0018273645723175349
1985-08-01,1985-09-01,lag_11,-0.0029654810283661,0.0007176511349640367,0.0025877229511092545,0.0018273645723175349
1985-08-01,1985-09-01,volatility_3m,0.0038959298470703082,0.0,0.0025877229511092545,0.0018273645723175349
1985-09-01,1985-10-01,lag_0,0.0033778606355214,0.0007986537374801496,0.002013650094548368,0.0016105414371701784
1985-09-01,1985-10-01,lag_1,0.0030372094955404,0.0,0.002013650094548368,0.0016105414371701784
1985-09-01,1985-10-01,lag_2,-0.0047430774359953,-0.00023143942044377095,0.002013650094548368,0.0016105414371701784
1985-09-01,1985-10-01,lag_3,-0.0004852934296026,0.0,0.002013650094548368,0.0016105414371701784
1985-09-01,1985-10-01,lag_4,0.0014529341416293,0.0,0.002013650094548368,0.0016105414371701784
1985-09-01,1985-10-01,lag_5,-0.0021786103468643,0.0,0.002013650094548368,0.0016105414371701784
1985-09-01,1985-10-01,lag_6,0.0015102905072197,0.0,0.002013650094548368,0.0016105414371701784
1985-09-01,1985-10-01,lag_7,0.0027473473772294,0.0,0.002013650094548368,0.0016105414371701784
1985-09-01,1985-10-01,lag_8,-0.0001720449004833,-0.00016410565965818908,0.002013650094548368,0.0016105414371701784
1985-09-01,1985-10-01,lag_9,0.0003221507986452,0.0,0.002013650094548368,0.0016105414371701784
1985-09-01,1985-10-01,lag_10,0.0033631475816369,0.0,0.002013650094548368,0.0016105414371701784
1985-09-01,1985-10-01,lag_11,-0.0001102057910582,0.0,0.002013650094548368,0.0016105414371701784
1985-09-01,1985-10-01,volatility_3m,0.004593447200407789,0.0,0.002013650094548368,0.0016105414371701784
1985-10-01,1985-11-01,lag_0,-0.0031146676276252,-0.0015524279805444392,0.000636106633690085,0.0016620245352334754
1985-10-01,1985-11-01,lag_1,0.0033778606355214,0.00029874011756966524,0.000636106633690085,0.0016620245352334754
1985-10-01,1985-11-01,lag_2,0.0030372094955404,0.00022776996143138357,0.000636106633690085,0.0016620245352334754
1985-10-01,1985-11-01,lag_3,-0.0047430774359953,0.0,0.000636106633690085,0.0016620245352334754
1985-10-01,1985-11-01,lag_4,-0.0004852934296026,0.0,0.000636106633690085,0.0016620245352334754
1985-10-01,1985-11-01,lag_5,0.0014529341416293,0.0,0.000636106633690085,0.0016620245352334754
1985-10-01,1985-11-01,lag_6,-0.0021786103468643,0.0,0.000636106633690085,0.0016620245352334754
1985-10-01,1985-11-01,lag_7,0.0015102905072197,0.0,0.000636106633690085,0.0016620245352334754
1985-10-01,1985-11-01,lag_8,0.0027473473772294,0.0,0.000636106633690085,0.0016620245352334754
1985-10-01,1985-11-01,lag_9,-0.0001720449004833,0.0,0.000636106633690085,0.0016620245352334754
1985-10-01,1985-11-01,lag_10,0.0003221507986452,0.0,0.000636106633690085,0.0016620245352334754
1985-10-01,1985-11-01,lag_11,0.0033631475816369,0.0,0.000636106633690085,0.0016620245352334754
1985-10-01,1985-11-01,volatility_3m,0.0036540972114749953,0.0,0.000636106633690085,0.0016620245352334754
1985-11-01,1985-12-01,lag_0,0.0035117423940054,0.00048711704138538125,0.002594846192503922,0.0015833534522806602
1985-11-01,1985-12-01,lag_1,-0.0031146676276252,0.0,0.002594846192503922,0.0015833534522806602
1985-11-01,1985-12-01,lag_2,0.0033778606355214,6.801871736520206e-05,0.002594846192503922,0.0015833534522806602
1985-11-01,1985-12-01,lag_3,0.0030372094955404,8.959476086071114e-05,0.002594846192503922,0.0015833534522806602
1985-11-01,1985-12-01,lag_4,-0.0047430774359953,0.00017905497650590361,0.002594846192503922,0.0015833534522806602
1985-11-01,1985-12-01,lag_5,-0.0004852934296026,0.0,0.002594846192503922,0.0015833534522806602
1985-11-01,1985-12-01,lag_6,0.0014529341416293,0.0,0.002594846192503922,0.0015833534522806602
1985-11-01,1985-12-01,lag_7,-0.0021786103468643,0.00018770724410606388,0.002594846192503922,0.0015833534522806602
1985-11-01,1985-12-01,lag_8,0.0015102905072197,0.0,0.002594846192503922,0.0015833534522806602
1985-11-01,1985-12-01,lag_9,0.0027473473772294,0.0,0.002594846192503922,0.0015833534522806602
1985-11-01,1985-12-01,lag_10,-0.0001720449004833,0.0,0.002594846192503922,0.0015833534522806602
1985-11-01,1985-12-01,lag_11,0.0003221507986452,0.0,0.002594846192503922,0.0015833534522806602
1985-11-01,1985-12-01,volatility_3m,0.003787702851504647,0.0,0.002594846192503922,0.0015833534522806602
1985-12-01,1986-01-01,lag_0,0.0095838114477926,0.002684492274104216,0.0038673360753788775,0.001665185991654125
1985-12-01,1986-01-01,lag_1,0.0035117423940054,0.0,0.0038673360753788775,0.001665185991654125
1985-12-01,1986-01-01,lag_2,-0.0031146676276252,-0.0004898553343025884,0.0038673360753788775,0.001665185991654125
1985-12-01,1986-01-01,lag_3,0.0033778606355214,0.00022118997363985808,0.0038673360753788775,0.001665185991654125
1985-12-01,1986-01-01,lag_4,0.0030372094955404,0.0,0.0038673360753788775,0.001665185991654125
1985-12-01,1986-01-01,lag_5,-0.0047430774359953,0.0002913315064094829,0.0038673360753788775,0.001665185991654125
1985-12-01,1986-01-01,lag_6,-0.0004852934296026,0.0,0.0038673360753788775,0.001665185991654125
1985-12-01,1986-01-01,lag_7,0.0014529341416293,0.0,0.0038673360753788775,0.001665185991654125
1985-12-01,1986-01-01,lag_8,-0.0021786103468643,-0.0007758360675239645,0.0038673360753788775,0.001665185991654125
1985-12-01,1986-01-01,lag_9,0.0015102905072197,0.0,0.0038673360753788775,0.001665185991654125
1985-12-01,1986-01-01,lag_10,0.0027473473772294,0.0,0.0038673360753788775,0.001665185991654125
1985-12-01,1986-01-01,lag_11,-0.0001720449004833,0.00027082773139774875,0.0038673360753788775,0.001665185991654125
1985-12-01,1986-01-01,volatility_3m,0.006351255823293929,0.0,0.0038673360753788775,0.001665185991654125
1986-01-01,1986-02-01,lag_0,0.0055203293729357,0.0008994091582518815,0.003522875853625573,0.0016847513719242626
1986-01-01,1986-02-01,lag_1,0.0095838114477926,0.0007747537825651529,0.003522875853625573,0.0016847513719242626
1986-01-01,1986-02-01,lag_2,0.0035117423940054,2.8656703136970907e-05,0.003522875853625573,0.0016847513719242626
1986-01-01,1986-02-01,lag_3,-0.0031146676276252,0.0,0.003522875853625573,0.0016847513719242626
1986-01-01,1986-02-01,lag_4,0.0033778606355214,0.0,0.003522875853625573,0.0016847513719242626
1986-01-01,1986-02-01,lag_5,0.0030372094955404,0.0,0.003522875853625573,0.0016847513719242626
1986-01-01,1986-02-01,lag_6,-0.0047430774359953,0.0,0.003522875853625573,0.0016847513719242626
1986-01-01,1986-02-01,lag_7,-0.0004852934296026,0.0,0.003522875853625573,0.0016847513719242626
1986-01-01,1986-02-01,lag_8,0.0014529341416293,0.0,0.003522875853625573,0.0016847513719242626
1986-01-01,1986-02-01,lag_9,-0.0021786103468643,0.0,0.003522875853625573,0.0016847513719242626
1986-01-01,1986-02-01,lag_10,0.0015102905072197,0.0,0.003522875853625573,0.0016847513719242626
1986-01-01,1986-02-01,lag_11,0.0027473473772294,0.0,0.003522875853625573,0.0016847513719242626
1986-01-01,1986-02-01,volatility_3m,0.0030934428182466823,0.00013530483774730514,0.003522875853625573,0.0016847513719242626
1986-02-01,1986-03-01,lag_0,-0.0070438228714575,-0.001667312261661129,0.0012098332222961403,0.001571205711396814
1986-02-01,1986-03-01,lag_1,0.0055203293729357,0.0003576084764934734,0.0012098332222961403,0.001571205711396814
1986-02-01,1986-03-01,lag_2,0.0095838114477926,0.0011160400624573462,0.0012098332222961403,0.001571205711396814
1986-02-01,1986-03-01,lag_3,0.0035117423940054,0.0,0.0012098332222961403,0.001571205711396814
1986-02-01,1986-03-01,lag_4,-0.0031146676276252,0.0,0.0012098332222961403,0.001571205711396814
1986-02-01,1986-03-01,lag_5,0.0033778606355214,0.0,0.0012098332222961403,0.001571205711396814
1986-02-01,1986-03-01,lag_6,0.0030372094955404,0.0,0.0012098332222961403,0.001571205711396814
1986-02-01,1986-03-01,lag_7,-0.0047430774359953,-0.0003790917807900224,0.0012098332222961403,0.001571205711396814
1986-02-01,1986-03-01,lag_8,-0.0004852934296026,-0.00027392720967766513,0.0012098332222961403,0.001571205711396814
1986-02-01,1986-03-01,lag_9,0.0014529341416293,0.0,0.0012098332222961403,0.001571205711396814
1986-02-01,1986-03-01,lag_10,-0.0021786103468643,0.0,0.0012098332222961403,0.001571205711396814
1986-02-01,1986-03-01,lag_11,0.0015102905072197,0.0,0.0012098332222961403,0.001571205711396814
1986-02-01,1986-03-01,volatility_3m,0.008668410381452855,0.00048531022407732313,0.0012098332222961403,0.001571205711396814
1986-03-01,1986-04-01,lag_0,-0.0071483716635922,-0.0027496631222101733,-0.0025767313660296984,0.0014607428302473165
1986-03-01,1986-04-01,lag_1,-0.0070438228714575,-0.0015042958294722098,-0.0025767313660296984,0.0014607428302473165
1986-03-01,1986-04-01,lag_2,0.0055203293729357,0.0005116695331382066,-0.0025767313660296984,0.0014607428302473165
1986-03-01,1986-04-01,lag_3,0.0095838114477926,0.00044411543052423966,-0.0025767313660296984,0.0014607428302473165
1986-03-01,1986-04-01,lag_4,0.0035117423940054,-0.00020831289521807092,-0.0025767313660296984,0.0014607428302473165
1986-03-01,1986-04-01,lag_5,-0.0031146676276252,0.0,-0.0025767313660296984,0.0014607428302473165
1986-03-01,1986-04-01,lag_6,0.0033778606355214,0.0,-0.0025767313660296984,0.0014607428302473165
1986-03-01,1986-04-01,lag_7,0.0030372094955404,0.0,-0.0025767313660296984,0.0014607428302473165
1986-03-01,1986-04-01,lag_8,-0.0047430774359953,-0.0009246285081806078,-0.0025767313660296984,0.0014607428302473165
1986-03-01,1986-04-01,lag_9,-0.0004852934296026,-0.000185980462687807,-0.0025767313660296984,0.0014607428302473165
1986-03-01,1986-04-01,lag_10,0.0014529341416293,0.0,-0.0025767313660296984,0.0014607428302473165
1986-03-01,1986-04-01,lag_11,-0.0021786103468643,0.0005796216578294076,-0.0025767313660296984,0.0014607428302473165
1986-03-01,1986-04-01,volatility_3m,0.0072842848885248685,0.0,-0.0025767313660296984,0.0014607428302473165
1986-04-01,1986-05-01,lag_0,0.0014326780252771,0.0,0.00013891532434094807,0.0015328787635452033
1986-04-01,1986-05-01,lag_1,-0.0071483716635922,0.0,0.00013891532434094807,0.0015328787635452033
1986-04-01,1986-05-01,lag_2,-0.0070438228714575,-0.0007683885409679039,0.00013891532434094807,0.0015328787635452033
1986-04-01,1986-05-01,lag_3,0.0055203293729357,0.00037033851399356473,0.00013891532434094807,0.0015328787635452033
1986-04-01,1986-05-01,lag_4,0.0095838114477926,-0.0005878197470502762,0.00013891532434094807,0.0015328787635452033
1986-04-01,1986-05-01,lag_5,0.0035117423940054,0.0,0.00013891532434094807,0.0015328787635452033
1986-04-01,1986-05-01,lag_6,-0.0031146676276252,-0.000816752274255945,0.00013891532434094807,0.0015328787635452033
1986-04-01,1986-05-01,lag_7,0.0033778606355214,0.0,0.00013891532434094807,0.0015328787635452033
1986-04-01,1986-05-01,lag_8,0.0030372094955404,0.0,0.00013891532434094807,0.0015328787635452033
1986-04-01,1986-05-01,lag_9,-0.0047430774359953,0.0004086586090763051,0.00013891532434094807,0.0015328787635452033
1986-04-01,1986-05-01,lag_10,-0.0004852934296026,0.0,0.00013891532434094807,0.0015328787635452033
1986-04-01,1986-05-01,lag_11,0.0014529341416293,0.0,0.00013891532434094807,0.0015328787635452033
1986-04-01,1986-05-01,volatility_3m,0.00492436817715605,0.0,0.00013891532434094807,0.0015328787635452033
1986-05-01,1986-06-01,lag_0,0.0014759828720576,0.0,-4.9102559477791005e-05,0.0014621016686970302
1986-05-01,1986-06-01,lag_1,0.0014326780252771,0.0,-4.9102559477791005e-05,0.0014621016686970302
1986-05-01,1986-06-01,lag_2,-0.0071483716635922,-0.0008003501776382743,-4.9102559477791005e-05,0.0014621016686970302
1986-05-01,1986-06-01,lag_3,-0.0070438228714575,-0.0001351480601263214,-4.9102559477791005e-05,0.0014621016686970302
1986-05-01,1986-06-01,lag_4,0.0055203293729357,-0.00035335702554801964,-4.9102559477791005e-05,0.0014621016686970302
1986-05-01,1986-06-01,lag_5,0.0095838114477926,-0.0004105007629934242,-4.9102559477791005e-05,0.0014621016686970302
1986-05-01,1986-06-01,lag_6,0.0035117423940054,0.0,-4.9102559477791005e-05,0.0014621016686970302
1986-05-01,1986-06-01,lag_7,-0.0031146676276252,-0.00021741025313616182,-4.9102559477791005e-05,0.0014621016686970302
1986-05-01,1986-06-01,lag_8,0.0033778606355214,0.00040556205126738003,-4.9102559477791005e-05,0.0014621016686970302
1986-05-01,1986-06-01,lag_9,0.0030372094955404,0.0,-4.9102559477791005e-05,0.0014621016686970302
1986-05-01,1986-06-01,lag_10,-0.0047430774359953,0.0,-4.9102559477791005e-05,0.0014621016686970302
1986-05-01,1986-06-01,lag_11,-0.0004852934296026,0.0,-4.9102559477791005e-05,0.0014621016686970302
1986-05-01,1986-06-01,volatility_3m,0.004966819576435573,0.0,-4.9102559477791005e-05,0.0014621016686970302
1986-06-01,1986-07-01,lag_0,-0.0040373394621271,-0.001019170070723541,0.0005241265291051483,0.00060729685347882
1986-06-01,1986-07-01,lag_1,0.0014759828720576,0.0,0.0005241265291051483,0.00060729685347882
1986-06-01,1986-07-01,lag_2,0.0014326780252771,0.0,0.0005241265291051483,0.00060729685347882
1986-06-01,1986-07-01,lag_3,-0.0071483716635922,-0.0006940409717482298,0.0005241265291051483,0.00060729685347882
1986-06-01,1986-07-01,lag_4,-0.0070438228714575,0.0012365895612384543,0.0005241265291051483,0.00060729685347882
1986-06-01,1986-07-01,lag_5,0.0055203293729357,0.0005602830714579824,0.0005241265291051483,0.00060729685347882
1986-06-01,1986-07-01,lag_6,0.0095838114477926,0.0014105913450112582,0.0005241265291051483,0.00060729685347882
1986-06-01,1986-07-01,lag_7,0.0035117423940054,0.0,0.0005241265291051483,0.00060729685347882
1986-06-01,1986-07-01,lag_8,-0.0031146676276252,-0.001494496881240426,0.0005241265291051483,0.00060729685347882
1986-06-01,1986-07-01,lag_9,0.0033778606355214,0.0,0.0005241265291051483,0.00060729685347882
1986-06-01,1986-07-01,lag_10,0.0030372094955404,0.0,0.0005241265291051483,0.00060729685347882
1986-06-01,1986-07-01,lag_11,-0.0047430774359953,0.0003861525390578776,0.0005241265291051483,0.00060729685347882
1986-06-01,1986-07-01,volatility_3m,0.0031706910335887943,-0.00046907891742704736,0.0005241265291051483,0.00060729685347882
1986-07-01,1986-08-01,lag_0,0.0065123864306064,0.001216654765403696,0.0016352395331964836,0.0020727982418842776
1986-07-01,1986-08-01,lag_1,-0.0040373394621271,-0.0009655985347088312,0.0016352395331964836,0.0020727982418842776
1986-07-01,1986-08-01,lag_2,0.0014759828720576,-0.00033821330329920923,0.0016352395331964836,0.0020727982418842776
1986-07-01,1986-08-01,lag_3,0.0014326780252771,-0.0004713444598557745,0.0016352395331964836,0.0020727982418842776
1986-07-01,1986-08-01,lag_4,-0.0071483716635922,0.0008745043043107715,0.0016352395331964836,0.0020727982418842776
1986-07-01,1986-08-01,lag_5,-0.0070438228714575,0.0,0.0016352395331964836,0.0020727982418842776
1986-07-01,1986-08-01,lag_6,0.0055203293729357,-0.00017957975369700506,0.0016352395331964836,0.0020727982418842776
1986-07-01,1986-08-01,lag_7,0.0095838114477926,0.0,0.0016352395331964836,0.0020727982418842776
1986-07-01,1986-08-01,lag_8,0.0035117423940054,0.0006838335213677021,0.0016352395331964836,0.0020727982418842776
1986-07-01,1986-08-01,lag_9,-0.0031146676276252,-0.0004537644652698412,0.0016352395331964836,0.0020727982418842776
1986-07-01,1986-08-01,lag_10,0.0033778606355214,0.0,0.0016352395331964836,0.0020727982418842776
1986-07-01,1986-08-01,lag_11,0.0030372094955404,-0.0004270097984468667,0.0016352395331964836,0.0020727982418842776
1986-07-01,1986-08-01,volatility_3m,0.0052766593026426995,-0.0003770409844924355,0.0016352395331964836,0.0020727982418842776
1986-08-01,1986-09-01,lag_0,-0.0018566171981273,-0.0006793731489112838,0.0004888447945018276,0.0014321237942105448
1986-08-01,1986-09-01,lag_1,0.0065123864306064,0.0006316849231644265,0.0004888447945018276,0.0014321237942105448
1986-08-01,1986-09-01,lag_2,-0.0040373394621271,-0.0002612746590009485,0.0004888447945018276,0.0014321237942105448
1986-08-01,1986-09-01,lag_3,0.0014759828720576,0.0,0.0004888447945018276,0.0014321237942105448
1986-08-01,1986-09-01,lag_4,0.0014326780252771,-0.00016088677291577577,0.0004888447945018276,0.0014321237942105448
1986-08-01,1986-09-01,lag_5,-0.0071483716635922,-0.0004501812199897606,0.0004888447945018276,0.0014321237942105448
1986-08-01,1986-09-01,lag_6,-0.0070438228714575,-0.0009530221476761272,0.0004888447945018276,0.0014321237942105448
1986-08-01,1986-09-01,lag_7,0.0055203293729357,-0.00016251288300158558,0.0004888447945018276,0.0014321237942105448
1986-08-01,1986-09-01,lag_8,0.0095838114477926,0.0015820139926409553,0.0004888447945018276,0.0014321237942105448
1986-08-01,1986-09-01,lag_9,0.0035117423940054,0.0,0.0004888447945018276,0.0014321237942105448
1986-08-01,1986-09-01,lag_10,-0.0031146676276252,-0.00011674353510211159,0.0004888447945018276,0.0014321237942105448
1986-08-01,1986-09-01,lag_11,0.0033778606355214,-0.00037298354891650596,0.0004888447945018276,0.0014321237942105448
1986-08-01,1986-09-01,volatility_3m,0.0055691484648653705,0.0,0.0004888447945018276,0.0014321237942105448
1986-09-01,1986-10-01,lag_0,0.0025494743751623,0.0012060887776655898,-0.0026853153519529327,0.00120785911321607
1986-09-01,1986-10-01,lag_1,-0.0018566171981273,0.0,-0.0026853153519529327,0.00120785911321607
1986-09-01,1986-10-01,lag_2,0.0065123864306064,0.0,-0.0026853153519529327,0.00120785911321607
1986-09-01,1986-10-01,lag_3,-0.0040373394621271,-0.0009062824690443715,-0.0026853153519529327,0.00120785911321607
1986-09-01,1986-10-01,lag_4,0.0014759828720576,-0.0005069976886348309,-0.0026853153519529327,0.00120785911321607
1986-09-01,1986-10-01,lag_5,0.0014326780252771,-0.0006434882377255976,-0.0026853153519529327,0.00120785911321607
1986-09-01,1986-10-01,lag_6,-0.0071483716635922,-0.0013368452383509333,-0.0026853153519529327,0.00120785911321607
1986-09-01,1986-10-01,lag_7,-0.0070438228714575,-0.001195006228573948,-0.0026853153519529327,0.00120785911321607
1986-09-01,1986-10-01,lag_8,0.0055203293729357,0.0010947425772751618,-0.0026853153519529327,0.00120785911321607
1986-09-01,1986-10-01,lag_9,0.0095838114477926,-0.0009064828122462553,-0.0026853153519529327,0.00120785911321607
1986-09-01,1986-10-01,lag_10,0.0035117423940054,-0.0003116238758792255,-0.0026853153519529327,0.00120785911321607
1986-09-01,1986-10-01,lag_11,-0.0031146676276252,0.0,-0.0026853153519529327,0.00120785911321607
1986-09-01,1986-10-01,volatility_3m,0.004186457067122422,-0.00038727926965459285,-0.0026853153519529327,0.00120785911321607
1986-10-01,1986-11-01,lag_0,0.0042533405515881,0.002184398172181695,0.00017782237584000604,0.00042974660241537063
1986-10-01,1986-11-01,lag_1,0.0025494743751623,-0.0003962720606919404,0.00017782237584000604,0.00042974660241537063
1986-10-01,1986-11-01,lag_2,-0.0018566171981273,0.0003374713695496599,0.00017782237584000604,0.00042974660241537063
1986-10-01,1986-11-01,lag_3,0.0065123864306064,0.0,0.00017782237584000604,0.00042974660241537063
1986-10-01,1986-11-01,lag_4,-0.0040373394621271,0.0009391951450187275,0.00017782237584000604,0.00042974660241537063
1986-10-01,1986-11-01,lag_5,0.0014759828720576,0.0,0.00017782237584000604,0.00042974660241537063
1986-10-01,1986-11-01,lag_6,0.0014326780252771,-0.0003222946035384988,0.00017782237584000604,0.00042974660241537063
1986-10-01,1986-11-01,lag_7,-0.0071483716635922,0.0,0.00017782237584000604,0.00042974660241537063
1986-10-01,1986-11-01,lag_8,-0.0070438228714575,0.0,0.00017782237584000604,0.00042974660241537063
1986-10-01,1986-11-01,lag_9,0.0055203293729357,-0.0011621684690111935,0.00017782237584000604,0.00042974660241537063
1986-10-01,1986-11-01,lag_10,0.0095838114477926,0.0,0.00017782237584000604,0.00042974660241537063
1986-10-01,1986-11-01,lag_11,0.0035117423940054,-0.0018322537800838142,0.00017782237584000604,0.00042974660241537063
1986-10-01,1986-11-01,volatility_3m,0.0031529982186983226,0.0,0.00017782237584000604,0.00042974660241537063
1986-11-01,1986-12-01,lag_0,0.0039986071649558,0.000711137587778906,-0.005998032610994991,0.0018029366268728783
1986-11-01,1986-12-01,lag_1,0.0042533405515881,-0.0004705528345144504,-0.005998032610994991,0.0018029366268728783
1986-11-01,1986-12-01,lag_2,0.0025494743751623,-0.00041781832169189884,-0.005998032610994991,0.0018029366268728783
1986-11-01,1986-12-01,lag_3,-0.0018566171981273,-0.0007900925975317725,-0.005998032610994991,0.0018029366268728783
1986-11-01,1986-12-01,lag_4,0.0065123864306064,-0.001795736095893458,-0.005998032610994991,0.0018029366268728783
1986-11-01,1986-12-01,lag_5,-0.0040373394621271,-0.0007624368725880732,-0.005998032610994991,0.0018029366268728783
1986-11-01,1986-12-01,lag_6,0.0014759828720576,-0.0007319863325838358,-0.005998032610994991,0.0018029366268728783
1986-11-01,1986-12-01,lag_7,0.0014326780252771,0.0,-0.005998032610994991,0.0018029366268728783
1986-11-01,1986-12-01,lag_8,-0.0071483716635922,-0.0018768240126695898,-0.005998032610994991,0.0018029366268728783
1986-11-01,1986-12-01,lag_9,-0.0070438228714575,-0.0009819014678950323,-0.005998032610994991,0.0018029366268728783
1986-11-01,1986-12-01,lag_10,0.0055203293729357,0.0,-0.005998032610994991,0.0018029366268728783
1986-11-01,1986-12-01,lag_11,0.0095838114477926,-0.0006847582902786657,-0.005998032610994991,0.0018029366268728783
1986-11-01,1986-12-01,volatility_3m,0.0009190606515973914,0.0,-0.005998032610994991,0.0018029366268728783
1986-12-01,1987-01-01,lag_0,0.0094395391395245,0.001671848053346429,-0.0018326039961842379,0.001671921644723271
1986-12-01,1987-01-01,lag_1,0.0039986071649558,-0.00044841848656372547,-0.0018326039961842379,0.001671921644723271
1986-12-01,1987-01-01,lag_2,0.0042533405515881,0.0,-0.0018326039961842379,0.001671921644723271
1986-12-01,1987-01-01,lag_3,0.0025494743751623,-0.0001449083856142879,-0.0018326039961842379,0.001671921644723271
1986-12-01,1987-01-01,lag_4,-0.0018566171981273,0.0,-0.0018326039961842379,0.001671921644723271
1986-12-01,1987-01-01,lag_5,0.0065123864306064,-0.000803746960922967,-0.0018326039961842379,0.001671921644723271
1986-12-01,1987-01-01,lag_6,-0.0040373394621271,-0.0021696372680099518,-0.0018326039961842379,0.001671921644723271
1986-12-01,1987-01-01,lag_7,0.0014759828720576,-0.00028898123084839655,-0.0018326039961842379,0.001671921644723271
1986-12-01,1987-01-01,lag_8,0.0014326780252771,-0.0002830519017349164,-0.0018326039961842379,0.001671921644723271
1986-12-01,1987-01-01,lag_9,-0.0071483716635922,0.0006971391455351841,-0.0018326039961842379,0.001671921644723271
1986-12-01,1987-01-01,lag_10,-0.0070438228714575,-0.0012808981444008883,-0.0018326039961842379,0.001671921644723271
1986-12-01,1987-01-01,lag_11,0.0055203293729357,-0.0004538704616939884,-0.0018326039961842379,0.001671921644723271
1986-12-01,1987-01-01,volatility_3m,0.00307043117611796,0.0,-0.0018326039961842379,0.001671921644723271
1987-01-01,1987-02-01,lag_0,-0.0034937346824053,-0.0014983503713193883,0.0052042054383906675,0.0021840267388009483
1987-01-01,1987-02-01,lag_1,0.0094395391395245,-0.0006089815162331393,0.0052042054383906675,0.0021840267388009483
1987-01-01,1987-02-01,lag_2,0.0039986071649558,0.001235962725405102,0.0052042054383906675,0.0021840267388009483
1987-01-01,1987-02-01,lag_3,0.0042533405515881,0.0,0.0052042054383906675,0.0021840267388009483
1987-01-01,1987-02-01,lag_4,0.0025494743751623,-0.0006296277751999589,0.0052042054383906675,0.0021840267388009483
1987-01-01,1987-02-01,lag_5,-0.0018566171981273,0.000195607612280766,0.0052042054383906675,0.0021840267388009483
1987-01-01,1987-02-01,lag_6,0.0065123864306064,0.0006304702418573815,0.0052042054383906675,0.0021840267388009483
1987-01-01,1987-02-01,lag_7,-0.0040373394621271,0.00041834733186104376,0.0052042054383906675,0.0021840267388009483
1987-01-01,1987-02-01,lag_8,0.0014759828720576,0.0003555244412505961,0.0052042054383906675,0.0021840267388009483
1987-01-01,1987-02-01,lag_9,0.0014326780252771,0.0009107070998930259,0.0052042054383906675,0.0021840267388009483
1987-01-01,1987-02-01,lag_10,-0.0071483716635922,0.0,0.0052042054383906675,0.0021840267388009483
1987-01-01,1987-02-01,lag_11,-0.0070438228714575,0.002010518909794291,0.0052042054383906675,0.0021840267388009483
1987-01-01,1987-02-01,volatility_3m,0.00649369564606854,0.0,0.0052042054383906675,0.0021840267388009483
1987-02-01,1987-03-01,lag_0,0.0130949117680598,0.0021758939029696473,0.0003858687876783897,0.0009900017097287466
1987-02-01,1987-03-01,lag_1,-0.0034937346824053,-0.00034527649453262605,0.0003858687876783897,0.0009900017097287466
1987-02-01,1987-03-01,lag_2,0.0094395391395245,0.0006088801002669546,0.0003858687876783897,0.0009900017097287466
1987-02-01,1987-03-01,lag_3,0.0039986071649558,0.0,0.0003858687876783897,0.0009900017097287466
1987-02-01,1987-03-01,lag_4,0.0042533405515881,0.0,0.0003858687876783897,0.0009900017097287466
1987-02-01,1987-03-01,lag_5,0.0025494743751623,0.0,0.0003858687876783897,0.0009900017097287466
1987-02-01,1987-03-01,lag_6,-0.0018566171981273,-0.0003938251441939181,0.0003858687876783897,0.0009900017097287466
1987-02-01,1987-03-01,lag_7,0.0065123864306064,-0.0004131343950985351,0.0003858687876783897,0.0009900017097287466
1987-02-01,1987-03-01,lag_8,-0.0040373394621271,-0.001584903663668625,0.0003858687876783897,0.0009900017097287466
1987-02-01,1987-03-01,lag_9,0.0014759828720576,0.0,0.0003858687876783897,0.0009900017097287466
1987-02-01,1987-03-01,lag_10,0.0014326780252771,0.0,0.0003858687876783897,0.0009900017097287466
1987-02-01,1987-03-01,lag_11,-0.0071483716635922,0.00036379369009311303,0.0003858687876783897,0.0009900017097287466
1987-02-01,1987-03-01,volatility_3m,0.008716024627709089,-0.0010155609178863676,0.0003858687876783897,0.0009900017097287466
1987-03-01,1987-04-01,lag_0,0.0014471947964986,0.00040381187155662604,0.0047464533056749275,0.0015072909099927334
1987-03-01,1987-04-01,lag_1,0.0130949117680598,0.0,0.0047464533056749275,0.0015072909099927334
1987-03-01,1987-04-01,lag_2,-0.0034937346824053,-0.0018869075574232267,0.0047464533056749275,0.0015072909099927334
1987-03-01,1987-04-01,lag_3,0.0094395391395245,0.0014108640193463335,0.0047464533056749275,0.0015072909099927334
1987-03-01,1987-04-01,lag_4,0.0039986071649558,-0.00031445889912383625,0.0047464533056749275,0.0015072909099927334
1987-03-01,1987-04-01,lag_5,0.0042533405515881,-0.00035936142370074267,0.0047464533056749275,0.0015072909099927334
1987-03-01,1987-04-01,lag_6,0.0025494743751623,0.0,0.0047464533056749275,0.0015072909099927334
1987-03-01,1987-04-01,lag_7,-0.0018566171981273,-0.00034790718421501455,0.0047464533056749275,0.0015072909099927334
1987-03-01,1987-04-01,lag_8,0.0065123864306064,0.00132000621164719,0.0047464533056749275,0.0015072909099927334
1987-03-01,1987-04-01,lag_9,-0.0040373394621271,0.000873458400362953,0.0047464533056749275,0.0015072909099927334
1987-03-01,1987-04-01,lag_10,0.0014759828720576,0.00027023947683411606,0.0047464533056749275,0.0015072909099927334
1987-03-01,1987-04-01,lag_11,0.0014326780252771,0.0,0.0047464533056749275,0.0015072909099927334
1987-03-01,1987-04-01,volatility_3m,0.008517289140562124,0.001869417480397795,0.0047464533056749275,0.0015072909099927334
1987-04-01,1987-05-01,lag_0,0.0063111142311358,0.0017549243392276173,0.00036235503855223353,0.0018008011651358834
1987-04-01,1987-05-01,lag_1,0.0014471947964986,0.0,0.00036235503855223353,0.0018008011651358834
1987-04-01,1987-05-01,lag_2,0.0130949117680598,-0.0002924821567155632,0.00036235503855223353,0.0018008011651358834
1987-04-01,1987-05-01,lag_3,-0.0034937346824053,-0.0012644585174394734,0.00036235503855223353,0.0018008011651358834
1987-04-01,1987-05-01,lag_4,0.0094395391395245,-0.0015577422707403284,0.00036235503855223353,0.0018008011651358834
1987-04-01,1987-05-01,lag_5,0.0039986071649558,-0.000278277950710481,0.00036235503855223353,0.0018008011651358834
1987-04-01,1987-05-01,lag_6,0.0042533405515881,0.0,0.00036235503855223353,0.0018008011651358834
1987-04-01,1987-05-01,lag_7,0.0025494743751623,0.0,0.00036235503855223353,0.0018008011651358834
1987-04-01,1987-05-01,lag_8,-0.0018566171981273,0.0,0.00036235503855223353,0.0018008011651358834
1987-04-01,1987-05-01,lag_9,0.0065123864306064,0.0,0.00036235503855223353,0.0018008011651358834
1987-04-01,1987-05-01,lag_10,-0.0040373394621271,0.0005148053792251484,0.00036235503855223353,0.0018008011651358834
1987-04-01,1987-05-01,lag_11,0.0014759828720576,-0.0003152149494305693,0.00036235503855223353,0.0018008011651358834
1987-04-01,1987-05-01,volatility_3m,0.005850169968160646,0.0,0.00036235503855223353,0.0018008011651358834
1987-05-01,1987-06-01,lag_0,0.0063027667626691,0.0023655248222053775,0.00603767077770149,0.0003731364488498186
1987-05-01,1987-06-01,lag_1,0.0063111142311358,0.0,0.00603767077770149,0.0003731364488498186
1987-05-01,1987-06-01,lag_2,0.0014471947964986,0.0003395467512583904,0.00603767077770149,0.0003731364488498186
1987-05-01,1987-06-01,lag_3,0.0130949117680598,0.0021747366612038742,0.00603767077770149,0.0003731364488498186
1987-05-01,1987-06-01,lag_4,-0.0034937346824053,0.0003765731721147064,0.00603767077770149,0.0003731364488498186
1987-05-01,1987-06-01,lag_5,0.0094395391395245,0.0,0.00603767077770149,0.0003731364488498186
1987-05-01,1987-06-01,lag_6,0.0039986071649558,0.0001398426386033257,0.00603767077770149,0.0003731364488498186
1987-05-01,1987-06-01,lag_7,0.0042533405515881,-0.0003934290417426361,0.00603767077770149,0.0003731364488498186
1987-05-01,1987-06-01,lag_8,0.0025494743751623,0.0002546389902117894,0.00603767077770149,0.0003731364488498186
1987-05-01,1987-06-01,lag_9,-0.0018566171981273,0.0,0.00603767077770149,0.0003731364488498186
1987-05-01,1987-06-01,lag_10,0.0065123864306064,0.0007206072425231076,0.00603767077770149,0.0003731364488498186
1987-05-01,1987-06-01,lag_11,-0.0040373394621271,0.0004261051360248497,0.00603767077770149,0.0003731364488498186
1987-05-01,1987-06-01,volatility_3m,0.0028057785926409126,-0.0007396120435511128,0.00603767077770149,0.0003731364488498186
1987-06-01,1987-07-01,lag_0,0.0051660293028339,0.00020409612645404167,0.0023453597281097305,0.0018008715145403145
1987-06-01,1987-07-01,lag_1,0.0063027667626691,0.0001469951311582724,0.0023453597281097305,0.0018008715145403145
1987-06-01,1987-07-01,lag_2,0.0063111142311358,0.00011595791786706095,0.0023453597281097305,0.0018008715145403145
1987-06-01,1987-07-01,lag_3,0.0014471947964986,0.0,0.0023453597281097305,0.0018008715145403145
1987-06-01,1987-07-01,lag_4,0.0130949117680598,0.0,0.0023453597281097305,0.0018008715145403145
1987-06-01,1987-07-01,lag_5,-0.0034937346824053,0.0,0.0023453597281097305,0.0018008715145403145
1987-06-01,1987-07-01,lag_6,0.0094395391395245,0.0,0.0023453597281097305,0.0018008715145403145
1987-06-01,1987-07-01,lag_7,0.0039986071649558,0.0,0.0023453597281097305,0.0018008715145403145
1987-06-01,1987-07-01,lag_8,0.0042533405515881,0.0,0.0023453597281097305,0.0018008715145403145
1987-06-01,1987-07-01,lag_9,0.0025494743751623,0.0,0.0023453597281097305,0.0018008715145403145
1987-06-01,1987-07-01,lag_10,-0.0018566171981273,0.0,0.0023453597281097305,0.0018008715145403145
1987-06-01,1987-07-01,lag_11,0.0065123864306064,0.0,0.0023453597281097305,0.0018008715145403145
1987-06-01,1987-07-01,volatility_3m,0.0007168055882143395,7.743903809004089e-05,0.0023453597281097305,0.0018008715145403145
1987-07-01,1987-08-01,lag_0,0.0067970654739664,0.00028309457112875313,0.0032713732260443336,0.0017954811683477834
1987-07-01,1987-08-01,lag_1,0.0051660293028339,3.960661447830827e-05,0.0032713732260443336,0.0017954811683477834
1987-07-01,1987-08-01,lag_2,0.0063027667626691,0.00020232831575331352,0.0032713732260443336,0.0017954811683477834
1987-07-01,1987-08-01,lag_3,0.0063111142311358,0.00019036038034457413,0.0032713732260443336,0.0017954811683477834
1987-07-01,1987-08-01,lag_4,0.0014471947964986,0.0,0.0032713732260443336,0.0017954811683477834
1987-07-01,1987-08-01,lag_5,0.0130949117680598,0.000317955049318551,0.0032713732260443336,0.0017954811683477834
1987-07-01,1987-08-01,lag_6,-0.0034937346824053,0.0,0.0032713732260443336,0.0017954811683477834
1987-07-01,1987-08-01,lag_7,0.0094395391395245,0.00021407889689956499,0.0032713732260443336,0.0017954811683477834
1987-07-01,1987-08-01,lag_8,0.0039986071649558,0.0,0.0032713732260443336,0.0017954811683477834
1987-07-01,1987-08-01,lag_9,0.0042533405515881,0.0,0.0032713732260443336,0.0017954811683477834
1987-07-01,1987-08-01,lag_10,0.0025494743751623,0.0,0.0032713732260443336,0.0017954811683477834
1987-07-01,1987-08-01,lag_11,-0.0018566171981273,7.685956067990222e-05,0.0032713732260443336,0.0017954811683477834
1987-07-01,1987-08-01,volatility_3m,0.0008363394705625739,0.00015160866909358283,0.0032713732260443336,0.0017954811683477834
1987-08-01,1987-09-01,lag_0,0.0074780815378376,0.000288892541392069,0.002245420482715442,0.0018119330178043556
1987-08-01,1987-09-01,lag_1,0.0067970654739664,0.0001445949235190174,0.002245420482715442,0.0018119330178043556
1987-08-01,1987-09-01,lag_2,0.0051660293028339,0.0,0.002245420482715442,0.0018119330178043556
1987-08-01,1987-09-01,lag_3,0.0063027667626691,0.0,0.002245420482715442,0.0018119330178043556
1987-08-01,1987-09-01,lag_4,0.0063111142311358,0.0,0.002245420482715442,0.0018119330178043556
1987-08-01,1987-09-01,lag_5,0.0014471947964986,0.0,0.002245420482715442,0.0018119330178043556
1987-08-01,1987-09-01,lag_6,0.0130949117680598,0.0,0.002245420482715442,0.0018119330178043556
1987-08-01,1987-09-01,lag_7,-0.0034937346824053,0.0,0.002245420482715442,0.0018119330178043556
1987-08-01,1987-09-01,lag_8,0.0094395391395245,0.0,0.002245420482715442,0.0018119330178043556
1987-08-01,1987-09-01,lag_9,0.0039986071649558,0.0,0.002245420482715442,0.0018119330178043556
1987-08-01,1987-09-01,lag_10,0.0042533405515881,0.0,0.002245420482715442,0.0018119330178043556
1987-08-01,1987-09-01,lag_11,0.0025494743751623,0.0,0.002245420482715442,0.0018119330178043556
1987-08-01,1987-09-01,volatility_3m,0.0011881110644056522,0.0,0.002245420482715442,0.0018119330178043556
1987-09-01,1987-10-01,lag_0,0.0039317740129067,0.0001366266718823141,0.002500524698581145,0.001773902751918372
1987-09-01,1987-10-01,lag_1,0.0074780815378376,0.00024750667029610387,0.002500524698581145,0.001773902751918372
1987-09-01,1987-10-01,lag_2,0.0067970654739664,0.0001295180210966492,0.002500524698581145,0.001773902751918372
1987-09-01,1987-10-01,lag_3,0.0051660293028339,8.622769586540116e-05,0.002500524698581145,0.001773902751918372
1987-09-01,1987-10-01,lag_4,0.0063027667626691,0.0,0.002500524698581145,0.001773902751918372
1987-09-01,1987-10-01,lag_5,0.0063111142311358,0.0,0.002500524698581145,0.001773902751918372
1987-09-01,1987-10-01,lag_6,0.0014471947964986,0.0,0.002500524698581145,0.001773902751918372
1987-09-01,1987-10-01,lag_7,0.0130949117680598,0.0,0.002500524698581145,0.001773902751918372
1987-09-01,1987-10-01,lag_8,-0.0034937346824053,0.0,0.002500524698581145,0.001773902751918372
1987-09-01,1987-10-01,lag_9,0.0094395391395245,4.806537299004913e-05,0.002500524698581145,0.001773902751918372
1987-09-01,1987-10-01,lag_10,0.0039986071649558,0.0,0.002500524698581145,0.001773902751918372
1987-09-01,1987-10-01,lag_11,0.0042533405515881,0.0,0.002500524698581145,0.001773902751918372
1987-09-01,1987-10-01,volatility_3m,0.0018819305290690984,7.86775145322554e-05,0.002500524698581145,0.001773902751918372
1987-10-01,1987-11-01,lag_0,0.0132334951092074,0.0014028494344386162,0.004720897431201722,0.0016613644282618284
1987-10-01,1987-11-01,lag_1,0.0039317740129067,0.00016687410366176641,0.004720897431201722,0.0016613644282618284
1987-10-01,1987-11-01,lag_2,0.0074780815378376,0.0003935792512425805,0.004720897431201722,0.0016613644282618284
1987-10-01,1987-11-01,lag_3,0.0067970654739664,0.0002852224706994426,0.004720897431201722,0.0016613644282618284
1987-10-01,1987-11-01,lag_4,0.0051660293028339,4.0583284422495824e-05,0.004720897431201722,0.0016613644282618284
1987-10-01,1987-11-01,lag_5,0.0063027667626691,8.033213101689067e-05,0.004720897431201722,0.0016613644282618284
1987-10-01,1987-11-01,lag_6,0.0063111142311358,7.115384046003463e-05,0.004720897431201722,0.0016613644282618284
1987-10-01,1987-11-01,lag_7,0.0014471947964986,0.0,0.004720897431201722,0.0016613644282618284
1987-10-01,1987-11-01,lag_8,0.0130949117680598,0.0005078275440740285,0.004720897431201722,0.0016613644282618284
1987-10-01,1987-11-01,lag_9,-0.0034937346824053,0.0,0.004720897431201722,0.0016613644282618284
1987-10-01,1987-11-01,lag_10,0.0094395391395245,0.00011111094292403895,0.004720897431201722,0.0016613644282618284
1987-10-01,1987-11-01,lag_11,0.0039986071649558,0.0,0.004720897431201722,0.0016613644282618284
1987-10-01,1987-11-01,volatility_3m,0.00469437780386025,0.0,0.004720897431201722,0.0016613644282618284
1987-11-01,1987-12-01,lag_0,0.0048659460435285,0.00041201016486031803,0.0019685383829809375,0.0019794829227659746
1987-11-01,1987-12-01,lag_1,0.0132334951092074,0.0,0.0019685383829809375,0.0019794829227659746
1987-11-01,1987-12-01,lag_2,0.0039317740129067,0.0,0.0019685383829809375,0.0019794829227659746
1987-11-01,1987-12-01,lag_3,0.0074780815378376,0.00039797476623120527,0.0019685383829809375,0.0019794829227659746
1987-11-01,1987-12-01,lag_4,0.0067970654739664,-0.00024934674457840583,0.0019685383829809375,0.0019794829227659746
1987-11-01,1987-12-01,lag_5,0.0051660293028339,0.0,0.0019685383829809375,0.0019794829227659746
1987-11-01,1987-12-01,lag_6,0.0063027667626691,0.0,0.0019685383829809375,0.0019794829227659746
1987-11-01,1987-12-01,lag_7,0.0063111142311358,-0.0002567708905963928,0.0019685383829809375,0.0019794829227659746
1987-11-01,1987-12-01,lag_8,0.0014471947964986,0.0,0.0019685383829809375,0.0019794829227659746
1987-11-01,1987-12-01,lag_9,0.0130949117680598,0.0,0.0019685383829809375,0.0019794829227659746
1987-11-01,1987-12-01,lag_10,-0.0034937346824053,0.0,0.0019685383829809375,0.0019794829227659746
1987-11-01,1987-12-01,lag_11,0.0094395391395245,-0.0003148118357017617,0.0019685383829809375,0.0019794829227659746
1987-11-01,1987-12-01,volatility_3m,0.0051220205990524445,0.0,0.0019685383829809375,0.0019794829227659746
1987-12-01,1988-01-01,lag_0,0.005592546578943,0.00028246762651130134,0.0032205222134297773,0.001973413201054218
1987-12-01,1988-01-01,lag_1,0.0048659460435285,0.00015603419404504437,0.0032205222134297773,0.001973413201054218
1987-12-01,1988-01-01,lag_2,0.0132334951092074,0.0003338895062184379,0.0032205222134297773,0.001973413201054218
1987-12-01,1988-01-01,lag_3,0.0039317740129067,6.475891360256868e-05,0.0032205222134297773,0.001973413201054218
1987-12-01,1988-01-01,lag_4,0.0074780815378376,0.0,0.0032205222134297773,0.001973413201054218
1987-12-01,1988-01-01,lag_5,0.0067970654739664,4.8465209724927885e-05,0.0032205222134297773,0.001973413201054218
1987-12-01,1988-01-01,lag_6,0.0051660293028339,8.149948488547559e-05,0.0032205222134297773,0.001973413201054218
1987-12-01,1988-01-01,lag_7,0.0063027667626691,0.0,0.0032205222134297773,0.001973413201054218
1987-12-01,1988-01-01,lag_8,0.0063111142311358,0.00015761149248595598,0.0032205222134297773,0.001973413201054218
1987-12-01,1988-01-01,lag_9,0.0014471947964986,0.0,0.0032205222134297773,0.001973413201054218
1987-12-01,1988-01-01,lag_10,0.0130949117680598,6.009943724852503e-05,0.0032205222134297773,0.001973413201054218
1987-12-01,1988-01-01,lag_11,-0.0034937346824053,6.228314765332269e-05,0.0032205222134297773,0.001973413201054218
1987-12-01,1988-01-01,volatility_3m,0.0046355136383281585,0.0,0.0032205222134297773,0.001973413201054218
1988-01-01,1988-02-01,lag_0,-0.0001970082890574,0.0,0.0032722402006833268,0.0018016734740589734
1988-01-01,1988-02-01,lag_1,0.005592546578943,0.0,0.0032722402006833268,0.0018016734740589734
1988-01-01,1988-02-01,lag_2,0.0048659460435285,0.0,0.0032722402006833268,0.0018016734740589734
1988-01-01,1988-02-01,lag_3,0.0132334951092074,0.0005566051749173233,0.0032722402006833268,0.0018016734740589734
1988-01-01,1988-02-01,lag_4,0.0039317740129067,0.0,0.0032722402006833268,0.0018016734740589734
1988-01-01,1988-02-01,lag_5,0.0074780815378376,0.0,0.0032722402006833268,0.0018016734740589734
1988-01-01,1988-02-01,lag_6,0.0067970654739664,0.0,0.0032722402006833268,0.0018016734740589734
1988-01-01,1988-02-01,lag_7,0.0051660293028339,0.0,0.0032722402006833268,0.0018016734740589734
1988-01-01,1988-02-01,lag_8,0.0063027667626691,0.0005867584098032008,0.0032722402006833268,0.0018016734740589734
1988-01-01,1988-02-01,lag_9,0.0063111142311358,0.00032720314190382927,0.0032722402006833268,0.0018016734740589734
1988-01-01,1988-02-01,lag_10,0.0014471947964986,0.0,0.0032722402006833268,0.0018016734740589734
1988-01-01,1988-02-01,lag_11,0.0130949117680598,0.0,0.0032722402006833268,0.0018016734740589734
1988-01-01,1988-02-01,volatility_3m,0.0031538442278564874,0.0,0.0032722402006833268,0.0018016734740589734
1988-02-01,1988-03-01,lag_0,0.0049992713406421,0.0001829858884273304,0.0025089338752662237,0.002054846179025283
1988-02-01,1988-03-01,lag_1,-0.0001970082890574,0.0,0.0025089338752662237,0.002054846179025283
1988-02-01,1988-03-01,lag_2,0.005592546578943,9.753768605488113e-05,0.0025089338752662237,0.002054846179025283
1988-02-01,1988-03-01,lag_3,0.0048659460435285,4.3744910984002175e-05,0.0025089338752662237,0.002054846179025283
1988-02-01,1988-03-01,lag_4,0.0132334951092074,8.431368334016049e-05,0.0025089338752662237,0.002054846179025283
1988-02-01,1988-03-01,lag_5,0.0039317740129067,0.0,0.0025089338752662237,0.002054846179025283
1988-02-01,1988-03-01,lag_6,0.0074780815378376,4.5505527434566744e-05,0.0025089338752662237,0.002054846179025283
1988-02-01,1988-03-01,lag_7,0.0067970654739664,0.0,0.0025089338752662237,0.002054846179025283
1988-02-01,1988-03-01,lag_8,0.0051660293028339,0.0,0.0025089338752662237,0.002054846179025283
1988-02-01,1988-03-01,lag_9,0.0063027667626691,0.0,0.0025089338752662237,0.002054846179025283
1988-02-01,1988-03-01,lag_10,0.0063111142311358,0.0,0.0025089338752662237,0.002054846179025283
1988-02-01,1988-03-01,lag_11,0.0014471947964986,0.0,0.0025089338752662237,0.002054846179025283
1988-02-01,1988-03-01,volatility_3m,0.003185180347274915,0.0,0.0025089338752662237,0.002054846179025283
1988-03-01,1988-04-01,lag_0,0.0024648224249466,0.0,0.002254573153179878,0.002024546335518187
1988-03-01,1988-04-01,lag_1,0.0049992713406421,4.655404322086311e-05,0.002254573153179878,0.002024546335518187
1988-03-01,1988-04-01,lag_2,-0.0001970082890574,0.0,0.002254573153179878,0.002024546335518187
1988-03-01,1988-04-01,lag_3,0.005592546578943,0.00014174072703126398,0.002254573153179878,0.002024546335518187
1988-03-01,1988-04-01,lag_4,0.0048659460435285,0.0,0.002254573153179878,0.002024546335518187
1988-03-01,1988-04-01,lag_5,0.0132334951092074,0.0,0.002254573153179878,0.002024546335518187
1988-03-01,1988-04-01,lag_6,0.0039317740129067,0.0,0.002254573153179878,0.002024546335518187
1988-03-01,1988-04-01,lag_7,0.0074780815378376,0.0,0.002254573153179878,0.002024546335518187
1988-03-01,1988-04-01,lag_8,0.0067970654739664,4.1732047409563796e-05,0.002254573153179878,0.002024546335518187
1988-03-01,1988-04-01,lag_9,0.0051660293028339,0.0,0.002254573153179878,0.002024546335518187
1988-03-01,1988-04-01,lag_10,0.0063027667626691,0.0,0.002254573153179878,0.002024546335518187
1988-03-01,1988-04-01,lag_11,0.0063111142311358,0.0,0.002254573153179878,0.002024546335518187
1988-03-01,1988-04-01,volatility_3m,0.0025984000220108244,0.0,0.002254573153179878,0.002024546335518187
1988-04-01,1988-05-01,lag_0,0.0057843790126419,0.00016973821337547008,0.0029821980656166147,0.0019368146310107996
1988-04-01,1988-05-01,lag_1,0.0024648224249466,0.0,0.0029821980656166147,0.0019368146310107996
1988-04-01,1988-05-01,lag_2,0.0049992713406421,0.0,0.0029821980656166147,0.0019368146310107996
1988-04-01,1988-05-01,lag_3,-0.0001970082890574,0.0,0.0029821980656166147,0.0019368146310107996
1988-04-01,1988-05-01,lag_4,0.005592546578943,0.0,0.0029821980656166147,0.0019368146310107996
1988-04-01,1988-05-01,lag_5,0.0048659460435285,0.0,0.0029821980656166147,0.0019368146310107996
1988-04-01,1988-05-01,lag_6,0.0132334951092074,0.000631474448044306,0.0029821980656166147,0.0019368146310107996
1988-04-01,1988-05-01,lag_7,0.0039317740129067,0.0,0.0029821980656166147,0.0019368146310107996
1988-04-01,1988-05-01,lag_8,0.0074780815378376,0.000244170773186039,0.0029821980656166147,0.0019368146310107996
1988-04-01,1988-05-01,lag_9,0.0067970654739664,0.0,0.0029821980656166147,0.0019368146310107996
1988-04-01,1988-05-01,lag_10,0.0051660293028339,0.0,0.0029821980656166147,0.0019368146310107996
1988-04-01,1988-05-01,lag_11,0.0063027667626691,0.0,0.0029821980656166147,0.0019368146310107996
1988-04-01,1988-05-01,volatility_3m,0.001734900636050679,0.0,0.0029821980656166147,0.0019368146310107996
1988-05-01,1988-06-01,lag_0,-0.0020182730831876,-0.00010764585546292046,0.001824040418649201,0.002086960417230944
1988-05-01,1988-06-01,lag_1,0.0057843790126419,0.0,0.001824040418649201,0.002086960417230944
1988-05-01,1988-06-01,lag_2,0.0024648224249466,0.0,0.001824040418649201,0.002086960417230944
1988-05-01,1988-06-01,lag_3,0.0049992713406421,0.0,0.001824040418649201,0.002086960417230944
1988-05-01,1988-06-01,lag_4,-0.0001970082890574,0.0,0.001824040418649201,0.002086960417230944
1988-05-01,1988-06-01,lag_5,0.005592546578943,0.0,0.001824040418649201,0.002086960417230944
1988-05-01,1988-06-01,lag_6,0.0048659460435285,0.0,0.001824040418649201,0.002086960417230944
1988-05-01,1988-06-01,lag_7,0.0132334951092074,-0.00015527414311882235,0.001824040418649201,0.002086960417230944
1988-05-01,1988-06-01,lag_8,0.0039317740129067,0.0,0.001824040418649201,0.002086960417230944
1988-05-01,1988-06-01,lag_9,0.0074780815378376,0.0,0.001824040418649201,0.002086960417230944
1988-05-01,1988-06-01,lag_10,0.0067970654739664,0.0,0.001824040418649201,0.002086960417230944
1988-05-01,1988-06-01,lag_11,0.0051660293028339,0.0,0.001824040418649201,0.002086960417230944
1988-05-01,1988-06-01,volatility_3m,0.003915758355723635,0.0,0.001824040418649201,0.002086960417230944
1988-06-01,1988-07-01,lag_0,0.0028969273941674,0.0,0.00198938557249222,0.0019360080608168894
1988-06-01,1988-07-01,lag_1,-0.0020182730831876,0.0,0.00198938557249222,0.0019360080608168894
1988-06-01,1988-07-01,lag_2,0.0057843790126419,5.3377511675330646e-05,0.00198938557249222,0.0019360080608168894
1988-06-01,1988-07-01,lag_3,0.0024648224249466,0.0,0.00198938557249222,0.0019360080608168894
1988-06-01,1988-07-01,lag_4,0.0049992713406421,0.0,0.00198938557249222,0.0019360080608168894
1988-06-01,1988-07-01,lag_5,-0.0001970082890574,0.0,0.00198938557249222,0.0019360080608168894
1988-06-01,1988-07-01,lag_6,0.005592546578943,0.0,0.00198938557249222,0.0019360080608168894
1988-06-01,1988-07-01,lag_7,0.0048659460435285,0.0,0.00198938557249222,0.0019360080608168894
1988-06-01,1988-07-01,lag_8,0.0132334951092074,0.0,0.00198938557249222,0.0019360080608168894
1988-06-01,1988-07-01,lag_9,0.0039317740129067,0.0,0.00198938557249222,0.0019360080608168894
1988-06-01,1988-07-01,lag_10,0.0074780815378376,0.0,0.00198938557249222,0.0019360080608168894
1988-06-01,1988-07-01,lag_11,0.0067970654739664,0.0,0.00198938557249222,0.0019360080608168894
1988-06-01,1988-07-01,volatility_3m,0.00394499582404034,0.0,0.00198938557249222,0.0019360080608168894
1988-07-01,1988-08-01,lag_0,0.0001469114322585,0.0,0.0020633664125336397,0.0020178680737696166
1988-07-01,1988-08-01,lag_1,0.0028969273941674,0.0,0.0020633664125336397,0.0020178680737696166
1988-07-01,1988-08-01,lag_2,-0.0020182730831876,0.0,0.0020633664125336397,0.0020178680737696166
1988-07-01,1988-08-01,lag_3,0.0057843790126419,0.0,0.0020633664125336397,0.0020178680737696166
1988-07-01,1988-08-01,lag_4,0.0024648224249466,0.0,0.0020633664125336397,0.0020178680737696166
1988-07-01,1988-08-01,lag_5,0.0049992713406421,0.0,0.0020633664125336397,0.0020178680737696166
1988-07-01,1988-08-01,lag_6,-0.0001970082890574,0.0,0.0020633664125336397,0.0020178680737696166
1988-07-01,1988-08-01,lag_7,0.005592546578943,0.0,0.0020633664125336397,0.0020178680737696166
1988-07-01,1988-08-01,lag_8,0.0048659460435285,0.0,0.0020633664125336397,0.0020178680737696166
1988-07-01,1988-08-01,lag_9,0.0132334951092074,4.549833876402306e-05,0.0020633664125336397,0.0020178680737696166
1988-07-01,1988-08-01,lag_10,0.0039317740129067,0.0,0.0020633664125336397,0.0020178680737696166
1988-07-01,1988-08-01,lag_11,0.0074780815378376,0.0,0.0020633664125336397,0.0020178680737696166
1988-07-01,1988-08-01,volatility_3m,0.002463392224463119,0.0,0.0020633664125336397,0.0020178680737696166
1988-08-01,1988-09-01,lag_0,0.0050016792782372,3.680124117914647e-05,0.00207600481848972,0.0020392035773105733
1988-08-01,1988-09-01,lag_1,0.0001469114322585,0.0,0.00207600481848972,0.0020392035773105733
1988-08-01,1988-09-01,lag_2,0.0028969273941674,0.0,0.00207600481848972,0.0020392035773105733
1988-08-01,1988-09-01,lag_3,-0.0020182730831876,0.0,0.00207600481848972,0.0020392035773105733
1988-08-01,1988-09-01,lag_4,0.0057843790126419,0.0,0.00207600481848972,0.0020392035773105733
1988-08-01,1988-09-01,lag_5,0.0024648224249466,0.0,0.00207600481848972,0.0020392035773105733
1988-08-01,1988-09-01,lag_6,0.0049992713406421,0.0,0.00207600481848972,0.0020392035773105733
1988-08-01,1988-09-01,lag_7,-0.0001970082890574,0.0,0.00207600481848972,0.0020392035773105733
1988-08-01,1988-09-01,lag_8,0.005592546578943,0.0,0.00207600481848972,0.0020392035773105733
1988-08-01,1988-09-01,lag_9,0.0048659460435285,0.0,0.00207600481848972,0.0020392035773105733
1988-08-01,1988-09-01,lag_10,0.0132334951092074,0.0,0.00207600481848972,0.0020392035773105733
1988-08-01,1988-09-01,lag_11,0.0039317740129067,0.0,0.00207600481848972,0.0020392035773105733
1988-08-01,1988-09-01,volatility_3m,0.002434520456633358,0.0,0.00207600481848972,0.0020392035773105733
1988-09-01,1988-10-01,lag_0,-0.0031296333588732,-0.00018587683189213305,0.0018759480423819266,0.0020618248742740597
1988-09-01,1988-10-01,lag_1,0.0050016792782372,0.0,0.0018759480423819266,0.0020618248742740597
1988-09-01,1988-10-01,lag_2,0.0001469114322585,0.0,0.0018759480423819266,0.0020618248742740597
1988-09-01,1988-10-01,lag_3,0.0028969273941674,0.0,0.0018759480423819266,0.0020618248742740597
1988-09-01,1988-10-01,lag_4,-0.0020182730831876,0.0,0.0018759480423819266,0.0020618248742740597
1988-09-01,1988-10-01,lag_5,0.0057843790126419,0.0,0.0018759480423819266,0.0020618248742740597
1988-09-01,1988-10-01,lag_6,0.0024648224249466,0.0,0.0018759480423819266,0.0020618248742740597
1988-09-01,1988-10-01,lag_7,0.0049992713406421,0.0,0.0018759480423819266,0.0020618248742740597
1988-09-01,1988-10-01,lag_8,-0.0001970082890574,0.0,0.0018759480423819266,0.0020618248742740597
1988-09-01,1988-10-01,lag_9,0.005592546578943,0.0,0.0018759480423819266,0.0020618248742740597
1988-09-01,1988-10-01,lag_10,0.0048659460435285,0.0,0.0018759480423819266,0.0020618248742740597
1988-09-01,1988-10-01,lag_11,0.0132334951092074,0.0,0.0018759480423819266,0.0020618248742740597
1988-09-01,1988-10-01,volatility_3m,0.0040911033925065616,0.0,0.0018759480423819266,0.0020618248742740597
1988-10-01,1988-11-01,lag_0,0.0043015363906127,0.0,0.0020778747981754046,0.002024398907249259
1988-10-01,1988-11-01,lag_1,-0.0031296333588732,0.0,0.0020778747981754046,0.002024398907249259
1988-10-01,1988-11-01,lag_2,0.0050016792782372,0.0,0.0020778747981754046,0.002024398907249259
1988-10-01,1988-11-01,lag_3,0.0001469114322585,0.0,0.0020778747981754046,0.002024398907249259
1988-10-01,1988-11-01,lag_4,0.0028969273941674,0.0,0.0020778747981754046,0.002024398907249259
1988-10-01,1988-11-01,lag_5,-0.0020182730831876,0.0,0.0020778747981754046,0.002024398907249259
1988-10-01,1988-11-01,lag_6,0.0057843790126419,0.0,0.0020778747981754046,0.002024398907249259
1988-10-01,1988-11-01,lag_7,0.0024648224249466,0.0,0.0020778747981754046,0.002024398907249259
1988-10-01,1988-11-01,lag_8,0.0049992713406421,0.0,0.0020778747981754046,0.002024398907249259
1988-10-01,1988-11-01,lag_9,-0.0001970082890574,0.0,0.0020778747981754046,0.002024398907249259
1988-10-01,1988-11-01,lag_10,0.005592546578943,0.0,0.0020778747981754046,0.002024398907249259
1988-10-01,1988-11-01,lag_11,0.0048659460435285,0.0,0.0020778747981754046,0.002024398907249259
1988-10-01,1988-11-01,volatility_3m,0.004506120450956987,0.0,0.0020778747981754046,0.002024398907249259
1988-11-01,1988-12-01,lag_0,0.0024157555877204,0.0,0.0020508326319952433,0.002080497549928453
1988-11-01,1988-12-01,lag_1,0.0043015363906127,0.0,0.0020508326319952433,0.002080497549928453
1988-11-01,1988-12-01,lag_2,-0.0031296333588732,-2.9664917933209904e-05,0.0020508326319952433,0.002080497549928453
1988-11-01,1988-12-01,lag_3,0.0050016792782372,0.0,0.0020508326319952433,0.002080497549928453
1988-11-01,1988-12-01,lag_4,0.0001469114322585,0.0,0.0020508326319952433,0.002080497549928453
1988-11-01,1988-12-01,lag_5,0.0028969273941674,0.0,0.0020508326319952433,0.002080497549928453
1988-11-01,1988-12-01,lag_6,-0.0020182730831876,0.0,0.0020508326319952433,0.002080497549928453
1988-11-01,1988-12-01,lag_7,0.0057843790126419,0.0,0.0020508326319952433,0.002080497549928453
1988-11-01,1988-12-01,lag_8,0.0024648224249466,0.0,0.0020508326319952433,0.002080497549928453
1988-11-01,1988-12-01,lag_9,0.0049992713406421,0.0,0.0020508326319952433,0.002080497549928453
1988-11-01,1988-12-01,lag_10,-0.0001970082890574,0.0,0.0020508326319952433,0.002080497549928453
1988-11-01,1988-12-01,lag_11,0.005592546578943,0.0,0.0020508326319952433,0.002080497549928453
1988-11-01,1988-12-01,volatility_3m,0.0038628528242572644,0.0,0.0020508326319952433,0.002080497549928453
1988-12-01,1989-01-01,lag_0,0.004519309178077,0.0,0.0022054608427305757,0.0020573845516066755
1988-12-01,1989-01-01,lag_1,0.0024157555877204,0.0,0.0022054608427305757,0.0020573845516066755
1988-12-01,1989-01-01,lag_2,0.0043015363906127,0.0,0.0022054608427305757,0.0020573845516066755
1988-12-01,1989-01-01,lag_3,-0.0031296333588732,0.0,0.0022054608427305757,0.0020573845516066755
1988-12-01,1989-01-01,lag_4,0.0050016792782372,0.0,0.0022054608427305757,0.0020573845516066755
1988-12-01,1989-01-01,lag_5,0.0001469114322585,0.0,0.0022054608427305757,0.0020573845516066755
1988-12-01,1989-01-01,lag_6,0.0028969273941674,0.0,0.0022054608427305757,0.0020573845516066755
1988-12-01,1989-01-01,lag_7,-0.0020182730831876,0.0,0.0022054608427305757,0.0020573845516066755
1988-12-01,1989-01-01,lag_8,0.0057843790126419,0.0,0.0022054608427305757,0.0020573845516066755
1988-12-01,1989-01-01,lag_9,0.0024648224249466,0.0,0.0022054608427305757,0.0020573845516066755
1988-12-01,1989-01-01,lag_10,0.0049992713406421,0.0,0.0022054608427305757,0.0020573845516066755
1988-12-01,1989-01-01,lag_11,-0.0001970082890574,0.0,0.0022054608427305757,0.0020573845516066755
1988-12-01,1989-01-01,volatility_3m,0.0011567578204489796,0.0,0.0022054608427305757,0.0020573845516066755
1989-01-01,1989-02-01,lag_0,0.002945349132478,0.0,0.002236643045571321,0.0021311276920662216
1989-01-01,1989-02-01,lag_1,0.004519309178077,0.0,0.002236643045571321,0.0021311276920662216
1989-01-01,1989-02-01,lag_2,0.0024157555877204,0.0,0.002236643045571321,0.0021311276920662216
1989-01-01,1989-02-01,lag_3,0.0043015363906127,0.0,0.002236643045571321,0.0021311276920662216
1989-01-01,1989-02-01,lag_4,-0.0031296333588732,0.0,0.002236643045571321,0.0021311276920662216
1989-01-01,1989-02-01,lag_5,0.0050016792782372,0.0,0.002236643045571321,0.0021311276920662216
1989-01-01,1989-02-01,lag_6,0.0001469114322585,0.0,0.002236643045571321,0.0021311276920662216
1989-01-01,1989-02-01,lag_7,0.0028969273941674,0.0,0.002236643045571321,0.0021311276920662216
1989-01-01,1989-02-01,lag_8,-0.0020182730831876,0.0,0.002236643045571321,0.0021311276920662216
1989-01-01,1989-02-01,lag_9,0.0057843790126419,0.0,0.002236643045571321,0.0021311276920662216
1989-01-01,1989-02-01,lag_10,0.0024648224249466,0.0,0.002236643045571321,0.0021311276920662216
1989-01-01,1989-02-01,lag_11,0.0049992713406421,0.0,0.002236643045571321,0.0021311276920662216
1989-01-01,1989-02-01,volatility_3m,0.001094132628713499,0.0,0.002236643045571321,0.0021311276920662216
1989-02-01,1989-03-01,lag_0,-0.0044349968419306,-0.0006728944497728281,0.0015980528441078903,0.0018924083316324994
1989-02-01,1989-03-01,lag_1,0.002945349132478,0.0,0.0015980528441078903,0.0018924083316324994
1989-02-01,1989-03-01,lag_2,0.004519309178077,0.0,0.0015980528441078903,0.0018924083316324994
1989-02-01,1989-03-01,lag_3,0.0024157555877204,0.0,0.0015980528441078903,0.0018924083316324994
1989-02-01,1989-03-01,lag_4,0.0043015363906127,0.0,0.0015980528441078903,0.0018924083316324994
1989-02-01,1989-03-01,lag_5,-0.0031296333588732,0.0,0.0015980528441078903,0.0018924083316324994
1989-02-01,1989-03-01,lag_6,0.0050016792782372,0.000378538962248219,0.0015980528441078903,0.0018924083316324994
1989-02-01,1989-03-01,lag_7,0.0001469114322585,0.0,0.0015980528441078903,0.0018924083316324994
1989-02-01,1989-03-01,lag_8,0.0028969273941674,0.0,0.0015980528441078903,0.0018924083316324994
1989-02-01,1989-03-01,lag_9,-0.0020182730831876,0.0,0.0015980528441078903,0.0018924083316324994
1989-02-01,1989-03-01,lag_10,0.0057843790126419,0.0,0.0015980528441078903,0.0018924083316324994
1989-02-01,1989-03-01,lag_11,0.0024648224249466,0.0,0.0015980528441078903,0.0018924083316324994
1989-02-01,1989-03-01,volatility_3m,0.004780628501690539,0.0,0.0015980528441078903,0.0018924083316324994
1989-03-01,1989-04-01,lag_0,0.0024976084295813,0.0,0.001756199577390271,0.0020860900745129102
1989-03-01,1989-04-01,lag_1,-0.0044349968419306,-0.0003298904971226393,0.001756199577390271,0.0020860900745129102
1989-03-01,1989-04-01,lag_2,0.002945349132478,0.0,0.001756199577390271,0.0020860900745129102
1989-03-01,1989-04-01,lag_3,0.004519309178077,0.0,0.001756199577390271,0.0020860900745129102
1989-03-01,1989-04-01,lag_4,0.0024157555877204,0.0,0.001756199577390271,0.0020860900745129102
1989-03-01,1989-04-01,lag_5,0.0043015363906127,0.0,0.001756199577390271,0.0020860900745129102
1989-03-01,1989-04-01,lag_6,-0.0031296333588732,0.0,0.001756199577390271,0.0020860900745129102
1989-03-01,1989-04-01,lag_7,0.0050016792782372,0.0,0.001756199577390271,0.0020860900745129102
1989-03-01,1989-04-01,lag_8,0.0001469114322585,0.0,0.001756199577390271,0.0020860900745129102
1989-03-01,1989-04-01,lag_9,0.0028969273941674,0.0,0.001756199577390271,0.0020860900745129102
1989-03-01,1989-04-01,lag_10,-0.0020182730831876,0.0,0.001756199577390271,0.0020860900745129102
1989-03-01,1989-04-01,lag_11,0.0057843790126419,0.0,0.001756199577390271,0.0020860900745129102
1989-03-01,1989-04-01,volatility_3m,0.004137853595959993,0.0,0.001756199577390271,0.0020860900745129102
1989-04-01,1989-05-01,lag_0,-0.0001496807216438,-0.00011047023103289097,0.0018382931643530602,0.002102894613327799
1989-04-01,1989-05-01,lag_1,0.0024976084295813,0.0,0.0018382931643530602,0.002102894613327799
1989-04-01,1989-05-01,lag_2,-0.0044349968419306,-0.00015413121794184765,0.0018382931643530602,0.002102894613327799
1989-04-01,1989-05-01,lag_3,0.002945349132478,0.0,0.0018382931643530602,0.002102894613327799
1989-04-01,1989-05-01,lag_4,0.004519309178077,0.0,0.0018382931643530602,0.002102894613327799
1989-04-01,1989-05-01,lag_5,0.0024157555877204,0.0,0.0018382931643530602,0.002102894613327799
1989-04-01,1989-05-01,lag_6,0.0043015363906127,0.0,0.0018382931643530602,0.002102894613327799
1989-04-01,1989-05-01,lag_7,-0.0031296333588732,0.0,0.0018382931643530602,0.002102894613327799
1989-04-01,1989-05-01,lag_8,0.0050016792782372,0.0,0.0018382931643530602,0.002102894613327799
1989-04-01,1989-05-01,lag_9,0.0001469114322585,0.0,0.0018382931643530602,0.002102894613327799
1989-04-01,1989-05-01,lag_10,0.0028969273941674,0.0,0.0018382931643530602,0.002102894613327799
1989-04-01,1989-05-01,lag_11,-0.0020182730831876,0.0,0.0018382931643530602,0.002102894613327799
1989-04-01,1989-05-01,volatility_3m,0.0034984065408787328,0.0,0.0018382931643530602,0.002102894613327799
1989-05-01,1989-06-01,lag_0,-0.00570129548713,-0.0006905155359300899,0.0009234548839110075,0.0019992813647825365
1989-05-01,1989-06-01,lag_1,-0.0001496807216438,-9.736559532009972e-05,0.0009234548839110075,0.0019992813647825365
1989-05-01,1989-06-01,lag_2,0.0024976084295813,0.0,0.0009234548839110075,0.0019992813647825365
1989-05-01,1989-06-01,lag_3,-0.0044349968419306,-0.0001320860470368249,0.0009234548839110075,0.0019992813647825365
1989-05-01,1989-06-01,lag_4,0.002945349132478,0.0,0.0009234548839110075,0.0019992813647825365
1989-05-01,1989-06-01,lag_5,0.004519309178077,0.0,0.0009234548839110075,0.0019992813647825365
1989-05-01,1989-06-01,lag_6,0.0024157555877204,0.0,0.0009234548839110075,0.0019992813647825365
1989-05-01,1989-06-01,lag_7,0.0043015363906127,0.0,0.0009234548839110075,0.0019992813647825365
1989-05-01,1989-06-01,lag_8,-0.0031296333588732,-0.00015585930258451452,0.0009234548839110075,0.0019992813647825365
1989-05-01,1989-06-01,lag_9,0.0050016792782372,0.0,0.0009234548839110075,0.0019992813647825365
1989-05-01,1989-06-01,lag_10,0.0001469114322585,0.0,0.0009234548839110075,0.0019992813647825365
1989-05-01,1989-06-01,lag_11,0.0028969273941674,0.0,0.0009234548839110075,0.0019992813647825365
1989-05-01,1989-06-01,volatility_3m,0.004184307823882432,0.0,0.0009234548839110075,0.0019992813647825365
1989-06-01,1989-07-01,lag_0,-7.60861911217603e-05,-0.0007627675264155494,-0.0009214337729514289,0.002090497819674918
1989-06-01,1989-07-01,lag_1,-0.00570129548713,-0.001213516219818031,-0.0009214337729514289,0.002090497819674918
1989-06-01,1989-07-01,lag_2,-0.0001496807216438,-6.428660189610155e-05,-0.0009214337729514289,0.002090497819674918
1989-06-01,1989-07-01,lag_3,0.0024976084295813,-0.0001976477384025301,-0.0009214337729514289,0.002090497819674918
1989-06-01,1989-07-01,lag_4,-0.0044349968419306,-0.0002776750642632315,-0.0009214337729514289,0.002090497819674918
1989-06-01,1989-07-01,lag_5,0.002945349132478,-6.2207161471187e-05,-0.0009214337729514289,0.002090497819674918
1989-06-01,1989-07-01,lag_6,0.004519309178077,0.0,-0.0009214337729514289,0.002090497819674918
1989-06-01,1989-07-01,lag_7,0.0024157555877204,-0.000149297200947475,-0.0009214337729514289,0.002090497819674918
1989-06-01,1989-07-01,lag_8,0.0043015363906127,0.0,-0.0009214337729514289,0.002090497819674918
1989-06-01,1989-07-01,lag_9,-0.0031296333588732,0.0,-0.0009214337729514289,0.002090497819674918
1989-06-01,1989-07-01,lag_10,0.0050016792782372,0.0,-0.0009214337729514289,0.002090497819674918
1989-06-01,1989-07-01,lag_11,0.0001469114322585,-0.00018478844550780035,-0.0009214337729514289,0.002090497819674918
1989-06-01,1989-07-01,volatility_3m,0.003226681016234914,-9.974563390444117e-05,-0.0009214337729514289,0.002090497819674918
1989-07-01,1989-08-01,lag_0,-0.0096939596892555,-0.0020690099321896897,-0.0020449232706459533,0.001917531949534058
1989-07-01,1989-08-01,lag_1,-7.60861911217603e-05,-0.0005347474885459815,-0.0020449232706459533,0.001917531949534058
1989-07-01,1989-08-01,lag_2,-0.00570129548713,0.0,-0.0020449232706459533,0.001917531949534058
1989-07-01,1989-08-01,lag_3,-0.0001496807216438,-0.0003488370362808482,-0.0020449232706459533,0.001917531949534058
1989-07-01,1989-08-01,lag_4,0.0024976084295813,-0.00018095195258714759,-0.0020449232706459533,0.001917531949534058
1989-07-01,1989-08-01,lag_5,-0.0044349968419306,-0.0003619601431576653,-0.0020449232706459533,0.001917531949534058
1989-07-01,1989-08-01,lag_6,0.002945349132478,0.0,-0.0020449232706459533,0.001917531949534058
1989-07-01,1989-08-01,lag_7,0.004519309178077,0.0,-0.0020449232706459533,0.001917531949534058
1989-07-01,1989-08-01,lag_8,0.0024157555877204,0.0,-0.0020449232706459533,0.001917531949534058
1989-07-01,1989-08-01,lag_9,0.0043015363906127,-0.00019090323922732995,-0.0020449232706459533,0.001917531949534058
1989-07-01,1989-08-01,lag_10,-0.0031296333588732,-0.00010888017506690563,-0.0020449232706459533,0.001917531949534058
1989-07-01,1989-08-01,lag_11,0.0050016792782372,-6.859965039375483e-05,-0.0020449232706459533,0.001917531949534058
1989-07-01,1989-08-01,volatility_3m,0.004831974021745415,-9.856560273068898e-05,-0.0020449232706459533,0.001917531949534058
1989-08-01,1989-09-01,lag_0,0.0097506201691528,0.002786229451713728,0.003598769661344199,0.001870247594584812
1989-08-01,1989-09-01,lag_1,-0.0096939596892555,-0.0013557265398656483,0.003598769661344199,0.001870247594584812
1989-08-01,1989-09-01,lag_2,-7.60861911217603e-05,0.0,0.003598769661344199,0.001870247594584812
1989-08-01,1989-09-01,lag_3,-0.00570129548713,0.0,0.003598769661344199,0.001870247594584812
1989-08-01,1989-09-01,lag_4,-0.0001496807216438,-0.000252854835406978,0.003598769661344199,0.001870247594584812
1989-08-01,1989-09-01,lag_5,0.0024976084295813,0.0,0.003598769661344199,0.001870247594584812
1989-08-01,1989-09-01,lag_6,-0.0044349968419306,-0.0006935545822275462,0.003598769661344199,0.001870247594584812
1989-08-01,1989-09-01,lag_7,0.002945349132478,0.0,0.003598769661344199,0.001870247594584812
1989-08-01,1989-09-01,lag_8,0.004519309178077,0.0,0.003598769661344199,0.001870247594584812
1989-08-01,1989-09-01,lag_9,0.0024157555877204,0.0,0.003598769661344199,0.001870247594584812
1989-08-01,1989-09-01,lag_10,0.0043015363906127,0.0,0.003598769661344199,0.001870247594584812
1989-08-01,1989-09-01,lag_11,-0.0031296333588732,0.0,0.003598769661344199,0.001870247594584812
1989-08-01,1989-09-01,volatility_3m,0.009722476831095919,0.0012444285725458316,0.003598769661344199,0.001870247594584812
1989-09-01,1989-10-01,lag_0,-0.0031389665895469,-0.0014611309244083018,-0.0015473733576598374,0.0018985501311954962
1989-09-01,1989-10-01,lag_1,0.0097506201691528,0.0010793679483035476,-0.0015473733576598374,0.0018985501311954962
1989-09-01,1989-10-01,lag_2,-0.0096939596892555,-0.0005717126989604492,-0.0015473733576598374,0.0018985501311954962
1989-09-01,1989-10-01,lag_3,-7.60861911217603e-05,-0.0005216660573385559,-0.0015473733576598374,0.0018985501311954962
1989-09-01,1989-10-01,lag_4,-0.00570129548713,-0.00021222232751463282,-0.0015473733576598374,0.0018985501311954962
1989-09-01,1989-10-01,lag_5,-0.0001496807216438,-0.00024759511437909997,-0.0015473733576598374,0.0018985501311954962
1989-09-01,1989-10-01,lag_6,0.0024976084295813,0.0,-0.0015473733576598374,0.0018985501311954962
1989-09-01,1989-10-01,lag_7,-0.0044349968419306,-0.0006246716509704257,-0.0015473733576598374,0.0018985501311954962
1989-09-01,1989-10-01,lag_8,0.002945349132478,0.0,-0.0015473733576598374,0.0018985501311954962
1989-09-01,1989-10-01,lag_9,0.004519309178077,-0.00023608279639157417,-0.0015473733576598374,0.0018985501311954962
1989-09-01,1989-10-01,lag_10,0.0024157555877204,0.0,-0.0015473733576598374,0.0018985501311954962
1989-09-01,1989-10-01,lag_11,0.0043015363906127,-0.00010784289305572044,-0.0015473733576598374,0.0018985501311954962
1989-09-01,1989-10-01,volatility_3m,0.009892767284042179,-0.0005423669741401207,-0.0015473733576598374,0.0018985501311954962
1989-10-01,1989-11-01,lag_0,-0.0013487581284179,-0.0011547560778241812,-0.0006015799234475392,0.0019411694931145145
1989-10-01,1989-11-01,lag_1,-0.0031389665895469,-0.0008613200706756078,-0.0006015799234475392,0.0019411694931145145
1989-10-01,1989-11-01,lag_2,0.0097506201691528,0.0,-0.0006015799234475392,0.0019411694931145145
1989-10-01,1989-11-01,lag_3,-0.0096939596892555,0.0,-0.0006015799234475392,0.0019411694931145145
1989-10-01,1989-11-01,lag_4,-7.60861911217603e-05,-0.00019385526283040603,-0.0006015799234475392,0.0019411694931145145
1989-10-01,1989-11-01,lag_5,-0.00570129548713,0.0,-0.0006015799234475392,0.0019411694931145145
1989-10-01,1989-11-01,lag_6,-0.0001496807216438,-0.00018478296757806607,-0.0006015799234475392,0.0019411694931145145
1989-10-01,1989-11-01,lag_7,0.0024976084295813,-7.835445313582602e-05,-0.0006015799234475392,0.0019411694931145145
1989-10-01,1989-11-01,lag_8,-0.0044349968419306,-0.0003647530031097541,-0.0006015799234475392,0.0019411694931145145
1989-10-01,1989-11-01,lag_9,0.002945349132478,-0.00013252768312801793,-0.0006015799234475392,0.0019411694931145145
1989-10-01,1989-11-01,lag_10,0.004519309178077,0.0,-0.0006015799234475392,0.0019411694931145145
1989-10-01,1989-11-01,lag_11,0.0024157555877204,0.0,-0.0006015799234475392,0.0019411694931145145
1989-10-01,1989-11-01,volatility_3m,0.006982627152881259,0.0004276001017198055,-0.0006015799234475392,0.0019411694931145145
1989-11-01,1989-12-01,lag_0,0.0033733524412147,0.0,0.0012215719945439783,0.0018099012375251981
1989-11-01,1989-12-01,lag_1,-0.0013487581284179,-0.000681084479241682,0.0012215719945439783,0.0018099012375251981
1989-11-01,1989-12-01,lag_2,-0.0031389665895469,0.0,0.0012215719945439783,0.0018099012375251981
1989-11-01,1989-12-01,lag_3,0.0097506201691528,0.0008663759242688621,0.0012215719945439783,0.0018099012375251981
1989-11-01,1989-12-01,lag_4,-0.0096939596892555,0.0,0.0012215719945439783,0.0018099012375251981
1989-11-01,1989-12-01,lag_5,-7.60861911217603e-05,-0.00013301196680228953,0.0012215719945439783,0.0018099012375251981
1989-11-01,1989-12-01,lag_6,-0.00570129548713,-0.00043017756366167816,0.0012215719945439783,0.0018099012375251981
1989-11-01,1989-12-01,lag_7,-0.0001496807216438,0.0,0.0012215719945439783,0.0018099012375251981
1989-11-01,1989-12-01,lag_8,0.0024976084295813,0.0,0.0012215719945439783,0.0018099012375251981
1989-11-01,1989-12-01,lag_9,-0.0044349968419306,-0.0002104311575444323,0.0012215719945439783,0.0018099012375251981
1989-11-01,1989-12-01,lag_10,0.002945349132478,0.0,0.0012215719945439783,0.0018099012375251981
1989-11-01,1989-12-01,lag_11,0.004519309178077,0.0,0.0012215719945439783,0.0018099012375251981
1989-11-01,1989-12-01,volatility_3m,0.003364359119866008,0.0,0.0012215719945439783,0.0018099012375251981
1989-12-01,1990-01-01,lag_0,0.0054692282901092,0.0011739120602490822,0.001792420042046744,0.0019387318465381293
1989-12-01,1990-01-01,lag_1,0.0033733524412147,0.0,0.001792420042046744,0.0019387318465381293
1989-12-01,1990-01-01,lag_2,-0.0013487581284179,0.0,0.001792420042046744,0.0019387318465381293
1989-12-01,1990-01-01,lag_3,-0.0031389665895469,-0.00037071881355740094,0.001792420042046744,0.0019387318465381293
1989-12-01,1990-01-01,lag_4,0.0097506201691528,0.00040877715166353436,0.001792420042046744,0.0019387318465381293
1989-12-01,1990-01-01,lag_5,-0.0096939596892555,0.0,0.001792420042046744,0.0019387318465381293
1989-12-01,1990-01-01,lag_6,-7.60861911217603e-05,-0.00022659167502069765,0.001792420042046744,0.0019387318465381293
1989-12-01,1990-01-01,lag_7,-0.00570129548713,0.0,0.001792420042046744,0.0019387318465381293
1989-12-01,1990-01-01,lag_8,-0.0001496807216438,-0.00013348917441016346,0.001792420042046744,0.0019387318465381293
1989-12-01,1990-01-01,lag_9,0.0024976084295813,-0.00014248575832316604,0.001792420042046744,0.0019387318465381293
1989-12-01,1990-01-01,lag_10,-0.0044349968419306,-0.00058128643358628,0.001792420042046744,0.0019387318465381293
1989-12-01,1990-01-01,lag_11,0.002945349132478,0.0,0.001792420042046744,0.0019387318465381293
1989-12-01,1990-01-01,volatility_3m,0.003492276301808396,-0.00027442916150629377,0.001792420042046744,0.0019387318465381293
1990-01-01,1990-02-01,lag_0,-0.0050706327669249,-0.001011681288439107,0.0003092044632341551,0.0020260252798407624
1990-01-01,1990-02-01,lag_1,0.0054692282901092,0.0008302343566588499,0.0003092044632341551,0.0020260252798407624
1990-01-01,1990-02-01,lag_2,0.0033733524412147,0.0,0.0003092044632341551,0.0020260252798407624
1990-01-01,1990-02-01,lag_3,-0.0013487581284179,-0.0005791178678688149,0.0003092044632341551,0.0020260252798407624
1990-01-01,1990-02-01,lag_4,-0.0031389665895469,0.0,0.0003092044632341551,0.0020260252798407624
1990-01-01,1990-02-01,lag_5,0.0097506201691528,0.0,0.0003092044632341551,0.0020260252798407624
1990-01-01,1990-02-01,lag_6,-0.0096939596892555,-0.0007380207997986011,0.0003092044632341551,0.0020260252798407624
1990-01-01,1990-02-01,lag_7,-7.60861911217603e-05,-0.0003404623913722306,0.0003092044632341551,0.0020260252798407624
1990-01-01,1990-02-01,lag_8,-0.00570129548713,0.0004272512025034754,0.0003092044632341551,0.0020260252798407624
1990-01-01,1990-02-01,lag_9,-0.0001496807216438,0.0,0.0003092044632341551,0.0020260252798407624
1990-01-01,1990-02-01,lag_10,0.0024976084295813,0.0,0.0003092044632341551,0.0020260252798407624
1990-01-01,1990-02-01,lag_11,-0.0044349968419306,0.0,0.0003092044632341551,0.0020260252798407624
1990-01-01,1990-02-01,volatility_3m,0.005579460142206765,-0.00030502402829017894,0.0003092044632341551,0.0020260252798407624
1990-02-01,1990-03-01,lag_0,0.0090406409731595,0.002462149143437981,0.006404728742811028,0.002052223758427044
1990-02-01,1990-03-01,lag_1,-0.0050706327669249,-0.0007680873087663917,0.006404728742811028,0.002052223758427044
1990-02-01,1990-03-01,lag_2,0.0054692282901092,0.0,0.006404728742811028,0.002052223758427044
1990-02-01,1990-03-01,lag_3,0.0033733524412147,0.0,0.006404728742811028,0.002052223758427044
1990-02-01,1990-03-01,lag_4,-0.0013487581284179,0.0,0.006404728742811028,0.002052223758427044
1990-02-01,1990-03-01,lag_5,-0.0031389665895469,0.00011614267040895715,0.006404728742811028,0.002052223758427044
1990-02-01,1990-03-01,lag_6,0.0097506201691528,0.0007878551710672682,0.006404728742811028,0.002052223758427044
1990-02-01,1990-03-01,lag_7,-0.0096939596892555,0.0005824627665243831,0.006404728742811028,0.002052223758427044
1990-02-01,1990-03-01,lag_8,-7.60861911217603e-05,0.0,0.006404728742811028,0.002052223758427044
1990-02-01,1990-03-01,lag_9,-0.00570129548713,0.0008142738994673803,0.006404728742811028,0.002052223758427044
1990-02-01,1990-03-01,lag_10,-0.0001496807216438,0.0,0.006404728742811028,0.002052223758427044
1990-02-01,1990-03-01,lag_11,0.0024976084295813,0.0,0.006404728742811028,0.002052223758427044
1990-02-01,1990-03-01,volatility_3m,0.007336798873053471,0.00035770864224440635,0.006404728742811028,0.002052223758427044
1990-03-01,1990-04-01,lag_0,0.0049692029917487,0.0,0.001597231269194882,0.0020227803722554006
1990-03-01,1990-04-01,lag_1,0.0090406409731595,0.0012303967314341692,0.001597231269194882,0.0020227803722554006
1990-03-01,1990-04-01,lag_2,-0.0050706327669249,-0.0005405479742075938,0.001597231269194882,0.0020227803722554006
1990-03-01,1990-04-01,lag_3,0.0054692282901092,0.0,0.001597231269194882,0.0020227803722554006
1990-03-01,1990-04-01,lag_4,0.0033733524412147,-0.00028572415365689044,0.001597231269194882,0.0020227803722554006
1990-03-01,1990-04-01,lag_5,-0.0013487581284179,-0.00030511254578132965,0.001597231269194882,0.0020227803722554006
1990-03-01,1990-04-01,lag_6,-0.0031389665895469,0.0,0.001597231269194882,0.0020227803722554006
1990-03-01,1990-04-01,lag_7,0.0097506201691528,0.0005250276066753518,0.001597231269194882,0.0020227803722554006
1990-03-01,1990-04-01,lag_8,-0.0096939596892555,-0.000625770826884512,0.001597231269194882,0.0020227803722554006
1990-03-01,1990-04-01,lag_9,-7.60861911217603e-05,0.0,0.001597231269194882,0.0020227803722554006
1990-03-01,1990-04-01,lag_10,-0.00570129548713,-0.00042381794063971374,0.001597231269194882,0.0020227803722554006
1990-03-01,1990-04-01,lag_11,-0.0001496807216438,0.0,0.001597231269194882,0.0020227803722554006
1990-03-01,1990-04-01,volatility_3m,0.0072629534381133025,0.0,0.001597231269194882,0.0020227803722554006
1990-04-01,1990-05-01,lag_0,-0.0026232502058824,-0.0017371190317515535,0.0026102279539936225,0.002129169691829762
1990-04-01,1990-05-01,lag_1,0.0049692029917487,0.00020920120886922588,0.0026102279539936225,0.002129169691829762
1990-04-01,1990-05-01,lag_2,0.0090406409731595,0.00033695379296538083,0.0026102279539936225,0.002129169691829762
1990-04-01,1990-05-01,lag_3,-0.0050706327669249,0.0,0.0026102279539936225,0.002129169691829762
1990-04-01,1990-05-01,lag_4,0.0054692282901092,0.00027300158686599497,0.0026102279539936225,0.002129169691829762
1990-04-01,1990-05-01,lag_5,0.0033733524412147,0.0,0.0026102279539936225,0.002129169691829762
1990-04-01,1990-05-01,lag_6,-0.0013487581284179,-0.00044211833517389246,0.0026102279539936225,0.002129169691829762
1990-04-01,1990-05-01,lag_7,-0.0031389665895469,0.0,0.0026102279539936225,0.002129169691829762
1990-04-01,1990-05-01,lag_8,0.0097506201691528,0.000393880515873885,0.0026102279539936225,0.002129169691829762
1990-04-01,1990-05-01,lag_9,-0.0096939596892555,0.0014472585245148197,0.0026102279539936225,0.002129169691829762
1990-04-01,1990-05-01,lag_10,-7.60861911217603e-05,0.0,0.0026102279539936225,0.002129169691829762
1990-04-01,1990-05-01,lag_11,-0.00570129548713,0.0,0.0026102279539936225,0.002129169691829762
1990-04-01,1990-05-01,volatility_3m,0.005919857968893407,0.0,0.0026102279539936225,0.002129169691829762
1990-05-01,1990-06-01,lag_0,0.003036903319729,0.0,0.00521811652627398,0.0020923875839760813
1990-05-01,1990-06-01,lag_1,-0.0026232502058824,-0.0012425377626486848,0.00521811652627398,0.0020923875839760813
1990-05-01,1990-06-01,lag_2,0.0049692029917487,0.0,0.00521811652627398,0.0020923875839760813
1990-05-01,1990-06-01,lag_3,0.0090406409731595,0.0014887308133076727,0.00521811652627398,0.0020923875839760813
1990-05-01,1990-06-01,lag_4,-0.0050706327669249,0.0009700999911956642,0.00521811652627398,0.0020923875839760813
1990-05-01,1990-06-01,lag_5,0.0054692282901092,0.0002378205629882755,0.00521811652627398,0.0020923875839760813
1990-05-01,1990-06-01,lag_6,0.0033733524412147,0.0,0.00521811652627398,0.0020923875839760813
1990-05-01,1990-06-01,lag_7,-0.0013487581284179,0.0,0.00521811652627398,0.0020923875839760813
1990-05-01,1990-06-01,lag_8,-0.0031389665895469,0.0,0.00521811652627398,0.0020923875839760813
1990-05-01,1990-06-01,lag_9,0.0097506201691528,0.0006491044724237583,0.00521811652627398,0.0020923875839760813
1990-05-01,1990-06-01,lag_10,-0.0096939596892555,0.0010225108650312135,0.00521811652627398,0.0020923875839760813
1990-05-01,1990-06-01,lag_11,-7.60861911217603e-05,0.0,0.00521811652627398,0.0020923875839760813
1990-05-01,1990-06-01,volatility_3m,0.003945809285689424,0.0,0.00521811652627398,0.0020923875839760813
1990-06-01,1990-07-01,lag_0,0.0033858350269504,0.0,0.0008858004542012926,0.0018782638905585607
1990-06-01,1990-07-01,lag_1,0.003036903319729,0.0,0.0008858004542012926,0.0018782638905585607
1990-06-01,1990-07-01,lag_2,-0.0026232502058824,-0.0004569044332034208,0.0008858004542012926,0.0018782638905585607
1990-06-01,1990-07-01,lag_3,0.0049692029917487,-6.809347683432905e-05,0.0008858004542012926,0.0018782638905585607
1990-06-01,1990-07-01,lag_4,0.0090406409731595,-8.998652588146435e-05,0.0008858004542012926,0.0018782638905585607
1990-06-01,1990-07-01,lag_5,-0.0050706327669249,-0.00022667490506686087,0.0008858004542012926,0.0018782638905585607
1990-06-01,1990-07-01,lag_6,0.0054692282901092,0.0,0.0008858004542012926,0.0018782638905585607
1990-06-01,1990-07-01,lag_7,0.0033733524412147,0.0,0.0008858004542012926,0.0018782638905585607
1990-06-01,1990-07-01,lag_8,-0.0013487581284179,0.0,0.0008858004542012926,0.0018782638905585607
1990-06-01,1990-07-01,lag_9,-0.0031389665895469,0.0,0.0008858004542012926,0.0018782638905585607
1990-06-01,1990-07-01,lag_10,0.0097506201691528,-0.00015080409537119295,0.0008858004542012926,0.0018782638905585607
1990-06-01,1990-07-01,lag_11,-0.0096939596892555,0.0,0.0008858004542012926,0.0018782638905585607
1990-06-01,1990-07-01,volatility_3m,0.0033731339682172134,0.0,0.0008858004542012926,0.0018782638905585607
1990-07-01,1990-08-01,lag_0,-0.0017488731555337,-0.00035117299056338904,0.0005029795281071144,0.0018490997252705243
1990-07-01,1990-08-01,lag_1,0.0033858350269504,0.0,0.0005029795281071144,0.0018490997252705243
1990-07-01,1990-08-01,lag_2,0.003036903319729,0.0,0.0005029795281071144,0.0018490997252705243
1990-07-01,1990-08-01,lag_3,-0.0026232502058824,0.0,0.0005029795281071144,0.0018490997252705243
1990-07-01,1990-08-01,lag_4,0.0049692029917487,0.0,0.0005029795281071144,0.0018490997252705243
1990-07-01,1990-08-01,lag_5,0.0090406409731595,0.0,0.0005029795281071144,0.0018490997252705243
1990-07-01,1990-08-01,lag_6,-0.0050706327669249,-0.0006451228426543785,0.0005029795281071144,0.0018490997252705243
1990-07-01,1990-08-01,lag_7,0.0054692282901092,-4.61144267260849e-05,0.0005029795281071144,0.0018490997252705243
1990-07-01,1990-08-01,lag_8,0.0033733524412147,-9.023453705201262e-05,0.0005029795281071144,0.0018490997252705243
1990-07-01,1990-08-01,lag_9,-0.0013487581284179,0.0,0.0005029795281071144,0.0018490997252705243
1990-07-01,1990-08-01,lag_10,-0.0031389665895469,0.0,0.0005029795281071144,0.0018490997252705243
1990-07-01,1990-08-01,lag_11,0.0097506201691528,-0.00013283720141841788,0.0005029795281071144,0.0018490997252705243
1990-07-01,1990-08-01,volatility_3m,0.0028691066532619373,-8.063819874912674e-05,0.0005029795281071144,0.0018490997252705243
1990-08-01,1990-09-01,lag_0,0.0034867499970046,0.0,0.0029926363791304535,0.0018590378932285283
1990-08-01,1990-09-01,lag_1,-0.0017488731555337,0.0,0.0029926363791304535,0.0018590378932285283
1990-08-01,1990-09-01,lag_2,0.0033858350269504,0.0,0.0029926363791304535,0.0018590378932285283
1990-08-01,1990-09-01,lag_3,0.003036903319729,0.0,0.0029926363791304535,0.0018590378932285283
1990-08-01,1990-09-01,lag_4,-0.0026232502058824,6.48852347986556e-05,0.0029926363791304535,0.0018590378932285283
1990-08-01,1990-09-01,lag_5,0.0049692029917487,4.758601237450108e-05,0.0029926363791304535,0.0018590378932285283
1990-08-01,1990-09-01,lag_6,0.0090406409731595,0.0007482982683605323,0.0029926363791304535,0.0018590378932285283
1990-08-01,1990-09-01,lag_7,-0.0050706327669249,0.0001895276801210743,0.0029926363791304535,0.0018590378932285283
1990-08-01,1990-09-01,lag_8,0.0054692282901092,0.0,0.0029926363791304535,0.0018590378932285283
1990-08-01,1990-09-01,lag_9,0.0033733524412147,0.0,0.0029926363791304535,0.0018590378932285283
1990-08-01,1990-09-01,lag_10,-0.0013487581284179,3.194612886912385e-05,0.0029926363791304535,0.0018590378932285283
1990-08-01,1990-09-01,lag_11,-0.0031389665895469,5.1355161378038176e-05,0.0029926363791304535,0.0018590378932285283
1990-08-01,1990-09-01,volatility_3m,0.0029940819891313736,0.0,0.0029926363791304535,0.0018590378932285283
1990-09-01,1990-10-01,lag_0,7.625111401843299e-05,-0.0002861965932999604,0.0008285085658471995,0.0018396276586604143
1990-09-01,1990-10-01,lag_1,0.0034867499970046,0.0,0.0008285085658471995,0.0018396276586604143
1990-09-01,1990-10-01,lag_2,-0.0017488731555337,-0.0004954118243248996,0.0008285085658471995,0.0018396276586604143
1990-09-01,1990-10-01,lag_3,0.0033858350269504,0.0,0.0008285085658471995,0.0018396276586604143
1990-09-01,1990-10-01,lag_4,0.003036903319729,0.0,0.0008285085658471995,0.0018396276586604143
1990-09-01,1990-10-01,lag_5,-0.0026232502058824,-0.00023448578950976067,0.0008285085658471995,0.0018396276586604143
1990-09-01,1990-10-01,lag_6,0.0049692029917487,0.0,0.0008285085658471995,0.0018396276586604143
1990-09-01,1990-10-01,lag_7,0.0090406409731595,-0.0002795567655300741,0.0008285085658471995,0.0018396276586604143
1990-09-01,1990-10-01,lag_8,-0.0050706327669249,0.0004450563833312952,0.0008285085658471995,0.0018396276586604143
1990-09-01,1990-10-01,lag_9,0.0054692282901092,0.0,0.0008285085658471995,0.0018396276586604143
1990-09-01,1990-10-01,lag_10,0.0033733524412147,0.0,0.0008285085658471995,0.0018396276586604143
1990-09-01,1990-10-01,lag_11,-0.0013487581284179,0.0,0.0008285085658471995,0.0018396276586604143
1990-09-01,1990-10-01,volatility_3m,0.002657515475826785,-0.0001605245034798152,0.0008285085658471995,0.0018396276586604143
1990-10-01,1990-11-01,lag_0,-0.0058596531436769,-0.0005711253808910308,0.0003590852846857645,0.0018159771718508576
1990-10-01,1990-11-01,lag_1,7.625111401843299e-05,-4.752078009684379e-05,0.0003590852846857645,0.0018159771718508576
1990-10-01,1990-11-01,lag_2,0.0034867499970046,0.0,0.0003590852846857645,0.0018159771718508576
1990-10-01,1990-11-01,lag_3,-0.0017488731555337,0.0,0.0003590852846857645,0.0018159771718508576
1990-10-01,1990-11-01,lag_4,0.0033858350269504,0.0,0.0003590852846857645,0.0018159771718508576
1990-10-01,1990-11-01,lag_5,0.003036903319729,0.0,0.0003590852846857645,0.0018159771718508576
1990-10-01,1990-11-01,lag_6,-0.0026232502058824,-0.0003526661151285913,0.0003590852846857645,0.0018159771718508576
1990-10-01,1990-11-01,lag_7,0.0049692029917487,-6.01993879114779e-05,0.0003590852846857645,0.0018159771718508576
1990-10-01,1990-11-01,lag_8,0.0090406409731595,-0.0003544557737331647,0.0003590852846857645,0.0018159771718508576
1990-10-01,1990-11-01,lag_9,-0.0050706327669249,0.0,0.0003590852846857645,0.0018159771718508576
1990-10-01,1990-11-01,lag_10,0.0054692282901092,-7.092444940398489e-05,0.0003590852846857645,0.0018159771718508576
1990-10-01,1990-11-01,lag_11,0.0033733524412147,0.0,0.0003590852846857645,0.0018159771718508576
1990-10-01,1990-11-01,volatility_3m,0.004729723629267649,0.0,0.0003590852846857645,0.0018159771718508576
1990-11-01,1990-12-01,lag_0,-0.0127971437648062,-0.0010071213362145821,0.0002598368604464875,0.0017638506967535088
1990-11-01,1990-12-01,lag_1,-0.0058596531436769,-0.00016411399553494188,0.0002598368604464875,0.0017638506967535088
1990-11-01,1990-12-01,lag_2,7.625111401843299e-05,-0.00017695105736439582,0.0002598368604464875,0.0017638506967535088
1990-11-01,1990-12-01,lag_3,0.0034867499970046,0.0,0.0002598368604464875,0.0017638506967535088
1990-11-01,1990-12-01,lag_4,-0.0017488731555337,0.0,0.0002598368604464875,0.0017638506967535088
1990-11-01,1990-12-01,lag_5,0.0033858350269504,0.0,0.0002598368604464875,0.0017638506967535088
1990-11-01,1990-12-01,lag_6,0.003036903319729,0.0,0.0002598368604464875,0.0017638506967535088
1990-11-01,1990-12-01,lag_7,-0.0026232502058824,0.0,0.0002598368604464875,0.0017638506967535088
1990-11-01,1990-12-01,lag_8,0.0049692029917487,-0.00012018862626453186,0.0002598368604464875,0.0017638506967535088
1990-11-01,1990-12-01,lag_9,0.0090406409731595,-3.563882092856964e-05,0.0002598368604464875,0.0017638506967535088
1990-11-01,1990-12-01,lag_10,-0.0050706327669249,0.0,0.0002598368604464875,0.0017638506967535088
1990-11-01,1990-12-01,lag_11,0.0054692282901092,0.0,0.0002598368604464875,0.0017638506967535088
1990-11-01,1990-12-01,volatility_3m,0.006443188020187559,0.0,0.0002598368604464875,0.0017638506967535088
1990-12-01,1991-01-01,lag_0,-0.0073665965881337,-0.0005233487001723975,0.00021217008726777967,0.0017255677264720222
1990-12-01,1991-01-01,lag_1,-0.0127971437648062,-0.0002999672676594591,0.00021217008726777967,0.0017255677264720222
1990-12-01,1991-01-01,lag_2,-0.0058596531436769,-0.0005058014644172903,0.00021217008726777967,0.0017255677264720222
1990-12-01,1991-01-01,lag_3,7.625111401843299e-05,0.0,0.00021217008726777967,0.0017255677264720222
1990-12-01,1991-01-01,lag_4,0.0034867499970046,0.0,0.00021217008726777967,0.0017255677264720222
1990-12-01,1991-01-01,lag_5,-0.0017488731555337,-7.041946454149203e-05,0.00021217008726777967,0.0017255677264720222
1990-12-01,1991-01-01,lag_6,0.0033858350269504,0.0,0.00021217008726777967,0.0017255677264720222
1990-12-01,1991-01-01,lag_7,0.003036903319729,0.0,0.00021217008726777967,0.0017255677264720222
1990-12-01,1991-01-01,lag_8,-0.0026232502058824,0.0,0.00021217008726777967,0.0017255677264720222
1990-12-01,1991-01-01,lag_9,0.0049692029917487,0.0,0.00021217008726777967,0.0017255677264720222
1990-12-01,1991-01-01,lag_10,0.0090406409731595,-0.00011386074241360367,0.00021217008726777967,0.0017255677264720222
1990-12-01,1991-01-01,lag_11,-0.0050706327669249,0.0,0.00021217008726777967,0.0017255677264720222
1990-12-01,1991-01-01,volatility_3m,0.003648983815190059,0.0,0.00021217008726777967,0.0017255677264720222
1991-01-01,1991-02-01,lag_0,-0.0032611910765636,-0.0003127059419713498,0.00016774149762413618,0.0016580787570554993
1991-01-01,1991-02-01,lag_1,-0.0073665965881337,-0.00016951915532169564,0.00016774149762413618,0.0016580787570554993
1991-01-01,1991-02-01,lag_2,-0.0127971437648062,-0.0007573460544432818,0.00016774149762413618,0.0016580787570554993
1991-01-01,1991-02-01,lag_3,-0.0058596531436769,0.0,0.00016774149762413618,0.0016580787570554993
1991-01-01,1991-02-01,lag_4,7.625111401843299e-05,0.0,0.00016774149762413618,0.0016580787570554993
1991-01-01,1991-02-01,lag_5,0.0034867499970046,0.0,0.00016774149762413618,0.0016580787570554993
1991-01-01,1991-02-01,lag_6,-0.0017488731555337,-0.00018987592735602869,0.00016774149762413618,0.0016580787570554993
1991-01-01,1991-02-01,lag_7,0.0033858350269504,0.0,0.00016774149762413618,0.0016580787570554993
1991-01-01,1991-02-01,lag_8,0.003036903319729,0.0,0.00016774149762413618,0.0016580787570554993
1991-01-01,1991-02-01,lag_9,-0.0026232502058824,0.0,0.00016774149762413618,0.0016580787570554993
1991-01-01,1991-02-01,lag_10,0.0049692029917487,0.0,0.00016774149762413618,0.0016580787570554993
1991-01-01,1991-02-01,lag_11,0.0090406409731595,-6.089018033900726e-05,0.00016774149762413618,0.0016580787570554993
1991-01-01,1991-02-01,volatility_3m,0.004783297166963688,0.0,0.00016774149762413618,0.0016580787570554993
1991-02-01,1991-03-01,lag_0,-0.0074159360650281,-0.0008796338467876975,0.00012001882334625484,0.0016215214542534039
1991-02-01,1991-03-01,lag_1,-0.0032611910765636,-0.0001996886960853833,0.00012001882334625484,0.0016215214542534039
1991-02-01,1991-03-01,lag_2,-0.0073665965881337,-0.0009700836279326368,0.00012001882334625484,0.0016215214542534039
1991-02-01,1991-03-01,lag_3,-0.0127971437648062,0.0006955217268709349,0.00012001882334625484,0.0016215214542534039
1991-02-01,1991-03-01,lag_4,-0.0058596531436769,0.0,0.00012001882334625484,0.0016215214542534039
1991-02-01,1991-03-01,lag_5,7.625111401843299e-05,0.0,0.00012001882334625484,0.0016215214542534039
1991-02-01,1991-03-01,lag_6,0.0034867499970046,0.0,0.00012001882334625484,0.0016215214542534039
1991-02-01,1991-03-01,lag_7,-0.0017488731555337,0.0,0.00012001882334625484,0.0016215214542534039
1991-02-01,1991-03-01,lag_8,0.0033858350269504,0.0,0.00012001882334625484,0.0016215214542534039
1991-02-01,1991-03-01,lag_9,0.003036903319729,0.0,0.00012001882334625484,0.0016215214542534039
1991-02-01,1991-03-01,lag_10,-0.0026232502058824,0.0,0.00012001882334625484,0.0016215214542534039
1991-02-01,1991-03-01,lag_11,0.0049692029917487,0.0,0.00012001882334625484,0.0016215214542534039
1991-02-01,1991-03-01,volatility_3m,0.002384627668965718,-0.00014761818697236638,0.00012001882334625484,0.0016215214542534039
1991-03-01,1991-04-01,lag_0,-0.0057710392662917,-0.0007148922682441306,8.04868735822459e-05,0.0015989678319990744
1991-03-01,1991-04-01,lag_1,-0.0074159360650281,-0.0003054514262876517,8.04868735822459e-05,0.0015989678319990744
1991-03-01,1991-04-01,lag_2,-0.0032611910765636,-0.0005722362677673153,8.04868735822459e-05,0.0015989678319990744
1991-03-01,1991-04-01,lag_3,-0.0073665965881337,0.000436600386225821,8.04868735822459e-05,0.0015989678319990744
1991-03-01,1991-04-01,lag_4,-0.0127971437648062,0.00034684453984438384,8.04868735822459e-05,0.0015989678319990744
1991-03-01,1991-04-01,lag_5,-0.0058596531436769,-0.000312486293276283,8.04868735822459e-05,0.0015989678319990744
1991-03-01,1991-04-01,lag_6,7.625111401843299e-05,-0.00023104209244965664,8.04868735822459e-05,0.0015989678319990744
1991-03-01,1991-04-01,lag_7,0.0034867499970046,0.0,8.04868735822459e-05,0.0015989678319990744
1991-03-01,1991-04-01,lag_8,-0.0017488731555337,0.0,8.04868735822459e-05,0.0015989678319990744
1991-03-01,1991-04-01,lag_9,0.0033858350269504,0.0,8.04868735822459e-05,0.0015989678319990744
1991-03-01,1991-04-01,lag_10,0.003036903319729,0.0,8.04868735822459e-05,0.0015989678319990744
1991-03-01,1991-04-01,lag_11,-0.0026232502058824,0.0,8.04868735822459e-05,0.0015989678319990744
1991-03-01,1991-04-01,volatility_3m,0.0020923244383996135,-0.00016581753646199634,8.04868735822459e-05,0.0015989678319990744
1991-04-01,1991-05-01,lag_0,0.0026351435941132,0.0,0.00011048070781890046,0.00159994258881866
1991-04-01,1991-05-01,lag_1,-0.0057710392662917,-0.00013819258966438078,0.00011048070781890046,0.00159994258881866
1991-04-01,1991-05-01,lag_2,-0.0074159360650281,-0.0005748492072460119,0.00011048070781890046,0.00159994258881866
1991-04-01,1991-05-01,lag_3,-0.0032611910765636,0.0,0.00011048070781890046,0.00159994258881866
1991-04-01,1991-05-01,lag_4,-0.0073665965881337,0.0,0.00011048070781890046,0.00159994258881866
1991-04-01,1991-05-01,lag_5,-0.0127971437648062,-0.00033178863363147955,0.00011048070781890046,0.00159994258881866
1991-04-01,1991-05-01,lag_6,-0.0058596531436769,-0.0004446314504578873,0.00011048070781890046,0.00159994258881866
1991-04-01,1991-05-01,lag_7,7.625111401843299e-05,0.0,0.00011048070781890046,0.00159994258881866
1991-04-01,1991-05-01,lag_8,0.0034867499970046,0.0,0.00011048070781890046,0.00159994258881866
1991-04-01,1991-05-01,lag_9,-0.0017488731555337,0.0,0.00011048070781890046,0.00159994258881866
1991-04-01,1991-05-01,lag_10,0.0033858350269504,0.0,0.00011048070781890046,0.00159994258881866
1991-04-01,1991-05-01,lag_11,0.003036903319729,0.0,0.00011048070781890046,0.00159994258881866
1991-04-01,1991-05-01,volatility_3m,0.005391255235339638,0.0,0.00011048070781890046,0.00159994258881866
1991-05-01,1991-06-01,lag_0,0.0093701506011978,0.0005278677584524726,0.0005301036727081876,0.0016375262968875938
1991-05-01,1991-06-01,lag_1,0.0026351435941132,0.0,0.0005301036727081876,0.0016375262968875938
1991-05-01,1991-06-01,lag_2,-0.0057710392662917,-0.000859108808895599,0.0005301036727081876,0.0016375262968875938
1991-05-01,1991-06-01,lag_3,-0.0074159360650281,0.0005405688748983762,0.0005301036727081876,0.0016375262968875938
1991-05-01,1991-06-01,lag_4,-0.0032611910765636,0.0,0.0005301036727081876,0.0016375262968875938
1991-05-01,1991-06-01,lag_5,-0.0073665965881337,-0.00042324083243546216,0.0005301036727081876,0.0016375262968875938
1991-05-01,1991-06-01,lag_6,-0.0127971437648062,-0.0014990787497844362,0.0005301036727081876,0.0016375262968875938
1991-05-01,1991-06-01,lag_7,-0.0058596531436769,0.00031272620129149615,0.0005301036727081876,0.0016375262968875938
1991-05-01,1991-06-01,lag_8,7.625111401843299e-05,0.0,0.0005301036727081876,0.0016375262968875938
1991-05-01,1991-06-01,lag_9,0.0034867499970046,0.0,0.0005301036727081876,0.0016375262968875938
1991-05-01,1991-06-01,lag_10,-0.0017488731555337,0.0,0.0005301036727081876,0.0016375262968875938
1991-05-01,1991-06-01,lag_11,0.0033858350269504,0.0,0.0005301036727081876,0.0016375262968875938
1991-05-01,1991-06-01,volatility_3m,0.007585950393890564,0.0002928429322937461,0.0005301036727081876,0.0016375262968875938
1991-06-01,1991-07-01,lag_0,0.0080704132490545,0.0016884075524495352,0.004669055114743234,0.002210125052470594
1991-06-01,1991-07-01,lag_1,0.0093701506011978,0.0010551326726604552,0.004669055114743234,0.002210125052470594
1991-06-01,1991-07-01,lag_2,0.0026351435941132,0.0,0.004669055114743234,0.002210125052470594
1991-06-01,1991-07-01,lag_3,-0.0057710392662917,0.0,0.004669055114743234,0.002210125052470594
1991-06-01,1991-07-01,lag_4,-0.0074159360650281,0.0010033510468985807,0.004669055114743234,0.002210125052470594
1991-06-01,1991-07-01,lag_5,-0.0032611910765636,0.000461533378359471,0.004669055114743234,0.002210125052470594
1991-06-01,1991-07-01,lag_6,-0.0073665965881337,0.0,0.004669055114743234,0.002210125052470594
1991-06-01,1991-07-01,lag_7,-0.0127971437648062,-0.00039239931715119667,0.004669055114743234,0.002210125052470594
1991-06-01,1991-07-01,lag_8,-0.0058596531436769,-0.001796968084349487,0.004669055114743234,0.002210125052470594
1991-06-01,1991-07-01,lag_9,7.625111401843299e-05,0.0,0.004669055114743234,0.002210125052470594
1991-06-01,1991-07-01,lag_10,0.0034867499970046,0.0,0.004669055114743234,0.002210125052470594
1991-06-01,1991-07-01,lag_11,-0.0017488731555337,0.00043987281340528085,0.004669055114743234,0.002210125052470594
1991-06-01,1991-07-01,volatility_3m,0.003572855832336388,0.0,0.004669055114743234,0.002210125052470594
1991-07-01,1991-08-01,lag_0,0.0027966918655684,0.0,0.002385336292235499,0.0020633514048856772
1991-07-01,1991-08-01,lag_1,0.0080704132490545,0.000660695922459457,0.002385336292235499,0.0020633514048856772
1991-07-01,1991-08-01,lag_2,0.0093701506011978,0.0008488262029152744,0.002385336292235499,0.0020633514048856772
1991-07-01,1991-08-01,lag_3,0.0026351435941132,0.0,0.002385336292235499,0.0020633514048856772
1991-07-01,1991-08-01,lag_4,-0.0057710392662917,0.0009602993767181845,0.002385336292235499,0.0020633514048856772
1991-07-01,1991-08-01,lag_5,-0.0074159360650281,0.0004334934917537135,0.002385336292235499,0.0020633514048856772
1991-07-01,1991-08-01,lag_6,-0.0032611910765636,0.0,0.002385336292235499,0.0020633514048856772
1991-07-01,1991-08-01,lag_7,-0.0073665965881337,-0.0006090744401352653,0.002385336292235499,0.0020633514048856772
1991-07-01,1991-08-01,lag_8,-0.0127971437648062,-0.0019722556663615423,0.002385336292235499,0.0020633514048856772
1991-07-01,1991-08-01,lag_9,-0.0058596531436769,0.0,0.002385336292235499,0.0020633514048856772
1991-07-01,1991-08-01,lag_10,7.625111401843299e-05,0.0,0.002385336292235499,0.0020633514048856772
1991-07-01,1991-08-01,lag_11,0.0034867499970046,0.0,0.002385336292235499,0.0020633514048856772
1991-07-01,1991-08-01,volatility_3m,0.003481183088267012,0.0,0.002385336292235499,0.0020633514048856772
1991-08-01,1991-09-01,lag_0,-1.1339677612909329e-05,-0.000938863691275912,0.0015073367738690294,0.002096005812944641
1991-08-01,1991-09-01,lag_1,0.0027966918655684,0.0,0.0015073367738690294,0.002096005812944641
1991-08-01,1991-09-01,lag_2,0.0080704132490545,0.0011195955723217533,0.0015073367738690294,0.002096005812944641
1991-08-01,1991-09-01,lag_3,0.0093701506011978,0.00025485394028765794,0.0015073367738690294,0.002096005812944641
1991-08-01,1991-09-01,lag_4,0.0026351435941132,0.0,0.0015073367738690294,0.002096005812944641
1991-08-01,1991-09-01,lag_5,-0.0057710392662917,0.0007461974670238206,0.0015073367738690294,0.002096005812944641
1991-08-01,1991-09-01,lag_6,-0.0074159360650281,0.0,0.0015073367738690294,0.002096005812944641
1991-08-01,1991-09-01,lag_7,-0.0032611910765636,0.0,0.0015073367738690294,0.002096005812944641
1991-08-01,1991-09-01,lag_8,-0.0073665965881337,-0.00108693352792779,0.0015073367738690294,0.002096005812944641
1991-08-01,1991-09-01,lag_9,-0.0127971437648062,-0.0006835187995051414,0.0015073367738690294,0.002096005812944641
1991-08-01,1991-09-01,lag_10,-0.0058596531436769,0.0,0.0015073367738690294,0.002096005812944641
1991-08-01,1991-09-01,lag_11,7.625111401843299e-05,0.0,0.0015073367738690294,0.002096005812944641
1991-08-01,1991-09-01,volatility_3m,0.004103086414433184,0.0,0.0015073367738690294,0.002096005812944641
1991-09-01,1991-10-01,lag_0,0.0079016589511224,0.0015941062828112244,0.004765325370286507,0.0019891655714794837
1991-09-01,1991-10-01,lag_1,-1.1339677612909329e-05,-0.0005020306686165272,0.004765325370286507,0.0019891655714794837
1991-09-01,1991-10-01,lag_2,0.0027966918655684,0.0,0.004765325370286507,0.0019891655714794837
1991-09-01,1991-10-01,lag_3,0.0080704132490545,0.0004485551567466377,0.004765325370286507,0.0019891655714794837
1991-09-01,1991-10-01,lag_4,0.0093701506011978,0.0,0.004765325370286507,0.0019891655714794837
1991-09-01,1991-10-01,lag_5,0.0026351435941132,0.0,0.004765325370286507,0.0019891655714794837
1991-09-01,1991-10-01,lag_6,-0.0057710392662917,0.00021434850667005362,0.004765325370286507,0.0019891655714794837
1991-09-01,1991-10-01,lag_7,-0.0074159360650281,-0.0005080518285034449,0.004765325370286507,0.0019891655714794837
1991-09-01,1991-10-01,lag_8,-0.0032611910765636,-0.00093106667678397,0.004765325370286507,0.0019891655714794837
1991-09-01,1991-10-01,lag_9,-0.0073665965881337,0.0002359850749495703,0.004765325370286507,0.0019891655714794837
1991-09-01,1991-10-01,lag_10,-0.0127971437648062,0.001473642690625746,0.004765325370286507,0.0019891655714794837
1991-09-01,1991-10-01,lag_11,-0.0058596531436769,0.0007506712609077334,0.004765325370286507,0.0019891655714794837
1991-09-01,1991-10-01,volatility_3m,0.004011676237153612,0.0,0.004765325370286507,0.0019891655714794837
1991-10-01,1991-11-01,lag_0,-0.0005466018382946,-0.0010618668101205057,0.003861451678988756,0.00160773593485257
1991-10-01,1991-11-01,lag_1,0.0079016589511224,0.00039902393654106305,0.003861451678988756,0.00160773593485257
1991-10-01,1991-11-01,lag_2,-1.1339677612909329e-05,0.0,0.003861451678988756,0.00160773593485257
1991-10-01,1991-11-01,lag_3,0.0027966918655684,0.0,0.003861451678988756,0.00160773593485257
1991-10-01,1991-11-01,lag_4,0.0080704132490545,-0.0006369366176067299,0.003861451678988756,0.00160773593485257
1991-10-01,1991-11-01,lag_5,0.0093701506011978,0.0012195842374411842,0.003861451678988756,0.00160773593485257
1991-10-01,1991-11-01,lag_6,0.0026351435941132,0.0,0.003861451678988756,0.00160773593485257
1991-10-01,1991-11-01,lag_7,-0.0057710392662917,0.0007573412376150718,0.003861451678988756,0.00160773593485257
1991-10-01,1991-11-01,lag_8,-0.0074159360650281,-0.001745257901747311,0.003861451678988756,0.00160773593485257
1991-10-01,1991-11-01,lag_9,-0.0032611910765636,0.00029370686245640786,0.003861451678988756,0.00160773593485257
1991-10-01,1991-11-01,lag_10,-0.0073665965881337,0.0003334423784908391,0.003861451678988756,0.00160773593485257
1991-10-01,1991-11-01,lag_11,-0.0127971437648062,0.002694678421066166,0.003861451678988756,0.00160773593485257
1991-10-01,1991-11-01,volatility_3m,0.004730665267609925,0.0,0.003861451678988756,0.00160773593485257
1991-11-01,1991-12-01,lag_0,-0.0015836157055426,-0.0010071941643852202,0.00023193561227026266,0.0018013289954841053
1991-11-01,1991-12-01,lag_1,-0.0005466018382946,-0.00036905635385489735,0.00023193561227026266,0.0018013289954841053
1991-11-01,1991-12-01,lag_2,0.0079016589511224,0.0,0.00023193561227026266,0.0018013289954841053
1991-11-01,1991-12-01,lag_3,-1.1339677612909329e-05,-0.000212495622865735,0.00023193561227026266,0.0018013289954841053
1991-11-01,1991-12-01,lag_4,0.0027966918655684,0.0,0.00023193561227026266,0.0018013289954841053
1991-11-01,1991-12-01,lag_5,0.0080704132490545,-0.0001173439126474459,0.00023193561227026266,0.0018013289954841053
1991-11-01,1991-12-01,lag_6,0.0093701506011978,0.0,0.00023193561227026266,0.0018013289954841053
1991-11-01,1991-12-01,lag_7,0.0026351435941132,0.0,0.00023193561227026266,0.0018013289954841053
1991-11-01,1991-12-01,lag_8,-0.0057710392662917,-0.0007962508292267412,0.00023193561227026266,0.0018013289954841053
1991-11-01,1991-12-01,lag_9,-0.0074159360650281,0.0,0.00023193561227026266,0.0018013289954841053
1991-11-01,1991-12-01,lag_10,-0.0032611910765636,0.0009329474997661966,0.00023193561227026266,0.0018013289954841053
1991-11-01,1991-12-01,lag_11,-0.0073665965881337,0.0,0.00023193561227026266,0.0018013289954841053
1991-11-01,1991-12-01,volatility_3m,0.005202866893025369,0.0,0.00023193561227026266,0.0018013289954841053
1991-12-01,1992-01-01,lag_0,-0.0048743843095229,-0.0021154854671099972,-3.402070311791204e-05,0.001875675883409706
1991-12-01,1992-01-01,lag_1,-0.0015836157055426,-0.0005730232285738719,-3.402070311791204e-05,0.001875675883409706
1991-12-01,1992-01-01,lag_2,-0.0005466018382946,-0.0003949522226876708,-3.402070311791204e-05,0.001875675883409706
1991-12-01,1992-01-01,lag_3,0.0079016589511224,0.0003756758353245912,-3.402070311791204e-05,0.001875675883409706
1991-12-01,1992-01-01,lag_4,-1.1339677612909329e-05,0.00031139881202380193,-3.402070311791204e-05,0.001875675883409706
1991-12-01,1992-01-01,lag_5,0.0027966918655684,0.0,-3.402070311791204e-05,0.001875675883409706
1991-12-01,1992-01-01,lag_6,0.0080704132490545,0.0,-3.402070311791204e-05,0.001875675883409706
1991-12-01,1992-01-01,lag_7,0.0093701506011978,0.0,-3.402070311791204e-05,0.001875675883409706
1991-12-01,1992-01-01,lag_8,0.0026351435941132,0.0,-3.402070311791204e-05,0.001875675883409706
1991-12-01,1992-01-01,lag_9,-0.0057710392662917,-0.00032505654310181027,-3.402070311791204e-05,0.001875675883409706
1991-12-01,1992-01-01,lag_10,-0.0074159360650281,0.00031931667622513474,-3.402070311791204e-05,0.001875675883409706
1991-12-01,1992-01-01,lag_11,-0.0032611910765636,0.0004924295513722044,-3.402070311791204e-05,0.001875675883409706
1991-12-01,1992-01-01,volatility_3m,0.002259581704802832,0.0,-3.402070311791204e-05,0.001875675883409706
1992-01-01,1992-02-01,lag_0,-0.0052512640267554,-0.0027384137329670055,-0.0011262649870127954,0.001687435467237944
1992-01-01,1992-02-01,lag_1,-0.0048743843095229,-0.0011745146859210858,-0.0011262649870127954,0.001687435467237944
1992-01-01,1992-02-01,lag_2,-0.0015836157055426,0.0,-0.0011262649870127954,0.001687435467237944
1992-01-01,1992-02-01,lag_3,-0.0005466018382946,-0.0003216529748488227,-0.0011262649870127954,0.001687435467237944
1992-01-01,1992-02-01,lag_4,0.0079016589511224,0.0,-0.0011262649870127954,0.001687435467237944
1992-01-01,1992-02-01,lag_5,-1.1339677612909329e-05,0.0,-0.0011262649870127954,0.001687435467237944
1992-01-01,1992-02-01,lag_6,0.0027966918655684,0.0,-0.0011262649870127954,0.001687435467237944
1992-01-01,1992-02-01,lag_7,0.0080704132490545,0.0,-0.0011262649870127954,0.001687435467237944
1992-01-01,1992-02-01,lag_8,0.0093701506011978,0.0009123233225590166,-0.0011262649870127954,0.001687435467237944
1992-01-01,1992-02-01,lag_9,0.0026351435941132,0.0,-0.0011262649870127954,0.001687435467237944
1992-01-01,1992-02-01,lag_10,-0.0057710392662917,0.0005085576169271586,-0.0011262649870127954,0.001687435467237944
1992-01-01,1992-02-01,lag_11,-0.0074159360650281,0.0,-0.0011262649870127954,0.001687435467237944
1992-01-01,1992-02-01,volatility_3m,0.0020175414301528308,0.0,-0.0011262649870127954,0.001687435467237944
1992-02-01,1992-03-01,lag_0,0.0070348895922904,0.00204381555348854,0.0021231891188292244,0.0016050556105686182
1992-02-01,1992-03-01,lag_1,-0.0052512640267554,-0.001315415384218289,0.0021231891188292244,0.0016050556105686182
1992-02-01,1992-03-01,lag_2,-0.0048743843095229,-0.00021070812084976662,0.0021231891188292244,0.0016050556105686182
1992-02-01,1992-03-01,lag_3,-0.0015836157055426,-0.0002660733967760661,0.0021231891188292244,0.0016050556105686182
1992-02-01,1992-03-01,lag_4,-0.0005466018382946,0.0,0.0021231891188292244,0.0016050556105686182
1992-02-01,1992-03-01,lag_5,0.0079016589511224,-0.00017795545388122602,0.0021231891188292244,0.0016050556105686182
1992-02-01,1992-03-01,lag_6,-1.1339677612909329e-05,-0.00012553244552630902,0.0021231891188292244,0.0016050556105686182
1992-02-01,1992-03-01,lag_7,0.0027966918655684,0.0,0.0021231891188292244,0.0016050556105686182
1992-02-01,1992-03-01,lag_8,0.0080704132490545,0.0008423360359236471,0.0021231891188292244,0.0016050556105686182
1992-02-01,1992-03-01,lag_9,0.0093701506011978,-0.0002723332798999244,0.0021231891188292244,0.0016050556105686182
1992-02-01,1992-03-01,lag_10,0.0026351435941132,0.0,0.0021231891188292244,0.0016050556105686182
1992-02-01,1992-03-01,lag_11,-0.0057710392662917,0.0,0.0021231891188292244,0.0016050556105686182
1992-02-01,1992-03-01,volatility_3m,0.0069871598180813645,0.0,0.0021231891188292244,0.0016050556105686182
1992-03-01,1992-04-01,lag_0,0.0084895220004987,0.0022487409423398467,0.003851762939613036,0.0014761104500616927
1992-03-01,1992-04-01,lag_1,0.0070348895922904,0.0006943602912689369,0.003851762939613036,0.0014761104500616927
1992-03-01,1992-04-01,lag_2,-0.0052512640267554,0.0,0.003851762939613036,0.0014761104500616927
1992-03-01,1992-04-01,lag_3,-0.0048743843095229,-0.0005802938709456946,0.003851762939613036,0.0014761104500616927
1992-03-01,1992-04-01,lag_4,-0.0015836157055426,0.0,0.003851762939613036,0.0014761104500616927
1992-03-01,1992-04-01,lag_5,-0.0005466018382946,0.00021028003172125862,0.003851762939613036,0.0014761104500616927
1992-03-01,1992-04-01,lag_6,0.0079016589511224,0.0,0.003851762939613036,0.0014761104500616927
1992-03-01,1992-04-01,lag_7,-1.1339677612909329e-05,0.0,0.003851762939613036,0.0014761104500616927
1992-03-01,1992-04-01,lag_8,0.0027966918655684,0.0,0.003851762939613036,0.0014761104500616927
1992-03-01,1992-04-01,lag_9,0.0080704132490545,0.0,0.003851762939613036,0.0014761104500616927
1992-03-01,1992-04-01,lag_10,0.0093701506011978,-0.0006457394609065895,0.003851762939613036,0.0014761104500616927
1992-03-01,1992-04-01,lag_11,0.0026351435941132,0.0,0.003851762939613036,0.0014761104500616927
1992-03-01,1992-04-01,volatility_3m,0.007548451572348945,0.00044830455607358595,0.003851762939613036,0.0014761104500616927
1992-04-01,1992-05-01,lag_0,0.0075614666667966,0.0018569492785434597,0.0028360101123631426,0.001491429389863528
1992-04-01,1992-05-01,lag_1,0.0084895220004987,0.0005843843871538567,0.0028360101123631426,0.001491429389863528
1992-04-01,1992-05-01,lag_2,0.0070348895922904,0.0009829866685190905,0.0028360101123631426,0.001491429389863528
1992-04-01,1992-05-01,lag_3,-0.0052512640267554,-0.0003809387917539084,0.0028360101123631426,0.001491429389863528
1992-04-01,1992-05-01,lag_4,-0.0048743843095229,-0.0005645547690460315,0.0028360101123631426,0.001491429389863528
1992-04-01,1992-05-01,lag_5,-0.0015836157055426,0.0,0.0028360101123631426,0.001491429389863528
1992-04-01,1992-05-01,lag_6,-0.0005466018382946,0.0,0.0028360101123631426,0.001491429389863528
1992-04-01,1992-05-01,lag_7,0.0079016589511224,0.0002964378250074428,0.0028360101123631426,0.001491429389863528
1992-04-01,1992-05-01,lag_8,-1.1339677612909329e-05,-0.00024054518973605304,0.0028360101123631426,0.001491429389863528
1992-04-01,1992-05-01,lag_9,0.0027966918655684,0.0,0.0028360101123631426,0.001491429389863528
1992-04-01,1992-05-01,lag_10,0.0080704132490545,-0.0005254814380065885,0.0028360101123631426,0.001491429389863528
1992-04-01,1992-05-01,lag_11,0.0093701506011978,0.0,0.0028360101123631426,0.001491429389863528
1992-04-01,1992-05-01,volatility_3m,0.0007364923127929103,-0.0006646572481816535,0.0028360101123631426,0.001491429389863528
1992-05-01,1992-06-01,lag_0,0.0032856911647831,0.000504232391824605,0.005923239029727483,0.0016418769576479052
1992-05-01,1992-06-01,lag_1,0.0075614666667966,0.0008297977631176397,0.005923239029727483,0.0016418769576479052
1992-05-01,1992-06-01,lag_2,0.0084895220004987,0.0004099885651315698,0.005923239029727483,0.0016418769576479052
1992-05-01,1992-06-01,lag_3,0.0070348895922904,0.00032757167507553375,0.005923239029727483,0.0016418769576479052
1992-05-01,1992-06-01,lag_4,-0.0052512640267554,0.0001893846966102529,0.005923239029727483,0.0016418769576479052
1992-05-01,1992-06-01,lag_5,-0.0048743843095229,0.0005195609693271119,0.005923239029727483,0.0016418769576479052
1992-05-01,1992-06-01,lag_6,-0.0015836157055426,0.00022979618775049098,0.005923239029727483,0.0016418769576479052
1992-05-01,1992-06-01,lag_7,-0.0005466018382946,0.0,0.005923239029727483,0.0016418769576479052
1992-05-01,1992-06-01,lag_8,0.0079016589511224,0.001271029823242374,0.005923239029727483,0.0016418769576479052
1992-05-01,1992-06-01,lag_9,-1.1339677612909329e-05,0.0,0.005923239029727483,0.0016418769576479052
1992-05-01,1992-06-01,lag_10,0.0027966918655684,0.0,0.005923239029727483,0.0016418769576479052
1992-05-01,1992-06-01,lag_11,0.0080704132490545,0.0,0.005923239029727483,0.0016418769576479052
1992-05-01,1992-06-01,volatility_3m,0.002775589973704577,0.0,0.005923239029727483,0.0016418769576479052
1992-06-01,1992-07-01,lag_0,0.0005117224959834,0.0,0.004120765074427581,0.0019828425422603766
1992-06-01,1992-07-01,lag_1,0.0032856911647831,0.0001427245850306614,0.004120765074427581,0.0019828425422603766
1992-06-01,1992-07-01,lag_2,0.0075614666667966,0.0007411753371129572,0.004120765074427581,0.0019828425422603766
1992-06-01,1992-07-01,lag_3,0.0084895220004987,0.00022945280561727157,0.004120765074427581,0.0019828425422603766
1992-06-01,1992-07-01,lag_4,0.0070348895922904,0.0,0.004120765074427581,0.0019828425422603766
1992-06-01,1992-07-01,lag_5,-0.0052512640267554,0.0003820597080859641,0.004120765074427581,0.0019828425422603766
1992-06-01,1992-07-01,lag_6,-0.0048743843095229,0.0,0.004120765074427581,0.0019828425422603766
1992-06-01,1992-07-01,lag_7,-0.0015836157055426,0.0,0.004120765074427581,0.0019828425422603766
1992-06-01,1992-07-01,lag_8,-0.0005466018382946,0.0,0.004120765074427581,0.0019828425422603766
1992-06-01,1992-07-01,lag_9,0.0079016589511224,0.0006425100963203499,0.004120765074427581,0.0019828425422603766
1992-06-01,1992-07-01,lag_10,-1.1339677612909329e-05,0.0,0.004120765074427581,0.0019828425422603766
1992-06-01,1992-07-01,lag_11,0.0027966918655684,0.0,0.004120765074427581,0.0019828425422603766
1992-06-01,1992-07-01,volatility_3m,0.00355143283743843,0.0,0.004120765074427581,0.0019828425422603766
1992-07-01,1992-08-01,lag_0,0.0091649380729315,0.0015251525313408469,0.0012065560589496855,0.0011660562024380613
1992-07-01,1992-08-01,lag_1,0.0005117224959834,-0.00027039169656473616,0.0012065560589496855,0.0011660562024380613
1992-07-01,1992-08-01,lag_2,0.0032856911647831,0.0,0.0012065560589496855,0.0011660562024380613
1992-07-01,1992-08-01,lag_3,0.0075614666667966,0.0003211852615473624,0.0012065560589496855,0.0011660562024380613
1992-07-01,1992-08-01,lag_4,0.0084895220004987,-0.0005729182393762434,0.0012065560589496855,0.0011660562024380613
1992-07-01,1992-08-01,lag_5,0.0070348895922904,0.0002752625126093474,0.0012065560589496855,0.0011660562024380613
1992-07-01,1992-08-01,lag_6,-0.0052512640267554,0.0,0.0012065560589496855,0.0011660562024380613
1992-07-01,1992-08-01,lag_7,-0.0048743843095229,-0.00047179070054190404,0.0012065560589496855,0.0011660562024380613
1992-07-01,1992-08-01,lag_8,-0.0015836157055426,-0.0007659998125030488,0.0012065560589496855,0.0011660562024380613
1992-07-01,1992-08-01,lag_9,-0.0005466018382946,0.0,0.0012065560589496855,0.0011660562024380613
1992-07-01,1992-08-01,lag_10,0.0079016589511224,0.0,0.0012065560589496855,0.0011660562024380613
1992-07-01,1992-08-01,lag_11,-1.1339677612909329e-05,0.0,0.0012065560589496855,0.0011660562024380613
1992-07-01,1992-08-01,volatility_3m,0.0044184949587612625,0.0,0.0012065560589496855,0.0011660562024380613
1992-08-01,1992-09-01,lag_0,-0.0056075545766312,-0.0013366273842845007,0.0008744863642128758,0.0021795074028920906
1992-08-01,1992-09-01,lag_1,0.0091649380729315,0.0008557476237911702,0.0008744863642128758,0.0021795074028920906
1992-08-01,1992-09-01,lag_2,0.0005117224959834,-0.0001785696836135056,0.0008744863642128758,0.0021795074028920906
1992-08-01,1992-09-01,lag_3,0.0032856911647831,0.0,0.0008744863642128758,0.0021795074028920906
1992-08-01,1992-09-01,lag_4,0.0075614666667966,-0.0002224948940421675,0.0008744863642128758,0.0021795074028920906
1992-08-01,1992-09-01,lag_5,0.0084895220004987,0.0,0.0008744863642128758,0.0021795074028920906
1992-08-01,1992-09-01,lag_6,0.0070348895922904,-0.00033579961593013997,0.0008744863642128758,0.0021795074028920906
1992-08-01,1992-09-01,lag_7,-0.0052512640267554,0.0004674341703895738,0.0008744863642128758,0.0021795074028920906
1992-08-01,1992-09-01,lag_8,-0.0048743843095229,-0.0008692831244561575,0.0008744863642128758,0.0021795074028920906
1992-08-01,1992-09-01,lag_9,-0.0015836157055426,0.0,0.0008744863642128758,0.0021795074028920906
1992-08-01,1992-09-01,lag_10,-0.0005466018382946,0.0,0.0008744863642128758,0.0021795074028920906
1992-08-01,1992-09-01,lag_11,0.0079016589511224,0.0,0.0008744863642128758,0.0021795074028920906
1992-08-01,1992-09-01,volatility_3m,0.0074223786707715645,0.0003145718694665125,0.0008744863642128758,0.0021795074028920906
1992-09-01,1992-10-01,lag_0,0.0032931151719015,0.0006489079443507033,0.00227910000770264,0.001370623425995478
1992-09-01,1992-10-01,lag_1,-0.0056075545766312,-0.0005766597761405775,0.00227910000770264,0.001370623425995478
1992-09-01,1992-10-01,lag_2,0.0091649380729315,0.0005708357577010648,0.00227910000770264,0.001370623425995478
1992-09-01,1992-10-01,lag_3,0.0005117224959834,0.0,0.00227910000770264,0.001370623425995478
1992-09-01,1992-10-01,lag_4,0.0032856911647831,0.0,0.00227910000770264,0.001370623425995478
1992-09-01,1992-10-01,lag_5,0.0075614666667966,-0.0006896519454314553,0.00227910000770264,0.001370623425995478
1992-09-01,1992-10-01,lag_6,0.0084895220004987,0.0005129188413447495,0.00227910000770264,0.001370623425995478
1992-09-01,1992-10-01,lag_7,0.0070348895922904,0.0003458568097670604,0.00227910000770264,0.001370623425995478
1992-09-01,1992-10-01,lag_8,-0.0052512640267554,-0.00044695942001393837,0.00227910000770264,0.001370623425995478
1992-09-01,1992-10-01,lag_9,-0.0048743843095229,-0.0006086860429019553,0.00227910000770264,0.001370623425995478
1992-09-01,1992-10-01,lag_10,-0.0015836157055426,0.0004161506387176654,0.00227910000770264,0.001370623425995478
1992-09-01,1992-10-01,lag_11,-0.0005466018382946,0.0,0.00227910000770264,0.001370623425995478
1992-09-01,1992-10-01,volatility_3m,0.007437817390817568,0.0007357637743138452,0.00227910000770264,0.001370623425995478
1992-10-01,1992-11-01,lag_0,0.0067288906847986,0.0014361336206694083,0.003086498600939387,0.0014137356431170433
1992-10-01,1992-11-01,lag_1,0.0032931151719015,0.0,0.003086498600939387,0.0014137356431170433
1992-10-01,1992-11-01,lag_2,-0.0056075545766312,-0.0012181322395659264,0.003086498600939387,0.0014137356431170433
1992-10-01,1992-11-01,lag_3,0.0091649380729315,0.0005270318547159912,0.003086498600939387,0.0014137356431170433
1992-10-01,1992-11-01,lag_4,0.0005117224959834,0.0,0.003086498600939387,0.0014137356431170433
1992-10-01,1992-11-01,lag_5,0.0032856911647831,0.0,0.003086498600939387,0.0014137356431170433
1992-10-01,1992-11-01,lag_6,0.0075614666667966,0.0,0.003086498600939387,0.0014137356431170433
1992-10-01,1992-11-01,lag_7,0.0084895220004987,0.00014662095376804097,0.003086498600939387,0.0014137356431170433
1992-10-01,1992-11-01,lag_8,0.0070348895922904,0.00039724089269866644,0.003086498600939387,0.0014137356431170433
1992-10-01,1992-11-01,lag_9,-0.0052512640267554,-0.0007603567831541305,0.003086498600939387,0.0014137356431170433
1992-10-01,1992-11-01,lag_10,-0.0048743843095229,0.0007903165198422611,0.003086498600939387,0.0014137356431170433
1992-10-01,1992-11-01,lag_11,-0.0015836157055426,0.00035390813884803214,0.003086498600939387,0.0014137356431170433
1992-10-01,1992-11-01,volatility_3m,0.006366767325151782,0.0,0.003086498600939387,0.0014137356431170433
1992-11-01,1992-12-01,lag_0,0.0037850447982945,0.0005579207728053581,0.0034087547044664365,0.001561323650416399
1992-11-01,1992-12-01,lag_1,0.0067288906847986,0.0007616370879830448,0.0034087547044664365,0.001561323650416399
1992-11-01,1992-12-01,lag_2,0.0032931151719015,0.00019801210806741446,0.0034087547044664365,0.001561323650416399
1992-11-01,1992-12-01,lag_3,-0.0056075545766312,-0.0005308157212078678,0.0034087547044664365,0.001561323650416399
1992-11-01,1992-12-01,lag_4,0.0091649380729315,-0.0007941449392448146,0.0034087547044664365,0.001561323650416399
1992-11-01,1992-12-01,lag_5,0.0005117224959834,0.0,0.0034087547044664365,0.001561323650416399
1992-11-01,1992-12-01,lag_6,0.0032856911647831,0.0,0.0034087547044664365,0.001561323650416399
1992-11-01,1992-12-01,lag_7,0.0075614666667966,0.00021802677125399718,0.0034087547044664365,0.001561323650416399
1992-11-01,1992-12-01,lag_8,0.0084895220004987,0.0004679660082837274,0.0034087547044664365,0.001561323650416399
1992-11-01,1992-12-01,lag_9,0.0070348895922904,0.0,0.0034087547044664365,0.001561323650416399
1992-11-01,1992-12-01,lag_10,-0.0052512640267554,0.00018352459397702207,0.0034087547044664365,0.001561323650416399
1992-11-01,1992-12-01,lag_11,-0.0048743843095229,0.0007853043721321554,0.0034087547044664365,0.001561323650416399
1992-11-01,1992-12-01,volatility_3m,0.0018579907039520589,0.0,0.0034087547044664365,0.001561323650416399
1992-12-01,1993-01-01,lag_0,0.0016874963663999,0.0,0.003795640571006806,0.0016607083993262217
1992-12-01,1993-01-01,lag_1,0.0037850447982945,0.00043221224001680305,0.003795640571006806,0.0016607083993262217
1992-12-01,1993-01-01,lag_2,0.0067288906847986,0.0007237117544702029,0.003795640571006806,0.0016607083993262217
1992-12-01,1993-01-01,lag_3,0.0032931151719015,0.00012057098306303148,0.003795640571006806,0.0016607083993262217
1992-12-01,1993-01-01,lag_4,-0.0056075545766312,0.0003872101671016518,0.003795640571006806,0.0016607083993262217
1992-12-01,1993-01-01,lag_5,0.0091649380729315,0.0004132499142070336,0.003795640571006806,0.0016607083993262217
1992-12-01,1993-01-01,lag_6,0.0005117224959834,0.0,0.003795640571006806,0.0016607083993262217
1992-12-01,1993-01-01,lag_7,0.0032856911647831,0.0,0.003795640571006806,0.0016607083993262217
1992-12-01,1993-01-01,lag_8,0.0075614666667966,0.00043320435680544383,0.003795640571006806,0.0016607083993262217
1992-12-01,1993-01-01,lag_9,0.0084895220004987,0.0,0.003795640571006806,0.0016607083993262217
1992-12-01,1993-01-01,lag_10,0.0070348895922904,-0.0003752272439835826,0.003795640571006806,0.0016607083993262217
1992-12-01,1993-01-01,lag_11,-0.0052512640267554,0.0,0.003795640571006806,0.0016607083993262217
1992-12-01,1993-01-01,volatility_3m,0.002532508463336082,0.0,0.003795640571006806,0.0016607083993262217
1993-01-01,1993-02-01,lag_0,0.0038325424872445,0.00036608301809674395,0.001724143818970552,0.0018691339701086055
1993-01-01,1993-02-01,lag_1,0.0016874963663999,0.0,0.001724143818970552,0.0018691339701086055
1993-01-01,1993-02-01,lag_2,0.0037850447982945,0.0002543733108357485,0.001724143818970552,0.0018691339701086055
1993-01-01,1993-02-01,lag_3,0.0067288906847986,0.00022364749697662584,0.001724143818970552,0.0018691339701086055
1993-01-01,1993-02-01,lag_4,0.0032931151719015,0.0,0.001724143818970552,0.0018691339701086055
1993-01-01,1993-02-01,lag_5,-0.0056075545766312,0.00020742316963709976,0.001724143818970552,0.0018691339701086055
1993-01-01,1993-02-01,lag_6,0.0091649380729315,0.0003675853968064205,0.001724143818970552,0.0018691339701086055
1993-01-01,1993-02-01,lag_7,0.0005117224959834,0.0,0.001724143818970552,0.0018691339701086055
1993-01-01,1993-02-01,lag_8,0.0032856911647831,0.00021135819809534986,0.001724143818970552,0.0018691339701086055
1993-01-01,1993-02-01,lag_9,0.0075614666667966,0.0001768762927228569,0.001724143818970552,0.0018691339701086055
1993-01-01,1993-02-01,lag_10,0.0084895220004987,-0.0009236415412693304,0.001724143818970552,0.0018691339701086055
1993-01-01,1993-02-01,lag_11,0.0070348895922904,-0.0006884567939932835,0.001724143818970552,0.0018691339701086055
1993-01-01,1993-02-01,volatility_3m,0.001224961789550294,-0.00034023869904628503,0.001724143818970552,0.0018691339701086055
1993-02-01,1993-03-01,lag_0,0.0048043938793247,0.0007181830984073886,0.0016479731632846675,0.0015611779315269257
1993-02-01,1993-03-01,lag_1,0.0038325424872445,0.0,0.0016479731632846675,0.0015611779315269257
1993-02-01,1993-03-01,lag_2,0.0016874963663999,0.0,0.0016479731632846675,0.0015611779315269257
1993-02-01,1993-03-01,lag_3,0.0037850447982945,0.0,0.0016479731632846675,0.0015611779315269257
1993-02-01,1993-03-01,lag_4,0.0067288906847986,-0.00022555070605955753,0.0016479731632846675,0.0015611779315269257
1993-02-01,1993-03-01,lag_5,0.0032931151719015,0.0,0.0016479731632846675,0.0015611779315269257
1993-02-01,1993-03-01,lag_6,-0.0056075545766312,0.0,0.0016479731632846675,0.0015611779315269257
1993-02-01,1993-03-01,lag_7,0.0091649380729315,0.0,0.0016479731632846675,0.0015611779315269257
1993-02-01,1993-03-01,lag_8,0.0005117224959834,0.0,0.0016479731632846675,0.0015611779315269257
1993-02-01,1993-03-01,lag_9,0.0032856911647831,0.0,0.0016479731632846675,0.0015611779315269257
1993-02-01,1993-03-01,lag_10,0.0075614666667966,0.0002960017400721877,0.0016479731632846675,0.0015611779315269257
1993-02-01,1993-03-01,lag_11,0.0084895220004987,-0.00046245887983529057,0.0016479731632846675,0.0015611779315269257
1993-02-01,1993-03-01,volatility_3m,0.0015948232971563286,-0.00023938002082698638,0.0016479731632846675,0.0015611779315269257
1993-03-01,1993-04-01,lag_0,-0.0008739137323683,-0.00040040340946927,0.0015732041649058615,0.0017902521328312033
1993-03-01,1993-04-01,lag_1,0.0048043938793247,0.00037356147177725,0.0015732041649058615,0.0017902521328312033
1993-03-01,1993-04-01,lag_2,0.0038325424872445,0.0,0.0015732041649058615,0.0017902521328312033
1993-03-01,1993-04-01,lag_3,0.0016874963663999,0.0,0.0015732041649058615,0.0017902521328312033
1993-03-01,1993-04-01,lag_4,0.0037850447982945,0.0,0.0015732041649058615,0.0017902521328312033
1993-03-01,1993-04-01,lag_5,0.0067288906847986,0.0,0.0015732041649058615,0.0017902521328312033
1993-03-01,1993-04-01,lag_6,0.0032931151719015,0.0,0.0015732041649058615,0.0017902521328312033
1993-03-01,1993-04-01,lag_7,-0.0056075545766312,-0.0002645244346912372,0.0015732041649058615,0.0017902521328312033
1993-03-01,1993-04-01,lag_8,0.0091649380729315,0.0004404105344998871,0.0015732041649058615,0.0017902521328312033
1993-03-01,1993-04-01,lag_9,0.0005117224959834,0.0,0.0015732041649058615,0.0017902521328312033
1993-03-01,1993-04-01,lag_10,0.0032856911647831,0.0,0.0015732041649058615,0.0017902521328312033
1993-03-01,1993-04-01,lag_11,0.0075614666667966,-0.0003660921300419718,0.0015732041649058615,0.0017902521328312033
1993-03-01,1993-04-01,volatility_3m,0.0030369502961696874,0.0,0.0015732041649058615,0.0017902521328312033
1993-04-01,1993-05-01,lag_0,0.002739405003636,0.00019053213965740382,0.0022362538867363585,0.00215840889253199
1993-04-01,1993-05-01,lag_1,-0.0008739137323683,-0.0006666619688625001,0.0022362538867363585,0.00215840889253199
1993-04-01,1993-05-01,lag_2,0.0048043938793247,0.00014960423719403694,0.0022362538867363585,0.00215840889253199
1993-04-01,1993-05-01,lag_3,0.0038325424872445,0.0,0.0022362538867363585,0.00215840889253199
1993-04-01,1993-05-01,lag_4,0.0016874963663999,0.0,0.0022362538867363585,0.00215840889253199
1993-04-01,1993-05-01,lag_5,0.0037850447982945,0.0,0.0022362538867363585,0.00215840889253199
1993-04-01,1993-05-01,lag_6,0.0067288906847986,0.00016035731799511748,0.0022362538867363585,0.00215840889253199
1993-04-01,1993-05-01,lag_7,0.0032931151719015,0.0,0.0022362538867363585,0.00215840889253199
1993-04-01,1993-05-01,lag_8,-0.0056075545766312,0.0,0.0022362538867363585,0.00215840889253199
1993-04-01,1993-05-01,lag_9,0.0091649380729315,0.0,0.0022362538867363585,0.00215840889253199
1993-04-01,1993-05-01,lag_10,0.0005117224959834,0.0,0.0022362538867363585,0.00215840889253199
1993-04-01,1993-05-01,lag_11,0.0032856911647831,0.0,0.0022362538867363585,0.00215840889253199
1993-04-01,1993-05-01,volatility_3m,0.0028741209867160097,0.00024401326822031056,0.0022362538867363585,0.00215840889253199
1993-05-01,1993-06-01,lag_0,-0.0037915803418799,-0.0010842885795486702,-0.0013067166223043152,0.0014385454456924756
1993-05-01,1993-06-01,lag_1,0.002739405003636,0.0,-0.0013067166223043152,0.0014385454456924756
1993-05-01,1993-06-01,lag_2,-0.0008739137323683,-0.0005870598597923318,-0.0013067166223043152,0.0014385454456924756
1993-05-01,1993-06-01,lag_3,0.0048043938793247,0.0,-0.0013067166223043152,0.0014385454456924756
1993-05-01,1993-06-01,lag_4,0.0038325424872445,0.0,-0.0013067166223043152,0.0014385454456924756
1993-05-01,1993-06-01,lag_5,0.0016874963663999,0.0,-0.0013067166223043152,0.0014385454456924756
1993-05-01,1993-06-01,lag_6,0.0037850447982945,-7.36546127077897e-05,-0.0013067166223043152,0.0014385454456924756
1993-05-01,1993-06-01,lag_7,0.0067288906847986,0.0,-0.0013067166223043152,0.0014385454456924756
1993-05-01,1993-06-01,lag_8,0.0032931151719015,0.0,-0.0013067166223043152,0.0014385454456924756
1993-05-01,1993-06-01,lag_9,-0.0056075545766312,0.0,-0.0013067166223043152,0.0014385454456924756
1993-05-01,1993-06-01,lag_10,0.0091649380729315,-0.0009111162127593663,-0.0013067166223043152,0.0014385454456924756
1993-05-01,1993-06-01,lag_11,0.0005117224959834,-8.914280318863255e-05,-0.0013067166223043152,0.0014385454456924756
1993-05-01,1993-06-01,volatility_3m,0.0032716616653611476,0.0,-0.0013067166223043152,0.0014385454456924756
1993-06-01,1993-07-01,lag_0,0.0022526473495334,0.0,0.0013102880321580364,0.001805607693623193
1993-06-01,1993-07-01,lag_1,-0.0037915803418799,-0.0007237223293923729,0.0013102880321580364,0.001805607693623193
1993-06-01,1993-07-01,lag_2,0.002739405003636,0.0,0.0013102880321580364,0.001805607693623193
1993-06-01,1993-07-01,lag_3,-0.0008739137323683,0.0,0.0013102880321580364,0.001805607693623193
1993-06-01,1993-07-01,lag_4,0.0048043938793247,0.0,0.0013102880321580364,0.001805607693623193
1993-06-01,1993-07-01,lag_5,0.0038325424872445,0.0,0.0013102880321580364,0.001805607693623193
1993-06-01,1993-07-01,lag_6,0.0016874963663999,0.0,0.0013102880321580364,0.001805607693623193
1993-06-01,1993-07-01,lag_7,0.0037850447982945,0.0,0.0013102880321580364,0.001805607693623193
1993-06-01,1993-07-01,lag_8,0.0067288906847986,0.0005390165094478623,0.0013102880321580364,0.001805607693623193
1993-06-01,1993-07-01,lag_9,0.0032931151719015,0.0,0.0013102880321580364,0.001805607693623193
1993-06-01,1993-07-01,lag_10,-0.0056075545766312,0.0,0.0013102880321580364,0.001805607693623193
1993-06-01,1993-07-01,lag_11,0.0091649380729315,-0.0003106138415206461,0.0013102880321580364,0.001805607693623193
1993-06-01,1993-07-01,volatility_3m,0.0036383006789529795,0.0,0.0013102880321580364,0.001805607693623193
1993-07-01,1993-08-01,lag_0,0.0026931164973129,0.0003261896002450817,0.0023406688047061808,0.0018680739916964249
1993-07-01,1993-08-01,lag_1,0.0022526473495334,0.0,0.0023406688047061808,0.0018680739916964249
1993-07-01,1993-08-01,lag_2,-0.0037915803418799,-0.0005362418265208858,0.0023406688047061808,0.0018680739916964249
1993-07-01,1993-08-01,lag_3,0.002739405003636,0.0,0.0023406688047061808,0.0018680739916964249
1993-07-01,1993-08-01,lag_4,-0.0008739137323683,0.0001264622845157376,0.0023406688047061808,0.0018680739916964249
1993-07-01,1993-08-01,lag_5,0.0048043938793247,0.0,0.0023406688047061808,0.0018680739916964249
1993-07-01,1993-08-01,lag_6,0.0038325424872445,0.0,0.0023406688047061808,0.0018680739916964249
1993-07-01,1993-08-01,lag_7,0.0016874963663999,0.0,0.0023406688047061808,0.0018680739916964249
1993-07-01,1993-08-01,lag_8,0.0037850447982945,0.00017692458959553043,0.0023406688047061808,0.0018680739916964249
1993-07-01,1993-08-01,lag_9,0.0067288906847986,0.0,0.0023406688047061808,0.0018680739916964249
1993-07-01,1993-08-01,lag_10,0.0032931151719015,0.0,0.0023406688047061808,0.0018680739916964249
1993-07-01,1993-08-01,lag_11,-0.0056075545766312,0.00037926016517429186,0.0023406688047061808,0.0018680739916964249
1993-07-01,1993-08-01,volatility_3m,0.003623488065203427,0.0,0.0023406688047061808,0.0018680739916964249
1993-08-01,1993-09-01,lag_0,-0.0012064683528301,-0.000720079783262987,0.0008744254446772098,0.0018416414049231325
1993-08-01,1993-09-01,lag_1,0.0026931164973129,0.0,0.0008744254446772098,0.0018416414049231325
1993-08-01,1993-09-01,lag_2,0.0022526473495334,0.0,0.0008744254446772098,0.0018416414049231325
1993-08-01,1993-09-01,lag_3,-0.0037915803418799,-0.00017024576960800446,0.0008744254446772098,0.0018416414049231325
1993-08-01,1993-09-01,lag_4,0.002739405003636,0.0,0.0008744254446772098,0.0018416414049231325
1993-08-01,1993-09-01,lag_5,-0.0008739137323683,0.0,0.0008744254446772098,0.0018416414049231325
1993-08-01,1993-09-01,lag_6,0.0048043938793247,-3.0176257531045782e-05,0.0008744254446772098,0.0018416414049231325
1993-08-01,1993-09-01,lag_7,0.0038325424872445,0.0,0.0008744254446772098,0.0018416414049231325
1993-08-01,1993-09-01,lag_8,0.0016874963663999,0.0,0.0008744254446772098,0.0018416414049231325
1993-08-01,1993-09-01,lag_9,0.0037850447982945,0.0,0.0008744254446772098,0.0018416414049231325
1993-08-01,1993-09-01,lag_10,0.0067288906847986,-4.6714149843885455e-05,0.0008744254446772098,0.0018416414049231325
1993-08-01,1993-09-01,lag_11,0.0032931151719015,0.0,0.0008744254446772098,0.0018416414049231325
1993-08-01,1993-09-01,volatility_3m,0.002135659793285911,0.0,0.0008744254446772098,0.0018416414049231325
1993-09-01,1993-10-01,lag_0,0.0052914883157351,0.00045283747008282584,0.00258042978225434,0.0018774764592899577
1993-09-01,1993-10-01,lag_1,-0.0012064683528301,0.0,0.00258042978225434,0.0018774764592899577
1993-09-01,1993-10-01,lag_2,0.0026931164973129,0.0,0.00258042978225434,0.0018774764592899577
1993-09-01,1993-10-01,lag_3,0.0022526473495334,0.0,0.00258042978225434,0.0018774764592899577
1993-09-01,1993-10-01,lag_4,-0.0037915803418799,0.00025011585288155626,0.00258042978225434,0.0018774764592899577
1993-09-01,1993-10-01,lag_5,0.002739405003636,0.0,0.00258042978225434,0.0018774764592899577
1993-09-01,1993-10-01,lag_6,-0.0008739137323683,0.0,0.00258042978225434,0.0018774764592899577
1993-09-01,1993-10-01,lag_7,0.0048043938793247,0.0,0.00258042978225434,0.0018774764592899577
1993-09-01,1993-10-01,lag_8,0.0038325424872445,0.0,0.00258042978225434,0.0018774764592899577
1993-09-01,1993-10-01,lag_9,0.0016874963663999,0.0,0.00258042978225434,0.0018774764592899577
1993-09-01,1993-10-01,lag_10,0.0037850447982945,0.0,0.00258042978225434,0.0018774764592899577
1993-09-01,1993-10-01,lag_11,0.0067288906847986,0.0,0.00258042978225434,0.0018774764592899577
1993-09-01,1993-10-01,volatility_3m,0.003270620200532473,0.0,0.00258042978225434,0.0018774764592899577
1993-10-01,1993-11-01,lag_0,0.0073036524223031,0.0009621504290222508,0.0031053749186685693,0.0019620417638286725
1993-10-01,1993-11-01,lag_1,0.0052914883157351,9.134192440227542e-05,0.0031053749186685693,0.0019620417638286725
1993-10-01,1993-11-01,lag_2,-0.0012064683528301,0.0,0.0031053749186685693,0.0019620417638286725
1993-10-01,1993-11-01,lag_3,0.0026931164973129,0.0,0.0031053749186685693,0.0019620417638286725
1993-10-01,1993-11-01,lag_4,0.0022526473495334,0.0,0.0031053749186685693,0.0019620417638286725
1993-10-01,1993-11-01,lag_5,-0.0037915803418799,0.0,0.0031053749186685693,0.0019620417638286725
1993-10-01,1993-11-01,lag_6,0.002739405003636,0.0,0.0031053749186685693,0.0019620417638286725
1993-10-01,1993-11-01,lag_7,-0.0008739137323683,0.0,0.0031053749186685693,0.0019620417638286725
1993-10-01,1993-11-01,lag_8,0.0048043938793247,0.0,0.0031053749186685693,0.0019620417638286725
1993-10-01,1993-11-01,lag_9,0.0038325424872445,8.984080141537056e-05,0.0031053749186685693,0.0019620417638286725
1993-10-01,1993-11-01,lag_10,0.0016874963663999,0.0,0.0031053749186685693,0.0019620417638286725
1993-10-01,1993-11-01,lag_11,0.0037850447982945,0.0,0.0031053749186685693,0.0019620417638286725
1993-10-01,1993-11-01,volatility_3m,0.004447741015872838,0.0,0.0031053749186685693,0.0019620417638286725
1993-11-01,1993-12-01,lag_0,0.0045590055532489,0.00044309963020424336,0.0027093525423029733,0.0018248851019280316
1993-11-01,1993-12-01,lag_1,0.0073036524223031,0.0002557198409319608,0.0027093525423029733,0.0018248851019280316
1993-11-01,1993-12-01,lag_2,0.0052914883157351,0.0003204734814224638,0.0027093525423029733,0.0018248851019280316
1993-11-01,1993-12-01,lag_3,-0.0012064683528301,0.0002469209110741526,0.0027093525423029733,0.0018248851019280316
1993-11-01,1993-12-01,lag_4,0.0026931164973129,0.0,0.0027093525423029733,0.0018248851019280316
1993-11-01,1993-12-01,lag_5,0.0022526473495334,0.0,0.0027093525423029733,0.0018248851019280316
1993-11-01,1993-12-01,lag_6,-0.0037915803418799,-0.0003817464232578789,0.0027093525423029733,0.0018248851019280316
1993-11-01,1993-12-01,lag_7,0.002739405003636,0.0,0.0027093525423029733,0.0018248851019280316
1993-11-01,1993-12-01,lag_8,-0.0008739137323683,0.0,0.0027093525423029733,0.0018248851019280316
1993-11-01,1993-12-01,lag_9,0.0048043938793247,0.0,0.0027093525423029733,0.0018248851019280316
1993-11-01,1993-12-01,lag_10,0.0038325424872445,0.0,0.0027093525423029733,0.0018248851019280316
1993-11-01,1993-12-01,lag_11,0.0016874963663999,0.0,0.0027093525423029733,0.0018248851019280316
1993-11-01,1993-12-01,volatility_3m,0.0014211745039994816,0.0,0.0027093525423029733,0.0018248851019280316
1993-12-01,1994-01-01,lag_0,0.0059052708470295,0.000547180129471595,0.0029807462253054282,0.0018366487713719628
1993-12-01,1994-01-01,lag_1,0.0045590055532489,6.599110116456398e-05,0.0029807462253054282,0.0018366487713719628
1993-12-01,1994-01-01,lag_2,0.0073036524223031,0.00040396610874194336,0.0029807462253054282,0.0018366487713719628
1993-12-01,1994-01-01,lag_3,0.0052914883157351,0.0,0.0029807462253054282,0.0018366487713719628
1993-12-01,1994-01-01,lag_4,-0.0012064683528301,0.00012696011455536302,0.0029807462253054282,0.0018366487713719628
1993-12-01,1994-01-01,lag_5,0.0026931164973129,0.0,0.0029807462253054282,0.0018366487713719628
1993-12-01,1994-01-01,lag_6,0.0022526473495334,0.0,0.0029807462253054282,0.0018366487713719628
1993-12-01,1994-01-01,lag_7,-0.0037915803418799,0.0,0.0029807462253054282,0.0018366487713719628
1993-12-01,1994-01-01,lag_8,0.002739405003636,0.0,0.0029807462253054282,0.0018366487713719628
1993-12-01,1994-01-01,lag_9,-0.0008739137323683,0.0,0.0029807462253054282,0.0018366487713719628
1993-12-01,1994-01-01,lag_10,0.0048043938793247,0.0,0.0029807462253054282,0.0018366487713719628
1993-12-01,1994-01-01,lag_11,0.0038325424872445,0.0,0.0029807462253054282,0.0018366487713719628
1993-12-01,1994-01-01,volatility_3m,0.0013724058988452761,0.0,0.0029807462253054282,0.0018366487713719628
1994-01-01,1994-02-01,lag_0,0.0028736794669281,0.0,0.001890777658886643,0.0018756797479037462
1994-01-01,1994-02-01,lag_1,0.0059052708470295,0.0,0.001890777658886643,0.0018756797479037462
1994-01-01,1994-02-01,lag_2,0.0045590055532489,0.00035126717237571087,0.001890777658886643,0.0018756797479037462
1994-01-01,1994-02-01,lag_3,0.0073036524223031,-0.00033616926139281417,0.001890777658886643,0.0018756797479037462
1994-01-01,1994-02-01,lag_4,0.0052914883157351,0.0,0.001890777658886643,0.0018756797479037462
1994-01-01,1994-02-01,lag_5,-0.0012064683528301,0.0,0.001890777658886643,0.0018756797479037462
1994-01-01,1994-02-01,lag_6,0.0026931164973129,0.0,0.001890777658886643,0.0018756797479037462
1994-01-01,1994-02-01,lag_7,0.0022526473495334,0.0,0.001890777658886643,0.0018756797479037462
1994-01-01,1994-02-01,lag_8,-0.0037915803418799,0.0,0.001890777658886643,0.0018756797479037462
1994-01-01,1994-02-01,lag_9,0.002739405003636,0.0,0.001890777658886643,0.0018756797479037462
1994-01-01,1994-02-01,lag_10,-0.0008739137323683,0.0,0.001890777658886643,0.0018756797479037462
1994-01-01,1994-02-01,lag_11,0.0048043938793247,0.0,0.001890777658886643,0.0018756797479037462
1994-01-01,1994-02-01,volatility_3m,0.001518952520345115,0.0,0.001890777658886643,0.0018756797479037462
1994-02-01,1994-03-01,lag_0,0.0005827318302769,-0.00033556098176561113,0.0018161861241680587,0.0019557731848530826
1994-02-01,1994-03-01,lag_1,0.0028736794669281,0.0,0.0018161861241680587,0.0019557731848530826
1994-02-01,1994-03-01,lag_2,0.0059052708470295,0.00044148629382352264,0.0018161861241680587,0.0019557731848530826
1994-02-01,1994-03-01,lag_3,0.0045590055532489,0.0,0.0018161861241680587,0.0019557731848530826
1994-02-01,1994-03-01,lag_4,0.0073036524223031,-0.00024551237274293534,0.0018161861241680587,0.0019557731848530826
1994-02-01,1994-03-01,lag_5,0.0052914883157351,0.0,0.0018161861241680587,0.0019557731848530826
1994-02-01,1994-03-01,lag_6,-0.0012064683528301,0.0,0.0018161861241680587,0.0019557731848530826
1994-02-01,1994-03-01,lag_7,0.0026931164973129,0.0,0.0018161861241680587,0.0019557731848530826
1994-02-01,1994-03-01,lag_8,0.0022526473495334,0.0,0.0018161861241680587,0.0019557731848530826
1994-02-01,1994-03-01,lag_9,-0.0037915803418799,0.0,0.0018161861241680587,0.0019557731848530826
1994-02-01,1994-03-01,lag_10,0.002739405003636,0.0,0.0018161861241680587,0.0019557731848530826
1994-02-01,1994-03-01,lag_11,-0.0008739137323683,0.0,0.0018161861241680587,0.0019557731848530826
1994-02-01,1994-03-01,volatility_3m,0.002669844220007245,0.0,0.0018161861241680587,0.0019557731848530826
1994-03-01,1994-04-01,lag_0,0.0101498906066312,0.0016467104426389505,0.0033264362614200994,0.0019737238257703958
1994-03-01,1994-04-01,lag_1,0.0005827318302769,0.0,0.0033264362614200994,0.0019737238257703958
1994-03-01,1994-04-01,lag_2,0.0028736794669281,0.0,0.0033264362614200994,0.0019737238257703958
1994-03-01,1994-04-01,lag_3,0.0059052708470295,-0.0002939980069892468,0.0033264362614200994,0.0019737238257703958
1994-03-01,1994-04-01,lag_4,0.0045590055532489,0.0,0.0033264362614200994,0.0019737238257703958
1994-03-01,1994-04-01,lag_5,0.0073036524223031,0.0,0.0033264362614200994,0.0019737238257703958
1994-03-01,1994-04-01,lag_6,0.0052914883157351,0.0,0.0033264362614200994,0.0019737238257703958
1994-03-01,1994-04-01,lag_7,-0.0012064683528301,0.0,0.0033264362614200994,0.0019737238257703958
1994-03-01,1994-04-01,lag_8,0.0026931164973129,0.0,0.0033264362614200994,0.0019737238257703958
1994-03-01,1994-04-01,lag_9,0.0022526473495334,0.0,0.0033264362614200994,0.0019737238257703958
1994-03-01,1994-04-01,lag_10,-0.0037915803418799,0.0,0.0033264362614200994,0.0019737238257703958
1994-03-01,1994-04-01,lag_11,0.002739405003636,0.0,0.0033264362614200994,0.0019737238257703958
1994-03-01,1994-04-01,volatility_3m,0.004995368132503521,0.0,0.0033264362614200994,0.0019737238257703958
1994-04-01,1994-05-01,lag_0,0.0058961380426527,0.0008212646151833952,0.0029895025441469894,0.0020394822545314753
1994-04-01,1994-05-01,lag_1,0.0101498906066312,0.0004520345513629017,0.0029895025441469894,0.0020394822545314753
1994-04-01,1994-05-01,lag_2,0.0005827318302769,0.0,0.0029895025441469894,0.0020394822545314753
1994-04-01,1994-05-01,lag_3,0.0028736794669281,0.0,0.0029895025441469894,0.0020394822545314753
1994-04-01,1994-05-01,lag_4,0.0059052708470295,-0.00032327887693078274,0.0029895025441469894,0.0020394822545314753
1994-04-01,1994-05-01,lag_5,0.0045590055532489,0.0,0.0029895025441469894,0.0020394822545314753
1994-04-01,1994-05-01,lag_6,0.0073036524223031,0.0,0.0029895025441469894,0.0020394822545314753
1994-04-01,1994-05-01,lag_7,0.0052914883157351,0.0,0.0029895025441469894,0.0020394822545314753
1994-04-01,1994-05-01,lag_8,-0.0012064683528301,0.0,0.0029895025441469894,0.0020394822545314753
1994-04-01,1994-05-01,lag_9,0.0026931164973129,0.0,0.0029895025441469894,0.0020394822545314753
1994-04-01,1994-05-01,lag_10,0.0022526473495334,0.0,0.0029895025441469894,0.0020394822545314753
1994-04-01,1994-05-01,lag_11,-0.0037915803418799,0.0,0.0029895025441469894,0.0020394822545314753
1994-04-01,1994-05-01,volatility_3m,0.0047933499681892715,0.0,0.0029895025441469894,0.0020394822545314753
1994-05-01,1994-06-01,lag_0,0.0045904959585474,0.000259021471313017,0.0032561262899699107,0.001943115860918518
1994-05-01,1994-06-01,lag_1,0.0058961380426527,7.408298935498974e-05,0.0032561262899699107,0.001943115860918518
1994-05-01,1994-06-01,lag_2,0.0101498906066312,0.00048282420254675294,0.0032561262899699107,0.001943115860918518
1994-05-01,1994-06-01,lag_3,0.0005827318302769,8.416199474679658e-05,0.0032561262899699107,0.001943115860918518
1994-05-01,1994-06-01,lag_4,0.0028736794669281,0.0,0.0032561262899699107,0.001943115860918518
1994-05-01,1994-06-01,lag_5,0.0059052708470295,0.00010443115450192151,0.0032561262899699107,0.001943115860918518
1994-05-01,1994-06-01,lag_6,0.0045590055532489,0.00019754622677506883,0.0032561262899699107,0.001943115860918518
1994-05-01,1994-06-01,lag_7,0.0073036524223031,8.129105090719027e-05,0.0032561262899699107,0.001943115860918518
1994-05-01,1994-06-01,lag_8,0.0052914883157351,0.0,0.0032561262899699107,0.001943115860918518
1994-05-01,1994-06-01,lag_9,-0.0012064683528301,0.0,0.0032561262899699107,0.001943115860918518
1994-05-01,1994-06-01,lag_10,0.0026931164973129,0.0,0.0032561262899699107,0.001943115860918518
1994-05-01,1994-06-01,lag_11,0.0022526473495334,0.0,0.0032561262899699107,0.001943115860918518
1994-05-01,1994-06-01,volatility_3m,0.0029070598256796414,2.965133890565604e-05,0.0032561262899699107,0.001943115860918518
1994-06-01,1994-07-01,lag_0,0.0067284496871362,0.0012136292583048542,0.004585500797392447,0.0021074450426603413
1994-06-01,1994-07-01,lag_1,0.0045904959585474,0.00022658523771854273,0.004585500797392447,0.0021074450426603413
1994-06-01,1994-07-01,lag_2,0.0058961380426527,3.31768597651395e-05,0.004585500797392447,0.0021074450426603413
1994-06-01,1994-07-01,lag_3,0.0101498906066312,0.0,0.004585500797392447,0.0021074450426603413
1994-06-01,1994-07-01,lag_4,0.0005827318302769,0.0,0.004585500797392447,0.0021074450426603413
1994-06-01,1994-07-01,lag_5,0.0028736794669281,0.0,0.004585500797392447,0.0021074450426603413
1994-06-01,1994-07-01,lag_6,0.0059052708470295,0.0007076070426713943,0.004585500797392447,0.0021074450426603413
1994-06-01,1994-07-01,lag_7,0.0045590055532489,0.0,0.004585500797392447,0.0021074450426603413
1994-06-01,1994-07-01,lag_8,0.0073036524223031,0.00024372875852627512,0.004585500797392447,0.0021074450426603413
1994-06-01,1994-07-01,lag_9,0.0052914883157351,0.0,0.004585500797392447,0.0021074450426603413
1994-06-01,1994-07-01,lag_10,-0.0012064683528301,5.33285977459001e-05,0.004585500797392447,0.0021074450426603413
1994-06-01,1994-07-01,lag_11,0.0026931164973129,0.0,0.004585500797392447,0.0021074450426603413
1994-06-01,1994-07-01,volatility_3m,0.0010776741986732673,0.0,0.004585500797392447,0.0021074450426603413
1994-07-01,1994-08-01,lag_0,0.0013295056794984,0.0,0.003202625546331001,0.002126129313784661
1994-07-01,1994-08-01,lag_1,0.0067284496871362,0.000618369281383704,0.003202625546331001,0.002126129313784661
1994-07-01,1994-08-01,lag_2,0.0045904959585474,7.526888759408013e-05,0.003202625546331001,0.002126129313784661
1994-07-01,1994-08-01,lag_3,0.0058961380426527,0.0,0.003202625546331001,0.002126129313784661
1994-07-01,1994-08-01,lag_4,0.0101498906066312,0.00037684457169189476,0.003202625546331001,0.002126129313784661
1994-07-01,1994-08-01,lag_5,0.0005827318302769,8.676883263482543e-05,0.003202625546331001,0.002126129313784661
1994-07-01,1994-08-01,lag_6,0.0028736794669281,0.00016375724973324553,0.003202625546331001,0.002126129313784661
1994-07-01,1994-08-01,lag_7,0.0059052708470295,-0.000605200552915688,0.003202625546331001,0.002126129313784661
1994-07-01,1994-08-01,lag_8,0.0045590055532489,0.00020285744567589712,0.003202625546331001,0.002126129313784661
1994-07-01,1994-08-01,lag_9,0.0073036524223031,0.0,0.003202625546331001,0.002126129313784661
1994-07-01,1994-08-01,lag_10,0.0052914883157351,0.0,0.003202625546331001,0.002126129313784661
1994-07-01,1994-08-01,lag_11,-0.0012064683528301,0.00015783051674838095,0.003202625546331001,0.002126129313784661
1994-07-01,1994-08-01,volatility_3m,0.0027188692546487943,0.0,0.003202625546331001,0.002126129313784661
1994-08-01,1994-09-01,lag_0,0.0066818575129268,0.0012450527215845373,0.0020372713134254707,0.002173001454304401
1994-08-01,1994-09-01,lag_1,0.0013295056794984,-0.00014576092317177772,0.0020372713134254707,0.002173001454304401
1994-08-01,1994-09-01,lag_2,0.0067284496871362,0.0,0.0020372713134254707,0.002173001454304401
1994-08-01,1994-09-01,lag_3,0.0045904959585474,0.0,0.0020372713134254707,0.002173001454304401
1994-08-01,1994-09-01,lag_4,0.0058961380426527,0.0,0.0020372713134254707,0.002173001454304401
1994-08-01,1994-09-01,lag_5,0.0101498906066312,-0.0006857306669414221,0.0020372713134254707,0.002173001454304401
1994-08-01,1994-09-01,lag_6,0.0005827318302769,-0.0002985000247990532,0.0020372713134254707,0.002173001454304401
1994-08-01,1994-09-01,lag_7,0.0028736794669281,0.0,0.0020372713134254707,0.002173001454304401
1994-08-01,1994-09-01,lag_8,0.0059052708470295,0.0,0.0020372713134254707,0.002173001454304401
1994-08-01,1994-09-01,lag_9,0.0045590055532489,0.0,0.0020372713134254707,0.002173001454304401
1994-08-01,1994-09-01,lag_10,0.0073036524223031,-0.0002507912475512145,0.0020372713134254707,0.002173001454304401
1994-08-01,1994-09-01,lag_11,0.0052914883157351,0.0,0.0020372713134254707,0.002173001454304401
1994-08-01,1994-09-01,volatility_3m,0.0031037192038238584,0.0,0.0020372713134254707,0.002173001454304401
1994-09-01,1994-10-01,lag_0,0.0031405492615519,0.00031898999973944584,0.004931626228201884,0.002132842264187573
1994-09-01,1994-10-01,lag_1,0.0066818575129268,0.0005268303429231243,0.004931626228201884,0.002132842264187573
1994-09-01,1994-10-01,lag_2,0.0013295056794984,0.0,0.004931626228201884,0.002132842264187573
1994-09-01,1994-10-01,lag_3,0.0067284496871362,0.0,0.004931626228201884,0.002132842264187573
1994-09-01,1994-10-01,lag_4,0.0045904959585474,0.00019553117758279464,0.004931626228201884,0.002132842264187573
1994-09-01,1994-10-01,lag_5,0.0058961380426527,0.0,0.004931626228201884,0.002132842264187573
1994-09-01,1994-10-01,lag_6,0.0101498906066312,0.0017367205016298546,0.004931626228201884,0.002132842264187573
1994-09-01,1994-10-01,lag_7,0.0005827318302769,0.00023903321488798643,0.004931626228201884,0.002132842264187573
1994-09-01,1994-10-01,lag_8,0.0028736794669281,0.00016664470723947252,0.004931626228201884,0.002132842264187573
1994-09-01,1994-10-01,lag_9,0.0059052708470295,0.0,0.004931626228201884,0.002132842264187573
1994-09-01,1994-10-01,lag_10,0.0045590055532489,0.0,0.004931626228201884,0.002132842264187573
1994-09-01,1994-10-01,lag_11,0.0073036524223031,-0.00038496597998836663,0.004931626228201884,0.002132842264187573
1994-09-01,1994-10-01,volatility_3m,0.0027223890591463193,0.0,0.004931626228201884,0.002132842264187573
1994-10-01,1994-11-01,lag_0,0.0080129312378582,0.0017112665311790792,0.004189782978859115,0.0021741071864154254
1994-10-01,1994-11-01,lag_1,0.0031405492615519,0.0,0.004189782978859115,0.0021741071864154254
1994-10-01,1994-11-01,lag_2,0.0066818575129268,0.00018997016367819884,0.004189782978859115,0.0021741071864154254
1994-10-01,1994-11-01,lag_3,0.0013295056794984,0.0,0.004189782978859115,0.0021741071864154254
1994-10-01,1994-11-01,lag_4,0.0067284496871362,0.00031501554830864066,0.004189782978859115,0.0021741071864154254
1994-10-01,1994-11-01,lag_5,0.0045904959585474,0.0,0.004189782978859115,0.0021741071864154254
1994-10-01,1994-11-01,lag_6,0.0058961380426527,0.000866631537378399,0.004189782978859115,0.0021741071864154254
1994-10-01,1994-11-01,lag_7,0.0101498906066312,-0.0010672079881006281,0.004189782978859115,0.0021741071864154254
1994-10-01,1994-11-01,lag_8,0.0005827318302769,0.0,0.004189782978859115,0.0021741071864154254
1994-10-01,1994-11-01,lag_9,0.0028736794669281,0.0,0.004189782978859115,0.0021741071864154254
1994-10-01,1994-11-01,lag_10,0.0059052708470295,0.0,0.004189782978859115,0.0021741071864154254
1994-10-01,1994-11-01,lag_11,0.0045590055532489,0.0,0.004189782978859115,0.0021741071864154254
1994-10-01,1994-11-01,volatility_3m,0.002518356855686302,0.0,0.004189782978859115,0.0021741071864154254
1994-11-01,1994-12-01,lag_0,0.0068126229566853,0.001191405324822193,0.004159651251112025,0.0022502978339831656
1994-11-01,1994-12-01,lag_1,0.0080129312378582,0.0007373354329440308,0.004159651251112025,0.0022502978339831656
1994-11-01,1994-12-01,lag_2,0.0031405492615519,0.0,0.004159651251112025,0.0022502978339831656
1994-11-01,1994-12-01,lag_3,0.0066818575129268,0.0,0.004159651251112025,0.0022502978339831656
1994-11-01,1994-12-01,lag_4,0.0013295056794984,0.0,0.004159651251112025,0.0022502978339831656
1994-11-01,1994-12-01,lag_5,0.0067284496871362,-0.00033733774466931715,0.004159651251112025,0.0022502978339831656
1994-11-01,1994-12-01,lag_6,0.0045904959585474,0.0005006436616757142,0.004159651251112025,0.0022502978339831656
1994-11-01,1994-12-01,lag_7,0.0058961380426527,-0.00037559612776468383,0.004159651251112025,0.0022502978339831656
1994-11-01,1994-12-01,lag_8,0.0101498906066312,0.0001929028701209224,0.004159651251112025,0.0022502978339831656
1994-11-01,1994-12-01,lag_9,0.0005827318302769,0.0,0.004159651251112025,0.0022502978339831656
1994-11-01,1994-12-01,lag_10,0.0028736794669281,0.0,0.004159651251112025,0.0022502978339831656
1994-11-01,1994-12-01,lag_11,0.0059052708470295,0.0,0.004159651251112025,0.0022502978339831656
1994-11-01,1994-12-01,volatility_3m,0.0025385353820453695,0.0,0.004159651251112025,0.0022502978339831656
1994-12-01,1995-01-01,lag_0,0.0101664259222324,0.0020452004223941575,0.00689613538566335,0.0022756477974371792
1994-12-01,1995-01-01,lag_1,0.0068126229566853,0.0004966523332930697,0.00689613538566335,0.0022756477974371792
1994-12-01,1995-01-01,lag_2,0.0080129312378582,0.00025227942818171085,0.00689613538566335,0.0022756477974371792
1994-12-01,1995-01-01,lag_3,0.0031405492615519,0.0,0.00689613538566335,0.0022756477974371792
1994-12-01,1995-01-01,lag_4,0.0066818575129268,0.0003653992606240768,0.00689613538566335,0.0022756477974371792
1994-12-01,1995-01-01,lag_5,0.0013295056794984,6.229237013414796e-05,0.00689613538566335,0.0022756477974371792
1994-12-01,1995-01-01,lag_6,0.0067284496871362,0.0009413379665478902,0.00689613538566335,0.0022756477974371792
1994-12-01,1995-01-01,lag_7,0.0045904959585474,0.0,0.00689613538566335,0.0022756477974371792
1994-12-01,1995-01-01,lag_8,0.0058961380426527,0.00030965703894350204,0.00689613538566335,0.0022756477974371792
1994-12-01,1995-01-01,lag_9,0.0101498906066312,0.00011057875311482816,0.00689613538566335,0.0022756477974371792
1994-12-01,1995-01-01,lag_10,0.0005827318302769,3.709001499278743e-05,0.00689613538566335,0.0022756477974371792
1994-12-01,1995-01-01,lag_11,0.0028736794669281,0.0,0.00689613538566335,0.0022756477974371792
1994-12-01,1995-01-01,volatility_3m,0.001699327006846764,0.0,0.00689613538566335,0.0022756477974371792
1995-01-01,1995-02-01,lag_0,0.001700536197938,-0.00014395569038861314,0.0022147954633739467,0.0023434853136972897
1995-01-01,1995-02-01,lag_1,0.0101664259222324,0.0009681804349819606,0.0022147954633739467,0.0023434853136972897
1995-01-01,1995-02-01,lag_2,0.0068126229566853,0.0,0.0022147954633739467,0.0023434853136972897
1995-01-01,1995-02-01,lag_3,0.0080129312378582,0.0,0.0022147954633739467,0.0023434853136972897
1995-01-01,1995-02-01,lag_4,0.0031405492615519,0.0,0.0022147954633739467,0.0023434853136972897
1995-01-01,1995-02-01,lag_5,0.0066818575129268,-0.00014846752577474538,0.0022147954633739467,0.0023434853136972897
1995-01-01,1995-02-01,lag_6,0.0013295056794984,-9.533708544078615e-05,0.0022147954633739467,0.0023434853136972897
1995-01-01,1995-02-01,lag_7,0.0067284496871362,-0.0005373497865463298,0.0022147954633739467,0.0023434853136972897
1995-01-01,1995-02-01,lag_8,0.0045904959585474,0.0,0.0022147954633739467,0.0023434853136972897
1995-01-01,1995-02-01,lag_9,0.0058961380426527,0.0,0.0022147954633739467,0.0023434853136972897
1995-01-01,1995-02-01,lag_10,0.0101498906066312,-0.00017176019715482913,0.0022147954633739467,0.0023434853136972897
1995-01-01,1995-02-01,lag_11,0.0005827318302769,0.0,0.0022147954633739467,0.0023434853136972897
1995-01-01,1995-02-01,volatility_3m,0.004263267803469257,0.0,0.0022147954633739467,0.0023434853136972897
1995-02-01,1995-03-01,lag_0,-0.0011286873050115,-0.0009927563139169148,0.0025863241437612578,0.0023134827469373765
1995-02-01,1995-03-01,lag_1,0.001700536197938,0.0,0.0025863241437612578,0.0023134827469373765
1995-02-01,1995-03-01,lag_2,0.0101664259222324,0.0,0.0025863241437612578,0.0023134827469373765
1995-02-01,1995-03-01,lag_3,0.0068126229566853,0.0,0.0025863241437612578,0.0023134827469373765
1995-02-01,1995-03-01,lag_4,0.0080129312378582,0.0003038747245403137,0.0025863241437612578,0.0023134827469373765
1995-02-01,1995-03-01,lag_5,0.0031405492615519,0.0,0.0025863241437612578,0.0023134827469373765
1995-02-01,1995-03-01,lag_6,0.0066818575129268,0.0009868407155786921,0.0025863241437612578,0.0023134827469373765
1995-02-01,1995-03-01,lag_7,0.0013295056794984,0.0,0.0025863241437612578,0.0023134827469373765
1995-02-01,1995-03-01,lag_8,0.0067284496871362,0.0002771940505044872,0.0025863241437612578,0.0023134827469373765
1995-02-01,1995-03-01,lag_9,0.0045904959585474,0.0,0.0025863241437612578,0.0023134827469373765
1995-02-01,1995-03-01,lag_10,0.0058961380426527,0.0,0.0025863241437612578,0.0023134827469373765
1995-02-01,1995-03-01,lag_11,0.0101498906066312,-0.0003023117798826968,0.0025863241437612578,0.0023134827469373765
1995-02-01,1995-03-01,volatility_3m,0.005877292138247219,0.0,0.0025863241437612578,0.0023134827469373765
1995-03-01,1995-04-01,lag_0,0.0016603011582869,-0.0001025712563207245,0.0010267448480638843,0.0023018865835758174
1995-03-01,1995-04-01,lag_1,-0.0011286873050115,-0.0003347342554401002,0.0010267448480638843,0.0023018865835758174
1995-03-01,1995-04-01,lag_2,0.001700536197938,0.0,0.0010267448480638843,0.0023018865835758174
1995-03-01,1995-04-01,lag_3,0.0101664259222324,0.0,0.0010267448480638843,0.0023018865835758174
1995-03-01,1995-04-01,lag_4,0.0068126229566853,0.0,0.0010267448480638843,0.0023018865835758174
1995-03-01,1995-04-01,lag_5,0.0080129312378582,-0.00015227636495952386,0.0010267448480638843,0.0023018865835758174
1995-03-01,1995-04-01,lag_6,0.0031405492615519,0.0,0.0010267448480638843,0.0023018865835758174
1995-03-01,1995-04-01,lag_7,0.0066818575129268,-0.0005902395514679721,0.0010267448480638843,0.0023018865835758174
1995-03-01,1995-04-01,lag_8,0.0013295056794984,0.0,0.0010267448480638843,0.0023018865835758174
1995-03-01,1995-04-01,lag_9,0.0067284496871362,0.0,0.0010267448480638843,0.0023018865835758174
1995-03-01,1995-04-01,lag_10,0.0045904959585474,0.0,0.0010267448480638843,0.0023018865835758174
1995-03-01,1995-04-01,lag_11,0.0058961380426527,-9.532030732361239e-05,0.0010267448480638843,0.0023018865835758174
1995-03-01,1995-04-01,volatility_3m,0.001621962861086793,0.0,0.0010267448480638843,0.0023018865835758174
1995-04-01,1995-05-01,lag_0,-0.0017277257902161,-0.0010716299504008762,0.002350229402493965,0.0022815611729100896
1995-04-01,1995-05-01,lag_1,0.0016603011582869,0.0,0.002350229402493965,0.0022815611729100896
1995-04-01,1995-05-01,lag_2,-0.0011286873050115,0.0,0.002350229402493965,0.0022815611729100896
1995-04-01,1995-05-01,lag_3,0.001700536197938,0.0,0.002350229402493965,0.0022815611729100896
1995-04-01,1995-05-01,lag_4,0.0101664259222324,0.00047916258704460573,0.002350229402493965,0.0022815611729100896
1995-04-01,1995-05-01,lag_5,0.0068126229566853,-0.00023829271948677338,0.002350229402493965,0.0022815611729100896
1995-04-01,1995-05-01,lag_6,0.0080129312378582,0.0011408515633854293,0.002350229402493965,0.0022815611729100896
1995-04-01,1995-05-01,lag_7,0.0031405492615519,0.0,0.002350229402493965,0.0022815611729100896
1995-04-01,1995-05-01,lag_8,0.0066818575129268,0.0,0.002350229402493965,0.0022815611729100896
1995-04-01,1995-05-01,lag_9,0.0013295056794984,0.0,0.002350229402493965,0.0022815611729100896
1995-04-01,1995-05-01,lag_10,0.0067284496871362,-0.00024142325095851,0.002350229402493965,0.0022815611729100896
1995-04-01,1995-05-01,lag_11,0.0045904959585474,0.0,0.002350229402493965,0.0022815611729100896
1995-04-01,1995-05-01,volatility_3m,0.0018081311880387414,0.0,0.002350229402493965,0.0022815611729100896
1995-05-01,1995-06-01,lag_0,0.0048989069851188,0.0007495419335798992,0.0019585375267124282,0.002270236102519322
1995-05-01,1995-06-01,lag_1,-0.0017277257902161,-0.0004753404017903251,0.0019585375267124282,0.002270236102519322
1995-05-01,1995-06-01,lag_2,0.0016603011582869,0.0,0.0019585375267124282,0.002270236102519322
1995-05-01,1995-06-01,lag_3,-0.0011286873050115,0.0,0.0019585375267124282,0.002270236102519322
1995-05-01,1995-06-01,lag_4,0.001700536197938,0.0,0.0019585375267124282,0.002270236102519322
1995-05-01,1995-06-01,lag_5,0.0101664259222324,-0.00027698974392354294,0.0019585375267124282,0.002270236102519322
1995-05-01,1995-06-01,lag_6,0.0068126229566853,0.000912237490775639,0.0019585375267124282,0.002270236102519322
1995-05-01,1995-06-01,lag_7,0.0080129312378582,-0.0009353453731153408,0.0019585375267124282,0.002270236102519322
1995-05-01,1995-06-01,lag_8,0.0031405492615519,0.0,0.0019585375267124282,0.002270236102519322
1995-05-01,1995-06-01,lag_9,0.0066818575129268,0.0,0.0019585375267124282,0.002270236102519322
1995-05-01,1995-06-01,lag_10,0.0013295056794984,0.0,0.0019585375267124282,0.002270236102519322
1995-05-01,1995-06-01,lag_11,0.0067284496871362,-0.00028580248133322326,0.0019585375267124282,0.002270236102519322
1995-05-01,1995-06-01,volatility_3m,0.0033135971452112984,0.0,0.0019585375267124282,0.002270236102519322
1995-06-01,1995-07-01,lag_0,0.0033088514322034,0.00025393126447699325,0.004119648244229378,0.0022587181203267627
1995-06-01,1995-07-01,lag_1,0.0048989069851188,0.0002737323633468179,0.004119648244229378,0.0022587181203267627
1995-06-01,1995-07-01,lag_2,-0.0017277257902161,0.0,0.004119648244229378,0.0022587181203267627
1995-06-01,1995-07-01,lag_3,0.0016603011582869,0.0,0.004119648244229378,0.0022587181203267627
1995-06-01,1995-07-01,lag_4,-0.0011286873050115,0.0,0.004119648244229378,0.0022587181203267627
1995-06-01,1995-07-01,lag_5,0.001700536197938,0.0,0.004119648244229378,0.0022587181203267627
1995-06-01,1995-07-01,lag_6,0.0101664259222324,0.0015579233759262319,0.004119648244229378,0.0022587181203267627
1995-06-01,1995-07-01,lag_7,0.0068126229566853,-0.0005655665191580451,0.004119648244229378,0.0022587181203267627
1995-06-01,1995-07-01,lag_8,0.0080129312378582,0.0003409096393106178,0.004119648244229378,0.0022587181203267627
1995-06-01,1995-07-01,lag_9,0.0031405492615519,0.0,0.004119648244229378,0.0022587181203267627
1995-06-01,1995-07-01,lag_10,0.0066818575129268,0.0,0.004119648244229378,0.0022587181203267627
1995-06-01,1995-07-01,lag_11,0.0013295056794984,0.0,0.004119648244229378,0.0022587181203267627
1995-06-01,1995-07-01,volatility_3m,0.0034594712678359474,0.0,0.004119648244229378,0.0022587181203267627
1995-07-01,1995-08-01,lag_0,-0.004189892740106,-0.0017845959787388995,-0.001131661162942857,0.002226366154215073
1995-07-01,1995-08-01,lag_1,0.0033088514322034,0.0,-0.001131661162942857,0.002226366154215073
1995-07-01,1995-08-01,lag_2,0.0048989069851188,0.0,-0.001131661162942857,0.002226366154215073
1995-07-01,1995-08-01,lag_3,-0.0017277257902161,0.0,-0.001131661162942857,0.002226366154215073
1995-07-01,1995-08-01,lag_4,0.0016603011582869,0.0,-0.001131661162942857,0.002226366154215073
1995-07-01,1995-08-01,lag_5,-0.0011286873050115,0.0,-0.001131661162942857,0.002226366154215073
1995-07-01,1995-08-01,lag_6,0.001700536197938,-0.00013525245708934493,-0.001131661162942857,0.002226366154215073
1995-07-01,1995-08-01,lag_7,0.0101664259222324,-0.0012133944434718814,-0.001131661162942857,0.002226366154215073
1995-07-01,1995-08-01,lag_8,0.0068126229566853,0.0,-0.001131661162942857,0.002226366154215073
1995-07-01,1995-08-01,lag_9,0.0080129312378582,-3.5065463499623153e-05,-0.001131661162942857,0.002226366154215073
1995-07-01,1995-08-01,lag_10,0.0031405492615519,0.0,-0.001131661162942857,0.002226366154215073
1995-07-01,1995-08-01,lag_11,0.0066818575129268,-0.00018971897435818134,-0.001131661162942857,0.002226366154215073
1995-07-01,1995-08-01,volatility_3m,0.00485396266412553,0.0,-0.001131661162942857,0.002226366154215073
1995-08-01,1995-09-01,lag_0,0.0131693229924509,0.0028173811997562544,0.003845668183606348,0.002246809539003093
1995-08-01,1995-09-01,lag_1,-0.004189892740106,-0.0008585432977084366,0.003845668183606348,0.002246809539003093
1995-08-01,1995-09-01,lag_2,0.0033088514322034,0.0,0.003845668183606348,0.002246809539003093
1995-08-01,1995-09-01,lag_3,0.0048989069851188,0.0,0.003845668183606348,0.002246809539003093
1995-08-01,1995-09-01,lag_4,-0.0017277257902161,0.0,0.003845668183606348,0.002246809539003093
1995-08-01,1995-09-01,lag_5,0.0016603011582869,0.0,0.003845668183606348,0.002246809539003093
1995-08-01,1995-09-01,lag_6,-0.0011286873050115,-0.0007466806699993995,0.003845668183606348,0.002246809539003093
1995-08-01,1995-09-01,lag_7,0.001700536197938,0.0,0.003845668183606348,0.002246809539003093
1995-08-01,1995-09-01,lag_8,0.0101664259222324,0.00022915920919665023,0.003845668183606348,0.002246809539003093
1995-08-01,1995-09-01,lag_9,0.0068126229566853,0.00021368029055742523,0.003845668183606348,0.002246809539003093
1995-08-01,1995-09-01,lag_10,0.0080129312378582,-0.0002787646832940647,0.003845668183606348,0.002246809539003093
1995-08-01,1995-09-01,lag_11,0.0031405492615519,0.0,0.003845668183606348,0.002246809539003093
1995-08-01,1995-09-01,volatility_3m,0.008706342844938252,0.00022262659609482605,0.003845668183606348,0.002246809539003093
1995-09-01,1995-10-01,lag_0,0.0040251761874792,0.00034264624393066007,0.0038571732065839385,0.0022092545546548202
1995-09-01,1995-10-01,lag_1,0.0131693229924509,0.001049285796376803,0.0038571732065839385,0.0022092545546548202
1995-09-01,1995-10-01,lag_2,-0.004189892740106,-0.00041130133854938973,0.0038571732065839385,0.0022092545546548202
1995-09-01,1995-10-01,lag_3,0.0033088514322034,0.0,0.0038571732065839385,0.0022092545546548202
1995-09-01,1995-10-01,lag_4,0.0048989069851188,0.00010987970748339393,0.0038571732065839385,0.0022092545546548202
1995-09-01,1995-10-01,lag_5,-0.0017277257902161,0.0,0.0038571732065839385,0.0022092545546548202
1995-09-01,1995-10-01,lag_6,0.0016603011582869,0.0,0.0038571732065839385,0.0022092545546548202
1995-09-01,1995-10-01,lag_7,-0.0011286873050115,0.0005574082426876508,0.0038571732065839385,0.0022092545546548202
1995-09-01,1995-10-01,lag_8,0.001700536197938,0.0,0.0038571732065839385,0.0022092545546548202
1995-09-01,1995-10-01,lag_9,0.0101664259222324,0.0,0.0038571732065839385,0.0022092545546548202
1995-09-01,1995-10-01,lag_10,0.0068126229566853,0.0,0.0038571732065839385,0.0022092545546548202
1995-09-01,1995-10-01,lag_11,0.0080129312378582,0.0,0.0038571732065839385,0.0022092545546548202
1995-09-01,1995-10-01,volatility_3m,0.008683750621374203,0.0,0.0038571732065839385,0.0022092545546548202
1995-10-01,1995-11-01,lag_0,-0.0017591074109057,-0.0010143565560259465,0.00039278896008215465,0.002201878438199489
1995-10-01,1995-11-01,lag_1,0.0040251761874792,0.0,0.00039278896008215465,0.002201878438199489
1995-10-01,1995-11-01,lag_2,0.0131693229924509,0.0005789115746869365,0.00039278896008215465,0.002201878438199489
1995-10-01,1995-11-01,lag_3,-0.004189892740106,-8.905689884619399e-05,0.00039278896008215465,0.002201878438199489
1995-10-01,1995-11-01,lag_4,0.0033088514322034,0.0,0.00039278896008215465,0.002201878438199489
1995-10-01,1995-11-01,lag_5,0.0048989069851188,0.0,0.00039278896008215465,0.002201878438199489
1995-10-01,1995-11-01,lag_6,-0.0017277257902161,-0.0007884154641961188,0.00039278896008215465,0.002201878438199489
1995-10-01,1995-11-01,lag_7,0.0016603011582869,0.0,0.00039278896008215465,0.002201878438199489
1995-10-01,1995-11-01,lag_8,-0.0011286873050115,-0.00016557766130178666,0.00039278896008215465,0.002201878438199489
1995-10-01,1995-11-01,lag_9,0.001700536197938,0.0,0.00039278896008215465,0.002201878438199489
1995-10-01,1995-11-01,lag_10,0.0101664259222324,-0.00011348945508186577,0.00039278896008215465,0.002201878438199489
1995-10-01,1995-11-01,lag_11,0.0068126229566853,-0.000217105017352359,0.00039278896008215465,0.002201878438199489
1995-10-01,1995-11-01,volatility_3m,0.007526966983733448,0.0,0.00039278896008215465,0.002201878438199489
1995-11-01,1995-12-01,lag_0,0.0026320058946325,0.00011336649596123233,0.003480586460213755,0.002164797580505039
1995-11-01,1995-12-01,lag_1,-0.0017591074109057,0.0,0.003480586460213755,0.002164797580505039
1995-11-01,1995-12-01,lag_2,0.0040251761874792,0.0,0.003480586460213755,0.002164797580505039
1995-11-01,1995-12-01,lag_3,0.0131693229924509,0.00016238625677856406,0.003480586460213755,0.002164797580505039
1995-11-01,1995-12-01,lag_4,-0.004189892740106,0.0,0.003480586460213755,0.002164797580505039
1995-11-01,1995-12-01,lag_5,0.0033088514322034,0.0,0.003480586460213755,0.002164797580505039
1995-11-01,1995-12-01,lag_6,0.0048989069851188,0.0003844431952237525,0.003480586460213755,0.002164797580505039
1995-11-01,1995-12-01,lag_7,-0.0017277257902161,0.0006070605549237583,0.003480586460213755,0.002164797580505039
1995-11-01,1995-12-01,lag_8,0.0016603011582869,0.0,0.003480586460213755,0.002164797580505039
1995-11-01,1995-12-01,lag_9,-0.0011286873050115,4.8532376821408714e-05,0.003480586460213755,0.002164797580505039
1995-11-01,1995-12-01,lag_10,0.001700536197938,0.0,0.003480586460213755,0.002164797580505039
1995-11-01,1995-12-01,lag_11,0.0101664259222324,0.0,0.003480586460213755,0.002164797580505039
1995-11-01,1995-12-01,volatility_3m,0.0030188501197611025,0.0,0.003480586460213755,0.002164797580505039
1995-12-01,1996-01-01,lag_0,0.0034648244230837,0.0003075034601443522,0.0036471448161406244,0.002188650519723445
1995-12-01,1996-01-01,lag_1,0.0026320058946325,0.0,0.0036471448161406244,0.002188650519723445
1995-12-01,1996-01-01,lag_2,-0.0017591074109057,0.0,0.0036471448161406244,0.002188650519723445
1995-12-01,1996-01-01,lag_3,0.0040251761874792,0.0,0.0036471448161406244,0.002188650519723445
1995-12-01,1996-01-01,lag_4,0.0131693229924509,0.0009534948445750954,0.0036471448161406244,0.002188650519723445
1995-12-01,1996-01-01,lag_5,-0.004189892740106,8.492978607256868e-05,0.0036471448161406244,0.002188650519723445
1995-12-01,1996-01-01,lag_6,0.0033088514322034,8.142862763459286e-05,0.0036471448161406244,0.002188650519723445
1995-12-01,1996-01-01,lag_7,0.0048989069851188,0.0,0.0036471448161406244,0.002188650519723445
1995-12-01,1996-01-01,lag_8,-0.0017277257902161,0.0,0.0036471448161406244,0.002188650519723445
1995-12-01,1996-01-01,lag_9,0.0016603011582869,0.0,0.0036471448161406244,0.002188650519723445
1995-12-01,1996-01-01,lag_10,-0.0011286873050115,3.1137577990569994e-05,0.0036471448161406244,0.002188650519723445
1995-12-01,1996-01-01,lag_11,0.001700536197938,0.0,0.0036471448161406244,0.002188650519723445
1995-12-01,1996-01-01,volatility_3m,0.002806686259915006,0.0,0.0036471448161406244,0.002188650519723445
1996-01-01,1996-02-01,lag_0,-0.0057400787913675,-0.0017516275138023268,-0.0003373540022431193,0.002124315439850186
1996-01-01,1996-02-01,lag_1,0.0034648244230837,0.0,-0.0003373540022431193,0.002124315439850186
1996-01-01,1996-02-01,lag_2,0.0026320058946325,0.0,-0.0003373540022431193,0.002124315439850186
1996-01-01,1996-02-01,lag_3,-0.0017591074109057,0.0,-0.0003373540022431193,0.002124315439850186
1996-01-01,1996-02-01,lag_4,0.0040251761874792,0.0,-0.0003373540022431193,0.002124315439850186
1996-01-01,1996-02-01,lag_5,0.0131693229924509,0.0,-0.0003373540022431193,0.002124315439850186
1996-01-01,1996-02-01,lag_6,-0.004189892740106,-0.0010859660276033001,-0.0003373540022431193,0.002124315439850186
1996-01-01,1996-02-01,lag_7,0.0033088514322034,0.0,-0.0003373540022431193,0.002124315439850186
1996-01-01,1996-02-01,lag_8,0.0048989069851188,0.0,-0.0003373540022431193,0.002124315439850186
1996-01-01,1996-02-01,lag_9,-0.0017277257902161,0.0,-0.0003373540022431193,0.002124315439850186
1996-01-01,1996-02-01,lag_10,0.0016603011582869,0.0,-0.0003373540022431193,0.002124315439850186
1996-01-01,1996-02-01,lag_11,-0.0011286873050115,0.00037592409931232196,-0.0003373540022431193,0.002124315439850186
1996-01-01,1996-02-01,volatility_3m,0.00509109732569678,0.0,-0.0003373540022431193,0.002124315439850186
1996-02-01,1996-03-01,lag_0,0.0145291599264654,0.002450889412844879,0.006703627971082321,0.0021603875711683007
1996-02-01,1996-03-01,lag_1,-0.0057400787913675,-0.0006914371804108557,0.006703627971082321,0.0021603875711683007
1996-02-01,1996-03-01,lag_2,0.0034648244230837,0.0,0.006703627971082321,0.0021603875711683007
1996-02-01,1996-03-01,lag_3,0.0026320058946325,0.0,0.006703627971082321,0.0021603875711683007
1996-02-01,1996-03-01,lag_4,-0.0017591074109057,0.0,0.006703627971082321,0.0021603875711683007
1996-02-01,1996-03-01,lag_5,0.0040251761874792,0.0,0.006703627971082321,0.0021603875711683007
1996-02-01,1996-03-01,lag_6,0.0131693229924509,0.0016392428195414347,0.006703627971082321,0.0021603875711683007
1996-02-01,1996-03-01,lag_7,-0.004189892740106,0.0006393723572009515,0.006703627971082321,0.0021603875711683007
1996-02-01,1996-03-01,lag_8,0.0033088514322034,0.00011354462656549668,0.006703627971082321,0.0021603875711683007
1996-02-01,1996-03-01,lag_9,0.0048989069851188,0.0,0.006703627971082321,0.0021603875711683007
1996-02-01,1996-03-01,lag_10,-0.0017277257902161,0.0,0.006703627971082321,0.0021603875711683007
1996-02-01,1996-03-01,lag_11,0.0016603011582869,0.0,0.006703627971082321,0.0021603875711683007
1996-02-01,1996-03-01,volatility_3m,0.010148824246510061,0.000391628364172115,0.006703627971082321,0.0021603875711683007
1996-03-01,1996-04-01,lag_0,-0.0012250426290405,-0.0007212711986749841,-0.00040061650774557596,0.002159925866405919
1996-03-01,1996-04-01,lag_1,0.0145291599264654,0.00108798522235314,-0.00040061650774557596,0.002159925866405919
1996-03-01,1996-04-01,lag_2,-0.0057400787913675,-0.00017230498822321818,-0.00040061650774557596,0.002159925866405919
1996-03-01,1996-04-01,lag_3,0.0034648244230837,0.0,-0.00040061650774557596,0.002159925866405919
1996-03-01,1996-04-01,lag_4,0.0026320058946325,0.0,-0.00040061650774557596,0.002159925866405919
1996-03-01,1996-04-01,lag_5,-0.0017591074109057,0.0,-0.00040061650774557596,0.002159925866405919
1996-03-01,1996-04-01,lag_6,0.0040251761874792,0.0,-0.00040061650774557596,0.002159925866405919
1996-03-01,1996-04-01,lag_7,0.0131693229924509,-0.0015448088880547124,-0.00040061650774557596,0.002159925866405919
1996-03-01,1996-04-01,lag_8,-0.004189892740106,-0.00024730509283361755,-0.00040061650774557596,0.002159925866405919
1996-03-01,1996-04-01,lag_9,0.0033088514322034,0.0,-0.00040061650774557596,0.002159925866405919
1996-03-01,1996-04-01,lag_10,0.0048989069851188,-0.00011022243399737676,-0.00040061650774557596,0.002159925866405919
1996-03-01,1996-04-01,lag_11,-0.0017277257902161,0.0,-0.00040061650774557596,0.002159925866405919
1996-03-01,1996-04-01,volatility_3m,0.010641291336953468,-0.0008526149947207257,-0.00040061650774557596,0.002159925866405919
1996-04-01,1996-05-01,lag_0,0.0099012182605209,0.001746413069226149,0.0029364823771293267,0.0021433764992733143
1996-04-01,1996-05-01,lag_1,-0.0012250426290405,-0.00032706837970153434,0.0029364823771293267,0.0021433764992733143
1996-04-01,1996-05-01,lag_2,0.0145291599264654,0.0,0.0029364823771293267,0.0021433764992733143
1996-04-01,1996-05-01,lag_3,-0.0057400787913675,0.0,0.0029364823771293267,0.0021433764992733143
1996-04-01,1996-05-01,lag_4,0.0034648244230837,0.0,0.0029364823771293267,0.0021433764992733143
1996-04-01,1996-05-01,lag_5,0.0026320058946325,0.0,0.0029364823771293267,0.0021433764992733143
1996-04-01,1996-05-01,lag_6,-0.0017591074109057,-0.0006262388116686021,0.0029364823771293267,0.0021433764992733143
1996-04-01,1996-05-01,lag_7,0.0040251761874792,0.0,0.0029364823771293267,0.0021433764992733143
1996-04-01,1996-05-01,lag_8,0.0131693229924509,0.0,0.0029364823771293267,0.0021433764992733143
1996-04-01,1996-05-01,lag_9,-0.004189892740106,0.0,0.0029364823771293267,0.0021433764992733143
1996-04-01,1996-05-01,lag_10,0.0033088514322034,0.0,0.0029364823771293267,0.0021433764992733143
1996-04-01,1996-05-01,lag_11,0.0048989069851188,0.0,0.0029364823771293267,0.0021433764992733143
1996-04-01,1996-05-01,volatility_3m,0.008097390769108665,0.0,0.0029364823771293267,0.0021433764992733143
1996-05-01,1996-06-01,lag_0,0.0074455836229239,0.00099066989542485,0.0031235963283992303,0.0021536661186629495
1996-05-01,1996-06-01,lag_1,0.0099012182605209,0.000521153739974061,0.0031235963283992303,0.0021536661186629495
1996-05-01,1996-06-01,lag_2,-0.0012250426290405,0.0,0.0031235963283992303,0.0021536661186629495
1996-05-01,1996-06-01,lag_3,0.0145291599264654,0.00017832535178598338,0.0031235963283992303,0.0021536661186629495
1996-05-01,1996-06-01,lag_4,-0.0057400787913675,-0.00102479518980793,0.0031235963283992303,0.0021536661186629495
1996-05-01,1996-06-01,lag_5,0.0034648244230837,0.0,0.0031235963283992303,0.0021536661186629495
1996-05-01,1996-06-01,lag_6,0.0026320058946325,0.0,0.0031235963283992303,0.0021536661186629495
1996-05-01,1996-06-01,lag_7,-0.0017591074109057,0.00030457641235931665,0.0031235963283992303,0.0021536661186629495
1996-05-01,1996-06-01,lag_8,0.0040251761874792,0.0,0.0031235963283992303,0.0021536661186629495
1996-05-01,1996-06-01,lag_9,0.0131693229924509,0.0,0.0031235963283992303,0.0021536661186629495
1996-05-01,1996-06-01,lag_10,-0.004189892740106,0.0,0.0031235963283992303,0.0021536661186629495
1996-05-01,1996-06-01,lag_11,0.0033088514322034,0.0,0.0031235963283992303,0.0021536661186629495
1996-05-01,1996-06-01,volatility_3m,0.0058452770458608146,0.0,0.0031235963283992303,0.0021536661186629495
1996-06-01,1996-07-01,lag_0,0.0075933782411841,0.0006058140611026123,0.0035133831905992024,0.002257646593797239
1996-06-01,1996-07-01,lag_1,0.0074455836229239,0.00021862855438274276,0.0035133831905992024,0.002257646593797239
1996-06-01,1996-07-01,lag_2,0.0099012182605209,0.0009291097480481148,0.0035133831905992024,0.002257646593797239
1996-06-01,1996-07-01,lag_3,-0.0012250426290405,0.0002155962226192223,0.0035133831905992024,0.002257646593797239
1996-06-01,1996-07-01,lag_4,0.0145291599264654,-0.00035369370614623743,0.0035133831905992024,0.002257646593797239
1996-06-01,1996-07-01,lag_5,-0.0057400787913675,-0.0003567948952406649,0.0035133831905992024,0.002257646593797239
1996-06-01,1996-07-01,lag_6,0.0034648244230837,0.0,0.0035133831905992024,0.002257646593797239
1996-06-01,1996-07-01,lag_7,0.0026320058946325,0.0,0.0035133831905992024,0.002257646593797239
1996-06-01,1996-07-01,lag_8,-0.0017591074109057,0.00035798146504613767,0.0035133831905992024,0.002257646593797239
1996-06-01,1996-07-01,lag_9,0.0040251761874792,0.0,0.0035133831905992024,0.002257646593797239
1996-06-01,1996-07-01,lag_10,0.0131693229924509,-0.00036090485300996404,0.0035133831905992024,0.002257646593797239
1996-06-01,1996-07-01,lag_11,-0.004189892740106,0.0,0.0035133831905992024,0.002257646593797239
1996-06-01,1996-07-01,volatility_3m,0.0013770808665074408,0.0,0.0035133831905992024,0.002257646593797239
1996-07-01,1996-08-01,lag_0,0.0001537460357097,0.0,0.002058854330559407,0.002257075605339668
1996-07-01,1996-08-01,lag_1,0.0075933782411841,0.00028129595738637795,0.002058854330559407,0.002257075605339668
1996-07-01,1996-08-01,lag_2,0.0074455836229239,0.0007745628584037488,0.002058854330559407,0.002257075605339668
1996-07-01,1996-08-01,lag_3,0.0099012182605209,-0.0006130813573937075,0.002058854330559407,0.002257075605339668
1996-07-01,1996-08-01,lag_4,-0.0012250426290405,0.0,0.002058854330559407,0.002257075605339668
1996-07-01,1996-08-01,lag_5,0.0145291599264654,0.0008246240112238572,0.002058854330559407,0.002257075605339668
1996-07-01,1996-08-01,lag_6,-0.0057400787913675,-0.0010639460199398394,0.002058854330559407,0.002257075605339668
1996-07-01,1996-08-01,lag_7,0.0034648244230837,0.0,0.002058854330559407,0.002257075605339668
1996-07-01,1996-08-01,lag_8,0.0026320058946325,0.0,0.002058854330559407,0.002257075605339668
1996-07-01,1996-08-01,lag_9,-0.0017591074109057,0.0,0.002058854330559407,0.002257075605339668
1996-07-01,1996-08-01,lag_10,0.0040251761874792,0.0,0.002058854330559407,0.002257075605339668
1996-07-01,1996-08-01,lag_11,0.0131693229924509,-0.00040167672446069825,0.002058854330559407,0.002257075605339668
1996-07-01,1996-08-01,volatility_3m,0.004253251031078626,0.0,0.002058854330559407,0.002257075605339668
1996-08-01,1996-09-01,lag_0,0.0051052352845752,0.00014342926242795752,0.003807310906810117,0.0022723134839614787
1996-08-01,1996-09-01,lag_1,0.0001537460357097,0.0,0.003807310906810117,0.0022723134839614787
1996-08-01,1996-09-01,lag_2,0.0075933782411841,0.0003609835334787572,0.003807310906810117,0.0022723134839614787
1996-08-01,1996-09-01,lag_3,0.0074455836229239,0.0,0.003807310906810117,0.0022723134839614787
1996-08-01,1996-09-01,lag_4,0.0099012182605209,0.0,0.003807310906810117,0.0022723134839614787
1996-08-01,1996-09-01,lag_5,-0.0012250426290405,0.0,0.003807310906810117,0.0022723134839614787
1996-08-01,1996-09-01,lag_6,0.0145291599264654,0.0009141922344705203,0.003807310906810117,0.0022723134839614787
1996-08-01,1996-09-01,lag_7,-0.0057400787913675,0.00011639239247140335,0.003807310906810117,0.0022723134839614787
1996-08-01,1996-09-01,lag_8,0.0034648244230837,0.0,0.003807310906810117,0.0022723134839614787
1996-08-01,1996-09-01,lag_9,0.0026320058946325,0.0,0.003807310906810117,0.0022723134839614787
1996-08-01,1996-09-01,lag_10,-0.0017591074109057,0.0,0.003807310906810117,0.0022723134839614787
1996-08-01,1996-09-01,lag_11,0.0040251761874792,0.0,0.003807310906810117,0.0022723134839614787
1996-08-01,1996-09-01,volatility_3m,0.0037871763559606648,0.0,0.003807310906810117,0.0022723134839614787
1996-09-01,1996-10-01,lag_0,0.0062396321182145,0.0005527208697505967,0.0025811173160805194,0.0022841107896598104
1996-09-01,1996-10-01,lag_1,0.0051052352845752,0.0,0.0025811173160805194,0.0022841107896598104
1996-09-01,1996-10-01,lag_2,0.0001537460357097,0.0,0.0025811173160805194,0.0022841107896598104
1996-09-01,1996-10-01,lag_3,0.0075933782411841,-0.0004011096969330627,0.0025811173160805194,0.0022841107896598104
1996-09-01,1996-10-01,lag_4,0.0074455836229239,-0.00021970326517855437,0.0025811173160805194,0.0022841107896598104
1996-09-01,1996-10-01,lag_5,0.0099012182605209,0.0005219566654776144,0.0025811173160805194,0.0022841107896598104
1996-09-01,1996-10-01,lag_6,-0.0012250426290405,-0.00039379863209152593,0.0025811173160805194,0.0022841107896598104
1996-09-01,1996-10-01,lag_7,0.0145291599264654,-0.0005922610609464037,0.0025811173160805194,0.0022841107896598104
1996-09-01,1996-10-01,lag_8,-0.0057400787913675,0.0008292016463420446,0.0025811173160805194,0.0022841107896598104
1996-09-01,1996-10-01,lag_9,0.0034648244230837,0.0,0.0025811173160805194,0.0022841107896598104
1996-09-01,1996-10-01,lag_10,0.0026320058946325,0.0,0.0025811173160805194,0.0022841107896598104
1996-09-01,1996-10-01,lag_11,-0.0017591074109057,0.0,0.0025811173160805194,0.0022841107896598104
1996-09-01,1996-10-01,volatility_3m,0.0032363073444649617,0.0,0.0025811173160805194,0.0022841107896598104
1996-10-01,1996-11-01,lag_0,0.000296094050018,0.0,0.003281895358267318,0.002292212044262254
1996-10-01,1996-11-01,lag_1,0.0062396321182145,0.0001331379991221507,0.003281895358267318,0.002292212044262254
1996-10-01,1996-11-01,lag_2,0.0051052352845752,0.0003539625393954526,0.003281895358267318,0.002292212044262254
1996-10-01,1996-11-01,lag_3,0.0001537460357097,8.857893216434579e-05,0.003281895358267318,0.002292212044262254
1996-10-01,1996-11-01,lag_4,0.0075933782411841,0.0,0.003281895358267318,0.002292212044262254
1996-10-01,1996-11-01,lag_5,0.0074455836229239,0.00024622319914663186,0.003281895358267318,0.002292212044262254
1996-10-01,1996-11-01,lag_6,0.0099012182605209,0.0009138885292142692,0.003281895358267318,0.002292212044262254
1996-10-01,1996-11-01,lag_7,-0.0012250426290405,0.00010169355966956161,0.003281895358267318,0.002292212044262254
1996-10-01,1996-11-01,lag_8,0.0145291599264654,-0.0010087715023749677,0.003281895358267318,0.002292212044262254
1996-10-01,1996-11-01,lag_9,-0.0057400787913675,0.00016097005766761986,0.003281895358267318,0.002292212044262254
1996-10-01,1996-11-01,lag_10,0.0034648244230837,0.0,0.003281895358267318,0.002292212044262254
1996-10-01,1996-11-01,lag_11,0.0026320058946325,0.0,0.003281895358267318,0.002292212044262254
1996-10-01,1996-11-01,volatility_3m,0.0031554276085867822,0.0,0.003281895358267318,0.002292212044262254
1996-11-01,1996-12-01,lag_0,0.0091447851720687,0.00047831734527469633,0.003882836721907173,0.0023322434834418984
1996-11-01,1996-12-01,lag_1,0.000296094050018,0.0,0.003882836721907173,0.0023322434834418984
1996-11-01,1996-12-01,lag_2,0.0062396321182145,0.0003017074913767856,0.003882836721907173,0.0023322434834418984
1996-11-01,1996-12-01,lag_3,0.0051052352845752,0.0,0.003882836721907173,0.0023322434834418984
1996-11-01,1996-12-01,lag_4,0.0001537460357097,0.0,0.003882836721907173,0.0023322434834418984
1996-11-01,1996-12-01,lag_5,0.0075933782411841,0.00011424729586696444,0.003882836721907173,0.0023322434834418984
1996-11-01,1996-12-01,lag_6,0.0074455836229239,0.0003877823642086799,0.003882836721907173,0.0023322434834418984
1996-11-01,1996-12-01,lag_7,0.0099012182605209,0.0,0.003882836721907173,0.0023322434834418984
1996-11-01,1996-12-01,lag_8,-0.0012250426290405,0.00012583708533965126,0.003882836721907173,0.0023322434834418984
1996-11-01,1996-12-01,lag_9,0.0145291599264654,0.0,0.003882836721907173,0.0023322434834418984
1996-11-01,1996-12-01,lag_10,-0.0057400787913675,0.00014270165639849712,0.003882836721907173,0.0023322434834418984
1996-11-01,1996-12-01,lag_11,0.0034648244230837,0.0,0.003882836721907173,0.0023322434834418984
1996-11-01,1996-12-01,volatility_3m,0.004510448861770453,0.0,0.003882836721907173,0.0023322434834418984
1996-12-01,1997-01-01,lag_0,0.0063866480924561,0.0005637980285462212,0.002188913720303799,0.002381877973252928
1996-12-01,1997-01-01,lag_1,0.0091447851720687,0.000370197064106096,0.002188913720303799,0.002381877973252928
1996-12-01,1997-01-01,lag_2,0.000296094050018,-0.00022933747796824498,0.002188913720303799,0.002381877973252928
1996-12-01,1997-01-01,lag_3,0.0062396321182145,-0.0003201957150721262,0.002188913720303799,0.002381877973252928
1996-12-01,1997-01-01,lag_4,0.0051052352845752,0.0,0.002188913720303799,0.002381877973252928
1996-12-01,1997-01-01,lag_5,0.0001537460357097,0.0,0.002188913720303799,0.002381877973252928
1996-12-01,1997-01-01,lag_6,0.0075933782411841,0.0007860694065174342,0.002188913720303799,0.002381877973252928
1996-12-01,1997-01-01,lag_7,0.0074455836229239,-0.00026815853461993334,0.002188913720303799,0.002381877973252928
1996-12-01,1997-01-01,lag_8,0.0099012182605209,-0.0007759344433839037,0.002188913720303799,0.002381877973252928
1996-12-01,1997-01-01,lag_9,-0.0012250426290405,0.0,0.002188913720303799,0.002381877973252928
1996-12-01,1997-01-01,lag_10,0.0145291599264654,-0.0006182371344805342,0.002188913720303799,0.002381877973252928
1996-12-01,1997-01-01,lag_11,-0.0057400787913675,0.00029883455340586214,0.002188913720303799,0.002381877973252928
1996-12-01,1997-01-01,volatility_3m,0.004527720237000292,0.0,0.002188913720303799,0.002381877973252928
1997-01-01,1997-02-01,lag_0,0.0015838703738682,0.0,0.0022309760784040965,0.0023832312220117844
1997-01-01,1997-02-01,lag_1,0.0063866480924561,0.0,0.0022309760784040965,0.0023832312220117844
1997-01-01,1997-02-01,lag_2,0.0091447851720687,0.0011204779504440864,0.0022309760784040965,0.0023832312220117844
1997-01-01,1997-02-01,lag_3,0.000296094050018,0.0,0.0022309760784040965,0.0023832312220117844
1997-01-01,1997-02-01,lag_4,0.0062396321182145,0.0,0.0022309760784040965,0.0023832312220117844
1997-01-01,1997-02-01,lag_5,0.0051052352845752,0.0,0.0022309760784040965,0.0023832312220117844
1997-01-01,1997-02-01,lag_6,0.0001537460357097,-0.00014525706471845833,0.0022309760784040965,0.0023832312220117844
1997-01-01,1997-02-01,lag_7,0.0075933782411841,-0.00017212295353405925,0.0022309760784040965,0.0023832312220117844
1997-01-01,1997-02-01,lag_8,0.0074455836229239,-0.0004302836710722309,0.0022309760784040965,0.0023832312220117844
1997-01-01,1997-02-01,lag_9,0.0099012182605209,-0.00015021006656349236,0.0022309760784040965,0.0023832312220117844
1997-01-01,1997-02-01,lag_10,-0.0012250426290405,0.0,0.0022309760784040965,0.0023832312220117844
1997-01-01,1997-02-01,lag_11,0.0145291599264654,-0.0003748593381635335,0.0022309760784040965,0.0023832312220117844
1997-01-01,1997-02-01,volatility_3m,0.003826256363378039,0.0,0.0022309760784040965,0.0023832312220117844
1997-02-01,1997-03-01,lag_0,0.0118678167995964,0.0009641494424422624,0.0036440615152886924,0.002417302991849126
1997-02-01,1997-03-01,lag_1,0.0015838703738682,0.0,0.0036440615152886924,0.002417302991849126
1997-02-01,1997-03-01,lag_2,0.0063866480924561,0.00047197002822975783,0.0036440615152886924,0.002417302991849126
1997-02-01,1997-03-01,lag_3,0.0091447851720687,-0.00038028199482355584,0.0036440615152886924,0.002417302991849126
1997-02-01,1997-03-01,lag_4,0.000296094050018,0.0,0.0036440615152886924,0.002417302991849126
1997-02-01,1997-03-01,lag_5,0.0062396321182145,0.00020338951334798738,0.0036440615152886924,0.002417302991849126
1997-02-01,1997-03-01,lag_6,0.0051052352845752,0.0003469573995700303,0.0036440615152886924,0.002417302991849126
1997-02-01,1997-03-01,lag_7,0.0001537460357097,0.0,0.0036440615152886924,0.002417302991849126
1997-02-01,1997-03-01,lag_8,0.0075933782411841,-0.0003794258653269154,0.0036440615152886924,0.002417302991849126
1997-02-01,1997-03-01,lag_9,0.0074455836229239,0.0,0.0036440615152886924,0.002417302991849126
1997-02-01,1997-03-01,lag_10,0.0099012182605209,0.0,0.0036440615152886924,0.002417302991849126
1997-02-01,1997-03-01,lag_11,-0.0012250426290405,0.0,0.0036440615152886924,0.002417302991849126
1997-02-01,1997-03-01,volatility_3m,0.005145701090838615,0.0,0.0036440615152886924,0.002417302991849126
1997-03-01,1997-04-01,lag_0,0.0063260801601101,0.0005236300375948692,0.0029816919911808404,0.0024304085122267348
1997-03-01,1997-04-01,lag_1,0.0118678167995964,0.00047794399889917755,0.0029816919911808404,0.0024304085122267348
1997-03-01,1997-04-01,lag_2,0.0015838703738682,0.0,0.0029816919911808404,0.0024304085122267348
1997-03-01,1997-04-01,lag_3,0.0063866480924561,-0.00028803032848019627,0.0029816919911808404,0.0024304085122267348
1997-03-01,1997-04-01,lag_4,0.0091447851720687,-0.0002632075661979871,0.0029816919911808404,0.0024304085122267348
1997-03-01,1997-04-01,lag_5,0.000296094050018,0.0,0.0029816919911808404,0.0024304085122267348
1997-03-01,1997-04-01,lag_6,0.0062396321182145,0.0005889573414376458,0.0029816919911808404,0.0024304085122267348
1997-03-01,1997-04-01,lag_7,0.0051052352845752,0.0,0.0029816919911808404,0.0024304085122267348
1997-03-01,1997-04-01,lag_8,0.0001537460357097,0.0,0.0029816919911808404,0.0024304085122267348
1997-03-01,1997-04-01,lag_9,0.0075933782411841,0.0,0.0029816919911808404,0.0024304085122267348
1997-03-01,1997-04-01,lag_10,0.0074455836229239,-0.0002307960937402069,0.0029816919911808404,0.0024304085122267348
1997-03-01,1997-04-01,lag_11,0.0099012182605209,-0.0002572139105591966,0.0029816919911808404,0.0024304085122267348
1997-03-01,1997-04-01,volatility_3m,0.005147150550311002,0.0,0.0029816919911808404,0.0024304085122267348
1997-04-01,1997-05-01,lag_0,0.0011715145153683,0.0,0.0034000918009566817,0.0024493010475087765
1997-04-01,1997-05-01,lag_1,0.0063260801601101,0.0,0.0034000918009566817,0.0024493010475087765
1997-04-01,1997-05-01,lag_2,0.0118678167995964,0.0011426194530008956,0.0034000918009566817,0.0024493010475087765
1997-04-01,1997-05-01,lag_3,0.0015838703738682,0.0,0.0034000918009566817,0.0024493010475087765
1997-04-01,1997-05-01,lag_4,0.0063866480924561,0.0,0.0034000918009566817,0.0024493010475087765
1997-04-01,1997-05-01,lag_5,0.0091447851720687,0.0003194231099432052,0.0034000918009566817,0.0024493010475087765
1997-04-01,1997-05-01,lag_6,0.000296094050018,0.0,0.0034000918009566817,0.0024493010475087765
1997-04-01,1997-05-01,lag_7,0.0062396321182145,0.0,0.0034000918009566817,0.0024493010475087765
1997-04-01,1997-05-01,lag_8,0.0051052352845752,-0.0002540500492408727,0.0034000918009566817,0.0024493010475087765
1997-04-01,1997-05-01,lag_9,0.0001537460357097,0.0,0.0034000918009566817,0.0024493010475087765
1997-04-01,1997-05-01,lag_10,0.0075933782411841,-0.0002572017602553231,0.0034000918009566817,0.0024493010475087765
1997-04-01,1997-05-01,lag_11,0.0074455836229239,0.0,0.0034000918009566817,0.0024493010475087765
1997-04-01,1997-05-01,volatility_3m,0.005349318874444992,0.0,0.0034000918009566817,0.0024493010475087765
1997-05-01,1997-06-01,lag_0,0.0055243609775672,0.00036355498144460704,0.003396709908028379,0.002462196458250599
1997-05-01,1997-06-01,lag_1,0.0011715145153683,0.0,0.003396709908028379,0.002462196458250599
1997-05-01,1997-06-01,lag_2,0.0063260801601101,0.00048593865329154797,0.003396709908028379,0.002462196458250599
1997-05-01,1997-06-01,lag_3,0.0118678167995964,-0.0006285110178251362,0.003396709908028379,0.002462196458250599
1997-05-01,1997-06-01,lag_4,0.0015838703738682,0.0,0.003396709908028379,0.002462196458250599
1997-05-01,1997-06-01,lag_5,0.0063866480924561,0.00020275637022156186,0.003396709908028379,0.002462196458250599
1997-05-01,1997-06-01,lag_6,0.0091447851720687,0.0008318636691987037,0.003396709908028379,0.002462196458250599
1997-05-01,1997-06-01,lag_7,0.000296094050018,0.0,0.003396709908028379,0.002462196458250599
1997-05-01,1997-06-01,lag_8,0.0062396321182145,-0.00032108920655350443,0.003396709908028379,0.002462196458250599
1997-05-01,1997-06-01,lag_9,0.0051052352845752,0.0,0.003396709908028379,0.002462196458250599
1997-05-01,1997-06-01,lag_10,0.0001537460357097,0.0,0.003396709908028379,0.002462196458250599
1997-05-01,1997-06-01,lag_11,0.0075933782411841,0.0,0.003396709908028379,0.002462196458250599
1997-05-01,1997-06-01,volatility_3m,0.0027736730448116144,0.0,0.003396709908028379,0.002462196458250599
1997-06-01,1997-07-01,lag_0,0.0045854365477637,0.0,0.0007458507155348298,0.001854900419708568
1997-06-01,1997-07-01,lag_1,0.0055243609775672,-0.00016719718161431027,0.0007458507155348298,0.001854900419708568
1997-06-01,1997-07-01,lag_2,0.0011715145153683,-0.00044927826032134424,0.0007458507155348298,0.001854900419708568
1997-06-01,1997-07-01,lag_3,0.0063260801601101,0.0004477976378445983,0.0007458507155348298,0.001854900419708568
1997-06-01,1997-07-01,lag_4,0.0118678167995964,-0.00024509451789592,0.0007458507155348298,0.001854900419708568
1997-06-01,1997-07-01,lag_5,0.0015838703738682,-0.00014102824185660096,0.0007458507155348298,0.001854900419708568
1997-06-01,1997-07-01,lag_6,0.0063866480924561,-0.00014750152974372696,0.0007458507155348298,0.001854900419708568
1997-06-01,1997-07-01,lag_7,0.0091447851720687,0.0005132287414902598,0.0007458507155348298,0.001854900419708568
1997-06-01,1997-07-01,lag_8,0.000296094050018,-0.00042321107941727256,0.0007458507155348298,0.001854900419708568
1997-06-01,1997-07-01,lag_9,0.0062396321182145,0.0,0.0007458507155348298,0.001854900419708568
1997-06-01,1997-07-01,lag_10,0.0051052352845752,-0.0001286016096732393,0.0007458507155348298,0.001854900419708568
1997-06-01,1997-07-01,lag_11,0.0001537460357097,0.0,0.0007458507155348298,0.001854900419708568
1997-06-01,1997-07-01,volatility_3m,0.002290695493062971,-0.0003681636629861824,0.0007458507155348298,0.001854900419708568
1997-07-01,1997-08-01,lag_0,0.0085059426597107,0.0013320778880230475,0.0038698527847390945,0.001937267497985425
1997-07-01,1997-08-01,lag_1,0.0045854365477637,0.0,0.0038698527847390945,0.001937267497985425
1997-07-01,1997-08-01,lag_2,0.0055243609775672,0.00032256381850381436,0.0038698527847390945,0.001937267497985425
1997-07-01,1997-08-01,lag_3,0.0011715145153683,0.0,0.0038698527847390945,0.001937267497985425
1997-07-01,1997-08-01,lag_4,0.0063260801601101,0.0,0.0038698527847390945,0.001937267497985425
1997-07-01,1997-08-01,lag_5,0.0118678167995964,0.0004146789784661694,0.0038698527847390945,0.001937267497985425
1997-07-01,1997-08-01,lag_6,0.0015838703738682,0.0,0.0038698527847390945,0.001937267497985425
1997-07-01,1997-08-01,lag_7,0.0063866480924561,0.0,0.0038698527847390945,0.001937267497985425
1997-07-01,1997-08-01,lag_8,0.0091447851720687,0.00035186720948456865,0.0038698527847390945,0.001937267497985425
1997-07-01,1997-08-01,lag_9,0.000296094050018,0.0,0.0038698527847390945,0.001937267497985425
1997-07-01,1997-08-01,lag_10,0.0062396321182145,-0.0004886026077239305,0.0038698527847390945,0.001937267497985425
1997-07-01,1997-08-01,lag_11,0.0051052352845752,0.0,0.0038698527847390945,0.001937267497985425
1997-07-01,1997-08-01,volatility_3m,0.002047021274355711,0.0,0.0038698527847390945,0.001937267497985425
1997-08-01,1997-09-01,lag_0,0.0099549460935852,0.0019706052004481774,0.00598034575149204,0.0018006615091361903
1997-08-01,1997-09-01,lag_1,0.0085059426597107,8.291172026490914e-05,0.00598034575149204,0.0018006615091361903
1997-08-01,1997-09-01,lag_2,0.0045854365477637,0.00010979907556392854,0.00598034575149204,0.0018006615091361903
1997-08-01,1997-09-01,lag_3,0.0055243609775672,0.00028873206702506804,0.00598034575149204,0.0018006615091361903
1997-08-01,1997-09-01,lag_4,0.0011715145153683,0.0,0.00598034575149204,0.0018006615091361903
1997-08-01,1997-09-01,lag_5,0.0063260801601101,0.00017943454774912838,0.00598034575149204,0.0018006615091361903
1997-08-01,1997-09-01,lag_6,0.0118678167995964,0.0008684684474255082,0.00598034575149204,0.0018006615091361903
1997-08-01,1997-09-01,lag_7,0.0015838703738682,0.0,0.00598034575149204,0.0018006615091361903
1997-08-01,1997-09-01,lag_8,0.0063866480924561,0.0002866637190683099,0.00598034575149204,0.0018006615091361903
1997-08-01,1997-09-01,lag_9,0.0091447851720687,0.0003217834434945191,0.00598034575149204,0.0018006615091361903
1997-08-01,1997-09-01,lag_10,0.000296094050018,7.128602131630142e-05,0.00598034575149204,0.0018006615091361903
1997-08-01,1997-09-01,lag_11,0.0062396321182145,0.0,0.00598034575149204,0.0018006615091361903
1997-08-01,1997-09-01,volatility_3m,0.0027779372409476207,0.0,0.00598034575149204,0.0018006615091361903
1997-09-01,1997-10-01,lag_0,0.0091175754565737,0.0013883683143348043,0.004444801996070816,0.0019802570459550983
1997-09-01,1997-10-01,lag_1,0.0099549460935852,0.00020361789453064453,0.004444801996070816,0.0019802570459550983
1997-09-01,1997-10-01,lag_2,0.0085059426597107,0.0007736579124752379,0.004444801996070816,0.0019802570459550983
1997-09-01,1997-10-01,lag_3,0.0045854365477637,4.936215318371945e-05,0.004444801996070816,0.0019802570459550983
1997-09-01,1997-10-01,lag_4,0.0055243609775672,0.0,0.004444801996070816,0.0019802570459550983
1997-09-01,1997-10-01,lag_5,0.0011715145153683,0.0,0.004444801996070816,0.0019802570459550983
1997-09-01,1997-10-01,lag_6,0.0063260801601101,0.0,0.004444801996070816,0.0019802570459550983
1997-09-01,1997-10-01,lag_7,0.0118678167995964,1.570147120213408e-05,0.004444801996070816,0.0019802570459550983
1997-09-01,1997-10-01,lag_8,0.0015838703738682,0.0,0.004444801996070816,0.0019802570459550983
1997-09-01,1997-10-01,lag_9,0.0063866480924561,3.383720438917767e-05,0.004444801996070816,0.0019802570459550983
1997-09-01,1997-10-01,lag_10,0.0091447851720687,0.0,0.004444801996070816,0.0019802570459550983
1997-09-01,1997-10-01,lag_11,0.000296094050018,0.0,0.004444801996070816,0.0019802570459550983
1997-09-01,1997-10-01,volatility_3m,0.0007274264239206134,0.0,0.004444801996070816,0.0019802570459550983
1997-10-01,1997-11-01,lag_0,0.008827849981996,0.0011248633289592548,0.006779791759832533,0.0021917014232645036
1997-10-01,1997-11-01,lag_1,0.0091175754565737,0.000557505016404029,0.006779791759832533,0.0021917014232645036
1997-10-01,1997-11-01,lag_2,0.0099549460935852,0.0017175496352242296,0.006779791759832533,0.0021917014232645036
1997-10-01,1997-11-01,lag_3,0.0085059426597107,0.0004996603971370557,0.006779791759832533,0.0021917014232645036
1997-10-01,1997-11-01,lag_4,0.0045854365477637,0.0,0.006779791759832533,0.0021917014232645036
1997-10-01,1997-11-01,lag_5,0.0055243609775672,0.00029863783134233637,0.006779791759832533,0.0021917014232645036
1997-10-01,1997-11-01,lag_6,0.0011715145153683,0.0,0.006779791759832533,0.0021917014232645036
1997-10-01,1997-11-01,lag_7,0.0063260801601101,3.531833794249116e-05,0.006779791759832533,0.0021917014232645036
1997-10-01,1997-11-01,lag_8,0.0118678167995964,0.00035455578955863293,0.006779791759832533,0.0021917014232645036
1997-10-01,1997-11-01,lag_9,0.0015838703738682,0.0,0.006779791759832533,0.0021917014232645036
1997-10-01,1997-11-01,lag_10,0.0063866480924561,0.0,0.006779791759832533,0.0021917014232645036
1997-10-01,1997-11-01,lag_11,0.0091447851720687,0.0,0.006779791759832533,0.0021917014232645036
1997-10-01,1997-11-01,volatility_3m,0.0007198935209829239,0.0,0.006779791759832533,0.0021917014232645036
1997-11-01,1997-12-01,lag_0,0.0078442888950283,0.0012305484109862827,0.005416655751895085,0.0019735625171600347
1997-11-01,1997-12-01,lag_1,0.008827849981996,4.8082646814115775e-05,0.005416655751895085,0.0019735625171600347
1997-11-01,1997-12-01,lag_2,0.0091175754565737,0.0009342611986682762,0.005416655751895085,0.0019735625171600347
1997-11-01,1997-12-01,lag_3,0.0099549460935852,0.0006208157112022684,0.005416655751895085,0.0019735625171600347
1997-11-01,1997-12-01,lag_4,0.0085059426597107,0.00017351747860945907,0.005416655751895085,0.0019735625171600347
1997-11-01,1997-12-01,lag_5,0.0045854365477637,0.00010095206960884204,0.005416655751895085,0.0019735625171600347
1997-11-01,1997-12-01,lag_6,0.0055243609775672,0.00017714493853356072,0.005416655751895085,0.0019735625171600347
1997-11-01,1997-12-01,lag_7,0.0011715145153683,0.0,0.005416655751895085,0.0019735625171600347
1997-11-01,1997-12-01,lag_8,0.0063260801601101,0.00011408116188411762,0.005416655751895085,0.0019735625171600347
1997-11-01,1997-12-01,lag_9,0.0118678167995964,0.0,0.005416655751895085,0.0019735625171600347
1997-11-01,1997-12-01,lag_10,0.0015838703738682,4.3689618428127686e-05,0.005416655751895085,0.0019735625171600347
1997-11-01,1997-12-01,lag_11,0.0063866480924561,0.0,0.005416655751895085,0.0019735625171600347
1997-11-01,1997-12-01,volatility_3m,0.0006831351744694044,0.0,0.005416655751895085,0.0019735625171600347
1997-12-01,1998-01-01,lag_0,0.0042494435829167,0.0,0.0028315527041624417,0.002051908280992363
1997-12-01,1998-01-01,lag_1,0.0078442888950283,0.0,0.0028315527041624417,0.002051908280992363
1997-12-01,1998-01-01,lag_2,0.008827849981996,0.0007964990422321261,0.0028315527041624417,0.002051908280992363
1997-12-01,1998-01-01,lag_3,0.0091175754565737,0.00039022038696769285,0.0028315527041624417,0.002051908280992363
1997-12-01,1998-01-01,lag_4,0.0099549460935852,0.0,0.0028315527041624417,0.002051908280992363
1997-12-01,1998-01-01,lag_5,0.0085059426597107,0.00028125345124960645,0.0028315527041624417,0.002051908280992363
1997-12-01,1998-01-01,lag_6,0.0045854365477637,0.0,0.0028315527041624417,0.002051908280992363
1997-12-01,1998-01-01,lag_7,0.0055243609775672,0.0,0.0028315527041624417,0.002051908280992363
1997-12-01,1998-01-01,lag_8,0.0011715145153683,0.0,0.0028315527041624417,0.002051908280992363
1997-12-01,1998-01-01,lag_9,0.0063260801601101,0.0001052119592409805,0.0028315527041624417,0.002051908280992363
1997-12-01,1998-01-01,lag_10,0.0118678167995964,-0.0007935404165203273,0.0028315527041624417,0.002051908280992363
1997-12-01,1998-01-01,lag_11,0.0015838703738682,0.0,0.0028315527041624417,0.002051908280992363
1997-12-01,1998-01-01,volatility_3m,0.0024101213795484147,0.0,0.0028315527041624417,0.002051908280992363
1998-01-01,1998-02-01,lag_0,0.0043737842759465,0.00020195568264960769,0.004963225088974142,0.0022195591291358555
1998-01-01,1998-02-01,lag_1,0.0042494435829167,0.0,0.004963225088974142,0.0022195591291358555
1998-01-01,1998-02-01,lag_2,0.0078442888950283,0.0010618375804421509,0.004963225088974142,0.0022195591291358555
1998-01-01,1998-02-01,lag_3,0.008827849981996,0.0007062727529923821,0.004963225088974142,0.0022195591291358555
1998-01-01,1998-02-01,lag_4,0.0091175754565737,0.0,0.004963225088974142,0.0022195591291358555
1998-01-01,1998-02-01,lag_5,0.0099549460935852,0.0006716669845541004,0.004963225088974142,0.0022195591291358555
1998-01-01,1998-02-01,lag_6,0.0085059426597107,0.0,0.004963225088974142,0.0022195591291358555
1998-01-01,1998-02-01,lag_7,0.0045854365477637,5.521089709300645e-05,0.004963225088974142,0.0022195591291358555
1998-01-01,1998-02-01,lag_8,0.0055243609775672,0.0,0.004963225088974142,0.0022195591291358555
1998-01-01,1998-02-01,lag_9,0.0011715145153683,0.0,0.004963225088974142,0.0022195591291358555
1998-01-01,1998-02-01,lag_10,0.0063260801601101,0.0,0.004963225088974142,0.0022195591291358555
1998-01-01,1998-02-01,lag_11,0.0118678167995964,0.0,0.004963225088974142,0.0022195591291358555
1998-01-01,1998-02-01,volatility_3m,0.0020405381535688887,4.672206210703904e-05,0.004963225088974142,0.0022195591291358555
1998-02-01,1998-03-01,lag_0,0.0016174896182681,-0.0003910813988000851,0.003156726840771774,0.002338101116270423
1998-02-01,1998-03-01,lag_1,0.0043737842759465,0.0,0.003156726840771774,0.002338101116270423
1998-02-01,1998-03-01,lag_2,0.0042494435829167,0.0,0.003156726840771774,0.002338101116270423
1998-02-01,1998-03-01,lag_3,0.0078442888950283,0.0007772219703072029,0.003156726840771774,0.002338101116270423
1998-02-01,1998-03-01,lag_4,0.008827849981996,0.0,0.003156726840771774,0.002338101116270423
1998-02-01,1998-03-01,lag_5,0.0091175754565737,0.00046826948408317394,0.003156726840771774,0.002338101116270423
1998-02-01,1998-03-01,lag_6,0.0099549460935852,0.0,0.003156726840771774,0.002338101116270423
1998-02-01,1998-03-01,lag_7,0.0085059426597107,0.00026897221635351017,0.003156726840771774,0.002338101116270423
1998-02-01,1998-03-01,lag_8,0.0045854365477637,0.0,0.003156726840771774,0.002338101116270423
1998-02-01,1998-03-01,lag_9,0.0055243609775672,0.0,0.003156726840771774,0.002338101116270423
1998-02-01,1998-03-01,lag_10,0.0011715145153683,0.0,0.003156726840771774,0.002338101116270423
1998-02-01,1998-03-01,lag_11,0.0063260801601101,-0.00030475654744245074,0.003156726840771774,0.002338101116270423
1998-02-01,1998-03-01,volatility_3m,0.001556695352336647,0.0,0.003156726840771774,0.002338101116270423
1998-03-01,1998-04-01,lag_0,0.0003515910121256,-0.0008548689015454207,0.0023558281499563615,0.002290921973707092
1998-03-01,1998-04-01,lag_1,0.0016174896182681,0.0,0.0023558281499563615,0.002290921973707092
1998-03-01,1998-04-01,lag_2,0.0043737842759465,0.0,0.0023558281499563615,0.002290921973707092
1998-03-01,1998-04-01,lag_3,0.0042494435829167,0.0,0.0023558281499563615,0.002290921973707092
1998-03-01,1998-04-01,lag_4,0.0078442888950283,0.0,0.0023558281499563615,0.002290921973707092
1998-03-01,1998-04-01,lag_5,0.008827849981996,0.0,0.0023558281499563615,0.002290921973707092
1998-03-01,1998-04-01,lag_6,0.0091175754565737,0.0,0.0023558281499563615,0.002290921973707092
1998-03-01,1998-04-01,lag_7,0.0099549460935852,0.00035287266610927576,0.0023558281499563615,0.002290921973707092
1998-03-01,1998-04-01,lag_8,0.0085059426597107,0.0005669024116854145,0.0023558281499563615,0.002290921973707092
1998-03-01,1998-04-01,lag_9,0.0045854365477637,0.0,0.0023558281499563615,0.002290921973707092
1998-03-01,1998-04-01,lag_10,0.0055243609775672,0.0,0.0023558281499563615,0.002290921973707092
1998-03-01,1998-04-01,lag_11,0.0011715145153683,0.0,0.0023558281499563615,0.002290921973707092
1998-03-01,1998-04-01,volatility_3m,0.0020566031124367124,0.0,0.0023558281499563615,0.002290921973707092
1998-04-01,1998-05-01,lag_0,0.0034253831806134,0.0,0.0025147609513969642,0.0024071856113276487
1998-04-01,1998-05-01,lag_1,0.0003515910121256,0.0,0.0025147609513969642,0.0024071856113276487
1998-04-01,1998-05-01,lag_2,0.0016174896182681,-0.0005385577502367141,0.0025147609513969642,0.0024071856113276487
1998-04-01,1998-05-01,lag_3,0.0043737842759465,0.0,0.0025147609513969642,0.0024071856113276487
1998-04-01,1998-05-01,lag_4,0.0042494435829167,0.0,0.0025147609513969642,0.0024071856113276487
1998-04-01,1998-05-01,lag_5,0.0078442888950283,0.0,0.0025147609513969642,0.0024071856113276487
1998-04-01,1998-05-01,lag_6,0.008827849981996,0.0,0.0025147609513969642,0.0024071856113276487
1998-04-01,1998-05-01,lag_7,0.0091175754565737,0.0003258946316928801,0.0025147609513969642,0.0024071856113276487
1998-04-01,1998-05-01,lag_8,0.0099549460935852,0.0007043333581808928,0.0025147609513969642,0.0024071856113276487
1998-04-01,1998-05-01,lag_9,0.0085059426597107,0.0005070970101110888,0.0025147609513969642,0.0024071856113276487
1998-04-01,1998-05-01,lag_10,0.0045854365477637,0.0,0.0025147609513969642,0.0024071856113276487
1998-04-01,1998-05-01,lag_11,0.0055243609775672,-0.00035130831766296884,0.0025147609513969642,0.0024071856113276487
1998-04-01,1998-05-01,volatility_3m,0.001544839619985412,-0.0005398835920158633,0.0025147609513969642,0.0024071856113276487
1998-05-01,1998-06-01,lag_0,0.0065697125334116,0.000572520433515488,0.0032701720446853795,0.0022784026298498937
1998-05-01,1998-06-01,lag_1,0.0034253831806134,0.0,0.0032701720446853795,0.0022784026298498937
1998-05-01,1998-06-01,lag_2,0.0003515910121256,-0.0005635013266070462,0.0032701720446853795,0.0022784026298498937
1998-05-01,1998-06-01,lag_3,0.0016174896182681,0.0,0.0032701720446853795,0.0022784026298498937
1998-05-01,1998-06-01,lag_4,0.0043737842759465,0.0,0.0032701720446853795,0.0022784026298498937
1998-05-01,1998-06-01,lag_5,0.0042494435829167,0.0,0.0032701720446853795,0.0022784026298498937
1998-05-01,1998-06-01,lag_6,0.0078442888950283,0.0,0.0032701720446853795,0.0022784026298498937
1998-05-01,1998-06-01,lag_7,0.008827849981996,0.0,0.0032701720446853795,0.0022784026298498937
1998-05-01,1998-06-01,lag_8,0.0091175754565737,0.0005570228298398422,0.0032701720446853795,0.0022784026298498937
1998-05-01,1998-06-01,lag_9,0.0099549460935852,0.0007501831965408533,0.0032701720446853795,0.0022784026298498937
1998-05-01,1998-06-01,lag_10,0.0085059426597107,0.0,0.0032701720446853795,0.0022784026298498937
1998-05-01,1998-06-01,lag_11,0.0045854365477637,-0.0003244557184536516,0.0032701720446853795,0.0022784026298498937
1998-05-01,1998-06-01,volatility_3m,0.003109127439958179,0.0,0.0032701720446853795,0.0022784026298498937
1998-06-01,1998-07-01,lag_0,-0.0060166552861451,-0.0031789837274004075,0.00021952090773669046,0.002832140062465734
1998-06-01,1998-07-01,lag_1,0.0065697125334116,0.0,0.00021952090773669046,0.002832140062465734
1998-06-01,1998-07-01,lag_2,0.0034253831806134,0.0,0.00021952090773669046,0.002832140062465734
1998-06-01,1998-07-01,lag_3,0.0003515910121256,-0.0003567020690376121,0.00021952090773669046,0.002832140062465734
1998-06-01,1998-07-01,lag_4,0.0016174896182681,0.00027332171932834324,0.00021952090773669046,0.002832140062465734
1998-06-01,1998-07-01,lag_5,0.0043737842759465,0.0,0.00021952090773669046,0.002832140062465734
1998-06-01,1998-07-01,lag_6,0.0042494435829167,0.0,0.00021952090773669046,0.002832140062465734
1998-06-01,1998-07-01,lag_7,0.0078442888950283,0.000309042080295005,0.00021952090773669046,0.002832140062465734
1998-06-01,1998-07-01,lag_8,0.008827849981996,0.0010782472793411566,0.00021952090773669046,0.002832140062465734
1998-06-01,1998-07-01,lag_9,0.0091175754565737,-0.0009329364427138377,0.00021952090773669046,0.002832140062465734
1998-06-01,1998-07-01,lag_10,0.0099549460935852,0.00045950506348136093,0.00021952090773669046,0.002832140062465734
1998-06-01,1998-07-01,lag_11,0.0085059426597107,-0.0002641130580230519,0.00021952090773669046,0.002832140062465734
1998-06-01,1998-07-01,volatility_3m,0.00655051591321615,0.0,0.00021952090773669046,0.002832140062465734
1998-07-01,1998-08-01,lag_0,-0.0038529866935137,-0.002680205244867792,-0.001955504218602796,0.002945628326507029
1998-07-01,1998-08-01,lag_1,-0.0060166552861451,0.0,-0.001955504218602796,0.002945628326507029
1998-07-01,1998-08-01,lag_2,0.0065697125334116,0.00039711943255480917,-0.001955504218602796,0.002945628326507029
1998-07-01,1998-08-01,lag_3,0.0034253831806134,0.0,-0.001955504218602796,0.002945628326507029
1998-07-01,1998-08-01,lag_4,0.0003515910121256,0.0,-0.001955504218602796,0.002945628326507029
1998-07-01,1998-08-01,lag_5,0.0016174896182681,-0.00019600645266653949,-0.001955504218602796,0.002945628326507029
1998-07-01,1998-08-01,lag_6,0.0043737842759465,0.0,-0.001955504218602796,0.002945628326507029
1998-07-01,1998-08-01,lag_7,0.0042494435829167,0.0003658446635303979,-0.001955504218602796,0.002945628326507029
1998-07-01,1998-08-01,lag_8,0.0078442888950283,0.0,-0.001955504218602796,0.002945628326507029
1998-07-01,1998-08-01,lag_9,0.008827849981996,-0.0008497425721225253,-0.001955504218602796,0.002945628326507029
1998-07-01,1998-08-01,lag_10,0.0091175754565737,-0.00038863680718296693,-0.001955504218602796,0.002945628326507029
1998-07-01,1998-08-01,lag_11,0.0099549460935852,-0.0011868279899502467,-0.001955504218602796,0.002945628326507029
1998-07-01,1998-08-01,volatility_3m,0.0067296703218268335,-0.00036267757440496126,-0.001955504218602796,0.002945628326507029
1998-08-01,1998-09-01,lag_0,0.019909309205480705,0.0053127428082944675,0.0058595261702707666,0.0027593426647563135
1998-08-01,1998-09-01,lag_1,-0.0038529866935137,-0.00041229268364093697,0.0058595261702707666,0.0027593426647563135
1998-08-01,1998-09-01,lag_2,-0.0060166552861451,-0.0007820947292592923,0.0058595261702707666,0.0027593426647563135
1998-08-01,1998-09-01,lag_3,0.0065697125334116,0.0,0.0058595261702707666,0.0027593426647563135
1998-08-01,1998-09-01,lag_4,0.0034253831806134,0.0,0.0058595261702707666,0.0027593426647563135
1998-08-01,1998-09-01,lag_5,0.0003515910121256,0.0,0.0058595261702707666,0.0027593426647563135
1998-08-01,1998-09-01,lag_6,0.0016174896182681,0.0,0.0058595261702707666,0.0027593426647563135
1998-08-01,1998-09-01,lag_7,0.0043737842759465,0.0,0.0058595261702707666,0.0027593426647563135
1998-08-01,1998-09-01,lag_8,0.0042494435829167,0.0,0.0058595261702707666,0.0027593426647563135
1998-08-01,1998-09-01,lag_9,0.0078442888950283,-0.00011793554026101301,0.0058595261702707666,0.0027593426647563135
1998-08-01,1998-09-01,lag_10,0.008827849981996,-0.0005083093821427306,0.0058595261702707666,0.0027593426647563135
1998-08-01,1998-09-01,lag_11,0.0091175754565737,-0.00020580466495029567,0.0058595261702707666,0.0027593426647563135
1998-08-01,1998-09-01,volatility_3m,0.014719933089133934,-0.0001861223025257455,0.0058595261702707666,0.0027593426647563135
1998-09-01,1998-10-01,lag_0,-0.0005323279149607,-0.000982956119717455,0.002789613580672568,0.002830413568879328
1998-09-01,1998-10-01,lag_1,0.019906202731419263,0.0030962120561665854,0.002789613580672568,0.002830413568879328
1998-09-01,1998-10-01,lag_2,-0.0038529866935137,-0.0009277477634356112,0.002789613580672568,0.002830413568879328
1998-09-01,1998-10-01,lag_3,-0.0060166552861451,0.0,0.002789613580672568,0.002830413568879328
1998-09-01,1998-10-01,lag_4,0.0065697125334116,-0.0002796757916386549,0.002789613580672568,0.002830413568879328
1998-09-01,1998-10-01,lag_5,0.0034253831806134,0.0,0.002789613580672568,0.002830413568879328
1998-09-01,1998-10-01,lag_6,0.0003515910121256,0.0,0.002789613580672568,0.002830413568879328
1998-09-01,1998-10-01,lag_7,0.0016174896182681,0.0,0.002789613580672568,0.002830413568879328
1998-09-01,1998-10-01,lag_8,0.0043737842759465,0.0,0.002789613580672568,0.002830413568879328
1998-09-01,1998-10-01,lag_9,0.0042494435829167,0.0,0.002789613580672568,0.002830413568879328
1998-09-01,1998-10-01,lag_10,0.0078442888950283,0.0,0.002789613580672568,0.002830413568879328
1998-09-01,1998-10-01,lag_11,0.008827849981996,-0.0004621314988515044,0.002789613580672568,0.002830413568879328
1998-09-01,1998-10-01,volatility_3m,0.013201758331689779,-0.0004845008707301202,0.002789613580672568,0.002830413568879328
1998-10-01,1998-11-01,lag_0,0.0068129990948513,0.0012674738515361798,0.001515351632485961,0.0028781310964366754
1998-10-01,1998-11-01,lag_1,-0.0005323279149607,-0.00040892108020603715,0.001515351632485961,0.0028781310964366754
1998-10-01,1998-11-01,lag_2,0.01990309625735782,0.001019216649306906,0.001515351632485961,0.0028781310964366754
1998-10-01,1998-11-01,lag_3,-0.0038529866935137,-0.00021759701200260587,0.001515351632485961,0.0028781310964366754
1998-10-01,1998-11-01,lag_4,-0.0060166552861451,-0.0011806631705763477,0.001515351632485961,0.0028781310964366754
1998-10-01,1998-11-01,lag_5,0.0065697125334116,-0.0010416729233965521,0.001515351632485961,0.0028781310964366754
1998-10-01,1998-11-01,lag_6,0.0034253831806134,0.0,0.001515351632485961,0.0028781310964366754
1998-10-01,1998-11-01,lag_7,0.0003515910121256,0.0,0.001515351632485961,0.0028781310964366754
1998-10-01,1998-11-01,lag_8,0.0016174896182681,0.0,0.001515351632485961,0.0028781310964366754
1998-10-01,1998-11-01,lag_9,0.0043737842759465,0.0,0.001515351632485961,0.0028781310964366754
1998-10-01,1998-11-01,lag_10,0.0042494435829167,0.0,0.001515351632485961,0.0028781310964366754
1998-10-01,1998-11-01,lag_11,0.0078442888950283,0.0,0.001515351632485961,0.0028781310964366754
1998-10-01,1998-11-01,volatility_3m,0.01066992964460753,-0.0008006157786122573,0.001515351632485961,0.0028781310964366754
1998-11-01,1998-12-01,lag_0,-0.0007584271645324,-0.001006897325466569,0.0015205799708425984,0.0027908525571229284
1998-11-01,1998-12-01,lag_1,0.0068129990948513,0.000688080610120995,0.0015205799708425984,0.0027908525571229284
1998-11-01,1998-12-01,lag_2,-0.0005323279149607,-0.0002473183988198177,0.0015205799708425984,0.0027908525571229284
1998-11-01,1998-12-01,lag_3,0.01989998978329638,-0.0017451603452415857,0.0015205799708425984,0.0027908525571229284
1998-11-01,1998-12-01,lag_4,-0.0038529866935137,-0.0007888282112956533,0.0015205799708425984,0.0027908525571229284
1998-11-01,1998-12-01,lag_5,-0.0060166552861451,0.0020550131836583434,0.0015205799708425984,0.0027908525571229284
1998-11-01,1998-12-01,lag_6,0.0065697125334116,0.0,0.0015205799708425984,0.0027908525571229284
1998-11-01,1998-12-01,lag_7,0.0034253831806134,0.0,0.0015205799708425984,0.0027908525571229284
1998-11-01,1998-12-01,lag_8,0.0003515910121256,-0.00022516209923604296,0.0015205799708425984,0.0027908525571229284
1998-11-01,1998-12-01,lag_9,0.0016174896182681,0.0,0.0015205799708425984,0.0027908525571229284
1998-11-01,1998-12-01,lag_10,0.0043737842759465,0.0,0.0015205799708425984,0.0027908525571229284
1998-11-01,1998-12-01,lag_11,0.0042494435829167,0.0,0.0015205799708425984,0.0027908525571229284
1998-11-01,1998-12-01,volatility_3m,0.004307579470209374,0.0,0.0015205799708425984,0.0027908525571229284
1998-12-01,1999-01-01,lag_0,0.0045201495934508,0.00032821833540393604,0.003060730954615714,0.0027526466034132275
1998-12-01,1999-01-01,lag_1,-0.0007584271645324,0.0,0.003060730954615714,0.0027526466034132275
1998-12-01,1999-01-01,lag_2,0.0068129990948513,0.0005251897302408802,0.003060730954615714,0.0027526466034132275
1998-12-01,1999-01-01,lag_3,-0.0005323279149607,-0.0003356642265223514,0.003060730954615714,0.0027526466034132275
1998-12-01,1999-01-01,lag_4,0.019896883309234937,-0.0008245377987330326,0.003060730954615714,0.0027526466034132275
1998-12-01,1999-01-01,lag_5,-0.0038529866935137,0.0,0.003060730954615714,0.0027526466034132275
1998-12-01,1999-01-01,lag_6,-0.0060166552861451,0.00034203694777732336,0.003060730954615714,0.0027526466034132275
1998-12-01,1999-01-01,lag_7,0.0065697125334116,0.00027284136303573094,0.003060730954615714,0.0027526466034132275
1998-12-01,1999-01-01,lag_8,0.0034253831806134,0.0,0.003060730954615714,0.0027526466034132275
1998-12-01,1999-01-01,lag_9,0.0003515910121256,0.0,0.003060730954615714,0.0027526466034132275
1998-12-01,1999-01-01,lag_10,0.0016174896182681,0.0,0.003060730954615714,0.0027526466034132275
1998-12-01,1999-01-01,lag_11,0.0043737842759465,0.0,0.003060730954615714,0.0027526466034132275
1998-12-01,1999-01-01,volatility_3m,0.0038825899222743486,0.0,0.003060730954615714,0.0027526466034132275
1999-01-01,1999-02-01,lag_0,0.0043112451049784,0.00011839328943647159,0.0042341683983666036,0.002755685143348613
1999-01-01,1999-02-01,lag_1,0.0045201495934508,0.0,0.0042341683983666036,0.002755685143348613
1999-01-01,1999-02-01,lag_2,-0.0007584271645324,-0.0009642844392538316,0.0042341683983666036,0.002755685143348613
1999-01-01,1999-02-01,lag_3,0.0068129990948513,0.0006776373962072336,0.0042341683983666036,0.002755685143348613
1999-01-01,1999-02-01,lag_4,-0.0005323279149607,0.0,0.0042341683983666036,0.002755685143348613
1999-01-01,1999-02-01,lag_5,0.019893776835173495,0.0006740139885541942,0.0042341683983666036,0.002755685143348613
1999-01-01,1999-02-01,lag_6,-0.0038529866935137,0.0006678704095609123,0.0042341683983666036,0.002755685143348613
1999-01-01,1999-02-01,lag_7,-0.0060166552861451,0.0,0.0042341683983666036,0.002755685143348613
1999-01-01,1999-02-01,lag_8,0.0065697125334116,0.0003048526105130105,0.0042341683983666036,0.002755685143348613
1999-01-01,1999-02-01,lag_9,0.0034253831806134,0.0,0.0042341683983666036,0.002755685143348613
1999-01-01,1999-02-01,lag_10,0.0003515910121256,0.0,0.0042341683983666036,0.002755685143348613
1999-01-01,1999-02-01,lag_11,0.0016174896182681,0.0,0.0042341683983666036,0.002755685143348613
1999-01-01,1999-02-01,volatility_3m,0.0029891077429970952,0.0,0.0042341683983666036,0.002755685143348613
1999-02-01,1999-03-01,lag_0,0.0060630796503478,0.0007004078216411326,0.002811577757010948,0.003150943374436221
1999-02-01,1999-03-01,lag_1,0.0043112451049784,0.0002680328405454289,0.002811577757010948,0.003150943374436221
1999-02-01,1999-03-01,lag_2,0.0045201495934508,0.0,0.002811577757010948,0.003150943374436221
1999-02-01,1999-03-01,lag_3,-0.0007584271645324,-0.00026683871297284996,0.002811577757010948,0.003150943374436221
1999-02-01,1999-03-01,lag_4,0.0068129990948513,0.0,0.002811577757010948,0.003150943374436221
1999-02-01,1999-03-01,lag_5,-0.0005323279149607,0.0,0.002811577757010948,0.003150943374436221
1999-02-01,1999-03-01,lag_6,0.019890670361112053,0.001049793987829225,0.002811577757010948,0.003150943374436221
1999-02-01,1999-03-01,lag_7,-0.0038529866935137,0.0,0.002811577757010948,0.003150943374436221
1999-02-01,1999-03-01,lag_8,-0.0060166552861451,-0.0014658218993508477,0.002811577757010948,0.003150943374436221
1999-02-01,1999-03-01,lag_9,0.0065697125334116,0.0,0.002811577757010948,0.003150943374436221
1999-02-01,1999-03-01,lag_10,0.0034253831806134,0.0,0.002811577757010948,0.003150943374436221
1999-02-01,1999-03-01,lag_11,0.0003515910121256,-0.000325223454674441,0.002811577757010948,0.003150943374436221
1999-02-01,1999-03-01,volatility_3m,0.0009568349317872357,-0.000299716200442921,0.002811577757010948,0.003150943374436221
1999-03-01,1999-04-01,lag_0,0.0022660526894453,-0.0003947108941189788,0.003547625031482156,0.002926977324332546
1999-03-01,1999-04-01,lag_1,0.0060630796503478,0.000540315274218755,0.003547625031482156,0.002926977324332546
1999-03-01,1999-04-01,lag_2,0.0043112451049784,0.0,0.003547625031482156,0.002926977324332546
1999-03-01,1999-04-01,lag_3,0.0045201495934508,0.0,0.003547625031482156,0.002926977324332546
1999-03-01,1999-04-01,lag_4,-0.0007584271645324,0.0005605731494271553,0.003547625031482156,0.002926977324332546
1999-03-01,1999-04-01,lag_5,0.0068129990948513,0.0,0.003547625031482156,0.002926977324332546
1999-03-01,1999-04-01,lag_6,-0.0005323279149607,0.0,0.003547625031482156,0.002926977324332546
1999-03-01,1999-04-01,lag_7,0.019887563887050593,0.000963926991459066,0.003547625031482156,0.002926977324332546
1999-03-01,1999-04-01,lag_8,-0.0038529866935137,-0.0008024963870848746,0.003547625031482156,0.002926977324332546
1999-03-01,1999-04-01,lag_9,-0.0060166552861451,0.0,0.003547625031482156,0.002926977324332546
1999-03-01,1999-04-01,lag_10,0.0065697125334116,0.0,0.003547625031482156,0.002926977324332546
1999-03-01,1999-04-01,lag_11,0.0034253831806134,0.0,0.003547625031482156,0.002926977324332546
1999-03-01,1999-04-01,volatility_3m,0.0019004012748506651,-0.0002469604267515132,0.003547625031482156,0.002926977324332546
1999-04-01,1999-05-01,lag_0,0.0022959860915063,-0.0004884719161884999,0.005779638707848669,0.003078154996536416
1999-04-01,1999-05-01,lag_1,0.0022660526894453,0.0,0.005779638707848669,0.003078154996536416
1999-04-01,1999-05-01,lag_2,0.0060630796503478,0.0001590779450591002,0.005779638707848669,0.003078154996536416
1999-04-01,1999-05-01,lag_3,0.0043112451049784,0.0,0.005779638707848669,0.003078154996536416
1999-04-01,1999-05-01,lag_4,0.0045201495934508,0.0,0.005779638707848669,0.003078154996536416
1999-04-01,1999-05-01,lag_5,-0.0007584271645324,0.0,0.005779638707848669,0.003078154996536416
1999-04-01,1999-05-01,lag_6,0.0068129990948513,0.0,0.005779638707848669,0.003078154996536416
1999-04-01,1999-05-01,lag_7,-0.0005323279149607,0.0,0.005779638707848669,0.003078154996536416
1999-04-01,1999-05-01,lag_8,0.01988445741298915,0.0025645805497044078,0.005779638707848669,0.003078154996536416
1999-04-01,1999-05-01,lag_9,-0.0038529866935137,0.00024676401379577047,0.005779638707848669,0.003078154996536416
1999-04-01,1999-05-01,lag_10,-0.0060166552861451,0.00021953311894147435,0.005779638707848669,0.003078154996536416
1999-04-01,1999-05-01,lag_11,0.0065697125334116,0.0,0.005779638707848669,0.003078154996536416
1999-04-01,1999-05-01,volatility_3m,0.0021836248010836073,0.0,0.005779638707848669,0.003078154996536416
1999-05-01,1999-06-01,lag_0,0.0063026472583853,0.0007090279576411834,0.0021001814385863196,0.002442405073361065
1999-05-01,1999-06-01,lag_1,0.0022959860915063,0.0,0.0021001814385863196,0.002442405073361065
1999-05-01,1999-06-01,lag_2,0.0022660526894453,0.0,0.0021001814385863196,0.002442405073361065
1999-05-01,1999-06-01,lag_3,0.0060630796503478,0.0,0.0021001814385863196,0.002442405073361065
1999-05-01,1999-06-01,lag_4,0.0043112451049784,0.0,0.0021001814385863196,0.002442405073361065
1999-05-01,1999-06-01,lag_5,0.0045201495934508,0.0,0.0021001814385863196,0.002442405073361065
1999-05-01,1999-06-01,lag_6,-0.0007584271645324,-0.0006344404053404957,0.0021001814385863196,0.002442405073361065
1999-05-01,1999-06-01,lag_7,0.0068129990948513,0.0002559151213221806,0.0021001814385863196,0.002442405073361065
1999-05-01,1999-06-01,lag_8,-0.0005323279149607,-0.0011828954764707144,0.0021001814385863196,0.002442405073361065
1999-05-01,1999-06-01,lag_9,0.01988135093892771,0.0004778435722076734,0.0021001814385863196,0.002442405073361065
1999-05-01,1999-06-01,lag_10,-0.0038529866935137,0.0,0.0021001814385863196,0.002442405073361065
1999-05-01,1999-06-01,lag_11,-0.0060166552861451,0.0007981964859497709,0.0021001814385863196,0.002442405073361065
1999-05-01,1999-06-01,volatility_3m,0.002321936168686636,-0.0007658708900843433,0.0021001814385863196,0.002442405073361065
1999-06-01,1999-07-01,lag_0,-0.0007846779120086,-0.0012918148562671475,0.00479210327521902,0.003298899626847986
1999-06-01,1999-07-01,lag_1,0.0063026472583853,0.0004950689271567274,0.00479210327521902,0.003298899626847986
1999-06-01,1999-07-01,lag_2,0.0022959860915063,0.0,0.00479210327521902,0.003298899626847986
1999-06-01,1999-07-01,lag_3,0.0022660526894453,0.0,0.00479210327521902,0.003298899626847986
1999-06-01,1999-07-01,lag_4,0.0060630796503478,0.0,0.00479210327521902,0.003298899626847986
1999-06-01,1999-07-01,lag_5,0.0043112451049784,0.0,0.00479210327521902,0.003298899626847986
1999-06-01,1999-07-01,lag_6,0.0045201495934508,0.0,0.00479210327521902,0.003298899626847986
1999-06-01,1999-07-01,lag_7,-0.0007584271645324,0.00024882947099806054,0.00479210327521902,0.003298899626847986
1999-06-01,1999-07-01,lag_8,0.0068129990948513,0.0007202219247166231,0.00479210327521902,0.003298899626847986
1999-06-01,1999-07-01,lag_9,-0.0005323279149607,0.00023028259793294686,0.00479210327521902,0.003298899626847986
1999-06-01,1999-07-01,lag_10,0.019878244464866267,0.0004100785205532595,0.00479210327521902,0.003298899626847986
1999-06-01,1999-07-01,lag_11,-0.0038529866935137,0.0006805370632805645,0.00479210327521902,0.003298899626847986
1999-06-01,1999-07-01,volatility_3m,0.0035537304924925387,0.0,0.00479210327521902,0.003298899626847986
1999-07-01,1999-08-01,lag_0,0.005769502318011,0.0005317605958217119,0.002003553613551102,0.003179705577846621
1999-07-01,1999-08-01,lag_1,-0.0007846779120086,-0.0007337920235535386,0.002003553613551102,0.003179705577846621
1999-07-01,1999-08-01,lag_2,0.0063026472583853,0.0002671301345024308,0.002003553613551102,0.003179705577846621
1999-07-01,1999-08-01,lag_3,0.0022959860915063,0.0,0.002003553613551102,0.003179705577846621
1999-07-01,1999-08-01,lag_4,0.0022660526894453,0.0,0.002003553613551102,0.003179705577846621
1999-07-01,1999-08-01,lag_5,0.0060630796503478,0.0,0.002003553613551102,0.003179705577846621
1999-07-01,1999-08-01,lag_6,0.0043112451049784,0.0,0.002003553613551102,0.003179705577846621
1999-07-01,1999-08-01,lag_7,0.0045201495934508,0.0,0.002003553613551102,0.003179705577846621
1999-07-01,1999-08-01,lag_8,-0.0007584271645324,-0.0003692246654964624,0.002003553613551102,0.003179705577846621
1999-07-01,1999-08-01,lag_9,0.0068129990948513,0.0,0.002003553613551102,0.003179705577846621
1999-07-01,1999-08-01,lag_10,-0.0005323279149607,0.00025563032995459703,0.002003553613551102,0.003179705577846621
1999-07-01,1999-08-01,lag_11,0.019875137990804825,-0.0011276563355242576,0.002003553613551102,0.003179705577846621
1999-07-01,1999-08-01,volatility_3m,0.00394697563724272,0.0,0.002003553613551102,0.003179705577846621
1999-08-01,1999-09-01,lag_0,0.0040072431636248,0.0,0.004194437761598866,0.003105973506696084
1999-08-01,1999-09-01,lag_1,0.005769502318011,0.00020412171307482955,0.004194437761598866,0.003105973506696084
1999-08-01,1999-09-01,lag_2,-0.0007846779120086,0.0,0.004194437761598866,0.003105973506696084
1999-08-01,1999-09-01,lag_3,0.0063026472583853,0.000151819250903446,0.004194437761598866,0.003105973506696084
1999-08-01,1999-09-01,lag_4,0.0022959860915063,3.4130573428348886e-05,0.004194437761598866,0.003105973506696084
1999-08-01,1999-09-01,lag_5,0.0022660526894453,0.0,0.004194437761598866,0.003105973506696084
1999-08-01,1999-09-01,lag_6,0.0060630796503478,3.252036976433771e-05,0.004194437761598866,0.003105973506696084
1999-08-01,1999-09-01,lag_7,0.0043112451049784,0.0,0.004194437761598866,0.003105973506696084
1999-08-01,1999-09-01,lag_8,0.0045201495934508,4.901248431601206e-05,0.004194437761598866,0.003105973506696084
1999-08-01,1999-09-01,lag_9,-0.0007584271645324,0.00048461442224632636,0.004194437761598866,0.003105973506696084
1999-08-01,1999-09-01,lag_10,0.0068129990948513,0.0,0.004194437761598866,0.003105973506696084
1999-08-01,1999-09-01,lag_11,-0.0005323279149607,5.7344965661653334e-05,0.004194437761598866,0.003105973506696084
1999-08-01,1999-09-01,volatility_3m,0.003391787714708801,7.490047550782813e-05,0.004194437761598866,0.003105973506696084
1999-09-01,1999-10-01,lag_0,-0.0040452610454524,-0.0021966190189747392,0.0004742041185800301,0.0031446519321960986
1999-09-01,1999-10-01,lag_1,0.0040072431636248,0.0,0.0004742041185800301,0.0031446519321960986
1999-09-01,1999-10-01,lag_2,0.005769502318011,0.0,0.0004742041185800301,0.0031446519321960986
1999-09-01,1999-10-01,lag_3,-0.0007846779120086,0.0,0.0004742041185800301,0.0031446519321960986
1999-09-01,1999-10-01,lag_4,0.0063026472583853,-0.00026011667494731214,0.0004742041185800301,0.0031446519321960986
1999-09-01,1999-10-01,lag_5,0.0022959860915063,0.0,0.0004742041185800301,0.0031446519321960986
1999-09-01,1999-10-01,lag_6,0.0022660526894453,0.0,0.0004742041185800301,0.0031446519321960986
1999-09-01,1999-10-01,lag_7,0.0060630796503478,0.0003846670214881203,0.0004742041185800301,0.0031446519321960986
1999-09-01,1999-10-01,lag_8,0.0043112451049784,0.0,0.0004742041185800301,0.0031446519321960986
1999-09-01,1999-10-01,lag_9,0.0045201495934508,0.0,0.0004742041185800301,0.0031446519321960986
1999-09-01,1999-10-01,lag_10,-0.0007584271645324,-0.00014861220415208064,0.0004742041185800301,0.0031446519321960986
1999-09-01,1999-10-01,lag_11,0.0068129990948513,-0.00044976693703005683,0.0004742041185800301,0.0031446519321960986
1999-09-01,1999-10-01,volatility_3m,0.005232557711820727,0.0,0.0004742041185800301,0.0031446519321960986
1999-10-01,1999-11-01,lag_0,0.0121488838987993,0.0014486077371087985,0.0019152401922499784,0.0032386034534260997
1999-10-01,1999-11-01,lag_1,-0.0040452610454524,-0.0011442624477636986,0.0019152401922499784,0.0032386034534260997
1999-10-01,1999-11-01,lag_2,0.0040072431636248,0.0,0.0019152401922499784,0.0032386034534260997
1999-10-01,1999-11-01,lag_3,0.005769502318011,0.0,0.0019152401922499784,0.0032386034534260997
1999-10-01,1999-11-01,lag_4,-0.0007846779120086,0.0004171884057683564,0.0019152401922499784,0.0032386034534260997
1999-10-01,1999-11-01,lag_5,0.0063026472583853,-0.000329162752530514,0.0019152401922499784,0.0032386034534260997
1999-10-01,1999-11-01,lag_6,0.0022959860915063,0.0,0.0019152401922499784,0.0032386034534260997
1999-10-01,1999-11-01,lag_7,0.0022660526894453,0.0,0.0019152401922499784,0.0032386034534260997
1999-10-01,1999-11-01,lag_8,0.0060630796503478,0.0,0.0019152401922499784,0.0032386034534260997
1999-10-01,1999-11-01,lag_9,0.0043112451049784,0.0,0.0019152401922499784,0.0032386034534260997
1999-10-01,1999-11-01,lag_10,0.0045201495934508,-0.0002416869831650922,0.0019152401922499784,0.0032386034534260997
1999-10-01,1999-11-01,lag_11,-0.0007584271645324,-0.00037173820330082586,0.0019152401922499784,0.0032386034534260997
1999-10-01,1999-11-01,volatility_3m,0.008097113357788809,-0.001102309017293145,0.0019152401922499784,0.0032386034534260997
1999-11-01,1999-12-01,lag_0,0.0048356761014245,0.0,-0.001438756221656413,0.0027910133076720477
1999-11-01,1999-12-01,lag_1,0.0121488838987993,0.0007991931433486071,-0.001438756221656413,0.0027910133076720477
1999-11-01,1999-12-01,lag_2,-0.0040452610454524,-0.0032848195394946187,-0.001438756221656413,0.0027910133076720477
1999-11-01,1999-12-01,lag_3,0.0040072431636248,0.0,-0.001438756221656413,0.0027910133076720477
1999-11-01,1999-12-01,lag_4,0.005769502318011,0.0,-0.001438756221656413,0.0027910133076720477
1999-11-01,1999-12-01,lag_5,-0.0007846779120086,-0.000725895416282202,-0.001438756221656413,0.0027910133076720477
1999-11-01,1999-12-01,lag_6,0.0063026472583853,0.0,-0.001438756221656413,0.0027910133076720477
1999-11-01,1999-12-01,lag_7,0.0022959860915063,-0.00017655549421511166,-0.001438756221656413,0.0027910133076720477
1999-11-01,1999-12-01,lag_8,0.0022660526894453,-0.00021561052205859875,-0.001438756221656413,0.0027910133076720477
1999-11-01,1999-12-01,lag_9,0.0060630796503478,0.0,-0.001438756221656413,0.0027910133076720477
1999-11-01,1999-12-01,lag_10,0.0043112451049784,0.0,-0.001438756221656413,0.0027910133076720477
1999-11-01,1999-12-01,lag_11,0.0045201495934508,0.0,-0.001438756221656413,0.0027910133076720477
1999-11-01,1999-12-01,volatility_3m,0.008109710058214108,-0.0006260817006265374,-0.001438756221656413,0.0027910133076720477
1999-12-01,2000-01-01,lag_0,0.0076835338351468,0.0004327861641940531,0.002851415251925154,0.003231433190077771
1999-12-01,2000-01-01,lag_1,0.0048356761014245,0.0,0.002851415251925154,0.003231433190077771
1999-12-01,2000-01-01,lag_2,0.0121488838987993,0.0008391589871064545,0.002851415251925154,0.003231433190077771
1999-12-01,2000-01-01,lag_3,-0.0040452610454524,-0.0013972959602942586,0.002851415251925154,0.003231433190077771
1999-12-01,2000-01-01,lag_4,0.0040072431636248,0.0,0.002851415251925154,0.003231433190077771
1999-12-01,2000-01-01,lag_5,0.005769502318011,0.0,0.002851415251925154,0.003231433190077771
1999-12-01,2000-01-01,lag_6,-0.0007846779120086,-0.0002546671291588661,0.002851415251925154,0.003231433190077771
1999-12-01,2000-01-01,lag_7,0.0063026472583853,0.0,0.002851415251925154,0.003231433190077771
1999-12-01,2000-01-01,lag_8,0.0022959860915063,0.0,0.002851415251925154,0.003231433190077771
1999-12-01,2000-01-01,lag_9,0.0022660526894453,0.0,0.002851415251925154,0.003231433190077771
1999-12-01,2000-01-01,lag_10,0.0060630796503478,0.0,0.002851415251925154,0.003231433190077771
1999-12-01,2000-01-01,lag_11,0.0043112451049784,0.0,0.002851415251925154,0.003231433190077771
1999-12-01,2000-01-01,volatility_3m,0.003686295637223247,0.0,0.002851415251925154,0.003231433190077771
2000-01-01,2000-02-01,lag_0,-0.001368985385314,-0.0016296431477381941,0.0028076117158515306,0.003280171378460011
2000-01-01,2000-02-01,lag_1,0.0076835338351468,0.0007076631100053374,0.0028076117158515306,0.003280171378460011
2000-01-01,2000-02-01,lag_2,0.0048356761014245,0.0,0.0028076117158515306,0.003280171378460011
2000-01-01,2000-02-01,lag_3,0.0121488838987993,-0.0005700947397542682,0.0028076117158515306,0.003280171378460011
2000-01-01,2000-02-01,lag_4,-0.0040452610454524,0.000669685943218959,0.0028076117158515306,0.003280171378460011
2000-01-01,2000-02-01,lag_5,0.0040072431636248,0.0,0.0028076117158515306,0.003280171378460011
2000-01-01,2000-02-01,lag_6,0.005769502318011,0.0,0.0028076117158515306,0.003280171378460011
2000-01-01,2000-02-01,lag_7,-0.0007846779120086,0.0,0.0028076117158515306,0.003280171378460011
2000-01-01,2000-02-01,lag_8,0.0063026472583853,0.00034982917165968567,0.0028076117158515306,0.003280171378460011
2000-01-01,2000-02-01,lag_9,0.0022959860915063,0.0,0.0028076117158515306,0.003280171378460011
2000-01-01,2000-02-01,lag_10,0.0022660526894453,0.0,0.0028076117158515306,0.003280171378460011
2000-01-01,2000-02-01,lag_11,0.0060630796503478,0.0,0.0028076117158515306,0.003280171378460011
2000-01-01,2000-02-01,volatility_3m,0.0046288267425153235,0.0,0.0028076117158515306,0.003280171378460011
2000-02-01,2000-03-01,lag_0,0.0031184257109906,0.0,0.0029240535001953186,0.0030004808235307547
2000-02-01,2000-03-01,lag_1,-0.001368985385314,-0.0009443328650280653,0.0029240535001953186,0.0030004808235307547
2000-02-01,2000-03-01,lag_2,0.0076835338351468,0.0,0.0029240535001953186,0.0030004808235307547
2000-02-01,2000-03-01,lag_3,0.0048356761014245,0.0,0.0029240535001953186,0.0030004808235307547
2000-02-01,2000-03-01,lag_4,0.0121488838987993,0.00041008687082217613,0.0029240535001953186,0.0030004808235307547
2000-02-01,2000-03-01,lag_5,-0.0040452610454524,0.0012911192948884538,0.0029240535001953186,0.0030004808235307547
2000-02-01,2000-03-01,lag_6,0.0040072431636248,0.0,0.0029240535001953186,0.0030004808235307547
2000-02-01,2000-03-01,lag_7,0.005769502318011,0.0,0.0029240535001953186,0.0030004808235307547
2000-02-01,2000-03-01,lag_8,-0.0007846779120086,-0.0008333006240180007,0.0029240535001953186,0.0030004808235307547
2000-02-01,2000-03-01,lag_9,0.0063026472583853,0.0,0.0029240535001953186,0.0030004808235307547
2000-02-01,2000-03-01,lag_10,0.0022959860915063,0.0,0.0029240535001953186,0.0030004808235307547
2000-02-01,2000-03-01,lag_11,0.0022660526894453,0.0,0.0029240535001953186,0.0030004808235307547
2000-02-01,2000-03-01,volatility_3m,0.004526315182155841,0.0,0.0029240535001953186,0.0030004808235307547
2000-03-01,2000-04-01,lag_0,0.0035494125296793,0.0,0.0036739449881216663,0.003337162778849448
2000-03-01,2000-04-01,lag_1,0.0031184257109906,0.0,0.0036739449881216663,0.003337162778849448
2000-03-01,2000-04-01,lag_2,-0.001368985385314,0.0003807288250990129,0.0036739449881216663,0.003337162778849448
2000-03-01,2000-04-01,lag_3,0.0076835338351468,0.0006150222771700868,0.0036739449881216663,0.003337162778849448
2000-03-01,2000-04-01,lag_4,0.0048356761014245,0.0,0.0036739449881216663,0.003337162778849448
2000-03-01,2000-04-01,lag_5,0.0121488838987993,-0.000532902514817232,0.0036739449881216663,0.003337162778849448
2000-03-01,2000-04-01,lag_6,-0.0040452610454524,0.0,0.0036739449881216663,0.003337162778849448
2000-03-01,2000-04-01,lag_7,0.0040072431636248,0.0,0.0036739449881216663,0.003337162778849448
2000-03-01,2000-04-01,lag_8,0.005769502318011,0.0005718416947440397,0.0036739449881216663,0.003337162778849448
2000-03-01,2000-04-01,lag_9,-0.0007846779120086,-0.0003632041898794148,0.0036739449881216663,0.003337162778849448
2000-03-01,2000-04-01,lag_10,0.0063026472583853,-0.0003347038830442743,0.0036739449881216663,0.003337162778849448
2000-03-01,2000-04-01,lag_11,0.0022959860915063,0.0,0.0036739449881216663,0.003337162778849448
2000-03-01,2000-04-01,volatility_3m,0.0027237610650021997,0.0,0.0036739449881216663,0.003337162778849448
2000-04-01,2000-05-01,lag_0,0.0059345814110471,0.0004385545321945444,0.0038467700910874,0.0033466840604223533
2000-04-01,2000-05-01,lag_1,0.0035494125296793,0.0,0.0038467700910874,0.0033466840604223533
2000-04-01,2000-05-01,lag_2,0.0031184257109906,0.0,0.0038467700910874,0.0033466840604223533
2000-04-01,2000-05-01,lag_3,-0.001368985385314,-0.0003370530369543258,0.0038467700910874,0.0033466840604223533
2000-04-01,2000-05-01,lag_4,0.0076835338351468,0.00031028650403443865,0.0038467700910874,0.0033466840604223533
2000-04-01,2000-05-01,lag_5,0.0048356761014245,0.0,0.0038467700910874,0.0033466840604223533
2000-04-01,2000-05-01,lag_6,0.0121488838987993,0.0007190548625964139,0.0038467700910874,0.0033466840604223533
2000-04-01,2000-05-01,lag_7,-0.0040452610454524,-0.000571773120281782,0.0038467700910874,0.0033466840604223533
2000-04-01,2000-05-01,lag_8,0.0040072431636248,0.0,0.0038467700910874,0.0033466840604223533
2000-04-01,2000-05-01,lag_9,0.005769502318011,0.0002873863921664042,0.0038467700910874,0.0033466840604223533
2000-04-01,2000-05-01,lag_10,-0.0007846779120086,0.0007393976169542706,0.0038467700910874,0.0033466840604223533
2000-04-01,2000-05-01,lag_11,0.0063026472583853,-0.00031396912902865694,0.0038467700910874,0.0033466840604223533
2000-04-01,2000-05-01,volatility_3m,0.0015168779975929425,-0.0007717985910162605,0.0038467700910874,0.0033466840604223533
2000-05-01,2000-06-01,lag_0,0.0027040320534066,-0.0004459357652581688,0.0012077564579348332,0.002852239504681482
2000-05-01,2000-06-01,lag_1,0.0059345814110471,0.0,0.0012077564579348332,0.002852239504681482
2000-05-01,2000-06-01,lag_2,0.0035494125296793,0.0,0.0012077564579348332,0.002852239504681482
2000-05-01,2000-06-01,lag_3,0.0031184257109906,0.0,0.0012077564579348332,0.002852239504681482
2000-05-01,2000-06-01,lag_4,-0.001368985385314,0.0006925363861650994,0.0012077564579348332,0.002852239504681482
2000-05-01,2000-06-01,lag_5,0.0076835338351468,-0.0005167765174848419,0.0012077564579348332,0.002852239504681482
2000-05-01,2000-06-01,lag_6,0.0048356761014245,0.0,0.0012077564579348332,0.002852239504681482
2000-05-01,2000-06-01,lag_7,0.0121488838987993,0.0003960117597117236,0.0012077564579348332,0.002852239504681482
2000-05-01,2000-06-01,lag_8,-0.0040452610454524,-0.0020956663940530336,0.0012077564579348332,0.002852239504681482
2000-05-01,2000-06-01,lag_9,0.0040072431636248,0.0,0.0012077564579348332,0.002852239504681482
2000-05-01,2000-06-01,lag_10,0.005769502318011,0.0,0.0012077564579348332,0.002852239504681482
2000-05-01,2000-06-01,lag_11,-0.0007846779120086,0.0006715563533551359,0.0012077564579348332,0.002852239504681482
2000-05-01,2000-06-01,volatility_3m,0.0016753182729688425,-0.0003462088691825633,0.0012077564579348332,0.002852239504681482
2000-06-01,2000-07-01,lag_0,0.0003904567263823,-0.0011088256244431345,0.003521046010539083,0.0033154885682470663
2000-06-01,2000-07-01,lag_1,0.0027040320534066,0.0,0.003521046010539083,0.0033154885682470663
2000-06-01,2000-07-01,lag_2,0.0059345814110471,0.0002177776653206576,0.003521046010539083,0.0033154885682470663
2000-06-01,2000-07-01,lag_3,0.0035494125296793,0.0,0.003521046010539083,0.0033154885682470663
2000-06-01,2000-07-01,lag_4,0.0031184257109906,0.0,0.003521046010539083,0.0033154885682470663
2000-06-01,2000-07-01,lag_5,-0.001368985385314,0.0001855893595506439,0.003521046010539083,0.0033154885682470663
2000-06-01,2000-07-01,lag_6,0.0076835338351468,0.0,0.003521046010539083,0.0033154885682470663
2000-06-01,2000-07-01,lag_7,0.0048356761014245,0.0,0.003521046010539083,0.0033154885682470663
2000-06-01,2000-07-01,lag_8,0.0121488838987993,0.0009110160418638497,0.003521046010539083,0.0033154885682470663
2000-06-01,2000-07-01,lag_9,-0.0040452610454524,0.0,0.003521046010539083,0.0033154885682470663
2000-06-01,2000-07-01,lag_10,0.0040072431636248,0.0,0.003521046010539083,0.0033154885682470663
2000-06-01,2000-07-01,lag_11,0.005769502318011,0.0,0.003521046010539083,0.0033154885682470663
2000-06-01,2000-07-01,volatility_3m,0.002784672286675658,0.0,0.003521046010539083,0.0033154885682470663
2000-07-01,2000-08-01,lag_0,-0.0019527324535886,-0.0014003028754453013,0.002830890476954298,0.0031898860701029858
2000-07-01,2000-08-01,lag_1,0.0003904567263823,-0.000608937348720591,0.002830890476954298,0.0031898860701029858
2000-07-01,2000-08-01,lag_2,0.0027040320534066,0.0,0.002830890476954298,0.0031898860701029858
2000-07-01,2000-08-01,lag_3,0.0059345814110471,0.0,0.002830890476954298,0.0031898860701029858
2000-07-01,2000-08-01,lag_4,0.0035494125296793,0.0,0.002830890476954298,0.0031898860701029858
2000-07-01,2000-08-01,lag_5,0.0031184257109906,0.0,0.002830890476954298,0.0031898860701029858
2000-07-01,2000-08-01,lag_6,-0.001368985385314,0.0,0.002830890476954298,0.0031898860701029858
2000-07-01,2000-08-01,lag_7,0.0076835338351468,0.0,0.002830890476954298,0.0031898860701029858
2000-07-01,2000-08-01,lag_8,0.0048356761014245,0.0,0.002830890476954298,0.0031898860701029858
2000-07-01,2000-08-01,lag_9,0.0121488838987993,0.0008451133121703009,0.002830890476954298,0.0031898860701029858
2000-07-01,2000-08-01,lag_10,-0.0040452610454524,0.0010212914922504747,0.002830890476954298,0.0031898860701029858
2000-07-01,2000-08-01,lag_11,0.0040072431636248,0.0,0.002830890476954298,0.0031898860701029858
2000-07-01,2000-08-01,volatility_3m,0.002328397947107215,-0.00021616017340357098,0.002830890476954298,0.0031898860701029858
2000-08-01,2000-09-01,lag_0,-0.0027266333927551,-0.0017661362876784882,0.0002671737588706461,0.003201584069603178
2000-08-01,2000-09-01,lag_1,-0.0019527324535886,-0.0012163596009176476,0.0002671737588706461,0.003201584069603178
2000-08-01,2000-09-01,lag_2,0.0003904567263823,-0.0005530741571069171,0.0002671737588706461,0.003201584069603178
2000-08-01,2000-09-01,lag_3,0.0027040320534066,0.0,0.0002671737588706461,0.003201584069603178
2000-08-01,2000-09-01,lag_4,0.0059345814110471,-0.0002943197863612375,0.0002671737588706461,0.003201584069603178
2000-08-01,2000-09-01,lag_5,0.0035494125296793,0.0,0.0002671737588706461,0.003201584069603178
2000-08-01,2000-09-01,lag_6,0.0031184257109906,0.0,0.0002671737588706461,0.003201584069603178
2000-08-01,2000-09-01,lag_7,-0.001368985385314,-0.00036211323821110786,0.0002671737588706461,0.003201584069603178
2000-08-01,2000-09-01,lag_8,0.0076835338351468,0.000575328681999721,0.0002671737588706461,0.003201584069603178
2000-08-01,2000-09-01,lag_9,0.0048356761014245,0.0,0.0002671737588706461,0.003201584069603178
2000-08-01,2000-09-01,lag_10,0.0121488838987993,-0.0004104314027723583,0.0002671737588706461,0.003201584069603178
2000-08-01,2000-09-01,lag_11,-0.0040452610454524,0.001092695480315504,0.0002671737588706461,0.003201584069603178
2000-08-01,2000-09-01,volatility_3m,0.0016230480074846574,0.0,0.0002671737588706461,0.003201584069603178
2000-09-01,2000-10-01,lag_0,0.0046040830248808,0.0,0.0010712578970845932,0.003276852481347461
2000-09-01,2000-10-01,lag_1,-0.0027266333927551,-0.0005226844262391135,0.0010712578970845932,0.003276852481347461
2000-09-01,2000-10-01,lag_2,-0.0019527324535886,-0.0004565090817639496,0.0010712578970845932,0.003276852481347461
2000-09-01,2000-10-01,lag_3,0.0003904567263823,-0.00012248986062021175,0.0010712578970845932,0.003276852481347461
2000-09-01,2000-10-01,lag_4,0.0027040320534066,0.0,0.0010712578970845932,0.003276852481347461
2000-09-01,2000-10-01,lag_5,0.0059345814110471,0.0,0.0010712578970845932,0.003276852481347461
2000-09-01,2000-10-01,lag_6,0.0035494125296793,0.0,0.0010712578970845932,0.003276852481347461
2000-09-01,2000-10-01,lag_7,0.0031184257109906,0.0,0.0010712578970845932,0.003276852481347461
2000-09-01,2000-10-01,lag_8,-0.001368985385314,-0.0007765575078026265,0.0010712578970845932,0.003276852481347461
2000-09-01,2000-10-01,lag_9,0.0076835338351468,0.0,0.0010712578970845932,0.003276852481347461
2000-09-01,2000-10-01,lag_10,0.0048356761014245,0.0,0.0010712578970845932,0.003276852481347461
2000-09-01,2000-10-01,lag_11,0.0121488838987993,-0.0003273537078369665,0.0010712578970845932,0.003276852481347461
2000-09-01,2000-10-01,volatility_3m,0.004027616232093437,0.0,0.0010712578970845932,0.003276852481347461
2000-10-01,2000-11-01,lag_0,-0.0038933847177071,-0.0014189579008078831,0.00010744992623592034,0.003168296826134085
2000-10-01,2000-11-01,lag_1,0.0046040830248808,0.0,0.00010744992623592034,0.003168296826134085
2000-10-01,2000-11-01,lag_2,-0.0027266333927551,-0.000684621756765798,0.00010744992623592034,0.003168296826134085
2000-10-01,2000-11-01,lag_3,-0.0019527324535886,-0.00022951947989087711,0.00010744992623592034,0.003168296826134085
2000-10-01,2000-11-01,lag_4,0.0003904567263823,0.0,0.00010744992623592034,0.003168296826134085
2000-10-01,2000-11-01,lag_5,0.0027040320534066,0.0,0.00010744992623592034,0.003168296826134085
2000-10-01,2000-11-01,lag_6,0.0059345814110471,0.0,0.00010744992623592034,0.003168296826134085
2000-10-01,2000-11-01,lag_7,0.0035494125296793,0.0,0.00010744992623592034,0.003168296826134085
2000-10-01,2000-11-01,lag_8,0.0031184257109906,0.0,0.00010744992623592034,0.003168296826134085
2000-10-01,2000-11-01,lag_9,-0.001368985385314,-0.000331299761423142,0.00010744992623592034,0.003168296826134085
2000-10-01,2000-11-01,lag_10,0.0076835338351468,-0.0003964480010104639,0.00010744992623592034,0.003168296826134085
2000-10-01,2000-11-01,lag_11,0.0048356761014245,0.0,0.00010744992623592034,0.003168296826134085
2000-10-01,2000-11-01,volatility_3m,0.004606294061506055,0.0,0.00010744992623592034,0.003168296826134085
2000-11-01,2000-12-01,lag_0,0.0002796044748452,-0.00082181924059178,0.0021873959956665977,0.002928572814176357
2000-11-01,2000-12-01,lag_1,-0.0038933847177071,-0.001196833685567372,0.0021873959956665977,0.002928572814176357
2000-11-01,2000-12-01,lag_2,0.0046040830248808,0.0,0.0021873959956665977,0.002928572814176357
2000-11-01,2000-12-01,lag_3,-0.0027266333927551,0.0,0.0021873959956665977,0.002928572814176357
2000-11-01,2000-12-01,lag_4,-0.0019527324535886,0.00048576795919853284,0.0021873959956665977,0.002928572814176357
2000-11-01,2000-12-01,lag_5,0.0003904567263823,0.0,0.0021873959956665977,0.002928572814176357
2000-11-01,2000-12-01,lag_6,0.0027040320534066,0.0,0.0021873959956665977,0.002928572814176357
2000-11-01,2000-12-01,lag_7,0.0059345814110471,0.00025646285626371407,0.0021873959956665977,0.002928572814176357
2000-11-01,2000-12-01,lag_8,0.0035494125296793,0.0,0.0021873959956665977,0.002928572814176357
2000-11-01,2000-12-01,lag_9,0.0031184257109906,0.0,0.0021873959956665977,0.002928572814176357
2000-11-01,2000-12-01,lag_10,-0.001368985385314,0.0009454146730663403,0.0021873959956665977,0.002928572814176357
2000-11-01,2000-12-01,lag_11,0.0076835338351468,-0.0004101693808791945,0.0021873959956665977,0.002928572814176357
2000-11-01,2000-12-01,volatility_3m,0.004248958922826434,0.0,0.0021873959956665977,0.002928572814176357
2000-12-01,2001-01-01,lag_0,-0.0032683707203071,-0.0017569095999477357,0.000569780581386261,0.0031683331611782033
2000-12-01,2001-01-01,lag_1,0.0002796044748452,-0.000683623322257636,0.000569780581386261,0.0031683331611782033
2000-12-01,2001-01-01,lag_2,-0.0038933847177071,-0.0006690054088277936,0.000569780581386261,0.0031683331611782033
2000-12-01,2001-01-01,lag_3,0.0046040830248808,0.0,0.000569780581386261,0.0031683331611782033
2000-12-01,2001-01-01,lag_4,-0.0027266333927551,0.000629630077544976,0.000569780581386261,0.0031683331611782033
2000-12-01,2001-01-01,lag_5,-0.0019527324535886,0.0,0.000569780581386261,0.0031683331611782033
2000-12-01,2001-01-01,lag_6,0.0003904567263823,0.0,0.000569780581386261,0.0031683331611782033
2000-12-01,2001-01-01,lag_7,0.0027040320534066,0.0,0.000569780581386261,0.0031683331611782033
2000-12-01,2001-01-01,lag_8,0.0059345814110471,0.00034185978124980044,0.000569780581386261,0.0031683331611782033
2000-12-01,2001-01-01,lag_9,0.0035494125296793,0.0,0.000569780581386261,0.0031683331611782033
2000-12-01,2001-01-01,lag_10,0.0031184257109906,0.0,0.000569780581386261,0.0031683331611782033
2000-12-01,2001-01-01,lag_11,-0.001368985385314,0.0,0.000569780581386261,0.0031683331611782033
2000-12-01,2001-01-01,volatility_3m,0.0022506521011890542,-0.00046050410755355366,0.000569780581386261,0.0031683331611782033
2001-01-01,2001-02-01,lag_0,-0.0047708693509234,-0.0019962397173428604,-0.0019446137294685112,0.0031940382236547793
2001-01-01,2001-02-01,lag_1,-0.0032683707203071,-0.0019132046887414557,-0.0019446137294685112,0.0031940382236547793
2001-01-01,2001-02-01,lag_2,0.0002796044748452,-0.0003731983710095653,-0.0019446137294685112,0.0031940382236547793
2001-01-01,2001-02-01,lag_3,-0.0038933847177071,-0.00029587108233722684,-0.0019446137294685112,0.0031940382236547793
2001-01-01,2001-02-01,lag_4,0.0046040830248808,-3.490763287761385e-05,-0.0019446137294685112,0.0031940382236547793
2001-01-01,2001-02-01,lag_5,-0.0027266333927551,0.0,-0.0019446137294685112,0.0031940382236547793
2001-01-01,2001-02-01,lag_6,-0.0019527324535886,0.0,-0.0019446137294685112,0.0031940382236547793
2001-01-01,2001-02-01,lag_7,0.0003904567263823,-0.0001760992995743377,-0.0019446137294685112,0.0031940382236547793
2001-01-01,2001-02-01,lag_8,0.0027040320534066,-5.8358183891117746e-05,-0.0019446137294685112,0.0031940382236547793
2001-01-01,2001-02-01,lag_9,0.0059345814110471,0.0,-0.0019446137294685112,0.0031940382236547793
2001-01-01,2001-02-01,lag_10,0.0035494125296793,0.0,-0.0019446137294685112,0.0031940382236547793
2001-01-01,2001-02-01,lag_11,0.0031184257109906,0.0,-0.0019446137294685112,0.0031940382236547793
2001-01-01,2001-02-01,volatility_3m,0.0025933541982406227,-0.00029077297734911333,-0.0019446137294685112,0.0031940382236547793
2001-02-01,2001-03-01,lag_0,-0.0065347651343703,-0.002455094170109428,-0.0011240742832008856,0.0029145357387195888
2001-02-01,2001-03-01,lag_1,-0.0047708693509234,-0.0006239540234899541,-0.0011240742832008856,0.0029145357387195888
2001-02-01,2001-03-01,lag_2,-0.0032683707203071,-0.0006028124669387661,-0.0011240742832008856,0.0029145357387195888
2001-02-01,2001-03-01,lag_3,0.0002796044748452,-0.00011909989421254871,-0.0011240742832008856,0.0029145357387195888
2001-02-01,2001-03-01,lag_4,-0.0038933847177071,0.0006733908067244627,-0.0011240742832008856,0.0029145357387195888
2001-02-01,2001-03-01,lag_5,0.0046040830248808,0.0,-0.0011240742832008856,0.0029145357387195888
2001-02-01,2001-03-01,lag_6,-0.0027266333927551,0.0,-0.0011240742832008856,0.0029145357387195888
2001-02-01,2001-03-01,lag_7,-0.0019527324535886,-0.0005629069756995616,-0.0011240742832008856,0.0029145357387195888
2001-02-01,2001-03-01,lag_8,0.0003904567263823,-0.00018098191423096037,-0.0011240742832008856,0.0029145357387195888
2001-02-01,2001-03-01,lag_9,0.0027040320534066,0.0,-0.0011240742832008856,0.0029145357387195888
2001-02-01,2001-03-01,lag_10,0.0059345814110471,-0.00016715138396371763,-0.0011240742832008856,0.0029145357387195888
2001-02-01,2001-03-01,lag_11,0.0035494125296793,0.0,-0.0011240742832008856,0.0029145357387195888
2001-02-01,2001-03-01,volatility_3m,0.0016349394962346918,0.0,-0.0011240742832008856,0.0029145357387195888
2001-03-01,2001-04-01,lag_0,-0.0020524117552422,-0.0016545757676796479,-0.002750376847917034,0.0032854551794235386
2001-03-01,2001-04-01,lag_1,-0.0065347651343703,-0.0016135048542420384,-0.002750376847917034,0.0032854551794235386
2001-03-01,2001-04-01,lag_2,-0.0047708693509234,-0.0009408694201303446,-0.002750376847917034,0.0032854551794235386
2001-03-01,2001-04-01,lag_3,-0.0032683707203071,-0.00033507686942710346,-0.002750376847917034,0.0032854551794235386
2001-03-01,2001-04-01,lag_4,0.0002796044748452,0.0,-0.002750376847917034,0.0032854551794235386
2001-03-01,2001-04-01,lag_5,-0.0038933847177071,-0.00011748450341451313,-0.002750376847917034,0.0032854551794235386
2001-03-01,2001-04-01,lag_6,0.0046040830248808,0.0,-0.002750376847917034,0.0032854551794235386
2001-03-01,2001-04-01,lag_7,-0.0027266333927551,-0.0001726792688955472,-0.002750376847917034,0.0032854551794235386
2001-03-01,2001-04-01,lag_8,-0.0019527324535886,-0.0009605646781639094,-0.002750376847917034,0.0032854551794235386
2001-03-01,2001-04-01,lag_9,0.0003904567263823,0.0,-0.002750376847917034,0.0032854551794235386
2001-03-01,2001-04-01,lag_10,0.0027040320534066,0.0,-0.002750376847917034,0.0032854551794235386
2001-03-01,2001-04-01,lag_11,0.0059345814110471,-7.19050871642651e-05,-0.002750376847917034,0.0032854551794235386
2001-03-01,2001-04-01,volatility_3m,0.002258053433445116,-0.00016917157822320214,-0.002750376847917034,0.0032854551794235386
2001-04-01,2001-05-01,lag_0,-0.0035963806723389,-0.0004032360379268353,0.001327924127442058,0.0026877641346624488
2001-04-01,2001-05-01,lag_1,-0.0020524117552422,-0.00022467468845797575,0.001327924127442058,0.0026877641346624488
2001-04-01,2001-05-01,lag_2,-0.0065347651343703,-0.0003339475893564364,0.001327924127442058,0.0026877641346624488
2001-04-01,2001-05-01,lag_3,-0.0047708693509234,-0.00021066801451444537,0.001327924127442058,0.0026877641346624488
2001-04-01,2001-05-01,lag_4,-0.0032683707203071,-4.596103948389615e-05,0.001327924127442058,0.0026877641346624488
2001-04-01,2001-05-01,lag_5,0.0002796044748452,0.0,0.001327924127442058,0.0026877641346624488
2001-04-01,2001-05-01,lag_6,-0.0038933847177071,0.0,0.001327924127442058,0.0026877641346624488
2001-04-01,2001-05-01,lag_7,0.0046040830248808,0.0,0.001327924127442058,0.0026877641346624488
2001-04-01,2001-05-01,lag_8,-0.0027266333927551,0.0,0.001327924127442058,0.0026877641346624488
2001-04-01,2001-05-01,lag_9,-0.0019527324535886,-8.410581585419674e-05,0.001327924127442058,0.0026877641346624488
2001-04-01,2001-05-01,lag_10,0.0003904567263823,-5.7246821626604826e-05,0.001327924127442058,0.0026877641346624488
2001-04-01,2001-05-01,lag_11,0.0027040320534066,0.0,0.001327924127442058,0.0026877641346624488
2001-04-01,2001-05-01,volatility_3m,0.0022770388328942123,0.0,0.001327924127442058,0.0026877641346624488
2001-05-01,2001-06-01,lag_0,-0.0047873447856305,-0.001881158118841061,-0.00025488381925796444,0.0028033532034326034
2001-05-01,2001-06-01,lag_1,-0.0035963806723389,-0.0004951684946303393,-0.00025488381925796444,0.0028033532034326034
2001-05-01,2001-06-01,lag_2,-0.0020524117552422,-0.00028445349622037924,-0.00025488381925796444,0.0028033532034326034
2001-05-01,2001-06-01,lag_3,-0.0065347651343703,-0.000315926908504895,-0.00025488381925796444,0.0028033532034326034
2001-05-01,2001-06-01,lag_4,-0.0047708693509234,0.0,-0.00025488381925796444,0.0028033532034326034
2001-05-01,2001-06-01,lag_5,-0.0032683707203071,0.0,-0.00025488381925796444,0.0028033532034326034
2001-05-01,2001-06-01,lag_6,0.0002796044748452,-8.153000449389377e-05,-0.00025488381925796444,0.0028033532034326034
2001-05-01,2001-06-01,lag_7,-0.0038933847177071,0.0,-0.00025488381925796444,0.0028033532034326034
2001-05-01,2001-06-01,lag_8,0.0046040830248808,0.0,-0.00025488381925796444,0.0028033532034326034
2001-05-01,2001-06-01,lag_9,-0.0027266333927551,0.0,-0.00025488381925796444,0.0028033532034326034
2001-05-01,2001-06-01,lag_10,-0.0019527324535886,0.0,-0.00025488381925796444,0.0028033532034326034
2001-05-01,2001-06-01,lag_11,0.0003904567263823,0.0,-0.00025488381925796444,0.0028033532034326034
2001-05-01,2001-06-01,volatility_3m,0.0013712581945557719,0.0,-0.00025488381925796444,0.0028033532034326034
2001-06-01,2001-07-01,lag_0,-0.005294243917338,-0.0030372084787286574,-0.0011652068859980338,0.0028222886260990164
2001-06-01,2001-07-01,lag_1,-0.0047873447856305,-0.0006601165018796298,-0.0011652068859980338,0.0028222886260990164
2001-06-01,2001-07-01,lag_2,-0.0035963806723389,-0.00023250139467756152,-0.0011652068859980338,0.0028222886260990164
2001-06-01,2001-07-01,lag_3,-0.0020524117552422,-0.000258925003121462,-0.0011652068859980338,0.0028222886260990164
2001-06-01,2001-07-01,lag_4,-0.0065347651343703,0.001082823729276755,-0.0011652068859980338,0.0028222886260990164
2001-06-01,2001-07-01,lag_5,-0.0047708693509234,0.0004619828049718406,-0.0011652068859980338,0.0028222886260990164
2001-06-01,2001-07-01,lag_6,-0.0032683707203071,-0.0003230200853933156,-0.0011652068859980338,0.0028222886260990164
2001-06-01,2001-07-01,lag_7,0.0002796044748452,0.0,-0.0011652068859980338,0.0028222886260990164
2001-06-01,2001-07-01,lag_8,-0.0038933847177071,-0.0010205305825450196,-0.0011652068859980338,0.0028222886260990164
2001-06-01,2001-07-01,lag_9,0.0046040830248808,0.0,-0.0011652068859980338,0.0028222886260990164
2001-06-01,2001-07-01,lag_10,-0.0027266333927551,0.0,-0.0011652068859980338,0.0028222886260990164
2001-06-01,2001-07-01,lag_11,-0.0019527324535886,0.0,-0.0011652068859980338,0.0028222886260990164
2001-06-01,2001-07-01,volatility_3m,0.0008715964134461488,0.0,-0.0011652068859980338,0.0028222886260990164
2001-07-01,2001-08-01,lag_0,-0.0064248032714528,-0.002853290536160394,-0.0035173716185901358,0.002517884080775067
2001-07-01,2001-08-01,lag_1,-0.005294243917338,-0.0007407753560101987,-0.0035173716185901358,0.002517884080775067
2001-07-01,2001-08-01,lag_2,-0.0047873447856305,-0.0010033768077652816,-0.0035173716185901358,0.002517884080775067
2001-07-01,2001-08-01,lag_3,-0.0035963806723389,0.0,-0.0035173716185901358,0.002517884080775067
2001-07-01,2001-08-01,lag_4,-0.0020524117552422,0.0009041649377179287,-0.0035173716185901358,0.002517884080775067
2001-07-01,2001-08-01,lag_5,-0.0065347651343703,0.0,-0.0035173716185901358,0.002517884080775067
2001-07-01,2001-08-01,lag_6,-0.0047708693509234,-0.0006455353543730633,-0.0035173716185901358,0.002517884080775067
2001-07-01,2001-08-01,lag_7,-0.0032683707203071,-0.0003048777353506366,-0.0035173716185901358,0.002517884080775067
2001-07-01,2001-08-01,lag_8,0.0002796044748452,-0.0004590207899056498,-0.0035173716185901358,0.002517884080775067
2001-07-01,2001-08-01,lag_9,-0.0038933847177071,-0.0005714102216658702,-0.0035173716185901358,0.002517884080775067
2001-07-01,2001-08-01,lag_10,0.0046040830248808,0.0,-0.0035173716185901358,0.002517884080775067
2001-07-01,2001-08-01,lag_11,-0.0027266333927551,-0.00010660056433820474,-0.0035173716185901358,0.002517884080775067
2001-07-01,2001-08-01,volatility_3m,0.0008382900726770887,-0.00025453327151383223,-0.0035173716185901358,0.002517884080775067
2001-08-01,2001-09-01,lag_0,-0.0011484395650906,-0.0012284706208369458,-0.002848415153886681,0.0027251712172402074
2001-08-01,2001-09-01,lag_1,-0.0064248032714528,-0.002169530609280041,-0.002848415153886681,0.0027251712172402074
2001-08-01,2001-09-01,lag_2,-0.005294243917338,-0.0006208432808693797,-0.002848415153886681,0.0027251712172402074
2001-08-01,2001-09-01,lag_3,-0.0047873447856305,0.0,-0.002848415153886681,0.0027251712172402074
2001-08-01,2001-09-01,lag_4,-0.0035963806723389,0.0006615948664128422,-0.002848415153886681,0.0027251712172402074
2001-08-01,2001-09-01,lag_5,-0.0020524117552422,-0.000426913890489237,-0.002848415153886681,0.0027251712172402074
2001-08-01,2001-09-01,lag_6,-0.0065347651343703,0.0,-0.002848415153886681,0.0027251712172402074
2001-08-01,2001-09-01,lag_7,-0.0047708693509234,-0.0006572145687652981,-0.002848415153886681,0.0027251712172402074
2001-08-01,2001-09-01,lag_8,-0.0032683707203071,-0.0007636751155365566,-0.002848415153886681,0.0027251712172402074
2001-08-01,2001-09-01,lag_9,0.0002796044748452,0.0,-0.002848415153886681,0.0027251712172402074
2001-08-01,2001-09-01,lag_10,-0.0038933847177071,-0.00010498137833329072,-0.002848415153886681,0.0027251712172402074
2001-08-01,2001-09-01,lag_11,0.0046040830248808,-0.00015127278460366962,-0.002848415153886681,0.0027251712172402074
2001-08-01,2001-09-01,volatility_3m,0.0027780650382987263,-0.00011227898882531189,-0.002848415153886681,0.0027251712172402074
2001-09-01,2001-10-01,lag_0,-0.0050778760047638,-0.001934785438283245,-0.002994621014497868,0.002812424563893349
2001-09-01,2001-10-01,lag_1,-0.0011484395650906,-0.000374054716192089,-0.002994621014497868,0.002812424563893349
2001-09-01,2001-10-01,lag_2,-0.0064248032714528,-0.0015186498757698485,-0.002994621014497868,0.002812424563893349
2001-09-01,2001-10-01,lag_3,-0.005294243917338,-0.0006892416016435309,-0.002994621014497868,0.002812424563893349
2001-09-01,2001-10-01,lag_4,-0.0047873447856305,0.0005450315302623271,-0.002994621014497868,0.002812424563893349
2001-09-01,2001-10-01,lag_5,-0.0035963806723389,0.00036632836769031734,-0.002994621014497868,0.002812424563893349
2001-09-01,2001-10-01,lag_6,-0.0020524117552422,0.0,-0.002994621014497868,0.002812424563893349
2001-09-01,2001-10-01,lag_7,-0.0065347651343703,-0.001021911423285199,-0.002994621014497868,0.002812424563893349
2001-09-01,2001-10-01,lag_8,-0.0047708693509234,-0.0019681519197139886,-0.002994621014497868,0.002812424563893349
2001-09-01,2001-10-01,lag_9,-0.0032683707203071,0.0,-0.002994621014497868,0.002812424563893349
2001-09-01,2001-10-01,lag_10,0.0002796044748452,0.0,-0.002994621014497868,0.002812424563893349
2001-09-01,2001-10-01,lag_11,-0.0038933847177071,0.0009767187712988183,-0.002994621014497868,0.002812424563893349
2001-09-01,2001-10-01,volatility_3m,0.0027414928341142333,-0.00018832927275477893,-0.002994621014497868,0.002812424563893349
2001-10-01,2001-11-01,lag_0,-0.0027452194543418,-0.0017480942623119779,-0.0007929787268906099,0.0029003774462362506
2001-10-01,2001-11-01,lag_1,-0.0050778760047638,-0.0006809974244819274,-0.0007929787268906099,0.0029003774462362506
2001-10-01,2001-11-01,lag_2,-0.0011484395650906,-0.0006966357919905481,-0.0007929787268906099,0.0029003774462362506
2001-10-01,2001-11-01,lag_3,-0.0064248032714528,-0.0013372786668109707,-0.0007929787268906099,0.0029003774462362506
2001-10-01,2001-11-01,lag_4,-0.005294243917338,0.0013391516392951051,-0.0007929787268906099,0.0029003774462362506
2001-10-01,2001-11-01,lag_5,-0.0047873447856305,-0.00040879114067312363,-0.0007929787268906099,0.0029003774462362506
2001-10-01,2001-11-01,lag_6,-0.0035963806723389,0.0,-0.0007929787268906099,0.0029003774462362506
2001-10-01,2001-11-01,lag_7,-0.0020524117552422,-0.00017253650677535957,-0.0007929787268906099,0.0029003774462362506
2001-10-01,2001-11-01,lag_8,-0.0065347651343703,-0.0014149899150759334,-0.0007929787268906099,0.0029003774462362506
2001-10-01,2001-11-01,lag_9,-0.0047708693509234,0.0009471820397603266,-0.0007929787268906099,0.0029003774462362506
2001-10-01,2001-11-01,lag_10,-0.0032683707203071,0.0004796338559375479,-0.0007929787268906099,0.0029003774462362506
2001-10-01,2001-11-01,lag_11,0.0002796044748452,0.0,-0.0007929787268906099,0.0029003774462362506
2001-10-01,2001-11-01,volatility_3m,0.00197616899287381,0.0,-0.0007929787268906099,0.0029003774462362506
2001-11-01,2001-12-01,lag_0,-0.0060654600853187,-0.0011501548164899857,-0.0017749777373157732,0.002438047313788342
2001-11-01,2001-12-01,lag_1,-0.0027452194543418,-0.0009577882747398004,-0.0017749777373157732,0.002438047313788342
2001-11-01,2001-12-01,lag_2,-0.0050778760047638,-0.0015274144715708162,-0.0017749777373157732,0.002438047313788342
2001-11-01,2001-12-01,lag_3,-0.0011484395650906,0.0,-0.0017749777373157732,0.002438047313788342
2001-11-01,2001-12-01,lag_4,-0.0064248032714528,0.0,-0.0017749777373157732,0.002438047313788342
2001-11-01,2001-12-01,lag_5,-0.005294243917338,0.0005555373330924313,-0.0017749777373157732,0.002438047313788342
2001-11-01,2001-12-01,lag_6,-0.0047873447856305,0.0008648789198524183,-0.0017749777373157732,0.002438047313788342
2001-11-01,2001-12-01,lag_7,-0.0035963806723389,-0.001207171342874671,-0.0017749777373157732,0.002438047313788342
2001-11-01,2001-12-01,lag_8,-0.0020524117552422,-0.0007937237853826199,-0.0017749777373157732,0.002438047313788342
2001-11-01,2001-12-01,lag_9,-0.0065347651343703,-0.0009713369336941137,-0.0017749777373157732,0.002438047313788342
2001-11-01,2001-12-01,lag_10,-0.0047708693509234,0.0004509565904359694,-0.0017749777373157732,0.002438047313788342
2001-11-01,2001-12-01,lag_11,-0.0032683707203071,0.0005231917302670726,-0.0017749777373157732,0.002438047313788342
2001-11-01,2001-12-01,volatility_3m,0.001704924570471375,0.0,-0.0017749777373157732,0.002438047313788342
2001-12-01,2002-01-01,lag_0,-0.0004275098074009,-0.0008495986970003337,-0.0017386830800825946,0.0026334484300437784
2001-12-01,2002-01-01,lag_1,-0.0060654600853187,-0.0012436965630692317,-0.0017386830800825946,0.0026334484300437784
2001-12-01,2002-01-01,lag_2,-0.0027452194543418,-0.0008106071173069632,-0.0017386830800825946,0.0026334484300437784
2001-12-01,2002-01-01,lag_3,-0.0050778760047638,-0.0007278523291216787,-0.0017386830800825946,0.0026334484300437784
2001-12-01,2002-01-01,lag_4,-0.0011484395650906,0.0009534390093603385,-0.0017386830800825946,0.0026334484300437784
2001-12-01,2002-01-01,lag_5,-0.0064248032714528,-0.0005876119880486347,-0.0017386830800825946,0.0026334484300437784
2001-12-01,2002-01-01,lag_6,-0.005294243917338,0.0,-0.0017386830800825946,0.0026334484300437784
2001-12-01,2002-01-01,lag_7,-0.0047873447856305,0.0,-0.0017386830800825946,0.0026334484300437784
2001-12-01,2002-01-01,lag_8,-0.0035963806723389,-0.0016499790748070627,-0.0017386830800825946,0.0026334484300437784
2001-12-01,2002-01-01,lag_9,-0.0020524117552422,0.0,-0.0017386830800825946,0.0026334484300437784
2001-12-01,2002-01-01,lag_10,-0.0065347651343703,0.0005437752498671936,-0.0017386830800825946,0.0026334484300437784
2001-12-01,2002-01-01,lag_11,-0.0047708693509234,0.0,-0.0017386830800825946,0.0026334484300437784
2001-12-01,2002-01-01,volatility_3m,0.002833791899892739,0.0,-0.0017386830800825946,0.0026334484300437784
2002-01-01,2002-02-01,lag_0,0.0066330648411705,0.001010999717191812,0.0020711021436438694,0.0027321585178376176
2002-01-01,2002-02-01,lag_1,-0.0004275098074009,-0.0004485923598014627,0.0020711021436438694,0.0027321585178376176
2002-01-01,2002-02-01,lag_2,-0.0060654600853187,-0.0010013986531249817,0.0020711021436438694,0.0027321585178376176
2002-01-01,2002-02-01,lag_3,-0.0027452194543418,0.0,0.0020711021436438694,0.0027321585178376176
2002-01-01,2002-02-01,lag_4,-0.0050778760047638,0.0005026891013340009,0.0020711021436438694,0.0027321585178376176
2002-01-01,2002-02-01,lag_5,-0.0011484395650906,0.0,0.0020711021436438694,0.0027321585178376176
2002-01-01,2002-02-01,lag_6,-0.0064248032714528,0.00034200891836697495,0.0020711021436438694,0.0027321585178376176
2002-01-01,2002-02-01,lag_7,-0.005294243917338,-0.0005903846182224396,0.0020711021436438694,0.0027321585178376176
2002-01-01,2002-02-01,lag_8,-0.0047873447856305,-0.0011481447851404217,0.0020711021436438694,0.0027321585178376176
2002-01-01,2002-02-01,lag_9,-0.0035963806723389,0.00021915871419752827,0.0020711021436438694,0.0027321585178376176
2002-01-01,2002-02-01,lag_10,-0.0020524117552422,0.0,0.0020711021436438694,0.0027321585178376176
2002-01-01,2002-02-01,lag_11,-0.0065347651343703,0.00045260759100524127,0.0020711021436438694,0.0027321585178376176
2002-01-01,2002-02-01,volatility_3m,0.006362530065586987,0.0,0.0020711021436438694,0.0027321585178376176
2002-02-01,2002-03-01,lag_0,0.0001152246826094,-0.0005692489238168137,0.0004093275184668538,0.002410200792027599
2002-02-01,2002-03-01,lag_1,0.0066330648411705,0.00044237270917542163,0.0004093275184668538,0.002410200792027599
2002-02-01,2002-03-01,lag_2,-0.0004275098074009,-0.0005892632336201567,0.0004093275184668538,0.002410200792027599
2002-02-01,2002-03-01,lag_3,-0.0060654600853187,-0.001648523067739502,0.0004093275184668538,0.002410200792027599
2002-02-01,2002-03-01,lag_4,-0.0027452194543418,0.0,0.0004093275184668538,0.002410200792027599
2002-02-01,2002-03-01,lag_5,-0.0050778760047638,0.0009236976161152665,0.0004093275184668538,0.002410200792027599
2002-02-01,2002-03-01,lag_6,-0.0011484395650906,0.0,0.0004093275184668538,0.002410200792027599
2002-02-01,2002-03-01,lag_7,-0.0064248032714528,0.00028627373480752036,0.0004093275184668538,0.002410200792027599
2002-02-01,2002-03-01,lag_8,-0.005294243917338,-0.0014828991377591754,0.0004093275184668538,0.002410200792027599
2002-02-01,2002-03-01,lag_9,-0.0047873447856305,-0.00020671883456173596,0.0004093275184668538,0.002410200792027599
2002-02-01,2002-03-01,lag_10,-0.0035963806723389,0.0,0.0004093275184668538,0.002410200792027599
2002-02-01,2002-03-01,lag_11,-0.0020524117552422,0.0008434358638384294,0.0004093275184668538,0.002410200792027599
2002-02-01,2002-03-01,volatility_3m,0.003929132971094421,0.0,0.0004093275184668538,0.002410200792027599
2002-03-01,2002-04-01,lag_0,0.0072123326949231,0.0017729894748776452,0.006901366960781582,0.003017443969016914
2002-03-01,2002-04-01,lag_1,0.0001152246826094,-0.0003419417847750519,0.006901366960781582,0.003017443969016914
2002-03-01,2002-04-01,lag_2,0.0066330648411705,0.0004211229285646178,0.006901366960781582,0.003017443969016914
2002-03-01,2002-04-01,lag_3,-0.0004275098074009,0.0,0.006901366960781582,0.003017443969016914
2002-03-01,2002-04-01,lag_4,-0.0060654600853187,0.002154747879529651,0.006901366960781582,0.003017443969016914
2002-03-01,2002-04-01,lag_5,-0.0027452194543418,0.0,0.006901366960781582,0.003017443969016914
2002-03-01,2002-04-01,lag_6,-0.0050778760047638,0.0,0.006901366960781582,0.003017443969016914
2002-03-01,2002-04-01,lag_7,-0.0011484395650906,0.0,0.006901366960781582,0.003017443969016914
2002-03-01,2002-04-01,lag_8,-0.0064248032714528,-0.0016244003136794793,0.006901366960781582,0.003017443969016914
2002-03-01,2002-04-01,lag_9,-0.005294243917338,0.0004432031806899224,0.006901366960781582,0.003017443969016914
2002-03-01,2002-04-01,lag_10,-0.0047873447856305,0.00046455660986695325,0.006901366960781582,0.003017443969016914
2002-03-01,2002-04-01,lag_11,-0.0035963806723389,0.0005936450166904093,0.006901366960781582,0.003017443969016914
2002-03-01,2002-04-01,volatility_3m,0.003940954489236295,0.0,0.006901366960781582,0.003017443969016914
2002-04-01,2002-05-01,lag_0,0.0048710021656788,0.0005273298983414665,0.003486107160130654,0.0025207933678256063
2002-04-01,2002-05-01,lag_1,0.0072123326949231,0.00039298592268497833,0.003486107160130654,0.0025207933678256063
2002-04-01,2002-05-01,lag_2,0.0001152246826094,0.0,0.003486107160130654,0.0025207933678256063
2002-04-01,2002-05-01,lag_3,0.0066330648411705,0.00014995432707191712,0.003486107160130654,0.0025207933678256063
2002-04-01,2002-05-01,lag_4,-0.0004275098074009,0.0,0.003486107160130654,0.0025207933678256063
2002-04-01,2002-05-01,lag_5,-0.0060654600853187,0.0,0.003486107160130654,0.0025207933678256063
2002-04-01,2002-05-01,lag_6,-0.0027452194543418,0.00018421011194869063,0.003486107160130654,0.0025207933678256063
2002-04-01,2002-05-01,lag_7,-0.0050778760047638,-0.00045102388465597136,0.003486107160130654,0.0025207933678256063
2002-04-01,2002-05-01,lag_8,-0.0011484395650906,0.0,0.003486107160130654,0.0025207933678256063
2002-04-01,2002-05-01,lag_9,-0.0064248032714528,0.0,0.003486107160130654,0.0025207933678256063
2002-04-01,2002-05-01,lag_10,-0.005294243917338,0.0,0.003486107160130654,0.0025207933678256063
2002-04-01,2002-05-01,lag_11,-0.0047873447856305,0.0001618574169139664,0.003486107160130654,0.0025207933678256063
2002-04-01,2002-05-01,volatility_3m,0.0036163561369166575,0.0,0.003486107160130654,0.0025207933678256063
2002-05-01,2002-06-01,lag_0,0.0040096284673607,0.00031671385886055596,0.000795561497532439,0.002366620356660289
2002-05-01,2002-06-01,lag_1,0.0048710021656788,0.0,0.000795561497532439,0.002366620356660289
2002-05-01,2002-06-01,lag_2,0.0072123326949231,0.0005979267571568265,0.000795561497532439,0.002366620356660289
2002-05-01,2002-06-01,lag_3,0.0001152246826094,-0.00037686807702244955,0.000795561497532439,0.002366620356660289
2002-05-01,2002-06-01,lag_4,0.0066330648411705,-0.00026835211065523527,0.000795561497532439,0.002366620356660289
2002-05-01,2002-06-01,lag_5,-0.0004275098074009,0.0,0.000795561497532439,0.002366620356660289
2002-05-01,2002-06-01,lag_6,-0.0060654600853187,0.0,0.000795561497532439,0.002366620356660289
2002-05-01,2002-06-01,lag_7,-0.0027452194543418,-0.000259642780478598,0.000795561497532439,0.002366620356660289
2002-05-01,2002-06-01,lag_8,-0.0050778760047638,-0.0014655714790004863,0.000795561497532439,0.002366620356660289
2002-05-01,2002-06-01,lag_9,-0.0011484395650906,0.0,0.000795561497532439,0.002366620356660289
2002-05-01,2002-06-01,lag_10,-0.0064248032714528,-0.000532001939080216,0.000795561497532439,0.002366620356660289
2002-05-01,2002-06-01,lag_11,-0.005294243917338,0.0011725063478627397,0.000795561497532439,0.002366620356660289
2002-05-01,2002-06-01,volatility_3m,0.0016573627476894161,-0.0007557694367709872,0.000795561497532439,0.002366620356660289
2002-06-01,2002-07-01,lag_0,0.0082150192364478,0.0012249527739575116,0.008548985714954986,0.0034567123205771475
2002-06-01,2002-07-01,lag_1,0.0040096284673607,0.00031614955434672396,0.008548985714954986,0.0034567123205771475
2002-06-01,2002-07-01,lag_2,0.0048710021656788,0.00012097593154305596,0.008548985714954986,0.0034567123205771475
2002-06-01,2002-07-01,lag_3,0.0072123326949231,0.000605995372882986,0.008548985714954986,0.0034567123205771475
2002-06-01,2002-07-01,lag_4,0.0001152246826094,0.0,0.008548985714954986,0.0034567123205771475
2002-06-01,2002-07-01,lag_5,0.0066330648411705,0.0,0.008548985714954986,0.0034567123205771475
2002-06-01,2002-07-01,lag_6,-0.0004275098074009,0.0,0.008548985714954986,0.0034567123205771475
2002-06-01,2002-07-01,lag_7,-0.0060654600853187,0.00044796550277308227,0.008548985714954986,0.0034567123205771475
2002-06-01,2002-07-01,lag_8,-0.0027452194543418,-0.0014358420972914703,0.008548985714954986,0.0034567123205771475
2002-06-01,2002-07-01,lag_9,-0.0050778760047638,0.002431679132054415,0.008548985714954986,0.0034567123205771475
2002-06-01,2002-07-01,lag_10,-0.0011484395650906,0.0009459981848903518,0.008548985714954986,0.0034567123205771475
2002-06-01,2002-07-01,lag_11,-0.0064248032714528,0.001276377995334034,0.008548985714954986,0.0034567123205771475
2002-06-01,2002-07-01,volatility_3m,0.0022214757234201945,-0.0008419789561128506,0.008548985714954986,0.0034567123205771475
2002-07-01,2002-08-01,lag_0,-0.0003219706394999,-0.0014166840989492063,-0.0013369228539625855,0.0022395418519060004
2002-07-01,2002-08-01,lag_1,0.0082150192364478,0.0,-0.0013369228539625855,0.0022395418519060004
2002-07-01,2002-08-01,lag_2,0.0040096284673607,0.00044088462633160887,-0.0013369228539625855,0.0022395418519060004
2002-07-01,2002-08-01,lag_3,0.0048710021656788,0.0004069693030458031,-0.0013369228539625855,0.0022395418519060004
2002-07-01,2002-08-01,lag_4,0.0072123326949231,-0.0005727152116718507,-0.0013369228539625855,0.0022395418519060004
2002-07-01,2002-08-01,lag_5,0.0001152246826094,-0.00018536750770801287,-0.0013369228539625855,0.0022395418519060004
2002-07-01,2002-08-01,lag_6,0.0066330648411705,-0.0005153024869600327,-0.0013369228539625855,0.0022395418519060004
2002-07-01,2002-08-01,lag_7,-0.0004275098074009,0.0,-0.0013369228539625855,0.0022395418519060004
2002-07-01,2002-08-01,lag_8,-0.0060654600853187,-0.0017342493299568947,-0.0013369228539625855,0.0022395418519060004
2002-07-01,2002-08-01,lag_9,-0.0027452194543418,0.0,-0.0013369228539625855,0.0022395418519060004
2002-07-01,2002-08-01,lag_10,-0.0050778760047638,0.0,-0.0013369228539625855,0.0022395418519060004
2002-07-01,2002-08-01,lag_11,-0.0011484395650906,0.0,-0.0013369228539625855,0.0022395418519060004
2002-07-01,2002-08-01,volatility_3m,0.0042686504207089465,0.0,-0.0013369228539625855,0.0022395418519060004
2002-08-01,2002-09-01,lag_0,-0.0011111535235635,-0.0020194561763398366,-0.0003671409663090486,0.0034606581658139157
2002-08-01,2002-09-01,lag_1,-0.0003219706394999,0.0005914118099379182,-0.0003671409663090486,0.0034606581658139157
2002-08-01,2002-09-01,lag_2,0.0082150192364478,0.0,-0.0003671409663090486,0.0034606581658139157
2002-08-01,2002-09-01,lag_3,0.0040096284673607,0.0,-0.0003671409663090486,0.0034606581658139157
2002-08-01,2002-09-01,lag_4,0.0048710021656788,-0.0003867297022730484,-0.0003671409663090486,0.0034606581658139157
2002-08-01,2002-09-01,lag_5,0.0072123326949231,0.0,-0.0003671409663090486,0.0034606581658139157
2002-08-01,2002-09-01,lag_6,0.0001152246826094,-0.0001582432065950906,-0.0003671409663090486,0.0034606581658139157
2002-08-01,2002-09-01,lag_7,0.0066330648411705,-0.00042131339671985985,-0.0003671409663090486,0.0034606581658139157
2002-08-01,2002-09-01,lag_8,-0.0004275098074009,-0.00023756724548319716,-0.0003671409663090486,0.0034606581658139157
2002-08-01,2002-09-01,lag_9,-0.0060654600853187,-0.0024299938647175147,-0.0003671409663090486,0.0034606581658139157
2002-08-01,2002-09-01,lag_10,-0.0027452194543418,0.0011985757714327264,-0.0003671409663090486,0.0034606581658139157
2002-08-01,2002-09-01,lag_11,-0.0050778760047638,-0.0008510167017386895,-0.0003671409663090486,0.0034606581658139157
2002-08-01,2002-09-01,volatility_3m,0.0051717260838155575,0.0008865335803736278,-0.0003671409663090486,0.0034606581658139157
2002-09-01,2002-10-01,lag_0,0.000848648696599,-0.0010780654933374033,0.0038243634478813612,0.001108732935132722
2002-09-01,2002-10-01,lag_1,-0.0011111535235635,0.0,0.0038243634478813612,0.001108732935132722
2002-09-01,2002-10-01,lag_2,-0.0003219706394999,0.0,0.0038243634478813612,0.001108732935132722
2002-09-01,2002-10-01,lag_3,0.0082150192364478,0.0,0.0038243634478813612,0.001108732935132722
2002-09-01,2002-10-01,lag_4,0.0040096284673607,0.0,0.0038243634478813612,0.001108732935132722
2002-09-01,2002-10-01,lag_5,0.0048710021656788,0.0,0.0038243634478813612,0.001108732935132722
2002-09-01,2002-10-01,lag_6,0.0072123326949231,0.0019476842268054842,0.0038243634478813612,0.001108732935132722
2002-09-01,2002-10-01,lag_7,0.0001152246826094,0.0,0.0038243634478813612,0.001108732935132722
2002-09-01,2002-10-01,lag_8,0.0066330648411705,0.0007796965938102281,0.0038243634478813612,0.001108732935132722
2002-09-01,2002-10-01,lag_9,-0.0004275098074009,0.00029508345227085295,0.0038243634478813612,0.001108732935132722
2002-09-01,2002-10-01,lag_10,-0.0060654600853187,0.0025376346735475857,0.0038243634478813612,0.001108732935132722
2002-09-01,2002-10-01,lag_11,-0.0027452194543418,-0.001210910263017546,0.0038243634478813612,0.001108732935132722
2002-09-01,2002-10-01,volatility_3m,0.0009860682867412914,-0.0005554926773305628,0.0038243634478813612,0.001108732935132722
2002-10-01,2002-11-01,lag_0,-0.0020848363369347,-0.0017560054694851887,-0.003967638058710081,0.0023995038174626686
2002-10-01,2002-11-01,lag_1,0.000848648696599,-0.0002353813303444018,-0.003967638058710081,0.0023995038174626686
2002-10-01,2002-11-01,lag_2,-0.0011111535235635,-0.00141970052287025,-0.003967638058710081,0.0023995038174626686
2002-10-01,2002-11-01,lag_3,-0.0003219706394999,-0.0002984774455480324,-0.003967638058710081,0.0023995038174626686
2002-10-01,2002-11-01,lag_4,0.0082150192364478,-0.0017672956510968567,-0.003967638058710081,0.0023995038174626686
2002-10-01,2002-11-01,lag_5,0.0040096284673607,-0.0003706164188875724,-0.003967638058710081,0.0023995038174626686
2002-10-01,2002-11-01,lag_6,0.0048710021656788,0.0,-0.003967638058710081,0.0023995038174626686
2002-10-01,2002-11-01,lag_7,0.0072123326949231,-9.451667124353755e-05,-0.003967638058710081,0.0023995038174626686
2002-10-01,2002-11-01,lag_8,0.0001152246826094,-0.00040572863301876745,-0.003967638058710081,0.0023995038174626686
2002-10-01,2002-11-01,lag_9,0.0066330648411705,0.00043030936452053293,-0.003967638058710081,0.0023995038174626686
2002-10-01,2002-11-01,lag_10,-0.0004275098074009,-0.0004497290981986754,-0.003967638058710081,0.0023995038174626686
2002-10-01,2002-11-01,lag_11,-0.0060654600853187,0.0,-0.003967638058710081,0.0023995038174626686
2002-10-01,2002-11-01,volatility_3m,0.0014941116315486899,0.0,-0.003967638058710081,0.0023995038174626686
2002-11-01,2002-12-01,lag_0,0.0055865759173183,0.0009568373784785418,0.005273524461663438,0.0033046735549932807
2002-11-01,2002-12-01,lag_1,-0.0020848363369347,0.0,0.005273524461663438,0.0033046735549932807
2002-11-01,2002-12-01,lag_2,0.000848648696599,0.0,0.005273524461663438,0.0033046735549932807
2002-11-01,2002-12-01,lag_3,-0.0011111535235635,-0.00045162058994564823,0.005273524461663438,0.0033046735549932807
2002-11-01,2002-12-01,lag_4,-0.0003219706394999,-0.0007455813217253204,0.005273524461663438,0.0033046735549932807
2002-11-01,2002-12-01,lag_5,0.0082150192364478,0.0002949275322278065,0.005273524461663438,0.0033046735549932807
2002-11-01,2002-12-01,lag_6,0.0040096284673607,0.0007382285457012739,0.005273524461663438,0.0033046735549932807
2002-11-01,2002-12-01,lag_7,0.0048710021656788,0.0,0.005273524461663438,0.0033046735549932807
2002-11-01,2002-12-01,lag_8,0.0072123326949231,0.0011868844637835867,0.005273524461663438,0.0033046735549932807
2002-11-01,2002-12-01,lag_9,0.0001152246826094,0.0,0.005273524461663438,0.0033046735549932807
2002-11-01,2002-12-01,lag_10,0.0066330648411705,-0.0005004687528994091,0.005273524461663438,0.0033046735549932807
2002-11-01,2002-12-01,lag_11,-0.0004275098074009,0.0004896436510493266,0.005273524461663438,0.0033046735549932807
2002-11-01,2002-12-01,volatility_3m,0.003870914077353096,0.0,0.005273524461663438,0.0033046735549932807
2002-12-01,2003-01-01,lag_0,-0.0055766272909192,-0.003264110779006616,-0.0014593115633370554,0.0024119864447407946
2002-12-01,2003-01-01,lag_1,0.0055865759173183,0.0,-0.0014593115633370554,0.0024119864447407946
2002-12-01,2003-01-01,lag_2,-0.0020848363369347,-0.0007885066314607914,-0.0014593115633370554,0.0024119864447407946
2002-12-01,2003-01-01,lag_3,0.000848648696599,0.00031028485250416153,-0.0014593115633370554,0.0024119864447407946
2002-12-01,2003-01-01,lag_4,-0.0011111535235635,-0.0007860944760938954,-0.0014593115633370554,0.0024119864447407946
2002-12-01,2003-01-01,lag_5,-0.0003219706394999,-0.0010016184427991835,-0.0014593115633370554,0.0024119864447407946
2002-12-01,2003-01-01,lag_6,0.0082150192364478,0.0,-0.0014593115633370554,0.0024119864447407946
2002-12-01,2003-01-01,lag_7,0.0040096284673607,0.0,-0.0014593115633370554,0.0024119864447407946
2002-12-01,2003-01-01,lag_8,0.0048710021656788,0.0005355623331748772,-0.0014593115633370554,0.0024119864447407946
2002-12-01,2003-01-01,lag_9,0.0072123326949231,0.0004987967394751025,-0.0014593115633370554,0.0024119864447407946
2002-12-01,2003-01-01,lag_10,0.0001152246826094,0.0005785228128012775,-0.0014593115633370554,0.0024119864447407946
2002-12-01,2003-01-01,lag_11,0.0066330648411705,-0.0006716628116618439,-0.0014593115633370554,0.0024119864447407946
2002-12-01,2003-01-01,volatility_3m,0.005710520640441277,0.0007175283949890604,-0.0014593115633370554,0.0024119864447407946
2003-01-01,2003-02-01,lag_0,0.0084854057238992,0.0019075776577651723,0.004311061700557575,0.003523950232613761
2003-01-01,2003-02-01,lag_1,-0.0055766272909192,-0.002913860254909286,0.004311061700557575,0.003523950232613761
2003-01-01,2003-02-01,lag_2,0.0055865759173183,0.0004856371730285821,0.004311061700557575,0.003523950232613761
2003-01-01,2003-02-01,lag_3,-0.0020848363369347,0.0004804912080755273,0.004311061700557575,0.003523950232613761
2003-01-01,2003-02-01,lag_4,0.000848648696599,0.0,0.004311061700557575,0.003523950232613761
2003-01-01,2003-02-01,lag_5,-0.0011111535235635,-0.0009500935673610635,0.004311061700557575,0.003523950232613761
2003-01-01,2003-02-01,lag_6,-0.0003219706394999,0.0,0.004311061700557575,0.003523950232613761
2003-01-01,2003-02-01,lag_7,0.0082150192364478,0.0,0.004311061700557575,0.003523950232613761
2003-01-01,2003-02-01,lag_8,0.0040096284673607,0.0,0.004311061700557575,0.003523950232613761
2003-01-01,2003-02-01,lag_9,0.0048710021656788,0.0,0.004311061700557575,0.003523950232613761
2003-01-01,2003-02-01,lag_10,0.0072123326949231,-0.0005125682072356971,0.004311061700557575,0.003523950232613761
2003-01-01,2003-02-01,lag_11,0.0001152246826094,0.0,0.004311061700557575,0.003523950232613761
2003-01-01,2003-02-01,volatility_3m,0.007424745704127611,0.002289927458580579,0.004311061700557575,0.003523950232613761
2003-02-01,2003-03-01,lag_0,0.001187420927927,-0.00045379776236445534,0.002679442699934396,0.0023453970496348222
2003-02-01,2003-03-01,lag_1,0.0084854057238992,0.0,0.002679442699934396,0.0023453970496348222
2003-02-01,2003-03-01,lag_2,-0.0055766272909192,-0.0025934784384768184,0.002679442699934396,0.0023453970496348222
2003-02-01,2003-03-01,lag_3,0.0055865759173183,0.0,0.002679442699934396,0.0023453970496348222
2003-02-01,2003-03-01,lag_4,-0.0020848363369347,0.0007783039032133662,0.002679442699934396,0.0023453970496348222
2003-02-01,2003-03-01,lag_5,0.000848648696599,0.000476396047011768,0.002679442699934396,0.0023453970496348222
2003-02-01,2003-03-01,lag_6,-0.0011111535235635,0.0,0.002679442699934396,0.0023453970496348222
2003-02-01,2003-03-01,lag_7,-0.0003219706394999,0.0005382591439296439,0.002679442699934396,0.0023453970496348222
2003-02-01,2003-03-01,lag_8,0.0082150192364478,0.0007259383622626659,0.002679442699934396,0.0023453970496348222
2003-02-01,2003-03-01,lag_9,0.0040096284673607,0.0,0.002679442699934396,0.0023453970496348222
2003-02-01,2003-03-01,lag_10,0.0048710021656788,0.0,0.002679442699934396,0.0023453970496348222
2003-02-01,2003-03-01,lag_11,0.0072123326949231,0.0,0.002679442699934396,0.0023453970496348222
2003-02-01,2003-03-01,volatility_3m,0.007032705772543032,0.0008624243947234033,0.002679442699934396,0.0023453970496348222
2003-03-01,2003-04-01,lag_0,-0.0026319713476281,-0.0018011431333393993,-0.0008986321069337153,0.003172054177515134
2003-03-01,2003-04-01,lag_1,0.001187420927927,-0.000573351955043901,-0.0008986321069337153,0.003172054177515134
2003-03-01,2003-04-01,lag_2,0.0084854057238992,0.0006113566719627524,-0.0008986321069337153,0.003172054177515134
2003-03-01,2003-04-01,lag_3,-0.0055766272909192,-0.0027449610935641475,-0.0008986321069337153,0.003172054177515134
2003-03-01,2003-04-01,lag_4,0.0055865759173183,0.0002690189210304674,-0.0008986321069337153,0.003172054177515134
2003-03-01,2003-04-01,lag_5,-0.0020848363369347,0.0,-0.0008986321069337153,0.003172054177515134
2003-03-01,2003-04-01,lag_6,0.000848648696599,0.0,-0.0008986321069337153,0.003172054177515134
2003-03-01,2003-04-01,lag_7,-0.0011111535235635,-0.0006605823259829883,-0.0008986321069337153,0.003172054177515134
2003-03-01,2003-04-01,lag_8,-0.0003219706394999,0.00043512123095923347,-0.0008986321069337153,0.003172054177515134
2003-03-01,2003-04-01,lag_9,0.0082150192364478,-0.001171279677489668,-0.0008986321069337153,0.003172054177515134
2003-03-01,2003-04-01,lag_10,0.0040096284673607,0.0,-0.0008986321069337153,0.003172054177515134
2003-03-01,2003-04-01,lag_11,0.0048710021656788,0.0,-0.0008986321069337153,0.003172054177515134
2003-03-01,2003-04-01,volatility_3m,0.0056486637415016465,0.0015651350770188005,-0.0008986321069337153,0.003172054177515134
2003-04-01,2003-05-01,lag_0,-0.0059747153090858,-0.001788705007869334,-0.0013288817507762854,0.0032039562695206324
2003-04-01,2003-05-01,lag_1,-0.0026319713476281,-0.000499655088078853,-0.0013288817507762854,0.0032039562695206324
2003-04-01,2003-05-01,lag_2,0.001187420927927,-0.00037132838907286847,-0.0013288817507762854,0.0032039562695206324
2003-04-01,2003-05-01,lag_3,0.0084854057238992,0.0004897131742885828,-0.0013288817507762854,0.0032039562695206324
2003-04-01,2003-05-01,lag_4,-0.0055766272909192,-0.0002719702755076974,-0.0013288817507762854,0.0032039562695206324
2003-04-01,2003-05-01,lag_5,0.0055865759173183,-0.0004068095311978045,-0.0013288817507762854,0.0032039562695206324
2003-04-01,2003-05-01,lag_6,-0.0020848363369347,-0.0005868580774920186,-0.0013288817507762854,0.0032039562695206324
2003-04-01,2003-05-01,lag_7,0.000848648696599,0.0,-0.0013288817507762854,0.0032039562695206324
2003-04-01,2003-05-01,lag_8,-0.0011111535235635,-0.0007601746613070063,-0.0013288817507762854,0.0032039562695206324
2003-04-01,2003-05-01,lag_9,-0.0003219706394999,-0.00018288674512287686,-0.0013288817507762854,0.0032039562695206324
2003-04-01,2003-05-01,lag_10,0.0082150192364478,0.0,-0.0013288817507762854,0.0032039562695206324
2003-04-01,2003-05-01,lag_11,0.0040096284673607,-0.00015416341893704193,-0.0013288817507762854,0.0032039562695206324
2003-04-01,2003-05-01,volatility_3m,0.0035837106008522264,0.0,-0.0013288817507762854,0.0032039562695206324
2003-05-01,2003-06-01,lag_0,-0.0002727794308094,-0.0008867623703055435,0.0013814880096165993,0.0025871559943912393
2003-05-01,2003-06-01,lag_1,-0.0059747153090858,0.0,0.0013814880096165993,0.0025871559943912393
2003-05-01,2003-06-01,lag_2,-0.0026319713476281,-0.0011859199422440405,0.0013814880096165993,0.0025871559943912393
2003-05-01,2003-06-01,lag_3,0.001187420927927,-0.0002417145606519928,0.0013814880096165993,0.0025871559943912393
2003-05-01,2003-06-01,lag_4,0.0084854057238992,0.0,0.0013814880096165993,0.0025871559943912393
2003-05-01,2003-06-01,lag_5,-0.0055766272909192,-0.0010931534194089894,0.0013814880096165993,0.0025871559943912393
2003-05-01,2003-06-01,lag_6,0.0055865759173183,0.0,0.0013814880096165993,0.0025871559943912393
2003-05-01,2003-06-01,lag_7,-0.0020848363369347,0.0006309147268603946,0.0013814880096165993,0.0025871559943912393
2003-05-01,2003-06-01,lag_8,0.000848648696599,0.0,0.0013814880096165993,0.0025871559943912393
2003-05-01,2003-06-01,lag_9,-0.0011111535235635,0.0007455843772298193,0.0013814880096165993,0.0025871559943912393
2003-05-01,2003-06-01,lag_10,-0.0003219706394999,0.0013399692068413321,0.0013814880096165993,0.0025871559943912393
2003-05-01,2003-06-01,lag_11,0.0082150192364478,0.0,0.0013814880096165993,0.0025871559943912393
2003-05-01,2003-06-01,volatility_3m,0.002865071158285028,-0.0005145860030956198,0.0013814880096165993,0.0025871559943912393
2003-06-01,2003-07-01,lag_0,0.0012771147115513,0.0,0.0008720586046841901,0.0021911532846994697
2003-06-01,2003-07-01,lag_1,-0.0002727794308094,-0.0003086732222543868,0.0008720586046841901,0.0021911532846994697
2003-06-01,2003-07-01,lag_2,-0.0059747153090858,-0.001580647113242071,0.0008720586046841901,0.0021911532846994697
2003-06-01,2003-07-01,lag_3,-0.0026319713476281,-0.0008155495545837218,0.0008720586046841901,0.0021911532846994697
2003-06-01,2003-07-01,lag_4,0.001187420927927,0.0,0.0008720586046841901,0.0021911532846994697
2003-06-01,2003-07-01,lag_5,0.0084854057238992,0.0012922917868648722,0.0008720586046841901,0.0021911532846994697
2003-06-01,2003-07-01,lag_6,-0.0055766272909192,0.0007615476682463404,0.0008720586046841901,0.0021911532846994697
2003-06-01,2003-07-01,lag_7,0.0055865759173183,0.0,0.0008720586046841901,0.0021911532846994697
2003-06-01,2003-07-01,lag_8,-0.0020848363369347,-0.0002603734653429527,0.0008720586046841901,0.0021911532846994697
2003-06-01,2003-07-01,lag_9,0.000848648696599,0.0,0.0008720586046841901,0.0021911532846994697
2003-06-01,2003-07-01,lag_10,-0.0011111535235635,0.0,0.0008720586046841901,0.0021911532846994697
2003-06-01,2003-07-01,lag_11,-0.0003219706394999,-0.00040769077970336003,0.0008720586046841901,0.0021911532846994697
2003-06-01,2003-07-01,volatility_3m,0.0038188847250803723,0.0,0.0008720586046841901,0.0021911532846994697
2003-07-01,2003-08-01,lag_0,0.0051251355505987,0.0005932296306770495,0.0011148767329596937,0.0019248085134087297
2003-07-01,2003-08-01,lag_1,0.0012771147115513,-0.00017850492402140161,0.0011148767329596937,0.0019248085134087297
2003-07-01,2003-08-01,lag_2,-0.0002727794308094,-0.000316043619951791,0.0011148767329596937,0.0019248085134087297
2003-07-01,2003-08-01,lag_3,-0.0059747153090858,-0.0006540582370676582,0.0011148767329596937,0.0019248085134087297
2003-07-01,2003-08-01,lag_4,-0.0026319713476281,-0.00037928308297040773,0.0011148767329596937,0.0019248085134087297
2003-07-01,2003-08-01,lag_5,0.001187420927927,0.0,0.0011148767329596937,0.0019248085134087297
2003-07-01,2003-08-01,lag_6,0.0084854057238992,-0.00048021458985141534,0.0011148767329596937,0.0019248085134087297
2003-07-01,2003-08-01,lag_7,-0.0055766272909192,-0.0006437077385745269,0.0011148767329596937,0.0019248085134087297
2003-07-01,2003-08-01,lag_8,0.0055865759173183,0.0005367769235213035,0.0011148767329596937,0.0019248085134087297
2003-07-01,2003-08-01,lag_9,-0.0020848363369347,0.0,0.0011148767329596937,0.0019248085134087297
2003-07-01,2003-08-01,lag_10,0.000848648696599,0.0,0.0011148767329596937,0.0019248085134087297
2003-07-01,2003-08-01,lag_11,-0.0011111535235635,0.0007118738577898119,0.0011148767329596937,0.0019248085134087297
2003-07-01,2003-08-01,volatility_3m,0.0027792961452130604,0.0,0.0011148767329596937,0.0019248085134087297
2003-08-01,2003-09-01,lag_0,-0.0021841578199746,-0.0007208472089508589,0.0032535298601715328,0.0021427792450668384
2003-08-01,2003-09-01,lag_1,0.0051251355505987,0.0005509792036570929,0.0032535298601715328,0.0021427792450668384
2003-08-01,2003-09-01,lag_2,0.0012771147115513,0.0,0.0032535298601715328,0.0021427792450668384
2003-08-01,2003-09-01,lag_3,-0.0002727794308094,0.0,0.0032535298601715328,0.0021427792450668384
2003-08-01,2003-09-01,lag_4,-0.0059747153090858,0.00019758146049017898,0.0032535298601715328,0.0021427792450668384
2003-08-01,2003-09-01,lag_5,-0.0026319713476281,0.0,0.0032535298601715328,0.0021427792450668384
2003-08-01,2003-09-01,lag_6,0.001187420927927,0.0,0.0032535298601715328,0.0021427792450668384
2003-08-01,2003-09-01,lag_7,0.0084854057238992,0.0006551805456785322,0.0032535298601715328,0.0021427792450668384
2003-08-01,2003-09-01,lag_8,-0.0055766272909192,0.0003212453139308417,0.0032535298601715328,0.0021427792450668384
2003-08-01,2003-09-01,lag_9,0.0055865759173183,0.0,0.0032535298601715328,0.0021427792450668384
2003-08-01,2003-09-01,lag_10,-0.0020848363369347,0.0,0.0032535298601715328,0.0021427792450668384
2003-08-01,2003-09-01,lag_11,0.000848648696599,0.00010661130029890743,0.0032535298601715328,0.0021427792450668384
2003-08-01,2003-09-01,volatility_3m,0.003656351585308903,0.0,0.0032535298601715328,0.0021427792450668384
2003-09-01,2003-10-01,lag_0,0.006426751702139,0.0008706988730793609,0.004544221584607773,0.002128752905073287
2003-09-01,2003-10-01,lag_1,-0.0021841578199746,-0.0005596256438005569,0.004544221584607773,0.002128752905073287
2003-09-01,2003-10-01,lag_2,0.0051251355505987,0.0002720683019028424,0.004544221584607773,0.002128752905073287
2003-09-01,2003-10-01,lag_3,0.0012771147115513,0.0,0.004544221584607773,0.002128752905073287
2003-09-01,2003-10-01,lag_4,-0.0002727794308094,0.00023299181632720868,0.004544221584607773,0.002128752905073287
2003-09-01,2003-10-01,lag_5,-0.0059747153090858,0.00015520075803578706,0.004544221584607773,0.002128752905073287
2003-09-01,2003-10-01,lag_6,-0.0026319713476281,0.0,0.004544221584607773,0.002128752905073287
2003-09-01,2003-10-01,lag_7,0.001187420927927,0.0,0.004544221584607773,0.002128752905073287
2003-09-01,2003-10-01,lag_8,0.0084854057238992,0.0009986131429076245,0.004544221584607773,0.002128752905073287
2003-09-01,2003-10-01,lag_9,-0.0055766272909192,0.0,0.004544221584607773,0.002128752905073287
2003-09-01,2003-10-01,lag_10,0.0055865759173183,0.0,0.004544221584607773,0.002128752905073287
2003-09-01,2003-10-01,lag_11,-0.0020848363369347,0.00020270606875972286,0.004544221584607773,0.002128752905073287
2003-09-01,2003-10-01,volatility_3m,0.004641618557160925,0.0002428153623224967,0.004544221584607773,0.002128752905073287
2003-10-01,2003-11-01,lag_0,0.0012308567584176,-0.00045045602181804424,0.0032401750995220725,0.002761614885791943
2003-10-01,2003-11-01,lag_1,0.006426751702139,0.0003760824895664725,0.0032401750995220725,0.002761614885791943
2003-10-01,2003-11-01,lag_2,-0.0021841578199746,-0.0008640196507978605,0.0032401750995220725,0.002761614885791943
2003-10-01,2003-11-01,lag_3,0.0051251355505987,0.00013276367098939126,0.0032401750995220725,0.002761614885791943
2003-10-01,2003-11-01,lag_4,0.0012771147115513,0.0,0.0032401750995220725,0.002761614885791943
2003-10-01,2003-11-01,lag_5,-0.0002727794308094,0.0003957709101026621,0.0032401750995220725,0.002761614885791943
2003-10-01,2003-11-01,lag_6,-0.0059747153090858,0.0,0.0032401750995220725,0.002761614885791943
2003-10-01,2003-11-01,lag_7,-0.0026319713476281,0.00038867531183089227,0.0032401750995220725,0.002761614885791943
2003-10-01,2003-11-01,lag_8,0.001187420927927,0.0,0.0032401750995220725,0.002761614885791943
2003-10-01,2003-11-01,lag_9,0.0084854057238992,0.0003609412975857036,0.0032401750995220725,0.002761614885791943
2003-10-01,2003-11-01,lag_10,-0.0055766272909192,0.0001388022062709122,0.0032401750995220725,0.002761614885791943
2003-10-01,2003-11-01,lag_11,0.0055865759173183,0.0,0.0032401750995220725,0.002761614885791943
2003-10-01,2003-11-01,volatility_3m,0.004336039122571958,0.0,0.0032401750995220725,0.002761614885791943
2003-11-01,2003-12-01,lag_0,0.0066825920491968,0.0009831391769477885,0.002915129754474567,0.0022497599063073487
2003-11-01,2003-12-01,lag_1,0.0012308567584176,0.0,0.002915129754474567,0.0022497599063073487
2003-11-01,2003-12-01,lag_2,0.006426751702139,0.0005192882135616633,0.002915129754474567,0.0022497599063073487
2003-11-01,2003-12-01,lag_3,-0.0021841578199746,0.0,0.002915129754474567,0.0022497599063073487
2003-11-01,2003-12-01,lag_4,0.0051251355505987,0.0,0.002915129754474567,0.0022497599063073487
2003-11-01,2003-12-01,lag_5,0.0012771147115513,0.0,0.002915129754474567,0.0022497599063073487
2003-11-01,2003-12-01,lag_6,-0.0002727794308094,0.0,0.002915129754474567,0.0022497599063073487
2003-11-01,2003-12-01,lag_7,-0.0059747153090858,-0.00064417992048,0.002915129754474567,0.0022497599063073487
2003-11-01,2003-12-01,lag_8,-0.0026319713476281,-0.0006249789953102474,0.002915129754474567,0.0022497599063073487
2003-11-01,2003-12-01,lag_9,0.001187420927927,0.0,0.002915129754474567,0.0022497599063073487
2003-11-01,2003-12-01,lag_10,0.0084854057238992,0.0,0.002915129754474567,0.0022497599063073487
2003-11-01,2003-12-01,lag_11,-0.0055766272909192,0.0004321013734480138,0.002915129754474567,0.0022497599063073487
2003-11-01,2003-12-01,volatility_3m,0.00307636680274258,0.0,0.002915129754474567,0.0022497599063073487
2003-12-01,2004-01-01,lag_0,0.0002959460294098,-0.0005484932232502819,0.00040063773111297584,0.002120619855834777
2003-12-01,2004-01-01,lag_1,0.0066825920491968,0.0006466697612146188,0.00040063773111297584,0.002120619855834777
2003-12-01,2004-01-01,lag_2,0.0012308567584176,0.0,0.00040063773111297584,0.002120619855834777
2003-12-01,2004-01-01,lag_3,0.006426751702139,0.0,0.00040063773111297584,0.002120619855834777
2003-12-01,2004-01-01,lag_4,-0.0021841578199746,0.0,0.00040063773111297584,0.002120619855834777
2003-12-01,2004-01-01,lag_5,0.0051251355505987,-0.00022913048316074196,0.00040063773111297584,0.002120619855834777
2003-12-01,2004-01-01,lag_6,0.0012771147115513,0.0,0.00040063773111297584,0.002120619855834777
2003-12-01,2004-01-01,lag_7,-0.0002727794308094,-0.00013436409392799937,0.00040063773111297584,0.002120619855834777
2003-12-01,2004-01-01,lag_8,-0.0059747153090858,-0.0007338158504445469,0.00040063773111297584,0.002120619855834777
2003-12-01,2004-01-01,lag_9,-0.0026319713476281,0.0,0.00040063773111297584,0.002120619855834777
2003-12-01,2004-01-01,lag_10,0.001187420927927,0.0,0.00040063773111297584,0.002120619855834777
2003-12-01,2004-01-01,lag_11,0.0084854057238992,-0.0007208482351528495,0.00040063773111297584,0.002120619855834777
2003-12-01,2004-01-01,volatility_3m,0.0034492685972053647,0.0,0.00040063773111297584,0.002120619855834777
2004-01-01,2004-02-01,lag_0,0.0015206262190341,0.0,0.0019426104845380859,0.0022356332707398597
2004-01-01,2004-02-01,lag_1,0.0002959460294098,-0.000259904418703541,0.0019426104845380859,0.0022356332707398597
2004-01-01,2004-02-01,lag_2,0.0066825920491968,0.0006771127787585202,0.0019426104845380859,0.0022356332707398597
2004-01-01,2004-02-01,lag_3,0.0012308567584176,0.0,0.0019426104845380859,0.0022356332707398597
2004-01-01,2004-02-01,lag_4,0.006426751702139,0.0,0.0019426104845380859,0.0022356332707398597
2004-01-01,2004-02-01,lag_5,-0.0021841578199746,-0.00032527919677595386,0.0019426104845380859,0.0022356332707398597
2004-01-01,2004-02-01,lag_6,0.0051251355505987,0.0,0.0019426104845380859,0.0022356332707398597
2004-01-01,2004-02-01,lag_7,0.0012771147115513,-0.00016618486389529945,0.0019426104845380859,0.0022356332707398597
2004-01-01,2004-02-01,lag_8,-0.0002727794308094,0.0,0.0019426104845380859,0.0022356332707398597
2004-01-01,2004-02-01,lag_9,-0.0059747153090858,0.0,0.0019426104845380859,0.0022356332707398597
2004-01-01,2004-02-01,lag_10,-0.0026319713476281,-0.00021876708558549973,0.0019426104845380859,0.0022356332707398597
2004-01-01,2004-02-01,lag_11,0.001187420927927,0.0,0.0019426104845380859,0.0022356332707398597
2004-01-01,2004-02-01,volatility_3m,0.0033895668400914843,0.0,0.0019426104845380859,0.0022356332707398597
2004-02-01,2004-03-01,lag_0,0.0060143061091606,0.00016079887549090346,0.002504052438010728,0.0022942394583828516
2004-02-01,2004-03-01,lag_1,0.0015206262190341,0.0,0.002504052438010728,0.0022942394583828516
2004-02-01,2004-03-01,lag_2,0.0002959460294098,0.0,0.002504052438010728,0.0022942394583828516
2004-02-01,2004-03-01,lag_3,0.0066825920491968,0.0,0.002504052438010728,0.0022942394583828516
2004-02-01,2004-03-01,lag_4,0.0012308567584176,0.0,0.002504052438010728,0.0022942394583828516
2004-02-01,2004-03-01,lag_5,0.006426751702139,4.9014104136972946e-05,0.002504052438010728,0.0022942394583828516
2004-02-01,2004-03-01,lag_6,-0.0021841578199746,0.0,0.002504052438010728,0.0022942394583828516
2004-02-01,2004-03-01,lag_7,0.0051251355505987,0.0,0.002504052438010728,0.0022942394583828516
2004-02-01,2004-03-01,lag_8,0.0012771147115513,0.0,0.002504052438010728,0.0022942394583828516
2004-02-01,2004-03-01,lag_9,-0.0002727794308094,0.0,0.002504052438010728,0.0022942394583828516
2004-02-01,2004-03-01,lag_10,-0.0059747153090858,0.0,0.002504052438010728,0.0022942394583828516
2004-02-01,2004-03-01,lag_11,-0.0026319713476281,0.0,0.002504052438010728,0.0022942394583828516
2004-02-01,2004-03-01,volatility_3m,0.0030108869823656367,0.0,0.002504052438010728,0.0022942394583828516
2004-03-01,2004-04-01,lag_0,-0.0040087558487682,-0.002117409506057643,0.0011590940653531667,0.0022891737377519184
2004-03-01,2004-04-01,lag_1,0.0060143061091606,0.0008530639492210195,0.0011590940653531667,0.0022891737377519184
2004-03-01,2004-04-01,lag_2,0.0015206262190341,0.0,0.0011590940653531667,0.0022891737377519184
2004-03-01,2004-04-01,lag_3,0.0002959460294098,-0.00024987635197248735,0.0011590940653531667,0.0022891737377519184
2004-03-01,2004-04-01,lag_4,0.0066825920491968,-0.00040964887574648144,0.0011590940653531667,0.0022891737377519184
2004-03-01,2004-04-01,lag_5,0.0012308567584176,0.0,0.0011590940653531667,0.0022891737377519184
2004-03-01,2004-04-01,lag_6,0.006426751702139,0.0,0.0011590940653531667,0.0022891737377519184
2004-03-01,2004-04-01,lag_7,-0.0021841578199746,-0.0003643247964776053,0.0011590940653531667,0.0022891737377519184
2004-03-01,2004-04-01,lag_8,0.0051251355505987,0.0,0.0011590940653531667,0.0022891737377519184
2004-03-01,2004-04-01,lag_9,0.0012771147115513,0.0,0.0011590940653531667,0.0022891737377519184
2004-03-01,2004-04-01,lag_10,-0.0002727794308094,0.0,0.0011590940653531667,0.0022891737377519184
2004-03-01,2004-04-01,lag_11,-0.0059747153090858,0.0013628796793897426,0.0011590940653531667,0.0022891737377519184
2004-03-01,2004-04-01,volatility_3m,0.005020441481568802,-0.00020476377075529656,0.0011590940653531667,0.0022891737377519184
2004-04-01,2004-05-01,lag_0,0.0037074991758068,0.0,8.531473939874488e-05,0.002246144049167334
2004-04-01,2004-05-01,lag_1,-0.0040087558487682,-0.002230455349919727,8.531473939874488e-05,0.002246144049167334
2004-04-01,2004-05-01,lag_2,0.0060143061091606,0.00033831586647135783,8.531473939874488e-05,0.002246144049167334
2004-04-01,2004-05-01,lag_3,0.0015206262190341,0.0,8.531473939874488e-05,0.002246144049167334
2004-04-01,2004-05-01,lag_4,0.0002959460294098,0.00036693963886459566,8.531473939874488e-05,0.002246144049167334
2004-04-01,2004-05-01,lag_5,0.0066825920491968,-0.00043051538271897106,8.531473939874488e-05,0.002246144049167334
2004-04-01,2004-05-01,lag_6,0.0012308567584176,0.0,8.531473939874488e-05,0.002246144049167334
2004-04-01,2004-05-01,lag_7,0.006426751702139,0.0005810075335954602,8.531473939874488e-05,0.002246144049167334
2004-04-01,2004-05-01,lag_8,-0.0021841578199746,0.0,8.531473939874488e-05,0.002246144049167334
2004-04-01,2004-05-01,lag_9,0.0051251355505987,0.0,8.531473939874488e-05,0.002246144049167334
2004-04-01,2004-05-01,lag_10,0.0012771147115513,0.0,8.531473939874488e-05,0.002246144049167334
2004-04-01,2004-05-01,lag_11,-0.0002727794308094,0.0,8.531473939874488e-05,0.002246144049167334
2004-04-01,2004-05-01,volatility_3m,0.0052491859820440676,-0.0007861216160613046,8.531473939874488e-05,0.002246144049167334
2004-05-01,2004-06-01,lag_0,0.0071977507067373,0.0009818417998605227,0.002501603090100883,0.002135780909548884
2004-05-01,2004-06-01,lag_1,0.0037074991758068,0.0,0.002501603090100883,0.002135780909548884
2004-05-01,2004-06-01,lag_2,-0.0040087558487682,-0.0013818441916189975,0.002501603090100883,0.002135780909548884
2004-05-01,2004-06-01,lag_3,0.0060143061091606,0.000337615247846497,0.002501603090100883,0.002135780909548884
2004-05-01,2004-06-01,lag_4,0.0015206262190341,0.0,0.002501603090100883,0.002135780909548884
2004-05-01,2004-06-01,lag_5,0.0002959460294098,0.00014497090692240031,0.002501603090100883,0.002135780909548884
2004-05-01,2004-06-01,lag_6,0.0066825920491968,0.0,0.002501603090100883,0.002135780909548884
2004-05-01,2004-06-01,lag_7,0.0012308567584176,0.0,0.002501603090100883,0.002135780909548884
2004-05-01,2004-06-01,lag_8,0.006426751702139,0.0002832384175415767,0.002501603090100883,0.002135780909548884
2004-05-01,2004-06-01,lag_9,-0.0021841578199746,0.0,0.002501603090100883,0.002135780909548884
2004-05-01,2004-06-01,lag_10,0.0051251355505987,0.0,0.002501603090100883,0.002135780909548884
2004-05-01,2004-06-01,lag_11,0.0012771147115513,0.0,0.002501603090100883,0.002135780909548884
2004-05-01,2004-06-01,volatility_3m,0.0057345188192795705,0.0,0.002501603090100883,0.002135780909548884
2004-06-01,2004-07-01,lag_0,-0.0078328388061885,-0.0009567082331479428,0.001585109264823508,0.0022755565792568384
2004-06-01,2004-07-01,lag_1,0.0071977507067373,0.0,0.001585109264823508,0.0022755565792568384
2004-06-01,2004-07-01,lag_2,0.0037074991758068,0.0,0.001585109264823508,0.0022755565792568384
2004-06-01,2004-07-01,lag_3,-0.0040087558487682,0.0005052502714164184,0.001585109264823508,0.0022755565792568384
2004-06-01,2004-07-01,lag_4,0.0060143061091606,0.0,0.001585109264823508,0.0022755565792568384
2004-06-01,2004-07-01,lag_5,0.0015206262190341,0.0,0.001585109264823508,0.0022755565792568384
2004-06-01,2004-07-01,lag_6,0.0002959460294098,0.0,0.001585109264823508,0.0022755565792568384
2004-06-01,2004-07-01,lag_7,0.0066825920491968,0.0,0.001585109264823508,0.0022755565792568384
2004-06-01,2004-07-01,lag_8,0.0012308567584176,0.0,0.001585109264823508,0.0022755565792568384
2004-06-01,2004-07-01,lag_9,0.006426751702139,0.0,0.001585109264823508,0.0022755565792568384
2004-06-01,2004-07-01,lag_10,-0.0021841578199746,0.0,0.001585109264823508,0.0022755565792568384
2004-06-01,2004-07-01,lag_11,0.0051251355505987,0.0,0.001585109264823508,0.0022755565792568384
2004-06-01,2004-07-01,volatility_3m,0.007866382878997618,-0.0002389893527018059,0.001585109264823508,0.0022755565792568384
2004-07-01,2004-08-01,lag_0,0.0074438796836666,0.000514896458781896,0.0025513079234553773,0.002290915271730357
2004-07-01,2004-08-01,lag_1,-0.0078328388061885,-0.00047443120717815054,0.0025513079234553773,0.002290915271730357
2004-07-01,2004-08-01,lag_2,0.0071977507067373,0.0002843259390475139,0.0025513079234553773,0.002290915271730357
2004-07-01,2004-08-01,lag_3,0.0037074991758068,0.0,0.0025513079234553773,0.002290915271730357
2004-07-01,2004-08-01,lag_4,-0.0040087558487682,0.0002600685762605855,0.0025513079234553773,0.002290915271730357
2004-07-01,2004-08-01,lag_5,0.0060143061091606,0.0,0.0025513079234553773,0.002290915271730357
2004-07-01,2004-08-01,lag_6,0.0015206262190341,0.0,0.0025513079234553773,0.002290915271730357
2004-07-01,2004-08-01,lag_7,0.0002959460294098,0.0,0.0025513079234553773,0.002290915271730357
2004-07-01,2004-08-01,lag_8,0.0066825920491968,0.0,0.0025513079234553773,0.002290915271730357
2004-07-01,2004-08-01,lag_9,0.0012308567584176,0.0,0.0025513079234553773,0.002290915271730357
2004-07-01,2004-08-01,lag_10,0.006426751702139,0.0,0.0025513079234553773,0.002290915271730357
2004-07-01,2004-08-01,lag_11,-0.0021841578199746,0.0,0.0025513079234553773,0.002290915271730357
2004-07-01,2004-08-01,volatility_3m,0.008749831697406526,-0.00032446711518682465,0.0025513079234553773,0.002290915271730357
2004-08-01,2004-09-01,lag_0,0.000670966719368,-0.00011888152382239349,0.0012679740820751538,0.0023711767693518977
2004-08-01,2004-09-01,lag_1,0.0074438796836666,0.0,0.0012679740820751538,0.0023711767693518977
2004-08-01,2004-09-01,lag_2,-0.0078328388061885,-0.0006902391219912734,0.0012679740820751538,0.0023711767693518977
2004-08-01,2004-09-01,lag_3,0.0071977507067373,-0.00032402593623163695,0.0012679740820751538,0.0023711767693518977
2004-08-01,2004-09-01,lag_4,0.0037074991758068,0.0,0.0012679740820751538,0.0023711767693518977
2004-08-01,2004-09-01,lag_5,-0.0040087558487682,-0.00021464735002429565,0.0012679740820751538,0.0023711767693518977
2004-08-01,2004-09-01,lag_6,0.0060143061091606,0.00046469239532162575,0.0012679740820751538,0.0023711767693518977
2004-08-01,2004-09-01,lag_7,0.0015206262190341,0.0,0.0012679740820751538,0.0023711767693518977
2004-08-01,2004-09-01,lag_8,0.0002959460294098,0.0,0.0012679740820751538,0.0023711767693518977
2004-08-01,2004-09-01,lag_9,0.0066825920491968,0.0,0.0012679740820751538,0.0023711767693518977
2004-08-01,2004-09-01,lag_10,0.0012308567584176,0.0,0.0012679740820751538,0.0023711767693518977
2004-08-01,2004-09-01,lag_11,0.006426751702139,0.0,0.0012679740820751538,0.0023711767693518977
2004-08-01,2004-09-01,volatility_3m,0.007654684690400709,-0.00022010115052877022,0.0012679740820751538,0.0023711767693518977
2004-09-01,2004-10-01,lag_0,0.0012701843581544,0.0,0.0027985125847026886,0.0024003133072650123
2004-09-01,2004-10-01,lag_1,0.000670966719368,0.0,0.0027985125847026886,0.0024003133072650123
2004-09-01,2004-10-01,lag_2,0.0074438796836666,0.0003471392055354927,0.0027985125847026886,0.0024003133072650123
2004-09-01,2004-10-01,lag_3,-0.0078328388061885,0.0011139384503053517,0.0027985125847026886,0.0024003133072650123
2004-09-01,2004-10-01,lag_4,0.0071977507067373,-0.0002983424629456182,0.0027985125847026886,0.0024003133072650123
2004-09-01,2004-10-01,lag_5,0.0037074991758068,0.0,0.0027985125847026886,0.0024003133072650123
2004-09-01,2004-10-01,lag_6,-0.0040087558487682,-0.0007645359154575499,0.0027985125847026886,0.0024003133072650123
2004-09-01,2004-10-01,lag_7,0.0060143061091606,0.0,0.0027985125847026886,0.0024003133072650123
2004-09-01,2004-10-01,lag_8,0.0015206262190341,0.0,0.0027985125847026886,0.0024003133072650123
2004-09-01,2004-10-01,lag_9,0.0002959460294098,0.0,0.0027985125847026886,0.0024003133072650123
2004-09-01,2004-10-01,lag_10,0.0066825920491968,0.0,0.0027985125847026886,0.0024003133072650123
2004-09-01,2004-10-01,lag_11,0.0012308567584176,0.0,0.0027985125847026886,0.0024003133072650123
2004-09-01,2004-10-01,volatility_3m,0.0037493538503953804,0.0,0.0027985125847026886,0.0024003133072650123
2004-10-01,2004-11-01,lag_0,0.0084953127372333,0.0006209870716475087,0.003025379951764464,0.0022839583784159613
2004-10-01,2004-11-01,lag_1,0.0012701843581544,0.0,0.003025379951764464,0.0022839583784159613
2004-10-01,2004-11-01,lag_2,0.000670966719368,0.0,0.003025379951764464,0.0022839583784159613
2004-10-01,2004-11-01,lag_3,0.0074438796836666,-0.00044966618349449465,0.003025379951764464,0.0022839583784159613
2004-10-01,2004-11-01,lag_4,-0.0078328388061885,0.0004358758289461011,0.003025379951764464,0.0022839583784159613
2004-10-01,2004-11-01,lag_5,0.0071977507067373,0.00013422485624938743,0.003025379951764464,0.0022839583784159613
2004-10-01,2004-11-01,lag_6,0.0037074991758068,0.0,0.003025379951764464,0.0022839583784159613
2004-10-01,2004-11-01,lag_7,-0.0040087558487682,0.0,0.003025379951764464,0.0022839583784159613
2004-10-01,2004-11-01,lag_8,0.0060143061091606,0.0,0.003025379951764464,0.0022839583784159613
2004-10-01,2004-11-01,lag_9,0.0015206262190341,0.0,0.003025379951764464,0.0022839583784159613
2004-10-01,2004-11-01,lag_10,0.0002959460294098,0.0,0.003025379951764464,0.0022839583784159613
2004-10-01,2004-11-01,lag_11,0.0066825920491968,0.0,0.003025379951764464,0.0022839583784159613
2004-10-01,2004-11-01,volatility_3m,0.004354727937925411,0.0,0.003025379951764464,0.0022839583784159613
2004-11-01,2004-12-01,lag_0,0.0024803554509942,0.0,0.0026322551328849895,0.0023623635988600684
2004-11-01,2004-12-01,lag_1,0.0084953127372333,0.0002458342003808651,0.0026322551328849895,0.0023623635988600684
2004-11-01,2004-12-01,lag_2,0.0012701843581544,0.0,0.0026322551328849895,0.0023623635988600684
2004-11-01,2004-12-01,lag_3,0.000670966719368,0.0,0.0026322551328849895,0.0023623635988600684
2004-11-01,2004-12-01,lag_4,0.0074438796836666,0.0,0.0026322551328849895,0.0023623635988600684
2004-11-01,2004-12-01,lag_5,-0.0078328388061885,-0.00047845283068015637,0.0026322551328849895,0.0023623635988600684
2004-11-01,2004-12-01,lag_6,0.0071977507067373,0.0005025101643242123,0.0026322551328849895,0.0023623635988600684
2004-11-01,2004-12-01,lag_7,0.0037074991758068,0.0,0.0026322551328849895,0.0023623635988600684
2004-11-01,2004-12-01,lag_8,-0.0040087558487682,0.0,0.0026322551328849895,0.0023623635988600684
2004-11-01,2004-12-01,lag_9,0.0060143061091606,0.0,0.0026322551328849895,0.0023623635988600684
2004-11-01,2004-12-01,lag_10,0.0015206262190341,0.0,0.0026322551328849895,0.0023623635988600684
2004-11-01,2004-12-01,lag_11,0.0002959460294098,0.0,0.0026322551328849895,0.0023623635988600684
2004-11-01,2004-12-01,volatility_3m,0.00386968356422497,0.0,0.0026322551328849895,0.0023623635988600684
2004-12-01,2005-01-01,lag_0,0.0079362410009355,0.0006642459331812698,0.0027297689509511083,0.002286489756778485
2004-12-01,2005-01-01,lag_1,0.0024803554509942,0.0,0.0027297689509511083,0.002286489756778485
2004-12-01,2005-01-01,lag_2,0.0084953127372333,0.0004532844729589792,0.0027297689509511083,0.002286489756778485
2004-12-01,2005-01-01,lag_3,0.0012701843581544,0.0,0.0027297689509511083,0.002286489756778485
2004-12-01,2005-01-01,lag_4,0.000670966719368,0.0,0.0027297689509511083,0.002286489756778485
2004-12-01,2005-01-01,lag_5,0.0074438796836666,0.0001958484597193116,0.0027297689509511083,0.002286489756778485
2004-12-01,2005-01-01,lag_6,-0.0078328388061885,-0.0008700996716869373,0.0027297689509511083,0.002286489756778485
2004-12-01,2005-01-01,lag_7,0.0071977507067373,0.0,0.0027297689509511083,0.002286489756778485
2004-12-01,2005-01-01,lag_8,0.0037074991758068,0.0,0.0027297689509511083,0.002286489756778485
2004-12-01,2005-01-01,lag_9,-0.0040087558487682,0.0,0.0027297689509511083,0.002286489756778485
2004-12-01,2005-01-01,lag_10,0.0060143061091606,0.0,0.0027297689509511083,0.002286489756778485
2004-12-01,2005-01-01,lag_11,0.0015206262190341,0.0,0.0027297689509511083,0.002286489756778485
2004-12-01,2005-01-01,volatility_3m,0.003323125022617169,0.0,0.0027297689509511083,0.002286489756778485
2005-01-01,2005-02-01,lag_0,0.0035900791158702,0.00017667033067279836,0.003231556160783749,0.002241313266623903
2005-01-01,2005-02-01,lag_1,0.0079362410009355,0.0005477855994473772,0.003231556160783749,0.002241313266623903
2005-01-01,2005-02-01,lag_2,0.0024803554509942,0.0,0.003231556160783749,0.002241313266623903
2005-01-01,2005-02-01,lag_3,0.0084953127372333,0.0,0.003231556160783749,0.002241313266623903
2005-01-01,2005-02-01,lag_4,0.0012701843581544,0.0,0.003231556160783749,0.002241313266623903
2005-01-01,2005-02-01,lag_5,0.000670966719368,0.0,0.003231556160783749,0.002241313266623903
2005-01-01,2005-02-01,lag_6,0.0074438796836666,0.0,0.003231556160783749,0.002241313266623903
2005-01-01,2005-02-01,lag_7,-0.0078328388061885,0.0,0.003231556160783749,0.002241313266623903
2005-01-01,2005-02-01,lag_8,0.0071977507067373,5.790042738822003e-05,0.003231556160783749,0.002241313266623903
2005-01-01,2005-02-01,lag_9,0.0037074991758068,0.0,0.003231556160783749,0.002241313266623903
2005-01-01,2005-02-01,lag_10,-0.0040087558487682,0.00020788653665145047,0.003231556160783749,0.002241313266623903
2005-01-01,2005-02-01,lag_11,0.0060143061091606,0.0,0.003231556160783749,0.002241313266623903
2005-01-01,2005-02-01,volatility_3m,0.002883496051602362,0.0,0.003231556160783749,0.002241313266623903
2005-02-01,2005-03-01,lag_0,0.007232846062771,0.00025170227781184636,0.0028124541340091265,0.002307419633960222
2005-02-01,2005-03-01,lag_1,0.0035900791158702,0.0,0.0028124541340091265,0.002307419633960222
2005-02-01,2005-03-01,lag_2,0.0079362410009355,0.00016281761207603975,0.0028124541340091265,0.002307419633960222
2005-02-01,2005-03-01,lag_3,0.0024803554509942,0.0,0.0028124541340091265,0.002307419633960222
2005-02-01,2005-03-01,lag_4,0.0084953127372333,0.0,0.0028124541340091265,0.002307419633960222
2005-02-01,2005-03-01,lag_5,0.0012701843581544,0.0,0.0028124541340091265,0.002307419633960222
2005-02-01,2005-03-01,lag_6,0.000670966719368,0.0,0.0028124541340091265,0.002307419633960222
2005-02-01,2005-03-01,lag_7,0.0074438796836666,0.0,0.0028124541340091265,0.002307419633960222
2005-02-01,2005-03-01,lag_8,-0.0078328388061885,0.0,0.0028124541340091265,0.002307419633960222
2005-02-01,2005-03-01,lag_9,0.0071977507067373,9.051461016101821e-05,0.0028124541340091265,0.002307419633960222
2005-02-01,2005-03-01,lag_10,0.0037074991758068,0.0,0.0028124541340091265,0.002307419633960222
2005-02-01,2005-03-01,lag_11,-0.0040087558487682,0.0,0.0028124541340091265,0.002307419633960222
2005-02-01,2005-03-01,volatility_3m,0.002332867998825436,0.0,0.0028124541340091265,0.002307419633960222
2005-03-01,2005-04-01,lag_0,-0.0013521797796176,-0.00016365610466487473,0.0015859867564558738,0.002275204169351033
2005-03-01,2005-04-01,lag_1,0.007232846062771,0.0,0.0015859867564558738,0.002275204169351033
2005-03-01,2005-04-01,lag_2,0.0035900791158702,0.0,0.0015859867564558738,0.002275204169351033
2005-03-01,2005-04-01,lag_3,0.0079362410009355,-0.00026309048660771436,0.0015859867564558738,0.002275204169351033
2005-03-01,2005-04-01,lag_4,0.0024803554509942,0.0,0.0015859867564558738,0.002275204169351033
2005-03-01,2005-04-01,lag_5,0.0084953127372333,0.0,0.0015859867564558738,0.002275204169351033
2005-03-01,2005-04-01,lag_6,0.0012701843581544,0.0,0.0015859867564558738,0.002275204169351033
2005-03-01,2005-04-01,lag_7,0.000670966719368,0.0,0.0015859867564558738,0.002275204169351033
2005-03-01,2005-04-01,lag_8,0.0074438796836666,0.0,0.0015859867564558738,0.002275204169351033
2005-03-01,2005-04-01,lag_9,-0.0078328388061885,-0.00026247082162257016,0.0015859867564558738,0.002275204169351033
2005-03-01,2005-04-01,lag_10,0.0071977507067373,0.0,0.0015859867564558738,0.002275204169351033
2005-03-01,2005-04-01,lag_11,0.0037074991758068,0.0,0.0015859867564558738,0.002275204169351033
2005-03-01,2005-04-01,volatility_3m,0.004308873455516754,0.0,0.0015859867564558738,0.002275204169351033
2005-04-01,2005-05-01,lag_0,0.0021501954438223,0.0,0.002628550625075112,0.0022135909279594372
2005-04-01,2005-05-01,lag_1,-0.0013521797796176,0.0,0.002628550625075112,0.0022135909279594372
2005-04-01,2005-05-01,lag_2,0.007232846062771,6.538269912486891e-05,0.002628550625075112,0.0022135909279594372
2005-04-01,2005-05-01,lag_3,0.0035900791158702,0.0,0.002628550625075112,0.0022135909279594372
2005-04-01,2005-05-01,lag_4,0.0079362410009355,0.0,0.002628550625075112,0.0022135909279594372
2005-04-01,2005-05-01,lag_5,0.0024803554509942,0.0,0.002628550625075112,0.0022135909279594372
2005-04-01,2005-05-01,lag_6,0.0084953127372333,0.00031432143214086135,0.002628550625075112,0.0022135909279594372
2005-04-01,2005-05-01,lag_7,0.0012701843581544,0.0,0.002628550625075112,0.0022135909279594372
2005-04-01,2005-05-01,lag_8,0.000670966719368,0.0,0.002628550625075112,0.0022135909279594372
2005-04-01,2005-05-01,lag_9,0.0074438796836666,3.525556584994431e-05,0.002628550625075112,0.0022135909279594372
2005-04-01,2005-05-01,lag_10,-0.0078328388061885,0.0,0.002628550625075112,0.0022135909279594372
2005-04-01,2005-05-01,lag_11,0.0071977507067373,0.0,0.002628550625075112,0.0022135909279594372
2005-04-01,2005-05-01,volatility_3m,0.004316685422762573,0.0,0.002628550625075112,0.0022135909279594372
2005-05-01,2005-06-01,lag_0,0.0008997205268519,0.0,0.0017309241776140424,0.002260588843990758
2005-05-01,2005-06-01,lag_1,0.0021501954438223,0.0,0.0017309241776140424,0.002260588843990758
2005-05-01,2005-06-01,lag_2,-0.0013521797796176,-7.682794055418804e-05,0.0017309241776140424,0.002260588843990758
2005-05-01,2005-06-01,lag_3,0.007232846062771,-0.00021066871205068784,0.0017309241776140424,0.002260588843990758
2005-05-01,2005-06-01,lag_4,0.0035900791158702,0.0,0.0017309241776140424,0.002260588843990758
2005-05-01,2005-06-01,lag_5,0.0079362410009355,0.0,0.0017309241776140424,0.002260588843990758
2005-05-01,2005-06-01,lag_6,0.0024803554509942,0.0,0.0017309241776140424,0.002260588843990758
2005-05-01,2005-06-01,lag_7,0.0084953127372333,0.0,0.0017309241776140424,0.002260588843990758
2005-05-01,2005-06-01,lag_8,0.0012701843581544,0.0,0.0017309241776140424,0.002260588843990758
2005-05-01,2005-06-01,lag_9,0.000670966719368,0.0,0.0017309241776140424,0.002260588843990758
2005-05-01,2005-06-01,lag_10,0.0074438796836666,0.0,0.0017309241776140424,0.002260588843990758
2005-05-01,2005-06-01,lag_11,-0.0078328388061885,-0.00024216801377183967,0.0017309241776140424,0.002260588843990758
2005-05-01,2005-06-01,volatility_3m,0.0017748884807228145,0.0,0.0017309241776140424,0.002260588843990758
2005-06-01,2005-07-01,lag_0,0.0044875291574637,0.0,0.0024180868235256997,0.002174900105709711
2005-06-01,2005-07-01,lag_1,0.0008997205268519,0.0,0.0024180868235256997,0.002174900105709711
2005-06-01,2005-07-01,lag_2,0.0021501954438223,0.0,0.0024180868235256997,0.002174900105709711
2005-06-01,2005-07-01,lag_3,-0.0013521797796176,0.0,0.0024180868235256997,0.002174900105709711
2005-06-01,2005-07-01,lag_4,0.007232846062771,0.0,0.0024180868235256997,0.002174900105709711
2005-06-01,2005-07-01,lag_5,0.0035900791158702,0.0,0.0024180868235256997,0.002174900105709711
2005-06-01,2005-07-01,lag_6,0.0079362410009355,0.0,0.0024180868235256997,0.002174900105709711
2005-06-01,2005-07-01,lag_7,0.0024803554509942,0.0,0.0024180868235256997,0.002174900105709711
2005-06-01,2005-07-01,lag_8,0.0084953127372333,0.00011670380034100415,0.0024180868235256997,0.002174900105709711
2005-06-01,2005-07-01,lag_9,0.0012701843581544,0.0,0.0024180868235256997,0.002174900105709711
2005-06-01,2005-07-01,lag_10,0.000670966719368,0.0,0.0024180868235256997,0.002174900105709711
2005-06-01,2005-07-01,lag_11,0.0074438796836666,0.0,0.0024180868235256997,0.002174900105709711
2005-06-01,2005-07-01,volatility_3m,0.001821134590339648,0.00012648291747498463,0.0024180868235256997,0.002174900105709711
2005-07-01,2005-08-01,lag_0,-0.0031714662882169,-0.00014799780560740324,0.0019903944785585126,0.002138392284165916
2005-07-01,2005-08-01,lag_1,0.0044875291574637,0.0,0.0019903944785585126,0.002138392284165916
2005-07-01,2005-08-01,lag_2,0.0008997205268519,0.0,0.0019903944785585126,0.002138392284165916
2005-07-01,2005-08-01,lag_3,0.0021501954438223,0.0,0.0019903944785585126,0.002138392284165916
2005-07-01,2005-08-01,lag_4,-0.0013521797796176,0.0,0.0019903944785585126,0.002138392284165916
2005-07-01,2005-08-01,lag_5,0.007232846062771,0.0,0.0019903944785585126,0.002138392284165916
2005-07-01,2005-08-01,lag_6,0.0035900791158702,0.0,0.0019903944785585126,0.002138392284165916
2005-07-01,2005-08-01,lag_7,0.0079362410009355,0.0,0.0019903944785585126,0.002138392284165916
2005-07-01,2005-08-01,lag_8,0.0024803554509942,0.0,0.0019903944785585126,0.002138392284165916
2005-07-01,2005-08-01,lag_9,0.0084953127372333,0.0,0.0019903944785585126,0.002138392284165916
2005-07-01,2005-08-01,lag_10,0.0012701843581544,0.0,0.0019903944785585126,0.002138392284165916
2005-07-01,2005-08-01,lag_11,0.000670966719368,0.0,0.0019903944785585126,0.002138392284165916
2005-07-01,2005-08-01,volatility_3m,0.003832039145808202,0.0,0.0019903944785585126,0.002138392284165916
2005-08-01,2005-09-01,lag_0,0.0032537883465622,0.0,0.0023079899319166266,0.0021961204846257447
2005-08-01,2005-09-01,lag_1,-0.0031714662882169,0.0,0.0023079899319166266,0.0021961204846257447
2005-08-01,2005-09-01,lag_2,0.0044875291574637,0.0,0.0023079899319166266,0.0021961204846257447
2005-08-01,2005-09-01,lag_3,0.0008997205268519,0.0,0.0023079899319166266,0.0021961204846257447
2005-08-01,2005-09-01,lag_4,0.0021501954438223,0.0,0.0023079899319166266,0.0021961204846257447
2005-08-01,2005-09-01,lag_5,-0.0013521797796176,0.0,0.0023079899319166266,0.0021961204846257447
2005-08-01,2005-09-01,lag_6,0.007232846062771,0.0,0.0023079899319166266,0.0021961204846257447
2005-08-01,2005-09-01,lag_7,0.0035900791158702,0.0,0.0023079899319166266,0.0021961204846257447
2005-08-01,2005-09-01,lag_8,0.0079362410009355,0.0,0.0023079899319166266,0.0021961204846257447
2005-08-01,2005-09-01,lag_9,0.0024803554509942,0.0,0.0023079899319166266,0.0021961204846257447
2005-08-01,2005-09-01,lag_10,0.0084953127372333,0.0,0.0023079899319166266,0.0021961204846257447
2005-08-01,2005-09-01,lag_11,0.0012701843581544,0.0,0.0023079899319166266,0.0021961204846257447
2005-08-01,2005-09-01,volatility_3m,0.0041123031816568505,0.0,0.0023079899319166266,0.0021961204846257447
2005-09-01,2005-10-01,lag_0,-0.0195638287695461,-0.0002515285828691492,0.0019720408772040212,0.0022235694600731704
2005-09-01,2005-10-01,lag_1,0.0032537883465622,0.0,0.0019720408772040212,0.0022235694600731704
2005-09-01,2005-10-01,lag_2,-0.0031714662882169,0.0,0.0019720408772040212,0.0022235694600731704
2005-09-01,2005-10-01,lag_3,0.0044875291574637,0.0,0.0019720408772040212,0.0022235694600731704
2005-09-01,2005-10-01,lag_4,0.0008997205268519,0.0,0.0019720408772040212,0.0022235694600731704
2005-09-01,2005-10-01,lag_5,0.0021501954438223,0.0,0.0019720408772040212,0.0022235694600731704
2005-09-01,2005-10-01,lag_6,-0.0013521797796176,0.0,0.0019720408772040212,0.0022235694600731704
2005-09-01,2005-10-01,lag_7,0.007232846062771,0.0,0.0019720408772040212,0.0022235694600731704
2005-09-01,2005-10-01,lag_8,0.0035900791158702,0.0,0.0019720408772040212,0.0022235694600731704
2005-09-01,2005-10-01,lag_9,0.0079362410009355,0.0,0.0019720408772040212,0.0022235694600731704
2005-09-01,2005-10-01,lag_10,0.0024803554509942,0.0,0.0019720408772040212,0.0022235694600731704
2005-09-01,2005-10-01,lag_11,0.0084953127372333,0.0,0.0019720408772040212,0.0022235694600731704
2005-09-01,2005-10-01,volatility_3m,0.011766032294266674,0.0,0.0019720408772040212,0.0022235694600731704
2005-10-01,2005-11-01,lag_0,0.0120643294072104,0.0011077656485053873,0.0018142808703636285,0.002084048379749986
2005-10-01,2005-11-01,lag_1,-0.0195638287695461,-0.002167574176760002,0.0018142808703636285,0.002084048379749986
2005-10-01,2005-11-01,lag_2,0.0032537883465622,0.0,0.0018142808703636285,0.002084048379749986
2005-10-01,2005-11-01,lag_3,-0.0031714662882169,0.0,0.0018142808703636285,0.002084048379749986
2005-10-01,2005-11-01,lag_4,0.0044875291574637,0.0,0.0018142808703636285,0.002084048379749986
2005-10-01,2005-11-01,lag_5,0.0008997205268519,0.0,0.0018142808703636285,0.002084048379749986
2005-10-01,2005-11-01,lag_6,0.0021501954438223,0.0,0.0018142808703636285,0.002084048379749986
2005-10-01,2005-11-01,lag_7,-0.0013521797796176,0.0,0.0018142808703636285,0.002084048379749986
2005-10-01,2005-11-01,lag_8,0.007232846062771,0.00019848472289872988,0.0018142808703636285,0.002084048379749986
2005-10-01,2005-11-01,lag_9,0.0035900791158702,0.0,0.0018142808703636285,0.002084048379749986
2005-10-01,2005-11-01,lag_10,0.0079362410009355,0.0,0.0018142808703636285,0.002084048379749986
2005-10-01,2005-11-01,lag_11,0.0024803554509942,0.0,0.0018142808703636285,0.002084048379749986
2005-10-01,2005-11-01,volatility_3m,0.01632283510041794,0.0005915562959695271,0.0018142808703636285,0.002084048379749986
2005-11-01,2005-12-01,lag_0,0.0111775166214949,0.0005870591510095561,0.0005775243994922789,0.002259316918379824
2005-11-01,2005-12-01,lag_1,0.0120643294072104,0.0008533832886568725,0.0005775243994922789,0.002259316918379824
2005-11-01,2005-12-01,lag_2,-0.0195638287695461,-0.0014609784517181574,0.0005775243994922789,0.002259316918379824
2005-11-01,2005-12-01,lag_3,0.0032537883465622,0.0,0.0005775243994922789,0.002259316918379824
2005-11-01,2005-12-01,lag_4,-0.0031714662882169,-0.00023888299510503716,0.0005775243994922789,0.002259316918379824
2005-11-01,2005-12-01,lag_5,0.0044875291574637,0.0,0.0005775243994922789,0.002259316918379824
2005-11-01,2005-12-01,lag_6,0.0008997205268519,0.0,0.0005775243994922789,0.002259316918379824
2005-11-01,2005-12-01,lag_7,0.0021501954438223,0.0,0.0005775243994922789,0.002259316918379824
2005-11-01,2005-12-01,lag_8,-0.0013521797796176,-0.0001950736449082783,0.0005775243994922789,0.002259316918379824
2005-11-01,2005-12-01,lag_9,0.007232846062771,0.0,0.0005775243994922789,0.002259316918379824
2005-11-01,2005-12-01,lag_10,0.0035900791158702,0.0,0.0005775243994922789,0.002259316918379824
2005-11-01,2005-12-01,lag_11,0.0079362410009355,0.0,0.0005775243994922789,0.002259316918379824
2005-11-01,2005-12-01,volatility_3m,0.017960942401264772,-0.0012272998668225008,0.0005775243994922789,0.002259316918379824
2005-12-01,2006-01-01,lag_0,0.0051516935642315,0.0001971457624903027,0.002505947174346124,0.0022015882498963657
2005-12-01,2006-01-01,lag_1,0.0111775166214949,0.00039010589819793597,0.002505947174346124,0.0022015882498963657
2005-12-01,2006-01-01,lag_2,0.0120643294072104,0.00033770725938764697,0.002505947174346124,0.0022015882498963657
2005-12-01,2006-01-01,lag_3,-0.0195638287695461,-0.0006205999956261273,0.002505947174346124,0.0022015882498963657
2005-12-01,2006-01-01,lag_4,0.0032537883465622,0.0,0.002505947174346124,0.0022015882498963657
2005-12-01,2006-01-01,lag_5,-0.0031714662882169,0.0,0.002505947174346124,0.0022015882498963657
2005-12-01,2006-01-01,lag_6,0.0044875291574637,0.0,0.002505947174346124,0.0022015882498963657
2005-12-01,2006-01-01,lag_7,0.0008997205268519,0.0,0.002505947174346124,0.0022015882498963657
2005-12-01,2006-01-01,lag_8,0.0021501954438223,0.0,0.002505947174346124,0.0022015882498963657
2005-12-01,2006-01-01,lag_9,-0.0013521797796176,0.0,0.002505947174346124,0.0022015882498963657
2005-12-01,2006-01-01,lag_10,0.007232846062771,0.0,0.002505947174346124,0.0022015882498963657
2005-12-01,2006-01-01,lag_11,0.0035900791158702,0.0,0.002505947174346124,0.0022015882498963657
2005-12-01,2006-01-01,volatility_3m,0.0037612390407947643,0.0,0.002505947174346124,0.0022015882498963657
2006-01-01,2006-02-01,lag_0,0.0015766002009156,0.0,0.0024117477212896284,0.0022231050615069297
2006-01-01,2006-02-01,lag_1,0.0051516935642315,0.0,0.0024117477212896284,0.0022231050615069297
2006-01-01,2006-02-01,lag_2,0.0111775166214949,0.00018864265978269868,0.0024117477212896284,0.0022231050615069297
2006-01-01,2006-02-01,lag_3,0.0120643294072104,0.0,0.0024117477212896284,0.0022231050615069297
2006-01-01,2006-02-01,lag_4,-0.0195638287695461,0.0,0.0024117477212896284,0.0022231050615069297
2006-01-01,2006-02-01,lag_5,0.0032537883465622,0.0,0.0024117477212896284,0.0022231050615069297
2006-01-01,2006-02-01,lag_6,-0.0031714662882169,0.0,0.0024117477212896284,0.0022231050615069297
2006-01-01,2006-02-01,lag_7,0.0044875291574637,0.0,0.0024117477212896284,0.0022231050615069297
2006-01-01,2006-02-01,lag_8,0.0008997205268519,0.0,0.0024117477212896284,0.0022231050615069297
2006-01-01,2006-02-01,lag_9,0.0021501954438223,0.0,0.0024117477212896284,0.0022231050615069297
2006-01-01,2006-02-01,lag_10,-0.0013521797796176,0.0,0.0024117477212896284,0.0022231050615069297
2006-01-01,2006-02-01,lag_11,0.007232846062771,0.0,0.0024117477212896284,0.0022231050615069297
2006-01-01,2006-02-01,volatility_3m,0.004852309281651742,0.0,0.0024117477212896284,0.0022231050615069297
2006-02-01,2006-03-01,lag_0,0.0004215001803382,0.0,0.0020645201546228217,0.0019275412397711767
2006-02-01,2006-03-01,lag_1,0.0015766002009156,0.0,0.0020645201546228217,0.0019275412397711767
2006-02-01,2006-03-01,lag_2,0.0051516935642315,4.744155547070259e-05,0.0020645201546228217,0.0019275412397711767
2006-02-01,2006-03-01,lag_3,0.0111775166214949,8.953735938094242e-05,0.0020645201546228217,0.0019275412397711767
2006-02-01,2006-03-01,lag_4,0.0120643294072104,0.0,0.0020645201546228217,0.0019275412397711767
2006-02-01,2006-03-01,lag_5,-0.0195638287695461,0.0,0.0020645201546228217,0.0019275412397711767
2006-02-01,2006-03-01,lag_6,0.0032537883465622,0.0,0.0020645201546228217,0.0019275412397711767
2006-02-01,2006-03-01,lag_7,-0.0031714662882169,0.0,0.0020645201546228217,0.0019275412397711767
2006-02-01,2006-03-01,lag_8,0.0044875291574637,0.0,0.0020645201546228217,0.0019275412397711767
2006-02-01,2006-03-01,lag_9,0.0008997205268519,0.0,0.0020645201546228217,0.0019275412397711767
2006-02-01,2006-03-01,lag_10,0.0021501954438223,0.0,0.0020645201546228217,0.0019275412397711767
2006-02-01,2006-03-01,lag_11,-0.0013521797796176,0.0,0.0020645201546228217,0.0019275412397711767
2006-02-01,2006-03-01,volatility_3m,0.002466112935471233,0.0,0.0020645201546228217,0.0019275412397711767
2006-03-01,2006-04-01,lag_0,0.002252114659746,0.0,0.002133031093038298,0.0021481957718355745
2006-03-01,2006-04-01,lag_1,0.0004215001803382,0.0,0.002133031093038298,0.0021481957718355745
2006-03-01,2006-04-01,lag_2,0.0015766002009156,0.0,0.002133031093038298,0.0021481957718355745
2006-03-01,2006-04-01,lag_3,0.0051516935642315,0.0,0.002133031093038298,0.0021481957718355745
2006-03-01,2006-04-01,lag_4,0.0111775166214949,0.0,0.002133031093038298,0.0021481957718355745
2006-03-01,2006-04-01,lag_5,0.0120643294072104,0.0,0.002133031093038298,0.0021481957718355745
2006-03-01,2006-04-01,lag_6,-0.0195638287695461,0.0,0.002133031093038298,0.0021481957718355745
2006-03-01,2006-04-01,lag_7,0.0032537883465622,0.0,0.002133031093038298,0.0021481957718355745
2006-03-01,2006-04-01,lag_8,-0.0031714662882169,0.0,0.002133031093038298,0.0021481957718355745
2006-03-01,2006-04-01,lag_9,0.0044875291574637,0.0,0.002133031093038298,0.0021481957718355745
2006-03-01,2006-04-01,lag_10,0.0008997205268519,0.0,0.002133031093038298,0.0021481957718355745
2006-03-01,2006-04-01,lag_11,0.0021501954438223,0.0,0.002133031093038298,0.0021481957718355745
2006-03-01,2006-04-01,volatility_3m,0.0009257182089099188,0.0,0.002133031093038298,0.0021481957718355745
2006-04-01,2006-05-01,lag_0,0.0030320784432706,0.0,0.002276858483152064,0.0020676725954490477
2006-04-01,2006-05-01,lag_1,0.002252114659746,0.0,0.002276858483152064,0.0020676725954490477
2006-04-01,2006-05-01,lag_2,0.0004215001803382,0.0,0.002276858483152064,0.0020676725954490477
2006-04-01,2006-05-01,lag_3,0.0015766002009156,0.0,0.002276858483152064,0.0020676725954490477
2006-04-01,2006-05-01,lag_4,0.0051516935642315,0.0,0.002276858483152064,0.0020676725954490477
2006-04-01,2006-05-01,lag_5,0.0111775166214949,0.00013514193789208317,0.002276858483152064,0.0020676725954490477
2006-04-01,2006-05-01,lag_6,0.0120643294072104,7.404394981093315e-05,0.002276858483152064,0.0020676725954490477
2006-04-01,2006-05-01,lag_7,-0.0195638287695461,0.0,0.002276858483152064,0.0020676725954490477
2006-04-01,2006-05-01,lag_8,0.0032537883465622,0.0,0.002276858483152064,0.0020676725954490477
2006-04-01,2006-05-01,lag_9,-0.0031714662882169,0.0,0.002276858483152064,0.0020676725954490477
2006-04-01,2006-05-01,lag_10,0.0044875291574637,0.0,0.002276858483152064,0.0020676725954490477
2006-04-01,2006-05-01,lag_11,0.0008997205268519,0.0,0.002276858483152064,0.0020676725954490477
2006-04-01,2006-05-01,volatility_3m,0.0013400629178464375,0.0,0.002276858483152064,0.0020676725954490477
2006-05-01,2006-06-01,lag_0,0.0002541145564114,0.0,0.001385851369317191,0.0018934668657676818
2006-05-01,2006-06-01,lag_1,0.0030320784432706,0.0,0.001385851369317191,0.0018934668657676818
2006-05-01,2006-06-01,lag_2,0.002252114659746,0.0,0.001385851369317191,0.0018934668657676818
2006-05-01,2006-06-01,lag_3,0.0004215001803382,0.0,0.001385851369317191,0.0018934668657676818
2006-05-01,2006-06-01,lag_4,0.0015766002009156,0.0,0.001385851369317191,0.0018934668657676818
2006-05-01,2006-06-01,lag_5,0.0051516935642315,0.0,0.001385851369317191,0.0018934668657676818
2006-05-01,2006-06-01,lag_6,0.0111775166214949,0.00033681436546557887,0.001385851369317191,0.0018934668657676818
2006-05-01,2006-06-01,lag_7,0.0120643294072104,0.0,0.001385851369317191,0.0018934668657676818
2006-05-01,2006-06-01,lag_8,-0.0195638287695461,-0.0008444298619160697,0.001385851369317191,0.0018934668657676818
2006-05-01,2006-06-01,lag_9,0.0032537883465622,0.0,0.001385851369317191,0.0018934668657676818
2006-05-01,2006-06-01,lag_10,-0.0031714662882169,0.0,0.001385851369317191,0.0018934668657676818
2006-05-01,2006-06-01,lag_11,0.0044875291574637,0.0,0.001385851369317191,0.0018934668657676818
2006-05-01,2006-06-01,volatility_3m,0.0014327962912447903,0.0,0.001385851369317191,0.0018934668657676818
2006-06-01,2006-07-01,lag_0,0.0031614092164247,6.297313376464066e-05,0.0023188867154440972,0.0020974533644343026
2006-06-01,2006-07-01,lag_1,0.0002541145564114,0.0,0.0023188867154440972,0.0020974533644343026
2006-06-01,2006-07-01,lag_2,0.0030320784432706,0.0,0.0023188867154440972,0.0020974533644343026
2006-06-01,2006-07-01,lag_3,0.002252114659746,0.0,0.0023188867154440972,0.0020974533644343026
2006-06-01,2006-07-01,lag_4,0.0004215001803382,0.0,0.0023188867154440972,0.0020974533644343026
2006-06-01,2006-07-01,lag_5,0.0015766002009156,0.0,0.0023188867154440972,0.0020974533644343026
2006-06-01,2006-07-01,lag_6,0.0051516935642315,0.0,0.0023188867154440972,0.0020974533644343026
2006-06-01,2006-07-01,lag_7,0.0111775166214949,8.060910257160617e-05,0.0023188867154440972,0.0020974533644343026
2006-06-01,2006-07-01,lag_8,0.0120643294072104,7.78511146735478e-05,0.0023188867154440972,0.0020974533644343026
2006-06-01,2006-07-01,lag_9,-0.0195638287695461,0.0,0.0023188867154440972,0.0020974533644343026
2006-06-01,2006-07-01,lag_10,0.0032537883465622,0.0,0.0023188867154440972,0.0020974533644343026
2006-06-01,2006-07-01,lag_11,-0.0031714662882169,0.0,0.0023188867154440972,0.0020974533644343026
2006-06-01,2006-07-01,volatility_3m,0.0016424662373861428,0.0,0.0023188867154440972,0.0020974533644343026
2006-07-01,2006-08-01,lag_0,-0.0005127465055316,0.0,0.0022753013972335494,0.0020075370554414546
2006-07-01,2006-08-01,lag_1,0.0031614092164247,0.0,0.0022753013972335494,0.0020075370554414546
2006-07-01,2006-08-01,lag_2,0.0002541145564114,0.0,0.0022753013972335494,0.0020075370554414546
2006-07-01,2006-08-01,lag_3,0.0030320784432706,0.0,0.0022753013972335494,0.0020075370554414546
2006-07-01,2006-08-01,lag_4,0.002252114659746,0.0,0.0022753013972335494,0.0020075370554414546
2006-07-01,2006-08-01,lag_5,0.0004215001803382,0.0,0.0022753013972335494,0.0020075370554414546
2006-07-01,2006-08-01,lag_6,0.0015766002009156,0.0,0.0022753013972335494,0.0020075370554414546
2006-07-01,2006-08-01,lag_7,0.0051516935642315,0.0,0.0022753013972335494,0.0020075370554414546
2006-07-01,2006-08-01,lag_8,0.0111775166214949,0.00015079816804084177,0.0022753013972335494,0.0020075370554414546
2006-07-01,2006-08-01,lag_9,0.0120643294072104,0.0,0.0022753013972335494,0.0020075370554414546
2006-07-01,2006-08-01,lag_10,-0.0195638287695461,0.00011696617375125305,0.0022753013972335494,0.0020075370554414546
2006-07-01,2006-08-01,lag_11,0.0032537883465622,0.0,0.0022753013972335494,0.0020075370554414546
2006-07-01,2006-08-01,volatility_3m,0.0019382061464857316,0.0,0.0022753013972335494,0.0020075370554414546
2006-08-01,2006-09-01,lag_0,0.0043791388783338,0.00018433657838936858,0.002381160764878619,0.0017870123427313474
2006-08-01,2006-09-01,lag_1,-0.0005127465055316,0.0,0.002381160764878619,0.0017870123427313474
2006-08-01,2006-09-01,lag_2,0.0031614092164247,0.0,0.002381160764878619,0.0017870123427313474
2006-08-01,2006-09-01,lag_3,0.0002541145564114,0.0,0.002381160764878619,0.0017870123427313474
2006-08-01,2006-09-01,lag_4,0.0030320784432706,0.0,0.002381160764878619,0.0017870123427313474
2006-08-01,2006-09-01,lag_5,0.002252114659746,0.0,0.002381160764878619,0.0017870123427313474
2006-08-01,2006-09-01,lag_6,0.0004215001803382,0.0,0.002381160764878619,0.0017870123427313474
2006-08-01,2006-09-01,lag_7,0.0015766002009156,0.0,0.002381160764878619,0.0017870123427313474
2006-08-01,2006-09-01,lag_8,0.0051516935642315,6.014034308897465e-05,0.002381160764878619,0.0017870123427313474
2006-08-01,2006-09-01,lag_9,0.0111775166214949,0.00030218527015917824,0.002381160764878619,0.0017870123427313474
2006-08-01,2006-09-01,lag_10,0.0120643294072104,4.748623050975019e-05,0.002381160764878619,0.0017870123427313474
2006-08-01,2006-09-01,lag_11,-0.0195638287695461,0.0,0.002381160764878619,0.0017870123427313474
2006-08-01,2006-09-01,volatility_3m,0.00254665887021778,0.0,0.002381160764878619,0.0017870123427313474
2006-09-01,2006-10-01,lag_0,-0.0016629623569395,-0.00020528289807007546,0.001516767338841143,0.0019274659840074605
2006-09-01,2006-10-01,lag_1,0.0043791388783338,0.0,0.001516767338841143,0.0019274659840074605
2006-09-01,2006-10-01,lag_2,-0.0005127465055316,0.0,0.001516767338841143,0.0019274659840074605
2006-09-01,2006-10-01,lag_3,0.0031614092164247,0.0,0.001516767338841143,0.0019274659840074605
2006-09-01,2006-10-01,lag_4,0.0002541145564114,0.0,0.001516767338841143,0.0019274659840074605
2006-09-01,2006-10-01,lag_5,0.0030320784432706,0.0,0.001516767338841143,0.0019274659840074605
2006-09-01,2006-10-01,lag_6,0.002252114659746,0.0,0.001516767338841143,0.0019274659840074605
2006-09-01,2006-10-01,lag_7,0.0004215001803382,0.0,0.001516767338841143,0.0019274659840074605
2006-09-01,2006-10-01,lag_8,0.0015766002009156,0.0,0.001516767338841143,0.0019274659840074605
2006-09-01,2006-10-01,lag_9,0.0051516935642315,0.0,0.001516767338841143,0.0019274659840074605
2006-09-01,2006-10-01,lag_10,0.0111775166214949,-0.00016197443564729052,0.001516767338841143,0.0019274659840074605
2006-09-01,2006-10-01,lag_11,0.0120643294072104,0.0,0.001516767338841143,0.0019274659840074605
2006-09-01,2006-10-01,volatility_3m,0.0032083361848731155,-4.344131144895145e-05,0.001516767338841143,0.0019274659840074605
2006-10-01,2006-11-01,lag_0,-0.0011474759561265,-0.0001642885007341134,0.0016277163828043034,0.0020216288389721063
2006-10-01,2006-11-01,lag_1,-0.0016629623569395,-0.00013853484689663317,0.0016277163828043034,0.0020216288389721063
2006-10-01,2006-11-01,lag_2,0.0043791388783338,0.0,0.0016277163828043034,0.0020216288389721063
2006-10-01,2006-11-01,lag_3,-0.0005127465055316,0.0,0.0016277163828043034,0.0020216288389721063
2006-10-01,2006-11-01,lag_4,0.0031614092164247,0.0,0.0016277163828043034,0.0020216288389721063
2006-10-01,2006-11-01,lag_5,0.0002541145564114,0.0,0.0016277163828043034,0.0020216288389721063
2006-10-01,2006-11-01,lag_6,0.0030320784432706,0.0,0.0016277163828043034,0.0020216288389721063
2006-10-01,2006-11-01,lag_7,0.002252114659746,0.0,0.0016277163828043034,0.0020216288389721063
2006-10-01,2006-11-01,lag_8,0.0004215001803382,0.0,0.0016277163828043034,0.0020216288389721063
2006-10-01,2006-11-01,lag_9,0.0015766002009156,0.0,0.0016277163828043034,0.0020216288389721063
2006-10-01,2006-11-01,lag_10,0.0051516935642315,0.0,0.0016277163828043034,0.0020216288389721063
2006-10-01,2006-11-01,lag_11,0.0111775166214949,-9.108910853705633e-05,0.0016277163828043034,0.0020216288389721063
2006-10-01,2006-11-01,volatility_3m,0.00334953193484281,0.0,0.0016277163828043034,0.0020216288389721063
2006-11-01,2006-12-01,lag_0,-0.0004204326283367,-0.00015862446369429737,0.0014558135424212375,0.002080138308776847
2006-11-01,2006-12-01,lag_1,-0.0011474759561265,-0.00011551189812086049,0.0014558135424212375,0.002080138308776847
2006-11-01,2006-12-01,lag_2,-0.0016629623569395,-0.00010433513919785007,0.0014558135424212375,0.002080138308776847
2006-11-01,2006-12-01,lag_3,0.0043791388783338,0.0,0.0014558135424212375,0.002080138308776847
2006-11-01,2006-12-01,lag_4,-0.0005127465055316,0.0,0.0014558135424212375,0.002080138308776847
2006-11-01,2006-12-01,lag_5,0.0031614092164247,0.0,0.0014558135424212375,0.002080138308776847
2006-11-01,2006-12-01,lag_6,0.0002541145564114,0.0,0.0014558135424212375,0.002080138308776847
2006-11-01,2006-12-01,lag_7,0.0030320784432706,0.0,0.0014558135424212375,0.002080138308776847
2006-11-01,2006-12-01,lag_8,0.002252114659746,0.0,0.0014558135424212375,0.002080138308776847
2006-11-01,2006-12-01,lag_9,0.0004215001803382,0.0,0.0014558135424212375,0.002080138308776847
2006-11-01,2006-12-01,lag_10,0.0015766002009156,0.0,0.0014558135424212375,0.002080138308776847
2006-11-01,2006-12-01,lag_11,0.0051516935642315,-6.106516013198397e-05,0.0014558135424212375,0.002080138308776847
2006-11-01,2006-12-01,volatility_3m,0.0006917449370065758,-0.0001847881052106175,0.0014558135424212375,0.002080138308776847
2006-12-01,2007-01-01,lag_0,0.0101417470966893,1.849998726293888e-05,0.002059831290094231,0.002041331302831292
2006-12-01,2007-01-01,lag_1,-0.0004204326283367,0.0,0.002059831290094231,0.002041331302831292
2006-12-01,2007-01-01,lag_2,-0.0011474759561265,0.0,0.002059831290094231,0.002041331302831292
2006-12-01,2007-01-01,lag_3,-0.0016629623569395,0.0,0.002059831290094231,0.002041331302831292
2006-12-01,2007-01-01,lag_4,0.0043791388783338,0.0,0.002059831290094231,0.002041331302831292
2006-12-01,2007-01-01,lag_5,-0.0005127465055316,0.0,0.002059831290094231,0.002041331302831292
2006-12-01,2007-01-01,lag_6,0.0031614092164247,0.0,0.002059831290094231,0.002041331302831292
2006-12-01,2007-01-01,lag_7,0.0002541145564114,0.0,0.002059831290094231,0.002041331302831292
2006-12-01,2007-01-01,lag_8,0.0030320784432706,0.0,0.002059831290094231,0.002041331302831292
2006-12-01,2007-01-01,lag_9,0.002252114659746,0.0,0.002059831290094231,0.002041331302831292
2006-12-01,2007-01-01,lag_10,0.0004215001803382,0.0,0.002059831290094231,0.002041331302831292
2006-12-01,2007-01-01,lag_11,0.0015766002009156,0.0,0.002059831290094231,0.002041331302831292
2006-12-01,2007-01-01,volatility_3m,0.006318422662875887,0.0,0.002059831290094231,0.002041331302831292
2007-01-01,2007-02-01,lag_0,-0.0033888659943164,0.0,0.0021436111115659437,0.0021238617692867223
2007-01-01,2007-02-01,lag_1,0.0101417470966893,0.0,0.0021436111115659437,0.0021238617692867223
2007-01-01,2007-02-01,lag_2,-0.0004204326283367,0.0,0.0021436111115659437,0.0021238617692867223
2007-01-01,2007-02-01,lag_3,-0.0011474759561265,0.0,0.0021436111115659437,0.0021238617692867223
2007-01-01,2007-02-01,lag_4,-0.0016629623569395,0.0,0.0021436111115659437,0.0021238617692867223
2007-01-01,2007-02-01,lag_5,0.0043791388783338,0.0,0.0021436111115659437,0.0021238617692867223
2007-01-01,2007-02-01,lag_6,-0.0005127465055316,0.0,0.0021436111115659437,0.0021238617692867223
2007-01-01,2007-02-01,lag_7,0.0031614092164247,0.0,0.0021436111115659437,0.0021238617692867223
2007-01-01,2007-02-01,lag_8,0.0002541145564114,0.0,0.0021436111115659437,0.0021238617692867223
2007-01-01,2007-02-01,lag_9,0.0030320784432706,0.0,0.0021436111115659437,0.0021238617692867223
2007-01-01,2007-02-01,lag_10,0.002252114659746,0.0,0.0021436111115659437,0.0021238617692867223
2007-01-01,2007-02-01,lag_11,0.0004215001803382,0.0,0.0021436111115659437,0.0021238617692867223
2007-01-01,2007-02-01,volatility_3m,0.007111595318099716,0.0,0.0021436111115659437,0.0021238617692867223
2007-02-01,2007-03-01,lag_0,0.0093784693076743,0.00025389204017582515,0.0024595380013708147,0.0021067504601282516
2007-02-01,2007-03-01,lag_1,-0.0033888659943164,0.0,0.0024595380013708147,0.0021067504601282516
2007-02-01,2007-03-01,lag_2,0.0101417470966893,9.889550106673801e-05,0.0024595380013708147,0.0021067504601282516
2007-02-01,2007-03-01,lag_3,-0.0004204326283367,0.0,0.0024595380013708147,0.0021067504601282516
2007-02-01,2007-03-01,lag_4,-0.0011474759561265,0.0,0.0024595380013708147,0.0021067504601282516
2007-02-01,2007-03-01,lag_5,-0.0016629623569395,0.0,0.0024595380013708147,0.0021067504601282516
2007-02-01,2007-03-01,lag_6,0.0043791388783338,0.0,0.0024595380013708147,0.0021067504601282516
2007-02-01,2007-03-01,lag_7,-0.0005127465055316,0.0,0.0024595380013708147,0.0021067504601282516
2007-02-01,2007-03-01,lag_8,0.0031614092164247,0.0,0.0024595380013708147,0.0021067504601282516
2007-02-01,2007-03-01,lag_9,0.0002541145564114,0.0,0.0024595380013708147,0.0021067504601282516
2007-02-01,2007-03-01,lag_10,0.0030320784432706,0.0,0.0024595380013708147,0.0021067504601282516
2007-02-01,2007-03-01,lag_11,0.002252114659746,0.0,0.0024595380013708147,0.0021067504601282516
2007-02-01,2007-03-01,volatility_3m,0.007601150508477389,0.0,0.0024595380013708147,0.0021067504601282516
2007-03-01,2007-04-01,lag_0,0.0017786154493029,0.0,0.0024611108434695844,0.0020533174240400538
2007-03-01,2007-04-01,lag_1,0.0093784693076743,0.0002637154361405919,0.0024611108434695844,0.0020533174240400538
2007-03-01,2007-04-01,lag_2,-0.0033888659943164,0.0,0.0024611108434695844,0.0020533174240400538
2007-03-01,2007-04-01,lag_3,0.0101417470966893,0.00014407798328893877,0.0024611108434695844,0.0020533174240400538
2007-03-01,2007-04-01,lag_4,-0.0004204326283367,0.0,0.0024611108434695844,0.0020533174240400538
2007-03-01,2007-04-01,lag_5,-0.0011474759561265,0.0,0.0024611108434695844,0.0020533174240400538
2007-03-01,2007-04-01,lag_6,-0.0016629623569395,0.0,0.0024611108434695844,0.0020533174240400538
2007-03-01,2007-04-01,lag_7,0.0043791388783338,0.0,0.0024611108434695844,0.0020533174240400538
2007-03-01,2007-04-01,lag_8,-0.0005127465055316,0.0,0.0024611108434695844,0.0020533174240400538
2007-03-01,2007-04-01,lag_9,0.0031614092164247,0.0,0.0024611108434695844,0.0020533174240400538
2007-03-01,2007-04-01,lag_10,0.0002541145564114,0.0,0.0024611108434695844,0.0020533174240400538
2007-03-01,2007-04-01,lag_11,0.0030320784432706,0.0,0.0024611108434695844,0.0020533174240400538
2007-03-01,2007-04-01,volatility_3m,0.0064221685570660944,0.0,0.0024611108434695844,0.0020533174240400538
2007-04-01,2007-05-01,lag_0,0.0067003199017525,8.889351484606228e-05,0.002762935484114726,0.002117456396875951
2007-04-01,2007-05-01,lag_1,0.0017786154493029,0.0,0.002762935484114726,0.002117456396875951
2007-04-01,2007-05-01,lag_2,0.0093784693076743,0.0003773005076861453,0.002762935484114726,0.002117456396875951
2007-04-01,2007-05-01,lag_3,-0.0033888659943164,0.0,0.002762935484114726,0.002117456396875951
2007-04-01,2007-05-01,lag_4,0.0101417470966893,0.00011078362230909294,0.002762935484114726,0.002117456396875951
2007-04-01,2007-05-01,lag_5,-0.0004204326283367,0.0,0.002762935484114726,0.002117456396875951
2007-04-01,2007-05-01,lag_6,-0.0011474759561265,6.850144239747423e-05,0.002762935484114726,0.002117456396875951
2007-04-01,2007-05-01,lag_7,-0.0016629623569395,0.0,0.002762935484114726,0.002117456396875951
2007-04-01,2007-05-01,lag_8,0.0043791388783338,0.0,0.002762935484114726,0.002117456396875951
2007-04-01,2007-05-01,lag_9,-0.0005127465055316,0.0,0.002762935484114726,0.002117456396875951
2007-04-01,2007-05-01,lag_10,0.0031614092164247,0.0,0.002762935484114726,0.002117456396875951
2007-04-01,2007-05-01,lag_11,0.0002541145564114,0.0,0.002762935484114726,0.002117456396875951
2007-04-01,2007-05-01,volatility_3m,0.0038547251874875193,0.0,0.002762935484114726,0.002117456396875951
2007-05-01,2007-06-01,lag_0,0.0009559214748104,0.0,0.0024480288270584765,0.002069519004693119
2007-05-01,2007-06-01,lag_1,0.0067003199017525,0.00016289073085509244,0.0024480288270584765,0.002069519004693119
2007-05-01,2007-06-01,lag_2,0.0017786154493029,0.0,0.0024480288270584765,0.002069519004693119
2007-05-01,2007-06-01,lag_3,0.0093784693076743,0.0002156190915102652,0.0024480288270584765,0.002069519004693119
2007-05-01,2007-06-01,lag_4,-0.0033888659943164,0.0,0.0024480288270584765,0.002069519004693119
2007-05-01,2007-06-01,lag_5,0.0101417470966893,0.0,0.0024480288270584765,0.002069519004693119
2007-05-01,2007-06-01,lag_6,-0.0004204326283367,0.0,0.0024480288270584765,0.002069519004693119
2007-05-01,2007-06-01,lag_7,-0.0011474759561265,0.0,0.0024480288270584765,0.002069519004693119
2007-05-01,2007-06-01,lag_8,-0.0016629623569395,0.0,0.0024480288270584765,0.002069519004693119
2007-05-01,2007-06-01,lag_9,0.0043791388783338,0.0,0.0024480288270584765,0.002069519004693119
2007-05-01,2007-06-01,lag_10,-0.0005127465055316,0.0,0.0024480288270584765,0.002069519004693119
2007-05-01,2007-06-01,lag_11,0.0031614092164247,0.0,0.0024480288270584765,0.002069519004693119
2007-05-01,2007-06-01,volatility_3m,0.0031063943026276015,0.0,0.0024480288270584765,0.002069519004693119
2007-06-01,2007-07-01,lag_0,0.0005768477837078,0.0,0.00208953294950182,0.001395161701152941
2007-06-01,2007-07-01,lag_1,0.0009559214748104,0.0,0.00208953294950182,0.001395161701152941
2007-06-01,2007-07-01,lag_2,0.0067003199017525,0.0007055893054642533,0.00208953294950182,0.001395161701152941
2007-06-01,2007-07-01,lag_3,0.0017786154493029,0.0,0.00208953294950182,0.001395161701152941
2007-06-01,2007-07-01,lag_4,0.0093784693076743,0.0003269773194188967,0.00208953294950182,0.001395161701152941
2007-06-01,2007-07-01,lag_5,-0.0033888659943164,0.0,0.00208953294950182,0.001395161701152941
2007-06-01,2007-07-01,lag_6,0.0101417470966893,0.0,0.00208953294950182,0.001395161701152941
2007-06-01,2007-07-01,lag_7,-0.0004204326283367,0.0,0.00208953294950182,0.001395161701152941
2007-06-01,2007-07-01,lag_8,-0.0011474759561265,0.0,0.00208953294950182,0.001395161701152941
2007-06-01,2007-07-01,lag_9,-0.0016629623569395,-0.0003381953765342711,0.00208953294950182,0.001395161701152941
2007-06-01,2007-07-01,lag_10,0.0043791388783338,0.0,0.00208953294950182,0.001395161701152941
2007-06-01,2007-07-01,lag_11,-0.0005127465055316,0.0,0.00208953294950182,0.001395161701152941
2007-06-01,2007-07-01,volatility_3m,0.003431198064117252,0.0,0.00208953294950182,0.001395161701152941
2007-07-01,2007-08-01,lag_0,-0.0012002567099926,-0.000434424798697486,0.00046277170174035187,0.0014226751023850967
2007-07-01,2007-08-01,lag_1,0.0005768477837078,0.0,0.00046277170174035187,0.0014226751023850967
2007-07-01,2007-08-01,lag_2,0.0009559214748104,0.0,0.00046277170174035187,0.0014226751023850967
2007-07-01,2007-08-01,lag_3,0.0067003199017525,0.00041766014047340253,0.00046277170174035187,0.0014226751023850967
2007-07-01,2007-08-01,lag_4,0.0017786154493029,0.0,0.00046277170174035187,0.0014226751023850967
2007-07-01,2007-08-01,lag_5,0.0093784693076743,0.0,0.00046277170174035187,0.0014226751023850967
2007-07-01,2007-08-01,lag_6,-0.0033888659943164,0.0,0.00046277170174035187,0.0014226751023850967
2007-07-01,2007-08-01,lag_7,0.0101417470966893,0.0003902628407948892,0.00046277170174035187,0.0014226751023850967
2007-07-01,2007-08-01,lag_8,-0.0004204326283367,-0.0002617897812368717,0.00046277170174035187,0.0014226751023850967
2007-07-01,2007-08-01,lag_9,-0.0011474759561265,-0.00016402975806112974,0.00046277170174035187,0.0014226751023850967
2007-07-01,2007-08-01,lag_10,-0.0016629623569395,0.0,0.00046277170174035187,0.0014226751023850967
2007-07-01,2007-08-01,lag_11,0.0043791388783338,-0.00016034056351986936,0.00046277170174035187,0.0014226751023850967
2007-07-01,2007-08-01,volatility_3m,0.0011511517138237878,-0.0007472414803976796,0.00046277170174035187,0.0014226751023850967
2007-08-01,2007-09-01,lag_0,0.0019240393848489,0.0,0.0003050057209933654,0.0014496475578212472
2007-08-01,2007-09-01,lag_1,-0.0012002567099926,-0.00043740495168674836,0.0003050057209933654,0.0014496475578212472
2007-08-01,2007-09-01,lag_2,0.0005768477837078,0.0,0.0003050057209933654,0.0014496475578212472
2007-08-01,2007-09-01,lag_3,0.0009559214748104,0.0,0.0003050057209933654,0.0014496475578212472
2007-08-01,2007-09-01,lag_4,0.0067003199017525,0.0,0.0003050057209933654,0.0014496475578212472
2007-08-01,2007-09-01,lag_5,0.0017786154493029,0.0,0.0003050057209933654,0.0014496475578212472
2007-08-01,2007-09-01,lag_6,0.0093784693076743,-0.00039528971911245784,0.0003050057209933654,0.0014496475578212472
2007-08-01,2007-09-01,lag_7,-0.0033888659943164,-0.00046507684068470206,0.0003050057209933654,0.0014496475578212472
2007-08-01,2007-09-01,lag_8,0.0101417470966893,0.0007012623641188982,0.0003050057209933654,0.0014496475578212472
2007-08-01,2007-09-01,lag_9,-0.0004204326283367,0.0,0.0003050057209933654,0.0014496475578212472
2007-08-01,2007-09-01,lag_10,-0.0011474759561265,0.0,0.0003050057209933654,0.0014496475578212472
2007-08-01,2007-09-01,lag_11,-0.0016629623569395,0.0,0.0003050057209933654,0.0014496475578212472
2007-08-01,2007-09-01,volatility_3m,0.0015670700728832093,-0.0005481326894628718,0.0003050057209933654,0.0014496475578212472
2007-09-01,2007-10-01,lag_0,0.0022201267844179,0.0,0.001623935930782527,0.0014395822163413084
2007-09-01,2007-10-01,lag_1,0.0019240393848489,0.0,0.001623935930782527,0.0014395822163413084
2007-09-01,2007-10-01,lag_2,-0.0012002567099926,-0.0003701185878464432,0.001623935930782527,0.0014395822163413084
2007-09-01,2007-10-01,lag_3,0.0005768477837078,0.0,0.001623935930782527,0.0014395822163413084
2007-09-01,2007-10-01,lag_4,0.0009559214748104,0.0,0.001623935930782527,0.0014395822163413084
2007-09-01,2007-10-01,lag_5,0.0067003199017525,0.0,0.001623935930782527,0.0014395822163413084
2007-09-01,2007-10-01,lag_6,0.0017786154493029,0.0,0.001623935930782527,0.0014395822163413084
2007-09-01,2007-10-01,lag_7,0.0093784693076743,0.000686485643073686,0.001623935930782527,0.0014395822163413084
2007-09-01,2007-10-01,lag_8,-0.0033888659943164,-0.0004737497157024939,0.001623935930782527,0.0014395822163413084
2007-09-01,2007-10-01,lag_9,0.0101417470966893,0.0004947162188443029,0.001623935930782527,0.0014395822163413084
2007-09-01,2007-10-01,lag_10,-0.0004204326283367,0.00025000745778120434,0.001623935930782527,0.0014395822163413084
2007-09-01,2007-10-01,lag_11,-0.0011474759561265,0.0,0.001623935930782527,0.0014395822163413084
2007-09-01,2007-10-01,volatility_3m,0.0018950777066416547,-0.0004029873017090376,0.001623935930782527,0.0014395822163413084
2007-10-01,2007-11-01,lag_0,-0.0028240612145147,-0.0008381558735540033,0.0001780017151990364,0.0014952734556860333
2007-10-01,2007-11-01,lag_1,0.0022201267844179,0.0,0.0001780017151990364,0.0014952734556860333
2007-10-01,2007-11-01,lag_2,0.0019240393848489,0.0,0.0001780017151990364,0.0014952734556860333
2007-10-01,2007-11-01,lag_3,-0.0012002567099926,-9.287909312746616e-05,0.0001780017151990364,0.0014952734556860333
2007-10-01,2007-11-01,lag_4,0.0005768477837078,0.0,0.0001780017151990364,0.0014952734556860333
2007-10-01,2007-11-01,lag_5,0.0009559214748104,0.0,0.0001780017151990364,0.0014952734556860333
2007-10-01,2007-11-01,lag_6,0.0067003199017525,-0.00032819918632271083,0.0001780017151990364,0.0014952734556860333
2007-10-01,2007-11-01,lag_7,0.0017786154493029,0.0,0.0001780017151990364,0.0014952734556860333
2007-10-01,2007-11-01,lag_8,0.0093784693076743,0.001104999295440897,0.0001780017151990364,0.0014952734556860333
2007-10-01,2007-11-01,lag_9,-0.0033888659943164,-0.0002756639102699315,0.0001780017151990364,0.0014952734556860333
2007-10-01,2007-11-01,lag_10,0.0101417470966893,-0.0006927156598265719,0.0001780017151990364,0.0014952734556860333
2007-10-01,2007-11-01,lag_11,-0.0004204326283367,0.0,0.0001780017151990364,0.0014952734556860333
2007-10-01,2007-11-01,volatility_3m,0.0028306642217695178,-0.0001946573128272104,0.0001780017151990364,0.0014952734556860333
2007-11-01,2007-12-01,lag_0,0.0053207117967142,0.0008581026293700302,0.002390339106536951,0.0014006409084319302
2007-11-01,2007-12-01,lag_1,-0.0028240612145147,-0.0007896403671415617,0.002390339106536951,0.0014006409084319302
2007-11-01,2007-12-01,lag_2,0.0022201267844179,0.0,0.002390339106536951,0.0014006409084319302
2007-11-01,2007-12-01,lag_3,0.0019240393848489,0.0,0.002390339106536951,0.0014006409084319302
2007-11-01,2007-12-01,lag_4,-0.0012002567099926,0.0,0.002390339106536951,0.0014006409084319302
2007-11-01,2007-12-01,lag_5,0.0005768477837078,0.0,0.002390339106536951,0.0014006409084319302
2007-11-01,2007-12-01,lag_6,0.0009559214748104,0.0,0.002390339106536951,0.0014006409084319302
2007-11-01,2007-12-01,lag_7,0.0067003199017525,0.0003663152492717969,0.002390339106536951,0.0014006409084319302
2007-11-01,2007-12-01,lag_8,0.0017786154493029,0.0,0.002390339106536951,0.0014006409084319302
2007-11-01,2007-12-01,lag_9,0.0093784693076743,0.0004627606048581614,0.002390339106536951,0.0014006409084319302
2007-11-01,2007-12-01,lag_10,-0.0033888659943164,0.0004153847849771898,0.002390339106536951,0.0014006409084319302
2007-11-01,2007-12-01,lag_11,0.0101417470966893,-0.0003232247032305957,0.002390339106536951,0.0014006409084319302
2007-11-01,2007-12-01,volatility_3m,0.004110855292018414,0.0,0.002390339106536951,0.0014006409084319302
2007-12-01,2008-01-01,lag_0,0.0003487607063128,0.0,0.0017624980696837665,0.0013141246309579975
2007-12-01,2008-01-01,lag_1,0.0053207117967142,0.000494244038399174,0.0017624980696837665,0.0013141246309579975
2007-12-01,2008-01-01,lag_2,-0.0028240612145147,-0.0005769388806138739,0.0017624980696837665,0.0013141246309579975
2007-12-01,2008-01-01,lag_3,0.0022201267844179,0.0,0.0017624980696837665,0.0013141246309579975
2007-12-01,2008-01-01,lag_4,0.0019240393848489,0.0,0.0017624980696837665,0.0013141246309579975
2007-12-01,2008-01-01,lag_5,-0.0012002567099926,0.0,0.0017624980696837665,0.0013141246309579975
2007-12-01,2008-01-01,lag_6,0.0005768477837078,0.0,0.0017624980696837665,0.0013141246309579975
2007-12-01,2008-01-01,lag_7,0.0009559214748104,0.0,0.0017624980696837665,0.0013141246309579975
2007-12-01,2008-01-01,lag_8,0.0067003199017525,0.0005310682809404687,0.0017624980696837665,0.0013141246309579975
2007-12-01,2008-01-01,lag_9,0.0017786154493029,0.0,0.0017624980696837665,0.0013141246309579975
2007-12-01,2008-01-01,lag_10,0.0093784693076743,0.0,0.0017624980696837665,0.0013141246309579975
2007-12-01,2008-01-01,lag_11,-0.0033888659943164,0.0,0.0017624980696837665,0.0013141246309579975
2007-12-01,2008-01-01,volatility_3m,0.0041053709534192295,0.0,0.0017624980696837665,0.0013141246309579975
2008-01-01,2008-02-01,lag_0,-0.0013243734009682,-0.0003756879359104126,0.000574753147053591,0.0014021148819801021
2008-01-01,2008-02-01,lag_1,0.0003487607063128,-0.0001781272435173111,0.000574753147053591,0.0014021148819801021
2008-01-01,2008-02-01,lag_2,0.0053207117967142,0.0006482546449212843,0.000574753147053591,0.0014021148819801021
2008-01-01,2008-02-01,lag_3,-0.0028240612145147,-0.00025271468999093935,0.000574753147053591,0.0014021148819801021
2008-01-01,2008-02-01,lag_4,0.0022201267844179,-8.50737524835896e-05,0.000574753147053591,0.0014021148819801021
2008-01-01,2008-02-01,lag_5,0.0019240393848489,0.0,0.000574753147053591,0.0014021148819801021
2008-01-01,2008-02-01,lag_6,-0.0012002567099926,0.0,0.000574753147053591,0.0014021148819801021
2008-01-01,2008-02-01,lag_7,0.0005768477837078,0.0,0.000574753147053591,0.0014021148819801021
2008-01-01,2008-02-01,lag_8,0.0009559214748104,-0.00010417834577095174,0.000574753147053591,0.0014021148819801021
2008-01-01,2008-02-01,lag_9,0.0067003199017525,0.0,0.000574753147053591,0.0014021148819801021
2008-01-01,2008-02-01,lag_10,0.0017786154493029,0.0,0.000574753147053591,0.0014021148819801021
2008-01-01,2008-02-01,lag_11,0.0093784693076743,-0.00037774652587432465,0.000574753147053591,0.0014021148819801021
2008-01-01,2008-02-01,volatility_3m,0.00345631867432071,-0.0001020878863002663,0.000574753147053591,0.0014021148819801021
2008-02-01,2008-03-01,lag_0,-0.0039296708981346,-0.000931770461584943,-0.001691556435776884,0.001269866893634913
2008-02-01,2008-03-01,lag_1,-0.0013243734009682,-0.00047484016663769315,-0.001691556435776884,0.001269866893634913
2008-02-01,2008-03-01,lag_2,0.0003487607063128,-0.0001907026467866981,-0.001691556435776884,0.001269866893634913
2008-02-01,2008-03-01,lag_3,0.0053207117967142,0.0,-0.001691556435776884,0.001269866893634913
2008-02-01,2008-03-01,lag_4,-0.0028240612145147,0.0,-0.001691556435776884,0.001269866893634913
2008-02-01,2008-03-01,lag_5,0.0022201267844179,0.0,-0.001691556435776884,0.001269866893634913
2008-02-01,2008-03-01,lag_6,0.0019240393848489,-0.00011566459693287029,-0.001691556435776884,0.001269866893634913
2008-02-01,2008-03-01,lag_7,-0.0012002567099926,-0.00012982480228520616,-0.001691556435776884,0.001269866893634913
2008-02-01,2008-03-01,lag_8,0.0005768477837078,-0.0001126415545110236,-0.001691556435776884,0.001269866893634913
2008-02-01,2008-03-01,lag_9,0.0009559214748104,-9.867678287176065e-05,-0.001691556435776884,0.001269866893634913
2008-02-01,2008-03-01,lag_10,0.0067003199017525,-0.00040992214781347577,-0.001691556435776884,0.001269866893634913
2008-02-01,2008-03-01,lag_11,0.0017786154493029,-2.7711946636399618e-05,-0.001691556435776884,0.001269866893634913
2008-02-01,2008-03-01,volatility_3m,0.002156073969959552,-0.00046966822335172597,-0.001691556435776884,0.001269866893634913
2008-03-01,2008-04-01,lag_0,-0.0030504888010822,-0.0008271453078097839,-0.0027970788461971208,0.001235719714850052
2008-03-01,2008-04-01,lag_1,-0.0039296708981346,-0.0009554128856639281,-0.0027970788461971208,0.001235719714850052
2008-03-01,2008-04-01,lag_2,-0.0013243734009682,-0.0005258490004043593,-0.0027970788461971208,0.001235719714850052
2008-03-01,2008-04-01,lag_3,0.0003487607063128,-9.183035599284262e-05,-0.0027970788461971208,0.001235719714850052
2008-03-01,2008-04-01,lag_4,0.0053207117967142,0.0,-0.0027970788461971208,0.001235719714850052
2008-03-01,2008-04-01,lag_5,-0.0028240612145147,-8.132159017942581e-05,-0.0027970788461971208,0.001235719714850052
2008-03-01,2008-04-01,lag_6,0.0022201267844179,-0.000150457373859389,-0.0027970788461971208,0.001235719714850052
2008-03-01,2008-04-01,lag_7,0.0019240393848489,0.0,-0.0027970788461971208,0.001235719714850052
2008-03-01,2008-04-01,lag_8,-0.0012002567099926,-0.0003005028497989402,-0.0027970788461971208,0.001235719714850052
2008-03-01,2008-04-01,lag_9,0.0005768477837078,-0.00010278642168261984,-0.0027970788461971208,0.001235719714850052
2008-03-01,2008-04-01,lag_10,0.0009559214748104,0.0,-0.0027970788461971208,0.001235719714850052
2008-03-01,2008-04-01,lag_11,0.0067003199017525,-0.00029062767692080295,-0.0027970788461971208,0.001235719714850052
2008-03-01,2008-04-01,volatility_3m,0.0013253936888732141,-0.0007068650987350815,-0.0027970788461971208,0.001235719714850052
2008-04-01,2008-05-01,lag_0,-0.0064729557901257,-0.0011125421502504258,-0.0023147811194324484,0.0012170790799239286
2008-04-01,2008-05-01,lag_1,-0.0030504888010822,-0.000681918733868299,-0.0023147811194324484,0.0012170790799239286
2008-04-01,2008-05-01,lag_2,-0.0039296708981346,-0.000874493308048364,-0.0023147811194324484,0.0012170790799239286
2008-04-01,2008-05-01,lag_3,-0.0013243734009682,-0.00010760054600125498,-0.0023147811194324484,0.0012170790799239286
2008-04-01,2008-05-01,lag_4,0.0003487607063128,-5.9222629348539696e-05,-0.0023147811194324484,0.0012170790799239286
2008-04-01,2008-05-01,lag_5,0.0053207117967142,0.0,-0.0023147811194324484,0.0012170790799239286
2008-04-01,2008-05-01,lag_6,-0.0028240612145147,0.0,-0.0023147811194324484,0.0012170790799239286
2008-04-01,2008-05-01,lag_7,0.0022201267844179,0.0,-0.0023147811194324484,0.0012170790799239286
2008-04-01,2008-05-01,lag_8,0.0019240393848489,0.0,-0.0023147811194324484,0.0012170790799239286
2008-04-01,2008-05-01,lag_9,-0.0012002567099926,0.0,-0.0023147811194324484,0.0012170790799239286
2008-04-01,2008-05-01,lag_10,0.0005768477837078,0.0,-0.0023147811194324484,0.0012170790799239286
2008-04-01,2008-05-01,lag_11,0.0009559214748104,0.0,-0.0023147811194324484,0.0012170790799239286
2008-04-01,2008-05-01,volatility_3m,0.0017773828837507183,-0.0006960828318394939,-0.0023147811194324484,0.0012170790799239286
2008-05-01,2008-06-01,lag_0,-0.0060762051840335,-0.0012273652564280151,-0.003939233898099653,0.00104618001637311
2008-05-01,2008-06-01,lag_1,-0.0064729557901257,-0.0014067455591130374,-0.003939233898099653,0.00104618001637311
2008-05-01,2008-06-01,lag_2,-0.0030504888010822,-0.000632737587526955,-0.003939233898099653,0.00104618001637311
2008-05-01,2008-06-01,lag_3,-0.0039296708981346,-0.0003124537564434188,-0.003939233898099653,0.00104618001637311
2008-05-01,2008-06-01,lag_4,-0.0013243734009682,-0.00016265802655956364,-0.003939233898099653,0.00104618001637311
2008-05-01,2008-06-01,lag_5,0.0003487607063128,0.0,-0.003939233898099653,0.00104618001637311
2008-05-01,2008-06-01,lag_6,0.0053207117967142,-0.00031709498896567874,-0.003939233898099653,0.00104618001637311
2008-05-01,2008-06-01,lag_7,-0.0028240612145147,-0.000230137278292359,-0.003939233898099653,0.00104618001637311
2008-05-01,2008-06-01,lag_8,0.0022201267844179,0.0,-0.003939233898099653,0.00104618001637311
2008-05-01,2008-06-01,lag_9,0.0019240393848489,-9.527026285268119e-05,-0.003939233898099653,0.00104618001637311
2008-05-01,2008-06-01,lag_10,-0.0012002567099926,0.0,-0.003939233898099653,0.00104618001637311
2008-05-01,2008-06-01,lag_11,0.0005768477837078,0.0,-0.003939233898099653,0.00104618001637311
2008-05-01,2008-06-01,volatility_3m,0.0018719709294656483,-0.0006009511982910538,-0.003939233898099653,0.00104618001637311
2008-06-01,2008-07-01,lag_0,-0.0023354873224965,-0.0005791669253434353,-0.0031952214236849,0.000981588994423897
2008-06-01,2008-07-01,lag_1,-0.0060762051840335,-0.0009718107765050322,-0.0031952214236849,0.000981588994423897
2008-06-01,2008-07-01,lag_2,-0.0064729557901257,-0.001263828126653275,-0.0031952214236849,0.000981588994423897
2008-06-01,2008-07-01,lag_3,-0.0030504888010822,-0.00025143850793394587,-0.0031952214236849,0.000981588994423897
2008-06-01,2008-07-01,lag_4,-0.0039296708981346,-0.000190686346767675,-0.0031952214236849,0.000981588994423897
2008-06-01,2008-07-01,lag_5,-0.0013243734009682,-4.663927993984606e-05,-0.0031952214236849,0.000981588994423897
2008-06-01,2008-07-01,lag_6,0.0003487607063128,-3.793475163236474e-05,-0.0031952214236849,0.000981588994423897
2008-06-01,2008-07-01,lag_7,0.0053207117967142,0.0,-0.0031952214236849,0.000981588994423897
2008-06-01,2008-07-01,lag_8,-0.0028240612145147,-0.0002990400414072552,-0.0031952214236849,0.000981588994423897
2008-06-01,2008-07-01,lag_9,0.0022201267844179,-5.645886036247472e-05,-0.0031952214236849,0.000981588994423897
2008-06-01,2008-07-01,lag_10,0.0019240393848489,0.0,-0.0031952214236849,0.000981588994423897
2008-06-01,2008-07-01,lag_11,-0.0012002567099926,0.0,-0.0031952214236849,0.000981588994423897
2008-06-01,2008-07-01,volatility_3m,0.002282871966174859,-0.0004798068015634935,-0.0031952214236849,0.000981588994423897
2008-07-01,2008-08-01,lag_0,-0.0035802040650576,-0.0009530904573973202,-0.00183636513323321,0.0010591703758738406
2008-07-01,2008-08-01,lag_1,-0.0023354873224965,-0.0005824716025026047,-0.00183636513323321,0.0010591703758738406
2008-07-01,2008-08-01,lag_2,-0.0060762051840335,-0.0008720328733932539,-0.00183636513323321,0.0010591703758738406
2008-07-01,2008-08-01,lag_3,-0.0064729557901257,-0.00048723996618853097,-0.00183636513323321,0.0010591703758738406
2008-07-01,2008-08-01,lag_4,-0.0030504888010822,0.0,-0.00183636513323321,0.0010591703758738406
2008-07-01,2008-08-01,lag_5,-0.0039296708981346,0.0,-0.00183636513323321,0.0010591703758738406
2008-07-01,2008-08-01,lag_6,-0.0013243734009682,0.0,-0.00183636513323321,0.0010591703758738406
2008-07-01,2008-08-01,lag_7,0.0003487607063128,0.0,-0.00183636513323321,0.0010591703758738406
2008-07-01,2008-08-01,lag_8,0.0053207117967142,0.000495036451141951,-0.00183636513323321,0.0010591703758738406
2008-07-01,2008-08-01,lag_9,-0.0028240612145147,0.0,-0.00183636513323321,0.0010591703758738406
2008-07-01,2008-08-01,lag_10,0.0022201267844179,0.0,-0.00183636513323321,0.0010591703758738406
2008-07-01,2008-08-01,lag_11,0.0019240393848489,0.0,-0.00183636513323321,0.0010591703758738406
2008-07-01,2008-08-01,volatility_3m,0.001904919572876276,-0.0004957370607672918,-0.00183636513323321,0.0010591703758738406
2008-08-01,2008-09-01,lag_0,-0.0158244158056106,-0.002321509324802745,-0.0012476482351430332,0.0009646600029375324
2008-08-01,2008-09-01,lag_1,-0.0035802040650576,-0.0008071193303093291,-0.0012476482351430332,0.0009646600029375324
2008-08-01,2008-09-01,lag_2,-0.0023354873224965,-0.000566939953835774,-0.0012476482351430332,0.0009646600029375324
2008-08-01,2008-09-01,lag_3,-0.0060762051840335,-0.0002670001881516649,-0.0012476482351430332,0.0009646600029375324
2008-08-01,2008-09-01,lag_4,-0.0064729557901257,0.0,-0.0012476482351430332,0.0009646600029375324
2008-08-01,2008-09-01,lag_5,-0.0030504888010822,0.0,-0.0012476482351430332,0.0009646600029375324
2008-08-01,2008-09-01,lag_6,-0.0039296708981346,0.0005920755836935877,-0.0012476482351430332,0.0009646600029375324
2008-08-01,2008-09-01,lag_7,-0.0013243734009682,0.0,-0.0012476482351430332,0.0009646600029375324
2008-08-01,2008-09-01,lag_8,0.0003487607063128,0.0,-0.0012476482351430332,0.0009646600029375324
2008-08-01,2008-09-01,lag_9,0.0053207117967142,0.0,-0.0012476482351430332,0.0009646600029375324
2008-08-01,2008-09-01,lag_10,-0.0028240612145147,0.0,-0.0012476482351430332,0.0009646600029375324
2008-08-01,2008-09-01,lag_11,0.0022201267844179,0.0,-0.0012476482351430332,0.0009646600029375324
2008-08-01,2008-09-01,volatility_3m,0.007454542603219359,0.00115818497532536,-0.0012476482351430332,0.0009646600029375324
2008-09-01,2008-10-01,lag_0,-0.020377294168018072,-0.0027015906777458215,-0.0021772590135664075,0.0007985267005125598
2008-09-01,2008-10-01,lag_1,-0.0158244158056106,-0.0020322920179073646,-0.0021772590135664075,0.0007985267005125598
2008-09-01,2008-10-01,lag_2,-0.0035802040650576,-0.00046199176453933655,-0.0021772590135664075,0.0007985267005125598
2008-09-01,2008-10-01,lag_3,-0.0023354873224965,0.0,-0.0021772590135664075,0.0007985267005125598
2008-09-01,2008-10-01,lag_4,-0.0060762051840335,-0.00020147286085126946,-0.0021772590135664075,0.0007985267005125598
2008-09-01,2008-10-01,lag_5,-0.0064729557901257,0.0,-0.0021772590135664075,0.0007985267005125598
2008-09-01,2008-10-01,lag_6,-0.0030504888010822,0.0,-0.0021772590135664075,0.0007985267005125598
2008-09-01,2008-10-01,lag_7,-0.0039296708981346,0.0,-0.0021772590135664075,0.0007985267005125598
2008-09-01,2008-10-01,lag_8,-0.0013243734009682,0.0,-0.0021772590135664075,0.0007985267005125598
2008-09-01,2008-10-01,lag_9,0.0003487607063128,0.0,-0.0021772590135664075,0.0007985267005125598
2008-09-01,2008-10-01,lag_10,0.0053207117967142,0.0,-0.0021772590135664075,0.0007985267005125598
2008-09-01,2008-10-01,lag_11,-0.0028240612145147,0.0,-0.0021772590135664075,0.0007985267005125598
2008-09-01,2008-10-01,volatility_3m,0.018161629202113363,0.0024215616069648248,-0.0021772590135664075,0.0007985267005125598
2008-10-01,2008-11-01,lag_0,0.0098923206082464,0.0012187427362393773,0.000543059657439626,0.0007172306212090242
2008-10-01,2008-11-01,lag_1,-0.02037074499218045,-0.002504359900788789,0.000543059657439626,0.0007172306212090242
2008-10-01,2008-11-01,lag_2,-0.0158244158056106,-0.0011010039298580518,0.000543059657439626,0.0007172306212090242
2008-10-01,2008-11-01,lag_3,-0.0035802040650576,0.0,0.000543059657439626,0.0007172306212090242
2008-10-01,2008-11-01,lag_4,-0.0023354873224965,0.0,0.000543059657439626,0.0007172306212090242
2008-10-01,2008-11-01,lag_5,-0.0060762051840335,-0.0002448414022070405,0.000543059657439626,0.0007172306212090242
2008-10-01,2008-11-01,lag_6,-0.0064729557901257,0.0,0.000543059657439626,0.0007172306212090242
2008-10-01,2008-11-01,lag_7,-0.0030504888010822,-0.0002965946105152627,0.000543059657439626,0.0007172306212090242
2008-10-01,2008-11-01,lag_8,-0.0039296708981346,-0.00015420850045651612,0.000543059657439626,0.0007172306212090242
2008-10-01,2008-11-01,lag_9,-0.0013243734009682,0.0,0.000543059657439626,0.0007172306212090242
2008-10-01,2008-11-01,lag_10,0.0003487607063128,0.0,0.000543059657439626,0.0007172306212090242
2008-10-01,2008-11-01,lag_11,0.0053207117967142,-0.00021169491189471548,0.000543059657439626,0.0007172306212090242
2008-10-01,2008-11-01,volatility_3m,0.018638250965931684,0.0031197895557116,0.000543059657439626,0.0007172306212090242
2008-11-01,2008-12-01,lag_0,-0.0132886530605933,-0.0020225175695688016,0.0011359655116557083,0.0006706862907568208
2008-11-01,2008-12-01,lag_1,0.0098923206082464,0.0012260314597891998,0.0011359655116557083,0.0006706862907568208
2008-11-01,2008-12-01,lag_2,-0.02036419581634283,-0.0012418601370942236,0.0011359655116557083,0.0006706862907568208
2008-11-01,2008-12-01,lag_3,-0.0158244158056106,-0.0009339987702536263,0.0011359655116557083,0.0006706862907568208
2008-11-01,2008-12-01,lag_4,-0.0035802040650576,0.0,0.0011359655116557083,0.0006706862907568208
2008-11-01,2008-12-01,lag_5,-0.0023354873224965,0.0,0.0011359655116557083,0.0006706862907568208
2008-11-01,2008-12-01,lag_6,-0.0060762051840335,0.0003704607861084064,0.0011359655116557083,0.0006706862907568208
2008-11-01,2008-12-01,lag_7,-0.0064729557901257,0.0,0.0011359655116557083,0.0006706862907568208
2008-11-01,2008-12-01,lag_8,-0.0030504888010822,0.0,0.0011359655116557083,0.0006706862907568208
2008-11-01,2008-12-01,lag_9,-0.0039296708981346,0.0,0.0011359655116557083,0.0006706862907568208
2008-11-01,2008-12-01,lag_10,-0.0013243734009682,0.0,0.0011359655116557083,0.0006706862907568208
2008-11-01,2008-12-01,lag_11,0.0003487607063128,0.0,0.0011359655116557083,0.0006706862907568208
2008-11-01,2008-12-01,volatility_3m,0.01926728771491297,0.0030671634519179327,0.0011359655116557083,0.0006706862907568208
2008-12-01,2009-01-01,lag_0,-0.021400401748751133,-0.0030816342068531945,-0.003275127355467499,0.0006446352803058124
2008-12-01,2009-01-01,lag_1,-0.0132886530605933,-0.001805651840967795,-0.003275127355467499,0.0006446352803058124
2008-12-01,2009-01-01,lag_2,0.0098923206082464,0.0005295906519964928,-0.003275127355467499,0.0006446352803058124
2008-12-01,2009-01-01,lag_3,-0.020357646640505205,-0.0011290311936305278,-0.003275127355467499,0.0006446352803058124
2008-12-01,2009-01-01,lag_4,-0.0158244158056106,-0.00018515528416684088,-0.003275127355467499,0.0006446352803058124
2008-12-01,2009-01-01,lag_5,-0.0035802040650576,0.0,-0.003275127355467499,0.0006446352803058124
2008-12-01,2009-01-01,lag_6,-0.0023354873224965,0.0,-0.003275127355467499,0.0006446352803058124
2008-12-01,2009-01-01,lag_7,-0.0060762051840335,0.0,-0.003275127355467499,0.0006446352803058124
2008-12-01,2009-01-01,lag_8,-0.0064729557901257,-0.00020420049459188554,-0.003275127355467499,0.0006446352803058124
2008-12-01,2009-01-01,lag_9,-0.0030504888010822,0.0,-0.003275127355467499,0.0006446352803058124
2008-12-01,2009-01-01,lag_10,-0.0039296708981346,0.0,-0.003275127355467499,0.0006446352803058124
2008-12-01,2009-01-01,lag_11,-0.0013243734009682,0.0,-0.003275127355467499,0.0006446352803058124
2008-12-01,2009-01-01,volatility_3m,0.019381715088515463,0.0019563197324404397,-0.003275127355467499,0.0006446352803058124
2009-01-01,2009-02-01,lag_0,-0.023578290988016018,-0.0037223464890684746,-0.005866423136006418,0.000573220156509493
2009-01-01,2009-02-01,lag_1,-0.021376990071849004,-0.0028343753392353114,-0.005866423136006418,0.000573220156509493
2009-01-01,2009-02-01,lag_2,-0.0132886530605933,-0.000513378729815976,-0.005866423136006418,0.000573220156509493
2009-01-01,2009-02-01,lag_3,0.0098923206082464,0.0005335049458613958,-0.005866423136006418,0.000573220156509493
2009-01-01,2009-02-01,lag_4,-0.020351097464667584,0.0005218438295714274,-0.005866423136006418,0.000573220156509493
2009-01-01,2009-02-01,lag_5,-0.0158244158056106,-0.0007870247348211107,-0.005866423136006418,0.000573220156509493
2009-01-01,2009-02-01,lag_6,-0.0035802040650576,0.0,-0.005866423136006418,0.000573220156509493
2009-01-01,2009-02-01,lag_7,-0.0023354873224965,0.0,-0.005866423136006418,0.000573220156509493
2009-01-01,2009-02-01,lag_8,-0.0060762051840335,0.0,-0.005866423136006418,0.000573220156509493
2009-01-01,2009-02-01,lag_9,-0.0064729557901257,0.0,-0.005866423136006418,0.000573220156509493
2009-01-01,2009-02-01,lag_10,-0.0030504888010822,0.0,-0.005866423136006418,0.000573220156509493
2009-01-01,2009-02-01,lag_11,-0.0039296708981346,0.0,-0.005866423136006418,0.000573220156509493
2009-01-01,2009-02-01,volatility_3m,0.008052417237158445,0.00036213322499213836,-0.005866423136006418,0.000573220156509493
2009-02-01,2009-03-01,lag_0,-0.0061041746494812,-0.0006889997505532041,-0.002808363902922466,0.00045000536654962785
2009-02-01,2009-03-01,lag_1,-0.02356123689175235,-0.0020094822061242955,-0.002808363902922466,0.00045000536654962785
2009-02-01,2009-03-01,lag_2,-0.021353578394946872,-0.0009060843912507069,-0.002808363902922466,0.00045000536654962785
2009-02-01,2009-03-01,lag_3,-0.0132886530605933,-0.00016403087226363126,-0.002808363902922466,0.00045000536654962785
2009-02-01,2009-03-01,lag_4,0.0098923206082464,0.0,-0.002808363902922466,0.00045000536654962785
2009-02-01,2009-03-01,lag_5,-0.02034454828882996,-0.0004308902837965756,-0.002808363902922466,0.00045000536654962785
2009-02-01,2009-03-01,lag_6,-0.0158244158056106,0.0,-0.002808363902922466,0.00045000536654962785
2009-02-01,2009-03-01,lag_7,-0.0035802040650576,0.0,-0.002808363902922466,0.00045000536654962785
2009-02-01,2009-03-01,lag_8,-0.0023354873224965,-0.00010412790780142027,-0.002808363902922466,0.00045000536654962785
2009-02-01,2009-03-01,lag_9,-0.0060762051840335,0.0,-0.002808363902922466,0.00045000536654962785
2009-02-01,2009-03-01,lag_10,-0.0064729557901257,0.0,-0.002808363902922466,0.00045000536654962785
2009-02-01,2009-03-01,lag_11,-0.0030504888010822,0.0,-0.002808363902922466,0.00045000536654962785
2009-02-01,2009-03-01,volatility_3m,0.012140527013917324,0.0010452461423177408,-0.002808363902922466,0.00045000536654962785
2009-03-01,2009-04-01,lag_0,-0.0157796956259579,-0.0033339765994823876,-0.003944468117804283,0.0005188999322038214
2009-03-01,2009-04-01,lag_1,-0.0061041746494812,-0.0009436831848849274,-0.003944468117804283,0.0005188999322038214
2009-03-01,2009-04-01,lag_2,-0.02354418279548868,-0.0029707625236667485,-0.003944468117804283,0.0005188999322038214
2009-03-01,2009-04-01,lag_3,-0.02133016671804474,-0.0015424869172774702,-0.003944468117804283,0.0005188999322038214
2009-03-01,2009-04-01,lag_4,-0.0132886530605933,0.00019286098093561875,-0.003944468117804283,0.0005188999322038214
2009-03-01,2009-04-01,lag_5,0.0098923206082464,0.0002261751863343703,-0.003944468117804283,0.0005188999322038214
2009-03-01,2009-04-01,lag_6,-0.02033799911299234,0.0023145150868231273,-0.003944468117804283,0.0005188999322038214
2009-03-01,2009-04-01,lag_7,-0.0158244158056106,0.0002776301730918257,-0.003944468117804283,0.0005188999322038214
2009-03-01,2009-04-01,lag_8,-0.0035802040650576,0.0,-0.003944468117804283,0.0005188999322038214
2009-03-01,2009-04-01,lag_9,-0.0023354873224965,0.0,-0.003944468117804283,0.0005188999322038214
2009-03-01,2009-04-01,lag_10,-0.0060762051840335,0.0003656566221617973,-0.003944468117804283,0.0005188999322038214
2009-03-01,2009-04-01,lag_11,-0.0064729557901257,0.0,-0.003944468117804283,0.0005188999322038214
2009-03-01,2009-04-01,volatility_3m,0.009577670023520075,0.0009507031259566882,-0.003944468117804283,0.0005188999322038214
2009-04-01,2009-05-01,lag_0,-0.0083251150630712,-0.0008508149440978757,-0.0037225610282370005,0.00038135771962351944
2009-04-01,2009-05-01,lag_1,-0.0157796956259579,-0.00131386356566662,-0.0037225610282370005,0.00038135771962351944
2009-04-01,2009-05-01,lag_2,-0.0061041746494812,-0.0002713650966003844,-0.0037225610282370005,0.00038135771962351944
2009-04-01,2009-05-01,lag_3,-0.02352712869922501,-0.00046708705626935645,-0.0037225610282370005,0.00038135771962351944
2009-04-01,2009-05-01,lag_4,-0.021306755041142607,-0.000828973818339434,-0.0037225610282370005,0.00038135771962351944
2009-04-01,2009-05-01,lag_5,-0.0132886530605933,0.0,-0.0037225610282370005,0.00038135771962351944
2009-04-01,2009-05-01,lag_6,0.0098923206082464,0.0,-0.0037225610282370005,0.00038135771962351944
2009-04-01,2009-05-01,lag_7,-0.020331449937154716,-0.00012400131185974928,-0.0037225610282370005,0.00038135771962351944
2009-04-01,2009-05-01,lag_8,-0.0158244158056106,-0.00024781295502710024,-0.0037225610282370005,0.00038135771962351944
2009-04-01,2009-05-01,lag_9,-0.0035802040650576,0.0,-0.0037225610282370005,0.00038135771962351944
2009-04-01,2009-05-01,lag_10,-0.0023354873224965,0.0,-0.0037225610282370005,0.00038135771962351944
2009-04-01,2009-05-01,lag_11,-0.0060762051840335,0.0,-0.0037225610282370005,0.00038135771962351944
2009-04-01,2009-05-01,volatility_3m,0.005068185965009672,0.0,-0.0037225610282370005,0.00038135771962351944
2009-05-01,2009-06-01,lag_0,-0.0101509109300241,-0.0016294269536460322,-0.0040799737171829656,0.0003671970911047706
2009-05-01,2009-06-01,lag_1,-0.0083251150630712,-0.001256375632600785,-0.0040799737171829656,0.0003671970911047706
2009-05-01,2009-06-01,lag_2,-0.0157796956259579,-0.0007834218746362175,-0.0040799737171829656,0.0003671970911047706
2009-05-01,2009-06-01,lag_3,-0.0061041746494812,-0.00048044099850638093,-0.0040799737171829656,0.0003671970911047706
2009-05-01,2009-06-01,lag_4,-0.023510074602961343,0.0009446875820586695,-0.0040799737171829656,0.0003671970911047706
2009-05-01,2009-06-01,lag_5,-0.021283343364240474,-0.0009429597126229509,-0.0040799737171829656,0.0003671970911047706
2009-05-01,2009-06-01,lag_6,-0.0132886530605933,0.0006581641175565004,-0.0040799737171829656,0.0003671970911047706
2009-05-01,2009-06-01,lag_7,0.0098923206082464,-0.0003192599857302854,-0.0040799737171829656,0.0003671970911047706
2009-05-01,2009-06-01,lag_8,-0.020324900761317096,-0.001150830267819081,-0.0040799737171829656,0.0003671970911047706
2009-05-01,2009-06-01,lag_9,-0.0158244158056106,0.0005126929176588278,-0.0040799737171829656,0.0003671970911047706
2009-05-01,2009-06-01,lag_10,-0.0035802040650576,0.0,-0.0040799737171829656,0.0003671970911047706
2009-05-01,2009-06-01,lag_11,-0.0023354873224965,0.0,-0.0040799737171829656,0.0003671970911047706
2009-05-01,2009-06-01,volatility_3m,0.0038856041801657443,0.0,-0.0040799737171829656,0.0003671970911047706
2009-06-01,2009-07-01,lag_0,-0.003775936043751,0.0,0.0009533572500749522,1.590082508373648e-05
2009-06-01,2009-07-01,lag_1,-0.0101509109300241,-0.0015946009591968208,0.0009533572500749522,1.590082508373648e-05
2009-06-01,2009-07-01,lag_2,-0.0083251150630712,-0.0014459971179324896,0.0009533572500749522,1.590082508373648e-05
2009-06-01,2009-07-01,lag_3,-0.0157796956259579,0.0,0.0009533572500749522,1.590082508373648e-05
2009-06-01,2009-07-01,lag_4,-0.0061041746494812,0.0007108679689491366,0.0009533572500749522,1.590082508373648e-05
2009-06-01,2009-07-01,lag_5,-0.023493020506697673,0.0,0.0009533572500749522,1.590082508373648e-05
2009-06-01,2009-07-01,lag_6,-0.021259931687338342,0.00016884403139923396,0.0009533572500749522,1.590082508373648e-05
2009-06-01,2009-07-01,lag_7,-0.0132886530605933,0.00017733364190502908,0.0009533572500749522,1.590082508373648e-05
2009-06-01,2009-07-01,lag_8,0.0098923206082464,0.0001237543551391555,0.0009533572500749522,1.590082508373648e-05
2009-06-01,2009-07-01,lag_9,-0.020318351585479472,0.001262947057672891,0.0009533572500749522,1.590082508373648e-05
2009-06-01,2009-07-01,lag_10,-0.0158244158056106,0.0003073144579422117,0.0009533572500749522,1.590082508373648e-05
2009-06-01,2009-07-01,lag_11,-0.0035802040650576,0.0006027991776154847,0.0009533572500749522,1.590082508373648e-05
2009-06-01,2009-07-01,volatility_3m,0.0032830084043505513,0.0006241938114973835,0.0009533572500749522,1.590082508373648e-05
2009-07-01,2009-08-01,lag_0,0.0112269628491237,0.0026115088850350806,0.008007333540247859,4.7161246629216654e-05
2009-07-01,2009-08-01,lag_1,-0.003775936043751,0.0,0.008007333540247859,4.7161246629216654e-05
2009-07-01,2009-08-01,lag_2,-0.0101509109300241,-0.0022335248303241117,0.008007333540247859,4.7161246629216654e-05
2009-07-01,2009-08-01,lag_3,-0.0083251150630712,0.0,0.008007333540247859,4.7161246629216654e-05
2009-07-01,2009-08-01,lag_4,-0.0157796956259579,0.00030658244135416856,0.008007333540247859,4.7161246629216654e-05
2009-07-01,2009-08-01,lag_5,-0.0061041746494812,0.0,0.008007333540247859,4.7161246629216654e-05
2009-07-01,2009-08-01,lag_6,-0.023475966410434004,0.0012750479923483173,0.008007333540247859,4.7161246629216654e-05
2009-07-01,2009-08-01,lag_7,-0.021236520010436213,0.0007488153570749583,0.008007333540247859,4.7161246629216654e-05
2009-07-01,2009-08-01,lag_8,-0.0132886530605933,-0.000786937528609837,0.008007333540247859,4.7161246629216654e-05
2009-07-01,2009-08-01,lag_9,0.0098923206082464,0.0003816864272122517,0.008007333540247859,4.7161246629216654e-05
2009-07-01,2009-08-01,lag_10,-0.020311802409641852,0.0006265984157605265,0.008007333540247859,4.7161246629216654e-05
2009-07-01,2009-08-01,lag_11,-0.0158244158056106,0.005546585828000801,0.008007333540247859,4.7161246629216654e-05
2009-07-01,2009-08-01,volatility_3m,0.010975281069351623,-0.0005161906942335107,0.008007333540247859,4.7161246629216654e-05
2009-08-01,2009-09-01,lag_0,0.0109072811177481,0.0012837384089890522,0.004342668188878812,0.0001021288242157161
2009-08-01,2009-09-01,lag_1,0.0112269628491237,0.0007710205351962403,0.004342668188878812,0.0001021288242157161
2009-08-01,2009-09-01,lag_2,-0.003775936043751,0.0,0.004342668188878812,0.0001021288242157161
2009-08-01,2009-09-01,lag_3,-0.0101509109300241,-0.0011077105370536895,0.004342668188878812,0.0001021288242157161
2009-08-01,2009-09-01,lag_4,-0.0083251150630712,0.0013126159946222427,0.004342668188878812,0.0001021288242157161
2009-08-01,2009-09-01,lag_5,-0.0157796956259579,0.0,0.004342668188878812,0.0001021288242157161
2009-08-01,2009-09-01,lag_6,-0.0061041746494812,0.001035721277854533,0.004342668188878812,0.0001021288242157161
2009-08-01,2009-09-01,lag_7,-0.023458912314170334,-0.0013316314242933715,0.004342668188878812,0.0001021288242157161
2009-08-01,2009-09-01,lag_8,-0.021213108333534077,0.0,0.004342668188878812,0.0001021288242157161
2009-08-01,2009-09-01,lag_9,-0.0132886530605933,-0.0008160048858373275,0.004342668188878812,0.0001021288242157161
2009-08-01,2009-09-01,lag_10,0.0098923206082464,0.0005190763438041354,0.004342668188878812,0.0001021288242157161
2009-08-01,2009-09-01,lag_11,-0.020305253233804228,0.00198146563153142,0.004342668188878812,0.0001021288242157161
2009-08-01,2009-09-01,volatility_3m,0.008571134092706538,0.0005922480198498608,0.004342668188878812,0.0001021288242157161
2009-09-01,2009-10-01,lag_0,0.008775750967465,0.0004890752661216498,-0.002025238327715664,0.00024541688775865314
2009-09-01,2009-10-01,lag_1,0.0109072811177481,0.0003336306563411183,-0.002025238327715664,0.00024541688775865314
2009-09-01,2009-10-01,lag_2,0.0112269628491237,0.0,-0.002025238327715664,0.00024541688775865314
2009-09-01,2009-10-01,lag_3,-0.003775936043751,0.00032461357931294204,-0.002025238327715664,0.00024541688775865314
2009-09-01,2009-10-01,lag_4,-0.0101509109300241,0.0011737869267769011,-0.002025238327715664,0.00024541688775865314
2009-09-01,2009-10-01,lag_5,-0.0083251150630712,0.0,-0.002025238327715664,0.00024541688775865314
2009-09-01,2009-10-01,lag_6,-0.0157796956259579,-0.0015310661079517205,-0.002025238327715664,0.00024541688775865314
2009-09-01,2009-10-01,lag_7,-0.0061041746494812,0.0004393100853283063,-0.002025238327715664,0.00024541688775865314
2009-09-01,2009-10-01,lag_8,-0.023441858217906664,-0.003939680010961607,-0.002025238327715664,0.00024541688775865314
2009-09-01,2009-10-01,lag_9,-0.021189696656631948,0.0008984266411740793,-0.002025238327715664,0.00024541688775865314
2009-09-01,2009-10-01,lag_10,-0.0132886530605933,0.001260844934213152,-0.002025238327715664,0.00024541688775865314
2009-09-01,2009-10-01,lag_11,0.0098923206082464,-0.0017195971858291383,-0.002025238327715664,0.00024541688775865314
2009-09-01,2009-10-01,volatility_3m,0.0013325449885917544,0.0,-0.002025238327715664,0.00024541688775865314
2009-10-01,2009-11-01,lag_0,0.0026918316470805,0.0004752887375268726,0.004352741801651432,0.00025235820514425114
2009-10-01,2009-11-01,lag_1,0.008775750967465,0.0006904393546205458,0.004352741801651432,0.00025235820514425114
2009-10-01,2009-11-01,lag_2,0.0109072811177481,0.0,0.004352741801651432,0.00025235820514425114
2009-10-01,2009-11-01,lag_3,0.0112269628491237,0.0002749044289743047,0.004352741801651432,0.00025235820514425114
2009-10-01,2009-11-01,lag_4,-0.003775936043751,0.0,0.004352741801651432,0.00025235820514425114
2009-10-01,2009-11-01,lag_5,-0.0101509109300241,-0.0006440495325226466,0.004352741801651432,0.00025235820514425114
2009-10-01,2009-11-01,lag_6,-0.0083251150630712,0.0004622582430547932,0.004352741801651432,0.00025235820514425114
2009-10-01,2009-11-01,lag_7,-0.0157796956259579,-0.0009368786205260391,0.004352741801651432,0.00025235820514425114
2009-10-01,2009-11-01,lag_8,-0.0061041746494812,-0.0007982683123511111,0.004352741801651432,0.00025235820514425114
2009-10-01,2009-11-01,lag_9,-0.023424804121642998,0.0,0.004352741801651432,0.00025235820514425114
2009-10-01,2009-11-01,lag_10,-0.021166284979729815,0.0013569237166550995,0.004352741801651432,0.00025235820514425114
2009-10-01,2009-11-01,lag_11,-0.0132886530605933,0.00293691755032379,0.004352741801651432,0.00025235820514425114
2009-10-01,2009-11-01,volatility_3m,0.004263236350544155,0.0002828480307515724,0.004352741801651432,0.00025235820514425114
2009-11-01,2009-12-01,lag_0,0.0043287252217618,0.0009224464467487616,0.008048758832960788,0.0003606145830383023
2009-11-01,2009-12-01,lag_1,0.0026918316470805,0.00026577722284351857,0.008048758832960788,0.0003606145830383023
2009-11-01,2009-12-01,lag_2,0.008775750967465,0.000982090963794097,0.008048758832960788,0.0003606145830383023
2009-11-01,2009-12-01,lag_3,0.0109072811177481,0.0010015689599126266,0.008048758832960788,0.0003606145830383023
2009-11-01,2009-12-01,lag_4,0.0112269628491237,-0.0006925298155973005,0.008048758832960788,0.0003606145830383023
2009-11-01,2009-12-01,lag_5,-0.003775936043751,0.0,0.008048758832960788,0.0003606145830383023
2009-11-01,2009-12-01,lag_6,-0.0101509109300241,0.0008564169935518429,0.008048758832960788,0.0003606145830383023
2009-11-01,2009-12-01,lag_7,-0.0083251150630712,0.0,0.008048758832960788,0.0003606145830383023
2009-11-01,2009-12-01,lag_8,-0.0157796956259579,-0.0023859349788501153,0.008048758832960788,0.0003606145830383023
2009-11-01,2009-12-01,lag_9,-0.0061041746494812,0.00038199838826983657,0.008048758832960788,0.0003606145830383023
2009-11-01,2009-12-01,lag_10,-0.02340775002537933,0.0014335534684143793,0.008048758832960788,0.0003606145830383023
2009-11-01,2009-12-01,lag_11,-0.021142873302827683,0.00492275660083484,0.008048758832960788,0.0003606145830383023
2009-11-01,2009-12-01,volatility_3m,0.003148267588551091,0.0,0.008048758832960788,0.0003606145830383023
2009-12-01,2010-01-01,lag_0,0.0040498600148737,0.00039719398357791324,0.008117871608402867,0.00047810882764807647
2009-12-01,2010-01-01,lag_1,0.0043287252217618,0.0,0.008117871608402867,0.00047810882764807647
2009-12-01,2010-01-01,lag_2,0.0026918316470805,0.00017993314020808599,0.008117871608402867,0.00047810882764807647
2009-12-01,2010-01-01,lag_3,0.008775750967465,0.000956471625628774,0.008117871608402867,0.00047810882764807647
2009-12-01,2010-01-01,lag_4,0.0109072811177481,-0.0011227810317995391,0.008117871608402867,0.00047810882764807647
2009-12-01,2010-01-01,lag_5,0.0112269628491237,0.0001816003301982798,0.008117871608402867,0.00047810882764807647
2009-12-01,2010-01-01,lag_6,-0.003775936043751,0.0003033614662433718,0.008117871608402867,0.00047810882764807647
2009-12-01,2010-01-01,lag_7,-0.0101509109300241,8.300447803681003e-05,0.008117871608402867,0.00047810882764807647
2009-12-01,2010-01-01,lag_8,-0.0083251150630712,0.0,0.008117871608402867,0.00047810882764807647
2009-12-01,2010-01-01,lag_9,-0.0157796956259579,0.0,0.008117871608402867,0.00047810882764807647
2009-12-01,2010-01-01,lag_10,-0.0061041746494812,0.001078016332614107,0.008117871608402867,0.00047810882764807647
2009-12-01,2010-01-01,lag_11,-0.02339069592911566,0.004877865783884119,0.008117871608402867,0.00047810882764807647
2009-12-01,2010-01-01,volatility_3m,0.0008757308781980086,0.0007050966721628663,0.008117871608402867,0.00047810882764807647
2010-01-01,2010-02-01,lag_0,0.0108406384790482,0.0021916293001277747,0.0016364785023678975,0.000674838254077849
2010-01-01,2010-02-01,lag_1,0.0040498600148737,0.0008565954699559597,0.0016364785023678975,0.000674838254077849
2010-01-01,2010-02-01,lag_2,0.0043287252217618,0.0,0.0016364785023678975,0.000674838254077849
2010-01-01,2010-02-01,lag_3,0.0026918316470805,0.0,0.0016364785023678975,0.000674838254077849
2010-01-01,2010-02-01,lag_4,0.008775750967465,-0.000302534711581604,0.0016364785023678975,0.000674838254077849
2010-01-01,2010-02-01,lag_5,0.0109072811177481,-0.00022336408090971522,0.0016364785023678975,0.000674838254077849
2010-01-01,2010-02-01,lag_6,0.0112269628491237,0.0007283745746134421,0.0016364785023678975,0.000674838254077849
2010-01-01,2010-02-01,lag_7,-0.003775936043751,-0.0009097903384719085,0.0016364785023678975,0.000674838254077849
2010-01-01,2010-02-01,lag_8,-0.0101509109300241,-0.0016208990191923065,0.0016364785023678975,0.000674838254077849
2010-01-01,2010-02-01,lag_9,-0.0083251150630712,-0.0007907940158509944,0.0016364785023678975,0.000674838254077849
2010-01-01,2010-02-01,lag_10,-0.0157796956259579,0.0016475920490303315,0.0016364785023678975,0.000674838254077849
2010-01-01,2010-02-01,lag_11,-0.0061041746494812,-0.0006151689794309308,0.0016364785023678975,0.000674838254077849
2010-01-01,2010-02-01,volatility_3m,0.003842686825289724,0.0,0.0016364785023678975,0.000674838254077849
2010-02-01,2010-03-01,lag_0,0.0037459440910962,0.0005461417574954685,0.002419073036219619,0.0005369331793047744
2010-02-01,2010-03-01,lag_1,0.0108406384790482,0.0012187980656141219,0.002419073036219619,0.0005369331793047744
2010-02-01,2010-03-01,lag_2,0.0040498600148737,0.0005943363467136662,0.002419073036219619,0.0005369331793047744
2010-02-01,2010-03-01,lag_3,0.0043287252217618,0.0003701158169963766,0.002419073036219619,0.0005369331793047744
2010-02-01,2010-03-01,lag_4,0.0026918316470805,0.0,0.002419073036219619,0.0005369331793047744
2010-02-01,2010-03-01,lag_5,0.008775750967465,-0.000686273474846283,0.002419073036219619,0.0005369331793047744
2010-02-01,2010-03-01,lag_6,0.0109072811177481,-0.0004618307147274919,0.002419073036219619,0.0005369331793047744
2010-02-01,2010-03-01,lag_7,0.0112269628491237,0.00034553973302128333,0.002419073036219619,0.0005369331793047744
2010-02-01,2010-03-01,lag_8,-0.003775936043751,0.0,0.002419073036219619,0.0005369331793047744
2010-02-01,2010-03-01,lag_9,-0.0101509109300241,-0.0009290875438049389,0.002419073036219619,0.0005369331793047744
2010-02-01,2010-03-01,lag_10,-0.0083251150630712,0.0008843998704526423,0.002419073036219619,0.0005369331793047744
2010-02-01,2010-03-01,lag_11,-0.0157796956259579,0.0,0.002419073036219619,0.0005369331793047744
2010-02-01,2010-03-01,volatility_3m,0.004011270071034429,0.0,0.002419073036219619,0.0005369331793047744
2010-03-01,2010-04-01,lag_0,0.0068333611273256,0.0006643853977705584,0.006475261524493533,0.0006914871912727408
2010-03-01,2010-04-01,lag_1,0.0037459440910962,0.0006488366579330215,0.006475261524493533,0.0006914871912727408
2010-03-01,2010-04-01,lag_2,0.0108406384790482,0.002194848565116278,0.006475261524493533,0.0006914871912727408
2010-03-01,2010-04-01,lag_3,0.0040498600148737,0.000301946592587316,0.006475261524493533,0.0006914871912727408
2010-03-01,2010-04-01,lag_4,0.0043287252217618,0.0,0.006475261524493533,0.0006914871912727408
2010-03-01,2010-04-01,lag_5,0.0026918316470805,0.0,0.006475261524493533,0.0006914871912727408
2010-03-01,2010-04-01,lag_6,0.008775750967465,0.0,0.006475261524493533,0.0006914871912727408
2010-03-01,2010-04-01,lag_7,0.0109072811177481,0.0,0.006475261524493533,0.0006914871912727408
2010-03-01,2010-04-01,lag_8,0.0112269628491237,0.0009658831082248984,0.006475261524493533,0.0006914871912727408
2010-03-01,2010-04-01,lag_9,-0.003775936043751,0.0,0.006475261524493533,0.0006914871912727408
2010-03-01,2010-04-01,lag_10,-0.0101509109300241,0.000578413836170027,0.006475261524493533,0.0006914871912727408
2010-03-01,2010-04-01,lag_11,-0.0083251150630712,0.00042946017541869335,0.006475261524493533,0.0006914871912727408
2010-03-01,2010-04-01,volatility_3m,0.0035572719928728632,0.0,0.006475261524493533,0.0006914871912727408
2010-04-01,2010-05-01,lag_0,0.0033865562000299,0.0006852844675516605,0.009201025862050445,0.0008390915117252554
2010-04-01,2010-05-01,lag_1,0.0068333611273256,0.0014232420409929526,0.009201025862050445,0.0008390915117252554
2010-04-01,2010-05-01,lag_2,0.0037459440910962,0.000623696752864272,0.009201025862050445,0.0008390915117252554
2010-04-01,2010-05-01,lag_3,0.0108406384790482,0.0025918817269745763,0.009201025862050445,0.0008390915117252554
2010-04-01,2010-05-01,lag_4,0.0040498600148737,0.00011097843278066663,0.009201025862050445,0.0008390915117252554
2010-04-01,2010-05-01,lag_5,0.0043287252217618,0.0,0.009201025862050445,0.0008390915117252554
2010-04-01,2010-05-01,lag_6,0.0026918316470805,0.0,0.009201025862050445,0.0008390915117252554
2010-04-01,2010-05-01,lag_7,0.008775750967465,0.00037306734810442277,0.009201025862050445,0.0008390915117252554
2010-04-01,2010-05-01,lag_8,0.0109072811177481,0.0010715988101473739,0.009201025862050445,0.0008390915117252554
2010-04-01,2010-05-01,lag_9,0.0112269628491237,0.0005525524423853045,0.009201025862050445,0.0008390915117252554
2010-04-01,2010-05-01,lag_10,-0.003775936043751,0.0006196135358795775,0.009201025862050445,0.0008390915117252554
2010-04-01,2010-05-01,lag_11,-0.0101509109300241,0.00031001879264438254,0.009201025862050445,0.0008390915117252554
2010-04-01,2010-05-01,volatility_3m,0.0018948072821386758,0.0,0.009201025862050445,0.0008390915117252554
2010-05-01,2010-06-01,lag_0,0.0134185316829222,0.00248211010736185,0.003854870010480628,0.0009419403463997296
2010-05-01,2010-06-01,lag_1,0.0033865562000299,0.0004035827394134009,0.003854870010480628,0.0009419403463997296
2010-05-01,2010-06-01,lag_2,0.0068333611273256,0.0011084350225465083,0.003854870010480628,0.0009419403463997296
2010-05-01,2010-06-01,lag_3,0.0037459440910962,0.0003683470307679009,0.003854870010480628,0.0009419403463997296
2010-05-01,2010-06-01,lag_4,0.0108406384790482,0.0,0.003854870010480628,0.0009419403463997296
2010-05-01,2010-06-01,lag_5,0.0040498600148737,-0.0005502512868586218,0.003854870010480628,0.0009419403463997296
2010-05-01,2010-06-01,lag_6,0.0043287252217618,0.0002964833521024183,0.003854870010480628,0.0009419403463997296
2010-05-01,2010-06-01,lag_7,0.0026918316470805,0.00021517008477496763,0.003854870010480628,0.0009419403463997296
2010-05-01,2010-06-01,lag_8,0.008775750967465,0.0007829471893554646,0.003854870010480628,0.0009419403463997296
2010-05-01,2010-06-01,lag_9,0.0109072811177481,0.0,0.003854870010480628,0.0009419403463997296
2010-05-01,2010-06-01,lag_10,0.0112269628491237,-0.0017007707478802225,0.003854870010480628,0.0009419403463997296
2010-05-01,2010-06-01,lag_11,-0.003775936043751,0.0,0.003854870010480628,0.0009419403463997296
2010-05-01,2010-06-01,volatility_3m,0.005097147364661901,-0.0004931238275027677,0.003854870010480628,0.0009419403463997296
2010-06-01,2010-07-01,lag_0,0.0018475022092525,0.00028316400852605787,0.006283489760642407,0.0008128329549291706
2010-06-01,2010-07-01,lag_1,0.0134185316829222,0.002722460271963129,0.006283489760642407,0.0008128329549291706
2010-06-01,2010-07-01,lag_2,0.0033865562000299,0.0004487211057235185,0.006283489760642407,0.0008128329549291706
2010-06-01,2010-07-01,lag_3,0.0068333611273256,0.0007627990411705355,0.006283489760642407,0.0008128329549291706
2010-06-01,2010-07-01,lag_4,0.0037459440910962,3.771998090737385e-05,0.006283489760642407,0.0008128329549291706
2010-06-01,2010-07-01,lag_5,0.0108406384790482,0.0,0.006283489760642407,0.0008128329549291706
2010-06-01,2010-07-01,lag_6,0.0040498600148737,4.293219633488043e-05,0.006283489760642407,0.0008128329549291706
2010-06-01,2010-07-01,lag_7,0.0043287252217618,0.0002801037676335828,0.006283489760642407,0.0008128329549291706
2010-06-01,2010-07-01,lag_8,0.0026918316470805,0.00030714861849574966,0.006283489760642407,0.0008128329549291706
2010-06-01,2010-07-01,lag_9,0.008775750967465,0.00013170478147690729,0.006283489760642407,0.0008128329549291706
2010-06-01,2010-07-01,lag_10,0.0109072811177481,0.0,0.006283489760642407,0.0008128329549291706
2010-06-01,2010-07-01,lag_11,0.0112269628491237,0.0,0.006283489760642407,0.0008128329549291706
2010-06-01,2010-07-01,volatility_3m,0.006283549187579858,0.000453903033481501,0.006283489760642407,0.0008128329549291706
2010-07-01,2010-08-01,lag_0,0.0037898457435989,0.0007906417068382218,0.0032573123836674833,0.0008849186694347216
2010-07-01,2010-08-01,lag_1,0.0018475022092525,0.0,0.0032573123836674833,0.0008849186694347216
2010-07-01,2010-08-01,lag_2,0.0134185316829222,0.0028189332787168925,0.0032573123836674833,0.0008849186694347216
2010-07-01,2010-08-01,lag_3,0.0033865562000299,0.00032018529800412855,0.0032573123836674833,0.0008849186694347216
2010-07-01,2010-08-01,lag_4,0.0068333611273256,-0.00026561752472530385,0.0032573123836674833,0.0008849186694347216
2010-07-01,2010-08-01,lag_5,0.0037459440910962,-0.00026743016297630295,0.0032573123836674833,0.0008849186694347216
2010-07-01,2010-08-01,lag_6,0.0108406384790482,-0.0003246743709634332,0.0032573123836674833,0.0008849186694347216
2010-07-01,2010-08-01,lag_7,0.0040498600148737,0.00024268257056049352,0.0032573123836674833,0.0008849186694347216
2010-07-01,2010-08-01,lag_8,0.0043287252217618,0.0006735072166427258,0.0032573123836674833,0.0008849186694347216
2010-07-01,2010-08-01,lag_9,0.0026918316470805,0.0,0.0032573123836674833,0.0008849186694347216
2010-07-01,2010-08-01,lag_10,0.008775750967465,-0.0007611760384080306,0.0032573123836674833,0.0008849186694347216
2010-07-01,2010-08-01,lag_11,0.0109072811177481,-0.0008546582594566296,0.0032573123836674833,0.0008849186694347216
2010-07-01,2010-08-01,volatility_3m,0.00619641044482035,0.0,0.0032573123836674833,0.0008849186694347216
2010-08-01,2010-09-01,lag_0,0.0036579355962977,0.0005253520218491372,0.004340978998284978,0.0007914342491333703
2010-08-01,2010-09-01,lag_1,0.0037898457435989,0.0006601543487862425,0.004340978998284978,0.0007914342491333703
2010-08-01,2010-09-01,lag_2,0.0018475022092525,0.00022481830355119395,0.004340978998284978,0.0007914342491333703
2010-08-01,2010-09-01,lag_3,0.0134185316829222,0.0013282221830352148,0.004340978998284978,0.0007914342491333703
2010-08-01,2010-09-01,lag_4,0.0033865562000299,0.0,0.004340978998284978,0.0007914342491333703
2010-08-01,2010-09-01,lag_5,0.0068333611273256,0.0,0.004340978998284978,0.0007914342491333703
2010-08-01,2010-09-01,lag_6,0.0037459440910962,0.0001437071163225656,0.004340978998284978,0.0007914342491333703
2010-08-01,2010-09-01,lag_7,0.0108406384790482,0.00116321716452422,0.004340978998284978,0.0007914342491333703
2010-08-01,2010-09-01,lag_8,0.0040498600148737,0.0005732810990370954,0.004340978998284978,0.0007914342491333703
2010-08-01,2010-09-01,lag_9,0.0043287252217618,0.0002841801304796741,0.004340978998284978,0.0007914342491333703
2010-08-01,2010-09-01,lag_10,0.0026918316470805,0.0,0.004340978998284978,0.0007914342491333703
2010-08-01,2010-09-01,lag_11,0.008775750967465,-0.0006320998593061848,0.004340978998284978,0.0007914342491333703
2010-08-01,2010-09-01,volatility_3m,0.0010853392512102874,-0.0007212877591275508,0.004340978998284978,0.0007914342491333703
2010-09-01,2010-10-01,lag_0,0.0029434252658697,0.0006380157515456265,0.0027239205981299548,0.0009442386931071263
2010-09-01,2010-10-01,lag_1,0.0036579355962977,0.0006077624370899447,0.0027239205981299548,0.0009442386931071263
2010-09-01,2010-10-01,lag_2,0.0037898457435989,0.0007048879355492729,0.0027239205981299548,0.0009442386931071263
2010-09-01,2010-10-01,lag_3,0.0018475022092525,0.0,0.0027239205981299548,0.0009442386931071263
2010-09-01,2010-10-01,lag_4,0.0134185316829222,-0.0006199476533990452,0.0027239205981299548,0.0009442386931071263
2010-09-01,2010-10-01,lag_5,0.0033865562000299,0.0,0.0027239205981299548,0.0009442386931071263
2010-09-01,2010-10-01,lag_6,0.0068333611273256,0.0,0.0027239205981299548,0.0009442386931071263
2010-09-01,2010-10-01,lag_7,0.0037459440910962,0.0,0.0027239205981299548,0.0009442386931071263
2010-09-01,2010-10-01,lag_8,0.0108406384790482,0.0017237045842956262,0.0027239205981299548,0.0009442386931071263
2010-09-01,2010-10-01,lag_9,0.0040498600148737,0.00037851828473425505,0.0027239205981299548,0.0009442386931071263
2010-09-01,2010-10-01,lag_10,0.0043287252217618,-0.0005071016831897308,0.0027239205981299548,0.0009442386931071263
2010-09-01,2010-10-01,lag_11,0.0026918316470805,-0.000278337069460787,0.0027239205981299548,0.0009442386931071263
2010-09-01,2010-10-01,volatility_3m,0.0006672331475216492,-0.000867820682142334,0.0027239205981299548,0.0009442386931071263
2010-10-01,2010-11-01,lag_0,-0.0028376912450953,-0.0004205372082948573,0.00041891849838746704,0.0009266897143280512
2010-10-01,2010-11-01,lag_1,0.0029434252658697,0.00040005958747974603,0.00041891849838746704,0.0009266897143280512
2010-10-01,2010-11-01,lag_2,0.0036579355962977,0.0006391554672399699,0.00041891849838746704,0.0009266897143280512
2010-10-01,2010-11-01,lag_3,0.0037898457435989,0.0,0.00041891849838746704,0.0009266897143280512
2010-10-01,2010-11-01,lag_4,0.0018475022092525,0.0,0.00041891849838746704,0.0009266897143280512
2010-10-01,2010-11-01,lag_5,0.0134185316829222,-0.0011386392492247792,0.00041891849838746704,0.0009266897143280512
2010-10-01,2010-11-01,lag_6,0.0033865562000299,0.0,0.00041891849838746704,0.0009266897143280512
2010-10-01,2010-11-01,lag_7,0.0068333611273256,0.00027350536446767116,0.00041891849838746704,0.0009266897143280512
2010-10-01,2010-11-01,lag_8,0.0037459440910962,0.0005314277976835563,0.00041891849838746704,0.0009266897143280512
2010-10-01,2010-11-01,lag_9,0.0108406384790482,0.0,0.00041891849838746704,0.0009266897143280512
2010-10-01,2010-11-01,lag_10,0.0040498600148737,-0.00032943827325092356,0.00041891849838746704,0.0009266897143280512
2010-10-01,2010-11-01,lag_11,0.0043287252217618,-0.0004633047020409676,0.00041891849838746704,0.0009266897143280512
2010-10-01,2010-11-01,volatility_3m,0.0035619517399937185,0.0,0.00041891849838746704,0.0009266897143280512
2010-11-01,2010-12-01,lag_0,0.0008691845526112,0.000176094261907598,0.0013748062547847347,0.0009001211635131858
2010-11-01,2010-12-01,lag_1,-0.0028376912450953,-0.0005801792821749373,0.0013748062547847347,0.0009001211635131858
2010-11-01,2010-12-01,lag_2,0.0029434252658697,0.00048104954569098756,0.0013748062547847347,0.0009001211635131858
2010-11-01,2010-12-01,lag_3,0.0036579355962977,0.0,0.0013748062547847347,0.0009001211635131858
2010-11-01,2010-12-01,lag_4,0.0037898457435989,0.0,0.0013748062547847347,0.0009001211635131858
2010-11-01,2010-12-01,lag_5,0.0018475022092525,0.0,0.0013748062547847347,0.0009001211635131858
2010-11-01,2010-12-01,lag_6,0.0134185316829222,0.0005566422445814511,0.0013748062547847347,0.0009001211635131858
2010-11-01,2010-12-01,lag_7,0.0033865562000299,0.00019443987876950722,0.0013748062547847347,0.0009001211635131858
2010-11-01,2010-12-01,lag_8,0.0068333611273256,0.0009691010897639561,0.0013748062547847347,0.0009001211635131858
2010-11-01,2010-12-01,lag_9,0.0037459440910962,0.0002690293461269824,0.0013748062547847347,0.0009001211635131858
2010-11-01,2010-12-01,lag_10,0.0108406384790482,-0.0010585935406822245,0.0013748062547847347,0.0009001211635131858
2010-11-01,2010-12-01,lag_11,0.0040498600148737,-0.0005328984527117717,0.0013748062547847347,0.0009001211635131858
2010-11-01,2010-12-01,volatility_3m,0.0029287287011464398,0.0,0.0013748062547847347,0.0009001211635131858
2010-12-01,2011-01-01,lag_0,0.009737829134778,0.0015927974643900834,0.0033861564357010846,0.0009927921926035648
2010-12-01,2011-01-01,lag_1,0.0008691845526112,0.0,0.0033861564357010846,0.0009927921926035648
2010-12-01,2011-01-01,lag_2,-0.0028376912450953,-0.0005172688774474423,0.0033861564357010846,0.0009927921926035648
2010-12-01,2011-01-01,lag_3,0.0029434252658697,0.00013159125525784342,0.0033861564357010846,0.0009927921926035648
2010-12-01,2011-01-01,lag_4,0.0036579355962977,0.0,0.0033861564357010846,0.0009927921926035648
2010-12-01,2011-01-01,lag_5,0.0037898457435989,0.0,0.0033861564357010846,0.0009927921926035648
2010-12-01,2011-01-01,lag_6,0.0018475022092525,0.00012912940917217945,0.0033861564357010846,0.0009927921926035648
2010-12-01,2011-01-01,lag_7,0.0134185316829222,0.0010977130757389155,0.0033861564357010846,0.0009927921926035648
2010-12-01,2011-01-01,lag_8,0.0033865562000299,0.0003498509393424468,0.0033861564357010846,0.0009927921926035648
2010-12-01,2011-01-01,lag_9,0.0068333611273256,0.00037753435369434064,0.0033861564357010846,0.0009927921926035648
2010-12-01,2011-01-01,lag_10,0.0037459440910962,0.0,0.0033861564357010846,0.0009927921926035648
2010-12-01,2011-01-01,lag_11,0.0108406384790482,-0.0010955044333721814,0.0033861564357010846,0.0009927921926035648
2010-12-01,2011-01-01,volatility_3m,0.006461907583794786,0.0003275210563213344,0.0033861564357010846,0.0009927921926035648
2011-01-01,2011-02-01,lag_0,-0.0021083561409289,-0.00023870707412872112,0.002417264444943871,0.0008594679633179113
2011-01-01,2011-02-01,lag_1,0.009737829134778,0.0016406168166250654,0.002417264444943871,0.0008594679633179113
2011-01-01,2011-02-01,lag_2,0.0008691845526112,0.0,0.002417264444943871,0.0008594679633179113
2011-01-01,2011-02-01,lag_3,-0.0028376912450953,-0.0010490710775586003,0.002417264444943871,0.0008594679633179113
2011-01-01,2011-02-01,lag_4,0.0029434252658697,0.0,0.002417264444943871,0.0008594679633179113
2011-01-01,2011-02-01,lag_5,0.0036579355962977,-0.000230627281475951,0.002417264444943871,0.0008594679633179113
2011-01-01,2011-02-01,lag_6,0.0037898457435989,0.0,0.002417264444943871,0.0008594679633179113
2011-01-01,2011-02-01,lag_7,0.0018475022092525,0.0,0.002417264444943871,0.0008594679633179113
2011-01-01,2011-02-01,lag_8,0.0134185316829222,0.0019449606796743163,0.002417264444943871,0.0008594679633179113
2011-01-01,2011-02-01,lag_9,0.0033865562000299,0.0,0.002417264444943871,0.0008594679633179113
2011-01-01,2011-02-01,lag_10,0.0068333611273256,-0.0008752122077934643,0.002417264444943871,0.0008594679633179113
2011-01-01,2011-02-01,lag_11,0.0037459440910962,0.0,0.002417264444943871,0.0008594679633179113
2011-01-01,2011-02-01,volatility_3m,0.006162395514906774,0.0003658366262833145,0.002417264444943871,0.0008594679633179113
2011-02-01,2011-03-01,lag_0,-0.003978748128941,-0.0009243034404646006,0.0013397504004692758,0.000802402609654704
2011-02-01,2011-03-01,lag_1,-0.0021083561409289,-0.00045464410001748483,0.0013397504004692758,0.000802402609654704
2011-02-01,2011-03-01,lag_2,0.009737829134778,0.0024996159750186376,0.0013397504004692758,0.000802402609654704
2011-02-01,2011-03-01,lag_3,0.0008691845526112,0.0,0.0013397504004692758,0.000802402609654704
2011-02-01,2011-03-01,lag_4,-0.0028376912450953,-0.00014765414897636346,0.0013397504004692758,0.000802402609654704
2011-02-01,2011-03-01,lag_5,0.0029434252658697,0.0,0.0013397504004692758,0.000802402609654704
2011-02-01,2011-03-01,lag_6,0.0036579355962977,0.0,0.0013397504004692758,0.000802402609654704
2011-02-01,2011-03-01,lag_7,0.0037898457435989,0.0,0.0013397504004692758,0.000802402609654704
2011-02-01,2011-03-01,lag_8,0.0018475022092525,0.0,0.0013397504004692758,0.000802402609654704
2011-02-01,2011-03-01,lag_9,0.0134185316829222,0.0,0.0013397504004692758,0.000802402609654704
2011-02-01,2011-03-01,lag_10,0.0033865562000299,-0.00021910003864692308,0.0013397504004692758,0.000802402609654704
2011-02-01,2011-03-01,lag_11,0.0068333611273256,-0.0006976829487668904,0.0013397504004692758,0.000802402609654704
2011-02-01,2011-03-01,volatility_3m,0.007438357385950742,0.00048111649266819657,0.0013397504004692758,0.000802402609654704
2011-03-01,2011-04-01,lag_0,0.0103489910718046,0.0033068518145019828,0.005711119810284339,0.0011595681494298738
2011-03-01,2011-04-01,lag_1,-0.003978748128941,-0.0008655754665243637,0.005711119810284339,0.0011595681494298738
2011-03-01,2011-04-01,lag_2,-0.0021083561409289,-0.0005297641668482833,0.005711119810284339,0.0011595681494298738
2011-03-01,2011-04-01,lag_3,0.009737829134778,0.0020475491839184673,0.005711119810284339,0.0011595681494298738
2011-03-01,2011-04-01,lag_4,0.0008691845526112,0.0,0.005711119810284339,0.0011595681494298738
2011-03-01,2011-04-01,lag_5,-0.0028376912450953,0.000717937360601964,0.005711119810284339,0.0011595681494298738
2011-03-01,2011-04-01,lag_6,0.0029434252658697,0.00039169250296304146,0.005711119810284339,0.0011595681494298738
2011-03-01,2011-04-01,lag_7,0.0036579355962977,0.0,0.005711119810284339,0.0011595681494298738
2011-03-01,2011-04-01,lag_8,0.0037898457435989,0.0007967793829516251,0.005711119810284339,0.0011595681494298738
2011-03-01,2011-04-01,lag_9,0.0018475022092525,0.00025535434199937485,0.005711119810284339,0.0011595681494298738
2011-03-01,2011-04-01,lag_10,0.0134185316829222,-0.0012485928594881443,0.005711119810284339,0.0011595681494298738
2011-03-01,2011-04-01,lag_11,0.0033865562000299,0.0,0.005711119810284339,0.0011595681494298738
2011-03-01,2011-04-01,volatility_3m,0.007788538334972329,-0.00032068043322119964,0.005711119810284339,0.0011595681494298738
2011-04-01,2011-05-01,lag_0,-0.0032354993818444,-0.0005861719342117629,0.0016287765534338848,0.0009989570092123375
2011-04-01,2011-05-01,lag_1,0.0103489910718046,0.0019120122437584599,0.0016287765534338848,0.0009989570092123375
2011-04-01,2011-05-01,lag_2,-0.003978748128941,-0.0009958320834873241,0.0016287765534338848,0.0009989570092123375
2011-04-01,2011-05-01,lag_3,-0.0021083561409289,-0.0005517218094460603,0.0016287765534338848,0.0009989570092123375
2011-04-01,2011-05-01,lag_4,0.009737829134778,-0.00037306885474640923,0.0016287765534338848,0.0009989570092123375
2011-04-01,2011-05-01,lag_5,0.0008691845526112,0.0,0.0016287765534338848,0.0009989570092123375
2011-04-01,2011-05-01,lag_6,-0.0028376912450953,0.0,0.0016287765534338848,0.0009989570092123375
2011-04-01,2011-05-01,lag_7,0.0029434252658697,0.0,0.0016287765534338848,0.0009989570092123375
2011-04-01,2011-05-01,lag_8,0.0036579355962977,0.0005543124829910659,0.0016287765534338848,0.0009989570092123375
2011-04-01,2011-05-01,lag_9,0.0037898457435989,0.0003831409346341291,0.0016287765534338848,0.0009989570092123375
2011-04-01,2011-05-01,lag_10,0.0018475022092525,0.0,0.0016287765534338848,0.0009989570092123375
2011-04-01,2011-05-01,lag_11,0.0134185316829222,-0.0006492074939329814,0.0016287765534338848,0.0009989570092123375
2011-04-01,2011-05-01,volatility_3m,0.008066131974599346,0.0009363560586624304,0.0016287765534338848,0.0009989570092123375
2011-05-01,2011-06-01,lag_0,0.0012053529354325,0.0,-0.0007863277334871813,0.0009534641749769857
2011-05-01,2011-06-01,lag_1,-0.0032354993818444,-0.0007879311567893155,-0.0007863277334871813,0.0009534641749769857
2011-05-01,2011-06-01,lag_2,0.0103489910718046,0.0014686083776850336,-0.0007863277334871813,0.0009534641749769857
2011-05-01,2011-06-01,lag_3,-0.003978748128941,-0.0009753669939848151,-0.0007863277334871813,0.0009534641749769857
2011-05-01,2011-06-01,lag_4,-0.0021083561409289,0.0,-0.0007863277334871813,0.0009534641749769857
2011-05-01,2011-06-01,lag_5,0.009737829134778,-0.0007106850991816247,-0.0007863277334871813,0.0009534641749769857
2011-05-01,2011-06-01,lag_6,0.0008691845526112,0.0,-0.0007863277334871813,0.0009534641749769857
2011-05-01,2011-06-01,lag_7,-0.0028376912450953,-0.00030548494265440063,-0.0007863277334871813,0.0009534641749769857
2011-05-01,2011-06-01,lag_8,0.0029434252658697,0.0,-0.0007863277334871813,0.0009534641749769857
2011-05-01,2011-06-01,lag_9,0.0036579355962977,0.0,-0.0007863277334871813,0.0009534641749769857
2011-05-01,2011-06-01,lag_10,0.0037898457435989,-9.937717921717376e-05,-0.0007863277334871813,0.0009534641749769857
2011-05-01,2011-06-01,lag_11,0.0018475022092525,-0.00032955491432187084,-0.0007863277334871813,0.0009534641749769857
2011-05-01,2011-06-01,volatility_3m,0.006926587285694434,0.0,-0.0007863277334871813,0.0009534641749769857
2011-06-01,2011-07-01,lag_0,0.0030203149621863,0.0,0.0014516549762143794,0.0017619038646732239
2011-06-01,2011-07-01,lag_1,0.0012053529354325,0.0,0.0014516549762143794,0.0017619038646732239
2011-06-01,2011-07-01,lag_2,-0.0032354993818444,-0.0004639370411955231,0.0014516549762143794,0.0017619038646732239
2011-06-01,2011-07-01,lag_3,0.0103489910718046,-0.0004818891831056963,0.0014516549762143794,0.0017619038646732239
2011-06-01,2011-07-01,lag_4,-0.003978748128941,0.0,0.0014516549762143794,0.0017619038646732239
2011-06-01,2011-07-01,lag_5,-0.0021083561409289,0.0,0.0014516549762143794,0.0017619038646732239
2011-06-01,2011-07-01,lag_6,0.009737829134778,0.0007757464329939905,0.0014516549762143794,0.0017619038646732239
2011-06-01,2011-07-01,lag_7,0.0008691845526112,0.0,0.0014516549762143794,0.0017619038646732239
2011-06-01,2011-07-01,lag_8,-0.0028376912450953,0.0,0.0014516549762143794,0.0017619038646732239
2011-06-01,2011-07-01,lag_9,0.0029434252658697,0.0,0.0014516549762143794,0.0017619038646732239
2011-06-01,2011-07-01,lag_10,0.0036579355962977,0.0,0.0014516549762143794,0.0017619038646732239
2011-06-01,2011-07-01,lag_11,0.0037898457435989,0.0,0.0014516549762143794,0.0017619038646732239
2011-06-01,2011-07-01,volatility_3m,0.0032184486317013597,-0.00014016909715161552,0.0014516549762143794,0.0017619038646732239
2011-07-01,2011-08-01,lag_0,0.0049150558673387,0.0,0.0005945348983171198,0.0017773606414050837
2011-07-01,2011-08-01,lag_1,0.0030203149621863,0.0,0.0005945348983171198,0.0017773606414050837
2011-07-01,2011-08-01,lag_2,0.0012053529354325,-6.839434439856182e-05,0.0005945348983171198,0.0017773606414050837
2011-07-01,2011-08-01,lag_3,-0.0032354993818444,0.0,0.0005945348983171198,0.0017773606414050837
2011-07-01,2011-08-01,lag_4,0.0103489910718046,-0.00018064370349912267,0.0005945348983171198,0.0017773606414050837
2011-07-01,2011-08-01,lag_5,-0.003978748128941,-0.0001620989247894997,0.0005945348983171198,0.0017773606414050837
2011-07-01,2011-08-01,lag_6,-0.0021083561409289,-0.00027773612157452616,0.0005945348983171198,0.0017773606414050837
2011-07-01,2011-08-01,lag_7,0.009737829134778,-0.00022684400395929356,0.0005945348983171198,0.0017773606414050837
2011-07-01,2011-08-01,lag_8,0.0008691845526112,-2.3703721137407737e-05,0.0005945348983171198,0.0017773606414050837
2011-07-01,2011-08-01,lag_9,-0.0028376912450953,0.0,0.0005945348983171198,0.0017773606414050837
2011-07-01,2011-08-01,lag_10,0.0029434252658697,-2.6781659380884556e-05,0.0005945348983171198,0.0017773606414050837
2011-07-01,2011-08-01,lag_11,0.0036579355962977,-3.2969622198184057e-05,0.0005945348983171198,0.0017773606414050837
2011-07-01,2011-08-01,volatility_3m,0.001854994433918399,-0.00018365364215048379,0.0005945348983171198,0.0017773606414050837
2011-08-01,2011-09-01,lag_0,0.0067284438160486,0.0005010445004552083,0.0017249843629815974,0.0017790671106714265
2011-08-01,2011-09-01,lag_1,0.0049150558673387,0.0,0.0017249843629815974,0.0017790671106714265
2011-08-01,2011-09-01,lag_2,0.0030203149621863,0.0,0.0017249843629815974,0.0017790671106714265
2011-08-01,2011-09-01,lag_3,0.0012053529354325,0.0,0.0017249843629815974,0.0017790671106714265
2011-08-01,2011-09-01,lag_4,-0.0032354993818444,0.0,0.0017249843629815974,0.0017790671106714265
2011-08-01,2011-09-01,lag_5,0.0103489910718046,0.0004926417621743331,0.0017249843629815974,0.0017790671106714265
2011-08-01,2011-09-01,lag_6,-0.003978748128941,-0.0004644449570856945,0.0017249843629815974,0.0017790671106714265
2011-08-01,2011-09-01,lag_7,-0.0021083561409289,0.0,0.0017249843629815974,0.0017790671106714265
2011-08-01,2011-09-01,lag_8,0.009737829134778,-0.000583324053233676,0.0017249843629815974,0.0017790671106714265
2011-08-01,2011-09-01,lag_9,0.0008691845526112,0.0,0.0017249843629815974,0.0017790671106714265
2011-08-01,2011-09-01,lag_10,-0.0028376912450953,0.0,0.0017249843629815974,0.0017790671106714265
2011-08-01,2011-09-01,lag_11,0.0029434252658697,0.0,0.0017249843629815974,0.0017790671106714265
2011-08-01,2011-09-01,volatility_3m,0.0018542131550889798,0.0,0.0017249843629815974,0.0017790671106714265
2011-09-01,2011-10-01,lag_0,-0.0008274225944706,0.0,0.0029893609734428506,0.0017817825375830852
2011-09-01,2011-10-01,lag_1,0.0067284438160486,8.619042864814512e-05,0.0029893609734428506,0.0017817825375830852
2011-09-01,2011-10-01,lag_2,0.0049150558673387,0.00022859128351178333,0.0029893609734428506,0.0017817825375830852
2011-09-01,2011-10-01,lag_3,0.0030203149621863,0.0,0.0029893609734428506,0.0017817825375830852
2011-09-01,2011-10-01,lag_4,0.0012053529354325,0.0,0.0029893609734428506,0.0017817825375830852
2011-09-01,2011-10-01,lag_5,-0.0032354993818444,0.0,0.0029893609734428506,0.0017817825375830852
2011-09-01,2011-10-01,lag_6,0.0103489910718046,0.0008148924440846063,0.0029893609734428506,0.0017817825375830852
2011-09-01,2011-10-01,lag_7,-0.003978748128941,1.7702819311492214e-05,0.0029893609734428506,0.0017817825375830852
2011-09-01,2011-10-01,lag_8,-0.0021083561409289,6.0201460303738344e-05,0.0029893609734428506,0.0017817825375830852
2011-09-01,2011-10-01,lag_9,0.009737829134778,0.0,0.0029893609734428506,0.0017817825375830852
2011-09-01,2011-10-01,lag_10,0.0008691845526112,0.0,0.0029893609734428506,0.0017817825375830852
2011-09-01,2011-10-01,lag_11,-0.0028376912450953,0.0,0.0029893609734428506,0.0017817825375830852
2011-09-01,2011-10-01,volatility_3m,0.003944522614767688,0.0,0.0029893609734428506,0.0017817825375830852
2011-10-01,2011-11-01,lag_0,0.0069164365872342,0.0004123524402005729,0.001558223736468787,0.0018155274981170408
2011-10-01,2011-11-01,lag_1,-0.0008274225944706,0.0,0.001558223736468787,0.0018155274981170408
2011-10-01,2011-11-01,lag_2,0.0067284438160486,0.0004383710867686006,0.001558223736468787,0.0018155274981170408
2011-10-01,2011-11-01,lag_3,0.0049150558673387,-0.00024607930370646933,0.001558223736468787,0.0018155274981170408
2011-10-01,2011-11-01,lag_4,0.0030203149621863,0.0,0.001558223736468787,0.0018155274981170408
2011-10-01,2011-11-01,lag_5,0.0012053529354325,0.0,0.001558223736468787,0.0018155274981170408
2011-10-01,2011-11-01,lag_6,-0.0032354993818444,-0.00046896320854264434,0.001558223736468787,0.0018155274981170408
2011-10-01,2011-11-01,lag_7,0.0103489910718046,-0.0003560529111729822,0.001558223736468787,0.0018155274981170408
2011-10-01,2011-11-01,lag_8,-0.003978748128941,0.000288082916492885,0.001558223736468787,0.0018155274981170408
2011-10-01,2011-11-01,lag_9,-0.0021083561409289,0.0,0.001558223736468787,0.0018155274981170408
2011-10-01,2011-11-01,lag_10,0.009737829134778,-0.00032501478168821637,0.001558223736468787,0.0018155274981170408
2011-10-01,2011-11-01,lag_11,0.0008691845526112,0.0,0.001558223736468787,0.0018155274981170408
2011-10-01,2011-11-01,volatility_3m,0.004417650460024048,0.0,0.001558223736468787,0.0018155274981170408
2011-11-01,2011-12-01,lag_0,-8.659124192433865e-05,-0.00014143543770623286,0.0006022902498590057,0.001820030374924563
2011-11-01,2011-12-01,lag_1,0.0069164365872342,0.0,0.0006022902498590057,0.001820030374924563
2011-11-01,2011-12-01,lag_2,-0.0008274225944706,-0.00020962172362924336,0.0006022902498590057,0.001820030374924563
2011-11-01,2011-12-01,lag_3,0.0067284438160486,-0.00020015295357537154,0.0006022902498590057,0.001820030374924563
2011-11-01,2011-12-01,lag_4,0.0049150558673387,-3.9538484458602995e-05,0.0006022902498590057,0.001820030374924563
2011-11-01,2011-12-01,lag_5,0.0030203149621863,0.0,0.0006022902498590057,0.001820030374924563
2011-11-01,2011-12-01,lag_6,0.0012053529354325,0.0,0.0006022902498590057,0.001820030374924563
2011-11-01,2011-12-01,lag_7,-0.0032354993818444,0.0,0.0006022902498590057,0.001820030374924563
2011-11-01,2011-12-01,lag_8,0.0103489910718046,-0.0005026941705938412,0.0006022902498590057,0.001820030374924563
2011-11-01,2011-12-01,lag_9,-0.003978748128941,0.0,0.0006022902498590057,0.001820030374924563
2011-11-01,2011-12-01,lag_10,-0.0021083561409289,0.0,0.0006022902498590057,0.001820030374924563
2011-11-01,2011-12-01,lag_11,0.009737829134778,-0.00012429735510226562,0.0006022902498590057,0.001820030374924563
2011-11-01,2011-12-01,volatility_3m,0.004273144527061974,0.0,0.0006022902498590057,0.001820030374924563
2011-12-01,2012-01-01,lag_0,0.0052922619015616,0.0003124816702131302,0.0032687780358139668,0.0018038182750531233
2011-12-01,2012-01-01,lag_1,-8.659124192433865e-05,0.0,0.0032687780358139668,0.0018038182750531233
2011-12-01,2012-01-01,lag_2,0.0069164365872342,0.0005267208490853946,0.0032687780358139668,0.0018038182750531233
2011-12-01,2012-01-01,lag_3,-0.0008274225944706,5.2394555433189554e-05,0.0032687780358139668,0.0018038182750531233
2011-12-01,2012-01-01,lag_4,0.0067284438160486,0.0,0.0032687780358139668,0.0018038182750531233
2011-12-01,2012-01-01,lag_5,0.0049150558673387,0.00011156508739781634,0.0032687780358139668,0.0018038182750531233
2011-12-01,2012-01-01,lag_6,0.0030203149621863,0.0001227650612935289,0.0032687780358139668,0.0018038182750531233
2011-12-01,2012-01-01,lag_7,0.0012053529354325,0.0,0.0032687780358139668,0.0018038182750531233
2011-12-01,2012-01-01,lag_8,-0.0032354993818444,0.0002299675586381862,0.0032687780358139668,0.0018038182750531233
2011-12-01,2012-01-01,lag_9,0.0103489910718046,0.0,0.0032687780358139668,0.0018038182750531233
2011-12-01,2012-01-01,lag_10,-0.003978748128941,0.00010906497869959759,0.0032687780358139668,0.0018038182750531233
2011-12-01,2012-01-01,lag_11,-0.0021083561409289,0.0,0.0032687780358139668,0.0018038182750531233
2011-12-01,2012-01-01,volatility_3m,0.0036654332014269294,0.0,0.0032687780358139668,0.0018038182750531233
2012-01-01,2012-02-01,lag_0,0.0059465566157381,0.0003905364880001882,0.0021328206645591383,0.0018281881334026094
2012-01-01,2012-02-01,lag_1,0.0052922619015616,0.0,0.0021328206645591383,0.0018281881334026094
2012-01-01,2012-02-01,lag_2,-8.659124192433865e-05,0.0,0.0021328206645591383,0.0018281881334026094
2012-01-01,2012-02-01,lag_3,0.0069164365872342,-0.00035179041790913844,0.0021328206645591383,0.0018281881334026094
2012-01-01,2012-02-01,lag_4,-0.0008274225944706,0.0,0.0021328206645591383,0.0018281881334026094
2012-01-01,2012-02-01,lag_5,0.0067284438160486,0.0002738721591940994,0.0021328206645591383,0.0018281881334026094
2012-01-01,2012-02-01,lag_6,0.0049150558673387,0.0003496832350435291,0.0021328206645591383,0.0018281881334026094
2012-01-01,2012-02-01,lag_7,0.0030203149621863,0.0,0.0021328206645591383,0.0018281881334026094
2012-01-01,2012-02-01,lag_8,0.0012053529354325,0.0,0.0021328206645591383,0.0018281881334026094
2012-01-01,2012-02-01,lag_9,-0.0032354993818444,0.0,0.0021328206645591383,0.0018281881334026094
2012-01-01,2012-02-01,lag_10,0.0103489910718046,-0.00035766893317214926,0.0021328206645591383,0.0018281881334026094
2012-01-01,2012-02-01,lag_11,-0.003978748128941,0.0,0.0021328206645591383,0.0018281881334026094
2012-01-01,2012-02-01,volatility_3m,0.0033105648003677744,0.0,0.0021328206645591383,0.0018281881334026094
2012-02-01,2012-03-01,lag_0,0.0032105037842917,0.0,0.0020570500088968784,0.0018426889146876914
2012-02-01,2012-03-01,lag_1,0.0059465566157381,0.0,0.0020570500088968784,0.0018426889146876914
2012-02-01,2012-03-01,lag_2,0.0052922619015616,0.00034609844470633077,0.0020570500088968784,0.0018426889146876914
2012-02-01,2012-03-01,lag_3,-8.659124192433865e-05,0.0,0.0020570500088968784,0.0018426889146876914
2012-02-01,2012-03-01,lag_4,0.0069164365872342,0.0,0.0020570500088968784,0.0018426889146876914
2012-02-01,2012-03-01,lag_5,-0.0008274225944706,0.0,0.0020570500088968784,0.0018426889146876914
2012-02-01,2012-03-01,lag_6,0.0067284438160486,0.0005154685082935173,0.0020570500088968784,0.0018426889146876914
2012-02-01,2012-03-01,lag_7,0.0049150558673387,0.0,0.0020570500088968784,0.0018426889146876914
2012-02-01,2012-03-01,lag_8,0.0030203149621863,0.0,0.0020570500088968784,0.0018426889146876914
2012-02-01,2012-03-01,lag_9,0.0012053529354325,0.0,0.0020570500088968784,0.0018426889146876914
2012-02-01,2012-03-01,lag_10,-0.0032354993818444,0.0,0.0020570500088968784,0.0018426889146876914
2012-02-01,2012-03-01,lag_11,0.0103489910718046,-0.0002899585455095621,0.0020570500088968784,0.0018426889146876914
2012-02-01,2012-03-01,volatility_3m,0.0014287409100489077,-0.00035724731328109897,0.0020570500088968784,0.0018426889146876914
2012-03-01,2012-04-01,lag_0,-0.0051911748236843,-0.0004987722016319406,0.0008967985169287568,0.001844085619894081
2012-03-01,2012-04-01,lag_1,0.0032105037842917,0.0,0.0008967985169287568,0.001844085619894081
2012-03-01,2012-04-01,lag_2,0.0059465566157381,0.0,0.0008967985169287568,0.001844085619894081
2012-03-01,2012-04-01,lag_3,0.0052922619015616,-9.502603455768929e-05,0.0008967985169287568,0.001844085619894081
2012-03-01,2012-04-01,lag_4,-8.659124192433865e-05,0.0,0.0008967985169287568,0.001844085619894081
2012-03-01,2012-04-01,lag_5,0.0069164365872342,0.0,0.0008967985169287568,0.001844085619894081
2012-03-01,2012-04-01,lag_6,-0.0008274225944706,-0.00013556196167048513,0.0008967985169287568,0.001844085619894081
2012-03-01,2012-04-01,lag_7,0.0067284438160486,-5.977320725517965e-05,0.0008967985169287568,0.001844085619894081
2012-03-01,2012-04-01,lag_8,0.0049150558673387,-0.0001581536978500296,0.0008967985169287568,0.001844085619894081
2012-03-01,2012-04-01,lag_9,0.0030203149621863,0.0,0.0008967985169287568,0.001844085619894081
2012-03-01,2012-04-01,lag_10,0.0012053529354325,0.0,0.0008967985169287568,0.001844085619894081
2012-03-01,2012-04-01,lag_11,-0.0032354993818444,0.0,0.0008967985169287568,0.001844085619894081
2012-03-01,2012-04-01,volatility_3m,0.005804068259202413,0.0,0.0008967985169287568,0.001844085619894081
2012-04-01,2012-05-01,lag_0,0.0071677585057825,0.00048336686364526673,0.001808320762791759,0.0018356249884299044
2012-04-01,2012-05-01,lag_1,-0.0051911748236843,-0.0002831109843995366,0.001808320762791759,0.0018356249884299044
2012-04-01,2012-05-01,lag_2,0.0032105037842917,0.0,0.001808320762791759,0.0018356249884299044
2012-04-01,2012-05-01,lag_3,0.0059465566157381,-0.0002885615052773687,0.001808320762791759,0.0018356249884299044
2012-04-01,2012-05-01,lag_4,0.0052922619015616,0.0,0.001808320762791759,0.0018356249884299044
2012-04-01,2012-05-01,lag_5,-8.659124192433865e-05,0.0,0.001808320762791759,0.0018356249884299044
2012-04-01,2012-05-01,lag_6,0.0069164365872342,0.0005008991794633158,0.001808320762791759,0.0018356249884299044
2012-04-01,2012-05-01,lag_7,-0.0008274225944706,0.0,0.001808320762791759,0.0018356249884299044
2012-04-01,2012-05-01,lag_8,0.0067284438160486,-0.00043989777906982267,0.001808320762791759,0.0018356249884299044
2012-04-01,2012-05-01,lag_9,0.0049150558673387,0.0,0.001808320762791759,0.0018356249884299044
2012-04-01,2012-05-01,lag_10,0.0030203149621863,0.0,0.001808320762791759,0.0018356249884299044
2012-04-01,2012-05-01,lag_11,0.0012053529354325,0.0,0.001808320762791759,0.0018356249884299044
2012-04-01,2012-05-01,volatility_3m,0.0063112505549572364,0.0,0.001808320762791759,0.0018356249884299044
2012-05-01,2012-06-01,lag_0,0.0023065483365494,0.0,0.0006420240693814337,0.0018346080187316852
2012-05-01,2012-06-01,lag_1,0.0071677585057825,0.0,0.0006420240693814337,0.0018346080187316852
2012-05-01,2012-06-01,lag_2,-0.0051911748236843,-0.0005938826874790882,0.0006420240693814337,0.0018346080187316852
2012-05-01,2012-06-01,lag_3,0.0032105037842917,-6.806047885034579e-05,0.0006420240693814337,0.0018346080187316852
2012-05-01,2012-06-01,lag_4,0.0059465566157381,-6.905118746925776e-05,0.0006420240693814337,0.0018346080187316852
2012-05-01,2012-06-01,lag_5,0.0052922619015616,0.0,0.0006420240693814337,0.0018346080187316852
2012-05-01,2012-06-01,lag_6,-8.659124192433865e-05,-0.00014259421914013872,0.0006420240693814337,0.0018346080187316852
2012-05-01,2012-06-01,lag_7,0.0069164365872342,-0.00014124057005748754,0.0006420240693814337,0.0018346080187316852
2012-05-01,2012-06-01,lag_8,-0.0008274225944706,0.0,0.0006420240693814337,0.0018346080187316852
2012-05-01,2012-06-01,lag_9,0.0067284438160486,-6.399569810061059e-05,0.0006420240693814337,0.0018346080187316852
2012-05-01,2012-06-01,lag_10,0.0049150558673387,-8.49037187754139e-05,0.0006420240693814337,0.0018346080187316852
2012-05-01,2012-06-01,lag_11,0.0030203149621863,-2.8855389477909065e-05,0.0006420240693814337,0.0018346080187316852
2012-05-01,2012-06-01,volatility_3m,0.006226160533576123,0.0,0.0006420240693814337,0.0018346080187316852
2012-06-01,2012-07-01,lag_0,5.529183852992503e-05,0.0,0.0023885713353736186,0.0018156128822374722
2012-06-01,2012-07-01,lag_1,0.0023065483365494,0.0,0.0023885713353736186,0.0018156128822374722
2012-06-01,2012-07-01,lag_2,0.0071677585057825,0.00046400330693336365,0.0023885713353736186,0.0018156128822374722
2012-06-01,2012-07-01,lag_3,-0.0051911748236843,0.0002754699636085958,0.0023885713353736186,0.0018156128822374722
2012-06-01,2012-07-01,lag_4,0.0032105037842917,0.0,0.0023885713353736186,0.0018156128822374722
2012-06-01,2012-07-01,lag_5,0.0059465566157381,0.00011281558686257085,0.0023885713353736186,0.0018156128822374722
2012-06-01,2012-07-01,lag_6,0.0052922619015616,0.0002651036489874865,0.0023885713353736186,0.0018156128822374722
2012-06-01,2012-07-01,lag_7,-8.659124192433865e-05,0.0,0.0023885713353736186,0.0018156128822374722
2012-06-01,2012-07-01,lag_8,0.0069164365872342,-0.0005444340532558704,0.0023885713353736186,0.0018156128822374722
2012-06-01,2012-07-01,lag_9,-0.0008274225944706,0.0,0.0023885713353736186,0.0018156128822374722
2012-06-01,2012-07-01,lag_10,0.0067284438160486,0.0,0.0023885713353736186,0.0018156128822374722
2012-06-01,2012-07-01,lag_11,0.0049150558673387,0.0,0.0023885713353736186,0.0018156128822374722
2012-06-01,2012-07-01,volatility_3m,0.0036351685477225854,0.0,0.0023885713353736186,0.0018156128822374722
2012-07-01,2012-08-01,lag_0,0.0020967842001429,0.0,0.0014513306091559776,0.0018239786319865412
2012-07-01,2012-08-01,lag_1,5.529183852992503e-05,0.0,0.0014513306091559776,0.0018239786319865412
2012-07-01,2012-08-01,lag_2,0.0023065483365494,0.0,0.0014513306091559776,0.0018239786319865412
2012-07-01,2012-08-01,lag_3,0.0071677585057825,-0.00031307930834561663,0.0014513306091559776,0.0018239786319865412
2012-07-01,2012-08-01,lag_4,-0.0051911748236843,0.0,0.0014513306091559776,0.0018239786319865412
2012-07-01,2012-08-01,lag_5,0.0032105037842917,0.0,0.0014513306091559776,0.0018239786319865412
2012-07-01,2012-08-01,lag_6,0.0059465566157381,0.0003858522523488205,0.0014513306091559776,0.0018239786319865412
2012-07-01,2012-08-01,lag_7,0.0052922619015616,-0.00013532877421657588,0.0014513306091559776,0.0018239786319865412
2012-07-01,2012-08-01,lag_8,-8.659124192433865e-05,0.0,0.0014513306091559776,0.0018239786319865412
2012-07-01,2012-08-01,lag_9,0.0069164365872342,0.0,0.0014513306091559776,0.0018239786319865412
2012-07-01,2012-08-01,lag_10,-0.0008274225944706,0.0,0.0014513306091559776,0.0018239786319865412
2012-07-01,2012-08-01,lag_11,0.0067284438160486,0.0,0.0014513306091559776,0.0018239786319865412
2012-07-01,2012-08-01,volatility_3m,0.001243640346946643,-0.0003100921926171916,0.0014513306091559776,0.0018239786319865412
2012-08-01,2012-09-01,lag_0,-0.0042882704697033,-0.00031400411562576986,0.000626553852755569,0.0018097148460912325
2012-08-01,2012-09-01,lag_1,0.0020967842001429,0.0,0.000626553852755569,0.0018097148460912325
2012-08-01,2012-09-01,lag_2,5.529183852992503e-05,-0.00013709666172275224,0.000626553852755569,0.0018097148460912325
2012-08-01,2012-09-01,lag_3,0.0023065483365494,-4.3047678323914016e-05,0.000626553852755569,0.0018097148460912325
2012-08-01,2012-09-01,lag_4,0.0071677585057825,-7.772180052741402e-05,0.000626553852755569,0.0018097148460912325
2012-08-01,2012-09-01,lag_5,-0.0051911748236843,-0.0001440257685181018,0.000626553852755569,0.0018097148460912325
2012-08-01,2012-09-01,lag_6,0.0032105037842917,0.0,0.000626553852755569,0.0018097148460912325
2012-08-01,2012-09-01,lag_7,0.0059465566157381,-9.283281320597799e-05,0.000626553852755569,0.0018097148460912325
2012-08-01,2012-09-01,lag_8,0.0052922619015616,-0.00019767006014872397,0.000626553852755569,0.0018097148460912325
2012-08-01,2012-09-01,lag_9,-8.659124192433865e-05,0.0,0.000626553852755569,0.0018097148460912325
2012-08-01,2012-09-01,lag_10,0.0069164365872342,-0.00010132729994782713,0.000626553852755569,0.0018097148460912325
2012-08-01,2012-09-01,lag_11,-0.0008274225944706,0.0,0.000626553852755569,0.0018097148460912325
2012-08-01,2012-09-01,volatility_3m,0.0032609596676682266,-7.543479531518224e-05,0.000626553852755569,0.0018097148460912325
2012-09-01,2012-10-01,lag_0,-0.000733960055224,-0.0001666065341912109,0.0006130150377058291,0.0017875639936947385
2012-09-01,2012-10-01,lag_1,-0.0042882704697033,-0.00011393866950833997,0.0006130150377058291,0.0017875639936947385
2012-09-01,2012-10-01,lag_2,0.0020967842001429,0.0,0.0006130150377058291,0.0017875639936947385
2012-09-01,2012-10-01,lag_3,5.529183852992503e-05,0.0,0.0006130150377058291,0.0017875639936947385
2012-09-01,2012-10-01,lag_4,0.0023065483365494,0.0,0.0006130150377058291,0.0017875639936947385
2012-09-01,2012-10-01,lag_5,0.0071677585057825,0.0,0.0006130150377058291,0.0017875639936947385
2012-09-01,2012-10-01,lag_6,-0.0051911748236843,-0.0004003812124680733,0.0006130150377058291,0.0017875639936947385
2012-09-01,2012-10-01,lag_7,0.0032105037842917,-5.003785565543986e-05,0.0006130150377058291,0.0017875639936947385
2012-09-01,2012-10-01,lag_8,0.0059465566157381,-0.00023084453012258072,0.0006130150377058291,0.0017875639936947385
2012-09-01,2012-10-01,lag_9,0.0052922619015616,-4.419974643210642e-05,0.0006130150377058291,0.0017875639936947385
2012-09-01,2012-10-01,lag_10,-8.659124192433865e-05,0.0,0.0006130150377058291,0.0017875639936947385
2012-09-01,2012-10-01,lag_11,0.0069164365872342,-8.106242357866782e-05,0.0006130150377058291,0.0017875639936947385
2012-09-01,2012-10-01,volatility_3m,0.003199353025709351,-8.747798403249029e-05,0.0006130150377058291,0.0017875639936947385
2012-10-01,2012-11-01,lag_0,0.0034679632891858,0.0,0.001460726492993618,0.001785347590317668
2012-10-01,2012-11-01,lag_1,-0.000733960055224,0.0,0.001460726492993618,0.001785347590317668
2012-10-01,2012-11-01,lag_2,-0.0042882704697033,-0.0007080956697469523,0.001460726492993618,0.001785347590317668
2012-10-01,2012-11-01,lag_3,0.0020967842001429,0.0,0.001460726492993618,0.001785347590317668
2012-10-01,2012-11-01,lag_4,5.529183852992503e-05,0.0,0.001460726492993618,0.001785347590317668
2012-10-01,2012-11-01,lag_5,0.0023065483365494,0.0,0.001460726492993618,0.001785347590317668
2012-10-01,2012-11-01,lag_6,0.0071677585057825,0.00038347457242290223,0.001460726492993618,0.001785347590317668
2012-10-01,2012-11-01,lag_7,-0.0051911748236843,0.0,0.001460726492993618,0.001785347590317668
2012-10-01,2012-11-01,lag_8,0.0032105037842917,0.0,0.001460726492993618,0.001785347590317668
2012-10-01,2012-11-01,lag_9,0.0059465566157381,0.0,0.001460726492993618,0.001785347590317668
2012-10-01,2012-11-01,lag_10,0.0052922619015616,0.0,0.001460726492993618,0.001785347590317668
2012-10-01,2012-11-01,lag_11,-8.659124192433865e-05,0.0,0.001460726492993618,0.001785347590317668
2012-10-01,2012-11-01,volatility_3m,0.003882620344503245,0.0,0.001460726492993618,0.001785347590317668
2012-11-01,2012-12-01,lag_0,0.0036609386281414,0.0,0.0016971944385426483,0.0017926859735177968
2012-11-01,2012-12-01,lag_1,0.0034679632891858,0.0,0.0016971944385426483,0.0017926859735177968
2012-11-01,2012-12-01,lag_2,-0.000733960055224,-0.00028767640336243254,0.0016971944385426483,0.0017926859735177968
2012-11-01,2012-12-01,lag_3,-0.0042882704697033,0.0002710662515387293,0.0016971944385426483,0.0017926859735177968
2012-11-01,2012-12-01,lag_4,0.0020967842001429,0.0,0.0016971944385426483,0.0017926859735177968
2012-11-01,2012-12-01,lag_5,5.529183852992503e-05,0.0,0.0016971944385426483,0.0017926859735177968
2012-11-01,2012-12-01,lag_6,0.0023065483365494,0.0,0.0016971944385426483,0.0017926859735177968
2012-11-01,2012-12-01,lag_7,0.0071677585057825,-0.0002471910950899521,0.0016971944385426483,0.0017926859735177968
2012-11-01,2012-12-01,lag_8,-0.0051911748236843,0.0004011984675443898,0.0016971944385426483,0.0017926859735177968
2012-11-01,2012-12-01,lag_9,0.0032105037842917,0.0,0.0016971944385426483,0.0017926859735177968
2012-11-01,2012-12-01,lag_10,0.0059465566157381,0.0,0.0016971944385426483,0.0017926859735177968
2012-11-01,2012-12-01,lag_11,0.0052922619015616,0.0,0.0016971944385426483,0.0017926859735177968
2012-11-01,2012-12-01,volatility_3m,0.0024835637603649314,-0.00023288875560588287,0.0016971944385426483,0.0017926859735177968
2012-12-01,2013-01-01,lag_0,0.0023667469005932,0.0,0.0011342282694086097,0.0017837118247948302
2012-12-01,2013-01-01,lag_1,0.0036609386281414,0.0,0.0011342282694086097,0.0017837118247948302
2012-12-01,2013-01-01,lag_2,0.0034679632891858,0.0,0.0011342282694086097,0.0017837118247948302
2012-12-01,2013-01-01,lag_3,-0.000733960055224,0.0,0.0011342282694086097,0.0017837118247948302
2012-12-01,2013-01-01,lag_4,-0.0042882704697033,0.0,0.0011342282694086097,0.0017837118247948302
2012-12-01,2013-01-01,lag_5,0.0020967842001429,0.0,0.0011342282694086097,0.0017837118247948302
2012-12-01,2013-01-01,lag_6,5.529183852992503e-05,-8.04352693083907e-05,0.0011342282694086097,0.0017837118247948302
2012-12-01,2013-01-01,lag_7,0.0023065483365494,0.0,0.0011342282694086097,0.0017837118247948302
2012-12-01,2013-01-01,lag_8,0.0071677585057825,-0.0003331454376989878,0.0011342282694086097,0.0017837118247948302
2012-12-01,2013-01-01,lag_9,-0.0051911748236843,0.0,0.0011342282694086097,0.0017837118247948302
2012-12-01,2013-01-01,lag_10,0.0032105037842917,0.0,0.0011342282694086097,0.0017837118247948302
2012-12-01,2013-01-01,lag_11,0.0059465566157381,0.0,0.0011342282694086097,0.0017837118247948302
2012-12-01,2013-01-01,volatility_3m,0.0006981940088070257,-0.000235902848378842,0.0011342282694086097,0.0017837118247948302
2013-01-01,2013-02-01,lag_0,0.0002451126233573,-0.00011683291577683296,0.0010615707844860048,0.0017867823829476159
2013-01-01,2013-02-01,lag_1,0.0023667469005932,0.0,0.0010615707844860048,0.0017867823829476159
2013-01-01,2013-02-01,lag_2,0.0036609386281414,0.0,0.0010615707844860048,0.0017867823829476159
2013-01-01,2013-02-01,lag_3,0.0034679632891858,-9.079070858894322e-05,0.0010615707844860048,0.0017867823829476159
2013-01-01,2013-02-01,lag_4,-0.000733960055224,0.0,0.0010615707844860048,0.0017867823829476159
2013-01-01,2013-02-01,lag_5,-0.0042882704697033,-0.00019484884880518457,0.0010615707844860048,0.0017867823829476159
2013-01-01,2013-02-01,lag_6,0.0020967842001429,0.0,0.0010615707844860048,0.0017867823829476159
2013-01-01,2013-02-01,lag_7,5.529183852992503e-05,0.0,0.0010615707844860048,0.0017867823829476159
2013-01-01,2013-02-01,lag_8,0.0023065483365494,-6.269124888984821e-05,0.0010615707844860048,0.0017867823829476159
2013-01-01,2013-02-01,lag_9,0.0071677585057825,-6.612270721449344e-05,0.0010615707844860048,0.0017867823829476159
2013-01-01,2013-02-01,lag_10,-0.0051911748236843,0.0,0.0010615707844860048,0.0017867823829476159
2013-01-01,2013-02-01,lag_11,0.0032105037842917,0.0,0.0010615707844860048,0.0017867823829476159
2013-01-01,2013-02-01,volatility_3m,0.0017245352769638066,-0.0001939251691863087,0.0010615707844860048,0.0017867823829476159
2013-02-01,2013-03-01,lag_0,0.0046660051793319,0.0,0.0006333746233803431,0.001788917404042324
2013-02-01,2013-03-01,lag_1,0.0002451126233573,-3.100511532332464e-05,0.0006333746233803431,0.001788917404042324
2013-02-01,2013-03-01,lag_2,0.0023667469005932,0.0,0.0006333746233803431,0.001788917404042324
2013-02-01,2013-03-01,lag_3,0.0036609386281414,-0.00012073541390581632,0.0006333746233803431,0.001788917404042324
2013-02-01,2013-03-01,lag_4,0.0034679632891858,-4.278322423743276e-05,0.0006333746233803431,0.001788917404042324
2013-02-01,2013-03-01,lag_5,-0.000733960055224,-8.283601292513675e-05,0.0006333746233803431,0.001788917404042324
2013-02-01,2013-03-01,lag_6,-0.0042882704697033,-0.0005016491068652023,0.0006333746233803431,0.001788917404042324
2013-02-01,2013-03-01,lag_7,0.0020967842001429,-3.6433337741511734e-05,0.0006333746233803431,0.001788917404042324
2013-02-01,2013-03-01,lag_8,5.529183852992503e-05,0.0,0.0006333746233803431,0.001788917404042324
2013-02-01,2013-03-01,lag_9,0.0023065483365494,0.0,0.0006333746233803431,0.001788917404042324
2013-02-01,2013-03-01,lag_10,0.0071677585057825,-0.0001649537531185572,0.0006333746233803431,0.001788917404042324
2013-02-01,2013-03-01,lag_11,-0.0051911748236843,0.0,0.0006333746233803431,0.001788917404042324
2013-02-01,2013-03-01,volatility_3m,0.0022110409173871923,-0.00017514681654499904,0.0006333746233803431,0.001788917404042324
2013-03-01,2013-04-01,lag_0,0.0040204876513261,0.0,0.0012670664106146155,0.0017756956150831809
2013-03-01,2013-04-01,lag_1,0.0046660051793319,0.0,0.0012670664106146155,0.0017756956150831809
2013-03-01,2013-04-01,lag_2,0.0002451126233573,-0.00011719084893748274,0.0012670664106146155,0.0017756956150831809
2013-03-01,2013-04-01,lag_3,0.0023667469005932,0.0,0.0012670664106146155,0.0017756956150831809
2013-03-01,2013-04-01,lag_4,0.0036609386281414,0.0,0.0012670664106146155,0.0017756956150831809
2013-03-01,2013-04-01,lag_5,0.0034679632891858,0.0,0.0012670664106146155,0.0017756956150831809
2013-03-01,2013-04-01,lag_6,-0.000733960055224,-0.00018016784624696108,0.0012670664106146155,0.0017756956150831809
2013-03-01,2013-04-01,lag_7,-0.0042882704697033,0.0,0.0012670664106146155,0.0017756956150831809
2013-03-01,2013-04-01,lag_8,0.0020967842001429,0.0,0.0012670664106146155,0.0017756956150831809
2013-03-01,2013-04-01,lag_9,5.529183852992503e-05,0.0,0.0012670664106146155,0.0017756956150831809
2013-03-01,2013-04-01,lag_10,0.0023065483365494,0.0,0.0012670664106146155,0.0017756956150831809
2013-03-01,2013-04-01,lag_11,0.0071677585057825,-8.227211145807046e-05,0.0012670664106146155,0.0017756956150831809
2013-03-01,2013-04-01,volatility_3m,0.00238797126142132,-0.00012899839782605106,0.0012670664106146155,0.0017756956150831809
2013-04-01,2013-05-01,lag_0,-0.0008633445250438,0.0,0.0025761201114235456,0.0017650813612186068
2013-04-01,2013-05-01,lag_1,0.0040204876513261,4.606968261515042e-05,0.0025761201114235456,0.0017650813612186068
2013-04-01,2013-05-01,lag_2,0.0046660051793319,0.00024594105191991944,0.0025761201114235456,0.0017650813612186068
2013-04-01,2013-05-01,lag_3,0.0002451126233573,0.0,0.0025761201114235456,0.0017650813612186068
2013-04-01,2013-05-01,lag_4,0.0023667469005932,0.0,0.0025761201114235456,0.0017650813612186068
2013-04-01,2013-05-01,lag_5,0.0036609386281414,4.89402990237761e-05,0.0025761201114235456,0.0017650813612186068
2013-04-01,2013-05-01,lag_6,0.0034679632891858,0.0001305994196753994,0.0025761201114235456,0.0017650813612186068
2013-04-01,2013-05-01,lag_7,-0.000733960055224,0.0,0.0025761201114235456,0.0017650813612186068
2013-04-01,2013-05-01,lag_8,-0.0042882704697033,0.0003394882969706934,0.0025761201114235456,0.0017650813612186068
2013-04-01,2013-05-01,lag_9,0.0020967842001429,0.0,0.0025761201114235456,0.0017650813612186068
2013-04-01,2013-05-01,lag_10,5.529183852992503e-05,0.0,0.0025761201114235456,0.0017650813612186068
2013-04-01,2013-05-01,lag_11,0.0023065483365494,0.0,0.0025761201114235456,0.0017650813612186068
2013-04-01,2013-05-01,volatility_3m,0.003023304421743101,0.0,0.0025761201114235456,0.0017650813612186068
2013-05-01,2013-06-01,lag_0,0.0007806732341153,0.0,0.001757864982981639,0.0017704539143430565
2013-05-01,2013-06-01,lag_1,-0.0008633445250438,0.0,0.001757864982981639,0.0017704539143430565
2013-05-01,2013-06-01,lag_2,0.0040204876513261,0.0,0.001757864982981639,0.0017704539143430565
2013-05-01,2013-06-01,lag_3,0.0046660051793319,0.0,0.001757864982981639,0.0017704539143430565
2013-05-01,2013-06-01,lag_4,0.0002451126233573,0.0,0.001757864982981639,0.0017704539143430565
2013-05-01,2013-06-01,lag_5,0.0023667469005932,0.0,0.001757864982981639,0.0017704539143430565
2013-05-01,2013-06-01,lag_6,0.0036609386281414,0.0,0.001757864982981639,0.0017704539143430565
2013-05-01,2013-06-01,lag_7,0.0034679632891858,0.0,0.001757864982981639,0.0017704539143430565
2013-05-01,2013-06-01,lag_8,-0.000733960055224,0.0,0.001757864982981639,0.0017704539143430565
2013-05-01,2013-06-01,lag_9,-0.0042882704697033,0.0,0.001757864982981639,0.0017704539143430565
2013-05-01,2013-06-01,lag_10,0.0020967842001429,0.0,0.001757864982981639,0.0017704539143430565
2013-05-01,2013-06-01,lag_11,5.529183852992503e-05,0.0,0.001757864982981639,0.0017704539143430565
2013-05-01,2013-06-01,volatility_3m,0.002484988550521693,0.0,0.001757864982981639,0.0017704539143430565
2013-06-01,2013-07-01,lag_0,0.0020727838311218,0.0001451457278379277,0.001979808892216978,0.0013644889835952734
2013-06-01,2013-07-01,lag_1,0.0007806732341153,0.0,0.001979808892216978,0.0013644889835952734
2013-06-01,2013-07-01,lag_2,-0.0008633445250438,0.0,0.001979808892216978,0.0013644889835952734
2013-06-01,2013-07-01,lag_3,0.0040204876513261,0.00020619306028075675,0.001979808892216978,0.0013644889835952734
2013-06-01,2013-07-01,lag_4,0.0046660051793319,0.0,0.001979808892216978,0.0013644889835952734
2013-06-01,2013-07-01,lag_5,0.0002451126233573,0.0,0.001979808892216978,0.0013644889835952734
2013-06-01,2013-07-01,lag_6,0.0023667469005932,0.0,0.001979808892216978,0.0013644889835952734
2013-06-01,2013-07-01,lag_7,0.0036609386281414,0.0,0.001979808892216978,0.0013644889835952734
2013-06-01,2013-07-01,lag_8,0.0034679632891858,8.956943798319177e-05,0.001979808892216978,0.0013644889835952734
2013-06-01,2013-07-01,lag_9,-0.000733960055224,0.0,0.001979808892216978,0.0013644889835952734
2013-06-01,2013-07-01,lag_10,-0.0042882704697033,0.0,0.001979808892216978,0.0013644889835952734
2013-06-01,2013-07-01,lag_11,0.0020967842001429,0.0,0.001979808892216978,0.0013644889835952734
2013-06-01,2013-07-01,volatility_3m,0.0014715747750401445,0.0001744116825198281,0.001979808892216978,0.0013644889835952734
2013-07-01,2013-08-01,lag_0,-0.0031067520457499,-0.00021175665706856125,0.001099029430229423,0.0013107860872979841
2013-07-01,2013-08-01,lag_1,0.0020727838311218,0.0,0.001099029430229423,0.0013107860872979841
2013-07-01,2013-08-01,lag_2,0.0007806732341153,0.0,0.001099029430229423,0.0013107860872979841
2013-07-01,2013-08-01,lag_3,-0.0008633445250438,0.0,0.001099029430229423,0.0013107860872979841
2013-07-01,2013-08-01,lag_4,0.0040204876513261,0.0,0.001099029430229423,0.0013107860872979841
2013-07-01,2013-08-01,lag_5,0.0046660051793319,0.0,0.001099029430229423,0.0013107860872979841
2013-07-01,2013-08-01,lag_6,0.0002451126233573,0.0,0.001099029430229423,0.0013107860872979841
2013-07-01,2013-08-01,lag_7,0.0023667469005932,0.0,0.001099029430229423,0.0013107860872979841
2013-07-01,2013-08-01,lag_8,0.0036609386281414,0.0,0.001099029430229423,0.0013107860872979841
2013-07-01,2013-08-01,lag_9,0.0034679632891858,0.0,0.001099029430229423,0.0013107860872979841
2013-07-01,2013-08-01,lag_10,-0.000733960055224,0.0,0.001099029430229423,0.0013107860872979841
2013-07-01,2013-08-01,lag_11,-0.0042882704697033,0.0,0.001099029430229423,0.0013107860872979841
2013-07-01,2013-08-01,volatility_3m,0.002695960465870887,0.0,0.001099029430229423,0.0013107860872979841
2013-08-01,2013-09-01,lag_0,0.0057654622391307,0.00040444683667066605,0.0019228556404565708,0.0015184088037859048
2013-08-01,2013-09-01,lag_1,-0.0031067520457499,0.0,0.0019228556404565708,0.0015184088037859048
2013-08-01,2013-09-01,lag_2,0.0020727838311218,0.0,0.0019228556404565708,0.0015184088037859048
2013-08-01,2013-09-01,lag_3,0.0007806732341153,0.0,0.0019228556404565708,0.0015184088037859048
2013-08-01,2013-09-01,lag_4,-0.0008633445250438,0.0,0.0019228556404565708,0.0015184088037859048
2013-08-01,2013-09-01,lag_5,0.0040204876513261,0.0,0.0019228556404565708,0.0015184088037859048
2013-08-01,2013-09-01,lag_6,0.0046660051793319,0.0,0.0019228556404565708,0.0015184088037859048
2013-08-01,2013-09-01,lag_7,0.0002451126233573,0.0,0.0019228556404565708,0.0015184088037859048
2013-08-01,2013-09-01,lag_8,0.0023667469005932,0.0,0.0019228556404565708,0.0015184088037859048
2013-08-01,2013-09-01,lag_9,0.0036609386281414,0.0,0.0019228556404565708,0.0015184088037859048
2013-08-01,2013-09-01,lag_10,0.0034679632891858,0.0,0.0019228556404565708,0.0015184088037859048
2013-08-01,2013-09-01,lag_11,-0.000733960055224,0.0,0.0019228556404565708,0.0015184088037859048
2013-08-01,2013-09-01,volatility_3m,0.004456823458503743,0.0,0.0019228556404565708,0.0015184088037859048
2013-09-01,2013-10-01,lag_0,0.0050716945710824,0.00026963303745973776,0.0018638354699377717,0.0011540334412150131
2013-09-01,2013-10-01,lag_1,0.0057654622391307,0.0002719474828923526,0.0018638354699377717,0.0011540334412150131
2013-09-01,2013-10-01,lag_2,-0.0031067520457499,0.0,0.0018638354699377717,0.0011540334412150131
2013-09-01,2013-10-01,lag_3,0.0020727838311218,0.0,0.0018638354699377717,0.0011540334412150131
2013-09-01,2013-10-01,lag_4,0.0007806732341153,0.0,0.0018638354699377717,0.0011540334412150131
2013-09-01,2013-10-01,lag_5,-0.0008633445250438,0.0,0.0018638354699377717,0.0011540334412150131
2013-09-01,2013-10-01,lag_6,0.0040204876513261,8.057686553561384e-05,0.0018638354699377717,0.0011540334412150131
2013-09-01,2013-10-01,lag_7,0.0046660051793319,8.764464283505445e-05,0.0018638354699377717,0.0011540334412150131
2013-09-01,2013-10-01,lag_8,0.0002451126233573,0.0,0.0018638354699377717,0.0011540334412150131
2013-09-01,2013-10-01,lag_9,0.0023667469005932,0.0,0.0018638354699377717,0.0011540334412150131
2013-09-01,2013-10-01,lag_10,0.0036609386281414,0.0,0.0018638354699377717,0.0011540334412150131
2013-09-01,2013-10-01,lag_11,0.0034679632891858,0.0,0.0018638354699377717,0.0011540334412150131
2013-09-01,2013-10-01,volatility_3m,0.004934309964565195,0.0,0.0018638354699377717,0.0011540334412150131
2013-10-01,2013-11-01,lag_0,-0.0007890413557394,0.0,0.0021163294544518443,0.00122581127897105
2013-10-01,2013-11-01,lag_1,0.0050716945710824,0.00043356542305969254,0.0021163294544518443,0.00122581127897105
2013-10-01,2013-11-01,lag_2,0.0057654622391307,0.0003215226744245937,0.0021163294544518443,0.00122581127897105
2013-10-01,2013-11-01,lag_3,-0.0031067520457499,0.0,0.0021163294544518443,0.00122581127897105
2013-10-01,2013-11-01,lag_4,0.0020727838311218,0.0,0.0021163294544518443,0.00122581127897105
2013-10-01,2013-11-01,lag_5,0.0007806732341153,0.0,0.0021163294544518443,0.00122581127897105
2013-10-01,2013-11-01,lag_6,-0.0008633445250438,0.0,0.0021163294544518443,0.00122581127897105
2013-10-01,2013-11-01,lag_7,0.0040204876513261,0.0,0.0021163294544518443,0.00122581127897105
2013-10-01,2013-11-01,lag_8,0.0046660051793319,0.0001354300779965081,0.0021163294544518443,0.00122581127897105
2013-10-01,2013-11-01,lag_9,0.0002451126233573,0.0,0.0021163294544518443,0.00122581127897105
2013-10-01,2013-11-01,lag_10,0.0023667469005932,0.0,0.0021163294544518443,0.00122581127897105
2013-10-01,2013-11-01,lag_11,0.0036609386281414,0.0,0.0021163294544518443,0.00122581127897105
2013-10-01,2013-11-01,volatility_3m,0.003600718830000801,0.0,0.0021163294544518443,0.00122581127897105
2013-11-01,2013-12-01,lag_0,0.0023333600077277,0.00016000524313774302,0.0025672392526378558,0.0016494842228574854
2013-11-01,2013-12-01,lag_1,-0.0007890413557394,0.0,0.0025672392526378558,0.0016494842228574854
2013-11-01,2013-12-01,lag_2,0.0050716945710824,0.0002901415991652597,0.0025672392526378558,0.0016494842228574854
2013-11-01,2013-12-01,lag_3,0.0057654622391307,0.00033224880210509886,0.0025672392526378558,0.0016494842228574854
2013-11-01,2013-12-01,lag_4,-0.0031067520457499,0.0,0.0025672392526378558,0.0016494842228574854
2013-11-01,2013-12-01,lag_5,0.0020727838311218,0.0,0.0025672392526378558,0.0016494842228574854
2013-11-01,2013-12-01,lag_6,0.0007806732341153,0.0,0.0025672392526378558,0.0016494842228574854
2013-11-01,2013-12-01,lag_7,-0.0008633445250438,0.0,0.0025672392526378558,0.0016494842228574854
2013-11-01,2013-12-01,lag_8,0.0040204876513261,4.2409517418956185e-05,0.0025672392526378558,0.0016494842228574854
2013-11-01,2013-12-01,lag_9,0.0046660051793319,0.0,0.0025672392526378558,0.0016494842228574854
2013-11-01,2013-12-01,lag_10,0.0002451126233573,0.0,0.0025672392526378558,0.0016494842228574854
2013-11-01,2013-12-01,lag_11,0.0023667469005932,0.0,0.0025672392526378558,0.0016494842228574854
2013-11-01,2013-12-01,volatility_3m,0.002932464607896231,9.294986795331265e-05,0.0025672392526378558,0.0016494842228574854
2013-12-01,2014-01-01,lag_0,0.002008631714113,0.0,0.0019420408518845732,0.0018406347558066664
2013-12-01,2014-01-01,lag_1,0.0023333600077277,0.0,0.0019420408518845732,0.0018406347558066664
2013-12-01,2014-01-01,lag_2,-0.0007890413557394,0.0,0.0019420408518845732,0.0018406347558066664
2013-12-01,2014-01-01,lag_3,0.0050716945710824,0.0,0.0019420408518845732,0.0018406347558066664
2013-12-01,2014-01-01,lag_4,0.0057654622391307,0.0,0.0019420408518845732,0.0018406347558066664
2013-12-01,2014-01-01,lag_5,-0.0031067520457499,0.0,0.0019420408518845732,0.0018406347558066664
2013-12-01,2014-01-01,lag_6,0.0020727838311218,0.0,0.0019420408518845732,0.0018406347558066664
2013-12-01,2014-01-01,lag_7,0.0007806732341153,0.0,0.0019420408518845732,0.0018406347558066664
2013-12-01,2014-01-01,lag_8,-0.0008633445250438,0.0,0.0019420408518845732,0.0018406347558066664
2013-12-01,2014-01-01,lag_9,0.0040204876513261,0.0,0.0019420408518845732,0.0018406347558066664
2013-12-01,2014-01-01,lag_10,0.0046660051793319,0.0,0.0019420408518845732,0.0018406347558066664
2013-12-01,2014-01-01,lag_11,0.0002451126233573,0.0,0.0019420408518845732,0.0018406347558066664
2013-12-01,2014-01-01,volatility_3m,0.0017166737869609198,0.0,0.0019420408518845732,0.0018406347558066664
2014-01-01,2014-02-01,lag_0,-0.0035639327448748,0.0,0.0014910315988174681,0.0013290888131503346
2014-01-01,2014-02-01,lag_1,0.002008631714113,8.001912180341845e-05,0.0014910315988174681,0.0013290888131503346
2014-01-01,2014-02-01,lag_2,0.0023333600077277,0.0,0.0014910315988174681,0.0013290888131503346
2014-01-01,2014-02-01,lag_3,-0.0007890413557394,0.0,0.0014910315988174681,0.0013290888131503346
2014-01-01,2014-02-01,lag_4,0.0050716945710824,0.0,0.0014910315988174681,0.0013290888131503346
2014-01-01,2014-02-01,lag_5,0.0057654622391307,0.0,0.0014910315988174681,0.0013290888131503346
2014-01-01,2014-02-01,lag_6,-0.0031067520457499,0.0,0.0014910315988174681,0.0013290888131503346
2014-01-01,2014-02-01,lag_7,0.0020727838311218,0.0,0.0014910315988174681,0.0013290888131503346
2014-01-01,2014-02-01,lag_8,0.0007806732341153,0.0,0.0014910315988174681,0.0013290888131503346
2014-01-01,2014-02-01,lag_9,-0.0008633445250438,0.0,0.0014910315988174681,0.0013290888131503346
2014-01-01,2014-02-01,lag_10,0.0040204876513261,0.0,0.0014910315988174681,0.0013290888131503346
2014-01-01,2014-02-01,lag_11,0.0046660051793319,0.0,0.0014910315988174681,0.0013290888131503346
2014-01-01,2014-02-01,volatility_3m,0.0033150410988941974,8.192366386371511e-05,0.0014910315988174681,0.0013290888131503346
2014-02-01,2014-03-01,lag_0,0.007528506037616,0.0007407734767075633,0.001850411700275833,0.0013757119766429607
2014-02-01,2014-03-01,lag_1,-0.0035639327448748,-0.00026607375307469107,0.001850411700275833,0.0013757119766429607
2014-02-01,2014-03-01,lag_2,0.002008631714113,0.0,0.001850411700275833,0.0013757119766429607
2014-02-01,2014-03-01,lag_3,0.0023333600077277,0.0,0.001850411700275833,0.0013757119766429607
2014-02-01,2014-03-01,lag_4,-0.0007890413557394,0.0,0.001850411700275833,0.0013757119766429607
2014-02-01,2014-03-01,lag_5,0.0050716945710824,0.0,0.001850411700275833,0.0013757119766429607
2014-02-01,2014-03-01,lag_6,0.0057654622391307,0.0,0.001850411700275833,0.0013757119766429607
2014-02-01,2014-03-01,lag_7,-0.0031067520457499,0.0,0.001850411700275833,0.0013757119766429607
2014-02-01,2014-03-01,lag_8,0.0020727838311218,0.0,0.001850411700275833,0.0013757119766429607
2014-02-01,2014-03-01,lag_9,0.0007806732341153,0.0,0.001850411700275833,0.0013757119766429607
2014-02-01,2014-03-01,lag_10,-0.0008633445250438,0.0,0.001850411700275833,0.0013757119766429607
2014-02-01,2014-03-01,lag_11,0.0040204876513261,0.0,0.001850411700275833,0.0013757119766429607
2014-02-01,2014-03-01,volatility_3m,0.0055462402481342805,0.0,0.001850411700275833,0.0013757119766429607
2014-03-01,2014-04-01,lag_0,0.0096386050748114,0.00034985522914819856,0.0022741355699943157,0.0016722813734138075
2014-03-01,2014-04-01,lag_1,0.007528506037616,0.0,0.0022741355699943157,0.0016722813734138075
2014-03-01,2014-04-01,lag_2,-0.0035639327448748,0.0,0.0022741355699943157,0.0016722813734138075
2014-03-01,2014-04-01,lag_3,0.002008631714113,0.0,0.0022741355699943157,0.0016722813734138075
2014-03-01,2014-04-01,lag_4,0.0023333600077277,0.0,0.0022741355699943157,0.0016722813734138075
2014-03-01,2014-04-01,lag_5,-0.0007890413557394,0.0,0.0022741355699943157,0.0016722813734138075
2014-03-01,2014-04-01,lag_6,0.0050716945710824,0.0,0.0022741355699943157,0.0016722813734138075
2014-03-01,2014-04-01,lag_7,0.0057654622391307,0.0,0.0022741355699943157,0.0016722813734138075
2014-03-01,2014-04-01,lag_8,-0.0031067520457499,0.0,0.0022741355699943157,0.0016722813734138075
2014-03-01,2014-04-01,lag_9,0.0020727838311218,0.0,0.0022741355699943157,0.0016722813734138075
2014-03-01,2014-04-01,lag_10,0.0007806732341153,0.0,0.0022741355699943157,0.0016722813734138075
2014-03-01,2014-04-01,lag_11,-0.0008633445250438,7.153409070567555e-05,0.0022741355699943157,0.0016722813734138075
2014-03-01,2014-04-01,volatility_3m,0.0070922695118267485,0.00018046487672663403,0.0022741355699943157,0.0016722813734138075
2014-04-01,2014-05-01,lag_0,0.0009672024963487,0.0,0.002645453178701398,0.0014933997876328162
2014-04-01,2014-05-01,lag_1,0.0096386050748114,0.0006148393712158346,0.002645453178701398,0.0014933997876328162
2014-04-01,2014-05-01,lag_2,0.007528506037616,0.00037539716748718636,0.002645453178701398,0.0014933997876328162
2014-04-01,2014-05-01,lag_3,-0.0035639327448748,0.0,0.002645453178701398,0.0014933997876328162
2014-04-01,2014-05-01,lag_4,0.002008631714113,0.0,0.002645453178701398,0.0014933997876328162
2014-04-01,2014-05-01,lag_5,0.0023333600077277,0.0,0.002645453178701398,0.0014933997876328162
2014-04-01,2014-05-01,lag_6,-0.0007890413557394,0.0,0.002645453178701398,0.0014933997876328162
2014-04-01,2014-05-01,lag_7,0.0050716945710824,4.933889015591741e-05,0.002645453178701398,0.0014933997876328162
2014-04-01,2014-05-01,lag_8,0.0057654622391307,0.00011247796220964352,0.002645453178701398,0.0014933997876328162
2014-04-01,2014-05-01,lag_9,-0.0031067520457499,0.0,0.002645453178701398,0.0014933997876328162
2014-04-01,2014-05-01,lag_10,0.0020727838311218,0.0,0.002645453178701398,0.0014933997876328162
2014-04-01,2014-05-01,lag_11,0.0007806732341153,0.0,0.002645453178701398,0.0014933997876328162
2014-04-01,2014-05-01,volatility_3m,0.004522102106785982,0.0,0.002645453178701398,0.0014933997876328162
2014-05-01,2014-06-01,lag_0,0.0038243209715158,0.00012194847316000065,0.002828465684776231,0.001565833651789495
2014-05-01,2014-06-01,lag_1,0.0009672024963487,0.0,0.002828465684776231,0.001565833651789495
2014-05-01,2014-06-01,lag_2,0.0096386050748114,5.175874558168607e-05,0.002828465684776231,0.001565833651789495
2014-05-01,2014-06-01,lag_3,0.007528506037616,0.0003097742070329579,0.002828465684776231,0.001565833651789495
2014-05-01,2014-06-01,lag_4,-0.0035639327448748,0.0002462666339221323,0.002828465684776231,0.001565833651789495
2014-05-01,2014-06-01,lag_5,0.002008631714113,0.0,0.002828465684776231,0.001565833651789495
2014-05-01,2014-06-01,lag_6,0.0023333600077277,0.0,0.002828465684776231,0.001565833651789495
2014-05-01,2014-06-01,lag_7,-0.0007890413557394,0.0,0.002828465684776231,0.001565833651789495
2014-05-01,2014-06-01,lag_8,0.0050716945710824,0.0002119008121272997,0.002828465684776231,0.001565833651789495
2014-05-01,2014-06-01,lag_9,0.0057654622391307,0.0003209831611626593,0.002828465684776231,0.001565833651789495
2014-05-01,2014-06-01,lag_10,-0.0031067520457499,0.0,0.002828465684776231,0.001565833651789495
2014-05-01,2014-06-01,lag_11,0.0020727838311218,0.0,0.002828465684776231,0.001565833651789495
2014-05-01,2014-06-01,volatility_3m,0.004418941206004493,0.0,0.002828465684776231,0.001565833651789495
2014-06-01,2014-07-01,lag_0,0.0034263137889523,0.00041603546253349646,0.0007182780526614927,0.0018252405840643727
2014-06-01,2014-07-01,lag_1,0.0038243209715158,0.0,0.0007182780526614927,0.0018252405840643727
2014-06-01,2014-07-01,lag_2,0.0009672024963487,0.0,0.0007182780526614927,0.0018252405840643727
2014-06-01,2014-07-01,lag_3,0.0096386050748114,-0.0006157315652750772,0.0007182780526614927,0.0018252405840643727
2014-06-01,2014-07-01,lag_4,0.007528506037616,-0.0001772958919751889,0.0007182780526614927,0.0018252405840643727
2014-06-01,2014-07-01,lag_5,-0.0035639327448748,-0.00028089691482503147,0.0007182780526614927,0.0018252405840643727
2014-06-01,2014-07-01,lag_6,0.002008631714113,0.0,0.0007182780526614927,0.0018252405840643727
2014-06-01,2014-07-01,lag_7,0.0023333600077277,0.0,0.0007182780526614927,0.0018252405840643727
2014-06-01,2014-07-01,lag_8,-0.0007890413557394,0.0,0.0007182780526614927,0.0018252405840643727
2014-06-01,2014-07-01,lag_9,0.0050716945710824,0.0,0.0007182780526614927,0.0018252405840643727
2014-06-01,2014-07-01,lag_10,0.0057654622391307,-0.00015221096099463693,0.0007182780526614927,0.0018252405840643727
2014-06-01,2014-07-01,lag_11,-0.0031067520457499,0.0,0.0007182780526614927,0.0018252405840643727
2014-06-01,2014-07-01,volatility_3m,0.0015475121996247107,-0.00029686266086644187,0.0007182780526614927,0.0018252405840643727
2014-07-01,2014-08-01,lag_0,0.0022187855179991,0.0,0.001144231405917465,0.0018378323922766196
2014-07-01,2014-08-01,lag_1,0.0034263137889523,0.0,0.001144231405917465,0.0018378323922766196
2014-07-01,2014-08-01,lag_2,0.0038243209715158,0.00042539102144911934,0.001144231405917465,0.0018378323922766196
2014-07-01,2014-08-01,lag_3,0.0009672024963487,0.0,0.001144231405917465,0.0018378323922766196
2014-07-01,2014-08-01,lag_4,0.0096386050748114,-0.0003705243525579702,0.001144231405917465,0.0018378323922766196
2014-07-01,2014-08-01,lag_5,0.007528506037616,0.00043039761396552654,0.001144231405917465,0.0018378323922766196
2014-07-01,2014-08-01,lag_6,-0.0035639327448748,-0.0007022848263741169,0.001144231405917465,0.0018378323922766196
2014-07-01,2014-08-01,lag_7,0.002008631714113,0.0,0.001144231405917465,0.0018378323922766196
2014-07-01,2014-08-01,lag_8,0.0023333600077277,0.0,0.001144231405917465,0.0018378323922766196
2014-07-01,2014-08-01,lag_9,-0.0007890413557394,0.0,0.001144231405917465,0.0018378323922766196
2014-07-01,2014-08-01,lag_10,0.0050716945710824,0.0,0.001144231405917465,0.0018378323922766196
2014-07-01,2014-08-01,lag_11,0.0057654622391307,0.0,0.001144231405917465,0.0018378323922766196
2014-07-01,2014-08-01,volatility_3m,0.0008360899408379497,-0.00047658044284171365,0.001144231405917465,0.0018378323922766196
2014-08-01,2014-09-01,lag_0,-0.0018898378264742,0.0,0.003252600509725976,0.0018522023132076888
2014-08-01,2014-09-01,lag_1,0.0022187855179991,0.0,0.003252600509725976,0.0018522023132076888
2014-08-01,2014-09-01,lag_2,0.0034263137889523,0.0002626866835103644,0.003252600509725976,0.0018522023132076888
2014-08-01,2014-09-01,lag_3,0.0038243209715158,0.0,0.003252600509725976,0.0018522023132076888
2014-08-01,2014-09-01,lag_4,0.0009672024963487,0.0,0.003252600509725976,0.0018522023132076888
2014-08-01,2014-09-01,lag_5,0.0096386050748114,0.00035079616825696474,0.003252600509725976,0.0018522023132076888
2014-08-01,2014-09-01,lag_6,0.007528506037616,0.0006787157820579266,0.003252600509725976,0.0018522023132076888
2014-08-01,2014-09-01,lag_7,-0.0035639327448748,0.00010819956269303129,0.003252600509725976,0.0018522023132076888
2014-08-01,2014-09-01,lag_8,0.002008631714113,0.0,0.003252600509725976,0.0018522023132076888
2014-08-01,2014-09-01,lag_9,0.0023333600077277,0.0,0.003252600509725976,0.0018522023132076888
2014-08-01,2014-09-01,lag_10,-0.0007890413557394,0.0,0.003252600509725976,0.0018522023132076888
2014-08-01,2014-09-01,lag_11,0.0050716945710824,0.0,0.003252600509725976,0.0018522023132076888
2014-08-01,2014-09-01,volatility_3m,0.002786885307713732,0.0,0.003252600509725976,0.0018522023132076888
2014-09-01,2014-10-01,lag_0,0.0028693197501494,0.00010757427638071328,0.0031906941023205,0.0018485075940965108
2014-09-01,2014-10-01,lag_1,-0.0018898378264742,0.0,0.0031906941023205,0.0018485075940965108
2014-09-01,2014-10-01,lag_2,0.0022187855179991,7.998365399342218e-05,0.0031906941023205,0.0018485075940965108
2014-09-01,2014-10-01,lag_3,0.0034263137889523,0.0,0.0031906941023205,0.0018485075940965108
2014-09-01,2014-10-01,lag_4,0.0038243209715158,0.0,0.0031906941023205,0.0018485075940965108
2014-09-01,2014-10-01,lag_5,0.0009672024963487,0.0,0.0031906941023205,0.0018485075940965108
2014-09-01,2014-10-01,lag_6,0.0096386050748114,0.000877988089494254,0.0031906941023205,0.0018485075940965108
2014-09-01,2014-10-01,lag_7,0.007528506037616,0.0,0.0031906941023205,0.0018485075940965108
2014-09-01,2014-10-01,lag_8,-0.0035639327448748,0.00027664048835559986,0.0031906941023205,0.0018485075940965108
2014-09-01,2014-10-01,lag_9,0.002008631714113,0.0,0.0031906941023205,0.0018485075940965108
2014-09-01,2014-10-01,lag_10,0.0023333600077277,0.0,0.0031906941023205,0.0018485075940965108
2014-09-01,2014-10-01,lag_11,-0.0007890413557394,0.0,0.0031906941023205,0.0018485075940965108
2014-09-01,2014-10-01,volatility_3m,0.0025804896632578653,0.0,0.0031906941023205,0.0018485075940965108
2014-10-01,2014-11-01,lag_0,0.0001193360840261,-0.00010787833334031733,-8.850853134826611e-05,0.001839400239421325
2014-10-01,2014-11-01,lag_1,0.0028693197501494,0.0,-8.850853134826611e-05,0.001839400239421325
2014-10-01,2014-11-01,lag_2,-0.0018898378264742,-0.0004509744426337551,-8.850853134826611e-05,0.001839400239421325
2014-10-01,2014-11-01,lag_3,0.0022187855179991,-3.335334798979157e-05,-8.850853134826611e-05,0.001839400239421325
2014-10-01,2014-11-01,lag_4,0.0034263137889523,-5.367762280316419e-05,-8.850853134826611e-05,0.001839400239421325
2014-10-01,2014-11-01,lag_5,0.0038243209715158,0.0,-8.850853134826611e-05,0.001839400239421325
2014-10-01,2014-11-01,lag_6,0.0009672024963487,-4.107844161380462e-05,-8.850853134826611e-05,0.001839400239421325
2014-10-01,2014-11-01,lag_7,0.0096386050748114,-0.0004060622126148602,-8.850853134826611e-05,0.001839400239421325
2014-10-01,2014-11-01,lag_8,0.007528506037616,-0.000610365955428648,-8.850853134826611e-05,0.001839400239421325
2014-10-01,2014-11-01,lag_9,-0.0035639327448748,0.0,-8.850853134826611e-05,0.001839400239421325
2014-10-01,2014-11-01,lag_10,0.002008631714113,0.0,-8.850853134826611e-05,0.001839400239421325
2014-10-01,2014-11-01,lag_11,0.0023333600077277,0.0,-8.850853134826611e-05,0.001839400239421325
2014-10-01,2014-11-01,volatility_3m,0.0023891689910131874,-0.00022451841434525005,-8.850853134826611e-05,0.001839400239421325
2014-11-01,2014-12-01,lag_0,0.0061531513501895,0.0006336169730387476,0.0028577494541146154,0.0018289801216583017
2014-11-01,2014-12-01,lag_1,0.0001193360840261,0.0,0.0028577494541146154,0.0018289801216583017
2014-11-01,2014-12-01,lag_2,0.0028693197501494,0.0002909669529332275,0.0028577494541146154,0.0018289801216583017
2014-11-01,2014-12-01,lag_3,-0.0018898378264742,0.00021343783608663,0.0028577494541146154,0.0018289801216583017
2014-11-01,2014-12-01,lag_4,0.0022187855179991,0.0,0.0028577494541146154,0.0018289801216583017
2014-11-01,2014-12-01,lag_5,0.0034263137889523,0.0,0.0028577494541146154,0.0018289801216583017
2014-11-01,2014-12-01,lag_6,0.0038243209715158,0.00035543186781171807,0.0028577494541146154,0.0018289801216583017
2014-11-01,2014-12-01,lag_7,0.0009672024963487,0.0,0.0028577494541146154,0.0018289801216583017
2014-11-01,2014-12-01,lag_8,0.0096386050748114,-0.0006615149019482546,0.0028577494541146154,0.0018289801216583017
2014-11-01,2014-12-01,lag_9,0.007528506037616,0.0,0.0028577494541146154,0.0018289801216583017
2014-11-01,2014-12-01,lag_10,-0.0035639327448748,0.00019683060453424528,0.0028577494541146154,0.0018289801216583017
2014-11-01,2014-12-01,lag_11,0.002008631714113,0.0,0.0028577494541146154,0.0018289801216583017
2014-11-01,2014-12-01,volatility_3m,0.003020841130313249,0.0,0.0028577494541146154,0.0018289801216583017
2014-12-01,2015-01-01,lag_0,-7.906777172816959e-05,0.0,0.001979067996131097,0.001847354367727788
2014-12-01,2015-01-01,lag_1,0.0061531513501895,0.00029631237913820826,0.001979067996131097,0.001847354367727788
2014-12-01,2015-01-01,lag_2,0.0001193360840261,0.0,0.001979067996131097,0.001847354367727788
2014-12-01,2015-01-01,lag_3,0.0028693197501494,0.0,0.001979067996131097,0.001847354367727788
2014-12-01,2015-01-01,lag_4,-0.0018898378264742,0.0,0.001979067996131097,0.001847354367727788
2014-12-01,2015-01-01,lag_5,0.0022187855179991,0.0,0.001979067996131097,0.001847354367727788
2014-12-01,2015-01-01,lag_6,0.0034263137889523,0.0003634616622521364,0.001979067996131097,0.001847354367727788
2014-12-01,2015-01-01,lag_7,0.0038243209715158,0.0,0.001979067996131097,0.001847354367727788
2014-12-01,2015-01-01,lag_8,0.0009672024963487,0.0,0.001979067996131097,0.001847354367727788
2014-12-01,2015-01-01,lag_9,0.0096386050748114,-0.00023719655225763427,0.001979067996131097,0.001847354367727788
2014-12-01,2015-01-01,lag_10,0.007528506037616,-0.00029086386072940126,0.001979067996131097,0.001847354367727788
2014-12-01,2015-01-01,lag_11,-0.0035639327448748,0.0,0.001979067996131097,0.001847354367727788
2014-12-01,2015-01-01,volatility_3m,0.003542288477330272,0.0,0.001979067996131097,0.001847354367727788
2015-01-01,2015-02-01,lag_0,-0.0078792284874769,-0.001189934523147512,0.0006175067261948544,0.0018292335539663754
2015-01-01,2015-02-01,lag_1,-7.906777172816959e-05,0.0,0.0006175067261948544,0.0018292335539663754
2015-01-01,2015-02-01,lag_2,0.0061531513501895,0.0007165177421890314,0.0006175067261948544,0.0018292335539663754
2015-01-01,2015-02-01,lag_3,0.0001193360840261,0.0,0.0006175067261948544,0.0018292335539663754
2015-01-01,2015-02-01,lag_4,0.0028693197501494,0.0,0.0006175067261948544,0.0018292335539663754
2015-01-01,2015-02-01,lag_5,-0.0018898378264742,-0.00023497462081032913,0.0006175067261948544,0.0018292335539663754
2015-01-01,2015-02-01,lag_6,0.0022187855179991,0.0,0.0006175067261948544,0.0018292335539663754
2015-01-01,2015-02-01,lag_7,0.0034263137889523,0.0,0.0006175067261948544,0.0018292335539663754
2015-01-01,2015-02-01,lag_8,0.0038243209715158,-0.00024079069298007169,0.0006175067261948544,0.0018292335539663754
2015-01-01,2015-02-01,lag_9,0.0009672024963487,0.0,0.0006175067261948544,0.0018292335539663754
2015-01-01,2015-02-01,lag_10,0.0096386050748114,-0.0004210977409091636,0.0006175067261948544,0.0018292335539663754
2015-01-01,2015-02-01,lag_11,0.007528506037616,-0.00023008579816316806,0.0006175067261948544,0.0018292335539663754
2015-01-01,2015-02-01,volatility_3m,0.007030774569510489,0.000388638806049692,0.0006175067261948544,0.0018292335539663754
2015-02-01,2015-03-01,lag_0,-0.006405903226315,-0.0009085821531449724,-0.0010303544062440582,0.0018212875339615293
2015-02-01,2015-03-01,lag_1,-0.0078792284874769,-0.00043717672773099824,-0.0010303544062440582,0.0018212875339615293
2015-02-01,2015-03-01,lag_2,-7.906777172816959e-05,-0.00020102930727239972,-0.0010303544062440582,0.0018212875339615293
2015-02-01,2015-03-01,lag_3,0.0061531513501895,-0.0003490970309815197,-0.0010303544062440582,0.0018212875339615293
2015-02-01,2015-03-01,lag_4,0.0001193360840261,0.0,-0.0010303544062440582,0.0018212875339615293
2015-02-01,2015-03-01,lag_5,0.0028693197501494,0.0,-0.0010303544062440582,0.0018212875339615293
2015-02-01,2015-03-01,lag_6,-0.0018898378264742,-0.0004412685805562664,-0.0010303544062440582,0.0018212875339615293
2015-02-01,2015-03-01,lag_7,0.0022187855179991,0.0,-0.0010303544062440582,0.0018212875339615293
2015-02-01,2015-03-01,lag_8,0.0034263137889523,-0.00019471306335880603,-0.0010303544062440582,0.0018212875339615293
2015-02-01,2015-03-01,lag_9,0.0038243209715158,-5.942782735463958e-05,-0.0010303544062440582,0.0018212875339615293
2015-02-01,2015-03-01,lag_10,0.0009672024963487,0.0,-0.0010303544062440582,0.0018212875339615293
2015-02-01,2015-03-01,lag_11,0.0096386050748114,-0.0002603472498059851,-0.0010303544062440582,0.0018212875339615293
2015-02-01,2015-03-01,volatility_3m,0.00414411312156784,0.0,-0.0010303544062440582,0.0018212875339615293
2015-03-01,2015-04-01,lag_0,-0.0033518725083752,-0.0005190814602589573,-0.0008462119976733198,0.001786212526956955
2015-03-01,2015-04-01,lag_1,-0.006405903226315,-0.00033919086124380073,-0.0008462119976733198,0.001786212526956955
2015-03-01,2015-04-01,lag_2,-0.0078792284874769,-0.0012544353643699185,-0.0008462119976733198,0.001786212526956955
2015-03-01,2015-04-01,lag_3,-7.906777172816959e-05,0.0,-0.0008462119976733198,0.001786212526956955
2015-03-01,2015-04-01,lag_4,0.0061531513501895,-0.00014437362975569399,-0.0008462119976733198,0.001786212526956955
2015-03-01,2015-04-01,lag_5,0.0001193360840261,-4.0319637880995886e-05,-0.0008462119976733198,0.001786212526956955
2015-03-01,2015-04-01,lag_6,0.0028693197501494,0.0,-0.0008462119976733198,0.001786212526956955
2015-03-01,2015-04-01,lag_7,-0.0018898378264742,0.0,-0.0008462119976733198,0.001786212526956955
2015-03-01,2015-04-01,lag_8,0.0022187855179991,-5.139284720586645e-05,-0.0008462119976733198,0.001786212526956955
2015-03-01,2015-04-01,lag_9,0.0034263137889523,0.0,-0.0008462119976733198,0.001786212526956955
2015-03-01,2015-04-01,lag_10,0.0038243209715158,-7.328972498118931e-05,-0.0008462119976733198,0.001786212526956955
2015-03-01,2015-04-01,lag_11,0.0009672024963487,0.0,-0.0008462119976733198,0.001786212526956955
2015-03-01,2015-04-01,volatility_3m,0.002309211377390038,-0.000210340998933852,-0.0008462119976733198,0.001786212526956955
2015-04-01,2015-05-01,lag_0,-0.005470746111496,-0.0008218224523103169,0.00011713564415838189,0.0017676492931282045
2015-04-01,2015-05-01,lag_1,-0.0033518725083752,-0.00023358730329540184,0.00011713564415838189,0.0017676492931282045
2015-04-01,2015-05-01,lag_2,-0.006405903226315,-0.0010899680809236811,0.00011713564415838189,0.0017676492931282045
2015-04-01,2015-05-01,lag_3,-0.0078792284874769,0.0007061423631483261,0.00011713564415838189,0.0017676492931282045
2015-04-01,2015-05-01,lag_4,-7.906777172816959e-05,0.0,0.00011713564415838189,0.0017676492931282045
2015-04-01,2015-05-01,lag_5,0.0061531513501895,0.0,0.00011713564415838189,0.0017676492931282045
2015-04-01,2015-05-01,lag_6,0.0001193360840261,-0.0001701498128561879,0.00011713564415838189,0.0017676492931282045
2015-04-01,2015-05-01,lag_7,0.0028693197501494,0.0,0.00011713564415838189,0.0017676492931282045
2015-04-01,2015-05-01,lag_8,-0.0018898378264742,0.00033177559556200236,0.00011713564415838189,0.0017676492931282045
2015-04-01,2015-05-01,lag_9,0.0022187855179991,0.0,0.00011713564415838189,0.0017676492931282045
2015-04-01,2015-05-01,lag_10,0.0034263137889523,0.0,0.00011713564415838189,0.0017676492931282045
2015-04-01,2015-05-01,lag_11,0.0038243209715158,0.0,0.00011713564415838189,0.0017676492931282045
2015-04-01,2015-05-01,volatility_3m,0.0015647815503299816,-0.0003729039582945633,0.00011713564415838189,0.0017676492931282045
2015-05-01,2015-06-01,lag_0,-0.0044228298448434,-0.0006490028720936488,0.0013769425709700494,0.0017306197738500683
2015-05-01,2015-06-01,lag_1,-0.005470746111496,-0.0003753217719471093,0.0013769425709700494,0.0017306197738500683
2015-05-01,2015-06-01,lag_2,-0.0033518725083752,-0.000600524076685642,0.0013769425709700494,0.0017306197738500683
2015-05-01,2015-06-01,lag_3,-0.006405903226315,0.0006235081038246214,0.0013769425709700494,0.0017306197738500683
2015-05-01,2015-06-01,lag_4,-0.0078792284874769,0.00037839638117770314,0.0013769425709700494,0.0017306197738500683
2015-05-01,2015-06-01,lag_5,-7.906777172816959e-05,0.0,0.0013769425709700494,0.0017306197738500683
2015-05-01,2015-06-01,lag_6,0.0061531513501895,0.0007164300580394183,0.0013769425709700494,0.0017306197738500683
2015-05-01,2015-06-01,lag_7,0.0001193360840261,0.0,0.0013769425709700494,0.0017306197738500683
2015-05-01,2015-06-01,lag_8,0.0028693197501494,0.0,0.0013769425709700494,0.0017306197738500683
2015-05-01,2015-06-01,lag_9,-0.0018898378264742,0.0,0.0013769425709700494,0.0017306197738500683
2015-05-01,2015-06-01,lag_10,0.0022187855179991,0.0,0.0013769425709700494,0.0017306197738500683
2015-05-01,2015-06-01,lag_11,0.0034263137889523,0.0,0.0013769425709700494,0.0017306197738500683
2015-05-01,2015-06-01,volatility_3m,0.0010594576808012285,-0.00044716302519536184,0.0013769425709700494,0.0017306197738500683
2015-06-01,2015-07-01,lag_0,-0.0031500185136206,-0.0009975645661472843,-0.002102254073232977,0.0009616045375133058
2015-06-01,2015-07-01,lag_1,-0.0044228298448434,-0.001221035098222132,-0.002102254073232977,0.0009616045375133058
2015-06-01,2015-07-01,lag_2,-0.005470746111496,-0.001565408774677405,-0.002102254073232977,0.0009616045375133058
2015-06-01,2015-07-01,lag_3,-0.0033518725083752,0.0,-0.002102254073232977,0.0009616045375133058
2015-06-01,2015-07-01,lag_4,-0.006405903226315,0.0004050324819972039,-0.002102254073232977,0.0009616045375133058
2015-06-01,2015-07-01,lag_5,-0.0078792284874769,-0.00028549702308487647,-0.002102254073232977,0.0009616045375133058
2015-06-01,2015-07-01,lag_6,-7.906777172816959e-05,0.0,-0.002102254073232977,0.0009616045375133058
2015-06-01,2015-07-01,lag_7,0.0061531513501895,0.0006006143693882111,-0.002102254073232977,0.0009616045375133058
2015-06-01,2015-07-01,lag_8,0.0001193360840261,0.0,-0.002102254073232977,0.0009616045375133058
2015-06-01,2015-07-01,lag_9,0.0028693197501494,0.0,-0.002102254073232977,0.0009616045375133058
2015-06-01,2015-07-01,lag_10,-0.0018898378264742,0.0,-0.002102254073232977,0.0009616045375133058
2015-06-01,2015-07-01,lag_11,0.0022187855179991,0.0,-0.002102254073232977,0.0009616045375133058
2015-06-01,2015-07-01,volatility_3m,0.0011621785412423231,0.0,-0.002102254073232977,0.0009616045375133058
2015-07-01,2015-08-01,lag_0,0.0064600821906077,0.0016484134048849511,0.0017944847008028175,0.0012768290340361996
2015-07-01,2015-08-01,lag_1,-0.0031500185136206,-0.0003599011442603407,0.0017944847008028175,0.0012768290340361996
2015-07-01,2015-08-01,lag_2,-0.0044228298448434,-0.00039266549987550774,0.0017944847008028175,0.0012768290340361996
2015-07-01,2015-08-01,lag_3,-0.005470746111496,0.0,0.0017944847008028175,0.0012768290340361996
2015-07-01,2015-08-01,lag_4,-0.0033518725083752,0.0003639644424377412,0.0017944847008028175,0.0012768290340361996
2015-07-01,2015-08-01,lag_5,-0.006405903226315,-0.00025368753927879295,0.0017944847008028175,0.0012768290340361996
2015-07-01,2015-08-01,lag_6,-0.0078792284874769,-0.0003397392838432502,0.0017944847008028175,0.0012768290340361996
2015-07-01,2015-08-01,lag_7,-7.906777172816959e-05,-0.00017339016149183585,0.0017944847008028175,0.0012768290340361996
2015-07-01,2015-08-01,lag_8,0.0061531513501895,0.00039311618412152943,0.0017944847008028175,0.0012768290340361996
2015-07-01,2015-08-01,lag_9,0.0001193360840261,-0.00021993887273905657,0.0017944847008028175,0.0012768290340361996
2015-07-01,2015-08-01,lag_10,0.0028693197501494,-0.00014851586318881976,0.0017944847008028175,0.0012768290340361996
2015-07-01,2015-08-01,lag_11,-0.0018898378264742,0.0,0.0017944847008028175,0.0012768290340361996
2015-07-01,2015-08-01,volatility_3m,0.0059499560026617685,0.0,0.0017944847008028175,0.0012768290340361996
2015-08-01,2015-09-01,lag_0,-0.0018402107442865,-0.00048324274330517473,-0.0006138376844295051,0.0013730792895357941
2015-08-01,2015-09-01,lag_1,0.0064600821906077,0.0009566737957643584,-0.0006138376844295051,0.0013730792895357941
2015-08-01,2015-09-01,lag_2,-0.0031500185136206,-0.0001505896727309094,-0.0006138376844295051,0.0013730792895357941
2015-08-01,2015-09-01,lag_3,-0.0044228298448434,-0.0008806043253381552,-0.0006138376844295051,0.0013730792895357941
2015-08-01,2015-09-01,lag_4,-0.005470746111496,-0.0008693417605282643,-0.0006138376844295051,0.0013730792895357941
2015-08-01,2015-09-01,lag_5,-0.0033518725083752,-0.000693995944006852,-0.0006138376844295051,0.0013730792895357941
2015-08-01,2015-09-01,lag_6,-0.006405903226315,0.0006988598911445356,-0.0006138376844295051,0.0013730792895357941
2015-08-01,2015-09-01,lag_7,-0.0078792284874769,-0.00019750739101863672,-0.0006138376844295051,0.0013730792895357941
2015-08-01,2015-09-01,lag_8,-7.906777172816959e-05,0.0,-0.0006138376844295051,0.0013730792895357941
2015-08-01,2015-09-01,lag_9,0.0061531513501895,0.0,-0.0006138376844295051,0.0013730792895357941
2015-08-01,2015-09-01,lag_10,0.0001193360840261,0.0,-0.0006138376844295051,0.0013730792895357941
2015-08-01,2015-09-01,lag_11,0.0028693197501494,-0.00036716882394620057,-0.0006138376844295051,0.0013730792895357941
2015-08-01,2015-09-01,volatility_3m,0.0052115975596591585,0.0,-0.0006138376844295051,0.0013730792895357941
2015-09-01,2015-10-01,lag_0,-0.0027949673135552,-0.0003753450966398268,0.00014156971079142336,0.0005320340446715246
2015-09-01,2015-10-01,lag_1,-0.0018402107442865,0.0,0.00014156971079142336,0.0005320340446715246
2015-09-01,2015-10-01,lag_2,0.0064600821906077,0.0002916323041105865,0.00014156971079142336,0.0005320340446715246
2015-09-01,2015-10-01,lag_3,-0.0031500185136206,0.00029270314741201977,0.00014156971079142336,0.0005320340446715246
2015-09-01,2015-10-01,lag_4,-0.0044228298448434,0.0,0.00014156971079142336,0.0005320340446715246
2015-09-01,2015-10-01,lag_5,-0.005470746111496,0.0002613674299659644,0.00014156971079142336,0.0005320340446715246
2015-09-01,2015-10-01,lag_6,-0.0033518725083752,0.0,0.00014156971079142336,0.0005320340446715246
2015-09-01,2015-10-01,lag_7,-0.006405903226315,-0.00048820629066102865,0.00014156971079142336,0.0005320340446715246
2015-09-01,2015-10-01,lag_8,-0.0078792284874769,-0.0007664749111351604,0.00014156971079142336,0.0005320340446715246
2015-09-01,2015-10-01,lag_9,-7.906777172816959e-05,0.0,0.00014156971079142336,0.0005320340446715246
2015-09-01,2015-10-01,lag_10,0.0061531513501895,-0.0005795537410995409,0.00014156971079142336,0.0005320340446715246
2015-09-01,2015-10-01,lag_11,0.0001193360840261,0.0,0.00014156971079142336,0.0005320340446715246
2015-09-01,2015-10-01,volatility_3m,0.0050902253426890354,0.0009734128241668848,0.00014156971079142336,0.0005320340446715246
2015-10-01,2015-11-01,lag_0,-0.0048472353195281,-0.001319558430934056,-0.0027913240517675603,0.0011329876643261473
2015-10-01,2015-11-01,lag_1,-0.0027949673135552,-0.00018748337022916398,-0.0027913240517675603,0.0011329876643261473
2015-10-01,2015-11-01,lag_2,-0.0018402107442865,-2.6707091256877435e-05,-0.0027913240517675603,0.0011329876643261473
2015-10-01,2015-11-01,lag_3,0.0064600821906077,0.0,-0.0027913240517675603,0.0011329876643261473
2015-10-01,2015-11-01,lag_4,-0.0031500185136206,0.0,-0.0027913240517675603,0.0011329876643261473
2015-10-01,2015-11-01,lag_5,-0.0044228298448434,0.0,-0.0027913240517675603,0.0011329876643261473
2015-10-01,2015-11-01,lag_6,-0.005470746111496,-0.00028653195716309507,-0.0027913240517675603,0.0011329876643261473
2015-10-01,2015-11-01,lag_7,-0.0033518725083752,-0.0007842507479434434,-0.0027913240517675603,0.0011329876643261473
2015-10-01,2015-11-01,lag_8,-0.006405903226315,-0.0005631199071964571,-0.0027913240517675603,0.0011329876643261473
2015-10-01,2015-11-01,lag_9,-0.0078792284874769,-6.76579888378805e-05,-0.0027913240517675603,0.0011329876643261473
2015-10-01,2015-11-01,lag_10,-7.906777172816959e-05,0.0,-0.0027913240517675603,0.0011329876643261473
2015-10-01,2015-11-01,lag_11,0.0061531513501895,-0.0006890022225327335,-0.0027913240517675603,0.0011329876643261473
2015-10-01,2015-11-01,volatility_3m,0.0015365307715222546,0.0,-0.0027913240517675603,0.0011329876643261473
2015-11-01,2015-12-01,lag_0,-0.007384517731686,-0.0017936105303305555,-0.004259922282940299,0.001154809955493013
2015-11-01,2015-12-01,lag_1,-0.0048472353195281,-0.0013768501146748935,-0.004259922282940299,0.001154809955493013
2015-11-01,2015-12-01,lag_2,-0.0027949673135552,-0.0005440089671602999,-0.004259922282940299,0.001154809955493013
2015-11-01,2015-12-01,lag_3,-0.0018402107442865,-0.00031302611208654203,-0.004259922282940299,0.001154809955493013
2015-11-01,2015-12-01,lag_4,0.0064600821906077,-0.0008201894324913321,-0.004259922282940299,0.001154809955493013
2015-11-01,2015-12-01,lag_5,-0.0031500185136206,-0.00016286650380891148,-0.004259922282940299,0.001154809955493013
2015-11-01,2015-12-01,lag_6,-0.0044228298448434,0.0,-0.004259922282940299,0.001154809955493013
2015-11-01,2015-12-01,lag_7,-0.005470746111496,-0.00040968816399294136,-0.004259922282940299,0.001154809955493013
2015-11-01,2015-12-01,lag_8,-0.0033518725083752,-0.0005185255495426513,-0.004259922282940299,0.001154809955493013
2015-11-01,2015-12-01,lag_9,-0.006405903226315,-9.92396038217349e-05,-0.004259922282940299,0.001154809955493013
2015-11-01,2015-12-01,lag_10,-0.0078792284874769,0.0006232727394765522,-0.004259922282940299,0.001154809955493013
2015-11-01,2015-12-01,lag_11,-7.906777172816959e-05,0.0,-0.004259922282940299,0.001154809955493013
2015-11-01,2015-12-01,volatility_3m,0.002299042519831187,0.0,-0.004259922282940299,0.001154809955493013
2015-12-01,2016-01-01,lag_0,-0.0049161232406857,-0.0010132761310387192,-0.002854680602262516,0.0004945672273655847
2015-12-01,2016-01-01,lag_1,-0.007384517731686,-0.002122801021428106,-0.002854680602262516,0.0004945672273655847
2015-12-01,2016-01-01,lag_2,-0.0048472353195281,-0.0010588872360354081,-0.002854680602262516,0.0004945672273655847
2015-12-01,2016-01-01,lag_3,-0.0027949673135552,0.0003130967743012127,-0.002854680602262516,0.0004945672273655847
2015-12-01,2016-01-01,lag_4,-0.0018402107442865,0.0,-0.002854680602262516,0.0004945672273655847
2015-12-01,2016-01-01,lag_5,0.0064600821906077,-0.0003760433228069706,-0.002854680602262516,0.0004945672273655847
2015-12-01,2016-01-01,lag_6,-0.0031500185136206,0.0,-0.002854680602262516,0.0004945672273655847
2015-12-01,2016-01-01,lag_7,-0.0044228298448434,0.0,-0.002854680602262516,0.0004945672273655847
2015-12-01,2016-01-01,lag_8,-0.005470746111496,-0.0005342107245109052,-0.002854680602262516,0.0004945672273655847
2015-12-01,2016-01-01,lag_9,-0.0033518725083752,0.0,-0.002854680602262516,0.0004945672273655847
2015-12-01,2016-01-01,lag_10,-0.006405903226315,0.0008126657967487956,-0.002854680602262516,0.0004945672273655847
2015-12-01,2016-01-01,lag_11,-0.0078792284874769,0.0006302080351420004,-0.002854680602262516,0.0004945672273655847
2015-12-01,2016-01-01,volatility_3m,0.0014454249056896648,0.0,-0.002854680602262516,0.0004945672273655847
2016-01-01,2016-02-01,lag_0,0.005226534839914,0.0012414406692376478,-0.00036290301626321075,0.0011220018846710873
2016-01-01,2016-02-01,lag_1,-0.0049161232406857,-0.0011679477516773251,-0.00036290301626321075,0.0011220018846710873
2016-01-01,2016-02-01,lag_2,-0.007384517731686,-0.0009535738165858277,-0.00036290301626321075,0.0011220018846710873
2016-01-01,2016-02-01,lag_3,-0.0048472353195281,-0.0004819971028778419,-0.00036290301626321075,0.0011220018846710873
2016-01-01,2016-02-01,lag_4,-0.0027949673135552,0.0,-0.00036290301626321075,0.0011220018846710873
2016-01-01,2016-02-01,lag_5,-0.0018402107442865,0.0,-0.00036290301626321075,0.0011220018846710873
2016-01-01,2016-02-01,lag_6,0.0064600821906077,0.0,-0.00036290301626321075,0.0011220018846710873
2016-01-01,2016-02-01,lag_7,-0.0031500185136206,0.0,-0.00036290301626321075,0.0011220018846710873
2016-01-01,2016-02-01,lag_8,-0.0044228298448434,-0.00048123981373454633,-0.00036290301626321075,0.0011220018846710873
2016-01-01,2016-02-01,lag_9,-0.005470746111496,-0.0002851194112001117,-0.00036290301626321075,0.0011220018846710873
2016-01-01,2016-02-01,lag_10,-0.0033518725083752,0.000374510000420083,-0.00036290301626321075,0.0011220018846710873
2016-01-01,2016-02-01,lag_11,-0.006405903226315,0.0008183580045949047,-0.00036290301626321075,0.0011220018846710873
2016-01-01,2016-02-01,volatility_3m,0.006683376532696803,-0.0005493356791112805,-0.00036290301626321075,0.0011220018846710873
2016-02-01,2016-03-01,lag_0,-0.0051982643192998,0.0,0.0020779492244671002,-0.00061919117807744
2016-02-01,2016-03-01,lag_1,0.005226534839914,0.000284573289695567,0.0020779492244671002,-0.00061919117807744
2016-02-01,2016-03-01,lag_2,-0.0049161232406857,-0.0012365065302554496,0.0020779492244671002,-0.00061919117807744
2016-02-01,2016-03-01,lag_3,-0.007384517731686,0.0,0.0020779492244671002,-0.00061919117807744
2016-02-01,2016-03-01,lag_4,-0.0048472353195281,0.0003239953088401898,0.0020779492244671002,-0.00061919117807744
2016-02-01,2016-03-01,lag_5,-0.0027949673135552,0.0003014914783097138,0.0020779492244671002,-0.00061919117807744
2016-02-01,2016-03-01,lag_6,-0.0018402107442865,0.00028684088065707695,0.0020779492244671002,-0.00061919117807744
2016-02-01,2016-03-01,lag_7,0.0064600821906077,-0.00044351633221062677,0.0020779492244671002,-0.00061919117807744
2016-02-01,2016-03-01,lag_8,-0.0031500185136206,-0.0004906692617184074,0.0020779492244671002,-0.00061919117807744
2016-02-01,2016-03-01,lag_9,-0.0044228298448434,0.0,0.0020779492244671002,-0.00061919117807744
2016-02-01,2016-03-01,lag_10,-0.005470746111496,0.0007084549874860904,0.0020779492244671002,-0.00061919117807744
2016-02-01,2016-03-01,lag_11,-0.0033518725083752,0.0003749394844165839,0.0020779492244671002,-0.00061919117807744
2016-02-01,2016-03-01,volatility_3m,0.0059389891681741695,0.0025875370973238027,0.0020779492244671002,-0.00061919117807744
2016-03-01,2016-04-01,lag_0,-0.0074475614830165,-0.002204725924249813,2.361237204902278e-05,0.0006174607238221817
2016-03-01,2016-04-01,lag_1,-0.0051982643192998,-0.0008443870755847165,2.361237204902278e-05,0.0006174607238221817
2016-03-01,2016-04-01,lag_2,0.005226534839914,0.0005088748042927139,2.361237204902278e-05,0.0006174607238221817
2016-03-01,2016-04-01,lag_3,-0.0049161232406857,-0.00036906934324981955,2.361237204902278e-05,0.0006174607238221817
2016-03-01,2016-04-01,lag_4,-0.007384517731686,0.0,2.361237204902278e-05,0.0006174607238221817
2016-03-01,2016-04-01,lag_5,-0.0048472353195281,0.00020614952020077133,2.361237204902278e-05,0.0006174607238221817
2016-03-01,2016-04-01,lag_6,-0.0027949673135552,0.0002293119201201621,2.361237204902278e-05,0.0006174607238221817
2016-03-01,2016-04-01,lag_7,-0.0018402107442865,0.0,2.361237204902278e-05,0.0006174607238221817
2016-03-01,2016-04-01,lag_8,0.0064600821906077,0.0010336754537851266,2.361237204902278e-05,0.0006174607238221817
2016-03-01,2016-04-01,lag_9,-0.0031500185136206,0.0,2.361237204902278e-05,0.0006174607238221817
2016-03-01,2016-04-01,lag_10,-0.0044228298448434,0.0,2.361237204902278e-05,0.0006174607238221817
2016-03-01,2016-04-01,lag_11,-0.005470746111496,0.000846322292912416,2.361237204902278e-05,0.0006174607238221817
2016-03-01,2016-04-01,volatility_3m,0.006762254220346559,0.0,2.361237204902278e-05,0.0006174607238221817
2016-04-01,2016-05-01,lag_0,0.0033764655587065,0.0007601084199293291,-0.001379259062491596,0.00047000938649619466
2016-04-01,2016-05-01,lag_1,-0.0074475614830165,-0.002535139074205244,-0.001379259062491596,0.00047000938649619466
2016-04-01,2016-05-01,lag_2,-0.0051982643192998,-0.0004149105084278297,-0.001379259062491596,0.00047000938649619466
2016-04-01,2016-05-01,lag_3,0.005226534839914,0.0,-0.001379259062491596,0.00047000938649619466
2016-04-01,2016-05-01,lag_4,-0.0049161232406857,0.0003746020870185313,-0.001379259062491596,0.00047000938649619466
2016-04-01,2016-05-01,lag_5,-0.007384517731686,0.0,-0.001379259062491596,0.00047000938649619466
2016-04-01,2016-05-01,lag_6,-0.0048472353195281,-0.00025455647348964156,-0.001379259062491596,0.00047000938649619466
2016-04-01,2016-05-01,lag_7,-0.0027949673135552,-0.00020920374386029675,-0.001379259062491596,0.00047000938649619466
2016-04-01,2016-05-01,lag_8,-0.0018402107442865,0.0,-0.001379259062491596,0.00047000938649619466
2016-04-01,2016-05-01,lag_9,0.0064600821906077,0.0,-0.001379259062491596,0.00047000938649619466
2016-04-01,2016-05-01,lag_10,-0.0031500185136206,0.0,-0.001379259062491596,0.00047000938649619466
2016-04-01,2016-05-01,lag_11,-0.0044228298448434,0.0,-0.001379259062491596,0.00047000938649619466
2016-04-01,2016-05-01,volatility_3m,0.005711755299547135,0.00042983084404736084,-0.001379259062491596,0.00047000938649619466
2016-05-01,2016-06-01,lag_0,-0.0022703697198567,0.0,-0.000277016022016481,-0.0005479525259791267
2016-05-01,2016-06-01,lag_1,0.0033764655587065,0.0006301242244690329,-0.000277016022016481,-0.0005479525259791267
2016-05-01,2016-06-01,lag_2,-0.0074475614830165,-0.0008370379440447551,-0.000277016022016481,-0.0005479525259791267
2016-05-01,2016-06-01,lag_3,-0.0051982643192998,0.00047529980371668456,-0.000277016022016481,-0.0005479525259791267
2016-05-01,2016-06-01,lag_4,0.005226534839914,-0.000968463814313864,-0.000277016022016481,-0.0005479525259791267
2016-05-01,2016-06-01,lag_5,-0.0049161232406857,0.0,-0.000277016022016481,-0.0005479525259791267
2016-05-01,2016-06-01,lag_6,-0.007384517731686,0.000893995735755641,-0.000277016022016481,-0.0005479525259791267
2016-05-01,2016-06-01,lag_7,-0.0048472353195281,-0.0005054534628825184,-0.000277016022016481,-0.0005479525259791267
2016-05-01,2016-06-01,lag_8,-0.0027949673135552,0.0,-0.000277016022016481,-0.0005479525259791267
2016-05-01,2016-06-01,lag_9,-0.0018402107442865,0.0,-0.000277016022016481,-0.0005479525259791267
2016-05-01,2016-06-01,lag_10,0.0064600821906077,-0.0011371397993589385,-0.000277016022016481,-0.0005479525259791267
2016-05-01,2016-06-01,lag_11,-0.0031500185136206,0.0005850262421961348,-0.000277016022016481,-0.0005479525259791267
2016-05-01,2016-06-01,volatility_3m,0.005413711367378612,0.0011345855184252285,-0.000277016022016481,-0.0005479525259791267
2016-06-01,2016-07-01,lag_0,0.0047125884915697,0.001550555627416302,-0.00195550896760093,0.0002700361736549133
2016-06-01,2016-07-01,lag_1,-0.0022703697198567,0.0,-0.00195550896760093,0.0002700361736549133
2016-06-01,2016-07-01,lag_2,0.0033764655587065,0.001439017325082509,-0.00195550896760093,0.0002700361736549133
2016-06-01,2016-07-01,lag_3,-0.0074475614830165,-0.0018565425314484361,-0.00195550896760093,0.0002700361736549133
2016-06-01,2016-07-01,lag_4,-0.0051982643192998,-0.0009861259664395296,-0.00195550896760093,0.0002700361736549133
2016-06-01,2016-07-01,lag_5,0.005226534839914,-0.00031477783436031654,-0.00195550896760093,0.0002700361736549133
2016-06-01,2016-07-01,lag_6,-0.0049161232406857,0.001335013908608042,-0.00195550896760093,0.0002700361736549133
2016-06-01,2016-07-01,lag_7,-0.007384517731686,-0.0003007226111722485,-0.00195550896760093,0.0002700361736549133
2016-06-01,2016-07-01,lag_8,-0.0048472353195281,-0.0010463490021161456,-0.00195550896760093,0.0002700361736549133
2016-06-01,2016-07-01,lag_9,-0.0027949673135552,-0.0002738035981242658,-0.00195550896760093,0.0002700361736549133
2016-06-01,2016-07-01,lag_10,-0.0018402107442865,0.0,-0.00195550896760093,0.0002700361736549133
2016-06-01,2016-07-01,lag_11,0.0064600821906077,-0.0017718104587017532,-0.00195550896760093,0.0002700361736549133
2016-06-01,2016-07-01,volatility_3m,0.0037066084798522644,0.0,-0.00195550896760093,0.0002700361736549133
2016-07-01,2016-08-01,lag_0,0.0011714023549629,0.0008176954876680624,0.0027350224993405187,0.0004084738633560582
2016-07-01,2016-08-01,lag_1,0.0047125884915697,0.0008115963618399475,0.0027350224993405187,0.0004084738633560582
2016-07-01,2016-08-01,lag_2,-0.0022703697198567,0.0,0.0027350224993405187,0.0004084738633560582
2016-07-01,2016-08-01,lag_3,0.0033764655587065,0.0006812566128943069,0.0027350224993405187,0.0004084738633560582
2016-07-01,2016-08-01,lag_4,-0.0074475614830165,0.0,0.0027350224993405187,0.0004084738633560582
2016-07-01,2016-08-01,lag_5,-0.0051982643192998,0.0005843626767209273,0.0027350224993405187,0.0004084738633560582
2016-07-01,2016-08-01,lag_6,0.005226534839914,0.0,0.0027350224993405187,0.0004084738633560582
2016-07-01,2016-08-01,lag_7,-0.0049161232406857,0.00030151290333810027,0.0027350224993405187,0.0004084738633560582
2016-07-01,2016-08-01,lag_8,-0.007384517731686,-0.0015157287700024293,0.0027350224993405187,0.0004084738633560582
2016-07-01,2016-08-01,lag_9,-0.0048472353195281,0.0002875438369555018,0.0027350224993405187,0.0004084738633560582
2016-07-01,2016-08-01,lag_10,-0.0027949673135552,0.0,0.0027350224993405187,0.0004084738633560582
2016-07-01,2016-08-01,lag_11,-0.0018402107442865,0.00035830952657004377,0.0027350224993405187,0.0004084738633560582
2016-07-01,2016-08-01,volatility_3m,0.0034915970474753526,0.0,0.0027350224993405187,0.0004084738633560582
2016-08-01,2016-09-01,lag_0,-0.0015082196772331,-0.00010557531351476461,-0.003003167461117673,0.0003199217575399467
2016-08-01,2016-09-01,lag_1,0.0011714023549629,-0.0001231560943172411,-0.003003167461117673,0.0003199217575399467
2016-08-01,2016-09-01,lag_2,0.0047125884915697,0.0,-0.003003167461117673,0.0003199217575399467
2016-08-01,2016-09-01,lag_3,-0.0022703697198567,0.0,-0.003003167461117673,0.0003199217575399467
2016-08-01,2016-09-01,lag_4,0.0033764655587065,-0.00012992173516168944,-0.003003167461117673,0.0003199217575399467
2016-08-01,2016-09-01,lag_5,-0.0074475614830165,0.0006275985051386212,-0.003003167461117673,0.0003199217575399467
2016-08-01,2016-09-01,lag_6,-0.0051982643192998,-0.0005539509302772603,-0.003003167461117673,0.0003199217575399467
2016-08-01,2016-09-01,lag_7,0.005226534839914,-0.0004985787215673339,-0.003003167461117673,0.0003199217575399467
2016-08-01,2016-09-01,lag_8,-0.0049161232406857,-0.000790319896840337,-0.003003167461117673,0.0003199217575399467
2016-08-01,2016-09-01,lag_9,-0.007384517731686,-0.0017491850321176138,-0.003003167461117673,0.0003199217575399467
2016-08-01,2016-09-01,lag_10,-0.0048472353195281,0.0,-0.003003167461117673,0.0003199217575399467
2016-08-01,2016-09-01,lag_11,-0.0027949673135552,0.0,-0.003003167461117673,0.0003199217575399467
2016-08-01,2016-09-01,volatility_3m,0.0031203319204471942,0.0,-0.003003167461117673,0.0003199217575399467
2016-09-01,2016-10-01,lag_0,-0.0010556910872727,-0.0005546239130084954,0.0021713905473638266,0.0005510428082275682
2016-09-01,2016-10-01,lag_1,-0.0015082196772331,-0.0007393904938612493,0.0021713905473638266,0.0005510428082275682
2016-09-01,2016-10-01,lag_2,0.0011714023549629,0.0,0.0021713905473638266,0.0005510428082275682
2016-09-01,2016-10-01,lag_3,0.0047125884915697,0.0,0.0021713905473638266,0.0005510428082275682
2016-09-01,2016-10-01,lag_4,-0.0022703697198567,0.0,0.0021713905473638266,0.0005510428082275682
2016-09-01,2016-10-01,lag_5,0.0033764655587065,-0.0009005943178391153,0.0021713905473638266,0.0005510428082275682
2016-09-01,2016-10-01,lag_6,-0.0074475614830165,0.00039512115587604104,0.0021713905473638266,0.0005510428082275682
2016-09-01,2016-10-01,lag_7,-0.0051982643192998,-0.0004432999672859367,0.0021713905473638266,0.0005510428082275682
2016-09-01,2016-10-01,lag_8,0.005226534839914,0.0011831751960976738,0.0021713905473638266,0.0005510428082275682
2016-09-01,2016-10-01,lag_9,-0.0049161232406857,-0.0008727888021406806,0.0021713905473638266,0.0005510428082275682
2016-09-01,2016-10-01,lag_10,-0.007384517731686,0.0013645337791829836,0.0021713905473638266,0.0005510428082275682
2016-09-01,2016-10-01,lag_11,-0.0048472353195281,0.0009500023679627619,0.0021713905473638266,0.0005510428082275682
2016-09-01,2016-10-01,volatility_3m,0.0014344047290665318,0.0012382127341522755,0.0021713905473638266,0.0005510428082275682
2016-10-01,2016-11-01,lag_0,0.0001559439981937,0.0,-0.005915036765461675,0.0006816457645675719
2016-10-01,2016-11-01,lag_1,-0.0010556910872727,0.0,-0.005915036765461675,0.0006816457645675719
2016-10-01,2016-11-01,lag_2,-0.0015082196772331,-3.398474515091832e-05,-0.005915036765461675,0.0006816457645675719
2016-10-01,2016-11-01,lag_3,0.0011714023549629,0.0,-0.005915036765461675,0.0006816457645675719
2016-10-01,2016-11-01,lag_4,0.0047125884915697,-0.00026595315694608306,-0.005915036765461675,0.0006816457645675719
2016-10-01,2016-11-01,lag_5,-0.0022703697198567,-0.0005028994827092359,-0.005915036765461675,0.0006816457645675719
2016-10-01,2016-11-01,lag_6,0.0033764655587065,-0.0008370019056138486,-0.005915036765461675,0.0006816457645675719
2016-10-01,2016-11-01,lag_7,-0.0074475614830165,-0.000674632129594363,-0.005915036765461675,0.0006816457645675719
2016-10-01,2016-11-01,lag_8,-0.0051982643192998,-0.0009080041607241104,-0.005915036765461675,0.0006816457645675719
2016-10-01,2016-11-01,lag_9,0.005226534839914,-0.0006770822875841789,-0.005915036765461675,0.0006816457645675719
2016-10-01,2016-11-01,lag_10,-0.0049161232406857,-0.0008057676430707454,-0.005915036765461675,0.0006816457645675719
2016-10-01,2016-11-01,lag_11,-0.007384517731686,-0.0013958637748186155,-0.005915036765461675,0.0006816457645675719
2016-10-01,2016-11-01,volatility_3m,0.0008604536055355487,-0.0004954932438171494,-0.005915036765461675,0.0006816457645675719
2016-11-01,2016-12-01,lag_0,-0.0041804087257064,-0.0007498358858540782,-0.0015239432530813526,0.0003978128864201533
2016-11-01,2016-12-01,lag_1,0.0001559439981937,0.0,-0.0015239432530813526,0.0003978128864201533
2016-11-01,2016-12-01,lag_2,-0.0010556910872727,-0.00031846452948125503,-0.0015239432530813526,0.0003978128864201533
2016-11-01,2016-12-01,lag_3,-0.0015082196772331,0.0,-0.0015239432530813526,0.0003978128864201533
2016-11-01,2016-12-01,lag_4,0.0011714023549629,0.0,-0.0015239432530813526,0.0003978128864201533
2016-11-01,2016-12-01,lag_5,0.0047125884915697,-0.00022367584639059994,-0.0015239432530813526,0.0003978128864201533
2016-11-01,2016-12-01,lag_6,-0.0022703697198567,0.0,-0.0015239432530813526,0.0003978128864201533
2016-11-01,2016-12-01,lag_7,0.0033764655587065,0.00038306403958793126,-0.0015239432530813526,0.0003978128864201533
2016-11-01,2016-12-01,lag_8,-0.0074475614830165,-0.0014811391451160325,-0.0015239432530813526,0.0003978128864201533
2016-11-01,2016-12-01,lag_9,-0.0051982643192998,0.0,-0.0015239432530813526,0.0003978128864201533
2016-11-01,2016-12-01,lag_10,0.005226534839914,0.0,-0.0015239432530813526,0.0003978128864201533
2016-11-01,2016-12-01,lag_11,-0.0049161232406857,0.0012962343292019986,-0.0015239432530813526,0.0003978128864201533
2016-11-01,2016-12-01,volatility_3m,0.0022374045546252794,-0.0008279391014494703,-0.0015239432530813526,0.0003978128864201533
2016-12-01,2017-01-01,lag_0,0.0068125945893555,0.0018540576681012608,0.0016586942103520314,0.0009384535045009211
2016-12-01,2017-01-01,lag_1,-0.0041804087257064,-0.0003838856684885789,0.0016586942103520314,0.0009384535045009211
2016-12-01,2017-01-01,lag_2,0.0001559439981937,0.00037048020881944504,0.0016586942103520314,0.0009384535045009211
2016-12-01,2017-01-01,lag_3,-0.0010556910872727,0.0,0.0016586942103520314,0.0009384535045009211
2016-12-01,2017-01-01,lag_4,-0.0015082196772331,0.0,0.0016586942103520314,0.0009384535045009211
2016-12-01,2017-01-01,lag_5,0.0011714023549629,0.0,0.0016586942103520314,0.0009384535045009211
2016-12-01,2017-01-01,lag_6,0.0047125884915697,-0.0009393575347619308,0.0016586942103520314,0.0009384535045009211
2016-12-01,2017-01-01,lag_7,-0.0022703697198567,-0.000369062343980807,0.0016586942103520314,0.0009384535045009211
2016-12-01,2017-01-01,lag_8,0.0033764655587065,0.0005316307255792569,0.0016586942103520314,0.0009384535045009211
2016-12-01,2017-01-01,lag_9,-0.0074475614830165,0.0011262755441895696,0.0016586942103520314,0.0009384535045009211
2016-12-01,2017-01-01,lag_10,-0.0051982643192998,-0.000643692220459236,0.0016586942103520314,0.0009384535045009211
2016-12-01,2017-01-01,lag_11,0.005226534839914,-0.001280249309301447,0.0016586942103520314,0.0009384535045009211
2016-12-01,2017-01-01,volatility_3m,0.005537163442351034,0.00045404363615357784,0.0016586942103520314,0.0009384535045009211
2017-01-01,2017-02-01,lag_0,-0.0026321858636491,0.0,0.002414939937616146,0.0007404307201954678
2017-01-01,2017-02-01,lag_1,0.0068125945893555,0.0022999919061586693,0.002414939937616146,0.0007404307201954678
2017-01-01,2017-02-01,lag_2,-0.0041804087257064,-0.0006002957078308837,0.002414939937616146,0.0007404307201954678
2017-01-01,2017-02-01,lag_3,0.0001559439981937,0.0,0.002414939937616146,0.0007404307201954678
2017-01-01,2017-02-01,lag_4,-0.0010556910872727,0.00047510357865138147,0.002414939937616146,0.0007404307201954678
2017-01-01,2017-02-01,lag_5,-0.0015082196772331,-0.0003013308820640717,0.002414939937616146,0.0007404307201954678
2017-01-01,2017-02-01,lag_6,0.0011714023549629,0.0,0.002414939937616146,0.0007404307201954678
2017-01-01,2017-02-01,lag_7,0.0047125884915697,0.0,0.002414939937616146,0.0007404307201954678
2017-01-01,2017-02-01,lag_8,-0.0022703697198567,-0.000526777057254418,0.002414939937616146,0.0007404307201954678
2017-01-01,2017-02-01,lag_9,0.0033764655587065,-0.0004169215421761597,0.002414939937616146,0.0007404307201954678
2017-01-01,2017-02-01,lag_10,-0.0074475614830165,-0.00030172849130044544,0.002414939937616146,0.0007404307201954678
2017-01-01,2017-02-01,lag_11,-0.0051982643192998,0.0005680473086254014,0.002414939937616146,0.0007404307201954678
2017-01-01,2017-02-01,volatility_3m,0.005950448074459275,0.0004784201046112044,0.002414939937616146,0.0007404307201954678
2017-02-01,2017-03-01,lag_0,-0.0040228192946498,-0.0015749857162247528,0.002693646365318908,0.0006161363819541129
2017-02-01,2017-03-01,lag_1,-0.0026321858636491,-0.0005833086207491476,0.002693646365318908,0.0006161363819541129
2017-02-01,2017-03-01,lag_2,0.0068125945893555,0.00034235147012383647,0.002693646365318908,0.0006161363819541129
2017-02-01,2017-03-01,lag_3,-0.0041804087257064,-0.00040063192038600437,0.002693646365318908,0.0006161363819541129
2017-02-01,2017-03-01,lag_4,0.0001559439981937,0.0,0.002693646365318908,0.0006161363819541129
2017-02-01,2017-03-01,lag_5,-0.0010556910872727,0.0,0.002693646365318908,0.0006161363819541129
2017-02-01,2017-03-01,lag_6,-0.0015082196772331,0.0,0.002693646365318908,0.0006161363819541129
2017-02-01,2017-03-01,lag_7,0.0011714023549629,0.0,0.002693646365318908,0.0006161363819541129
2017-02-01,2017-03-01,lag_8,0.0047125884915697,0.001982249084821361,0.002693646365318908,0.0006161363819541129
2017-02-01,2017-03-01,lag_9,-0.0022703697198567,0.0,0.002693646365318908,0.0006161363819541129
2017-02-01,2017-03-01,lag_10,0.0033764655587065,0.0002329389125327562,0.002693646365318908,0.0006161363819541129
2017-02-01,2017-03-01,lag_11,-0.0074475614830165,0.0023517520610794075,0.002693646365318908,0.0006161363819541129
2017-02-01,2017-03-01,volatility_3m,0.005895534089214895,-0.0002728552878326617,0.002693646365318908,0.0006161363819541129
2017-03-01,2017-04-01,lag_0,0.0065772411659166,0.0005405543089528116,0.004600199699954318,0.0012735078493981149
2017-03-01,2017-04-01,lag_1,-0.0040228192946498,-0.0008448891035062157,0.004600199699954318,0.0012735078493981149
2017-03-01,2017-04-01,lag_2,-0.0026321858636491,0.00016431144555771019,0.004600199699954318,0.0012735078493981149
2017-03-01,2017-04-01,lag_3,0.0068125945893555,9.799573653562982e-05,0.004600199699954318,0.0012735078493981149
2017-03-01,2017-04-01,lag_4,-0.0041804087257064,0.00038779612532033553,0.004600199699954318,0.0012735078493981149
2017-03-01,2017-04-01,lag_5,0.0001559439981937,0.0,0.004600199699954318,0.0012735078493981149
2017-03-01,2017-04-01,lag_6,-0.0010556910872727,0.0006194017501110063,0.004600199699954318,0.0012735078493981149
2017-03-01,2017-04-01,lag_7,-0.0015082196772331,0.0006340977356294772,0.004600199699954318,0.0012735078493981149
2017-03-01,2017-04-01,lag_8,0.0011714023549629,0.0,0.004600199699954318,0.0012735078493981149
2017-03-01,2017-04-01,lag_9,0.0047125884915697,0.00014685193285507125,0.004600199699954318,0.0012735078493981149
2017-03-01,2017-04-01,lag_10,-0.0022703697198567,0.0,0.004600199699954318,0.0012735078493981149
2017-03-01,2017-04-01,lag_11,0.0033764655587065,0.00012053534457831666,0.004600199699954318,0.0012735078493981149
2017-03-01,2017-04-01,volatility_3m,0.0057606233649952505,0.0014600365745220598,0.004600199699954318,0.0012735078493981149
2017-04-01,2017-05-01,lag_0,0.0101359365050237,0.0010710587931415908,-0.0003601739839732467,0.000770095759476613
2017-04-01,2017-05-01,lag_1,0.0065772411659166,0.0007528135097543305,-0.0003601739839732467,0.000770095759476613
2017-04-01,2017-05-01,lag_2,-0.0040228192946498,-0.0008333032298935596,-0.0003601739839732467,0.000770095759476613
2017-04-01,2017-05-01,lag_3,-0.0026321858636491,-0.0007890789612018704,-0.0003601739839732467,0.000770095759476613
2017-04-01,2017-05-01,lag_4,0.0068125945893555,0.0,-0.0003601739839732467,0.000770095759476613
2017-04-01,2017-05-01,lag_5,-0.0041804087257064,-0.0005737468195945067,-0.0003601739839732467,0.000770095759476613
2017-04-01,2017-05-01,lag_6,0.0001559439981937,-0.0003332244319593353,-0.0003601739839732467,0.000770095759476613
2017-04-01,2017-05-01,lag_7,-0.0010556910872727,-0.00021766428106313352,-0.0003601739839732467,0.000770095759476613
2017-04-01,2017-05-01,lag_8,-0.0015082196772331,0.0,-0.0003601739839732467,0.000770095759476613
2017-04-01,2017-05-01,lag_9,0.0011714023549629,0.0,-0.0003601739839732467,0.000770095759476613
2017-04-01,2017-05-01,lag_10,0.0047125884915697,0.0,-0.0003601739839732467,0.000770095759476613
2017-04-01,2017-05-01,lag_11,-0.0022703697198567,-0.00020712432263337568,-0.0003601739839732467,0.000770095759476613
2017-04-01,2017-05-01,volatility_3m,0.007365414223235441,0.0,-0.0003601739839732467,0.000770095759476613
2017-05-01,2017-06-01,lag_0,0.0011830347817092,0.0,0.0004811470080513629,0.001000034051505908
2017-05-01,2017-06-01,lag_1,0.0101359365050237,0.0015408364662186148,0.0004811470080513629,0.001000034051505908
2017-05-01,2017-06-01,lag_2,0.0065772411659166,0.0,0.0004811470080513629,0.001000034051505908
2017-05-01,2017-06-01,lag_3,-0.0040228192946498,-0.0005908873626318356,0.0004811470080513629,0.001000034051505908
2017-05-01,2017-06-01,lag_4,-0.0026321858636491,-0.0002690969142655169,0.0004811470080513629,0.001000034051505908
2017-05-01,2017-06-01,lag_5,0.0068125945893555,0.0,0.0004811470080513629,0.001000034051505908
2017-05-01,2017-06-01,lag_6,-0.0041804087257064,-0.00019630923993593173,0.0004811470080513629,0.001000034051505908
2017-05-01,2017-06-01,lag_7,0.0001559439981937,-0.0003844908993679927,0.0004811470080513629,0.001000034051505908
2017-05-01,2017-06-01,lag_8,-0.0010556910872727,-0.00017240596652828266,0.0004811470080513629,0.001000034051505908
2017-05-01,2017-06-01,lag_9,-0.0015082196772331,-0.0001410617562408032,0.0004811470080513629,0.001000034051505908
2017-05-01,2017-06-01,lag_10,0.0011714023549629,0.0,0.0004811470080513629,0.001000034051505908
2017-05-01,2017-06-01,lag_11,0.0047125884915697,-0.00030547137070279705,0.0004811470080513629,0.001000034051505908
2017-05-01,2017-06-01,volatility_3m,0.004507701267448377,0.0,0.0004811470080513629,0.001000034051505908
2017-06-01,2017-07-01,lag_0,0.00205798028521,0.0,0.001044391257231013,0.0009844183157210282
2017-06-01,2017-07-01,lag_1,0.0011830347817092,0.0,0.001044391257231013,0.0009844183157210282
2017-06-01,2017-07-01,lag_2,0.0101359365050237,0.000715150699298146,0.001044391257231013,0.0009844183157210282
2017-06-01,2017-07-01,lag_3,0.0065772411659166,0.0006182685948040261,0.001044391257231013,0.0009844183157210282
2017-06-01,2017-07-01,lag_4,-0.0040228192946498,-0.0007020609786686887,0.001044391257231013,0.0009844183157210282
2017-06-01,2017-07-01,lag_5,-0.0026321858636491,0.0,0.001044391257231013,0.0009844183157210282
2017-06-01,2017-07-01,lag_6,0.0068125945893555,-0.00033970545500463357,0.001044391257231013,0.0009844183157210282
2017-06-01,2017-07-01,lag_7,-0.0041804087257064,0.0,0.001044391257231013,0.0009844183157210282
2017-06-01,2017-07-01,lag_8,0.0001559439981937,0.0,0.001044391257231013,0.0009844183157210282
2017-06-01,2017-07-01,lag_9,-0.0010556910872727,0.0,0.001044391257231013,0.0009844183157210282
2017-06-01,2017-07-01,lag_10,-0.0015082196772331,0.0,0.001044391257231013,0.0009844183157210282
2017-06-01,2017-07-01,lag_11,0.0011714023549629,-0.00023167991891886503,0.001044391257231013,0.0009844183157210282
2017-06-01,2017-07-01,volatility_3m,0.004935810564818624,0.0,0.001044391257231013,0.0009844183157210282
2017-07-01,2017-08-01,lag_0,-0.0023975598889283,-0.0007184177872818771,0.0011332067389638375,0.0015301109354677028
2017-07-01,2017-08-01,lag_1,0.00205798028521,0.0,0.0011332067389638375,0.0015301109354677028
2017-07-01,2017-08-01,lag_2,0.0011830347817092,0.0,0.0011332067389638375,0.0015301109354677028
2017-07-01,2017-08-01,lag_3,0.0101359365050237,0.0008108402825351359,0.0011332067389638375,0.0015301109354677028
2017-07-01,2017-08-01,lag_4,0.0065772411659166,-0.0005354204561925697,0.0011332067389638375,0.0015301109354677028
2017-07-01,2017-08-01,lag_5,-0.0040228192946498,0.0002839519536924826,0.0011332067389638375,0.0015301109354677028
2017-07-01,2017-08-01,lag_6,-0.0026321858636491,-0.0005255164138549626,0.0011332067389638375,0.0015301109354677028
2017-07-01,2017-08-01,lag_7,0.0068125945893555,0.00028765822459792586,0.0011332067389638375,0.0015301109354677028
2017-07-01,2017-08-01,lag_8,-0.0041804087257064,0.0,0.0011332067389638375,0.0015301109354677028
2017-07-01,2017-08-01,lag_9,0.0001559439981937,0.0,0.0011332067389638375,0.0015301109354677028
2017-07-01,2017-08-01,lag_10,-0.0010556910872727,0.0,0.0011332067389638375,0.0015301109354677028
2017-07-01,2017-08-01,lag_11,-0.0015082196772331,0.0,0.0011332067389638375,0.0015301109354677028
2017-07-01,2017-08-01,volatility_3m,0.0023607211494532164,0.0,0.0011332067389638375,0.0015301109354677028
2017-08-01,2017-09-01,lag_0,-0.0041471676206601,-0.0010068413855155987,0.002225461424221281,0.0011395364286543221
2017-08-01,2017-09-01,lag_1,-0.0023975598889283,-0.0006204245363122312,0.002225461424221281,0.0011395364286543221
2017-08-01,2017-09-01,lag_2,0.00205798028521,0.0,0.002225461424221281,0.0011395364286543221
2017-08-01,2017-09-01,lag_3,0.0011830347817092,0.0,0.002225461424221281,0.0011395364286543221
2017-08-01,2017-09-01,lag_4,0.0101359365050237,0.000946217697747546,0.002225461424221281,0.0011395364286543221
2017-08-01,2017-09-01,lag_5,0.0065772411659166,0.0,0.002225461424221281,0.0011395364286543221
2017-08-01,2017-09-01,lag_6,-0.0040228192946498,0.0,0.002225461424221281,0.0011395364286543221
2017-08-01,2017-09-01,lag_7,-0.0026321858636491,0.0,0.002225461424221281,0.0011395364286543221
2017-08-01,2017-09-01,lag_8,0.0068125945893555,0.001041364788674201,0.002225461424221281,0.0011395364286543221
2017-08-01,2017-09-01,lag_9,-0.0041804087257064,0.0007256084309730421,0.002225461424221281,0.0011395364286543221
2017-08-01,2017-09-01,lag_10,0.0001559439981937,0.0,0.002225461424221281,0.0011395364286543221
2017-08-01,2017-09-01,lag_11,-0.0010556910872727,0.0,0.002225461424221281,0.0011395364286543221
2017-08-01,2017-09-01,volatility_3m,0.0031993964532918842,0.0,0.002225461424221281,0.0011395364286543221
2017-09-01,2017-10-01,lag_0,0.0010316416096038,-0.00010425938931015417,-0.0020307792669255337,0.0014391169621189514
2017-09-01,2017-10-01,lag_1,-0.0041471676206601,-0.0009659362363066076,-0.0020307792669255337,0.0014391169621189514
2017-09-01,2017-10-01,lag_2,-0.0023975598889283,-0.0006391998870858944,-0.0020307792669255337,0.0014391169621189514
2017-09-01,2017-10-01,lag_3,0.00205798028521,0.0,-0.0020307792669255337,0.0014391169621189514
2017-09-01,2017-10-01,lag_4,0.0011830347817092,0.0,-0.0020307792669255337,0.0014391169621189514
2017-09-01,2017-10-01,lag_5,0.0101359365050237,-0.0012003114938012457,-0.0020307792669255337,0.0014391169621189514
2017-09-01,2017-10-01,lag_6,0.0065772411659166,-0.0001457122534525578,-0.0020307792669255337,0.0014391169621189514
2017-09-01,2017-10-01,lag_7,-0.0040228192946498,-0.0005051116952395465,-0.0020307792669255337,0.0014391169621189514
2017-09-01,2017-10-01,lag_8,-0.0026321858636491,-0.0001981711880144153,-0.0020307792669255337,0.0014391169621189514
2017-09-01,2017-10-01,lag_9,0.0068125945893555,0.00047422475831617513,-0.0020307792669255337,0.0014391169621189514
2017-09-01,2017-10-01,lag_10,-0.0041804087257064,-0.0001854188441502391,-0.0020307792669255337,0.0014391169621189514
2017-09-01,2017-10-01,lag_11,0.0001559439981937,0.0,-0.0020307792669255337,0.0014391169621189514
2017-09-01,2017-10-01,volatility_3m,0.002634407434191386,0.0,-0.0020307792669255337,0.0014391169621189514
2017-10-01,2017-11-01,lag_0,0.0122429513273667,0.0034718333882808564,0.0015168702829793657,0.0005041293885574642
2017-10-01,2017-11-01,lag_1,0.0010316416096038,0.0,0.0015168702829793657,0.0005041293885574642
2017-10-01,2017-11-01,lag_2,-0.0041471676206601,-0.0013844665339370528,0.0015168702829793657,0.0005041293885574642
2017-10-01,2017-11-01,lag_3,-0.0023975598889283,-0.0009830554283574865,0.0015168702829793657,0.0005041293885574642
2017-10-01,2017-11-01,lag_4,0.00205798028521,0.0,0.0015168702829793657,0.0005041293885574642
2017-10-01,2017-11-01,lag_5,0.0011830347817092,-0.0003386984276680283,0.0015168702829793657,0.0005041293885574642
2017-10-01,2017-11-01,lag_6,0.0101359365050237,0.0018647036277268277,0.0015168702829793657,0.0005041293885574642
2017-10-01,2017-11-01,lag_7,0.0065772411659166,0.0008475839311046176,0.0015168702829793657,0.0005041293885574642
2017-10-01,2017-11-01,lag_8,-0.0040228192946498,-0.0006482158930739251,0.0015168702829793657,0.0005041293885574642
2017-10-01,2017-11-01,lag_9,-0.0026321858636491,0.0,0.0015168702829793657,0.0005041293885574642
2017-10-01,2017-11-01,lag_10,0.0068125945893555,-0.002162527785496255,0.0015168702829793657,0.0005041293885574642
2017-10-01,2017-11-01,lag_11,-0.0041804087257064,0.0009844030174226148,0.0015168702829793657,0.0005041293885574642
2017-10-01,2017-11-01,volatility_3m,0.008378042032216702,-0.0006388190015802678,0.0015168702829793657,0.0005041293885574642
2017-11-01,2017-12-01,lag_0,0.0023896267805678,0.0,0.0024743000807968714,0.002146367786027532
2017-11-01,2017-12-01,lag_1,0.0122429513273667,0.001508063372395388,0.0024743000807968714,0.002146367786027532
2017-11-01,2017-12-01,lag_2,0.0010316416096038,0.0,0.0024743000807968714,0.002146367786027532
2017-11-01,2017-12-01,lag_3,-0.0041471676206601,-0.00041714839513647416,0.0024743000807968714,0.002146367786027532
2017-11-01,2017-12-01,lag_4,-0.0023975598889283,0.0,0.0024743000807968714,0.002146367786027532
2017-11-01,2017-12-01,lag_5,0.00205798028521,0.0,0.0024743000807968714,0.002146367786027532
2017-11-01,2017-12-01,lag_6,0.0011830347817092,0.0,0.0024743000807968714,0.002146367786027532
2017-11-01,2017-12-01,lag_7,0.0101359365050237,-0.00025938340001783826,0.0024743000807968714,0.002146367786027532
2017-11-01,2017-12-01,lag_8,0.0065772411659166,0.0007780701836750901,0.0024743000807968714,0.002146367786027532
2017-11-01,2017-12-01,lag_9,-0.0040228192946498,0.0,0.0024743000807968714,0.002146367786027532
2017-11-01,2017-12-01,lag_10,-0.0026321858636491,0.0,0.0024743000807968714,0.002146367786027532
2017-11-01,2017-12-01,lag_11,0.0068125945893555,-0.0012816694661468263,0.0024743000807968714,0.002146367786027532
2017-11-01,2017-12-01,volatility_3m,0.006118627214453592,0.0,0.0024743000807968714,0.002146367786027532
2017-12-01,2018-01-01,lag_0,0.0019533298635989,0.00011359996509549935,0.006309862174429448,0.002095608068662359
2017-12-01,2018-01-01,lag_1,0.0023896267805678,7.60566023919413e-05,0.006309862174429448,0.002095608068662359
2017-12-01,2018-01-01,lag_2,0.0122429513273667,0.001928235360847363,0.006309862174429448,0.002095608068662359
2017-12-01,2018-01-01,lag_3,0.0010316416096038,0.0,0.006309862174429448,0.002095608068662359
2017-12-01,2018-01-01,lag_4,-0.0041471676206601,0.00035544077891875913,0.006309862174429448,0.002095608068662359
2017-12-01,2018-01-01,lag_5,-0.0023975598889283,2.461087477802215e-05,0.006309862174429448,0.002095608068662359
2017-12-01,2018-01-01,lag_6,0.00205798028521,6.41770428060874e-05,0.006309862174429448,0.002095608068662359
2017-12-01,2018-01-01,lag_7,0.0011830347817092,0.0,0.006309862174429448,0.002095608068662359
2017-12-01,2018-01-01,lag_8,0.0101359365050237,0.0007599370744486635,0.006309862174429448,0.002095608068662359
2017-12-01,2018-01-01,lag_9,0.0065772411659166,9.87689535554049e-05,0.006309862174429448,0.002095608068662359
2017-12-01,2018-01-01,lag_10,-0.0040228192946498,0.000679509640592728,0.006309862174429448,0.002095608068662359
2017-12-01,2018-01-01,lag_11,-0.0026321858636491,0.00011391781233261949,0.006309862174429448,0.002095608068662359
2017-12-01,2018-01-01,volatility_3m,0.005818858271344092,0.0,0.006309862174429448,0.002095608068662359
2018-01-01,2018-02-01,lag_0,-1.872595501151153e-05,-0.0002894486340370519,0.0035353495335919416,0.0017622343343710236
2018-01-01,2018-02-01,lag_1,0.0019533298635989,0.0,0.0035353495335919416,0.0017622343343710236
2018-01-01,2018-02-01,lag_2,0.0023896267805678,0.0,0.0035353495335919416,0.0017622343343710236
2018-01-01,2018-02-01,lag_3,0.0122429513273667,0.0012978535226070961,0.0035353495335919416,0.0017622343343710236
2018-01-01,2018-02-01,lag_4,0.0010316416096038,0.0,0.0035353495335919416,0.0017622343343710236
2018-01-01,2018-02-01,lag_5,-0.0041471676206601,0.0,0.0035353495335919416,0.0017622343343710236
2018-01-01,2018-02-01,lag_6,-0.0023975598889283,0.0004357425577184152,0.0035353495335919416,0.0017622343343710236
2018-01-01,2018-02-01,lag_7,0.00205798028521,0.0,0.0035353495335919416,0.0017622343343710236
2018-01-01,2018-02-01,lag_8,0.0011830347817092,0.0,0.0035353495335919416,0.0017622343343710236
2018-01-01,2018-02-01,lag_9,0.0101359365050237,0.0,0.0035353495335919416,0.0017622343343710236
2018-01-01,2018-02-01,lag_10,0.0065772411659166,-0.00039114413180666005,0.0035353495335919416,0.0017622343343710236
2018-01-01,2018-02-01,lag_11,-0.0040228192946498,0.0007201118847391189,0.0035353495335919416,0.0017622343343710236
2018-01-01,2018-02-01,volatility_3m,0.0012831940649829043,0.0,0.0035353495335919416,0.0017622343343710236
2018-02-01,2018-03-01,lag_0,0.0024216066290527,0.0,-0.0005946594736681542,0.0013874516563272023
2018-02-01,2018-03-01,lag_1,-1.872595501151153e-05,-0.0001334237750469521,-0.0005946594736681542,0.0013874516563272023
2018-02-01,2018-03-01,lag_2,0.0019533298635989,0.0,-0.0005946594736681542,0.0013874516563272023
2018-02-01,2018-03-01,lag_3,0.0023896267805678,0.0,-0.0005946594736681542,0.0013874516563272023
2018-02-01,2018-03-01,lag_4,0.0122429513273667,-0.0012370411084223303,-0.0005946594736681542,0.0013874516563272023
2018-02-01,2018-03-01,lag_5,0.0010316416096038,0.0,-0.0005946594736681542,0.0013874516563272023
2018-02-01,2018-03-01,lag_6,-0.0041471676206601,0.0007720525985664034,-0.0005946594736681542,0.0013874516563272023
2018-02-01,2018-03-01,lag_7,-0.0023975598889283,-0.0005887433155692647,-0.0005946594736681542,0.0013874516563272023
2018-02-01,2018-03-01,lag_8,0.00205798028521,0.0,-0.0005946594736681542,0.0013874516563272023
2018-02-01,2018-03-01,lag_9,0.0011830347817092,0.0,-0.0005946594736681542,0.0013874516563272023
2018-02-01,2018-03-01,lag_10,0.0101359365050237,0.0,-0.0005946594736681542,0.0013874516563272023
2018-02-01,2018-03-01,lag_11,0.0065772411659166,-0.000549524842630997,-0.0005946594736681542,0.0013874516563272023
2018-02-01,2018-03-01,volatility_3m,0.0012950875389733678,-0.000245430686892216,-0.0005946594736681542,0.0013874516563272023
2018-03-01,2018-04-01,lag_0,0.004886354634384,0.0007528648662034934,-9.86400069659197e-05,0.0016233007275249555
2018-03-01,2018-04-01,lag_1,0.0024216066290527,0.0,-9.86400069659197e-05,0.0016233007275249555
2018-03-01,2018-04-01,lag_2,-1.872595501151153e-05,-0.00011726238260839498,-9.86400069659197e-05,0.0016233007275249555
2018-03-01,2018-04-01,lag_3,0.0019533298635989,0.0,-9.86400069659197e-05,0.0016233007275249555
2018-03-01,2018-04-01,lag_4,0.0023896267805678,0.0,-9.86400069659197e-05,0.0016233007275249555
2018-03-01,2018-04-01,lag_5,0.0122429513273667,-0.00023727527980604594,-9.86400069659197e-05,0.0016233007275249555
2018-03-01,2018-04-01,lag_6,0.0010316416096038,0.0,-9.86400069659197e-05,0.0016233007275249555
2018-03-01,2018-04-01,lag_7,-0.0041471676206601,0.0,-9.86400069659197e-05,0.0016233007275249555
2018-03-01,2018-04-01,lag_8,-0.0023975598889283,-0.0006045797552285294,-9.86400069659197e-05,0.0016233007275249555
2018-03-01,2018-04-01,lag_9,0.00205798028521,0.0,-9.86400069659197e-05,0.0016233007275249555
2018-03-01,2018-04-01,lag_10,0.0011830347817092,0.0,-9.86400069659197e-05,0.0016233007275249555
2018-03-01,2018-04-01,lag_11,0.0101359365050237,-0.0015156881830513983,-9.86400069659197e-05,0.0016233007275249555
2018-03-01,2018-04-01,volatility_3m,0.002452550422148841,0.0,-9.86400069659197e-05,0.0016233007275249555
2018-04-01,2018-05-01,lag_0,0.0109585819031714,0.002913069823198234,0.004451696744920453,0.0014940895282978502
2018-04-01,2018-05-01,lag_1,0.004886354634384,0.0007686970163982553,0.004451696744920453,0.0014940895282978502
2018-04-01,2018-05-01,lag_2,0.0024216066290527,0.0,0.004451696744920453,0.0014940895282978502
2018-04-01,2018-05-01,lag_3,-1.872595501151153e-05,0.0,0.004451696744920453,0.0014940895282978502
2018-04-01,2018-05-01,lag_4,0.0019533298635989,0.0,0.004451696744920453,0.0014940895282978502
2018-04-01,2018-05-01,lag_5,0.0023896267805678,0.0,0.004451696744920453,0.0014940895282978502
2018-04-01,2018-05-01,lag_6,0.0122429513273667,-0.0011169741168474956,0.004451696744920453,0.0014940895282978502
2018-04-01,2018-05-01,lag_7,0.0010316416096038,0.0,0.004451696744920453,0.0014940895282978502
2018-04-01,2018-05-01,lag_8,-0.0041471676206601,0.0,0.004451696744920453,0.0014940895282978502
2018-04-01,2018-05-01,lag_9,-0.0023975598889283,0.00023454460521890168,0.004451696744920453,0.0014940895282978502
2018-04-01,2018-05-01,lag_10,0.00205798028521,0.0,0.004451696744920453,0.0014940895282978502
2018-04-01,2018-05-01,lag_11,0.0011830347817092,0.0,0.004451696744920453,0.0014940895282978502
2018-04-01,2018-05-01,volatility_3m,0.004393686257280705,0.00015826988865470792,0.004451696744920453,0.0014940895282978502
2018-05-01,2018-06-01,lag_0,-0.0090456654231489,-0.0012112309557293784,0.00014148147534515272,0.0019378140958416104
2018-05-01,2018-06-01,lag_1,0.0109585819031714,0.001240383078244965,0.00014148147534515272,0.0019378140958416104
2018-05-01,2018-06-01,lag_2,0.004886354634384,0.00045219940285265344,0.00014148147534515272,0.0019378140958416104
2018-05-01,2018-06-01,lag_3,0.0024216066290527,0.0,0.00014148147534515272,0.0019378140958416104
2018-05-01,2018-06-01,lag_4,-1.872595501151153e-05,0.0,0.00014148147534515272,0.0019378140958416104
2018-05-01,2018-06-01,lag_5,0.0019533298635989,0.0,0.00014148147534515272,0.0019378140958416104
2018-05-01,2018-06-01,lag_6,0.0023896267805678,0.0,0.00014148147534515272,0.0019378140958416104
2018-05-01,2018-06-01,lag_7,0.0122429513273667,0.0,0.00014148147534515272,0.0019378140958416104
2018-05-01,2018-06-01,lag_8,0.0010316416096038,0.0,0.00014148147534515272,0.0019378140958416104
2018-05-01,2018-06-01,lag_9,-0.0041471676206601,-0.00025790359188072507,0.00014148147534515272,0.0019378140958416104
2018-05-01,2018-06-01,lag_10,-0.0023975598889283,0.0,0.00014148147534515272,0.0019378140958416104
2018-05-01,2018-06-01,lag_11,0.00205798028521,0.0,0.00014148147534515272,0.0019378140958416104
2018-05-01,2018-06-01,volatility_3m,0.010256242310416757,-0.002019780553983973,0.00014148147534515272,0.0019378140958416104
2018-06-01,2018-07-01,lag_0,0.0077393231839559,0.0008766894568246282,0.005153832546831671,0.0015027669749935783
2018-06-01,2018-07-01,lag_1,-0.0090456654231489,0.0,0.005153832546831671,0.0015027669749935783
2018-06-01,2018-07-01,lag_2,0.0109585819031714,0.0009046586306415298,0.005153832546831671,0.0015027669749935783
2018-06-01,2018-07-01,lag_3,0.004886354634384,0.000518994232883989,0.005153832546831671,0.0015027669749935783
2018-06-01,2018-07-01,lag_4,0.0024216066290527,0.0,0.005153832546831671,0.0015027669749935783
2018-06-01,2018-07-01,lag_5,-1.872595501151153e-05,0.0,0.005153832546831671,0.0015027669749935783
2018-06-01,2018-07-01,lag_6,0.0019533298635989,0.0,0.005153832546831671,0.0015027669749935783
2018-06-01,2018-07-01,lag_7,0.0023896267805678,0.0,0.005153832546831671,0.0015027669749935783
2018-06-01,2018-07-01,lag_8,0.0122429513273667,0.001030255789276354,0.005153832546831671,0.0015027669749935783
2018-06-01,2018-07-01,lag_9,0.0010316416096038,0.0,0.005153832546831671,0.0015027669749935783
2018-06-01,2018-07-01,lag_10,-0.0041471676206601,0.0,0.005153832546831671,0.0015027669749935783
2018-06-01,2018-07-01,lag_11,-0.0023975598889283,0.0,0.005153832546831671,0.0015027669749935783
2018-06-01,2018-07-01,volatility_3m,0.010741425885595728,0.00032046746221159154,0.005153832546831671,0.0015027669749935783
2018-07-01,2018-08-01,lag_0,0.0016130706732431,0.0,0.0015611746520300292,0.0016515737275974835
2018-07-01,2018-08-01,lag_1,0.0077393231839559,0.0004177153148083852,0.0015611746520300292,0.0016515737275974835
2018-07-01,2018-08-01,lag_2,-0.0090456654231489,-0.0007761502416388705,0.0015611746520300292,0.0016515737275974835
2018-07-01,2018-08-01,lag_3,0.0109585819031714,0.0005247983357146083,0.0015611746520300292,0.0016515737275974835
2018-07-01,2018-08-01,lag_4,0.004886354634384,0.0,0.0015611746520300292,0.0016515737275974835
2018-07-01,2018-08-01,lag_5,0.0024216066290527,0.0,0.0015611746520300292,0.0016515737275974835
2018-07-01,2018-08-01,lag_6,-1.872595501151153e-05,0.0,0.0015611746520300292,0.0016515737275974835
2018-07-01,2018-08-01,lag_7,0.0019533298635989,0.0,0.0015611746520300292,0.0016515737275974835
2018-07-01,2018-08-01,lag_8,0.0023896267805678,0.0,0.0015611746520300292,0.0016515737275974835
2018-07-01,2018-08-01,lag_9,0.0122429513273667,-0.00025676248445157733,0.0015611746520300292,0.0016515737275974835
2018-07-01,2018-08-01,lag_10,0.0010316416096038,0.0,0.0015611746520300292,0.0016515737275974835
2018-07-01,2018-08-01,lag_11,-0.0041471676206601,0.0,0.0015611746520300292,0.0016515737275974835
2018-07-01,2018-08-01,volatility_3m,0.008493874925872393,0.0,0.0015611746520300292,0.0016515737275974835
2018-08-01,2018-09-01,lag_0,0.006442729109767,0.0,-0.00014120446258186238,0.0015497661257656667
2018-08-01,2018-09-01,lag_1,0.0016130706732431,0.0,-0.00014120446258186238,0.0015497661257656667
2018-08-01,2018-09-01,lag_2,0.0077393231839559,0.0005601783270519694,-0.00014120446258186238,0.0015497661257656667
2018-08-01,2018-09-01,lag_3,-0.0090456654231489,-0.001133764815228444,-0.00014120446258186238,0.0015497661257656667
2018-08-01,2018-09-01,lag_4,0.0109585819031714,-0.0004416547124758555,-0.00014120446258186238,0.0015497661257656667
2018-08-01,2018-09-01,lag_5,0.004886354634384,0.0,-0.00014120446258186238,0.0015497661257656667
2018-08-01,2018-09-01,lag_6,0.0024216066290527,0.0,-0.00014120446258186238,0.0015497661257656667
2018-08-01,2018-09-01,lag_7,-1.872595501151153e-05,0.0,-0.00014120446258186238,0.0015497661257656667
2018-08-01,2018-09-01,lag_8,0.0019533298635989,0.0,-0.00014120446258186238,0.0015497661257656667
2018-08-01,2018-09-01,lag_9,0.0023896267805678,0.0,-0.00014120446258186238,0.0015497661257656667
2018-08-01,2018-09-01,lag_10,0.0122429513273667,-0.0005290430092912415,-0.00014120446258186238,0.0015497661257656667
2018-08-01,2018-09-01,lag_11,0.0010316416096038,0.0,-0.00014120446258186238,0.0015497661257656667
2018-08-01,2018-09-01,volatility_3m,0.003228460072328683,-0.0001466863784039575,-0.00014120446258186238,0.0015497661257656667
2018-09-01,2018-10-01,lag_0,0.0006505452749951,0.0,0.0022780623560176294,0.001715232535397538
2018-09-01,2018-10-01,lag_1,0.006442729109767,0.00043380782824587274,0.0022780623560176294,0.001715232535397538
2018-09-01,2018-10-01,lag_2,0.0016130706732431,0.0,0.0022780623560176294,0.001715232535397538
2018-09-01,2018-10-01,lag_3,0.0077393231839559,0.00045544315319041764,0.0022780623560176294,0.001715232535397538
2018-09-01,2018-10-01,lag_4,-0.0090456654231489,0.0,0.0022780623560176294,0.001715232535397538
2018-09-01,2018-10-01,lag_5,0.0109585819031714,0.00019773787210193106,0.0022780623560176294,0.001715232535397538
2018-09-01,2018-10-01,lag_6,0.004886354634384,0.0,0.0022780623560176294,0.001715232535397538
2018-09-01,2018-10-01,lag_7,0.0024216066290527,0.0,0.0022780623560176294,0.001715232535397538
2018-09-01,2018-10-01,lag_8,-1.872595501151153e-05,0.0,0.0022780623560176294,0.001715232535397538
2018-09-01,2018-10-01,lag_9,0.0019533298635989,0.0,0.0022780623560176294,0.001715232535397538
2018-09-01,2018-10-01,lag_10,0.0023896267805678,0.0,0.0022780623560176294,0.001715232535397538
2018-09-01,2018-10-01,lag_11,0.0122429513273667,-0.0005241590329181301,0.0022780623560176294,0.001715232535397538
2018-09-01,2018-10-01,volatility_3m,0.003103800072264961,0.0,0.0022780623560176294,0.001715232535397538
2018-10-01,2018-11-01,lag_0,-0.0011033900564871,0.0,0.0024417341287374904,0.0016968816309300336
2018-10-01,2018-11-01,lag_1,0.0006505452749951,0.0,0.0024417341287374904,0.0016968816309300336
2018-10-01,2018-11-01,lag_2,0.006442729109767,0.0002943122239872802,0.0024417341287374904,0.0016968816309300336
2018-10-01,2018-11-01,lag_3,0.0016130706732431,0.0,0.0024417341287374904,0.0016968816309300336
2018-10-01,2018-11-01,lag_4,0.0077393231839559,0.0,0.0024417341287374904,0.0016968816309300336
2018-10-01,2018-11-01,lag_5,-0.0090456654231489,-0.0003047451024601516,0.0024417341287374904,0.0016968816309300336
2018-10-01,2018-11-01,lag_6,0.0109585819031714,0.0007552853762803281,0.0024417341287374904,0.0016968816309300336
2018-10-01,2018-11-01,lag_7,0.004886354634384,0.0,0.0024417341287374904,0.0016968816309300336
2018-10-01,2018-11-01,lag_8,0.0024216066290527,0.0,0.0024417341287374904,0.0016968816309300336
2018-10-01,2018-11-01,lag_9,-1.872595501151153e-05,0.0,0.0024417341287374904,0.0016968816309300336
2018-10-01,2018-11-01,lag_10,0.0019533298635989,0.0,0.0024417341287374904,0.0016968816309300336
2018-10-01,2018-11-01,lag_11,0.0023896267805678,0.0,0.0024417341287374904,0.0016968816309300336
2018-10-01,2018-11-01,volatility_3m,0.003949042018728972,0.0,0.0024417341287374904,0.0016968816309300336
2018-11-01,2018-12-01,lag_0,0.000793064524438,0.0,0.0018331379998735783,0.001544327784091194
2018-11-01,2018-12-01,lag_1,-0.0011033900564871,0.0,0.0018331379998735783,0.001544327784091194
2018-11-01,2018-12-01,lag_2,0.0006505452749951,0.0,0.0018331379998735783,0.001544327784091194
2018-11-01,2018-12-01,lag_3,0.006442729109767,0.00030163219974528273,0.0018331379998735783,0.001544327784091194
2018-11-01,2018-12-01,lag_4,0.0016130706732431,0.0,0.0018331379998735783,0.001544327784091194
2018-11-01,2018-12-01,lag_5,0.0077393231839559,0.0,0.0018331379998735783,0.001544327784091194
2018-11-01,2018-12-01,lag_6,-0.0090456654231489,-0.0005768668337858736,0.0018331379998735783,0.001544327784091194
2018-11-01,2018-12-01,lag_7,0.0109585819031714,0.0002671912860853571,0.0018331379998735783,0.001544327784091194
2018-11-01,2018-12-01,lag_8,0.004886354634384,0.0,0.0018331379998735783,0.001544327784091194
2018-11-01,2018-12-01,lag_9,0.0024216066290527,0.0,0.0018331379998735783,0.001544327784091194
2018-11-01,2018-12-01,lag_10,-1.872595501151153e-05,0.0,0.0018331379998735783,0.001544327784091194
2018-11-01,2018-12-01,lag_11,0.0019533298635989,0.0,0.0018331379998735783,0.001544327784091194
2018-11-01,2018-12-01,volatility_3m,0.0010561834484749907,0.0002968535637376182,0.0018331379998735783,0.001544327784091194
2018-12-01,2019-01-01,lag_0,0.0002450018435427,0.0,0.0023536757329368913,0.0014670978532468435
2018-12-01,2019-01-01,lag_1,0.000793064524438,0.0,0.0023536757329368913,0.0014670978532468435
2018-12-01,2019-01-01,lag_2,-0.0011033900564871,0.0,0.0023536757329368913,0.0014670978532468435
2018-12-01,2019-01-01,lag_3,0.0006505452749951,0.0,0.0023536757329368913,0.0014670978532468435
2018-12-01,2019-01-01,lag_4,0.006442729109767,0.0,0.0023536757329368913,0.0014670978532468435
2018-12-01,2019-01-01,lag_5,0.0016130706732431,0.0,0.0023536757329368913,0.0014670978532468435
2018-12-01,2019-01-01,lag_6,0.0077393231839559,0.00012946526796303427,0.0023536757329368913,0.0014670978532468435
2018-12-01,2019-01-01,lag_7,-0.0090456654231489,8.653785034635839e-05,0.0023536757329368913,0.0014670978532468435
2018-12-01,2019-01-01,lag_8,0.0109585819031714,0.0003985804799354751,0.0023536757329368913,0.0014670978532468435
2018-12-01,2019-01-01,lag_9,0.004886354634384,0.0,0.0023536757329368913,0.0014670978532468435
2018-12-01,2019-01-01,lag_10,0.0024216066290527,0.0,0.0023536757329368913,0.0014670978532468435
2018-12-01,2019-01-01,lag_11,-1.872595501151153e-05,3.951266603103253e-05,0.0023536757329368913,0.0014670978532468435
2018-12-01,2019-01-01,volatility_3m,0.0009759673317421981,0.00023248161541414744,0.0023536757329368913,0.0014670978532468435
2019-01-01,2019-02-01,lag_0,-0.0066652230383583,-0.0008027900722074646,0.0006950311852968867,0.0016600541229117387
2019-01-01,2019-02-01,lag_1,0.0002450018435427,0.0,0.0006950311852968867,0.0016600541229117387
2019-01-01,2019-02-01,lag_2,0.000793064524438,0.0,0.0006950311852968867,0.0016600541229117387
2019-01-01,2019-02-01,lag_3,-0.0011033900564871,-9.014089888397135e-05,0.0006950311852968867,0.0016600541229117387
2019-01-01,2019-02-01,lag_4,0.0006505452749951,0.0,0.0006950311852968867,0.0016600541229117387
2019-01-01,2019-02-01,lag_5,0.006442729109767,0.0,0.0006950311852968867,0.0016600541229117387
2019-01-01,2019-02-01,lag_6,0.0016130706732431,0.0,0.0006950311852968867,0.0016600541229117387
2019-01-01,2019-02-01,lag_7,0.0077393231839559,0.0,0.0006950311852968867,0.0016600541229117387
2019-01-01,2019-02-01,lag_8,-0.0090456654231489,-7.209196652341614e-05,0.0006950311852968867,0.0016600541229117387
2019-01-01,2019-02-01,lag_9,0.0109585819031714,0.0,0.0006950311852968867,0.0016600541229117387
2019-01-01,2019-02-01,lag_10,0.004886354634384,0.0,0.0006950311852968867,0.0016600541229117387
2019-01-01,2019-02-01,lag_11,0.0024216066290527,0.0,0.0006950311852968867,0.0016600541229117387
2019-01-01,2019-02-01,volatility_3m,0.004156874506765786,0.0,0.0006950311852968867,0.0016600541229117387
2019-02-01,2019-03-01,lag_0,-0.0054790884900661,-0.0016081062535881529,0.0009604035383817197,0.001453877460322235
2019-02-01,2019-03-01,lag_1,-0.0066652230383583,0.0003054224911092264,0.0009604035383817197,0.001453877460322235
2019-02-01,2019-03-01,lag_2,0.0002450018435427,0.0,0.0009604035383817197,0.001453877460322235
2019-02-01,2019-03-01,lag_3,0.000793064524438,0.0,0.0009604035383817197,0.001453877460322235
2019-02-01,2019-03-01,lag_4,-0.0011033900564871,0.0003046780835855117,0.0009604035383817197,0.001453877460322235
2019-02-01,2019-03-01,lag_5,0.0006505452749951,0.0,0.0009604035383817197,0.001453877460322235
2019-02-01,2019-03-01,lag_6,0.006442729109767,0.00020529117064414966,0.0009604035383817197,0.001453877460322235
2019-02-01,2019-03-01,lag_7,0.0016130706732431,0.0,0.0009604035383817197,0.001453877460322235
2019-02-01,2019-03-01,lag_8,0.0077393231839559,0.0,0.0009604035383817197,0.001453877460322235
2019-02-01,2019-03-01,lag_9,-0.0090456654231489,-0.0004908513287694681,0.0009604035383817197,0.001453877460322235
2019-02-01,2019-03-01,lag_10,0.0109585819031714,0.0007900919150782178,0.0009604035383817197,0.001453877460322235
2019-02-01,2019-03-01,lag_11,0.004886354634384,0.0,0.0009604035383817197,0.001453877460322235
2019-02-01,2019-03-01,volatility_3m,0.003695116895589135,0.0,0.0009604035383817197,0.001453877460322235
2019-03-01,2019-04-01,lag_0,0.0003752804925412,0.0,0.0008564155159469485,0.0016644811260601092
2019-03-01,2019-04-01,lag_1,-0.0054790884900661,-0.00035117869082328427,0.0008564155159469485,0.0016644811260601092
2019-03-01,2019-04-01,lag_2,-0.0066652230383583,-9.635399045066493e-05,0.0008564155159469485,0.0016644811260601092
2019-03-01,2019-04-01,lag_3,0.0002450018435427,0.0,0.0008564155159469485,0.0016644811260601092
2019-03-01,2019-04-01,lag_4,0.000793064524438,0.0,0.0008564155159469485,0.0016644811260601092
2019-03-01,2019-04-01,lag_5,-0.0011033900564871,0.0,0.0008564155159469485,0.0016644811260601092
2019-03-01,2019-04-01,lag_6,0.0006505452749951,0.0,0.0008564155159469485,0.0016644811260601092
2019-03-01,2019-04-01,lag_7,0.006442729109767,0.0,0.0008564155159469485,0.0016644811260601092
2019-03-01,2019-04-01,lag_8,0.0016130706732431,0.0,0.0008564155159469485,0.0016644811260601092
2019-03-01,2019-04-01,lag_9,0.0077393231839559,0.0,0.0008564155159469485,0.0016644811260601092
2019-03-01,2019-04-01,lag_10,-0.0090456654231489,0.0,0.0008564155159469485,0.0016644811260601092
2019-03-01,2019-04-01,lag_11,0.0109585819031714,-0.0003605329288392115,0.0008564155159469485,0.0016644811260601092
2019-03-01,2019-04-01,volatility_3m,0.0037693775197808433,0.0,0.0008564155159469485,0.0016644811260601092
2019-04-01,2019-05-01,lag_0,-0.0058659771411617,-0.00015648074538187644,0.00021147610747860451,0.001521440146603775
2019-04-01,2019-05-01,lag_1,0.0003752804925412,-6.088714740586075e-05,0.00021147610747860451,0.001521440146603775
2019-04-01,2019-05-01,lag_2,-0.0054790884900661,-0.00045337440602071584,0.00021147610747860451,0.001521440146603775
2019-04-01,2019-05-01,lag_3,-0.0066652230383583,-0.0004449975821568077,0.00021147610747860451,0.001521440146603775
2019-04-01,2019-05-01,lag_4,0.0002450018435427,-4.721290718630992e-05,0.00021147610747860451,0.001521440146603775
2019-04-01,2019-05-01,lag_5,0.000793064524438,0.0,0.00021147610747860451,0.001521440146603775
2019-04-01,2019-05-01,lag_6,-0.0011033900564871,-0.00010793340016614092,0.00021147610747860451,0.001521440146603775
2019-04-01,2019-05-01,lag_7,0.0006505452749951,0.0,0.00021147610747860451,0.001521440146603775
2019-04-01,2019-05-01,lag_8,0.006442729109767,0.0,0.00021147610747860451,0.001521440146603775
2019-04-01,2019-05-01,lag_9,0.0016130706732431,0.0,0.00021147610747860451,0.001521440146603775
2019-04-01,2019-05-01,lag_10,0.0077393231839559,0.0,0.00021147610747860451,0.001521440146603775
2019-04-01,2019-05-01,lag_11,-0.0090456654231489,-3.907785080745898e-05,0.00021147610747860451,0.001521440146603775
2019-04-01,2019-05-01,volatility_3m,0.0034970610485357493,0.0,0.00021147610747860451,0.001521440146603775
2019-05-01,2019-06-01,lag_0,0.001153098346327,0.0,9.112795914352663e-05,0.0014266398156605733
2019-05-01,2019-06-01,lag_1,-0.0058659771411617,-0.0006168778373869894,9.112795914352663e-05,0.0014266398156605733
2019-05-01,2019-06-01,lag_2,0.0003752804925412,-6.204872970714485e-05,9.112795914352663e-05,0.0014266398156605733
2019-05-01,2019-06-01,lag_3,-0.0054790884900661,-0.0004782472689497691,9.112795914352663e-05,0.0014266398156605733
2019-05-01,2019-06-01,lag_4,-0.0066652230383583,0.0,9.112795914352663e-05,0.0014266398156605733
2019-05-01,2019-06-01,lag_5,0.0002450018435427,0.0,9.112795914352663e-05,0.0014266398156605733
2019-05-01,2019-06-01,lag_6,0.000793064524438,0.0,9.112795914352663e-05,0.0014266398156605733
2019-05-01,2019-06-01,lag_7,-0.0011033900564871,0.0,9.112795914352663e-05,0.0014266398156605733
2019-05-01,2019-06-01,lag_8,0.0006505452749951,0.0,9.112795914352663e-05,0.0014266398156605733
2019-05-01,2019-06-01,lag_9,0.006442729109767,0.0,9.112795914352663e-05,0.0014266398156605733
2019-05-01,2019-06-01,lag_10,0.0016130706732431,0.0,9.112795914352663e-05,0.0014266398156605733
2019-05-01,2019-06-01,lag_11,0.0077393231839559,-0.00017833802047314317,9.112795914352663e-05,0.0014266398156605733
2019-05-01,2019-06-01,volatility_3m,0.003847633865182328,0.0,9.112795914352663e-05,0.0014266398156605733
2019-06-01,2019-07-01,lag_0,0.0004442719505579,-4.478609347589835e-05,-0.00011167219619101498,0.0015646249715506545
2019-06-01,2019-07-01,lag_1,0.001153098346327,0.0,-0.00011167219619101498,0.0015646249715506545
2019-06-01,2019-07-01,lag_2,-0.0058659771411617,-0.0007028630524189087,-0.00011167219619101498,0.0015646249715506545
2019-06-01,2019-07-01,lag_3,0.0003752804925412,-3.256067002302648e-05,-0.00011167219619101498,0.0015646249715506545
2019-06-01,2019-07-01,lag_4,-0.0054790884900661,-0.00038342433251051846,-0.00011167219619101498,0.0015646249715506545
2019-06-01,2019-07-01,lag_5,-0.0066652230383583,-0.00012980683854524425,-0.00011167219619101498,0.0015646249715506545
2019-06-01,2019-07-01,lag_6,0.0002450018435427,0.0,-0.00011167219619101498,0.0015646249715506545
2019-06-01,2019-07-01,lag_7,0.000793064524438,0.0,-0.00011167219619101498,0.0015646249715506545
2019-06-01,2019-07-01,lag_8,-0.0011033900564871,-0.00017837574355691313,-0.00011167219619101498,0.0015646249715506545
2019-06-01,2019-07-01,lag_9,0.0006505452749951,0.0,-0.00011167219619101498,0.0015646249715506545
2019-06-01,2019-07-01,lag_10,0.006442729109767,-0.00020448043721116012,-0.00011167219619101498,0.0015646249715506545
2019-06-01,2019-07-01,lag_11,0.0016130706732431,0.0,-0.00011167219619101498,0.0015646249715506545
2019-06-01,2019-07-01,volatility_3m,0.003864132053427431,0.0,-0.00011167219619101498,0.0015646249715506545
2019-07-01,2019-08-01,lag_0,-0.0048606038693659,-0.0009093117497456431,0.0002479255948713184,0.0012804506975239588
2019-07-01,2019-08-01,lag_1,0.0004442719505579,0.0,0.0002479255948713184,0.0012804506975239588
2019-07-01,2019-08-01,lag_2,0.001153098346327,0.0,0.0002479255948713184,0.0012804506975239588
2019-07-01,2019-08-01,lag_3,-0.0058659771411617,-0.000477892966164993,0.0002479255948713184,0.0012804506975239588
2019-07-01,2019-08-01,lag_4,0.0003752804925412,0.0,0.0002479255948713184,0.0012804506975239588
2019-07-01,2019-08-01,lag_5,-0.0054790884900661,0.0003546796132579957,0.0002479255948713184,0.0012804506975239588
2019-07-01,2019-08-01,lag_6,-0.0066652230383583,0.0,0.0002479255948713184,0.0012804506975239588
2019-07-01,2019-08-01,lag_7,0.0002450018435427,0.0,0.0002479255948713184,0.0012804506975239588
2019-07-01,2019-08-01,lag_8,0.000793064524438,0.0,0.0002479255948713184,0.0012804506975239588
2019-07-01,2019-08-01,lag_9,-0.0011033900564871,0.0,0.0002479255948713184,0.0012804506975239588
2019-07-01,2019-08-01,lag_10,0.0006505452749951,0.0,0.0002479255948713184,0.0012804506975239588
2019-07-01,2019-08-01,lag_11,0.006442729109767,0.0,0.0002479255948713184,0.0012804506975239588
2019-07-01,2019-08-01,volatility_3m,0.0032865573848426086,0.0,0.0002479255948713184,0.0012804506975239588
2019-08-01,2019-09-01,lag_0,0.0068257248349024,0.0,0.0007254675916765277,0.0013511029351621466
2019-08-01,2019-09-01,lag_1,-0.0048606038693659,-0.0002789345357763876,0.0007254675916765277,0.0013511029351621466
2019-08-01,2019-09-01,lag_2,0.0004442719505579,0.0,0.0007254675916765277,0.0013511029351621466
2019-08-01,2019-09-01,lag_3,0.001153098346327,0.0,0.0007254675916765277,0.0013511029351621466
2019-08-01,2019-09-01,lag_4,-0.0058659771411617,-0.0002380386491652393,0.0007254675916765277,0.0013511029351621466
2019-08-01,2019-09-01,lag_5,0.0003752804925412,0.0,0.0007254675916765277,0.0013511029351621466
2019-08-01,2019-09-01,lag_6,-0.0054790884900661,0.0,0.0007254675916765277,0.0013511029351621466
2019-08-01,2019-09-01,lag_7,-0.0066652230383583,-0.00010866215854399199,0.0007254675916765277,0.0013511029351621466
2019-08-01,2019-09-01,lag_8,0.0002450018435427,0.0,0.0007254675916765277,0.0013511029351621466
2019-08-01,2019-09-01,lag_9,0.000793064524438,0.0,0.0007254675916765277,0.0013511029351621466
2019-08-01,2019-09-01,lag_10,-0.0011033900564871,0.0,0.0007254675916765277,0.0013511029351621466
2019-08-01,2019-09-01,lag_11,0.0006505452749951,0.0,0.0007254675916765277,0.0013511029351621466
2019-08-01,2019-09-01,volatility_3m,0.0058514232878865485,0.0,0.0007254675916765277,0.0013511029351621466
2019-09-01,2019-10-01,lag_0,-0.0033894417233817,-0.000845165530212767,0.0010806403240981866,0.0013540450717185203
2019-09-01,2019-10-01,lag_1,0.0068257248349024,0.0008387151034838246,0.0010806403240981866,0.0013540450717185203
2019-09-01,2019-10-01,lag_2,-0.0048606038693659,-0.0005039557425013103,0.0010806403240981866,0.0013540450717185203
2019-09-01,2019-10-01,lag_3,0.0004442719505579,0.0,0.0010806403240981866,0.0013540450717185203
2019-09-01,2019-10-01,lag_4,0.001153098346327,0.0,0.0010806403240981866,0.0013540450717185203
2019-09-01,2019-10-01,lag_5,-0.0058659771411617,0.00023700142160991888,0.0010806403240981866,0.0013540450717185203
2019-09-01,2019-10-01,lag_6,0.0003752804925412,0.0,0.0010806403240981866,0.0013540450717185203
2019-09-01,2019-10-01,lag_7,-0.0054790884900661,0.0,0.0010806403240981866,0.0013540450717185203
2019-09-01,2019-10-01,lag_8,-0.0066652230383583,0.0,0.0010806403240981866,0.0013540450717185203
2019-09-01,2019-10-01,lag_9,0.0002450018435427,0.0,0.0010806403240981866,0.0013540450717185203
2019-09-01,2019-10-01,lag_10,0.000793064524438,0.0,0.0010806403240981866,0.0013540450717185203
2019-09-01,2019-10-01,lag_11,-0.0011033900564871,0.0,0.0010806403240981866,0.0013540450717185203
2019-09-01,2019-10-01,volatility_3m,0.006365063818185798,0.0,0.0010806403240981866,0.0013540450717185203
2019-10-01,2019-11-01,lag_0,-0.008478362664281,-0.0009738642349164015,0.0004818100095824937,0.0014295654859912122
2019-10-01,2019-11-01,lag_1,-0.0033894417233817,-0.0002963181221439797,0.0004818100095824937,0.0014295654859912122
2019-10-01,2019-11-01,lag_2,0.0068257248349024,0.0003224268806516627,0.0004818100095824937,0.0014295654859912122
2019-10-01,2019-11-01,lag_3,-0.0048606038693659,0.0,0.0004818100095824937,0.0014295654859912122
2019-10-01,2019-11-01,lag_4,0.0004442719505579,0.0,0.0004818100095824937,0.0014295654859912122
2019-10-01,2019-11-01,lag_5,0.001153098346327,0.0,0.0004818100095824937,0.0014295654859912122
2019-10-01,2019-11-01,lag_6,-0.0058659771411617,0.0,0.0004818100095824937,0.0014295654859912122
2019-10-01,2019-11-01,lag_7,0.0003752804925412,0.0,0.0004818100095824937,0.0014295654859912122
2019-10-01,2019-11-01,lag_8,-0.0054790884900661,0.0,0.0004818100095824937,0.0014295654859912122
2019-10-01,2019-11-01,lag_9,-0.0066652230383583,0.0,0.0004818100095824937,0.0014295654859912122
2019-10-01,2019-11-01,lag_10,0.0002450018435427,0.0,0.0004818100095824937,0.0014295654859912122
2019-10-01,2019-11-01,lag_11,0.000793064524438,0.0,0.0004818100095824937,0.0014295654859912122
2019-10-01,2019-11-01,volatility_3m,0.007793820611429618,0.0,0.0004818100095824937,0.0014295654859912122
2019-11-01,2019-12-01,lag_0,0.0050067643152127,0.0007193339104343095,-0.0005586217270960592,0.0010533500186536802
2019-11-01,2019-12-01,lag_1,-0.008478362664281,-0.0013165337917875857,-0.0005586217270960592,0.0010533500186536802
2019-11-01,2019-12-01,lag_2,-0.0033894417233817,-0.00035060951604336336,-0.0005586217270960592,0.0010533500186536802
2019-11-01,2019-12-01,lag_3,0.0068257248349024,0.0008456253200352918,-0.0005586217270960592,0.0010533500186536802
2019-11-01,2019-12-01,lag_4,-0.0048606038693659,-0.00013520785653508205,-0.0005586217270960592,0.0010533500186536802
2019-11-01,2019-12-01,lag_5,0.0004442719505579,0.0,-0.0005586217270960592,0.0010533500186536802
2019-11-01,2019-12-01,lag_6,0.001153098346327,0.0,-0.0005586217270960592,0.0010533500186536802
2019-11-01,2019-12-01,lag_7,-0.0058659771411617,-0.00037196196780072994,-0.0005586217270960592,0.0010533500186536802
2019-11-01,2019-12-01,lag_8,0.0003752804925412,0.0,-0.0005586217270960592,0.0010533500186536802
2019-11-01,2019-12-01,lag_9,-0.0054790884900661,-0.000796103394871683,-0.0005586217270960592,0.0010533500186536802
2019-11-01,2019-12-01,lag_10,-0.0066652230383583,-0.0002065144491808963,-0.0005586217270960592,0.0010533500186536802
2019-11-01,2019-12-01,lag_11,0.0002450018435427,0.0,-0.0005586217270960592,0.0010533500186536802
2019-11-01,2019-12-01,volatility_3m,0.006809821850806395,0.0,-0.0005586217270960592,0.0010533500186536802
2019-12-01,2020-01-01,lag_0,-0.0023266844944638,-0.0003782480019888335,0.0001860561912049863,0.00124433781907983
2019-12-01,2020-01-01,lag_1,0.0050067643152127,0.0006810614047204557,0.0001860561912049863,0.00124433781907983
2019-12-01,2020-01-01,lag_2,-0.008478362664281,-0.0006560543651812394,0.0001860561912049863,0.00124433781907983
2019-12-01,2020-01-01,lag_3,-0.0033894417233817,-0.00041920711415609625,0.0001860561912049863,0.00124433781907983
2019-12-01,2020-01-01,lag_4,0.0068257248349024,-0.0004112027559456916,0.0001860561912049863,0.00124433781907983
2019-12-01,2020-01-01,lag_5,-0.0048606038693659,0.0005174161384449224,0.0001860561912049863,0.00124433781907983
2019-12-01,2020-01-01,lag_6,0.0004442719505579,0.0,0.0001860561912049863,0.00124433781907983
2019-12-01,2020-01-01,lag_7,0.001153098346327,0.0,0.0001860561912049863,0.00124433781907983
2019-12-01,2020-01-01,lag_8,-0.0058659771411617,0.0006326708777004414,0.0001860561912049863,0.00124433781907983
2019-12-01,2020-01-01,lag_9,0.0003752804925412,0.0,0.0001860561912049863,0.00124433781907983
2019-12-01,2020-01-01,lag_10,-0.0054790884900661,-0.0008084678441965083,0.0001860561912049863,0.00124433781907983
2019-12-01,2020-01-01,lag_11,-0.0066652230383583,-0.00021624996727229466,0.0001860561912049863,0.00124433781907983
2019-12-01,2020-01-01,volatility_3m,0.006751188357148935,0.0,0.0001860561912049863,0.00124433781907983
2020-01-01,2020-02-01,lag_0,-0.0065751385800458,-0.00026734559660637714,0.0001915359642988613,0.00132235013606642
2020-01-01,2020-02-01,lag_1,-0.0023266844944638,-0.0001400689197713986,0.0001915359642988613,0.00132235013606642
2020-01-01,2020-02-01,lag_2,0.0050067643152127,0.0,0.0001915359642988613,0.00132235013606642
2020-01-01,2020-02-01,lag_3,-0.008478362664281,-0.0004640716451864766,0.0001915359642988613,0.00132235013606642
2020-01-01,2020-02-01,lag_4,-0.0033894417233817,-5.6649960427437286e-05,0.0001915359642988613,0.00132235013606642
2020-01-01,2020-02-01,lag_5,0.0068257248349024,0.0,0.0001915359642988613,0.00132235013606642
2020-01-01,2020-02-01,lag_6,-0.0048606038693659,-0.00015441997414571184,0.0001915359642988613,0.00132235013606642
2020-01-01,2020-02-01,lag_7,0.0004442719505579,0.0,0.0001915359642988613,0.00132235013606642
2020-01-01,2020-02-01,lag_8,0.001153098346327,0.0,0.0001915359642988613,0.00132235013606642
2020-01-01,2020-02-01,lag_9,-0.0058659771411617,0.0,0.0001915359642988613,0.00132235013606642
2020-01-01,2020-02-01,lag_10,0.0003752804925412,0.0,0.0001915359642988613,0.00132235013606642
2020-01-01,2020-02-01,lag_11,-0.0054790884900661,0.0,0.0001915359642988613,0.00132235013606642
2020-01-01,2020-02-01,volatility_3m,0.005859028762469102,-4.8258075630157327e-05,0.0001915359642988613,0.00132235013606642
2020-02-01,2020-03-01,lag_0,0.0033566014560095,0.0,0.0013410069527596711,0.001388564149598572
2020-02-01,2020-03-01,lag_1,-0.0065751385800458,-0.0004609675897907684,0.0013410069527596711,0.001388564149598572
2020-02-01,2020-03-01,lag_2,-0.0023266844944638,0.0,0.0013410069527596711,0.001388564149598572
2020-02-01,2020-03-01,lag_3,0.0050067643152127,0.0002050920884583957,0.0013410069527596711,0.001388564149598572
2020-02-01,2020-03-01,lag_4,-0.008478362664281,0.00020831830449347192,0.0013410069527596711,0.001388564149598572
2020-02-01,2020-03-01,lag_5,-0.0033894417233817,0.0,0.0013410069527596711,0.001388564149598572
2020-02-01,2020-03-01,lag_6,0.0068257248349024,0.0,0.0013410069527596711,0.001388564149598572
2020-02-01,2020-03-01,lag_7,-0.0048606038693659,0.0,0.0013410069527596711,0.001388564149598572
2020-02-01,2020-03-01,lag_8,0.0004442719505579,0.0,0.0013410069527596711,0.001388564149598572
2020-02-01,2020-03-01,lag_9,0.001153098346327,0.0,0.0013410069527596711,0.001388564149598572
2020-02-01,2020-03-01,lag_10,-0.0058659771411617,0.0,0.0013410069527596711,0.001388564149598572
2020-02-01,2020-03-01,lag_11,0.0003752804925412,0.0,0.0013410069527596711,0.001388564149598572
2020-02-01,2020-03-01,volatility_3m,0.00498311417783313,0.0,0.0013410069527596711,0.001388564149598572
2020-03-01,2020-04-01,lag_0,-0.022922160747389717,-0.0012435993789503654,7.5304053807666e-05,0.001419168836749756
2020-03-01,2020-04-01,lag_1,0.0033566014560095,0.0,7.5304053807666e-05,0.001419168836749756
2020-03-01,2020-04-01,lag_2,-0.0065751385800458,-0.00010026540399172461,7.5304053807666e-05,0.001419168836749756
2020-03-01,2020-04-01,lag_3,-0.0023266844944638,0.0,7.5304053807666e-05,0.001419168836749756
2020-03-01,2020-04-01,lag_4,0.0050067643152127,0.0,7.5304053807666e-05,0.001419168836749756
2020-03-01,2020-04-01,lag_5,-0.008478362664281,0.0,7.5304053807666e-05,0.001419168836749756
2020-03-01,2020-04-01,lag_6,-0.0033894417233817,0.0,7.5304053807666e-05,0.001419168836749756
2020-03-01,2020-04-01,lag_7,0.0068257248349024,0.0,7.5304053807666e-05,0.001419168836749756
2020-03-01,2020-04-01,lag_8,-0.0048606038693659,0.0,7.5304053807666e-05,0.001419168836749756
2020-03-01,2020-04-01,lag_9,0.0004442719505579,0.0,7.5304053807666e-05,0.001419168836749756
2020-03-01,2020-04-01,lag_10,0.001153098346327,0.0,7.5304053807666e-05,0.001419168836749756
2020-03-01,2020-04-01,lag_11,-0.0058659771411617,0.0,7.5304053807666e-05,0.001419168836749756
2020-03-01,2020-04-01,volatility_3m,0.01930870522615078,0.0,7.5304053807666e-05,0.001419168836749756
2020-04-01,2020-05-01,lag_0,-0.024686807245154502,-0.0010684399156929427,-0.0025679552570915948,0.0014452532304730032
2020-04-01,2020-05-01,lag_1,-0.022898749070487584,-0.001920464856743136,-0.0025679552570915948,0.0014452532304730032
2020-04-01,2020-05-01,lag_2,0.0033566014560095,0.0,-0.0025679552570915948,0.0014452532304730032
2020-04-01,2020-05-01,lag_3,-0.0065751385800458,-0.00016043422701611737,-0.0025679552570915948,0.0014452532304730032
2020-04-01,2020-05-01,lag_4,-0.0023266844944638,0.0,-0.0025679552570915948,0.0014452532304730032
2020-04-01,2020-05-01,lag_5,0.0050067643152127,0.0,-0.0025679552570915948,0.0014452532304730032
2020-04-01,2020-05-01,lag_6,-0.008478362664281,0.0,-0.0025679552570915948,0.0014452532304730032
2020-04-01,2020-05-01,lag_7,-0.0033894417233817,0.0,-0.0025679552570915948,0.0014452532304730032
2020-04-01,2020-05-01,lag_8,0.0068257248349024,-0.00016929405960062124,-0.0025679552570915948,0.0014452532304730032
2020-04-01,2020-05-01,lag_9,-0.0048606038693659,0.0,-0.0025679552570915948,0.0014452532304730032
2020-04-01,2020-05-01,lag_10,0.0004442719505579,0.0,-0.0025679552570915948,0.0014452532304730032
2020-04-01,2020-05-01,lag_11,0.001153098346327,0.0,-0.0025679552570915948,0.0014452532304730032
2020-04-01,2020-05-01,volatility_3m,0.020643100615995467,-0.0006945754285117805,-0.0025679552570915948,0.0014452532304730032
2020-05-01,2020-06-01,lag_0,0.0164029145284585,0.002263431454495674,-0.0009441825523249722,0.00080985114892237
2020-05-01,2020-06-01,lag_1,-0.024669753148890833,-0.003034244903829848,-0.0009441825523249722,0.00080985114892237
2020-05-01,2020-06-01,lag_2,-0.02287533739358545,-0.0026907455444514735,-0.0009441825523249722,0.00080985114892237
2020-05-01,2020-06-01,lag_3,0.0033566014560095,0.0,-0.0009441825523249722,0.00080985114892237
2020-05-01,2020-06-01,lag_4,-0.0065751385800458,0.0,-0.0009441825523249722,0.00080985114892237
2020-05-01,2020-06-01,lag_5,-0.0023266844944638,0.0,-0.0009441825523249722,0.00080985114892237
2020-05-01,2020-06-01,lag_6,0.0050067643152127,0.0,-0.0009441825523249722,0.00080985114892237
2020-05-01,2020-06-01,lag_7,-0.008478362664281,0.0,-0.0009441825523249722,0.00080985114892237
2020-05-01,2020-06-01,lag_8,-0.0033894417233817,0.0,-0.0009441825523249722,0.00080985114892237
2020-05-01,2020-06-01,lag_9,0.0068257248349024,0.0,-0.0009441825523249722,0.00080985114892237
2020-05-01,2020-06-01,lag_10,-0.0048606038693659,0.0,-0.0009441825523249722,0.00080985114892237
2020-05-01,2020-06-01,lag_11,0.0004442719505579,0.0,-0.0009441825523249722,0.00080985114892237
2020-05-01,2020-06-01,volatility_3m,0.021238863213750143,0.0017075252925383049,-0.0009441825523249722,0.00080985114892237
2020-06-01,2020-07-01,lag_0,0.018908791824638078,0.0019782584261510625,0.0010872001941139115,0.0008433489675752915
2020-06-01,2020-07-01,lag_1,0.0164029145284585,-0.0007924176247979924,0.0010872001941139115,0.0008433489675752915
2020-06-01,2020-07-01,lag_2,-0.024652699052627167,-0.0009683168047735682,0.0010872001941139115,0.0008433489675752915
2020-06-01,2020-07-01,lag_3,-0.02285192571668332,-0.0019059131132461733,0.0010872001941139115,0.0008433489675752915
2020-06-01,2020-07-01,lag_4,0.0033566014560095,0.0,0.0010872001941139115,0.0008433489675752915
2020-06-01,2020-07-01,lag_5,-0.0065751385800458,-0.0004687022499098058,0.0010872001941139115,0.0008433489675752915
2020-06-01,2020-07-01,lag_6,-0.0023266844944638,-0.00019792237601942584,0.0010872001941139115,0.0008433489675752915
2020-06-01,2020-07-01,lag_7,0.0050067643152127,-0.00027207397557129704,0.0010872001941139115,0.0008433489675752915
2020-06-01,2020-07-01,lag_8,-0.008478362664281,-0.0021592858738411743,0.0010872001941139115,0.0008433489675752915
2020-06-01,2020-07-01,lag_9,-0.0033894417233817,0.0,0.0010872001941139115,0.0008433489675752915
2020-06-01,2020-07-01,lag_10,0.0068257248349024,0.0,0.0010872001941139115,0.0008433489675752915
2020-06-01,2020-07-01,lag_11,-0.0048606038693659,0.0,0.0010872001941139115,0.0008433489675752915
2020-06-01,2020-07-01,volatility_3m,0.02135263620510922,0.005030224818546995,0.0010872001941139115,0.0008433489675752915
2020-07-01,2020-08-01,lag_0,0.019639147213330554,0.0,0.0013661670623275593,0.001698991385573277
2020-07-01,2020-08-01,lag_1,0.01890355666433371,0.00030537523172555496,0.0013661670623275593,0.001698991385573277
2020-07-01,2020-08-01,lag_2,0.0164029145284585,0.0,0.0013661670623275593,0.001698991385573277
2020-07-01,2020-08-01,lag_3,-0.024635644956363497,0.0,0.0013661670623275593,0.001698991385573277
2020-07-01,2020-08-01,lag_4,-0.022828514039781186,0.0,0.0013661670623275593,0.001698991385573277
2020-07-01,2020-08-01,lag_5,0.0033566014560095,0.0,0.0013661670623275593,0.001698991385573277
2020-07-01,2020-08-01,lag_6,-0.0065751385800458,0.0,0.0013661670623275593,0.001698991385573277
2020-07-01,2020-08-01,lag_7,-0.0023266844944638,0.0,0.0013661670623275593,0.001698991385573277
2020-07-01,2020-08-01,lag_8,0.0050067643152127,0.0,0.0013661670623275593,0.001698991385573277
2020-07-01,2020-08-01,lag_9,-0.008478362664281,0.0,0.0013661670623275593,0.001698991385573277
2020-07-01,2020-08-01,lag_10,-0.0033894417233817,0.0,0.0013661670623275593,0.001698991385573277
2020-07-01,2020-08-01,lag_11,0.0068257248349024,0.0,0.0013661670623275593,0.001698991385573277
2020-07-01,2020-08-01,volatility_3m,0.02178748521224144,-0.0006381995549712727,0.0013661670623275593,0.001698991385573277
2020-08-01,2020-09-01,lag_0,0.0097319604312513,0.00039376907662348314,-0.00013590992811657494,0.0013447323249212912
2020-08-01,2020-09-01,lag_1,0.019631387356376668,-0.000499175074353961,-0.00013590992811657494,0.0013447323249212912
2020-08-01,2020-09-01,lag_2,0.01889832150402935,0.0003011362465905011,-0.00013590992811657494,0.0013447323249212912
2020-08-01,2020-09-01,lag_3,0.0164029145284585,0.0002955997152843055,-0.00013590992811657494,0.0013447323249212912
2020-08-01,2020-09-01,lag_4,-0.024618590860099827,0.0007875464478106543,-0.00013590992811657494,0.0013447323249212912
2020-08-01,2020-09-01,lag_5,-0.022805102362879057,-0.000770480197977582,-0.00013590992811657494,0.0013447323249212912
2020-08-01,2020-09-01,lag_6,0.0033566014560095,0.0,-0.00013590992811657494,0.0013447323249212912
2020-08-01,2020-09-01,lag_7,-0.0065751385800458,-0.0005559805962594419,-0.00013590992811657494,0.0013447323249212912
2020-08-01,2020-09-01,lag_8,-0.0023266844944638,0.0,-0.00013590992811657494,0.0013447323249212912
2020-08-01,2020-09-01,lag_9,0.0050067643152127,0.0,-0.00013590992811657494,0.0013447323249212912
2020-08-01,2020-09-01,lag_10,-0.008478362664281,0.0,-0.00013590992811657494,0.0013447323249212912
2020-08-01,2020-09-01,lag_11,-0.0033894417233817,0.0,-0.00013590992811657494,0.0013447323249212912
2020-08-01,2020-09-01,volatility_3m,0.022526388484637602,-0.001433057870755825,-0.00013590992811657494,0.0013447323249212912
2020-09-01,2020-10-01,lag_0,0.0001250509323655,0.0,0.011540660798743305,7.888414362583312e-05
2020-09-01,2020-10-01,lag_1,0.0097319604312513,0.0019873192323079675,0.011540660798743305,7.888414362583312e-05
2020-09-01,2020-10-01,lag_2,0.019623627499422782,0.0015762446757627978,0.011540660798743305,7.888414362583312e-05
2020-09-01,2020-10-01,lag_3,0.018893086343724982,0.00022363624891798904,0.011540660798743305,7.888414362583312e-05
2020-09-01,2020-10-01,lag_4,0.0164029145284585,0.0011165852122259528,0.011540660798743305,7.888414362583312e-05
2020-09-01,2020-10-01,lag_5,-0.024601536763836158,0.0005500461022875133,0.011540660798743305,7.888414362583312e-05
2020-09-01,2020-10-01,lag_6,-0.022781690685976925,0.004053313020084784,0.011540660798743305,7.888414362583312e-05
2020-09-01,2020-10-01,lag_7,0.0033566014560095,0.0,0.011540660798743305,7.888414362583312e-05
2020-09-01,2020-10-01,lag_8,-0.0065751385800458,0.0,0.011540660798743305,7.888414362583312e-05
2020-09-01,2020-10-01,lag_9,-0.0023266844944638,0.0,0.011540660798743305,7.888414362583312e-05
2020-09-01,2020-10-01,lag_10,0.0050067643152127,4.627954181532154e-05,0.011540660798743305,7.888414362583312e-05
2020-09-01,2020-10-01,lag_11,-0.008478362664281,0.0012877297690982359,0.011540660798743305,7.888414362583312e-05
2020-09-01,2020-10-01,volatility_3m,0.01901043878411278,0.0006206228526169114,0.011540660798743305,7.888414362583312e-05
2020-10-01,2020-11-01,lag_0,0.0080174248373063,0.0,-0.0011034332113439953,0.0013131912854140047
2020-10-01,2020-11-01,lag_1,0.0001250509323655,0.0,-0.0011034332113439953,0.0013131912854140047
2020-10-01,2020-11-01,lag_2,0.0097319604312513,0.0,-0.0011034332113439953,0.0013131912854140047
2020-10-01,2020-11-01,lag_3,0.01961586764246881,0.0,-0.0011034332113439953,0.0013131912854140047
2020-10-01,2020-11-01,lag_4,0.01888785118342056,-0.0008258766628824893,-0.0011034332113439953,0.0013131912854140047
2020-10-01,2020-11-01,lag_5,0.0164029145284585,0.0,-0.0011034332113439953,0.0013131912854140047
2020-10-01,2020-11-01,lag_6,-0.024584482667572488,-0.0004969540305328495,-0.0011034332113439953,0.0013131912854140047
2020-10-01,2020-11-01,lag_7,-0.022758279009074792,-0.0010295980209901322,-0.0011034332113439953,0.0013131912854140047
2020-10-01,2020-11-01,lag_8,0.0033566014560095,0.0,-0.0011034332113439953,0.0013131912854140047
2020-10-01,2020-11-01,lag_9,-0.0065751385800458,-6.419578235252908e-05,-0.0011034332113439953,0.0013131912854140047
2020-10-01,2020-11-01,lag_10,-0.0023266844944638,0.0,-0.0011034332113439953,0.0013131912854140047
2020-10-01,2020-11-01,lag_11,0.0050067643152127,0.0,-0.0011034332113439953,0.0013131912854140047
2020-10-01,2020-11-01,volatility_3m,0.005123831708758545,0.0,-0.0011034332113439953,0.0013131912854140047
2020-11-01,2020-12-01,lag_0,0.0035310967909989,0.0007478237190244166,0.0016266967135809482,0.0010155770859033438
2020-11-01,2020-12-01,lag_1,0.0080174248373063,0.0011385927005546181,0.0016266967135809482,0.0010155770859033438
2020-11-01,2020-12-01,lag_2,0.0001250509323655,0.0,0.0016266967135809482,0.0010155770859033438
2020-11-01,2020-12-01,lag_3,0.0097319604312513,0.0005034236696937572,0.0016266967135809482,0.0010155770859033438
2020-11-01,2020-12-01,lag_4,0.019608107785514924,0.0,0.0016266967135809482,0.0010155770859033438
2020-11-01,2020-12-01,lag_5,0.018882616023116194,0.0004942013722660073,0.0016266967135809482,0.0010155770859033438
2020-11-01,2020-12-01,lag_6,0.0164029145284585,0.0,0.0016266967135809482,0.0010155770859033438
2020-11-01,2020-12-01,lag_7,-0.024567428571308822,-0.0005746786711717074,0.0016266967135809482,0.0010155770859033438
2020-11-01,2020-12-01,lag_8,-0.02273486733217266,-0.002359450227451813,0.0016266967135809482,0.0010155770859033438
2020-11-01,2020-12-01,lag_9,0.0033566014560095,0.00016045421655772562,0.0016266967135809482,0.0010155770859033438
2020-11-01,2020-12-01,lag_10,-0.0065751385800458,0.0005007528482045999,0.0016266967135809482,0.0010155770859033438
2020-11-01,2020-12-01,lag_11,-0.0023266844944638,0.0,0.0016266967135809482,0.0010155770859033438
2020-11-01,2020-12-01,volatility_3m,0.003958489896951205,0.0,0.0016266967135809482,0.0010155770859033438
2020-12-01,2021-01-01,lag_0,0.0131128551110437,0.002292508799349838,0.005133660864730035,0.0006878394270817448
2020-12-01,2021-01-01,lag_1,0.0035310967909989,0.00020107118015894471,0.005133660864730035,0.0006878394270817448
2020-12-01,2021-01-01,lag_2,0.0080174248373063,0.0008077171216262267,0.005133660864730035,0.0006878394270817448
2020-12-01,2021-01-01,lag_3,0.0001250509323655,0.0,0.005133660864730035,0.0006878394270817448
2020-12-01,2021-01-01,lag_4,0.0097319604312513,0.00016219311609232752,0.005133660864730035,0.0006878394270817448
2020-12-01,2021-01-01,lag_5,0.01960034792856104,0.0010852086760305918,0.005133660864730035,0.0006878394270817448
2020-12-01,2021-01-01,lag_6,0.01887738086281183,0.0,0.005133660864730035,0.0006878394270817448
2020-12-01,2021-01-01,lag_7,0.0164029145284585,0.00013070031345852398,0.005133660864730035,0.0006878394270817448
2020-12-01,2021-01-01,lag_8,-0.024550374475045152,-0.0013272222145608765,0.005133660864730035,0.0006878394270817448
2020-12-01,2021-01-01,lag_9,-0.022711455655270527,0.0007677190625623907,0.005133660864730035,0.0006878394270817448
2020-12-01,2021-01-01,lag_10,0.0033566014560095,0.0,0.005133660864730035,0.0006878394270817448
2020-12-01,2021-01-01,lag_11,-0.0065751385800458,0.0003259253829303224,0.005133660864730035,0.0006878394270817448
2020-12-01,2021-01-01,volatility_3m,0.004794104739457822,0.0,0.005133660864730035,0.0006878394270817448
2021-01-01,2021-02-01,lag_0,0.0052645255666039,0.000763046253524358,0.006699743930209567,0.0012047109536427192
2021-01-01,2021-02-01,lag_1,0.0131128551110437,0.0008721071643400994,0.006699743930209567,0.0012047109536427192
2021-01-01,2021-02-01,lag_2,0.0035310967909989,0.00035428500399271986,0.006699743930209567,0.0012047109536427192
2021-01-01,2021-02-01,lag_3,0.0080174248373063,0.0008601736888489089,0.006699743930209567,0.0012047109536427192
2021-01-01,2021-02-01,lag_4,0.0001250509323655,0.0,0.006699743930209567,0.0012047109536427192
2021-01-01,2021-02-01,lag_5,0.0097319604312513,0.0006454378011750729,0.006699743930209567,0.0012047109536427192
2021-01-01,2021-02-01,lag_6,0.019592588071607155,-0.0011512998708731867,0.006699743930209567,0.0012047109536427192
2021-01-01,2021-02-01,lag_7,0.01887214570250747,0.0007954129268245721,0.006699743930209567,0.0012047109536427192
2021-01-01,2021-02-01,lag_8,0.0164029145284585,0.0004504354106903975,0.006699743930209567,0.0012047109536427192
2021-01-01,2021-02-01,lag_9,-0.024533320378781483,0.0013024127445207864,0.006699743930209567,0.0012047109536427192
2021-01-01,2021-02-01,lag_10,-0.022688043978368395,0.0006030218535231197,0.006699743930209567,0.0012047109536427192
2021-01-01,2021-02-01,lag_11,0.0033566014560095,0.0,0.006699743930209567,0.0012047109536427192
2021-01-01,2021-02-01,volatility_3m,0.005105734430715622,0.0,0.006699743930209567,0.0012047109536427192
2021-02-01,2021-03-01,lag_0,-0.02517852626072394,-0.002265304779629783,0.00709088416890624,0.0011205491557204031
2021-02-01,2021-03-01,lag_1,0.0052645255666039,0.0,0.00709088416890624,0.0011205491557204031
2021-02-01,2021-03-01,lag_2,0.0131128551110437,0.0008176157819406221,0.00709088416890624,0.0011205491557204031
2021-02-01,2021-03-01,lag_3,0.0035310967909989,0.00019099140782464184,0.00709088416890624,0.0011205491557204031
2021-02-01,2021-03-01,lag_4,0.0080174248373063,0.0007828142634094528,0.00709088416890624,0.0011205491557204031
2021-02-01,2021-03-01,lag_5,0.0001250509323655,0.0,0.00709088416890624,0.0011205491557204031
2021-02-01,2021-03-01,lag_6,0.0097319604312513,0.0005489433395527616,0.00709088416890624,0.0011205491557204031
2021-02-01,2021-03-01,lag_7,0.01958482821465327,-0.0017843159568948395,0.00709088416890624,0.0011205491557204031
2021-02-01,2021-03-01,lag_8,0.018866910542203102,0.0033131987726273435,0.00709088416890624,0.0011205491557204031
2021-02-01,2021-03-01,lag_9,0.0164029145284585,-0.00046071578639505454,0.00709088416890624,0.0011205491557204031
2021-02-01,2021-03-01,lag_10,-0.024516266282517813,0.0,0.00709088416890624,0.0011205491557204031
2021-02-01,2021-03-01,lag_11,-0.022664632301466262,0.0006001686291009063,0.00709088416890624,0.0011205491557204031
2021-02-01,2021-03-01,volatility_3m,0.023387884659109237,0.0042269393416497865,0.00709088416890624,0.0011205491557204031
2021-03-01,2021-04-01,lag_0,0.019999396953262617,0.0,0.0023600447884582487,0.0013199283109395243
2021-03-01,2021-04-01,lag_1,-0.025175019562488334,-0.0013572487402119164,0.0023600447884582487,0.0013199283109395243
2021-03-01,2021-04-01,lag_2,0.0052645255666039,0.00031372462567380035,0.0023600447884582487,0.0013199283109395243
2021-03-01,2021-04-01,lag_3,0.0131128551110437,0.0,0.0023600447884582487,0.0013199283109395243
2021-03-01,2021-04-01,lag_4,0.0035310967909989,0.0,0.0023600447884582487,0.0013199283109395243
2021-03-01,2021-04-01,lag_5,0.0080174248373063,0.0,0.0023600447884582487,0.0013199283109395243
2021-03-01,2021-04-01,lag_6,0.0001250509323655,0.0,0.0023600447884582487,0.0013199283109395243
2021-03-01,2021-04-01,lag_7,0.0097319604312513,-0.00040124433565413186,0.0023600447884582487,0.0013199283109395243
2021-03-01,2021-04-01,lag_8,0.019577068357699384,-0.0012422700667074156,0.0023600447884582487,0.0013199283109395243
2021-03-01,2021-04-01,lag_9,0.01886167538189874,0.0,0.0023600447884582487,0.0013199283109395243
2021-03-01,2021-04-01,lag_10,0.0164029145284585,0.001954864045088057,0.0023600447884582487,0.0013199283109395243
2021-03-01,2021-04-01,lag_11,-0.024499212186254143,0.0017722909493303304,0.0023600447884582487,0.0013199283109395243
2021-03-01,2021-04-01,volatility_3m,0.0246759260939985,0.0,0.0023600447884582487,0.0013199283109395243
2021-04-01,2021-05-01,lag_0,0.0017578578773207,0.0002973058071553537,-0.0018889110102970601,0.0011922735970005874
2021-04-01,2021-05-01,lag_1,0.019996290479201175,0.0010399612759278687,-0.0018889110102970601,0.0011922735970005874
2021-04-01,2021-05-01,lag_2,-0.025171512864252725,-0.003920458109972122,-0.0018889110102970601,0.0011922735970005874
2021-04-01,2021-05-01,lag_3,0.0052645255666039,0.0,-0.0018889110102970601,0.0011922735970005874
2021-04-01,2021-05-01,lag_4,0.0131128551110437,-0.0009203160908038197,-0.0018889110102970601,0.0011922735970005874
2021-04-01,2021-05-01,lag_5,0.0035310967909989,0.0,-0.0018889110102970601,0.0011922735970005874
2021-04-01,2021-05-01,lag_6,0.0080174248373063,-0.0004542328846389206,-0.0018889110102970601,0.0011922735970005874
2021-04-01,2021-05-01,lag_7,0.0001250509323655,0.0,-0.0018889110102970601,0.0011922735970005874
2021-04-01,2021-05-01,lag_8,0.0097319604312513,0.001195947494434422,-0.0018889110102970601,0.0011922735970005874
2021-04-01,2021-05-01,lag_9,0.0195693085007455,0.0012448471465574082,-0.0018889110102970601,0.0011922735970005874
2021-04-01,2021-05-01,lag_10,0.018856440221594373,0.0012917005616042408,-0.0018889110102970601,0.0011922735970005874
2021-04-01,2021-05-01,lag_11,0.0164029145284585,-0.00246825451891129,-0.0018889110102970601,0.0011922735970005874
2021-04-01,2021-05-01,volatility_3m,0.026406388217510957,-0.00038768528865078874,-0.0018889110102970601,0.0011922735970005874
2021-05-01,2021-06-01,lag_0,0.0088347578563929,0.002048202116270505,0.0016710135538752571,0.0013503252960371172
2021-05-01,2021-06-01,lag_1,0.0017578578773207,0.0,0.0016710135538752571,0.0013503252960371172
2021-05-01,2021-06-01,lag_2,0.019993184005139733,0.002460707990346888,0.0016710135538752571,0.0013503252960371172
2021-05-01,2021-06-01,lag_3,-0.02516800616601712,-0.0007866541005654591,0.0016710135538752571,0.0013503252960371172
2021-05-01,2021-06-01,lag_4,0.0052645255666039,-0.0001536872360713026,0.0016710135538752571,0.0013503252960371172
2021-05-01,2021-06-01,lag_5,0.0131128551110437,-0.00019394681642973335,0.0016710135538752571,0.0013503252960371172
2021-05-01,2021-06-01,lag_6,0.0035310967909989,0.0,0.0016710135538752571,0.0013503252960371172
2021-05-01,2021-06-01,lag_7,0.0080174248373063,-0.0006591912921452179,0.0016710135538752571,0.0013503252960371172
2021-05-01,2021-06-01,lag_8,0.0001250509323655,0.0,0.0016710135538752571,0.0013503252960371172
2021-05-01,2021-06-01,lag_9,0.0097319604312513,0.0,0.0016710135538752571,0.0013503252960371172
2021-05-01,2021-06-01,lag_10,0.019561548643791615,-0.0008551077876095607,0.0016710135538752571,0.0013503252960371172
2021-05-01,2021-06-01,lag_11,0.01885120506129001,-0.0019168516682375276,0.0016710135538752571,0.0013503252960371172
2021-05-01,2021-06-01,volatility_3m,0.013892809991648719,0.0003772170522795479,0.0016710135538752571,0.0013503252960371172
2021-06-01,2021-07-01,lag_0,0.0036680895609242,0.0,0.0013619863889604536,0.001436371229936074
2021-06-01,2021-07-01,lag_1,0.0088347578563929,0.0,0.0013619863889604536,0.001436371229936074
2021-06-01,2021-07-01,lag_2,0.0017578578773207,0.0,0.0013619863889604536,0.001436371229936074
2021-06-01,2021-07-01,lag_3,0.01999007753107829,0.000812214968946785,0.0013619863889604536,0.001436371229936074
2021-06-01,2021-07-01,lag_4,-0.02516449946778151,-0.001617785746448872,0.0013619863889604536,0.001436371229936074
2021-06-01,2021-07-01,lag_5,0.0052645255666039,0.0,0.0013619863889604536,0.001436371229936074
2021-06-01,2021-07-01,lag_6,0.0131128551110437,0.0004331405328413139,0.0013619863889604536,0.001436371229936074
2021-06-01,2021-07-01,lag_7,0.0035310967909989,0.0,0.0013619863889604536,0.001436371229936074
2021-06-01,2021-07-01,lag_8,0.0080174248373063,0.0005473592705578861,0.0013619863889604536,0.001436371229936074
2021-06-01,2021-07-01,lag_9,0.0001250509323655,0.0,0.0013619863889604536,0.001436371229936074
2021-06-01,2021-07-01,lag_10,0.0097319604312513,0.00019955388852037397,0.0013619863889604536,0.001436371229936074
2021-06-01,2021-07-01,lag_11,0.01955378878683773,0.0,0.0013619863889604536,0.001436371229936074
2021-06-01,2021-07-01,volatility_3m,0.003661191966064153,-0.00044886775539310737,0.0013619863889604536,0.001436371229936074
2021-07-01,2021-08-01,lag_0,0.00453086144506,0.0002555306991923195,0.0023762802456350133,0.0014656172086411855
2021-07-01,2021-08-01,lag_1,0.0036680895609242,0.0,0.0023762802456350133,0.0014656172086411855
2021-07-01,2021-08-01,lag_2,0.0088347578563929,0.0004780786595335152,0.0023762802456350133,0.0014656172086411855
2021-07-01,2021-08-01,lag_3,0.0017578578773207,0.0,0.0023762802456350133,0.0014656172086411855
2021-07-01,2021-08-01,lag_4,0.01998697105701685,0.0023857090058618515,0.0023762802456350133,0.0014656172086411855
2021-07-01,2021-08-01,lag_5,-0.025160992769545906,-0.0009235439700705075,0.0023762802456350133,0.0014656172086411855
2021-07-01,2021-08-01,lag_6,0.0052645255666039,0.00025329867163814636,0.0023762802456350133,0.0014656172086411855
2021-07-01,2021-08-01,lag_7,0.0131128551110437,-0.0008209462698201713,0.0023762802456350133,0.0014656172086411855
2021-07-01,2021-08-01,lag_8,0.0035310967909989,0.0,0.0023762802456350133,0.0014656172086411855
2021-07-01,2021-08-01,lag_9,0.0080174248373063,0.0003416141403382298,0.0023762802456350133,0.0014656172086411855
2021-07-01,2021-08-01,lag_10,0.0001250509323655,0.0,0.0023762802456350133,0.0014656172086411855
2021-07-01,2021-08-01,lag_11,0.0097319604312513,0.0,0.0023762802456350133,0.0014656172086411855
2021-07-01,2021-08-01,volatility_3m,0.002767741585930693,-0.0010590778996795557,0.0023762802456350133,0.0014656172086411855
2021-08-01,2021-09-01,lag_0,-0.002078928094134,0.0,0.0026836050168250153,0.0015041849227938914
2021-08-01,2021-09-01,lag_1,0.00453086144506,0.0,0.0026836050168250153,0.0015041849227938914
2021-08-01,2021-09-01,lag_2,0.0036680895609242,0.0,0.0026836050168250153,0.0015041849227938914
2021-08-01,2021-09-01,lag_3,0.0088347578563929,0.0003064476887200692,0.0026836050168250153,0.0015041849227938914
2021-08-01,2021-09-01,lag_4,0.0017578578773207,0.0,0.0026836050168250153,0.0015041849227938914
2021-08-01,2021-09-01,lag_5,0.019983864582955407,0.0009439016694398393,0.0026836050168250153,0.0015041849227938914
2021-08-01,2021-09-01,lag_6,-0.025157486071310298,-0.0006753384319397877,0.0026836050168250153,0.0015041849227938914
2021-08-01,2021-09-01,lag_7,0.0052645255666039,0.0,0.0026836050168250153,0.0015041849227938914
2021-08-01,2021-09-01,lag_8,0.0131128551110437,0.0012546083391507688,0.0026836050168250153,0.0015041849227938914
2021-08-01,2021-09-01,lag_9,0.0035310967909989,0.0,0.0026836050168250153,0.0015041849227938914
2021-08-01,2021-09-01,lag_10,0.0080174248373063,0.00022832084538456341,0.0026836050168250153,0.0015041849227938914
2021-08-01,2021-09-01,lag_11,0.0001250509323655,0.0,0.0026836050168250153,0.0015041849227938914
2021-08-01,2021-09-01,volatility_3m,0.0035930930269997257,-0.0008785200167243292,0.0026836050168250153,0.0015041849227938914
2021-09-01,2021-10-01,lag_0,-0.0119236250388361,-0.0012427212193187604,0.005211660086330409,0.0014185217607963728
2021-09-01,2021-10-01,lag_1,-0.002078928094134,0.0,0.005211660086330409,0.0014185217607963728
2021-09-01,2021-10-01,lag_2,0.00453086144506,0.00021990075948192343,0.005211660086330409,0.0014185217607963728
2021-09-01,2021-10-01,lag_3,0.0036680895609242,0.0,0.005211660086330409,0.0014185217607963728
2021-09-01,2021-10-01,lag_4,0.0088347578563929,0.0008365712033066788,0.005211660086330409,0.0014185217607963728
2021-09-01,2021-10-01,lag_5,0.0017578578773207,0.0,0.005211660086330409,0.0014185217607963728
2021-09-01,2021-10-01,lag_6,0.019980758108893965,0.0012264817181944167,0.005211660086330409,0.0014185217607963728
2021-09-01,2021-10-01,lag_7,-0.025153979373074693,0.002320560973263878,0.005211660086330409,0.0014185217607963728
2021-09-01,2021-10-01,lag_8,0.0052645255666039,0.000237373133649483,0.005211660086330409,0.0014185217607963728
2021-09-01,2021-10-01,lag_9,0.0131128551110437,0.00019497175695641676,0.005211660086330409,0.0014185217607963728
2021-09-01,2021-10-01,lag_10,0.0035310967909989,0.0,0.005211660086330409,0.0014185217607963728
2021-09-01,2021-10-01,lag_11,0.0080174248373063,0.0,0.005211660086330409,0.0014185217607963728
2021-09-01,2021-10-01,volatility_3m,0.008280071468433356,0.0,0.005211660086330409,0.0014185217607963728
2021-10-01,2021-11-01,lag_0,0.0133459909804463,0.00043033070559589354,0.004138175468793471,0.0015023000692295702
2021-10-01,2021-11-01,lag_1,-0.0119236250388361,-0.0003684895241795297,0.004138175468793471,0.0015023000692295702
2021-10-01,2021-11-01,lag_2,-0.002078928094134,0.0,0.004138175468793471,0.0015023000692295702
2021-10-01,2021-11-01,lag_3,0.00453086144506,0.0,0.004138175468793471,0.0015023000692295702
2021-10-01,2021-11-01,lag_4,0.0036680895609242,0.0002969747136251125,0.004138175468793471,0.0015023000692295702
2021-10-01,2021-11-01,lag_5,0.0088347578563929,0.0005335566474921907,0.004138175468793471,0.0015023000692295702
2021-10-01,2021-11-01,lag_6,0.0017578578773207,0.0,0.004138175468793471,0.0015023000692295702
2021-10-01,2021-11-01,lag_7,0.019977651634832488,0.00019903007523057792,0.004138175468793471,0.0015023000692295702
2021-10-01,2021-11-01,lag_8,-0.025150472674839084,0.0003898015554699474,0.004138175468793471,0.0015023000692295702
2021-10-01,2021-11-01,lag_9,0.0052645255666039,0.0004293370259823071,0.004138175468793471,0.0015023000692295702
2021-10-01,2021-11-01,lag_10,0.0131128551110437,-0.0006264578000290573,0.004138175468793471,0.0015023000692295702
2021-10-01,2021-11-01,lag_11,0.0035310967909989,0.0,0.004138175468793471,0.0015023000692295702
2021-10-01,2021-11-01,volatility_3m,0.012737082869534608,0.001351792000376459,0.004138175468793471,0.0015023000692295702
2021-11-01,2021-12-01,lag_0,0.0067574983021634,0.0006136903259826259,0.005665104555003815,0.0015593906599138934
2021-11-01,2021-12-01,lag_1,0.0133459909804463,0.0006085969733294864,0.005665104555003815,0.0015593906599138934
2021-11-01,2021-12-01,lag_2,-0.0119236250388361,-0.0008654221656865224,0.005665104555003815,0.0015593906599138934
2021-11-01,2021-12-01,lag_3,-0.002078928094134,0.0,0.005665104555003815,0.0015593906599138934
2021-11-01,2021-12-01,lag_4,0.00453086144506,0.00038003008558056266,0.005665104555003815,0.0015593906599138934
2021-11-01,2021-12-01,lag_5,0.0036680895609242,0.0,0.005665104555003815,0.0015593906599138934
2021-11-01,2021-12-01,lag_6,0.0088347578563929,0.0005821884982105736,0.005665104555003815,0.0015593906599138934
2021-11-01,2021-12-01,lag_7,0.0017578578773207,0.0,0.005665104555003815,0.0015593906599138934
2021-11-01,2021-12-01,lag_8,0.019974545160771046,0.0021196542542815198,0.005665104555003815,0.0015593906599138934
2021-11-01,2021-12-01,lag_9,-0.025146965976603475,0.00011214910981548632,0.005665104555003815,0.0015593906599138934
2021-11-01,2021-12-01,lag_10,0.0052645255666039,0.0,0.005665104555003815,0.0015593906599138934
2021-11-01,2021-12-01,lag_11,0.0131128551110437,0.0,0.005665104555003815,0.0015593906599138934
2021-11-01,2021-12-01,volatility_3m,0.013108178737054445,0.0005548268135761894,0.005665104555003815,0.0015593906599138934
2021-12-01,2022-01-01,lag_0,-0.0029071000130063,0.0,0.005657385838737811,0.0016666344494117634
2021-12-01,2022-01-01,lag_1,0.0067574983021634,0.0,0.005657385838737811,0.0016666344494117634
2021-12-01,2022-01-01,lag_2,0.0133459909804463,0.0005317338766828502,0.005657385838737811,0.0016666344494117634
2021-12-01,2022-01-01,lag_3,-0.0119236250388361,-0.0005310598519989916,0.005657385838737811,0.0016666344494117634
2021-12-01,2022-01-01,lag_4,-0.002078928094134,-0.000601277402183753,0.005657385838737811,0.0016666344494117634
2021-12-01,2022-01-01,lag_5,0.00453086144506,0.00015255869704467948,0.005657385838737811,0.0016666344494117634
2021-12-01,2022-01-01,lag_6,0.0036680895609242,0.0,0.005657385838737811,0.0016666344494117634
2021-12-01,2022-01-01,lag_7,0.0088347578563929,0.0,0.005657385838737811,0.0016666344494117634
2021-12-01,2022-01-01,lag_8,0.0017578578773207,0.0,0.005657385838737811,0.0016666344494117634
2021-12-01,2022-01-01,lag_9,0.019971438686709603,0.0023219421561910644,0.005657385838737811,0.0016666344494117634
2021-12-01,2022-01-01,lag_10,-0.02514345927836787,0.001956309241701471,0.005657385838737811,0.0016666344494117634
2021-12-01,2022-01-01,lag_11,0.0052645255666039,0.0,0.005657385838737811,0.0016666344494117634
2021-12-01,2022-01-01,volatility_3m,0.008174917565403115,0.00016054467188872794,0.005657385838737811,0.0016666344494117634
2022-01-01,2022-02-01,lag_0,-0.0038553890138945,-0.00036023779985028736,0.0028763533616108926,0.0016722053643810652
2022-01-01,2022-02-01,lag_1,-0.0029071000130063,0.0,0.0028763533616108926,0.0016722053643810652
2022-01-01,2022-02-01,lag_2,0.0067574983021634,0.0002532076070406811,0.0028763533616108926,0.0016722053643810652
2022-01-01,2022-02-01,lag_3,0.0133459909804463,0.0005393606257839725,0.0028763533616108926,0.0016722053643810652
2022-01-01,2022-02-01,lag_4,-0.0119236250388361,-0.0012253276703616273,0.0028763533616108926,0.0016722053643810652
2022-01-01,2022-02-01,lag_5,-0.002078928094134,0.0,0.0028763533616108926,0.0016722053643810652
2022-01-01,2022-02-01,lag_6,0.00453086144506,0.0,0.0028763533616108926,0.0016722053643810652
2022-01-01,2022-02-01,lag_7,0.0036680895609242,0.0,0.0028763533616108926,0.0016722053643810652
2022-01-01,2022-02-01,lag_8,0.0088347578563929,0.0007044629151625442,0.0028763533616108926,0.0016722053643810652
2022-01-01,2022-02-01,lag_9,0.0017578578773207,0.0,0.0028763533616108926,0.0016722053643810652
2022-01-01,2022-02-01,lag_10,0.01996833221264816,0.0008801965102172097,0.0028763533616108926,0.0016722053643810652
2022-01-01,2022-02-01,lag_11,-0.025139952580132262,0.0008359790309257153,0.0028763533616108926,0.0016722053643810652
2022-01-01,2022-02-01,volatility_3m,0.005872777449187752,-0.00042349322168838054,0.0028763533616108926,0.0016722053643810652
2022-02-01,2022-03-01,lag_0,0.0061773799369513,0.0003605080348858396,0.001942270534662542,0.0017396003893608571
2022-02-01,2022-03-01,lag_1,-0.0038553890138945,-0.00027755357748942297,0.001942270534662542,0.0017396003893608571
2022-02-01,2022-03-01,lag_2,-0.0029071000130063,-0.00020944076823382562,0.001942270534662542,0.0017396003893608571
2022-02-01,2022-03-01,lag_3,0.0067574983021634,0.0,0.001942270534662542,0.0017396003893608571
2022-02-01,2022-03-01,lag_4,0.0133459909804463,0.0015349215915333866,0.001942270534662542,0.0017396003893608571
2022-02-01,2022-03-01,lag_5,-0.0119236250388361,-0.0006383466140803512,0.001942270534662542,0.0017396003893608571
2022-02-01,2022-03-01,lag_6,-0.002078928094134,-0.00014890366821060613,0.001942270534662542,0.0017396003893608571
2022-02-01,2022-03-01,lag_7,0.00453086144506,-0.0002759445124537875,0.001942270534662542,0.0017396003893608571
2022-02-01,2022-03-01,lag_8,0.0036680895609242,0.0,0.001942270534662542,0.0017396003893608571
2022-02-01,2022-03-01,lag_9,0.0088347578563929,0.00035418204877723234,0.001942270534662542,0.0017396003893608571
2022-02-01,2022-03-01,lag_10,0.0017578578773207,0.0,0.001942270534662542,0.0017396003893608571
2022-02-01,2022-03-01,lag_11,0.01996522573858672,0.0,0.001942270534662542,0.0017396003893608571
2022-02-01,2022-03-01,volatility_3m,0.005539005338076544,-0.0004967523894267804,0.001942270534662542,0.0017396003893608571
2022-03-01,2022-04-01,lag_0,0.0057795252893599,0.000358040152522448,0.0020016861066779064,0.0017182207405155856
2022-03-01,2022-04-01,lag_1,0.0061773799369513,0.000245526847701675,0.0020016861066779064,0.0017182207405155856
2022-03-01,2022-04-01,lag_2,-0.0038553890138945,-0.0003102097981190898,0.0020016861066779064,0.0017182207405155856
2022-03-01,2022-04-01,lag_3,-0.0029071000130063,0.0,0.0020016861066779064,0.0017182207405155856
2022-03-01,2022-04-01,lag_4,0.0067574983021634,0.0006061656672055501,0.0020016861066779064,0.0017182207405155856
2022-03-01,2022-04-01,lag_5,0.0133459909804463,0.0003130063287936561,0.0020016861066779064,0.0017182207405155856
2022-03-01,2022-04-01,lag_6,-0.0119236250388361,-0.0007935573971954264,0.0020016861066779064,0.0017182207405155856
2022-03-01,2022-04-01,lag_7,-0.002078928094134,0.0001869332525418538,0.0020016861066779064,0.0017182207405155856
2022-03-01,2022-04-01,lag_8,0.00453086144506,0.00017999109336314757,0.0020016861066779064,0.0017182207405155856
2022-03-01,2022-04-01,lag_9,0.0036680895609242,0.0,0.0020016861066779064,0.0017182207405155856
2022-03-01,2022-04-01,lag_10,0.0088347578563929,0.0,0.0020016861066779064,0.0017182207405155856
2022-03-01,2022-04-01,lag_11,0.0017578578773207,0.0,0.0020016861066779064,0.0017182207405155856
2022-03-01,2022-04-01,volatility_3m,0.005681054989652329,-0.0005024307806514936,0.0020016861066779064,0.0017182207405155856
2022-04-01,2022-05-01,lag_0,0.0004861197143313,0.0,0.0026388117290725307,0.0016945534858007912
2022-04-01,2022-05-01,lag_1,0.0057795252893599,0.0002667221094543781,0.0026388117290725307,0.0016945534858007912
2022-04-01,2022-05-01,lag_2,0.0061773799369513,0.00027833021350274974,0.0026388117290725307,0.0016945534858007912
2022-04-01,2022-05-01,lag_3,-0.0038553890138945,-0.00024070504363978723,0.0026388117290725307,0.0016945534858007912
2022-04-01,2022-05-01,lag_4,-0.0029071000130063,-0.0005720264114734158,0.0026388117290725307,0.0016945534858007912
2022-04-01,2022-05-01,lag_5,0.0067574983021634,0.0,0.0026388117290725307,0.0016945534858007912
2022-04-01,2022-05-01,lag_6,0.0133459909804463,0.0009428042269607603,0.0026388117290725307,0.0016945534858007912
2022-04-01,2022-05-01,lag_7,-0.0119236250388361,0.0015175724607339426,0.0026388117290725307,0.0016945534858007912
2022-04-01,2022-05-01,lag_8,-0.002078928094134,-0.00040658920826966405,0.0026388117290725307,0.0016945534858007912
2022-04-01,2022-05-01,lag_9,0.00453086144506,0.0,0.0026388117290725307,0.0016945534858007912
2022-04-01,2022-05-01,lag_10,0.0036680895609242,0.0,0.0026388117290725307,0.0016945534858007912
2022-04-01,2022-05-01,lag_11,0.0088347578563929,0.0,0.0026388117290725307,0.0016945534858007912
2022-04-01,2022-05-01,volatility_3m,0.003177233435551822,-0.0008418501039972239,0.0026388117290725307,0.0016945534858007912
2022-05-01,2022-06-01,lag_0,-0.0010504332153136,-0.00012158582458042023,-0.0004167865841489629,0.0017121983457450971
2022-05-01,2022-06-01,lag_1,0.0004861197143313,-6.263270625204813e-05,-0.0004167865841489629,0.0017121983457450971
2022-05-01,2022-06-01,lag_2,0.0057795252893599,0.0,-0.0004167865841489629,0.0017121983457450971
2022-05-01,2022-06-01,lag_3,0.0061773799369513,0.0,-0.0004167865841489629,0.0017121983457450971
2022-05-01,2022-06-01,lag_4,-0.0038553890138945,-0.00031308491037180397,-0.0004167865841489629,0.0017121983457450971
2022-05-01,2022-06-01,lag_5,-0.0029071000130063,-6.0838297682862175e-05,-0.0004167865841489629,0.0017121983457450971
2022-05-01,2022-06-01,lag_6,0.0067574983021634,0.0,-0.0004167865841489629,0.0017121983457450971
2022-05-01,2022-06-01,lag_7,0.0133459909804463,-0.00038336335491941483,-0.0004167865841489629,0.0017121983457450971
2022-05-01,2022-06-01,lag_8,-0.0119236250388361,-0.0004714711747283905,-0.0004167865841489629,0.0017121983457450971
2022-05-01,2022-06-01,lag_9,-0.002078928094134,-9.270610124056944e-05,-0.0004167865841489629,0.0017121983457450971
2022-05-01,2022-06-01,lag_10,0.00453086144506,0.0,-0.0004167865841489629,0.0017121983457450971
2022-05-01,2022-06-01,lag_11,0.0036680895609242,0.0,-0.0004167865841489629,0.0017121983457450971
2022-05-01,2022-06-01,volatility_3m,0.003583049694113151,-0.0006233025601185509,-0.0004167865841489629,0.0017121983457450971
2022-06-01,2022-07-01,lag_0,-0.0031183386894699,-0.0003142353920440709,0.0018155183759558805,0.0017475384543633127
2022-06-01,2022-07-01,lag_1,-0.0010504332153136,0.0,0.0018155183759558805,0.0017475384543633127
2022-06-01,2022-07-01,lag_2,0.0004861197143313,0.0,0.0018155183759558805,0.0017475384543633127
2022-06-01,2022-07-01,lag_3,0.0057795252893599,0.0,0.0018155183759558805,0.0017475384543633127
2022-06-01,2022-07-01,lag_4,0.0061773799369513,0.0,0.0018155183759558805,0.0017475384543633127
2022-06-01,2022-07-01,lag_5,-0.0038553890138945,-0.00013027621360120882,0.0018155183759558805,0.0017475384543633127
2022-06-01,2022-07-01,lag_6,-0.0029071000130063,-0.00012061426189344842,0.0018155183759558805,0.0017475384543633127
2022-06-01,2022-07-01,lag_7,0.0067574983021634,-0.00036572998521201616,0.0018155183759558805,0.0017475384543633127
2022-06-01,2022-07-01,lag_8,0.0133459909804463,0.0013460222379823976,0.0018155183759558805,0.0017475384543633127
2022-06-01,2022-07-01,lag_9,-0.0119236250388361,0.0,0.0018155183759558805,0.0017475384543633127
2022-06-01,2022-07-01,lag_10,-0.002078928094134,0.0,0.0018155183759558805,0.0017475384543633127
2022-06-01,2022-07-01,lag_11,0.00453086144506,0.0,0.0018155183759558805,0.0017475384543633127
2022-06-01,2022-07-01,volatility_3m,0.0018087448843686705,-0.00034718646363908554,0.0018155183759558805,0.0017475384543633127
2022-07-01,2022-08-01,lag_0,0.0020272849739724,0.0,0.001282932392078621,0.0018437116953161144
2022-07-01,2022-08-01,lag_1,-0.0031183386894699,-0.00023368368752461427,0.001282932392078621,0.0018437116953161144
2022-07-01,2022-08-01,lag_2,-0.0010504332153136,0.0,0.001282932392078621,0.0018437116953161144
2022-07-01,2022-08-01,lag_3,0.0004861197143313,0.0,0.001282932392078621,0.0018437116953161144
2022-07-01,2022-08-01,lag_4,0.0057795252893599,0.00048087070734538696,0.001282932392078621,0.0018437116953161144
2022-07-01,2022-08-01,lag_5,0.0061773799369513,0.00026479676197502683,0.001282932392078621,0.0018437116953161144
2022-07-01,2022-08-01,lag_6,-0.0038553890138945,-0.0002805246526030898,0.001282932392078621,0.0018437116953161144
2022-07-01,2022-08-01,lag_7,-0.0029071000130063,0.0,0.001282932392078621,0.0018437116953161144
2022-07-01,2022-08-01,lag_8,0.0067574983021634,0.0,0.001282932392078621,0.0018437116953161144
2022-07-01,2022-08-01,lag_9,0.0133459909804463,0.00031913269115342065,0.001282932392078621,0.0018437116953161144
2022-07-01,2022-08-01,lag_10,-0.0119236250388361,0.0,0.001282932392078621,0.0018437116953161144
2022-07-01,2022-08-01,lag_11,-0.002078928094134,0.0,0.001282932392078621,0.0018437116953161144
2022-07-01,2022-08-01,volatility_3m,0.0025892735528356484,-0.0011113711235836237,0.001282932392078621,0.0018437116953161144
2022-08-01,2022-09-01,lag_0,-0.0012524758296699,-0.00018912000757423874,0.0009473319297662319,0.0018300881839778322
2022-08-01,2022-09-01,lag_1,0.0020272849739724,0.0,0.0009473319297662319,0.0018300881839778322
2022-08-01,2022-09-01,lag_2,-0.0031183386894699,-0.0002360171203929963,0.0009473319297662319,0.0018300881839778322
2022-08-01,2022-09-01,lag_3,-0.0010504332153136,0.0,0.0009473319297662319,0.0018300881839778322
2022-08-01,2022-09-01,lag_4,0.0004861197143313,0.0,0.0009473319297662319,0.0018300881839778322
2022-08-01,2022-09-01,lag_5,0.0057795252893599,0.0,0.0009473319297662319,0.0018300881839778322
2022-08-01,2022-09-01,lag_6,0.0061773799369513,0.0,0.0009473319297662319,0.0018300881839778322
2022-08-01,2022-09-01,lag_7,-0.0038553890138945,0.0,0.0009473319297662319,0.0018300881839778322
2022-08-01,2022-09-01,lag_8,-0.0029071000130063,-0.0003956534357311303,0.0009473319297662319,0.0018300881839778322
2022-08-01,2022-09-01,lag_9,0.0067574983021634,0.0,0.0009473319297662319,0.0018300881839778322
2022-08-01,2022-09-01,lag_10,0.0133459909804463,0.0003960905004030137,0.0009473319297662319,0.0018300881839778322
2022-08-01,2022-09-01,lag_11,-0.0119236250388361,0.00038818862747620373,0.0009473319297662319,0.0018300881839778322
2022-08-01,2022-09-01,volatility_3m,0.0026049861812322784,-0.0008462448183924522,0.0009473319297662319,0.0018300881839778322
2022-09-01,2022-10-01,lag_0,0.0019319323696054,0.0,0.00016808499209554887,0.0017581441393799877
2022-09-01,2022-10-01,lag_1,-0.0012524758296699,-8.889820311445105e-05,0.00016808499209554887,0.0017581441393799877
2022-09-01,2022-10-01,lag_2,0.0020272849739724,0.0,0.00016808499209554887,0.0017581441393799877
2022-09-01,2022-10-01,lag_3,-0.0031183386894699,-0.00014735037731163263,0.00016808499209554887,0.0017581441393799877
2022-09-01,2022-10-01,lag_4,-0.0010504332153136,-0.00016743255926527975,0.00016808499209554887,0.0017581441393799877
2022-09-01,2022-10-01,lag_5,0.0004861197143313,0.0,0.00016808499209554887,0.0017581441393799877
2022-09-01,2022-10-01,lag_6,0.0057795252893599,0.0,0.00016808499209554887,0.0017581441393799877
2022-09-01,2022-10-01,lag_7,0.0061773799369513,-0.0002732878657575558,0.00016808499209554887,0.0017581441393799877
2022-09-01,2022-10-01,lag_8,-0.0038553890138945,-0.0003980805811141052,0.00016808499209554887,0.0017581441393799877
2022-09-01,2022-10-01,lag_9,-0.0029071000130063,0.0,0.00016808499209554887,0.0017581441393799877
2022-09-01,2022-10-01,lag_10,0.0067574983021634,0.0,0.00016808499209554887,0.0017581441393799877
2022-09-01,2022-10-01,lag_11,0.0133459909804463,0.0,0.00016808499209554887,0.0017581441393799877
2022-09-01,2022-10-01,volatility_3m,0.0018666538077479584,-0.0005150095607214144,0.00016808499209554887,0.0017581441393799877
2022-10-01,2022-11-01,lag_0,-0.0003841127462562,-0.000108798768315138,0.000530422145280197,0.001737108543793638
2022-10-01,2022-11-01,lag_1,0.0019319323696054,-6.578994741178458e-05,0.000530422145280197,0.001737108543793638
2022-10-01,2022-11-01,lag_2,-0.0012524758296699,-5.6430295590719585e-05,0.000530422145280197,0.001737108543793638
2022-10-01,2022-11-01,lag_3,0.0020272849739724,0.0,0.000530422145280197,0.001737108543793638
2022-10-01,2022-11-01,lag_4,-0.0031183386894699,-0.00020726941338298515,0.000530422145280197,0.001737108543793638
2022-10-01,2022-11-01,lag_5,-0.0010504332153136,-3.567061248322084e-05,0.000530422145280197,0.001737108543793638
2022-10-01,2022-11-01,lag_6,0.0004861197143313,0.0,0.000530422145280197,0.001737108543793638
2022-10-01,2022-11-01,lag_7,0.0057795252893599,-0.00029650822526461617,0.000530422145280197,0.001737108543793638
2022-10-01,2022-11-01,lag_8,0.0061773799369513,0.0,0.000530422145280197,0.001737108543793638
2022-10-01,2022-11-01,lag_9,-0.0038553890138945,0.0,0.000530422145280197,0.001737108543793638
2022-10-01,2022-11-01,lag_10,-0.0029071000130063,-6.0532466392419276e-05,0.000530422145280197,0.001737108543793638
2022-10-01,2022-11-01,lag_11,0.0067574983021634,0.0,0.000530422145280197,0.001737108543793638
2022-10-01,2022-11-01,volatility_3m,0.0016461356263966567,-0.0003756866696725574,0.000530422145280197,0.001737108543793638
2022-11-01,2022-12-01,lag_0,-0.0029444934707285,-0.00031591358995071363,-0.0003028655544652467,0.0017371341553689208
2022-11-01,2022-12-01,lag_1,-0.0003841127462562,-0.0001712682837174087,-0.0003028655544652467,0.0017371341553689208
2022-11-01,2022-12-01,lag_2,0.0019319323696054,0.0,-0.0003028655544652467,0.0017371341553689208
2022-11-01,2022-12-01,lag_3,-0.0012524758296699,-9.828974219837027e-05,-0.0003028655544652467,0.0017371341553689208
2022-11-01,2022-12-01,lag_4,0.0020272849739724,-9.025706450769893e-05,-0.0003028655544652467,0.0017371341553689208
2022-11-01,2022-12-01,lag_5,-0.0031183386894699,-0.00012253597781606375,-0.0003028655544652467,0.0017371341553689208
2022-11-01,2022-12-01,lag_6,-0.0010504332153136,-0.00011769882494941294,-0.0003028655544652467,0.0017371341553689208
2022-11-01,2022-12-01,lag_7,0.0004861197143313,-0.00012122370297132458,-0.0003028655544652467,0.0017371341553689208
2022-11-01,2022-12-01,lag_8,0.0057795252893599,0.0,-0.0003028655544652467,0.0017371341553689208
2022-11-01,2022-12-01,lag_9,0.0061773799369513,-8.509500120853965e-05,-0.0003028655544652467,0.0017371341553689208
2022-11-01,2022-12-01,lag_10,-0.0038553890138945,-0.00012194404780485511,-0.0003028655544652467,0.0017371341553689208
2022-11-01,2022-12-01,lag_11,-0.0029071000130063,0.0,-0.0003028655544652467,0.0017371341553689208
2022-11-01,2022-12-01,volatility_3m,0.002439232919356406,-0.0007957734747097798,-0.0003028655544652467,0.0017371341553689208
2022-12-01,2023-01-01,lag_0,-0.011845400797525,-0.00041709220437367243,-4.278301470602206e-05,0.0016349945817442488
2022-12-01,2023-01-01,lag_1,-0.0029444934707285,-0.0001284304228155785,-4.278301470602206e-05,0.0016349945817442488
2022-12-01,2023-01-01,lag_2,-0.0003841127462562,-5.303594055465683e-05,-4.278301470602206e-05,0.0016349945817442488
2022-12-01,2023-01-01,lag_3,0.0019319323696054,0.0,-4.278301470602206e-05,0.0016349945817442488
2022-12-01,2023-01-01,lag_4,-0.0012524758296699,-0.00024214575938442536,-4.278301470602206e-05,0.0016349945817442488
2022-12-01,2023-01-01,lag_5,0.0020272849739724,0.0,-4.278301470602206e-05,0.0016349945817442488
2022-12-01,2023-01-01,lag_6,-0.0031183386894699,-9.476989165661873e-05,-4.278301470602206e-05,0.0016349945817442488
2022-12-01,2023-01-01,lag_7,-0.0010504332153136,-6.39885179695287e-05,-4.278301470602206e-05,0.0016349945817442488
2022-12-01,2023-01-01,lag_8,0.0004861197143313,-0.00013616668456746045,-4.278301470602206e-05,0.0016349945817442488
2022-12-01,2023-01-01,lag_9,0.0057795252893599,-9.001209030976878e-05,-4.278301470602206e-05,0.0016349945817442488
2022-12-01,2023-01-01,lag_10,0.0061773799369513,0.0,-4.278301470602206e-05,0.0016349945817442488
2022-12-01,2023-01-01,lag_11,-0.0038553890138945,0.0,-4.278301470602206e-05,0.0016349945817442488
2022-12-01,2023-01-01,volatility_3m,0.006015851622846454,-0.000452136084818561,-4.278301470602206e-05,0.0016349945817442488
2023-01-01,2023-02-01,lag_0,0.0073760242218297,0.0004872475264657734,0.0008354354445054135,0.0016976322900689057
2023-01-01,2023-02-01,lag_1,-0.011845400797525,-0.0005818030249085556,0.0008354354445054135,0.0016976322900689057
2023-01-01,2023-02-01,lag_2,-0.0029444934707285,-0.00020613661060476656,0.0008354354445054135,0.0016976322900689057
2023-01-01,2023-02-01,lag_3,-0.0003841127462562,0.0,0.0008354354445054135,0.0016976322900689057
2023-01-01,2023-02-01,lag_4,0.0019319323696054,0.0,0.0008354354445054135,0.0016976322900689057
2023-01-01,2023-02-01,lag_5,-0.0012524758296699,-0.00014805835084101242,0.0008354354445054135,0.0016976322900689057
2023-01-01,2023-02-01,lag_6,0.0020272849739724,0.0,0.0008354354445054135,0.0016976322900689057
2023-01-01,2023-02-01,lag_7,-0.0031183386894699,0.0,0.0008354354445054135,0.0016976322900689057
2023-01-01,2023-02-01,lag_8,-0.0010504332153136,-0.00028394694325652354,0.0008354354445054135,0.0016976322900689057
2023-01-01,2023-02-01,lag_9,0.0004861197143313,0.0,0.0008354354445054135,0.0016976322900689057
2023-01-01,2023-02-01,lag_10,0.0057795252893599,0.0,0.0008354354445054135,0.0016976322900689057
2023-01-01,2023-02-01,lag_11,0.0061773799369513,-0.0001294994424184075,0.0008354354445054135,0.0016976322900689057
2023-01-01,2023-02-01,volatility_3m,0.009619445726039358,0.0,0.0008354354445054135,0.0016976322900689057
2023-02-01,2023-03-01,lag_0,0.0013582135715868,0.0,0.0004685961564237994,0.0017012578955596703
2023-02-01,2023-03-01,lag_1,0.0073760242218297,0.0,0.0004685961564237994,0.0017012578955596703
2023-02-01,2023-03-01,lag_2,-0.011845400797525,-0.0004072967056420433,0.0004685961564237994,0.0017012578955596703
2023-02-01,2023-03-01,lag_3,-0.0029444934707285,-2.934722300280859e-05,0.0004685961564237994,0.0017012578955596703
2023-02-01,2023-03-01,lag_4,-0.0003841127462562,-0.00021539757469276675,0.0004685961564237994,0.0017012578955596703
2023-02-01,2023-03-01,lag_5,0.0019319323696054,0.0,0.0004685961564237994,0.0017012578955596703
2023-02-01,2023-03-01,lag_6,-0.0012524758296699,-8.443755132978288e-05,0.0004685961564237994,0.0017012578955596703
2023-02-01,2023-03-01,lag_7,0.0020272849739724,-0.00012827488688327518,0.0004685961564237994,0.0017012578955596703
2023-02-01,2023-03-01,lag_8,-0.0031183386894699,-0.00017473531721521633,0.0004685961564237994,0.0017012578955596703
2023-02-01,2023-03-01,lag_9,-0.0010504332153136,-0.0001562975986963693,0.0004685961564237994,0.0017012578955596703
2023-02-01,2023-03-01,lag_10,0.0004861197143313,0.0,0.0004685961564237994,0.0017012578955596703
2023-02-01,2023-03-01,lag_11,0.0057795252893599,-3.687488167360858e-05,0.0004685961564237994,0.0017012578955596703
2023-02-01,2023-03-01,volatility_3m,0.009832028081776646,0.0,0.0004685961564237994,0.0017012578955596703
2023-03-01,2023-04-01,lag_0,0.003757775465659,0.0,-0.0001137532937214034,0.0017213263926592608
2023-03-01,2023-04-01,lag_1,0.0013582135715868,-9.197885601622602e-05,-0.0001137532937214034,0.0017213263926592608
2023-03-01,2023-04-01,lag_2,0.0073760242218297,0.0,-0.0001137532937214034,0.0017213263926592608
2023-03-01,2023-04-01,lag_3,-0.011845400797525,-0.00037588132414293764,-0.0001137532937214034,0.0017213263926592608
2023-03-01,2023-04-01,lag_4,-0.0029444934707285,-0.0004510555145561477,-0.0001137532937214034,0.0017213263926592608
2023-03-01,2023-04-01,lag_5,-0.0003841127462562,0.0,-0.0001137532937214034,0.0017213263926592608
2023-03-01,2023-04-01,lag_6,0.0019319323696054,0.0,-0.0001137532937214034,0.0017213263926592608
2023-03-01,2023-04-01,lag_7,-0.0012524758296699,0.0,-0.0001137532937214034,0.0017213263926592608
2023-03-01,2023-04-01,lag_8,0.0020272849739724,0.0,-0.0001137532937214034,0.0017213263926592608
2023-03-01,2023-04-01,lag_9,-0.0031183386894699,-9.578419086112883e-05,-0.0001137532937214034,0.0017213263926592608
2023-03-01,2023-04-01,lag_10,-0.0010504332153136,-4.0845779454437605e-05,-0.0001137532937214034,0.0017213263926592608
2023-03-01,2023-04-01,lag_11,0.0004861197143313,-3.524896041633466e-05,-0.0001137532937214034,0.0017213263926592608
2023-03-01,2023-04-01,volatility_3m,0.003029402206354444,-0.0007442850609334517,-0.0001137532937214034,0.0017213263926592608
2023-04-01,2023-05-01,lag_0,0.0022988686347238,0.0,0.00013935518957753246,0.0017090257749509193
2023-04-01,2023-05-01,lag_1,0.003757775465659,-4.463016205917621e-05,0.00013935518957753246,0.0017090257749509193
2023-04-01,2023-05-01,lag_2,0.0013582135715868,0.0,0.00013935518957753246,0.0017090257749509193
2023-04-01,2023-05-01,lag_3,0.0073760242218297,0.0,0.00013935518957753246,0.0017090257749509193
2023-04-01,2023-05-01,lag_4,-0.011845400797525,-0.0004479274945244467,0.00013935518957753246,0.0017090257749509193
2023-04-01,2023-05-01,lag_5,-0.0029444934707285,-5.7530968253392096e-05,0.00013935518957753246,0.0017090257749509193
2023-04-01,2023-05-01,lag_6,-0.0003841127462562,-4.125602051586872e-05,0.00013935518957753246,0.0017090257749509193
2023-04-01,2023-05-01,lag_7,0.0019319323696054,-0.00012146079691051717,0.00013935518957753246,0.0017090257749509193
2023-04-01,2023-05-01,lag_8,-0.0012524758296699,-0.00020775180291947868,0.00013935518957753246,0.0017090257749509193
2023-04-01,2023-05-01,lag_9,0.0020272849739724,-7.591273880057871e-05,0.00013935518957753246,0.0017090257749509193
2023-04-01,2023-05-01,lag_10,-0.0031183386894699,-3.0304210313809865e-05,0.00013935518957753246,0.0017090257749509193
2023-04-01,2023-05-01,lag_11,-0.0010504332153136,-7.504039912518248e-05,0.00013935518957753246,0.0017090257749509193
2023-04-01,2023-05-01,volatility_3m,0.0012090725352267627,-0.00046785599195093636,0.00013935518957753246,0.0017090257749509193
2023-05-01,2023-06-01,lag_0,-0.0032089990224672,-0.0004290041648429,0.0004503189705480859,0.0016961691291544575
2023-05-01,2023-06-01,lag_1,0.0022988686347238,0.0,0.0004503189705480859,0.0016961691291544575
2023-05-01,2023-06-01,lag_2,0.003757775465659,0.0,0.0004503189705480859,0.0016961691291544575
2023-05-01,2023-06-01,lag_3,0.0013582135715868,0.0,0.0004503189705480859,0.0016961691291544575
2023-05-01,2023-06-01,lag_4,0.0073760242218297,0.0005519607696607876,0.0004503189705480859,0.0016961691291544575
2023-05-01,2023-06-01,lag_5,-0.011845400797525,-0.0001749502328653874,0.0004503189705480859,0.0016961691291544575
2023-05-01,2023-06-01,lag_6,-0.0029444934707285,-0.0002553743963036827,0.0004503189705480859,0.0016961691291544575
2023-05-01,2023-06-01,lag_7,-0.0003841127462562,0.0,0.0004503189705480859,0.0016961691291544575
2023-05-01,2023-06-01,lag_8,0.0019319323696054,0.0,0.0004503189705480859,0.0016961691291544575
2023-05-01,2023-06-01,lag_9,-0.0012524758296699,-0.00012578306524589004,0.0004503189705480859,0.0016961691291544575
2023-05-01,2023-06-01,lag_10,0.0020272849739724,0.0,0.0004503189705480859,0.0016961691291544575
2023-05-01,2023-06-01,lag_11,-0.0031183386894699,0.0,0.0004503189705480859,0.0016961691291544575
2023-05-01,2023-06-01,volatility_3m,0.0036742564335950144,-0.0008126990690092991,0.0004503189705480859,0.0016961691291544575
2023-06-01,2023-07-01,lag_0,-0.0080478648050226,-0.001891361992216111,-0.000646041119630457,0.0005390883822368732
2023-06-01,2023-07-01,lag_1,-0.0032089990224672,0.0,-0.000646041119630457,0.0005390883822368732
2023-06-01,2023-07-01,lag_2,0.0022988686347238,0.00019184611499244923,-0.000646041119630457,0.0005390883822368732
2023-06-01,2023-07-01,lag_3,0.003757775465659,0.0002670445170903835,-0.000646041119630457,0.0005390883822368732
2023-06-01,2023-07-01,lag_4,0.0013582135715868,0.0,-0.000646041119630457,0.0005390883822368732
2023-06-01,2023-07-01,lag_5,0.0073760242218297,0.0,-0.000646041119630457,0.0005390883822368732
2023-06-01,2023-07-01,lag_6,-0.011845400797525,0.00024734185826594805,-0.000646041119630457,0.0005390883822368732
2023-06-01,2023-07-01,lag_7,-0.0029444934707285,0.0,-0.000646041119630457,0.0005390883822368732
2023-06-01,2023-07-01,lag_8,-0.0003841127462562,0.0,-0.000646041119630457,0.0005390883822368732
2023-06-01,2023-07-01,lag_9,0.0019319323696054,0.0,-0.000646041119630457,0.0005390883822368732
2023-06-01,2023-07-01,lag_10,-0.0012524758296699,0.0,-0.000646041119630457,0.0005390883822368732
2023-06-01,2023-07-01,lag_11,0.0020272849739724,0.0,-0.000646041119630457,0.0005390883822368732
2023-06-01,2023-07-01,volatility_3m,0.0051769701735004964,0.0,-0.000646041119630457,0.0005390883822368732
2023-07-01,2023-08-01,lag_0,0.0078308561837765,0.0019762133394611438,0.0010138241059895296,0.0007368028545480629
2023-07-01,2023-08-01,lag_1,-0.0080478648050226,-0.0012995329374936237,0.0010138241059895296,0.0007368028545480629
2023-07-01,2023-08-01,lag_2,-0.0032089990224672,-0.0001865402766151452,0.0010138241059895296,0.0007368028545480629
2023-07-01,2023-08-01,lag_3,0.0022988686347238,0.0,0.0010138241059895296,0.0007368028545480629
2023-07-01,2023-08-01,lag_4,0.003757775465659,0.0,0.0010138241059895296,0.0007368028545480629
2023-07-01,2023-08-01,lag_5,0.0013582135715868,0.0,0.0010138241059895296,0.0007368028545480629
2023-07-01,2023-08-01,lag_6,0.0073760242218297,0.0,0.0010138241059895296,0.0007368028545480629
2023-07-01,2023-08-01,lag_7,-0.011845400797525,0.0,0.0010138241059895296,0.0007368028545480629
2023-07-01,2023-08-01,lag_8,-0.0029444934707285,-0.00021311887391090817,0.0010138241059895296,0.0007368028545480629
2023-07-01,2023-08-01,lag_9,-0.0003841127462562,0.0,0.0010138241059895296,0.0007368028545480629
2023-07-01,2023-08-01,lag_10,0.0019319323696054,0.0,0.0010138241059895296,0.0007368028545480629
2023-07-01,2023-08-01,lag_11,-0.0012524758296699,0.0,0.0010138241059895296,0.0007368028545480629
2023-07-01,2023-08-01,volatility_3m,0.008138660877529144,0.0,0.0010138241059895296,0.0007368028545480629
2023-08-01,2023-09-01,lag_0,-0.0006681669277961,-0.00019517930526795877,0.003015430714771807,0.000646335309706428
2023-08-01,2023-09-01,lag_1,0.0078308561837765,0.0016824795701525408,0.003015430714771807,0.000646335309706428
2023-08-01,2023-09-01,lag_2,-0.0080478648050226,-0.00048538429305402067,0.003015430714771807,0.000646335309706428
2023-08-01,2023-09-01,lag_3,-0.0032089990224672,-0.0002176454997191387,0.003015430714771807,0.000646335309706428
2023-08-01,2023-09-01,lag_4,0.0022988686347238,0.0,0.003015430714771807,0.000646335309706428
2023-08-01,2023-09-01,lag_5,0.003757775465659,0.000526031681197444,0.003015430714771807,0.000646335309706428
2023-08-01,2023-09-01,lag_6,0.0013582135715868,0.0,0.003015430714771807,0.000646335309706428
2023-08-01,2023-09-01,lag_7,0.0073760242218297,0.0,0.003015430714771807,0.000646335309706428
2023-08-01,2023-09-01,lag_8,-0.011845400797525,-0.00048269025675727844,0.003015430714771807,0.000646335309706428
2023-08-01,2023-09-01,lag_9,-0.0029444934707285,-0.0003516801277875082,0.003015430714771807,0.000646335309706428
2023-08-01,2023-09-01,lag_10,-0.0003841127462562,0.0,0.003015430714771807,0.000646335309706428
2023-08-01,2023-09-01,lag_11,0.0019319323696054,-0.00019275555056159173,0.003015430714771807,0.000646335309706428
2023-08-01,2023-09-01,volatility_3m,0.007945933077685251,0.0020859191868628905,0.003015430714771807,0.000646335309706428
2023-09-01,2023-10-01,lag_0,0.0018012453076874,0.00015579962537142365,0.0037127485315715594,0.001301593807789814
2023-09-01,2023-10-01,lag_1,-0.0006681669277961,0.0,0.0037127485315715594,0.001301593807789814
2023-09-01,2023-10-01,lag_2,0.0078308561837765,0.0017910192701742073,0.0037127485315715594,0.001301593807789814
2023-09-01,2023-10-01,lag_3,-0.0080478648050226,-0.00034170650930041754,0.0037127485315715594,0.001301593807789814
2023-09-01,2023-10-01,lag_4,-0.0032089990224672,0.0001488029519132062,0.0037127485315715594,0.001301593807789814
2023-09-01,2023-10-01,lag_5,0.0022988686347238,0.0,0.0037127485315715594,0.001301593807789814
2023-09-01,2023-10-01,lag_6,0.003757775465659,0.0,0.0037127485315715594,0.001301593807789814
2023-09-01,2023-10-01,lag_7,0.0013582135715868,0.0,0.0037127485315715594,0.001301593807789814
2023-09-01,2023-10-01,lag_8,0.0073760242218297,0.0009350665469879696,0.0037127485315715594,0.001301593807789814
2023-09-01,2023-10-01,lag_9,-0.011845400797525,0.0,0.0037127485315715594,0.001301593807789814
2023-09-01,2023-10-01,lag_10,-0.0029444934707285,0.00020587420138877858,0.0037127485315715594,0.001301593807789814
2023-09-01,2023-10-01,lag_11,-0.0003841127462562,0.0,0.0037127485315715594,0.001301593807789814
2023-09-01,2023-10-01,volatility_3m,0.0043720246636398865,-0.00048370136275342236,0.0037127485315715594,0.001301593807789814
2023-10-01,2023-11-01,lag_0,-0.0054811790410731,-0.0010070645043009955,0.0023836195018801173,0.0007811999194792758
2023-10-01,2023-11-01,lag_1,0.0018012453076874,0.0003729074473407635,0.0023836195018801173,0.0007811999194792758
2023-10-01,2023-11-01,lag_2,-0.0006681669277961,0.0,0.0023836195018801173,0.0007811999194792758
2023-10-01,2023-11-01,lag_3,0.0078308561837765,0.0005828131624690267,0.0023836195018801173,0.0007811999194792758
2023-10-01,2023-11-01,lag_4,-0.0080478648050226,0.0,0.0023836195018801173,0.0007811999194792758
2023-10-01,2023-11-01,lag_5,-0.0032089990224672,0.000310363036159511,0.0023836195018801173,0.0007811999194792758
2023-10-01,2023-11-01,lag_6,0.0022988686347238,0.0001924729076959656,0.0023836195018801173,0.0007811999194792758
2023-10-01,2023-11-01,lag_7,0.003757775465659,0.00030976971495314155,0.0023836195018801173,0.0007811999194792758
2023-10-01,2023-11-01,lag_8,0.0013582135715868,0.0,0.0023836195018801173,0.0007811999194792758
2023-10-01,2023-11-01,lag_9,0.0073760242218297,0.000978596610247133,0.0023836195018801173,0.0007811999194792758
2023-10-01,2023-11-01,lag_10,-0.011845400797525,-0.0005803775065758754,0.0023836195018801173,0.0007811999194792758
2023-10-01,2023-11-01,lag_11,-0.0029444934707285,0.0004429387144121709,0.0023836195018801173,0.0007811999194792758
2023-10-01,2023-11-01,volatility_3m,0.0037035295504587364,0.0,0.0023836195018801173,0.0007811999194792758
2023-11-01,2023-12-01,lag_0,0.0039238564884236,0.00044973367403759864,0.004092098881142949,0.0008773877128358909
2023-11-01,2023-12-01,lag_1,-0.0054811790410731,-0.001754932117991146,0.004092098881142949,0.0008773877128358909
2023-11-01,2023-12-01,lag_2,0.0018012453076874,0.00012258354424956932,0.004092098881142949,0.0008773877128358909
2023-11-01,2023-12-01,lag_3,-0.0006681669277961,0.0,0.004092098881142949,0.0008773877128358909
2023-11-01,2023-12-01,lag_4,0.0078308561837765,0.0003406199079199741,0.004092098881142949,0.0008773877128358909
2023-11-01,2023-12-01,lag_5,-0.0080478648050226,0.0014884472471232521,0.004092098881142949,0.0008773877128358909
2023-11-01,2023-12-01,lag_6,-0.0032089990224672,0.0,0.004092098881142949,0.0008773877128358909
2023-11-01,2023-12-01,lag_7,0.0022988686347238,0.0001679010208133239,0.004092098881142949,0.0008773877128358909
2023-11-01,2023-12-01,lag_8,0.003757775465659,0.00036720169271584665,0.004092098881142949,0.0008773877128358909
2023-11-01,2023-12-01,lag_9,0.0013582135715868,0.0001167035319246763,0.004092098881142949,0.0008773877128358909
2023-11-01,2023-12-01,lag_10,0.0073760242218297,0.0,0.004092098881142949,0.0008773877128358909
2023-11-01,2023-12-01,lag_11,-0.011845400797525,0.0011028662407707207,0.004092098881142949,0.0008773877128358909
2023-11-01,2023-12-01,volatility_3m,0.0049327794046747685,0.0008135864267432431,0.004092098881142949,0.0008773877128358909
2023-12-01,2024-01-01,lag_0,-0.0025890110606505,-0.000524153765723805,0.0005035785345516922,0.0005181431026190061
2023-12-01,2024-01-01,lag_1,0.0039238564884236,0.0005138437451976426,0.0005035785345516922,0.0005181431026190061
2023-12-01,2024-01-01,lag_2,-0.0054811790410731,-0.0010765715531895427,0.0005035785345516922,0.0005181431026190061
2023-12-01,2024-01-01,lag_3,0.0018012453076874,0.0,0.0005035785345516922,0.0005181431026190061
2023-12-01,2024-01-01,lag_4,-0.0006681669277961,0.0,0.0005035785345516922,0.0005181431026190061
2023-12-01,2024-01-01,lag_5,0.0078308561837765,0.0006102674625067486,0.0005035785345516922,0.0005181431026190061
2023-12-01,2024-01-01,lag_6,-0.0080478648050226,0.0004642862057808863,0.0005035785345516922,0.0005181431026190061
2023-12-01,2024-01-01,lag_7,-0.0032089990224672,0.0,0.0005035785345516922,0.0005181431026190061
2023-12-01,2024-01-01,lag_8,0.0022988686347238,0.0,0.0005035785345516922,0.0005181431026190061
2023-12-01,2024-01-01,lag_9,0.003757775465659,0.0008939767169538664,0.0005035785345516922,0.0005181431026190061
2023-12-01,2024-01-01,lag_10,0.0013582135715868,0.0,0.0005035785345516922,0.0005181431026190061
2023-12-01,2024-01-01,lag_11,0.0073760242218297,-0.00089621337959311,0.0005035785345516922,0.0005181431026190061
2023-12-01,2024-01-01,volatility_3m,0.00481727399832899,0.0,0.0005035785345516922,0.0005181431026190061
2024-01-01,2024-02-01,lag_0,-0.0138202848856545,-0.0031717031841464747,-0.003390670350353644,0.0011050827616904883
2024-01-01,2024-02-01,lag_1,-0.0025890110606505,-0.0003771887405941099,-0.003390670350353644,0.0011050827616904883
2024-01-01,2024-02-01,lag_2,0.0039238564884236,0.00043816008491354196,-0.003390670350353644,0.0011050827616904883
2024-01-01,2024-02-01,lag_3,-0.0054811790410731,-0.0006006033295955063,-0.003390670350353644,0.0011050827616904883
2024-01-01,2024-02-01,lag_4,0.0018012453076874,0.0,-0.003390670350353644,0.0011050827616904883
2024-01-01,2024-02-01,lag_5,-0.0006681669277961,0.0,-0.003390670350353644,0.0011050827616904883
2024-01-01,2024-02-01,lag_6,0.0078308561837765,-0.00044733213145905853,-0.003390670350353644,0.0011050827616904883
2024-01-01,2024-02-01,lag_7,-0.0080478648050226,0.0,-0.003390670350353644,0.0011050827616904883
2024-01-01,2024-02-01,lag_8,-0.0032089990224672,-0.0002469173944175917,-0.003390670350353644,0.0011050827616904883
2024-01-01,2024-02-01,lag_9,0.0022988686347238,0.0,-0.003390670350353644,0.0011050827616904883
2024-01-01,2024-02-01,lag_10,0.003757775465659,0.0,-0.003390670350353644,0.0011050827616904883
2024-01-01,2024-02-01,lag_11,0.0013582135715868,-9.016841674493355e-05,-0.003390670350353644,0.0011050827616904883
2024-01-01,2024-02-01,volatility_3m,0.0089760190558628,0.0,-0.003390670350353644,0.0011050827616904883
2024-02-01,2024-03-01,lag_0,0.0106533450234573,0.0032342698141538846,0.0036612913190258514,0.0015104506203278728
2024-02-01,2024-03-01,lag_1,-0.0138202848856545,-0.0019911725571007976,0.0036612913190258514,0.0015104506203278728
2024-02-01,2024-03-01,lag_2,-0.0025890110606505,-0.0005674339319598146,0.0036612913190258514,0.0015104506203278728
2024-02-01,2024-03-01,lag_3,0.0039238564884236,0.00034797175667466225,0.0036612913190258514,0.0015104506203278728
2024-02-01,2024-03-01,lag_4,-0.0054811790410731,0.0005231920945131426,0.0036612913190258514,0.0015104506203278728
2024-02-01,2024-03-01,lag_5,0.0018012453076874,0.0,0.0036612913190258514,0.0015104506203278728
2024-02-01,2024-03-01,lag_6,-0.0006681669277961,0.0005729788027133642,0.0036612913190258514,0.0015104506203278728
2024-02-01,2024-03-01,lag_7,0.0078308561837765,0.0,0.0036612913190258514,0.0015104506203278728
2024-02-01,2024-03-01,lag_8,-0.0080478648050226,-0.000655788497519839,0.0036612913190258514,0.0015104506203278728
2024-02-01,2024-03-01,lag_9,-0.0032089990224672,0.0,0.0036612913190258514,0.0015104506203278728
2024-02-01,2024-03-01,lag_10,0.0022988686347238,0.0,0.0036612913190258514,0.0015104506203278728
2024-02-01,2024-03-01,lag_11,0.003757775465659,-0.00040066141949632073,0.0036612913190258514,0.0015104506203278728
2024-02-01,2024-03-01,volatility_3m,0.01225057867557487,0.0010874846367196968,0.0036612913190258514,0.0015104506203278728
2024-03-01,2024-04-01,lag_0,0.0017186200476606,0.00013557772945546002,0.0026785758741192985,0.0012815266201410913
2024-03-01,2024-04-01,lag_1,0.0106533450234573,0.0012103787634572662,0.0026785758741192985,0.0012815266201410913
2024-03-01,2024-04-01,lag_2,-0.0138202848856545,-0.0017788450281722458,0.0026785758741192985,0.0012815266201410913
2024-03-01,2024-04-01,lag_3,-0.0025890110606505,0.0,0.0026785758741192985,0.0012815266201410913
2024-03-01,2024-04-01,lag_4,0.0039238564884236,0.00013991541729744205,0.0026785758741192985,0.0012815266201410913
2024-03-01,2024-04-01,lag_5,-0.0054811790410731,0.00034636714319869117,0.0026785758741192985,0.0012815266201410913
2024-03-01,2024-04-01,lag_6,0.0018012453076874,0.00021501240013267493,0.0026785758741192985,0.0012815266201410913
2024-03-01,2024-04-01,lag_7,-0.0006681669277961,0.00024331577644566264,0.0026785758741192985,0.0012815266201410913
2024-03-01,2024-04-01,lag_8,0.0078308561837765,0.000521498016243904,0.0026785758741192985,0.0012815266201410913
2024-03-01,2024-04-01,lag_9,-0.0080478648050226,-0.00137657701195727,0.0026785758741192985,0.0012815266201410913
2024-03-01,2024-04-01,lag_10,-0.0032089990224672,0.0,0.0026785758741192985,0.0012815266201410913
2024-03-01,2024-04-01,lag_11,0.0022988686347238,0.0,0.0026785758741192985,0.0012815266201410913
2024-03-01,2024-04-01,volatility_3m,0.012384435378381886,0.001740406047876622,0.0026785758741192985,0.0012815266201410913
2024-04-01,2024-05-01,lag_0,-0.0021335238777089,-0.0005661548221966183,0.0034554897427966497,0.0012455422151718782
2024-04-01,2024-05-01,lag_1,0.0017186200476606,0.0,0.0034554897427966497,0.0012455422151718782
2024-04-01,2024-05-01,lag_2,0.0106533450234573,0.0016851841413726587,0.0034554897427966497,0.0012455422151718782
2024-04-01,2024-05-01,lag_3,-0.0138202848856545,-0.0012257041738603799,0.0034554897427966497,0.0012455422151718782
2024-04-01,2024-05-01,lag_4,-0.0025890110606505,0.0,0.0034554897427966497,0.0012455422151718782
2024-04-01,2024-05-01,lag_5,0.0039238564884236,0.0,0.0034554897427966497,0.0012455422151718782
2024-04-01,2024-05-01,lag_6,-0.0054811790410731,0.00046196031349140756,0.0034554897427966497,0.0012455422151718782
2024-04-01,2024-05-01,lag_7,0.0018012453076874,0.0,0.0034554897427966497,0.0012455422151718782
2024-04-01,2024-05-01,lag_8,-0.0006681669277961,0.0,0.0034554897427966497,0.0012455422151718782
2024-04-01,2024-05-01,lag_9,0.0078308561837765,0.0006830767506186847,0.0034554897427966497,0.0012455422151718782
2024-04-01,2024-05-01,lag_10,-0.0080478648050226,-0.0003863097943901236,0.0034554897427966497,0.0012455422151718782
2024-04-01,2024-05-01,lag_11,-0.0032089990224672,0.0008583041309180697,0.0034554897427966497,0.0012455422151718782
2024-04-01,2024-05-01,volatility_3m,0.006559628286095916,0.0006995909816710723,0.0034554897427966497,0.0012455422151718782
2024-05-01,2024-06-01,lag_0,0.0061619317981485,0.0011076760909448484,0.005017964359686843,0.0014699306580856044
2024-05-01,2024-06-01,lag_1,-0.0021335238777089,3.7569682991276266e-05,0.005017964359686843,0.0014699306580856044
2024-05-01,2024-06-01,lag_2,0.0017186200476606,0.00019141844609493603,0.005017964359686843,0.0014699306580856044
2024-05-01,2024-06-01,lag_3,0.0106533450234573,0.0007391684966775342,0.005017964359686843,0.0014699306580856044
2024-05-01,2024-06-01,lag_4,-0.0138202848856545,0.0003066914970065851,0.005017964359686843,0.0014699306580856044
2024-05-01,2024-06-01,lag_5,-0.0025890110606505,0.0,0.005017964359686843,0.0014699306580856044
2024-05-01,2024-06-01,lag_6,0.0039238564884236,0.0,0.005017964359686843,0.0014699306580856044
2024-05-01,2024-06-01,lag_7,-0.0054811790410731,5.582897573331167e-05,0.005017964359686843,0.0014699306580856044
2024-05-01,2024-06-01,lag_8,0.0018012453076874,4.810097713352107e-05,0.005017964359686843,0.0014699306580856044
2024-05-01,2024-06-01,lag_9,-0.0006681669277961,0.0,0.005017964359686843,0.0014699306580856044
2024-05-01,2024-06-01,lag_10,0.0078308561837765,0.0003316774354561788,0.005017964359686843,0.0014699306580856044
2024-05-01,2024-06-01,lag_11,-0.0080478648050226,0.0007299020995630463,0.005017964359686843,0.0014699306580856044
2024-05-01,2024-06-01,volatility_3m,0.004151237104845971,0.0,0.005017964359686843,0.0014699306580856044
2024-06-01,2024-07-01,lag_0,0.0003073003687008,-7.506238893772555e-05,0.00047586521727413733,0.0017651404618063613
2024-06-01,2024-07-01,lag_1,0.0061619317981485,0.0,0.00047586521727413733,0.0017651404618063613
2024-06-01,2024-07-01,lag_2,-0.0021335238777089,-0.0001777683477631871,0.00047586521727413733,0.0017651404618063613
2024-06-01,2024-07-01,lag_3,0.0017186200476606,-3.7163161063968155e-05,0.00047586521727413733,0.0017651404618063613
2024-06-01,2024-07-01,lag_4,0.0106533450234573,-0.00013793692055369958,0.00047586521727413733,0.0017651404618063613
2024-06-01,2024-07-01,lag_5,-0.0138202848856545,-0.00035186864651565706,0.00047586521727413733,0.0017651404618063613
2024-06-01,2024-07-01,lag_6,-0.0025890110606505,-0.00024877367218289803,0.00047586521727413733,0.0017651404618063613
2024-06-01,2024-07-01,lag_7,0.0039238564884236,-3.531156071628341e-05,0.00047586521727413733,0.0017651404618063613
2024-06-01,2024-07-01,lag_8,-0.0054811790410731,0.0,0.00047586521727413733,0.0017651404618063613
2024-06-01,2024-07-01,lag_9,0.0018012453076874,0.0,0.00047586521727413733,0.0017651404618063613
2024-06-01,2024-07-01,lag_10,-0.0006681669277961,0.0,0.00047586521727413733,0.0017651404618063613
2024-06-01,2024-07-01,lag_11,0.0078308561837765,-7.258733336835033e-05,0.00047586521727413733,0.0017651404618063613
2024-06-01,2024-07-01,volatility_3m,0.004263193580847052,-0.0001528032134304547,0.00047586521727413733,0.0017651404618063613
2024-07-01,2024-08-01,lag_0,-0.0091433043160034,-0.0004487169141203309,0.000452082358494275,0.0017463093784082645
2024-07-01,2024-08-01,lag_1,0.0003073003687008,0.0,0.000452082358494275,0.0017463093784082645
2024-07-01,2024-08-01,lag_2,0.0061619317981485,0.0,0.000452082358494275,0.0017463093784082645
2024-07-01,2024-08-01,lag_3,-0.0021335238777089,0.0,0.000452082358494275,0.0017463093784082645
2024-07-01,2024-08-01,lag_4,0.0017186200476606,0.0,0.000452082358494275,0.0017463093784082645
2024-07-01,2024-08-01,lag_5,0.0106533450234573,0.0,0.000452082358494275,0.0017463093784082645
2024-07-01,2024-08-01,lag_6,-0.0138202848856545,-0.0008455101057936586,0.000452082358494275,0.0017463093784082645
2024-07-01,2024-08-01,lag_7,-0.0025890110606505,0.0,0.000452082358494275,0.0017463093784082645
2024-07-01,2024-08-01,lag_8,0.0039238564884236,0.0,0.000452082358494275,0.0017463093784082645
2024-07-01,2024-08-01,lag_9,-0.0054811790410731,0.0,0.000452082358494275,0.0017463093784082645
2024-07-01,2024-08-01,lag_10,0.0018012453076874,0.0,0.000452082358494275,0.0017463093784082645
2024-07-01,2024-08-01,lag_11,-0.0006681669277961,0.0,0.000452082358494275,0.0017463093784082645
2024-07-01,2024-08-01,volatility_3m,0.007722703440626318,0.0,0.000452082358494275,0.0017463093784082645
2024-08-01,2024-09-01,lag_0,0.0045427723719839,0.00024306019988749533,0.003164564571986166,0.0017469583683289358
2024-08-01,2024-09-01,lag_1,-0.0091433043160034,-0.0004375702301298041,0.003164564571986166,0.0017469583683289358
2024-08-01,2024-09-01,lag_2,0.0003073003687008,0.0,0.003164564571986166,0.0017469583683289358
2024-08-01,2024-09-01,lag_3,0.0061619317981485,0.0,0.003164564571986166,0.0017469583683289358
2024-08-01,2024-09-01,lag_4,-0.0021335238777089,0.0,0.003164564571986166,0.0017469583683289358
2024-08-01,2024-09-01,lag_5,0.0017186200476606,0.0,0.003164564571986166,0.0017469583683289358
2024-08-01,2024-09-01,lag_6,0.0106533450234573,0.0008841506038166562,0.003164564571986166,0.0017469583683289358
2024-08-01,2024-09-01,lag_7,-0.0138202848856545,0.00043691103954601924,0.003164564571986166,0.0017469583683289358
2024-08-01,2024-09-01,lag_8,-0.0025890110606505,0.000146965383356705,0.003164564571986166,0.0017469583683289358
2024-08-01,2024-09-01,lag_9,0.0039238564884236,0.0,0.003164564571986166,0.0017469583683289358
2024-08-01,2024-09-01,lag_10,-0.0054811790410731,0.00014408920718015836,0.003164564571986166,0.0017469583683289358
2024-08-01,2024-09-01,lag_11,0.0018012453076874,0.0,0.003164564571986166,0.0017469583683289358
2024-08-01,2024-09-01,volatility_3m,0.007006685463501,0.0,0.003164564571986166,0.0017469583683289358
2024-09-01,2024-10-01,lag_0,-0.0062175807186557,-0.0005443804544381096,0.0005484647729972642,0.001756617450984449
2024-09-01,2024-10-01,lag_1,0.0045427723719839,0.0,0.0005484647729972642,0.001756617450984449
2024-09-01,2024-10-01,lag_2,-0.0091433043160034,-0.0007616132757361482,0.0005484647729972642,0.001756617450984449
2024-09-01,2024-10-01,lag_3,0.0003073003687008,0.0,0.0005484647729972642,0.001756617450984449
2024-09-01,2024-10-01,lag_4,0.0061619317981485,-0.00012422390262722575,0.0005484647729972642,0.001756617450984449
2024-09-01,2024-10-01,lag_5,-0.0021335238777089,-0.00011989726864776776,0.0005484647729972642,0.001756617450984449
2024-09-01,2024-10-01,lag_6,0.0017186200476606,0.0,0.0005484647729972642,0.001756617450984449
2024-09-01,2024-10-01,lag_7,0.0106533450234573,-0.00026260723098957354,0.0005484647729972642,0.001756617450984449
2024-09-01,2024-10-01,lag_8,-0.0138202848856545,0.0006045694544516402,0.0005484647729972642,0.001756617450984449
2024-09-01,2024-10-01,lag_9,-0.0025890110606505,0.0,0.0005484647729972642,0.001756617450984449
2024-09-01,2024-10-01,lag_10,0.0039238564884236,0.0,0.0005484647729972642,0.001756617450984449
2024-09-01,2024-10-01,lag_11,-0.0054811790410731,0.0,0.0005484647729972642,0.001756617450984449
2024-09-01,2024-10-01,volatility_3m,0.007207100113924507,0.0,0.0005484647729972642,0.001756617450984449
2024-10-01,2024-11-01,lag_0,-0.0034012836016454,-0.0002771777969611952,0.0011116179431830278,0.0017530179205130503
2024-10-01,2024-11-01,lag_1,-0.0062175807186557,-0.00013272294502169018,0.0011116179431830278,0.0017530179205130503
2024-10-01,2024-11-01,lag_2,0.0045427723719839,0.0,0.0011116179431830278,0.0017530179205130503
2024-10-01,2024-11-01,lag_3,-0.0091433043160034,0.0005182587526856107,0.0011116179431830278,0.0017530179205130503
2024-10-01,2024-11-01,lag_4,0.0003073003687008,0.0,0.0011116179431830278,0.0017530179205130503
2024-10-01,2024-11-01,lag_5,0.0061619317981485,0.0,0.0011116179431830278,0.0017530179205130503
2024-10-01,2024-11-01,lag_6,-0.0021335238777089,-0.00022533975826298554,0.0011116179431830278,0.0017530179205130503
2024-10-01,2024-11-01,lag_7,0.0017186200476606,0.0,0.0011116179431830278,0.0017530179205130503
2024-10-01,2024-11-01,lag_8,0.0106533450234573,-0.0005244182297697623,0.0011116179431830278,0.0017530179205130503
2024-10-01,2024-11-01,lag_9,-0.0138202848856545,0.0,0.0011116179431830278,0.0017530179205130503
2024-10-01,2024-11-01,lag_10,-0.0025890110606505,0.0,0.0011116179431830278,0.0017530179205130503
2024-10-01,2024-11-01,lag_11,0.0039238564884236,0.0,0.0011116179431830278,0.0017530179205130503
2024-10-01,2024-11-01,volatility_3m,0.005580094882686033,0.0,0.0011116179431830278,0.0017530179205130503
2024-11-01,2024-12-01,lag_0,-0.0017810250127059,-0.00019628710889581222,0.000841236759346498,0.001735104722485494
2024-11-01,2024-12-01,lag_1,-0.0034012836016454,0.0,0.000841236759346498,0.001735104722485494
2024-11-01,2024-12-01,lag_2,-0.0062175807186557,-0.000540794108124581,0.000841236759346498,0.001735104722485494
2024-11-01,2024-12-01,lag_3,0.0045427723719839,-0.00013369581461063475,0.000841236759346498,0.001735104722485494
2024-11-01,2024-12-01,lag_4,-0.0091433043160034,0.0,0.000841236759346498,0.001735104722485494
2024-11-01,2024-12-01,lag_5,0.0003073003687008,0.0,0.000841236759346498,0.001735104722485494
2024-11-01,2024-12-01,lag_6,0.0061619317981485,0.0,0.000841236759346498,0.001735104722485494
2024-11-01,2024-12-01,lag_7,-0.0021335238777089,0.0,0.000841236759346498,0.001735104722485494
2024-11-01,2024-12-01,lag_8,0.0017186200476606,0.0,0.000841236759346498,0.001735104722485494
2024-11-01,2024-12-01,lag_9,0.0106533450234573,-0.00012481962664953603,0.000841236759346498,0.001735104722485494
2024-11-01,2024-12-01,lag_10,-0.0138202848856545,0.0004102422841141711,0.000841236759346498,0.001735104722485494
2024-11-01,2024-12-01,lag_11,-0.0025890110606505,0.0,0.000841236759346498,0.001735104722485494
2024-11-01,2024-12-01,volatility_3m,0.0022449867808930963,-0.0003085135889726033,0.000841236759346498,0.001735104722485494
2024-12-01,2025-01-01,lag_0,0.0103678018845609,0.0006592965147107249,0.001649839190529695,0.0017319478420186846
2024-12-01,2025-01-01,lag_1,-0.0017810250127059,0.0,0.001649839190529695,0.0017319478420186846
2024-12-01,2025-01-01,lag_2,-0.0034012836016454,-0.00043674002100217935,0.001649839190529695,0.0017319478420186846
2024-12-01,2025-01-01,lag_3,-0.0062175807186557,0.0002690808284314198,0.001649839190529695,0.0017319478420186846
2024-12-01,2025-01-01,lag_4,0.0045427723719839,0.0,0.001649839190529695,0.0017319478420186846
2024-12-01,2025-01-01,lag_5,-0.0091433043160034,-0.00047610304205256967,0.001649839190529695,0.0017319478420186846
2024-12-01,2025-01-01,lag_6,0.0003073003687008,0.0,0.001649839190529695,0.0017319478420186846
2024-12-01,2025-01-01,lag_7,0.0061619317981485,0.0,0.001649839190529695,0.0017319478420186846
2024-12-01,2025-01-01,lag_8,-0.0021335238777089,0.0,0.001649839190529695,0.0017319478420186846
2024-12-01,2025-01-01,lag_9,0.0017186200476606,0.0,0.001649839190529695,0.0017319478420186846
2024-12-01,2025-01-01,lag_10,0.0106533450234573,-0.0003591832540673925,0.001649839190529695,0.0017319478420186846
2024-12-01,2025-01-01,lag_11,-0.0138202848856545,0.0002615403224910073,0.001649839190529695,0.0017319478420186846
2024-12-01,2025-01-01,volatility_3m,0.007525589102092964,0.0,0.001649839190529695,0.0017319478420186846
2025-01-01,2025-02-01,lag_0,-0.0026208646085175,-0.00020641885252867942,0.0004596747965348537,0.0017311586403719725
2025-01-01,2025-02-01,lag_1,0.0103678018845609,0.0,0.0004596747965348537,0.0017311586403719725
2025-01-01,2025-02-01,lag_2,-0.0017810250127059,-0.00013066871820848738,0.0004596747965348537,0.0017311586403719725
2025-01-01,2025-02-01,lag_3,-0.0034012836016454,0.0,0.0004596747965348537,0.0017311586403719725
2025-01-01,2025-02-01,lag_4,-0.0062175807186557,0.0,0.0004596747965348537,0.0017311586403719725
2025-01-01,2025-02-01,lag_5,0.0045427723719839,0.0,0.0004596747965348537,0.0017311586403719725
2025-01-01,2025-02-01,lag_6,-0.0091433043160034,-0.0006641993383732814,0.0004596747965348537,0.0017311586403719725
2025-01-01,2025-02-01,lag_7,0.0003073003687008,0.0,0.0004596747965348537,0.0017311586403719725
2025-01-01,2025-02-01,lag_8,0.0061619317981485,-0.00019459949386435612,0.0004596747965348537,0.0017311586403719725
2025-01-01,2025-02-01,lag_9,-0.0021335238777089,0.0,0.0004596747965348537,0.0017311586403719725
2025-01-01,2025-02-01,lag_10,0.0017186200476606,0.0,0.0004596747965348537,0.0017311586403719725
2025-01-01,2025-02-01,lag_11,0.0106533450234573,-7.559744086231448e-05,0.0004596747965348537,0.0017311586403719725
2025-01-01,2025-02-01,volatility_3m,0.0072687089958128484,0.0,0.0004596747965348537,0.0017311586403719725
2025-02-01,2025-03-01,lag_0,0.0102862253908435,0.0007543858346444288,0.0039425556159079075,0.0017435873795933947
2025-02-01,2025-03-01,lag_1,-0.0026208646085175,0.0,0.0039425556159079075,0.0017435873795933947
2025-02-01,2025-03-01,lag_2,0.0103678018845609,0.0008631914130491166,0.0039425556159079075,0.0017435873795933947
2025-02-01,2025-03-01,lag_3,-0.0017810250127059,3.313432931691812e-05,0.0039425556159079075,0.0017435873795933947
2025-02-01,2025-03-01,lag_4,-0.0034012836016454,4.0822087148378733e-05,0.0039425556159079075,0.0017435873795933947
2025-02-01,2025-03-01,lag_5,-0.0062175807186557,0.0,0.0039425556159079075,0.0017435873795933947
2025-02-01,2025-03-01,lag_6,0.0045427723719839,0.00023582664687566763,0.0039425556159079075,0.0017435873795933947
2025-02-01,2025-03-01,lag_7,-0.0091433043160034,0.0002716079252800032,0.0039425556159079075,0.0017435873795933947
2025-02-01,2025-03-01,lag_8,0.0003073003687008,0.0,0.0039425556159079075,0.0017435873795933947
2025-02-01,2025-03-01,lag_9,0.0061619317981485,0.0,0.0039425556159079075,0.0017435873795933947
2025-02-01,2025-03-01,lag_10,-0.0021335238777089,0.0,0.0039425556159079075,0.0017435873795933947
2025-02-01,2025-03-01,lag_11,0.0017186200476606,0.0,0.0039425556159079075,0.0017435873795933947
2025-02-01,2025-03-01,volatility_3m,0.007475572266214245,0.0,0.0039425556159079075,0.0017435873795933947
2025-03-01,2025-04-01,lag_0,-0.0005827653020853,-9.494274042841385e-05,0.0004963662036042315,0.0017606809860181264
2025-03-01,2025-04-01,lag_1,0.0102862253908435,0.0,0.0004963662036042315,0.0017606809860181264
2025-03-01,2025-04-01,lag_2,-0.0026208646085175,-0.00020722880131382828,0.0004963662036042315,0.0017606809860181264
2025-03-01,2025-04-01,lag_3,0.0103678018845609,-0.00031879908358902436,0.0004963662036042315,0.0017606809860181264
2025-03-01,2025-04-01,lag_4,-0.0017810250127059,0.0,0.0004963662036042315,0.0017606809860181264
2025-03-01,2025-04-01,lag_5,-0.0034012836016454,-8.118062279021377e-05,0.0004963662036042315,0.0017606809860181264
2025-03-01,2025-04-01,lag_6,-0.0062175807186557,-0.0005104716371083853,0.0004963662036042315,0.0017606809860181264
2025-03-01,2025-04-01,lag_7,0.0045427723719839,0.0,0.0004963662036042315,0.0017606809860181264
2025-03-01,2025-04-01,lag_8,-0.0091433043160034,0.0,0.0004963662036042315,0.0017606809860181264
2025-03-01,2025-04-01,lag_9,0.0003073003687008,0.0,0.0004963662036042315,0.0017606809860181264
2025-03-01,2025-04-01,lag_10,0.0061619317981485,-5.1691897184029086e-05,0.0004963662036042315,0.0017606809860181264
2025-03-01,2025-04-01,lag_11,-0.0021335238777089,0.0,0.0004963662036042315,0.0017606809860181264
2025-03-01,2025-04-01,volatility_3m,0.006938801285974605,0.0,0.0004963662036042315,0.0017606809860181264
2025-04-01,2025-05-01,lag_0,0.0008656154843622,0.0,0.0016734316340873833,0.001755276302120689
2025-04-01,2025-05-01,lag_1,-0.0005827653020853,0.0,0.0016734316340873833,0.001755276302120689
2025-04-01,2025-05-01,lag_2,0.0102862253908435,0.0007811102492842973,0.0016734316340873833,0.001755276302120689
2025-04-01,2025-05-01,lag_3,-0.0026208646085175,0.0,0.0016734316340873833,0.001755276302120689
2025-04-01,2025-05-01,lag_4,0.0103678018845609,-0.00022124660417972147,0.0016734316340873833,0.001755276302120689
2025-04-01,2025-05-01,lag_5,-0.0017810250127059,0.0,0.0016734316340873833,0.001755276302120689
2025-04-01,2025-05-01,lag_6,-0.0034012836016454,-0.00041071978859639487,0.0016734316340873833,0.001755276302120689
2025-04-01,2025-05-01,lag_7,-0.0062175807186557,0.0,0.0016734316340873833,0.001755276302120689
2025-04-01,2025-05-01,lag_8,0.0045427723719839,-0.0002309885245414867,0.0016734316340873833,0.001755276302120689
2025-04-01,2025-05-01,lag_9,-0.0091433043160034,0.0,0.0016734316340873833,0.001755276302120689
2025-04-01,2025-05-01,lag_10,0.0003073003687008,0.0,0.0016734316340873833,0.001755276302120689
2025-04-01,2025-05-01,lag_11,0.0061619317981485,0.0,0.0016734316340873833,0.001755276302120689
2025-04-01,2025-05-01,volatility_3m,0.005901703943150893,0.0,0.0016734316340873833,0.001755276302120689
2025-05-01,2025-06-01,lag_0,-0.0016071780172621,-0.00021513815383891413,0.0012433811067853154,0.0017430919349448472
2025-05-01,2025-06-01,lag_1,0.0008656154843622,0.0,0.0012433811067853154,0.0017430919349448472
2025-05-01,2025-06-01,lag_2,-0.0005827653020853,0.0,0.0012433811067853154,0.0017430919349448472
2025-05-01,2025-06-01,lag_3,0.0102862253908435,-0.0004084490544469024,0.0012433811067853154,0.0017430919349448472
2025-05-01,2025-06-01,lag_4,-0.0026208646085175,0.0,0.0012433811067853154,0.0017430919349448472
2025-05-01,2025-06-01,lag_5,0.0103678018845609,0.00040499338322970137,0.0012433811067853154,0.0017430919349448472
2025-05-01,2025-06-01,lag_6,-0.0017810250127059,-0.0002651136670316455,0.0012433811067853154,0.0017430919349448472
2025-05-01,2025-06-01,lag_7,-0.0034012836016454,0.0,0.0012433811067853154,0.0017430919349448472
2025-05-01,2025-06-01,lag_8,-0.0062175807186557,0.00040235616716871586,0.0012433811067853154,0.0017430919349448472
2025-05-01,2025-06-01,lag_9,0.0045427723719839,0.0,0.0012433811067853154,0.0017430919349448472
2025-05-01,2025-06-01,lag_10,-0.0091433043160034,0.0,0.0012433811067853154,0.0017430919349448472
2025-05-01,2025-06-01,lag_11,0.0003073003687008,0.0,0.0012433811067853154,0.0017430919349448472
2025-05-01,2025-06-01,volatility_3m,0.0012424395367744293,-0.0004183595032404872,0.0012433811067853154,0.0017430919349448472
2025-06-01,2025-07-01,lag_0,0.0050680790544692,0.0005161832311641026,0.0018787758225414543,0.001857444262409767
2025-06-01,2025-07-01,lag_1,-0.0016071780172621,0.0,0.0018787758225414543,0.001857444262409767
2025-06-01,2025-07-01,lag_2,0.0008656154843622,0.0,0.0018787758225414543,0.001857444262409767
2025-06-01,2025-07-01,lag_3,-0.0005827653020853,0.0,0.0018787758225414543,0.001857444262409767
2025-06-01,2025-07-01,lag_4,0.0102862253908435,0.00025681824980214584,0.0018787758225414543,0.001857444262409767
2025-06-01,2025-07-01,lag_5,-0.0026208646085175,0.0,0.0018787758225414543,0.001857444262409767
2025-06-01,2025-07-01,lag_6,0.0103678018845609,0.0,0.0018787758225414543,0.001857444262409767
2025-06-01,2025-07-01,lag_7,-0.0017810250127059,0.0,0.0018787758225414543,0.001857444262409767
2025-06-01,2025-07-01,lag_8,-0.0034012836016454,-0.0003854155220254407,0.0018787758225414543,0.001857444262409767
2025-06-01,2025-07-01,lag_9,-0.0062175807186557,0.0,0.0018787758225414543,0.001857444262409767
2025-06-01,2025-07-01,lag_10,0.0045427723719839,0.0,0.0018787758225414543,0.001857444262409767
2025-06-01,2025-07-01,lag_11,-0.0091433043160034,0.0005992352994872724,0.0018787758225414543,0.001857444262409767
2025-06-01,2025-07-01,volatility_3m,0.003374770726371659,-0.000965489698296393,0.0018787758225414543,0.001857444262409767
2025-07-01,2025-08-01,lag_0,0.0038878389663921,0.0001676922485776694,0.0017802347054102167,0.0014558949130251781
2025-07-01,2025-08-01,lag_1,0.0050680790544692,9.08024545567438e-05,0.0017802347054102167,0.0014558949130251781
2025-07-01,2025-08-01,lag_2,-0.0016071780172621,0.0,0.0017802347054102167,0.0014558949130251781
2025-07-01,2025-08-01,lag_3,0.0008656154843622,0.0,0.0017802347054102167,0.0014558949130251781
2025-07-01,2025-08-01,lag_4,-0.0005827653020853,0.0,0.0017802347054102167,0.0014558949130251781
2025-07-01,2025-08-01,lag_5,0.0102862253908435,6.584508925062537e-05,0.0017802347054102167,0.0014558949130251781
2025-07-01,2025-08-01,lag_6,-0.0026208646085175,0.0,0.0017802347054102167,0.0014558949130251781
2025-07-01,2025-08-01,lag_7,0.0103678018845609,0.0,0.0017802347054102167,0.0014558949130251781
2025-07-01,2025-08-01,lag_8,-0.0017810250127059,0.0,0.0017802347054102167,0.0014558949130251781
2025-07-01,2025-08-01,lag_9,-0.0034012836016454,0.0,0.0017802347054102167,0.0014558949130251781
2025-07-01,2025-08-01,lag_10,-0.0062175807186557,0.0,0.0017802347054102167,0.0014558949130251781
2025-07-01,2025-08-01,lag_11,0.0045427723719839,0.0,0.0017802347054102167,0.0014558949130251781
2025-07-01,2025-08-01,volatility_3m,0.003562471878014175,0.0,0.0017802347054102167,0.0014558949130251781
2025-08-01,2025-09-01,lag_0,-0.0026725565936223,-0.0003674527006900899,0.0018274763199230583,0.0012714130365264974
2025-08-01,2025-09-01,lag_1,0.0038878389663921,0.00017066912128967096,0.0018274763199230583,0.0012714130365264974
2025-08-01,2025-09-01,lag_2,0.0050680790544692,0.00014134549248565178,0.0018274763199230583,0.0012714130365264974
2025-08-01,2025-09-01,lag_3,-0.0016071780172621,0.0,0.0018274763199230583,0.0012714130365264974
2025-08-01,2025-09-01,lag_4,0.0008656154843622,0.0,0.0018274763199230583,0.0012714130365264974
2025-08-01,2025-09-01,lag_5,-0.0005827653020853,0.0,0.0018274763199230583,0.0012714130365264974
2025-08-01,2025-09-01,lag_6,0.0102862253908435,0.00012847849838266759,0.0018274763199230583,0.0012714130365264974
2025-08-01,2025-09-01,lag_7,-0.0026208646085175,0.0,0.0018274763199230583,0.0012714130365264974
2025-08-01,2025-09-01,lag_8,0.0103678018845609,0.0003589825535135054,0.0018274763199230583,0.0012714130365264974
2025-08-01,2025-09-01,lag_9,-0.0017810250127059,0.0,0.0018274763199230583,0.0012714130365264974
2025-08-01,2025-09-01,lag_10,-0.0034012836016454,0.0,0.0018274763199230583,0.0012714130365264974
2025-08-01,2025-09-01,lag_11,-0.0062175807186557,0.0,0.0018274763199230583,0.0012714130365264974
2025-08-01,2025-09-01,volatility_3m,0.004170315671622189,0.00012404031841515499,0.0018274763199230583,0.0012714130365264974
