origin_date,forecast_date,feature,feature_value,shap_value,prediction,base_value
1976-06-01,1976-07-01,lag_0,0.0010263728636865,-0.000167657660905527,0.0013795756194675756,[0.00105037]
1976-06-01,1976-07-01,lag_1,0.0042418145250855,0.00010615779717139893,0.0013795756194675756,[0.00105037]
1976-06-01,1976-07-01,lag_2,0.0049490355971983,0.00024283695472266962,0.0013795756194675756,[0.00105037]
1976-06-01,1976-07-01,lag_3,0.002160118714749,1.4138817149436496e-05,0.0013795756194675756,[0.00105037]
1976-06-01,1976-07-01,lag_4,0.0097589294368396,0.0,0.0013795756194675756,[0.00105037]
1976-06-01,1976-07-01,lag_5,0.0131037213318072,0.0,0.0013795756194675756,[0.00105037]
1976-06-01,1976-07-01,lag_6,0.0135618859783548,0.0,0.0013795756194675756,[0.00105037]
1976-06-01,1976-07-01,lag_7,0.00134316107532,-0.0,0.0013795756194675756,[0.00105037]
1976-06-01,1976-07-01,lag_8,0.0043885842792676,1.058060034361194e-05,0.0013795756194675756,[0.00105037]
1976-06-01,1976-07-01,lag_9,0.0128274143058635,0.0,0.0013795756194675756,[0.00105037]
1976-06-01,1976-07-01,lag_10,0.0097899049851579,0.0,0.0013795756194675756,[0.00105037]
1976-06-01,1976-07-01,lag_11,0.0104277982971066,-5.040421223622058e-05,0.0013795756194675756,[0.00105037]
1976-06-01,1976-07-01,volatility_3m,0.0020907139786678543,0.0001735492536554779,0.0013795756194675756,[0.00105037]
1976-07-01,1976-08-01,lag_0,0.0056794493189409,0.001210129613383027,0.002730196344513541,[0.00107715]
1976-07-01,1976-08-01,lag_1,0.0010263728636865,-3.117994763197762e-05,0.002730196344513541,[0.00107715]
1976-07-01,1976-08-01,lag_2,0.0042418145250855,0.0001828010807477323,0.002730196344513541,[0.00107715]
1976-07-01,1976-08-01,lag_3,0.0049490355971983,0.00011356981340019531,0.002730196344513541,[0.00107715]
1976-07-01,1976-08-01,lag_4,0.002160118714749,0.0,0.002730196344513541,[0.00107715]
1976-07-01,1976-08-01,lag_5,0.0097589294368396,0.0,0.002730196344513541,[0.00107715]
1976-07-01,1976-08-01,lag_6,0.0131037213318072,0.0,0.002730196344513541,[0.00107715]
1976-07-01,1976-08-01,lag_7,0.0135618859783548,0.0,0.002730196344513541,[0.00107715]
1976-07-01,1976-08-01,lag_8,0.00134316107532,-6.309747819788114e-07,0.002730196344513541,[0.00107715]
1976-07-01,1976-08-01,lag_9,0.0043885842792676,0.0,0.002730196344513541,[0.00107715]
1976-07-01,1976-08-01,lag_10,0.0128274143058635,0.0,0.002730196344513541,[0.00107715]
1976-07-01,1976-08-01,lag_11,0.0097899049851579,0.0,0.002730196344513541,[0.00107715]
1976-07-01,1976-08-01,volatility_3m,0.002382469985008796,0.0001783614679483988,0.002730196344513541,[0.00107715]
1976-08-01,1976-09-01,lag_0,0.006854351585718,0.0015451616198106331,0.003219133147166496,[0.00110106]
1976-08-01,1976-09-01,lag_1,0.0056794493189409,0.00020168478635613265,0.003219133147166496,[0.00110106]
1976-08-01,1976-09-01,lag_2,0.0010263728636865,-4.4071144623538804e-05,0.003219133147166496,[0.00110106]
1976-08-01,1976-09-01,lag_3,0.0042418145250855,7.784557831220411e-05,0.003219133147166496,[0.00110106]
1976-08-01,1976-09-01,lag_4,0.0049490355971983,0.0,0.003219133147166496,[0.00110106]
1976-08-01,1976-09-01,lag_5,0.002160118714749,0.0,0.003219133147166496,[0.00110106]
1976-08-01,1976-09-01,lag_6,0.0097589294368396,0.0,0.003219133147166496,[0.00110106]
1976-08-01,1976-09-01,lag_7,0.0131037213318072,0.0,0.003219133147166496,[0.00110106]
1976-08-01,1976-09-01,lag_8,0.0135618859783548,0.00014494111135453648,0.003219133147166496,[0.00110106]
1976-08-01,1976-09-01,lag_9,0.00134316107532,-0.0,0.003219133147166496,[0.00110106]
1976-08-01,1976-09-01,lag_10,0.0043885842792676,0.0,0.003219133147166496,[0.00110106]
1976-08-01,1976-09-01,lag_11,0.0128274143058635,0.0,0.003219133147166496,[0.00110106]
1976-08-01,1976-09-01,volatility_3m,0.0030821218832532875,0.00019251345824167427,0.003219133147166496,[0.00110106]
1976-09-01,1976-10-01,lag_0,0.0034510513529513,0.0005379224234456243,0.00257021450796933,[0.00116239]
1976-09-01,1976-10-01,lag_1,0.006854351585718,0.00018726933658000844,0.00257021450796933,[0.00116239]
1976-09-01,1976-10-01,lag_2,0.0056794493189409,0.0002478338018507109,0.00257021450796933,[0.00116239]
1976-09-01,1976-10-01,lag_3,0.0010263728636865,-2.472919010026361e-05,0.00257021450796933,[0.00116239]
1976-09-01,1976-10-01,lag_4,0.0042418145250855,0.0,0.00257021450796933,[0.00116239]
1976-09-01,1976-10-01,lag_5,0.0049490355971983,0.0,0.00257021450796933,[0.00116239]
1976-09-01,1976-10-01,lag_6,0.002160118714749,0.0,0.00257021450796933,[0.00116239]
1976-09-01,1976-10-01,lag_7,0.0097589294368396,0.0,0.00257021450796933,[0.00116239]
1976-09-01,1976-10-01,lag_8,0.0131037213318072,0.0001586060549784916,0.00257021450796933,[0.00116239]
1976-09-01,1976-10-01,lag_9,0.0135618859783548,0.0,0.00257021450796933,[0.00116239]
1976-09-01,1976-10-01,lag_10,0.00134316107532,-0.0,0.00257021450796933,[0.00116239]
1976-09-01,1976-10-01,lag_11,0.0043885842792676,0.0,0.00257021450796933,[0.00116239]
1976-09-01,1976-10-01,volatility_3m,0.0017286124158630062,0.0003009227038352352,0.00257021450796933,[0.00116239]
1976-10-01,1976-11-01,lag_0,-0.0003044869306836,-0.0006077891441782769,0.0012997870058024314,[0.00117251]
1976-10-01,1976-11-01,lag_1,0.0034510513529513,6.521999178851843e-05,0.0012997870058024314,[0.00117251]
1976-10-01,1976-11-01,lag_2,0.006854351585718,0.00037661101190330967,0.0012997870058024314,[0.00117251]
1976-10-01,1976-11-01,lag_3,0.0056794493189409,0.00013747652875975894,0.0012997870058024314,[0.00117251]
1976-10-01,1976-11-01,lag_4,0.0010263728636865,-0.0,0.0012997870058024314,[0.00117251]
1976-10-01,1976-11-01,lag_5,0.0042418145250855,0.0,0.0012997870058024314,[0.00117251]
1976-10-01,1976-11-01,lag_6,0.0049490355971983,0.0,0.0012997870058024314,[0.00117251]
1976-10-01,1976-11-01,lag_7,0.002160118714749,0.0,0.0012997870058024314,[0.00117251]
1976-10-01,1976-11-01,lag_8,0.0097589294368396,3.941162481215888e-05,0.0012997870058024314,[0.00117251]
1976-10-01,1976-11-01,lag_9,0.0131037213318072,0.0,0.0012997870058024314,[0.00117251]
1976-10-01,1976-11-01,lag_10,0.0135618859783548,0.0,0.0012997870058024314,[0.00117251]
1976-10-01,1976-11-01,lag_11,0.00134316107532,-0.0,0.0012997870058024314,[0.00117251]
1976-10-01,1976-11-01,volatility_3m,0.0035808632380594186,0.00011634987957789093,0.0012997870058024314,[0.00117251]
1976-11-01,1976-12-01,lag_0,0.0151273417142681,0.003941853676438699,0.005238519270616498,[0.00125796]
1976-11-01,1976-12-01,lag_1,-0.0003044869306836,-0.00010065570116935298,0.005238519270616498,[0.00125796]
1976-11-01,1976-12-01,lag_2,0.0034510513529513,0.00011444017053116956,0.005238519270616498,[0.00125796]
1976-11-01,1976-12-01,lag_3,0.006854351585718,0.00018439152568573857,0.005238519270616498,[0.00125796]
1976-11-01,1976-12-01,lag_4,0.0056794493189409,0.0,0.005238519270616498,[0.00125796]
1976-11-01,1976-12-01,lag_5,0.0010263728636865,-0.0,0.005238519270616498,[0.00125796]
1976-11-01,1976-12-01,lag_6,0.0042418145250855,0.0,0.005238519270616498,[0.00125796]
1976-11-01,1976-12-01,lag_7,0.0049490355971983,0.0,0.005238519270616498,[0.00125796]
1976-11-01,1976-12-01,lag_8,0.002160118714749,6.031503089518587e-06,0.005238519270616498,[0.00125796]
1976-11-01,1976-12-01,lag_9,0.0097589294368396,0.0,0.005238519270616498,[0.00125796]
1976-11-01,1976-12-01,lag_10,0.0131037213318072,0.0,0.005238519270616498,[0.00125796]
1976-11-01,1976-12-01,lag_11,0.0135618859783548,0.0,0.005238519270616498,[0.00125796]
1976-11-01,1976-12-01,volatility_3m,0.008047578929185046,-0.00016550173498986368,0.005238519270616498,[0.00125796]
1976-12-01,1977-01-01,lag_0,0.0107538061144394,0.0027339093640594194,0.004458233124909977,[0.00134815]
1976-12-01,1977-01-01,lag_1,0.0151273417142681,0.0005102848633734103,0.004458233124909977,[0.00134815]
1976-12-01,1977-01-01,lag_2,-0.0003044869306836,-0.00016845253766066326,0.004458233124909977,[0.00134815]
1976-12-01,1977-01-01,lag_3,0.0034510513529513,6.31214508021671e-05,0.004458233124909977,[0.00134815]
1976-12-01,1977-01-01,lag_4,0.006854351585718,0.0,0.004458233124909977,[0.00134815]
1976-12-01,1977-01-01,lag_5,0.0056794493189409,0.0,0.004458233124909977,[0.00134815]
1976-12-01,1977-01-01,lag_6,0.0010263728636865,-0.0,0.004458233124909977,[0.00134815]
1976-12-01,1977-01-01,lag_7,0.0042418145250855,0.0,0.004458233124909977,[0.00134815]
1976-12-01,1977-01-01,lag_8,0.0049490355971983,5.405980717007457e-05,0.004458233124909977,[0.00134815]
1976-12-01,1977-01-01,lag_9,0.002160118714749,0.0,0.004458233124909977,[0.00134815]
1976-12-01,1977-01-01,lag_10,0.0097589294368396,0.0,0.004458233124909977,[0.00134815]
1976-12-01,1977-01-01,lag_11,0.0131037213318072,0.0,0.004458233124909977,[0.00134815]
1976-12-01,1977-01-01,volatility_3m,0.007953563080384545,-8.283745333376253e-05,0.004458233124909977,[0.00134815]
1977-01-01,1977-02-01,lag_0,-0.0070222901040648,-0.002677139271532354,-0.00038424533669859746,[0.00133169]
1977-01-01,1977-02-01,lag_1,0.0107538061144394,0.00023652325008855193,-0.00038424533669859746,[0.00133169]
1977-01-01,1977-02-01,lag_2,0.0151273417142681,0.0010460293100539265,-0.00038424533669859746,[0.00133169]
1977-01-01,1977-02-01,lag_3,-0.0003044869306836,-7.915865924880171e-05,-0.00038424533669859746,[0.00133169]
1977-01-01,1977-02-01,lag_4,0.0034510513529513,0.0,-0.00038424533669859746,[0.00133169]
1977-01-01,1977-02-01,lag_5,0.006854351585718,0.0,-0.00038424533669859746,[0.00133169]
1977-01-01,1977-02-01,lag_6,0.0056794493189409,0.0,-0.00038424533669859746,[0.00133169]
1977-01-01,1977-02-01,lag_7,0.0010263728636865,-0.0,-0.00038424533669859746,[0.00133169]
1977-01-01,1977-02-01,lag_8,0.0042418145250855,3.8691391979127304e-05,-0.00038424533669859746,[0.00133169]
1977-01-01,1977-02-01,lag_9,0.0049490355971983,0.0,-0.00038424533669859746,[0.00133169]
1977-01-01,1977-02-01,lag_10,0.002160118714749,0.0,-0.00038424533669859746,[0.00133169]
1977-01-01,1977-02-01,lag_11,0.0097589294368396,0.0,-0.00038424533669859746,[0.00133169]
1977-01-01,1977-02-01,volatility_3m,0.011731180674454679,-0.00028088473250173675,-0.00038424533669859746,[0.00133169]
1977-02-01,1977-03-01,lag_0,0.0156756690486763,0.003838837598719468,0.006341091970168123,[0.00141718]
1977-02-01,1977-03-01,lag_1,-0.0070222901040648,-0.00036827310841446617,0.006341091970168123,[0.00141718]
1977-02-01,1977-03-01,lag_2,0.0107538061144394,0.0009630962255655728,0.006341091970168123,[0.00141718]
1977-02-01,1977-03-01,lag_3,0.0151273417142681,0.0005039730307508703,0.006341091970168123,[0.00141718]
1977-02-01,1977-03-01,lag_4,-0.0003044869306836,-0.0,0.006341091970168123,[0.00141718]
1977-02-01,1977-03-01,lag_5,0.0034510513529513,0.0,0.006341091970168123,[0.00141718]
1977-02-01,1977-03-01,lag_6,0.006854351585718,0.0,0.006341091970168123,[0.00141718]
1977-02-01,1977-03-01,lag_7,0.0056794493189409,0.0,0.006341091970168123,[0.00141718]
1977-02-01,1977-03-01,lag_8,0.0010263728636865,-1.372448568283088e-05,0.006341091970168123,[0.00141718]
1977-02-01,1977-03-01,lag_9,0.0042418145250855,0.0,0.006341091970168123,[0.00141718]
1977-02-01,1977-03-01,lag_10,0.0049490355971983,0.0,0.006341091970168123,[0.00141718]
1977-02-01,1977-03-01,lag_11,0.002160118714749,0.0,0.006341091970168123,[0.00141718]
1977-02-01,1977-03-01,volatility_3m,0.011940209945198045,0.0,0.006341091970168123,[0.00141718]
1977-03-01,1977-04-01,lag_0,0.0126992384400579,0.0029650554819849336,0.0042574442903941835,[0.00155983]
1977-03-01,1977-04-01,lag_1,0.0156756690486763,0.00035556055560992796,0.0042574442903941835,[0.00155983]
1977-03-01,1977-04-01,lag_2,-0.0070222901040648,-0.0010443650139683094,0.0042574442903941835,[0.00155983]
1977-03-01,1977-04-01,lag_3,0.0107538061144394,0.00035980553291783675,0.0042574442903941835,[0.00155983]
1977-03-01,1977-04-01,lag_4,0.0151273417142681,0.0,0.0042574442903941835,[0.00155983]
1977-03-01,1977-04-01,lag_5,-0.0003044869306836,-0.0,0.0042574442903941835,[0.00155983]
1977-03-01,1977-04-01,lag_6,0.0034510513529513,0.0,0.0042574442903941835,[0.00155983]
1977-03-01,1977-04-01,lag_7,0.006854351585718,0.0,0.0042574442903941835,[0.00155983]
1977-03-01,1977-04-01,lag_8,0.0056794493189409,6.155367703254903e-05,0.0042574442903941835,[0.00155983]
1977-03-01,1977-04-01,lag_9,0.0010263728636865,-0.0,0.0042574442903941835,[0.00155983]
1977-03-01,1977-04-01,lag_10,0.0042418145250855,0.0,0.0042574442903941835,[0.00155983]
1977-03-01,1977-04-01,lag_11,0.0049490355971983,0.0,0.0042574442903941835,[0.00155983]
1977-03-01,1977-04-01,volatility_3m,0.012335552797936475,0.0,0.0042574442903941835,[0.00155983]
1977-04-01,1977-05-01,lag_0,0.0095635721668867,0.0021051352980769717,0.004978897846657341,[0.00163017]
1977-04-01,1977-05-01,lag_1,0.0126992384400579,0.0003287574101069935,0.004978897846657341,[0.00163017]
1977-04-01,1977-05-01,lag_2,0.0156756690486763,0.0012945590861015667,0.004978897846657341,[0.00163017]
1977-04-01,1977-05-01,lag_3,-0.0070222901040648,-0.0004777437091192414,0.004978897846657341,[0.00163017]
1977-04-01,1977-05-01,lag_4,0.0107538061144394,0.0,0.004978897846657341,[0.00163017]
1977-04-01,1977-05-01,lag_5,0.0151273417142681,0.0,0.004978897846657341,[0.00163017]
1977-04-01,1977-05-01,lag_6,-0.0003044869306836,-0.0,0.004978897846657341,[0.00163017]
1977-04-01,1977-05-01,lag_7,0.0034510513529513,0.0,0.004978897846657341,[0.00163017]
1977-04-01,1977-05-01,lag_8,0.006854351585718,9.801920223591006e-05,0.004978897846657341,[0.00163017]
1977-04-01,1977-05-01,lag_9,0.0056794493189409,0.0,0.004978897846657341,[0.00163017]
1977-04-01,1977-05-01,lag_10,0.0010263728636865,-0.0,0.004978897846657341,[0.00163017]
1977-04-01,1977-05-01,lag_11,0.0042418145250855,0.0,0.004978897846657341,[0.00163017]
1977-04-01,1977-05-01,volatility_3m,0.0030563941291715524,-0.0,0.004978897846657341,[0.00163017]
1977-05-01,1977-06-01,lag_0,0.0078538379353396,0.0016691301839561884,0.005304299203363302,[0.00163658]
1977-05-01,1977-06-01,lag_1,0.0095635721668867,0.0002948378312236345,0.005304299203363302,[0.00163658]
1977-05-01,1977-06-01,lag_2,0.0126992384400579,0.0011720376038512747,0.005304299203363302,[0.00163658]
1977-05-01,1977-06-01,lag_3,0.0156756690486763,0.0005032953969853791,0.005304299203363302,[0.00163658]
1977-05-01,1977-06-01,lag_4,-0.0070222901040648,-0.0,0.005304299203363302,[0.00163658]
1977-05-01,1977-06-01,lag_5,0.0107538061144394,0.0,0.005304299203363302,[0.00163658]
1977-05-01,1977-06-01,lag_6,0.0151273417142681,0.0,0.005304299203363302,[0.00163658]
1977-05-01,1977-06-01,lag_7,-0.0003044869306836,-0.0,0.005304299203363302,[0.00163658]
1977-05-01,1977-06-01,lag_8,0.0034510513529513,2.8422658627698004e-05,0.005304299203363302,[0.00163658]
1977-05-01,1977-06-01,lag_9,0.006854351585718,0.0,0.005304299203363302,[0.00163658]
1977-05-01,1977-06-01,lag_10,0.0056794493189409,0.0,0.005304299203363302,[0.00163658]
1977-05-01,1977-06-01,lag_11,0.0010263728636865,-0.0,0.005304299203363302,[0.00163658]
1977-05-01,1977-06-01,volatility_3m,0.0024574207403411023,-0.0,0.005304299203363302,[0.00163658]
1977-06-01,1977-07-01,lag_0,0.007746814316869,0.001486350213189488,0.004008697366404352,[0.00169159]
1977-06-01,1977-07-01,lag_1,0.0078538379353396,5.3128815480445714e-05,0.004008697366404352,[0.00169159]
1977-06-01,1977-07-01,lag_2,0.0095635721668867,0.0006007367829320507,0.004008697366404352,[0.00169159]
1977-06-01,1977-07-01,lag_3,0.0126992384400579,0.0001768922174481784,0.004008697366404352,[0.00169159]
1977-06-01,1977-07-01,lag_4,0.0156756690486763,0.0,0.004008697366404352,[0.00169159]
1977-06-01,1977-07-01,lag_5,-0.0070222901040648,-0.0,0.004008697366404352,[0.00169159]
1977-06-01,1977-07-01,lag_6,0.0107538061144394,0.0,0.004008697366404352,[0.00169159]
1977-06-01,1977-07-01,lag_7,0.0151273417142681,0.0,0.004008697366404352,[0.00169159]
1977-06-01,1977-07-01,lag_8,-0.0003044869306836,-0.0,0.004008697366404352,[0.00169159]
1977-06-01,1977-07-01,lag_9,0.0034510513529513,0.0,0.004008697366404352,[0.00169159]
1977-06-01,1977-07-01,lag_10,0.006854351585718,0.0,0.004008697366404352,[0.00169159]
1977-06-01,1977-07-01,lag_11,0.0056794493189409,0.0,0.004008697366404352,[0.00169159]
1977-06-01,1977-07-01,volatility_3m,0.0010194160324286507,-0.0,0.004008697366404352,[0.00169159]
1977-07-01,1977-08-01,lag_0,0.0012780405675312,-0.00025488998281424536,0.0019837584157200183,[0.00171459]
1977-07-01,1977-08-01,lag_1,0.007746814316869,3.8088361864002784e-05,0.0019837584157200183,[0.00171459]
1977-07-01,1977-08-01,lag_2,0.0078538379353396,0.0004419581305075222,0.0019837584157200183,[0.00171459]
1977-07-01,1977-08-01,lag_3,0.0095635721668867,4.401451669780898e-05,0.0019837584157200183,[0.00171459]
1977-07-01,1977-08-01,lag_4,0.0126992384400579,0.0,0.0019837584157200183,[0.00171459]
1977-07-01,1977-08-01,lag_5,0.0156756690486763,0.0,0.0019837584157200183,[0.00171459]
1977-07-01,1977-08-01,lag_6,-0.0070222901040648,-0.0,0.0019837584157200183,[0.00171459]
1977-07-01,1977-08-01,lag_7,0.0107538061144394,0.0,0.0019837584157200183,[0.00171459]
1977-07-01,1977-08-01,lag_8,0.0151273417142681,0.0,0.0019837584157200183,[0.00171459]
1977-07-01,1977-08-01,lag_9,-0.0003044869306836,-0.0,0.0019837584157200183,[0.00171459]
1977-07-01,1977-08-01,lag_10,0.0034510513529513,0.0,0.0019837584157200183,[0.00171459]
1977-07-01,1977-08-01,lag_11,0.006854351585718,0.0,0.0019837584157200183,[0.00171459]
1977-07-01,1977-08-01,volatility_3m,0.003766023519520916,-0.0,0.0019837584157200183,[0.00171459]
1977-08-01,1977-09-01,lag_0,0.0009875927970335,-0.0003160983358619471,0.0017977537342236476,[0.00169961]
1977-08-01,1977-09-01,lag_1,0.0012780405675312,-1.0014540971506358e-05,0.0017977537342236476,[0.00169961]
1977-08-01,1977-09-01,lag_2,0.007746814316869,0.00042425586725277275,0.0017977537342236476,[0.00169961]
1977-08-01,1977-09-01,lag_3,0.0078538379353396,0.0,0.0017977537342236476,[0.00169961]
1977-08-01,1977-09-01,lag_4,0.0095635721668867,0.0,0.0017977537342236476,[0.00169961]
1977-08-01,1977-09-01,lag_5,0.0126992384400579,0.0,0.0017977537342236476,[0.00169961]
1977-08-01,1977-09-01,lag_6,0.0156756690486763,0.0,0.0017977537342236476,[0.00169961]
1977-08-01,1977-09-01,lag_7,-0.0070222901040648,-0.0,0.0017977537342236476,[0.00169961]
1977-08-01,1977-09-01,lag_8,0.0107538061144394,0.0,0.0017977537342236476,[0.00169961]
1977-08-01,1977-09-01,lag_9,0.0151273417142681,0.0,0.0017977537342236476,[0.00169961]
1977-08-01,1977-09-01,lag_10,-0.0003044869306836,-0.0,0.0017977537342236476,[0.00169961]
1977-08-01,1977-09-01,lag_11,0.0034510513529513,0.0,0.0017977537342236476,[0.00169961]
1977-08-01,1977-09-01,volatility_3m,0.003821353802029594,-0.0,0.0017977537342236476,[0.00169961]
1977-09-01,1977-10-01,lag_0,0.0041145067243357,0.0005026155992509804,0.0021258255875577846,[0.00169166]
1977-09-01,1977-10-01,lag_1,0.0009875927970335,-1.1427137490359117e-05,0.0021258255875577846,[0.00169166]
1977-09-01,1977-10-01,lag_2,0.0012780405675312,-6.970192463577879e-05,0.0021258255875577846,[0.00169166]
1977-09-01,1977-10-01,lag_3,0.007746814316869,1.2677209128719219e-05,0.0021258255875577846,[0.00169166]
1977-09-01,1977-10-01,lag_4,0.0078538379353396,0.0,0.0021258255875577846,[0.00169166]
1977-09-01,1977-10-01,lag_5,0.0095635721668867,0.0,0.0021258255875577846,[0.00169166]
1977-09-01,1977-10-01,lag_6,0.0126992384400579,0.0,0.0021258255875577846,[0.00169166]
1977-09-01,1977-10-01,lag_7,0.0156756690486763,0.0,0.0021258255875577846,[0.00169166]
1977-09-01,1977-10-01,lag_8,-0.0070222901040648,-0.0,0.0021258255875577846,[0.00169166]
1977-09-01,1977-10-01,lag_9,0.0107538061144394,0.0,0.0021258255875577846,[0.00169166]
1977-09-01,1977-10-01,lag_10,0.0151273417142681,0.0,0.0021258255875577846,[0.00169166]
1977-09-01,1977-10-01,lag_11,-0.0003044869306836,-0.0,0.0021258255875577846,[0.00169166]
1977-09-01,1977-10-01,volatility_3m,0.001727594226800227,-0.0,0.0021258255875577846,[0.00169166]
1977-10-01,1977-11-01,lag_0,0.0014104608050469,-0.0002346848061793281,0.0014598488536482638,[0.00174868]
1977-10-01,1977-11-01,lag_1,0.0041145067243357,2.4933537280488908e-05,0.0014598488536482638,[0.00174868]
1977-10-01,1977-11-01,lag_2,0.0009875927970335,-7.907836891551586e-05,0.0014598488536482638,[0.00174868]
1977-10-01,1977-11-01,lag_3,0.0012780405675312,-0.0,0.0014598488536482638,[0.00174868]
1977-10-01,1977-11-01,lag_4,0.007746814316869,0.0,0.0014598488536482638,[0.00174868]
1977-10-01,1977-11-01,lag_5,0.0078538379353396,0.0,0.0014598488536482638,[0.00174868]
1977-10-01,1977-11-01,lag_6,0.0095635721668867,0.0,0.0014598488536482638,[0.00174868]
1977-10-01,1977-11-01,lag_7,0.0126992384400579,0.0,0.0014598488536482638,[0.00174868]
1977-10-01,1977-11-01,lag_8,0.0156756690486763,0.0,0.0014598488536482638,[0.00174868]
1977-10-01,1977-11-01,lag_9,-0.0070222901040648,-0.0,0.0014598488536482638,[0.00174868]
1977-10-01,1977-11-01,lag_10,0.0107538061144394,0.0,0.0014598488536482638,[0.00174868]
1977-10-01,1977-11-01,lag_11,0.0151273417142681,0.0,0.0014598488536482638,[0.00174868]
1977-10-01,1977-11-01,volatility_3m,0.0016964802972910368,-0.0,0.0014598488536482638,[0.00174868]
1977-11-01,1977-12-01,lag_0,0.0018376437087685,-0.00010390479451528509,0.0017388668806531272,[0.00170125]
1977-11-01,1977-12-01,lag_1,0.0014104608050469,-0.0,0.0017388668806531272,[0.00170125]
1977-11-01,1977-12-01,lag_2,0.0041145067243357,0.00014550168552216505,0.0017388668806531272,[0.00170125]
1977-11-01,1977-12-01,lag_3,0.0009875927970335,-3.97889159218159e-06,0.0017388668806531272,[0.00170125]
1977-11-01,1977-12-01,lag_4,0.0012780405675312,-0.0,0.0017388668806531272,[0.00170125]
1977-11-01,1977-12-01,lag_5,0.007746814316869,0.0,0.0017388668806531272,[0.00170125]
1977-11-01,1977-12-01,lag_6,0.0078538379353396,0.0,0.0017388668806531272,[0.00170125]
1977-11-01,1977-12-01,lag_7,0.0095635721668867,0.0,0.0017388668806531272,[0.00170125]
1977-11-01,1977-12-01,lag_8,0.0126992384400579,0.0,0.0017388668806531272,[0.00170125]
1977-11-01,1977-12-01,lag_9,0.0156756690486763,0.0,0.0017388668806531272,[0.00170125]
1977-11-01,1977-12-01,lag_10,-0.0070222901040648,-0.0,0.0017388668806531272,[0.00170125]
1977-11-01,1977-12-01,lag_11,0.0107538061144394,0.0,0.0017388668806531272,[0.00170125]
1977-11-01,1977-12-01,volatility_3m,0.001453642250722428,-0.0,0.0017388668806531272,[0.00170125]
1977-12-01,1978-01-01,lag_0,0.0017889719215924,-0.0001076154079729756,0.0015665408582502408,[0.00173044]
1977-12-01,1978-01-01,lag_1,0.0018376437087685,-3.1793317394990212e-06,0.0015665408582502408,[0.00173044]
1977-12-01,1978-01-01,lag_2,0.0014104608050469,-6.323919436386148e-05,0.0015665408582502408,[0.00173044]
1977-12-01,1978-01-01,lag_3,0.0041145067243357,1.0137918137626395e-05,0.0015665408582502408,[0.00173044]
1977-12-01,1978-01-01,lag_4,0.0009875927970335,-0.0,0.0015665408582502408,[0.00173044]
1977-12-01,1978-01-01,lag_5,0.0012780405675312,-0.0,0.0015665408582502408,[0.00173044]
1977-12-01,1978-01-01,lag_6,0.007746814316869,0.0,0.0015665408582502408,[0.00173044]
1977-12-01,1978-01-01,lag_7,0.0078538379353396,0.0,0.0015665408582502408,[0.00173044]
1977-12-01,1978-01-01,lag_8,0.0095635721668867,0.0,0.0015665408582502408,[0.00173044]
1977-12-01,1978-01-01,lag_9,0.0126992384400579,0.0,0.0015665408582502408,[0.00173044]
1977-12-01,1978-01-01,lag_10,0.0156756690486763,0.0,0.0015665408582502408,[0.00173044]
1977-12-01,1978-01-01,lag_11,-0.0070222901040648,-0.0,0.0015665408582502408,[0.00173044]
1977-12-01,1978-01-01,volatility_3m,0.0007736727695581294,-0.0,0.0015665408582502408,[0.00173044]
1978-01-01,1978-02-01,lag_0,-0.0148284552105955,-0.004738239066406011,-0.0031584667501015993,[0.00160859]
1978-01-01,1978-02-01,lag_1,0.0017889719215924,-1.1744316610121415e-06,-0.0031584667501015993,[0.00160859]
1978-01-01,1978-02-01,lag_2,0.0018376437087685,-2.7642947287093064e-05,-0.0031584667501015993,[0.00160859]
1978-01-01,1978-02-01,lag_3,0.0014104608050469,-0.0,-0.0031584667501015993,[0.00160859]
1978-01-01,1978-02-01,lag_4,0.0041145067243357,0.0,-0.0031584667501015993,[0.00160859]
1978-01-01,1978-02-01,lag_5,0.0009875927970335,-0.0,-0.0031584667501015993,[0.00160859]
1978-01-01,1978-02-01,lag_6,0.0012780405675312,-0.0,-0.0031584667501015993,[0.00160859]
1978-01-01,1978-02-01,lag_7,0.007746814316869,0.0,-0.0031584667501015993,[0.00160859]
1978-01-01,1978-02-01,lag_8,0.0078538379353396,0.0,-0.0031584667501015993,[0.00160859]
1978-01-01,1978-02-01,lag_9,0.0095635721668867,0.0,-0.0031584667501015993,[0.00160859]
1978-01-01,1978-02-01,lag_10,0.0126992384400579,0.0,-0.0031584667501015993,[0.00160859]
1978-01-01,1978-02-01,lag_11,0.0156756690486763,0.0,-0.0031584667501015993,[0.00160859]
1978-01-01,1978-02-01,volatility_3m,0.009608157182193919,0.0,-0.0031584667501015993,[0.00160859]
1978-02-01,1978-03-01,lag_0,0.0053422393279238,0.0008295476633858128,0.002411104779542304,[0.00164528]
1978-02-01,1978-03-01,lag_1,-0.0148284552105955,-3.184773268575331e-05,0.002411104779542304,[0.00164528]
1978-02-01,1978-03-01,lag_2,0.0017889719215924,-3.1875812225212607e-05,0.002411104779542304,[0.00164528]
1978-02-01,1978-03-01,lag_3,0.0018376437087685,-0.0,0.002411104779542304,[0.00164528]
1978-02-01,1978-03-01,lag_4,0.0014104608050469,-0.0,0.002411104779542304,[0.00164528]
1978-02-01,1978-03-01,lag_5,0.0041145067243357,0.0,0.002411104779542304,[0.00164528]
1978-02-01,1978-03-01,lag_6,0.0009875927970335,-0.0,0.002411104779542304,[0.00164528]
1978-02-01,1978-03-01,lag_7,0.0012780405675312,-0.0,0.002411104779542304,[0.00164528]
1978-02-01,1978-03-01,lag_8,0.007746814316869,0.0,0.002411104779542304,[0.00164528]
1978-02-01,1978-03-01,lag_9,0.0078538379353396,0.0,0.002411104779542304,[0.00164528]
1978-02-01,1978-03-01,lag_10,0.0095635721668867,0.0,0.002411104779542304,[0.00164528]
1978-02-01,1978-03-01,lag_11,0.0126992384400579,0.0,0.002411104779542304,[0.00164528]
1978-02-01,1978-03-01,volatility_3m,0.010767400738035806,0.0,0.002411104779542304,[0.00164528]
1978-03-01,1978-04-01,lag_0,0.0189873192292036,0.0044666224145496515,0.004915576463050299,[0.00178897]
1978-03-01,1978-04-01,lag_1,0.0053422393279238,0.0,0.004915576463050299,[0.00178897]
1978-03-01,1978-04-01,lag_2,-0.0148284552105955,-0.001337700819612059,0.004915576463050299,[0.00178897]
1978-03-01,1978-04-01,lag_3,0.0017889719215924,-2.3187571876079316e-06,0.004915576463050299,[0.00178897]
1978-03-01,1978-04-01,lag_4,0.0018376437087685,-0.0,0.004915576463050299,[0.00178897]
1978-03-01,1978-04-01,lag_5,0.0014104608050469,-0.0,0.004915576463050299,[0.00178897]
1978-03-01,1978-04-01,lag_6,0.0041145067243357,0.0,0.004915576463050299,[0.00178897]
1978-03-01,1978-04-01,lag_7,0.0009875927970335,-0.0,0.004915576463050299,[0.00178897]
1978-03-01,1978-04-01,lag_8,0.0012780405675312,-0.0,0.004915576463050299,[0.00178897]
1978-03-01,1978-04-01,lag_9,0.007746814316869,0.0,0.004915576463050299,[0.00178897]
1978-03-01,1978-04-01,lag_10,0.0078538379353396,0.0,0.004915576463050299,[0.00178897]
1978-03-01,1978-04-01,lag_11,0.0095635721668867,0.0,0.004915576463050299,[0.00178897]
1978-03-01,1978-04-01,volatility_3m,0.01701250385570337,0.0,0.004915576463050299,[0.00178897]
1978-04-01,1978-05-01,lag_0,0.0200739523307373,0.005151933552221336,0.007198842464593715,[0.00194022]
1978-04-01,1978-05-01,lag_1,0.0189873192292036,0.0,0.007198842464593715,[0.00194022]
1978-04-01,1978-05-01,lag_2,0.0053422393279238,0.0001501403640076966,0.007198842464593715,[0.00194022]
1978-04-01,1978-05-01,lag_3,-0.0148284552105955,-4.345409970175461e-05,0.007198842464593715,[0.00194022]
1978-04-01,1978-05-01,lag_4,0.0017889719215924,-0.0,0.007198842464593715,[0.00194022]
1978-04-01,1978-05-01,lag_5,0.0018376437087685,-0.0,0.007198842464593715,[0.00194022]
1978-04-01,1978-05-01,lag_6,0.0014104608050469,-0.0,0.007198842464593715,[0.00194022]
1978-04-01,1978-05-01,lag_7,0.0041145067243357,0.0,0.007198842464593715,[0.00194022]
1978-04-01,1978-05-01,lag_8,0.0009875927970335,-0.0,0.007198842464593715,[0.00194022]
1978-04-01,1978-05-01,lag_9,0.0012780405675312,-0.0,0.007198842464593715,[0.00194022]
1978-04-01,1978-05-01,lag_10,0.007746814316869,0.0,0.007198842464593715,[0.00194022]
1978-04-01,1978-05-01,lag_11,0.0078538379353396,0.0,0.007198842464593715,[0.00194022]
1978-04-01,1978-05-01,volatility_3m,0.008209672598089433,0.0,0.007198842464593715,[0.00194022]
1978-05-01,1978-06-01,lag_0,0.0046552251817142,0.0005796444206483667,0.00340608489879447,[0.00197329]
1978-05-01,1978-06-01,lag_1,0.0200739523307373,0.0,0.00340608489879447,[0.00197329]
1978-05-01,1978-06-01,lag_2,0.0189873192292036,0.0008419783882930944,0.00340608489879447,[0.00197329]
1978-05-01,1978-06-01,lag_3,0.0053422393279238,1.1172250277727814e-05,0.00340608489879447,[0.00197329]
1978-05-01,1978-06-01,lag_4,-0.0148284552105955,-0.0,0.00340608489879447,[0.00197329]
1978-05-01,1978-06-01,lag_5,0.0017889719215924,-0.0,0.00340608489879447,[0.00197329]
1978-05-01,1978-06-01,lag_6,0.0018376437087685,-0.0,0.00340608489879447,[0.00197329]
1978-05-01,1978-06-01,lag_7,0.0014104608050469,-0.0,0.00340608489879447,[0.00197329]
1978-05-01,1978-06-01,lag_8,0.0041145067243357,0.0,0.00340608489879447,[0.00197329]
1978-05-01,1978-06-01,lag_9,0.0009875927970335,-0.0,0.00340608489879447,[0.00197329]
1978-05-01,1978-06-01,lag_10,0.0012780405675312,-0.0,0.00340608489879447,[0.00197329]
1978-05-01,1978-06-01,lag_11,0.007746814316869,0.0,0.00340608489879447,[0.00197329]
1978-05-01,1978-06-01,volatility_3m,0.008605490865134229,0.0,0.00340608489879447,[0.00197329]
1978-06-01,1978-07-01,lag_0,0.0064680725447341,0.001190747867477092,0.005291384346150778,[0.0020944]
1978-06-01,1978-07-01,lag_1,0.0046552251817142,1.0451801710953403e-05,0.005291384346150778,[0.0020944]
1978-06-01,1978-07-01,lag_2,0.0200739523307373,0.0014621537118135707,0.005291384346150778,[0.0020944]
1978-06-01,1978-07-01,lag_3,0.0189873192292036,0.0005449261460433822,0.005291384346150778,[0.0020944]
1978-06-01,1978-07-01,lag_4,0.0053422393279238,0.0,0.005291384346150778,[0.0020944]
1978-06-01,1978-07-01,lag_5,-0.0148284552105955,-0.0,0.005291384346150778,[0.0020944]
1978-06-01,1978-07-01,lag_6,0.0017889719215924,-0.0,0.005291384346150778,[0.0020944]
1978-06-01,1978-07-01,lag_7,0.0018376437087685,-0.0,0.005291384346150778,[0.0020944]
1978-06-01,1978-07-01,lag_8,0.0014104608050469,-1.12921694962419e-05,0.005291384346150778,[0.0020944]
1978-06-01,1978-07-01,lag_9,0.0041145067243357,0.0,0.005291384346150778,[0.0020944]
1978-06-01,1978-07-01,lag_10,0.0009875927970335,-0.0,0.005291384346150778,[0.0020944]
1978-06-01,1978-07-01,lag_11,0.0012780405675312,-0.0,0.005291384346150778,[0.0020944]
1978-06-01,1978-07-01,volatility_3m,0.008427569115792928,0.0,0.005291384346150778,[0.0020944]
1978-07-01,1978-08-01,lag_0,-0.0008247749395784,-0.0012205469825138334,0.0016380432145375648,[0.00211288]
1978-07-01,1978-08-01,lag_1,0.0064680725447341,4.06478285614779e-05,0.0016380432145375648,[0.00211288]
1978-07-01,1978-08-01,lag_2,0.0046552251817142,0.00015467137493518446,0.0016380432145375648,[0.00211288]
1978-07-01,1978-08-01,lag_3,0.0200739523307373,0.0005574958986809876,0.0016380432145375648,[0.00211288]
1978-07-01,1978-08-01,lag_4,0.0189873192292036,0.0,0.0016380432145375648,[0.00211288]
1978-07-01,1978-08-01,lag_5,0.0053422393279238,0.0,0.0016380432145375648,[0.00211288]
1978-07-01,1978-08-01,lag_6,-0.0148284552105955,-0.0,0.0016380432145375648,[0.00211288]
1978-07-01,1978-08-01,lag_7,0.0017889719215924,-0.0,0.0016380432145375648,[0.00211288]
1978-07-01,1978-08-01,lag_8,0.0018376437087685,-7.109573582322185e-06,0.0016380432145375648,[0.00211288]
1978-07-01,1978-08-01,lag_9,0.0014104608050469,-0.0,0.0016380432145375648,[0.00211288]
1978-07-01,1978-08-01,lag_10,0.0041145067243357,0.0,0.0016380432145375648,[0.00211288]
1978-07-01,1978-08-01,lag_11,0.0009875927970335,-0.0,0.0016380432145375648,[0.00211288]
1978-07-01,1978-08-01,volatility_3m,0.0037969821639564022,-0.0,0.0016380432145375648,[0.00211288]
1978-08-01,1978-09-01,lag_0,0.0040954125102032,0.0003851447701200447,0.0028839174633287635,[0.00218726]
1978-08-01,1978-09-01,lag_1,-0.0008247749395784,-1.624780383072457e-05,0.0028839174633287635,[0.00218726]
1978-08-01,1978-09-01,lag_2,0.0064680725447341,0.00026538935575912706,0.0028839174633287635,[0.00218726]
1978-08-01,1978-09-01,lag_3,0.0046552251817142,6.836284860794285e-05,0.0028839174633287635,[0.00218726]
1978-08-01,1978-09-01,lag_4,0.0200739523307373,0.0,0.0028839174633287635,[0.00218726]
1978-08-01,1978-09-01,lag_5,0.0189873192292036,0.0,0.0028839174633287635,[0.00218726]
1978-08-01,1978-09-01,lag_6,0.0053422393279238,0.0,0.0028839174633287635,[0.00218726]
1978-08-01,1978-09-01,lag_7,-0.0148284552105955,-0.0,0.0028839174633287635,[0.00218726]
1978-08-01,1978-09-01,lag_8,0.0017889719215924,-5.99508796056956e-06,0.0028839174633287635,[0.00218726]
1978-08-01,1978-09-01,lag_9,0.0018376437087685,-0.0,0.0028839174633287635,[0.00218726]
1978-08-01,1978-09-01,lag_10,0.0014104608050469,-0.0,0.0028839174633287635,[0.00218726]
1978-08-01,1978-09-01,lag_11,0.0041145067243357,0.0,0.0028839174633287635,[0.00218726]
1978-08-01,1978-09-01,volatility_3m,0.0037198428418839533,-0.0,0.0028839174633287635,[0.00218726]
1978-09-01,1978-10-01,lag_0,0.0025309942048967,-0.00014489282900148425,0.0016512578300171927,[0.00220294]
1978-09-01,1978-10-01,lag_1,0.0040954125102032,1.1449383699134457e-05,0.0016512578300171927,[0.00220294]
1978-09-01,1978-10-01,lag_2,-0.0008247749395784,-0.0002543283834820268,0.0016512578300171927,[0.00220294]
1978-09-01,1978-10-01,lag_3,0.0064680725447341,9.451264336037064e-05,0.0016512578300171927,[0.00220294]
1978-09-01,1978-10-01,lag_4,0.0046552251817142,0.0,0.0016512578300171927,[0.00220294]
1978-09-01,1978-10-01,lag_5,0.0200739523307373,0.0,0.0016512578300171927,[0.00220294]
1978-09-01,1978-10-01,lag_6,0.0189873192292036,0.0,0.0016512578300171927,[0.00220294]
1978-09-01,1978-10-01,lag_7,0.0053422393279238,0.0,0.0016512578300171927,[0.00220294]
1978-09-01,1978-10-01,lag_8,-0.0148284552105955,-0.00025842685315863366,0.0016512578300171927,[0.00220294]
1978-09-01,1978-10-01,lag_9,0.0017889719215924,-0.0,0.0016512578300171927,[0.00220294]
1978-09-01,1978-10-01,lag_10,0.0018376437087685,-0.0,0.0016512578300171927,[0.00220294]
1978-09-01,1978-10-01,lag_11,0.0014104608050469,-0.0,0.0016512578300171927,[0.00220294]
1978-09-01,1978-10-01,volatility_3m,0.002513856125755064,-0.0,0.0016512578300171927,[0.00220294]
1978-10-01,1978-11-01,lag_0,0.0074708832622936,0.0014580574343024655,0.003749021292453183,[0.00229729]
1978-10-01,1978-11-01,lag_1,0.0025309942048967,-3.243316397475011e-06,0.003749021292453183,[0.00229729]
1978-10-01,1978-11-01,lag_2,0.0040954125102032,8.002320803910629e-05,0.003749021292453183,[0.00229729]
1978-10-01,1978-11-01,lag_3,-0.0008247749395784,-0.00010008821027218136,0.003749021292453183,[0.00229729]
1978-10-01,1978-11-01,lag_4,0.0064680725447341,0.0,0.003749021292453183,[0.00229729]
1978-10-01,1978-11-01,lag_5,0.0046552251817142,0.0,0.003749021292453183,[0.00229729]
1978-10-01,1978-11-01,lag_6,0.0200739523307373,0.0,0.003749021292453183,[0.00229729]
1978-10-01,1978-11-01,lag_7,0.0189873192292036,0.0,0.003749021292453183,[0.00229729]
1978-10-01,1978-11-01,lag_8,0.0053422393279238,1.698078450527904e-05,0.003749021292453183,[0.00229729]
1978-10-01,1978-11-01,lag_9,-0.0148284552105955,-0.0,0.003749021292453183,[0.00229729]
1978-10-01,1978-11-01,lag_10,0.0017889719215924,-0.0,0.003749021292453183,[0.00229729]
1978-10-01,1978-11-01,lag_11,0.0018376437087685,-0.0,0.003749021292453183,[0.00229729]
1978-10-01,1978-11-01,volatility_3m,0.00252466866907275,-0.0,0.003749021292453183,[0.00229729]
1978-11-01,1978-12-01,lag_0,0.0076865673724948,0.0015012909203856169,0.003955661006911812,[0.00235896]
1978-11-01,1978-12-01,lag_1,0.0074708832622936,4.55189647761055e-05,0.003955661006911812,[0.00235896]
1978-11-01,1978-12-01,lag_2,0.0025309942048967,-2.9670140965665473e-05,0.003955661006911812,[0.00235896]
1978-11-01,1978-12-01,lag_3,0.0040954125102032,3.8123790592938095e-05,0.003955661006911812,[0.00235896]
1978-11-01,1978-12-01,lag_4,-0.0008247749395784,-0.0,0.003955661006911812,[0.00235896]
1978-11-01,1978-12-01,lag_5,0.0064680725447341,0.0,0.003955661006911812,[0.00235896]
1978-11-01,1978-12-01,lag_6,0.0046552251817142,0.0,0.003955661006911812,[0.00235896]
1978-11-01,1978-12-01,lag_7,0.0200739523307373,0.0,0.003955661006911812,[0.00235896]
1978-11-01,1978-12-01,lag_8,0.0189873192292036,4.144181665357582e-05,0.003955661006911812,[0.00235896]
1978-11-01,1978-12-01,lag_9,0.0053422393279238,0.0,0.003955661006911812,[0.00235896]
1978-11-01,1978-12-01,lag_10,-0.0148284552105955,-0.0,0.003955661006911812,[0.00235896]
1978-11-01,1978-12-01,lag_11,0.0017889719215924,-0.0,0.003955661006911812,[0.00235896]
1978-11-01,1978-12-01,volatility_3m,0.002916303545621878,-0.0,0.003955661006911812,[0.00235896]
1978-12-01,1979-01-01,lag_0,0.0049748848264123,0.0005800590177455502,0.0031915593889290123,[0.00230835]
1978-12-01,1979-01-01,lag_1,0.0076865673724948,1.1502855361161272e-05,0.0031915593889290123,[0.00230835]
1978-12-01,1979-01-01,lag_2,0.0074708832622936,0.0002969344208519022,0.0031915593889290123,[0.00230835]
1978-12-01,1979-01-01,lag_3,0.0025309942048967,-1.1489399875283118e-05,0.0031915593889290123,[0.00230835]
1978-12-01,1979-01-01,lag_4,0.0040954125102032,0.0,0.0031915593889290123,[0.00230835]
1978-12-01,1979-01-01,lag_5,-0.0008247749395784,-0.0,0.0031915593889290123,[0.00230835]
1978-12-01,1979-01-01,lag_6,0.0064680725447341,0.0,0.0031915593889290123,[0.00230835]
1978-12-01,1979-01-01,lag_7,0.0046552251817142,0.0,0.0031915593889290123,[0.00230835]
1978-12-01,1979-01-01,lag_8,0.0200739523307373,6.206344161193621e-06,0.0031915593889290123,[0.00230835]
1978-12-01,1979-01-01,lag_9,0.0189873192292036,0.0,0.0031915593889290123,[0.00230835]
1978-12-01,1979-01-01,lag_10,0.0053422393279238,0.0,0.0031915593889290123,[0.00230835]
1978-12-01,1979-01-01,lag_11,-0.0148284552105955,-0.0,0.0031915593889290123,[0.00230835]
1978-12-01,1979-01-01,volatility_3m,0.001507191099255148,-0.0,0.0031915593889290123,[0.00230835]
1979-01-01,1979-02-01,lag_0,-0.005431898444077,-0.0028439415269789063,-0.00013070234870639613,[0.00222307]
1979-01-01,1979-02-01,lag_1,0.0049748848264123,0.0,-0.00013070234870639613,[0.00222307]
1979-01-01,1979-02-01,lag_2,0.0076865673724948,0.00033343497653227363,-0.00013070234870639613,[0.00222307]
1979-01-01,1979-02-01,lag_3,0.0074708832622936,0.00015673096727980017,-0.00013070234870639613,[0.00222307]
1979-01-01,1979-02-01,lag_4,0.0025309942048967,-0.0,-0.00013070234870639613,[0.00222307]
1979-01-01,1979-02-01,lag_5,0.0040954125102032,0.0,-0.00013070234870639613,[0.00222307]
1979-01-01,1979-02-01,lag_6,-0.0008247749395784,-0.0,-0.00013070234870639613,[0.00222307]
1979-01-01,1979-02-01,lag_7,0.0064680725447341,0.0,-0.00013070234870639613,[0.00222307]
1979-01-01,1979-02-01,lag_8,0.0046552251817142,0.0,-0.00013070234870639613,[0.00222307]
1979-01-01,1979-02-01,lag_9,0.0200739523307373,0.0,-0.00013070234870639613,[0.00222307]
1979-01-01,1979-02-01,lag_10,0.0189873192292036,0.0,-0.00013070234870639613,[0.00222307]
1979-01-01,1979-02-01,lag_11,0.0053422393279238,0.0,-0.00013070234870639613,[0.00222307]
1979-01-01,1979-02-01,volatility_3m,0.006925177562708258,0.0,-0.00013070234870639613,[0.00222307]
1979-02-01,1979-03-01,lag_0,0.0047805468665731,0.0004894228394697717,0.003107118332573082,[0.00232083]
1979-02-01,1979-03-01,lag_1,-0.005431898444077,-0.0,0.003107118332573082,[0.00232083]
1979-02-01,1979-03-01,lag_2,0.0049748848264123,0.00012086362439466303,0.003107118332573082,[0.00232083]
1979-02-01,1979-03-01,lag_3,0.0076865673724948,0.00017600174927272471,0.003107118332573082,[0.00232083]
1979-02-01,1979-03-01,lag_4,0.0074708832622936,0.0,0.003107118332573082,[0.00232083]
1979-02-01,1979-03-01,lag_5,0.0025309942048967,-0.0,0.003107118332573082,[0.00232083]
1979-02-01,1979-03-01,lag_6,0.0040954125102032,0.0,0.003107118332573082,[0.00232083]
1979-02-01,1979-03-01,lag_7,-0.0008247749395784,-0.0,0.003107118332573082,[0.00232083]
1979-02-01,1979-03-01,lag_8,0.0064680725447341,0.0,0.003107118332573082,[0.00232083]
1979-02-01,1979-03-01,lag_9,0.0046552251817142,0.0,0.003107118332573082,[0.00232083]
1979-02-01,1979-03-01,lag_10,0.0200739523307373,0.0,0.003107118332573082,[0.00232083]
1979-02-01,1979-03-01,lag_11,0.0189873192292036,0.0,0.003107118332573082,[0.00232083]
1979-02-01,1979-03-01,volatility_3m,0.005953051661467274,0.0,0.003107118332573082,[0.00232083]
1979-03-01,1979-04-01,lag_0,0.0032602093161364,-8.304701259584962e-05,0.001749061087153304,[0.0023663]
1979-03-01,1979-04-01,lag_1,0.0047805468665731,3.6478343158805883e-06,0.001749061087153304,[0.0023663]
1979-03-01,1979-04-01,lag_2,-0.005431898444077,-0.0005936695917937378,0.001749061087153304,[0.0023663]
1979-03-01,1979-04-01,lag_3,0.0049748848264123,5.583010403679105e-05,0.001749061087153304,[0.0023663]
1979-03-01,1979-04-01,lag_4,0.0076865673724948,0.0,0.001749061087153304,[0.0023663]
1979-03-01,1979-04-01,lag_5,0.0074708832622936,0.0,0.001749061087153304,[0.0023663]
1979-03-01,1979-04-01,lag_6,0.0025309942048967,-0.0,0.001749061087153304,[0.0023663]
1979-03-01,1979-04-01,lag_7,0.0040954125102032,0.0,0.001749061087153304,[0.0023663]
1979-03-01,1979-04-01,lag_8,-0.0008247749395784,-0.0,0.001749061087153304,[0.0023663]
1979-03-01,1979-04-01,lag_9,0.0064680725447341,0.0,0.001749061087153304,[0.0023663]
1979-03-01,1979-04-01,lag_10,0.0046552251817142,0.0,0.001749061087153304,[0.0023663]
1979-03-01,1979-04-01,lag_11,0.0200739523307373,0.0,0.001749061087153304,[0.0023663]
1979-03-01,1979-04-01,volatility_3m,0.005509963744669728,-0.0,0.001749061087153304,[0.0023663]
1979-04-01,1979-05-01,lag_0,-0.0120874549161809,-0.005078829104686471,-0.002941286738431313,[0.00231139]
1979-04-01,1979-05-01,lag_1,0.0032602093161364,-0.0,-0.002941286738431313,[0.00231139]
1979-04-01,1979-05-01,lag_2,0.0047805468665731,0.00011356014199580599,-0.002941286738431313,[0.00231139]
1979-04-01,1979-05-01,lag_3,-0.005431898444077,-0.0002874036506097379,-0.002941286738431313,[0.00231139]
1979-04-01,1979-05-01,lag_4,0.0049748848264123,0.0,-0.002941286738431313,[0.00231139]
1979-04-01,1979-05-01,lag_5,0.0076865673724948,0.0,-0.002941286738431313,[0.00231139]
1979-04-01,1979-05-01,lag_6,0.0074708832622936,0.0,-0.002941286738431313,[0.00231139]
1979-04-01,1979-05-01,lag_7,0.0025309942048967,-0.0,-0.002941286738431313,[0.00231139]
1979-04-01,1979-05-01,lag_8,0.0040954125102032,0.0,-0.002941286738431313,[0.00231139]
1979-04-01,1979-05-01,lag_9,-0.0008247749395784,-0.0,-0.002941286738431313,[0.00231139]
1979-04-01,1979-05-01,lag_10,0.0064680725447341,0.0,-0.002941286738431313,[0.00231139]
1979-04-01,1979-05-01,lag_11,0.0046552251817142,0.0,-0.002941286738431313,[0.00231139]
1979-04-01,1979-05-01,volatility_3m,0.009330878020477778,0.0,-0.002941286738431313,[0.00231139]
1979-05-01,1979-06-01,lag_0,0.0090277066611546,0.0017290014482144627,0.00404447336952576,[0.00231594]
1979-05-01,1979-06-01,lag_1,-0.0120874549161809,-0.0,0.00404447336952576,[0.00231594]
1979-05-01,1979-06-01,lag_2,0.0032602093161364,-2.2652364833435102e-05,0.00404447336952576,[0.00231594]
1979-05-01,1979-06-01,lag_3,0.0047805468665731,2.218359357633119e-05,0.00404447336952576,[0.00231594]
1979-05-01,1979-06-01,lag_4,-0.005431898444077,-0.0,0.00404447336952576,[0.00231594]
1979-05-01,1979-06-01,lag_5,0.0049748848264123,0.0,0.00404447336952576,[0.00231594]
1979-05-01,1979-06-01,lag_6,0.0076865673724948,0.0,0.00404447336952576,[0.00231594]
1979-05-01,1979-06-01,lag_7,0.0074708832622936,0.0,0.00404447336952576,[0.00231594]
1979-05-01,1979-06-01,lag_8,0.0025309942048967,-0.0,0.00404447336952576,[0.00231594]
1979-05-01,1979-06-01,lag_9,0.0040954125102032,0.0,0.00404447336952576,[0.00231594]
1979-05-01,1979-06-01,lag_10,-0.0008247749395784,-0.0,0.00404447336952576,[0.00231594]
1979-05-01,1979-06-01,lag_11,0.0064680725447341,0.0,0.00404447336952576,[0.00231594]
1979-05-01,1979-06-01,volatility_3m,0.010913789988280341,0.0,0.00404447336952576,[0.00231594]
1979-06-01,1979-07-01,lag_0,0.0002100554920372,-0.0,0.0020594283463122856,[0.00205943]
1979-06-01,1979-07-01,lag_1,0.0090277066611546,0.0,0.0020594283463122856,[0.00205943]
1979-06-01,1979-07-01,lag_2,-0.0120874549161809,-0.0,0.0020594283463122856,[0.00205943]
1979-06-01,1979-07-01,lag_3,0.0032602093161364,-0.0,0.0020594283463122856,[0.00205943]
1979-06-01,1979-07-01,lag_4,0.0047805468665731,0.0,0.0020594283463122856,[0.00205943]
1979-06-01,1979-07-01,lag_5,-0.005431898444077,-0.0,0.0020594283463122856,[0.00205943]
1979-06-01,1979-07-01,lag_6,0.0049748848264123,0.0,0.0020594283463122856,[0.00205943]
1979-06-01,1979-07-01,lag_7,0.0076865673724948,0.0,0.0020594283463122856,[0.00205943]
1979-06-01,1979-07-01,lag_8,0.0074708832622936,0.0,0.0020594283463122856,[0.00205943]
1979-06-01,1979-07-01,lag_9,0.0025309942048967,-0.0,0.0020594283463122856,[0.00205943]
1979-06-01,1979-07-01,lag_10,0.0040954125102032,0.0,0.0020594283463122856,[0.00205943]
1979-06-01,1979-07-01,lag_11,-0.0008247749395784,-0.0,0.0020594283463122856,[0.00205943]
1979-06-01,1979-07-01,volatility_3m,0.010605264280986867,0.0,0.0020594283463122856,[0.00205943]
1979-07-01,1979-08-01,lag_0,-0.001673960096288,-0.0,0.00202232625158315,[0.00202233]
1979-07-01,1979-08-01,lag_1,0.0002100554920372,-0.0,0.00202232625158315,[0.00202233]
1979-07-01,1979-08-01,lag_2,0.0090277066611546,0.0,0.00202232625158315,[0.00202233]
1979-07-01,1979-08-01,lag_3,-0.0120874549161809,-0.0,0.00202232625158315,[0.00202233]
1979-07-01,1979-08-01,lag_4,0.0032602093161364,-0.0,0.00202232625158315,[0.00202233]
1979-07-01,1979-08-01,lag_5,0.0047805468665731,0.0,0.00202232625158315,[0.00202233]
1979-07-01,1979-08-01,lag_6,-0.005431898444077,-0.0,0.00202232625158315,[0.00202233]
1979-07-01,1979-08-01,lag_7,0.0049748848264123,0.0,0.00202232625158315,[0.00202233]
1979-07-01,1979-08-01,lag_8,0.0076865673724948,0.0,0.00202232625158315,[0.00202233]
1979-07-01,1979-08-01,lag_9,0.0074708832622936,0.0,0.00202232625158315,[0.00202233]
1979-07-01,1979-08-01,lag_10,0.0025309942048967,-0.0,0.00202232625158315,[0.00202233]
1979-07-01,1979-08-01,lag_11,0.0040954125102032,0.0,0.00202232625158315,[0.00202233]
1979-07-01,1979-08-01,volatility_3m,0.005712940840242175,-0.0,0.00202232625158315,[0.00202233]
1979-08-01,1979-09-01,lag_0,-0.0066093633100501,-0.0,0.001990121875773936,[0.00199012]
1979-08-01,1979-09-01,lag_1,-0.001673960096288,-0.0,0.001990121875773936,[0.00199012]
1979-08-01,1979-09-01,lag_2,0.0002100554920372,-0.0,0.001990121875773936,[0.00199012]
1979-08-01,1979-09-01,lag_3,0.0090277066611546,0.0,0.001990121875773936,[0.00199012]
1979-08-01,1979-09-01,lag_4,-0.0120874549161809,-0.0,0.001990121875773936,[0.00199012]
1979-08-01,1979-09-01,lag_5,0.0032602093161364,-0.0,0.001990121875773936,[0.00199012]
1979-08-01,1979-09-01,lag_6,0.0047805468665731,0.0,0.001990121875773936,[0.00199012]
1979-08-01,1979-09-01,lag_7,-0.005431898444077,-0.0,0.001990121875773936,[0.00199012]
1979-08-01,1979-09-01,lag_8,0.0049748848264123,0.0,0.001990121875773936,[0.00199012]
1979-08-01,1979-09-01,lag_9,0.0076865673724948,0.0,0.001990121875773936,[0.00199012]
1979-08-01,1979-09-01,lag_10,0.0074708832622936,0.0,0.001990121875773936,[0.00199012]
1979-08-01,1979-09-01,lag_11,0.0025309942048967,-0.0,0.001990121875773936,[0.00199012]
1979-08-01,1979-09-01,volatility_3m,0.003521651895009107,-0.0,0.001990121875773936,[0.00199012]
1979-09-01,1979-10-01,lag_0,-0.0001690500460171,-0.0,0.0020016237582783643,[0.00200162]
1979-09-01,1979-10-01,lag_1,-0.0066093633100501,-0.0,0.0020016237582783643,[0.00200162]
1979-09-01,1979-10-01,lag_2,-0.001673960096288,-0.0,0.0020016237582783643,[0.00200162]
1979-09-01,1979-10-01,lag_3,0.0002100554920372,-0.0,0.0020016237582783643,[0.00200162]
1979-09-01,1979-10-01,lag_4,0.0090277066611546,0.0,0.0020016237582783643,[0.00200162]
1979-09-01,1979-10-01,lag_5,-0.0120874549161809,-0.0,0.0020016237582783643,[0.00200162]
1979-09-01,1979-10-01,lag_6,0.0032602093161364,-0.0,0.0020016237582783643,[0.00200162]
1979-09-01,1979-10-01,lag_7,0.0047805468665731,0.0,0.0020016237582783643,[0.00200162]
1979-09-01,1979-10-01,lag_8,-0.005431898444077,-0.0,0.0020016237582783643,[0.00200162]
1979-09-01,1979-10-01,lag_9,0.0049748848264123,0.0,0.0020016237582783643,[0.00200162]
1979-09-01,1979-10-01,lag_10,0.0076865673724948,0.0,0.0020016237582783643,[0.00200162]
1979-09-01,1979-10-01,lag_11,0.0074708832622936,0.0,0.0020016237582783643,[0.00200162]
1979-09-01,1979-10-01,volatility_3m,0.003368990800440072,-0.0,0.0020016237582783643,[0.00200162]
1979-10-01,1979-11-01,lag_0,0.0072357520580763,0.0,0.002009999871543705,[0.00201]
1979-10-01,1979-11-01,lag_1,-0.0001690500460171,-0.0,0.002009999871543705,[0.00201]
1979-10-01,1979-11-01,lag_2,-0.0066093633100501,-0.0,0.002009999871543705,[0.00201]
1979-10-01,1979-11-01,lag_3,-0.001673960096288,-0.0,0.002009999871543705,[0.00201]
1979-10-01,1979-11-01,lag_4,0.0002100554920372,-0.0,0.002009999871543705,[0.00201]
1979-10-01,1979-11-01,lag_5,0.0090277066611546,0.0,0.002009999871543705,[0.00201]
1979-10-01,1979-11-01,lag_6,-0.0120874549161809,-0.0,0.002009999871543705,[0.00201]
1979-10-01,1979-11-01,lag_7,0.0032602093161364,-0.0,0.002009999871543705,[0.00201]
1979-10-01,1979-11-01,lag_8,0.0047805468665731,0.0,0.002009999871543705,[0.00201]
1979-10-01,1979-11-01,lag_9,-0.005431898444077,-0.0,0.002009999871543705,[0.00201]
1979-10-01,1979-11-01,lag_10,0.0049748848264123,0.0,0.002009999871543705,[0.00201]
1979-10-01,1979-11-01,lag_11,0.0076865673724948,0.0,0.002009999871543705,[0.00201]
1979-10-01,1979-11-01,volatility_3m,0.0069281545004952465,0.0,0.002009999871543705,[0.00201]
1979-11-01,1979-12-01,lag_0,-0.0015503953910003,-0.0,0.0019794833094916938,[0.00197948]
1979-11-01,1979-12-01,lag_1,0.0072357520580763,0.0,0.0019794833094916938,[0.00197948]
1979-11-01,1979-12-01,lag_2,-0.0001690500460171,-0.0,0.0019794833094916938,[0.00197948]
1979-11-01,1979-12-01,lag_3,-0.0066093633100501,-0.0,0.0019794833094916938,[0.00197948]
1979-11-01,1979-12-01,lag_4,-0.001673960096288,-0.0,0.0019794833094916938,[0.00197948]
1979-11-01,1979-12-01,lag_5,0.0002100554920372,-0.0,0.0019794833094916938,[0.00197948]
1979-11-01,1979-12-01,lag_6,0.0090277066611546,0.0,0.0019794833094916938,[0.00197948]
1979-11-01,1979-12-01,lag_7,-0.0120874549161809,-0.0,0.0019794833094916938,[0.00197948]
1979-11-01,1979-12-01,lag_8,0.0032602093161364,-0.0,0.0019794833094916938,[0.00197948]
1979-11-01,1979-12-01,lag_9,0.0047805468665731,0.0,0.0019794833094916938,[0.00197948]
1979-11-01,1979-12-01,lag_10,-0.005431898444077,-0.0,0.0019794833094916938,[0.00197948]
1979-11-01,1979-12-01,lag_11,0.0049748848264123,0.0,0.0019794833094916938,[0.00197948]
1979-11-01,1979-12-01,volatility_3m,0.00472467981560317,-0.0,0.0019794833094916938,[0.00197948]
1979-12-01,1980-01-01,lag_0,0.0006702665574493,-0.0,0.001936433332214875,[0.00193643]
1979-12-01,1980-01-01,lag_1,-0.0015503953910003,-0.0,0.001936433332214875,[0.00193643]
1979-12-01,1980-01-01,lag_2,0.0072357520580763,0.0,0.001936433332214875,[0.00193643]
1979-12-01,1980-01-01,lag_3,-0.0001690500460171,-0.0,0.001936433332214875,[0.00193643]
1979-12-01,1980-01-01,lag_4,-0.0066093633100501,-0.0,0.001936433332214875,[0.00193643]
1979-12-01,1980-01-01,lag_5,-0.001673960096288,-0.0,0.001936433332214875,[0.00193643]
1979-12-01,1980-01-01,lag_6,0.0002100554920372,-0.0,0.001936433332214875,[0.00193643]
1979-12-01,1980-01-01,lag_7,0.0090277066611546,0.0,0.001936433332214875,[0.00193643]
1979-12-01,1980-01-01,lag_8,-0.0120874549161809,-0.0,0.001936433332214875,[0.00193643]
1979-12-01,1980-01-01,lag_9,0.0032602093161364,-0.0,0.001936433332214875,[0.00193643]
1979-12-01,1980-01-01,lag_10,0.0047805468665731,0.0,0.001936433332214875,[0.00193643]
1979-12-01,1980-01-01,lag_11,-0.005431898444077,-0.0,0.001936433332214875,[0.00193643]
1979-12-01,1980-01-01,volatility_3m,0.004568612596568579,-0.0,0.001936433332214875,[0.00193643]
1980-01-01,1980-02-01,lag_0,0.0053940357465207,0.0,0.001999200431229072,[0.0019992]
1980-01-01,1980-02-01,lag_1,0.0006702665574493,-0.0,0.001999200431229072,[0.0019992]
1980-01-01,1980-02-01,lag_2,-0.0015503953910003,-0.0,0.001999200431229072,[0.0019992]
1980-01-01,1980-02-01,lag_3,0.0072357520580763,0.0,0.001999200431229072,[0.0019992]
1980-01-01,1980-02-01,lag_4,-0.0001690500460171,-0.0,0.001999200431229072,[0.0019992]
1980-01-01,1980-02-01,lag_5,-0.0066093633100501,-0.0,0.001999200431229072,[0.0019992]
1980-01-01,1980-02-01,lag_6,-0.001673960096288,-0.0,0.001999200431229072,[0.0019992]
1980-01-01,1980-02-01,lag_7,0.0002100554920372,-0.0,0.001999200431229072,[0.0019992]
1980-01-01,1980-02-01,lag_8,0.0090277066611546,0.0,0.001999200431229072,[0.0019992]
1980-01-01,1980-02-01,lag_9,-0.0120874549161809,-0.0,0.001999200431229072,[0.0019992]
1980-01-01,1980-02-01,lag_10,0.0032602093161364,-0.0,0.001999200431229072,[0.0019992]
1980-01-01,1980-02-01,lag_11,0.0047805468665731,0.0,0.001999200431229072,[0.0019992]
1980-01-01,1980-02-01,volatility_3m,0.0035466053878951973,-0.0,0.001999200431229072,[0.0019992]
1980-02-01,1980-03-01,lag_0,0.0002707635837602,-0.0,0.0019487042200352865,[0.0019487]
1980-02-01,1980-03-01,lag_1,0.0053940357465207,0.0,0.0019487042200352865,[0.0019487]
1980-02-01,1980-03-01,lag_2,0.0006702665574493,-0.0,0.0019487042200352865,[0.0019487]
1980-02-01,1980-03-01,lag_3,-0.0015503953910003,-0.0,0.0019487042200352865,[0.0019487]
1980-02-01,1980-03-01,lag_4,0.0072357520580763,0.0,0.0019487042200352865,[0.0019487]
1980-02-01,1980-03-01,lag_5,-0.0001690500460171,-0.0,0.0019487042200352865,[0.0019487]
1980-02-01,1980-03-01,lag_6,-0.0066093633100501,-0.0,0.0019487042200352865,[0.0019487]
1980-02-01,1980-03-01,lag_7,-0.001673960096288,-0.0,0.0019487042200352865,[0.0019487]
1980-02-01,1980-03-01,lag_8,0.0002100554920372,-0.0,0.0019487042200352865,[0.0019487]
1980-02-01,1980-03-01,lag_9,0.0090277066611546,0.0,0.0019487042200352865,[0.0019487]
1980-02-01,1980-03-01,lag_10,-0.0120874549161809,-0.0,0.0019487042200352865,[0.0019487]
1980-02-01,1980-03-01,lag_11,0.0032602093161364,-0.0,0.0019487042200352865,[0.0019487]
1980-02-01,1980-03-01,volatility_3m,0.0028496056929372803,-0.0,0.0019487042200352865,[0.0019487]
1980-03-01,1980-04-01,lag_0,-0.0040788112574068,-0.0,0.0019058674157404953,[0.00190587]
1980-03-01,1980-04-01,lag_1,0.0002707635837602,-0.0,0.0019058674157404953,[0.00190587]
1980-03-01,1980-04-01,lag_2,0.0053940357465207,0.0,0.0019058674157404953,[0.00190587]
1980-03-01,1980-04-01,lag_3,0.0006702665574493,-0.0,0.0019058674157404953,[0.00190587]
1980-03-01,1980-04-01,lag_4,-0.0015503953910003,-0.0,0.0019058674157404953,[0.00190587]
1980-03-01,1980-04-01,lag_5,0.0072357520580763,0.0,0.0019058674157404953,[0.00190587]
1980-03-01,1980-04-01,lag_6,-0.0001690500460171,-0.0,0.0019058674157404953,[0.00190587]
1980-03-01,1980-04-01,lag_7,-0.0066093633100501,-0.0,0.0019058674157404953,[0.00190587]
1980-03-01,1980-04-01,lag_8,-0.001673960096288,-0.0,0.0019058674157404953,[0.00190587]
1980-03-01,1980-04-01,lag_9,0.0002100554920372,-0.0,0.0019058674157404953,[0.00190587]
1980-03-01,1980-04-01,lag_10,0.0090277066611546,0.0,0.0019058674157404953,[0.00190587]
1980-03-01,1980-04-01,lag_11,-0.0120874549161809,-0.0,0.0019058674157404953,[0.00190587]
1980-03-01,1980-04-01,volatility_3m,0.0047416865725261334,-0.0,0.0019058674157404953,[0.00190587]
1980-04-01,1980-05-01,lag_0,-0.0200630429249257,-0.0,0.0017702455109126684,[0.00177025]
1980-04-01,1980-05-01,lag_1,-0.0040788112574068,-0.0,0.0017702455109126684,[0.00177025]
1980-04-01,1980-05-01,lag_2,0.0002707635837602,-0.0,0.0017702455109126684,[0.00177025]
1980-04-01,1980-05-01,lag_3,0.0053940357465207,0.0,0.0017702455109126684,[0.00177025]
1980-04-01,1980-05-01,lag_4,0.0006702665574493,-0.0,0.0017702455109126684,[0.00177025]
1980-04-01,1980-05-01,lag_5,-0.0015503953910003,-0.0,0.0017702455109126684,[0.00177025]
1980-04-01,1980-05-01,lag_6,0.0072357520580763,0.0,0.0017702455109126684,[0.00177025]
1980-04-01,1980-05-01,lag_7,-0.0001690500460171,-0.0,0.0017702455109126684,[0.00177025]
1980-04-01,1980-05-01,lag_8,-0.0066093633100501,-0.0,0.0017702455109126684,[0.00177025]
1980-04-01,1980-05-01,lag_9,-0.001673960096288,-0.0,0.0017702455109126684,[0.00177025]
1980-04-01,1980-05-01,lag_10,0.0002100554920372,-0.0,0.0017702455109126684,[0.00177025]
1980-04-01,1980-05-01,lag_11,0.0090277066611546,0.0,0.0017702455109126684,[0.00177025]
1980-04-01,1980-05-01,volatility_3m,0.01070730397464354,0.0,0.0017702455109126684,[0.00177025]
1980-05-01,1980-06-01,lag_0,-0.0249085104965822,-0.0,0.0016173139520205535,[0.00161731]
1980-05-01,1980-06-01,lag_1,-0.0200630429249257,-0.0,0.0016173139520205535,[0.00161731]
1980-05-01,1980-06-01,lag_2,-0.0040788112574068,-0.0,0.0016173139520205535,[0.00161731]
1980-05-01,1980-06-01,lag_3,0.0002707635837602,-0.0,0.0016173139520205535,[0.00161731]
1980-05-01,1980-06-01,lag_4,0.0053940357465207,0.0,0.0016173139520205535,[0.00161731]
1980-05-01,1980-06-01,lag_5,0.0006702665574493,-0.0,0.0016173139520205535,[0.00161731]
1980-05-01,1980-06-01,lag_6,-0.0015503953910003,-0.0,0.0016173139520205535,[0.00161731]
1980-05-01,1980-06-01,lag_7,0.0072357520580763,0.0,0.0016173139520205535,[0.00161731]
1980-05-01,1980-06-01,lag_8,-0.0001690500460171,-0.0,0.0016173139520205535,[0.00161731]
1980-05-01,1980-06-01,lag_9,-0.0066093633100501,-0.0,0.0016173139520205535,[0.00161731]
1980-05-01,1980-06-01,lag_10,-0.001673960096288,-0.0,0.0016173139520205535,[0.00161731]
1980-05-01,1980-06-01,lag_11,0.0002100554920372,-0.0,0.0016173139520205535,[0.00161731]
1980-05-01,1980-06-01,volatility_3m,0.0108999280455071,0.0,0.0016173139520205535,[0.00161731]
1980-06-01,1980-07-01,lag_0,-0.0130064388579431,-0.005654182446160263,-0.007154243122169004,[0.00169136]
1980-06-01,1980-07-01,lag_1,-0.0249085104965822,-0.0007778818635210854,-0.007154243122169004,[0.00169136]
1980-06-01,1980-07-01,lag_2,-0.0200630429249257,-0.0022856249819672636,-0.007154243122169004,[0.00169136]
1980-06-01,1980-07-01,lag_3,-0.0040788112574068,-0.00026030408258938595,-0.007154243122169004,[0.00169136]
1980-06-01,1980-07-01,lag_4,0.0002707635837602,-0.0,-0.007154243122169004,[0.00169136]
1980-06-01,1980-07-01,lag_5,0.0053940357465207,0.0,-0.007154243122169004,[0.00169136]
1980-06-01,1980-07-01,lag_6,0.0006702665574493,-0.0,-0.007154243122169004,[0.00169136]
1980-06-01,1980-07-01,lag_7,-0.0015503953910003,-0.0,-0.007154243122169004,[0.00169136]
1980-06-01,1980-07-01,lag_8,0.0072357520580763,0.00013239377064343938,-0.007154243122169004,[0.00169136]
1980-06-01,1980-07-01,lag_9,-0.0001690500460171,-0.0,-0.007154243122169004,[0.00169136]
1980-06-01,1980-07-01,lag_10,-0.0066093633100501,-0.0,-0.007154243122169004,[0.00169136]
1980-06-01,1980-07-01,lag_11,-0.001673960096288,-0.0,-0.007154243122169004,[0.00169136]
1980-06-01,1980-07-01,volatility_3m,0.005985169535853146,0.0,-0.007154243122169004,[0.00169136]
1980-07-01,1980-08-01,lag_0,-0.0070588214834401,-0.0033915174792334586,-0.005848183332064013,[0.00155241]
1980-07-01,1980-08-01,lag_1,-0.0130064388579431,-0.00031108230615639403,-0.005848183332064013,[0.00155241]
1980-07-01,1980-08-01,lag_2,-0.0249085104965822,-0.002629234933186636,-0.005848183332064013,[0.00155241]
1980-07-01,1980-08-01,lag_3,-0.0200630429249257,-0.0009295089734402265,-0.005848183332064013,[0.00155241]
1980-07-01,1980-08-01,lag_4,-0.0040788112574068,-0.0,-0.005848183332064013,[0.00155241]
1980-07-01,1980-08-01,lag_5,0.0002707635837602,-0.0,-0.005848183332064013,[0.00155241]
1980-07-01,1980-08-01,lag_6,0.0053940357465207,0.0,-0.005848183332064013,[0.00155241]
1980-07-01,1980-08-01,lag_7,0.0006702665574493,-0.0,-0.005848183332064013,[0.00155241]
1980-07-01,1980-08-01,lag_8,-0.0015503953910003,-0.00013924980312535234,-0.005848183332064013,[0.00155241]
1980-07-01,1980-08-01,lag_9,0.0072357520580763,0.0,-0.005848183332064013,[0.00155241]
1980-07-01,1980-08-01,lag_10,-0.0001690500460171,-0.0,-0.005848183332064013,[0.00155241]
1980-07-01,1980-08-01,lag_11,-0.0066093633100501,-0.0,-0.005848183332064013,[0.00155241]
1980-07-01,1980-08-01,volatility_3m,0.009088865528680986,0.0,-0.005848183332064013,[0.00155241]
1980-08-01,1980-09-01,lag_0,0.0031306452630932,0.0004748660526728163,-0.0004142003297765407,[0.00151053]
1980-08-01,1980-09-01,lag_1,-0.0070588214834401,-0.00025035673061823613,-0.0004142003297765407,[0.00151053]
1980-08-01,1980-09-01,lag_2,-0.0130064388579431,-0.0011364583678583544,-0.0004142003297765407,[0.00151053]
1980-08-01,1980-09-01,lag_3,-0.0249085104965822,-0.0009341730221512565,-0.0004142003297765407,[0.00151053]
1980-08-01,1980-09-01,lag_4,-0.0200630429249257,-0.0,-0.0004142003297765407,[0.00151053]
1980-08-01,1980-09-01,lag_5,-0.0040788112574068,-0.0,-0.0004142003297765407,[0.00151053]
1980-08-01,1980-09-01,lag_6,0.0002707635837602,-0.0,-0.0004142003297765407,[0.00151053]
1980-08-01,1980-09-01,lag_7,0.0053940357465207,0.0,-0.0004142003297765407,[0.00151053]
1980-08-01,1980-09-01,lag_8,0.0006702665574493,-7.860979377236193e-05,-0.0004142003297765407,[0.00151053]
1980-08-01,1980-09-01,lag_9,-0.0015503953910003,-0.0,-0.0004142003297765407,[0.00151053]
1980-08-01,1980-09-01,lag_10,0.0072357520580763,0.0,-0.0004142003297765407,[0.00151053]
1980-08-01,1980-09-01,lag_11,-0.0001690500460171,-0.0,-0.0004142003297765407,[0.00151053]
1980-08-01,1980-09-01,volatility_3m,0.008160932023382295,0.0,-0.0004142003297765407,[0.00151053]
1980-09-01,1980-10-01,lag_0,0.0163657788171902,0.00562125022303632,0.006616519292185987,[0.00155826]
1980-09-01,1980-10-01,lag_1,0.0031306452630932,2.43318733353567e-05,0.006616519292185987,[0.00155826]
1980-09-01,1980-10-01,lag_2,-0.0070588214834401,-0.0006507515063477351,0.006616519292185987,[0.00155826]
1980-09-01,1980-10-01,lag_3,-0.0130064388579431,-0.0,0.006616519292185987,[0.00155826]
1980-09-01,1980-10-01,lag_4,-0.0249085104965822,-0.0,0.006616519292185987,[0.00155826]
1980-09-01,1980-10-01,lag_5,-0.0200630429249257,-0.0,0.006616519292185987,[0.00155826]
1980-09-01,1980-10-01,lag_6,-0.0040788112574068,-0.0,0.006616519292185987,[0.00155826]
1980-09-01,1980-10-01,lag_7,0.0002707635837602,-0.0,0.006616519292185987,[0.00155826]
1980-09-01,1980-10-01,lag_8,0.0053940357465207,6.343278811604141e-05,0.006616519292185987,[0.00155826]
1980-09-01,1980-10-01,lag_9,0.0006702665574493,-0.0,0.006616519292185987,[0.00155826]
1980-09-01,1980-10-01,lag_10,-0.0015503953910003,-0.0,0.006616519292185987,[0.00155826]
1980-09-01,1980-10-01,lag_11,0.0072357520580763,0.0,0.006616519292185987,[0.00155826]
1980-09-01,1980-10-01,volatility_3m,0.011745253594663827,0.0,0.006616519292185987,[0.00155826]
1980-10-01,1980-11-01,lag_0,0.0126315442892757,0.004178040963276001,0.006105557997848986,[0.00163033]
1980-10-01,1980-11-01,lag_1,0.0163657788171902,0.00031349650635981104,0.006105557997848986,[0.00163033]
1980-10-01,1980-11-01,lag_2,0.0031306452630932,7.967142756899656e-05,0.006105557997848986,[0.00163033]
1980-10-01,1980-11-01,lag_3,-0.0070588214834401,-0.0,0.006105557997848986,[0.00163033]
1980-10-01,1980-11-01,lag_4,-0.0130064388579431,-0.0,0.006105557997848986,[0.00163033]
1980-10-01,1980-11-01,lag_5,-0.0249085104965822,-0.0,0.006105557997848986,[0.00163033]
1980-10-01,1980-11-01,lag_6,-0.0200630429249257,-0.0,0.006105557997848986,[0.00163033]
1980-10-01,1980-11-01,lag_7,-0.0040788112574068,-0.0,0.006105557997848986,[0.00163033]
1980-10-01,1980-11-01,lag_8,0.0002707635837602,-9.598122157771497e-05,0.006105557997848986,[0.00163033]
1980-10-01,1980-11-01,lag_9,0.0053940357465207,0.0,0.006105557997848986,[0.00163033]
1980-10-01,1980-11-01,lag_10,0.0006702665574493,-0.0,0.006105557997848986,[0.00163033]
1980-10-01,1980-11-01,lag_11,-0.0015503953910003,-0.0,0.006105557997848986,[0.00163033]
1980-10-01,1980-11-01,volatility_3m,0.006823737368065107,0.0,0.006105557997848986,[0.00163033]
1980-11-01,1980-12-01,lag_0,0.0166035078210593,0.005699392232019639,0.008537181984611534,[0.00175597]
1980-11-01,1980-12-01,lag_1,0.0126315442892757,0.00037646716331106553,0.008537181984611534,[0.00175597]
1980-11-01,1980-12-01,lag_2,0.0163657788171902,0.0009361343005070653,0.008537181984611534,[0.00175597]
1980-11-01,1980-12-01,lag_3,0.0031306452630932,0.0,0.008537181984611534,[0.00175597]
1980-11-01,1980-12-01,lag_4,-0.0070588214834401,-0.0,0.008537181984611534,[0.00175597]
1980-11-01,1980-12-01,lag_5,-0.0130064388579431,-0.0,0.008537181984611534,[0.00175597]
1980-11-01,1980-12-01,lag_6,-0.0249085104965822,-0.0,0.008537181984611534,[0.00175597]
1980-11-01,1980-12-01,lag_7,-0.0200630429249257,-0.0,0.008537181984611534,[0.00175597]
1980-11-01,1980-12-01,lag_8,-0.0040788112574068,-0.0002307805596996335,0.008537181984611534,[0.00175597]
1980-11-01,1980-12-01,lag_9,0.0002707635837602,-0.0,0.008537181984611534,[0.00175597]
1980-11-01,1980-12-01,lag_10,0.0053940357465207,0.0,0.008537181984611534,[0.00175597]
1980-11-01,1980-12-01,lag_11,0.0006702665574493,-0.0,0.008537181984611534,[0.00175597]
1980-11-01,1980-12-01,volatility_3m,0.0022277610915658595,-0.0,0.008537181984611534,[0.00175597]
1980-12-01,1981-01-01,lag_0,0.0066346668586829,0.001720835342270951,0.0038789839379005818,[0.00183582]
1980-12-01,1981-01-01,lag_1,0.0166035078210593,0.0003911887379225039,0.0038789839379005818,[0.00183582]
1980-12-01,1981-01-01,lag_2,0.0126315442892757,0.0006001786801016528,0.0038789839379005818,[0.00183582]
1980-12-01,1981-01-01,lag_3,0.0163657788171902,0.0,0.0038789839379005818,[0.00183582]
1980-12-01,1981-01-01,lag_4,0.0031306452630932,0.0,0.0038789839379005818,[0.00183582]
1980-12-01,1981-01-01,lag_5,-0.0070588214834401,-0.0,0.0038789839379005818,[0.00183582]
1980-12-01,1981-01-01,lag_6,-0.0130064388579431,-0.0,0.0038789839379005818,[0.00183582]
1980-12-01,1981-01-01,lag_7,-0.0249085104965822,-0.0,0.0038789839379005818,[0.00183582]
1980-12-01,1981-01-01,lag_8,-0.0200630429249257,-0.0006690423864010675,0.0038789839379005818,[0.00183582]
1980-12-01,1981-01-01,lag_9,-0.0040788112574068,-0.0,0.0038789839379005818,[0.00183582]
1980-12-01,1981-01-01,lag_10,0.0002707635837602,-0.0,0.0038789839379005818,[0.00183582]
1980-12-01,1981-01-01,lag_11,0.0053940357465207,0.0,0.0038789839379005818,[0.00183582]
1980-12-01,1981-01-01,volatility_3m,0.005018579203794068,-0.0,0.0038789839379005818,[0.00183582]
1981-01-01,1981-02-01,lag_0,-0.0064308903302907,-0.0033488255737498898,-0.0021246498421244988,[0.00172761]
1981-01-01,1981-02-01,lag_1,0.0066346668586829,0.00010140284143623838,-0.0021246498421244988,[0.00172761]
1981-01-01,1981-02-01,lag_2,0.0166035078210593,0.0007615308999131432,-0.0021246498421244988,[0.00172761]
1981-01-01,1981-02-01,lag_3,0.0126315442892757,0.0,-0.0021246498421244988,[0.00172761]
1981-01-01,1981-02-01,lag_4,0.0163657788171902,0.0,-0.0021246498421244988,[0.00172761]
1981-01-01,1981-02-01,lag_5,0.0031306452630932,0.0,-0.0021246498421244988,[0.00172761]
1981-01-01,1981-02-01,lag_6,-0.0070588214834401,-0.0,-0.0021246498421244988,[0.00172761]
1981-01-01,1981-02-01,lag_7,-0.0130064388579431,-0.0,-0.0021246498421244988,[0.00172761]
1981-01-01,1981-02-01,lag_8,-0.0249085104965822,-0.0013663699351317469,-0.0021246498421244988,[0.00172761]
1981-01-01,1981-02-01,lag_9,-0.0200630429249257,-0.0,-0.0021246498421244988,[0.00172761]
1981-01-01,1981-02-01,lag_10,-0.0040788112574068,-0.0,-0.0021246498421244988,[0.00172761]
1981-01-01,1981-02-01,lag_11,0.0002707635837602,-0.0,-0.0021246498421244988,[0.00172761]
1981-01-01,1981-02-01,volatility_3m,0.011551840206841576,0.0,-0.0021246498421244988,[0.00172761]
1981-02-01,1981-03-01,lag_0,-0.0042703433551958,-0.0025133897236782284,-0.0016716579296281362,[0.00163467]
1981-02-01,1981-03-01,lag_1,-0.0064308903302907,-0.0001898750178332518,-0.0016716579296281362,[0.00163467]
1981-02-01,1981-03-01,lag_2,0.0066346668586829,0.00022938318946715813,-0.0016716579296281362,[0.00163467]
1981-02-01,1981-03-01,lag_3,0.0166035078210593,0.0,-0.0016716579296281362,[0.00163467]
1981-02-01,1981-03-01,lag_4,0.0126315442892757,0.0,-0.0016716579296281362,[0.00163467]
1981-02-01,1981-03-01,lag_5,0.0163657788171902,0.0,-0.0016716579296281362,[0.00163467]
1981-02-01,1981-03-01,lag_6,0.0031306452630932,0.0,-0.0016716579296281362,[0.00163467]
1981-02-01,1981-03-01,lag_7,-0.0070588214834401,-0.0,-0.0016716579296281362,[0.00163467]
1981-02-01,1981-03-01,lag_8,-0.0130064388579431,-0.0008324479979927443,-0.0016716579296281362,[0.00163467]
1981-02-01,1981-03-01,lag_9,-0.0249085104965822,-0.0,-0.0016716579296281362,[0.00163467]
1981-02-01,1981-03-01,lag_10,-0.0200630429249257,-0.0,-0.0016716579296281362,[0.00163467]
1981-02-01,1981-03-01,lag_11,-0.0040788112574068,-0.0,-0.0016716579296281362,[0.00163467]
1981-02-01,1981-03-01,volatility_3m,0.007003522871321382,0.0,-0.0016716579296281362,[0.00163467]
1981-03-01,1981-04-01,lag_0,0.0050752464528769,0.0012510396024660486,0.00175449031847139,[0.00156334]
1981-03-01,1981-04-01,lag_1,-0.0042703433551958,-0.00010309976681646907,0.00175449031847139,[0.00156334]
1981-03-01,1981-04-01,lag_2,-0.0064308903302907,-0.0004469603206874949,0.00175449031847139,[0.00156334]
1981-03-01,1981-04-01,lag_3,0.0066346668586829,0.0,0.00175449031847139,[0.00156334]
1981-03-01,1981-04-01,lag_4,0.0166035078210593,0.0,0.00175449031847139,[0.00156334]
1981-03-01,1981-04-01,lag_5,0.0126315442892757,0.0,0.00175449031847139,[0.00156334]
1981-03-01,1981-04-01,lag_6,0.0163657788171902,0.0,0.00175449031847139,[0.00156334]
1981-03-01,1981-04-01,lag_7,0.0031306452630932,0.0,0.00175449031847139,[0.00156334]
1981-03-01,1981-04-01,lag_8,-0.0070588214834401,-0.0005098293180659403,0.00175449031847139,[0.00156334]
1981-03-01,1981-04-01,lag_9,-0.0130064388579431,-0.0,0.00175449031847139,[0.00156334]
1981-03-01,1981-04-01,lag_10,-0.0249085104965822,-0.0,0.00175449031847139,[0.00156334]
1981-03-01,1981-04-01,lag_11,-0.0200630429249257,-0.0,0.00175449031847139,[0.00156334]
1981-03-01,1981-04-01,volatility_3m,0.0061155429816889045,0.0,0.00175449031847139,[0.00156334]
1981-04-01,1981-05-01,lag_0,-0.0044064948298339,-0.0023947359757465966,-0.000996926992926015,[0.00154233]
1981-04-01,1981-05-01,lag_1,0.0050752464528769,7.051429748600361e-05,-0.000996926992926015,[0.00154233]
1981-04-01,1981-05-01,lag_2,-0.0042703433551958,-0.00027989835649035893,-0.000996926992926015,[0.00154233]
1981-04-01,1981-05-01,lag_3,-0.0064308903302907,-0.0,-0.000996926992926015,[0.00154233]
1981-04-01,1981-05-01,lag_4,0.0066346668586829,0.0,-0.000996926992926015,[0.00154233]
1981-04-01,1981-05-01,lag_5,0.0166035078210593,0.0,-0.000996926992926015,[0.00154233]
1981-04-01,1981-05-01,lag_6,0.0126315442892757,0.0,-0.000996926992926015,[0.00154233]
1981-04-01,1981-05-01,lag_7,0.0163657788171902,0.0,-0.000996926992926015,[0.00154233]
1981-04-01,1981-05-01,lag_8,0.0031306452630932,6.486111904186766e-05,-0.000996926992926015,[0.00154233]
1981-04-01,1981-05-01,lag_9,-0.0070588214834401,-0.0,-0.000996926992926015,[0.00154233]
1981-04-01,1981-05-01,lag_10,-0.0130064388579431,-0.0,-0.000996926992926015,[0.00154233]
1981-04-01,1981-05-01,lag_11,-0.0249085104965822,-0.0,-0.000996926992926015,[0.00154233]
1981-04-01,1981-05-01,volatility_3m,0.005435408660457536,-0.0,-0.000996926992926015,[0.00154233]
1981-05-01,1981-06-01,lag_0,0.0057152815915175,0.0015457979021690096,0.0038308073707587205,[0.00153431]
1981-05-01,1981-06-01,lag_1,-0.0044064948298339,-0.00011460630816273716,0.0038308073707587205,[0.00153431]
1981-05-01,1981-06-01,lag_2,0.0050752464528769,0.00015946416171776733,0.0038308073707587205,[0.00153431]
1981-05-01,1981-06-01,lag_3,-0.0042703433551958,-0.0,0.0038308073707587205,[0.00153431]
1981-05-01,1981-06-01,lag_4,-0.0064308903302907,-0.0,0.0038308073707587205,[0.00153431]
1981-05-01,1981-06-01,lag_5,0.0066346668586829,0.0,0.0038308073707587205,[0.00153431]
1981-05-01,1981-06-01,lag_6,0.0166035078210593,0.0,0.0038308073707587205,[0.00153431]
1981-05-01,1981-06-01,lag_7,0.0126315442892757,0.0,0.0038308073707587205,[0.00153431]
1981-05-01,1981-06-01,lag_8,0.0163657788171902,0.000705841500283105,0.0038308073707587205,[0.00153431]
1981-05-01,1981-06-01,lag_9,0.0031306452630932,0.0,0.0038308073707587205,[0.00153431]
1981-05-01,1981-06-01,lag_10,-0.0070588214834401,-0.0,0.0038308073707587205,[0.00153431]
1981-05-01,1981-06-01,lag_11,-0.0130064388579431,-0.0,0.0038308073707587205,[0.00153431]
1981-05-01,1981-06-01,volatility_3m,0.005668089340844675,-0.0,0.0038308073707587205,[0.00153431]
1981-06-01,1981-07-01,lag_0,0.005081934033587,0.0012317651427007092,0.002759600228198146,[0.00156019]
1981-06-01,1981-07-01,lag_1,0.0057152815915175,1.8360196025044307e-07,0.002759600228198146,[0.00156019]
1981-06-01,1981-07-01,lag_2,-0.0044064948298339,-0.00022399839022941727,0.002759600228198146,[0.00156019]
1981-06-01,1981-07-01,lag_3,0.0050752464528769,0.0,0.002759600228198146,[0.00156019]
1981-06-01,1981-07-01,lag_4,-0.0042703433551958,-0.0,0.002759600228198146,[0.00156019]
1981-06-01,1981-07-01,lag_5,-0.0064308903302907,-0.0,0.002759600228198146,[0.00156019]
1981-06-01,1981-07-01,lag_6,0.0066346668586829,0.0,0.002759600228198146,[0.00156019]
1981-06-01,1981-07-01,lag_7,0.0166035078210593,0.0,0.002759600228198146,[0.00156019]
1981-06-01,1981-07-01,lag_8,0.0126315442892757,0.00019146305728754592,0.002759600228198146,[0.00156019]
1981-06-01,1981-07-01,lag_9,0.0163657788171902,0.0,0.002759600228198146,[0.00156019]
1981-06-01,1981-07-01,lag_10,0.0031306452630932,0.0,0.002759600228198146,[0.00156019]
1981-06-01,1981-07-01,lag_11,-0.0070588214834401,-0.0,0.002759600228198146,[0.00156019]
1981-06-01,1981-07-01,volatility_3m,0.005669829058992292,-0.0,0.002759600228198146,[0.00156019]
1981-07-01,1981-08-01,lag_0,0.0065337407155321,0.0018266756201271855,0.003797642556741814,[0.00150412]
1981-07-01,1981-08-01,lag_1,0.005081934033587,4.5500726635004074e-05,0.003797642556741814,[0.00150412]
1981-07-01,1981-08-01,lag_2,0.0057152815915175,0.00012537744135111055,0.003797642556741814,[0.00150412]
1981-07-01,1981-08-01,lag_3,-0.0044064948298339,-0.0,0.003797642556741814,[0.00150412]
1981-07-01,1981-08-01,lag_4,0.0050752464528769,0.0,0.003797642556741814,[0.00150412]
1981-07-01,1981-08-01,lag_5,-0.0042703433551958,-0.0,0.003797642556741814,[0.00150412]
1981-07-01,1981-08-01,lag_6,-0.0064308903302907,-0.0,0.003797642556741814,[0.00150412]
1981-07-01,1981-08-01,lag_7,0.0066346668586829,0.0,0.003797642556741814,[0.00150412]
1981-07-01,1981-08-01,lag_8,0.0166035078210593,0.0002959729360239372,0.003797642556741814,[0.00150412]
1981-07-01,1981-08-01,lag_9,0.0126315442892757,0.0,0.003797642556741814,[0.00150412]
1981-07-01,1981-08-01,lag_10,0.0163657788171902,0.0,0.003797642556741814,[0.00150412]
1981-07-01,1981-08-01,lag_11,0.0031306452630932,0.0,0.003797642556741814,[0.00150412]
1981-07-01,1981-08-01,volatility_3m,0.0007426591278476368,-0.0,0.003797642556741814,[0.00150412]
1981-08-01,1981-09-01,lag_0,-0.0012472241215277,-0.0010381909066664483,0.000611452867110612,[0.00149547]
1981-08-01,1981-09-01,lag_1,0.0065337407155321,0.0,0.000611452867110612,[0.00149547]
1981-08-01,1981-09-01,lag_2,0.005081934033587,8.680296257446026e-05,0.000611452867110612,[0.00149547]
1981-08-01,1981-09-01,lag_3,0.0057152815915175,0.0,0.000611452867110612,[0.00149547]
1981-08-01,1981-09-01,lag_4,-0.0044064948298339,-0.0,0.000611452867110612,[0.00149547]
1981-08-01,1981-09-01,lag_5,0.0050752464528769,0.0,0.000611452867110612,[0.00149547]
1981-08-01,1981-09-01,lag_6,-0.0042703433551958,-0.0,0.000611452867110612,[0.00149547]
1981-08-01,1981-09-01,lag_7,-0.0064308903302907,-0.0,0.000611452867110612,[0.00149547]
1981-08-01,1981-09-01,lag_8,0.0066346668586829,6.73697837250553e-05,0.000611452867110612,[0.00149547]
1981-08-01,1981-09-01,lag_9,0.0166035078210593,0.0,0.000611452867110612,[0.00149547]
1981-08-01,1981-09-01,lag_10,0.0126315442892757,0.0,0.000611452867110612,[0.00149547]
1981-08-01,1981-09-01,lag_11,0.0163657788171902,0.0,0.000611452867110612,[0.00149547]
1981-08-01,1981-09-01,volatility_3m,0.00413741866767506,-0.0,0.000611452867110612,[0.00149547]
1981-09-01,1981-10-01,lag_0,-0.0048275681612497,-0.0023507202688582748,-0.0008128249351941938,[0.00145996]
1981-09-01,1981-10-01,lag_1,-0.0012472241215277,-7.790449432254316e-06,-0.0008128249351941938,[0.00145996]
1981-09-01,1981-10-01,lag_2,0.0065337407155321,0.00015093276782170528,-0.0008128249351941938,[0.00145996]
1981-09-01,1981-10-01,lag_3,0.005081934033587,0.0,-0.0008128249351941938,[0.00145996]
1981-09-01,1981-10-01,lag_4,0.0057152815915175,0.0,-0.0008128249351941938,[0.00145996]
1981-09-01,1981-10-01,lag_5,-0.0044064948298339,-0.0,-0.0008128249351941938,[0.00145996]
1981-09-01,1981-10-01,lag_6,0.0050752464528769,0.0,-0.0008128249351941938,[0.00145996]
1981-09-01,1981-10-01,lag_7,-0.0042703433551958,-0.0,-0.0008128249351941938,[0.00145996]
1981-09-01,1981-10-01,lag_8,-0.0064308903302907,-6.520783075210093e-05,-0.0008128249351941938,[0.00145996]
1981-09-01,1981-10-01,lag_9,0.0066346668586829,0.0,-0.0008128249351941938,[0.00145996]
1981-09-01,1981-10-01,lag_10,0.0166035078210593,0.0,-0.0008128249351941938,[0.00145996]
1981-09-01,1981-10-01,lag_11,0.0126315442892757,0.0,-0.0008128249351941938,[0.00145996]
1981-09-01,1981-10-01,volatility_3m,0.005808637485560833,-0.0,-0.0008128249351941938,[0.00145996]
1981-10-01,1981-11-01,lag_0,-0.0079171382626155,-0.0033778082229465566,-0.0021660085633881778,[0.00137113]
1981-10-01,1981-11-01,lag_1,-0.0048275681612497,-0.0,-0.0021660085633881778,[0.00137113]
1981-10-01,1981-11-01,lag_2,-0.0012472241215277,-6.869722843408648e-05,-0.0021660085633881778,[0.00137113]
1981-10-01,1981-11-01,lag_3,0.0065337407155321,0.0,-0.0021660085633881778,[0.00137113]
1981-10-01,1981-11-01,lag_4,0.005081934033587,0.0,-0.0021660085633881778,[0.00137113]
1981-10-01,1981-11-01,lag_5,0.0057152815915175,0.0,-0.0021660085633881778,[0.00137113]
1981-10-01,1981-11-01,lag_6,-0.0044064948298339,-0.0,-0.0021660085633881778,[0.00137113]
1981-10-01,1981-11-01,lag_7,0.0050752464528769,0.0,-0.0021660085633881778,[0.00137113]
1981-10-01,1981-11-01,lag_8,-0.0042703433551958,-9.06298393614201e-05,-0.0021660085633881778,[0.00137113]
1981-10-01,1981-11-01,lag_9,-0.0064308903302907,-0.0,-0.0021660085633881778,[0.00137113]
1981-10-01,1981-11-01,lag_10,0.0066346668586829,0.0,-0.0021660085633881778,[0.00137113]
1981-10-01,1981-11-01,lag_11,0.0166035078210593,0.0,-0.0021660085633881778,[0.00137113]
1981-10-01,1981-11-01,volatility_3m,0.003337964986422848,-0.0,-0.0021660085633881778,[0.00137113]
1981-11-01,1981-12-01,lag_0,-0.0116910828757204,-0.004516230224064055,-0.0034812948176616808,[0.00130908]
1981-11-01,1981-12-01,lag_1,-0.0079171382626155,-0.00017450924977447716,-0.0034812948176616808,[0.00130908]
1981-11-01,1981-12-01,lag_2,-0.0048275681612497,-0.00014540419497270198,-0.0034812948176616808,[0.00130908]
1981-11-01,1981-12-01,lag_3,-0.0012472241215277,-0.0,-0.0034812948176616808,[0.00130908]
1981-11-01,1981-12-01,lag_4,0.0065337407155321,0.0,-0.0034812948176616808,[0.00130908]
1981-11-01,1981-12-01,lag_5,0.005081934033587,0.0,-0.0034812948176616808,[0.00130908]
1981-11-01,1981-12-01,lag_6,0.0057152815915175,0.0,-0.0034812948176616808,[0.00130908]
1981-11-01,1981-12-01,lag_7,-0.0044064948298339,-0.0,-0.0034812948176616808,[0.00130908]
1981-11-01,1981-12-01,lag_8,0.0050752464528769,4.57639885126709e-05,-0.0034812948176616808,[0.00130908]
1981-11-01,1981-12-01,lag_9,-0.0042703433551958,-0.0,-0.0034812948176616808,[0.00130908]
1981-11-01,1981-12-01,lag_10,-0.0064308903302907,-0.0,-0.0034812948176616808,[0.00130908]
1981-11-01,1981-12-01,lag_11,0.0066346668586829,0.0,-0.0034812948176616808,[0.00130908]
1981-11-01,1981-12-01,volatility_3m,0.0034374393470962454,-0.0,-0.0034812948176616808,[0.00130908]
1981-12-01,1982-01-01,lag_0,-0.0106904281928961,-0.004185272465274963,-0.0033633450003322483,[0.00124399]
1981-12-01,1982-01-01,lag_1,-0.0116910828757204,-8.839858604281026e-05,-0.0033633450003322483,[0.00124399]
1981-12-01,1982-01-01,lag_2,-0.0079171382626155,-0.00024295275541390282,-0.0033633450003322483,[0.00124399]
1981-12-01,1982-01-01,lag_3,-0.0048275681612497,-0.0,-0.0033633450003322483,[0.00124399]
1981-12-01,1982-01-01,lag_4,-0.0012472241215277,-0.0,-0.0033633450003322483,[0.00124399]
1981-12-01,1982-01-01,lag_5,0.0065337407155321,0.0,-0.0033633450003322483,[0.00124399]
1981-12-01,1982-01-01,lag_6,0.005081934033587,0.0,-0.0033633450003322483,[0.00124399]
1981-12-01,1982-01-01,lag_7,0.0057152815915175,0.0,-0.0033633450003322483,[0.00124399]
1981-12-01,1982-01-01,lag_8,-0.0044064948298339,-9.070941986397674e-05,-0.0033633450003322483,[0.00124399]
1981-12-01,1982-01-01,lag_9,0.0050752464528769,0.0,-0.0033633450003322483,[0.00124399]
1981-12-01,1982-01-01,lag_10,-0.0042703433551958,-0.0,-0.0033633450003322483,[0.00124399]
1981-12-01,1982-01-01,lag_11,-0.0064308903302907,-0.0,-0.0033633450003322483,[0.00124399]
1981-12-01,1982-01-01,volatility_3m,0.0019551259454076726,-0.0,-0.0033633450003322483,[0.00124399]
1982-01-01,1982-02-01,lag_0,-0.0208619331800021,-0.007855773118809244,-0.007366162802164127,[0.00106886]
1982-01-01,1982-02-01,lag_1,-0.0106904281928961,-0.0003074343596641174,-0.007366162802164127,[0.00106886]
1982-01-01,1982-02-01,lag_2,-0.0116910828757204,-0.0003732334384343426,-0.007366162802164127,[0.00106886]
1982-01-01,1982-02-01,lag_3,-0.0079171382626155,-0.0,-0.007366162802164127,[0.00106886]
1982-01-01,1982-02-01,lag_4,-0.0048275681612497,-0.0,-0.007366162802164127,[0.00106886]
1982-01-01,1982-02-01,lag_5,-0.0012472241215277,-0.0,-0.007366162802164127,[0.00106886]
1982-01-01,1982-02-01,lag_6,0.0065337407155321,0.0,-0.007366162802164127,[0.00106886]
1982-01-01,1982-02-01,lag_7,0.005081934033587,0.0,-0.007366162802164127,[0.00106886]
1982-01-01,1982-02-01,lag_8,0.0057152815915175,0.00010142216597702603,-0.007366162802164127,[0.00106886]
1982-01-01,1982-02-01,lag_9,-0.0044064948298339,-0.0,-0.007366162802164127,[0.00106886]
1982-01-01,1982-02-01,lag_10,0.0050752464528769,0.0,-0.007366162802164127,[0.00106886]
1982-01-01,1982-02-01,lag_11,-0.0042703433551958,-0.0,-0.007366162802164127,[0.00106886]
1982-01-01,1982-02-01,volatility_3m,0.005606028285107086,-0.0,-0.007366162802164127,[0.00106886]
1982-02-01,1982-03-01,lag_0,0.0201582605211254,0.006289608507571216,0.006795657910653953,[0.00109891]
1982-02-01,1982-03-01,lag_1,-0.0208619331800021,-0.0005733794634306914,0.006795657910653953,[0.00109891]
1982-02-01,1982-03-01,lag_2,-0.0106904281928961,-0.00014779917868116348,0.006795657910653953,[0.00109891]
1982-02-01,1982-03-01,lag_3,-0.0116910828757204,-0.0,0.006795657910653953,[0.00109891]
1982-02-01,1982-03-01,lag_4,-0.0079171382626155,-0.0,0.006795657910653953,[0.00109891]
1982-02-01,1982-03-01,lag_5,-0.0048275681612497,-0.0,0.006795657910653953,[0.00109891]
1982-02-01,1982-03-01,lag_6,-0.0012472241215277,-0.0,0.006795657910653953,[0.00109891]
1982-02-01,1982-03-01,lag_7,0.0065337407155321,0.0,0.006795657910653953,[0.00109891]
1982-02-01,1982-03-01,lag_8,0.005081934033587,0.00012831790483925433,0.006795657910653953,[0.00109891]
1982-02-01,1982-03-01,lag_9,0.0057152815915175,0.0,0.006795657910653953,[0.00109891]
1982-02-01,1982-03-01,lag_10,-0.0044064948298339,-0.0,0.006795657910653953,[0.00109891]
1982-02-01,1982-03-01,lag_11,0.0050752464528769,0.0,0.006795657910653953,[0.00109891]
1982-02-01,1982-03-01,volatility_3m,0.01867426392669918,0.0,0.006795657910653953,[0.00109891]
1982-03-01,1982-04-01,lag_0,-0.0066662956298908,-0.002321493158500743,-0.0006244499863730035,[0.00104665]
1982-03-01,1982-04-01,lag_1,0.0201582605211254,0.0009107798544058607,-0.0006244499863730035,[0.00104665]
1982-03-01,1982-04-01,lag_2,-0.0208619331800021,-0.0004264269691552553,-0.0006244499863730035,[0.00104665]
1982-03-01,1982-04-01,lag_3,-0.0106904281928961,-0.0,-0.0006244499863730035,[0.00104665]
1982-03-01,1982-04-01,lag_4,-0.0116910828757204,-0.0,-0.0006244499863730035,[0.00104665]
1982-03-01,1982-04-01,lag_5,-0.0079171382626155,-0.0,-0.0006244499863730035,[0.00104665]
1982-03-01,1982-04-01,lag_6,-0.0048275681612497,-0.0,-0.0006244499863730035,[0.00104665]
1982-03-01,1982-04-01,lag_7,-0.0012472241215277,-0.0,-0.0006244499863730035,[0.00104665]
1982-03-01,1982-04-01,lag_8,0.0065337407155321,0.00016604519958223507,-0.0006244499863730035,[0.00104665]
1982-03-01,1982-04-01,lag_9,0.005081934033587,0.0,-0.0006244499863730035,[0.00104665]
1982-03-01,1982-04-01,lag_10,0.0057152815915175,0.0,-0.0006244499863730035,[0.00104665]
1982-03-01,1982-04-01,lag_11,-0.0044064948298339,-0.0,-0.0006244499863730035,[0.00104665]
1982-03-01,1982-04-01,volatility_3m,0.01991189372234551,0.0,-0.0006244499863730035,[0.00104665]
1982-04-01,1982-05-01,lag_0,-0.00927524186261,-0.003110394515790988,-0.0015869974393616713,[0.00104627]
1982-04-01,1982-05-01,lag_1,-0.0066662956298908,-0.0001323526683627423,-0.0015869974393616713,[0.00104627]
1982-04-01,1982-05-01,lag_2,0.0201582605211254,0.0006820763564961526,-0.0015869974393616713,[0.00104627]
1982-04-01,1982-05-01,lag_3,-0.0208619331800021,-0.0,-0.0015869974393616713,[0.00104627]
1982-04-01,1982-05-01,lag_4,-0.0106904281928961,-0.0,-0.0015869974393616713,[0.00104627]
1982-04-01,1982-05-01,lag_5,-0.0116910828757204,-0.0,-0.0015869974393616713,[0.00104627]
1982-04-01,1982-05-01,lag_6,-0.0079171382626155,-0.0,-0.0015869974393616713,[0.00104627]
1982-04-01,1982-05-01,lag_7,-0.0048275681612497,-0.0,-0.0015869974393616713,[0.00104627]
1982-04-01,1982-05-01,lag_8,-0.0012472241215277,-7.259837758278601e-05,-0.0015869974393616713,[0.00104627]
1982-04-01,1982-05-01,lag_9,0.0065337407155321,0.0,-0.0015869974393616713,[0.00104627]
1982-04-01,1982-05-01,lag_10,0.005081934033587,0.0,-0.0015869974393616713,[0.00104627]
1982-04-01,1982-05-01,lag_11,0.0057152815915175,0.0,-0.0015869974393616713,[0.00104627]
1982-04-01,1982-05-01,volatility_3m,0.016292608117986093,0.0,-0.0015869974393616713,[0.00104627]
1982-05-01,1982-06-01,lag_0,-0.0066794151215754,-0.002318841593501772,-0.0020255978457708024,[0.00096896]
1982-05-01,1982-06-01,lag_1,-0.00927524186261,-0.000274364061310134,-0.0020255978457708024,[0.00096896]
1982-05-01,1982-06-01,lag_2,-0.0066662956298908,-0.00019996836645416586,-0.0020255978457708024,[0.00096896]
1982-05-01,1982-06-01,lag_3,0.0201582605211254,0.0,-0.0020255978457708024,[0.00096896]
1982-05-01,1982-06-01,lag_4,-0.0208619331800021,-0.0,-0.0020255978457708024,[0.00096896]
1982-05-01,1982-06-01,lag_5,-0.0106904281928961,-0.0,-0.0020255978457708024,[0.00096896]
1982-05-01,1982-06-01,lag_6,-0.0116910828757204,-0.0,-0.0020255978457708024,[0.00096896]
1982-05-01,1982-06-01,lag_7,-0.0079171382626155,-0.0,-0.0020255978457708024,[0.00096896]
1982-05-01,1982-06-01,lag_8,-0.0048275681612497,-0.0002013832895672912,-0.0020255978457708024,[0.00096896]
1982-05-01,1982-06-01,lag_9,-0.0012472241215277,-0.0,-0.0020255978457708024,[0.00096896]
1982-05-01,1982-06-01,lag_10,0.0065337407155321,0.0,-0.0020255978457708024,[0.00096896]
1982-05-01,1982-06-01,lag_11,0.005081934033587,0.0,-0.0020255978457708024,[0.00096896]
1982-05-01,1982-06-01,volatility_3m,0.0015025028583307302,-0.0,-0.0020255978457708024,[0.00096896]
1982-06-01,1982-07-01,lag_0,-0.0026065618328554,-0.0011451539496278422,-0.0018163782150183198,[0.00081946]
1982-06-01,1982-07-01,lag_1,-0.0066794151215754,-0.0003655851009968539,-0.0018163782150183198,[0.00081946]
1982-06-01,1982-07-01,lag_2,-0.00927524186261,-0.0005053092119451148,-0.0018163782150183198,[0.00081946]
1982-06-01,1982-07-01,lag_3,-0.0066662956298908,-0.0,-0.0018163782150183198,[0.00081946]
1982-06-01,1982-07-01,lag_4,0.0201582605211254,0.0,-0.0018163782150183198,[0.00081946]
1982-06-01,1982-07-01,lag_5,-0.0208619331800021,-0.0,-0.0018163782150183198,[0.00081946]
1982-06-01,1982-07-01,lag_6,-0.0106904281928961,-0.0,-0.0018163782150183198,[0.00081946]
1982-06-01,1982-07-01,lag_7,-0.0116910828757204,-0.0,-0.0018163782150183198,[0.00081946]
1982-06-01,1982-07-01,lag_8,-0.0079171382626155,-0.0006197872892953148,-0.0018163782150183198,[0.00081946]
1982-06-01,1982-07-01,lag_9,-0.0048275681612497,-0.0,-0.0018163782150183198,[0.00081946]
1982-06-01,1982-07-01,lag_10,-0.0012472241215277,-0.0,-0.0018163782150183198,[0.00081946]
1982-06-01,1982-07-01,lag_11,0.0065337407155321,0.0,-0.0018163782150183198,[0.00081946]
1982-06-01,1982-07-01,volatility_3m,0.0033614913287645476,-0.0,-0.0018163782150183198,[0.00081946]
1982-07-01,1982-08-01,lag_0,-0.0032920314435886,-0.001345507523673597,-0.0019001417460124059,[0.00085757]
1982-07-01,1982-08-01,lag_1,-0.0026065618328554,-0.00016115610701209154,-0.0019001417460124059,[0.00085757]
1982-07-01,1982-08-01,lag_2,-0.0066794151215754,-0.00035549778217974917,-0.0019001417460124059,[0.00085757]
1982-07-01,1982-08-01,lag_3,-0.00927524186261,-0.0,-0.0019001417460124059,[0.00085757]
1982-07-01,1982-08-01,lag_4,-0.0066662956298908,-0.0,-0.0019001417460124059,[0.00085757]
1982-07-01,1982-08-01,lag_5,0.0201582605211254,0.0,-0.0019001417460124059,[0.00085757]
1982-07-01,1982-08-01,lag_6,-0.0208619331800021,-0.0,-0.0019001417460124059,[0.00085757]
1982-07-01,1982-08-01,lag_7,-0.0106904281928961,-0.0,-0.0019001417460124059,[0.00085757]
1982-07-01,1982-08-01,lag_8,-0.0116910828757204,-0.0008955548626215312,-0.0019001417460124059,[0.00085757]
1982-07-01,1982-08-01,lag_9,-0.0079171382626155,-0.0,-0.0019001417460124059,[0.00085757]
1982-07-01,1982-08-01,lag_10,-0.0048275681612497,-0.0,-0.0019001417460124059,[0.00085757]
1982-07-01,1982-08-01,lag_11,-0.0012472241215277,-0.0,-0.0019001417460124059,[0.00085757]
1982-07-01,1982-08-01,volatility_3m,0.002180686844420332,-0.0,-0.0019001417460124059,[0.00085757]
1982-08-01,1982-09-01,lag_0,-0.0091708008352875,-0.0033519426844831474,-0.0038533888667403246,[0.00075971]
1982-08-01,1982-09-01,lag_1,-0.0032920314435886,-0.00017354236449051562,-0.0038533888667403246,[0.00075971]
1982-08-01,1982-09-01,lag_2,-0.0026065618328554,-0.0001814813530523671,-0.0038533888667403246,[0.00075971]
1982-08-01,1982-09-01,lag_3,-0.0066794151215754,-0.0,-0.0038533888667403246,[0.00075971]
1982-08-01,1982-09-01,lag_4,-0.00927524186261,-0.0,-0.0038533888667403246,[0.00075971]
1982-08-01,1982-09-01,lag_5,-0.0066662956298908,-0.0,-0.0038533888667403246,[0.00075971]
1982-08-01,1982-09-01,lag_6,0.0201582605211254,0.0,-0.0038533888667403246,[0.00075971]
1982-08-01,1982-09-01,lag_7,-0.0208619331800021,-0.0,-0.0038533888667403246,[0.00075971]
1982-08-01,1982-09-01,lag_8,-0.0106904281928961,-0.0009061308141308617,-0.0038533888667403246,[0.00075971]
1982-08-01,1982-09-01,lag_9,-0.0116910828757204,-0.0,-0.0038533888667403246,[0.00075971]
1982-08-01,1982-09-01,lag_10,-0.0079171382626155,-0.0,-0.0038533888667403246,[0.00075971]
1982-08-01,1982-09-01,lag_11,-0.0048275681612497,-0.0,-0.0038533888667403246,[0.00075971]
1982-08-01,1982-09-01,volatility_3m,0.0036083013507989545,-0.0,-0.0038533888667403246,[0.00075971]
1982-09-01,1982-10-01,lag_0,-0.0024687251904382,-0.001053280119074861,-0.002442296038622437,[0.00076997]
1982-09-01,1982-10-01,lag_1,-0.0091708008352875,-0.0004243298762260105,-0.002442296038622437,[0.00076997]
1982-09-01,1982-10-01,lag_2,-0.0032920314435886,-0.00022332601353542035,-0.002442296038622437,[0.00076997]
1982-09-01,1982-10-01,lag_3,-0.0026065618328554,-0.0,-0.002442296038622437,[0.00076997]
1982-09-01,1982-10-01,lag_4,-0.0066794151215754,-0.0,-0.002442296038622437,[0.00076997]
1982-09-01,1982-10-01,lag_5,-0.00927524186261,-0.0,-0.002442296038622437,[0.00076997]
1982-09-01,1982-10-01,lag_6,-0.0066662956298908,-0.0,-0.002442296038622437,[0.00076997]
1982-09-01,1982-10-01,lag_7,0.0201582605211254,0.0,-0.002442296038622437,[0.00076997]
1982-09-01,1982-10-01,lag_8,-0.0208619331800021,-0.0015113291545920103,-0.002442296038622437,[0.00076997]
1982-09-01,1982-10-01,lag_9,-0.0106904281928961,-0.0,-0.002442296038622437,[0.00076997]
1982-09-01,1982-10-01,lag_10,-0.0116910828757204,-0.0,-0.002442296038622437,[0.00076997]
1982-09-01,1982-10-01,lag_11,-0.0079171382626155,-0.0,-0.002442296038622437,[0.00076997]
1982-09-01,1982-10-01,volatility_3m,0.0036550326194744734,-0.0,-0.002442296038622437,[0.00076997]
1982-10-01,1982-11-01,lag_0,-0.0097275827660441,-0.003464029582554664,-0.002074447908824717,[0.00062547]
1982-10-01,1982-11-01,lag_1,-0.0024687251904382,-0.00017645925947546367,-0.002074447908824717,[0.00062547]
1982-10-01,1982-11-01,lag_2,-0.0091708008352875,-0.0005344635805652324,-0.002074447908824717,[0.00062547]
1982-10-01,1982-11-01,lag_3,-0.0032920314435886,-0.0,-0.002074447908824717,[0.00062547]
1982-10-01,1982-11-01,lag_4,-0.0026065618328554,-0.0,-0.002074447908824717,[0.00062547]
1982-10-01,1982-11-01,lag_5,-0.0066794151215754,-0.0,-0.002074447908824717,[0.00062547]
1982-10-01,1982-11-01,lag_6,-0.00927524186261,-0.0,-0.002074447908824717,[0.00062547]
1982-10-01,1982-11-01,lag_7,-0.0066662956298908,-0.0,-0.002074447908824717,[0.00062547]
1982-10-01,1982-11-01,lag_8,0.0201582605211254,0.0014750370867857255,-0.002074447908824717,[0.00062547]
1982-10-01,1982-11-01,lag_9,-0.0208619331800021,-0.0,-0.002074447908824717,[0.00062547]
1982-10-01,1982-11-01,lag_10,-0.0106904281928961,-0.0,-0.002074447908824717,[0.00062547]
1982-10-01,1982-11-01,lag_11,-0.0116910828757204,-0.0,-0.002074447908824717,[0.00062547]
1982-10-01,1982-11-01,volatility_3m,0.00403977799246919,-0.0,-0.002074447908824717,[0.00062547]
1982-11-01,1982-12-01,lag_0,-0.0032538001112216,-0.0012675139143855942,-0.0019823520957642313,[0.00060595]
1982-11-01,1982-12-01,lag_1,-0.0097275827660441,-0.0005676199640584838,-0.0019823520957642313,[0.00060595]
1982-11-01,1982-12-01,lag_2,-0.0024687251904382,-0.00018080532196308589,-0.0019823520957642313,[0.00060595]
1982-11-01,1982-12-01,lag_3,-0.0091708008352875,-0.0,-0.0019823520957642313,[0.00060595]
1982-11-01,1982-12-01,lag_4,-0.0032920314435886,-0.0,-0.0019823520957642313,[0.00060595]
1982-11-01,1982-12-01,lag_5,-0.0026065618328554,-0.0,-0.0019823520957642313,[0.00060595]
1982-11-01,1982-12-01,lag_6,-0.0066794151215754,-0.0,-0.0019823520957642313,[0.00060595]
1982-11-01,1982-12-01,lag_7,-0.00927524186261,-0.0,-0.0019823520957642313,[0.00060595]
1982-11-01,1982-12-01,lag_8,-0.0066662956298908,-0.0005723668659667535,-0.0019823520957642313,[0.00060595]
1982-11-01,1982-12-01,lag_9,0.0201582605211254,0.0,-0.0019823520957642313,[0.00060595]
1982-11-01,1982-12-01,lag_10,-0.0208619331800021,-0.0,-0.0019823520957642313,[0.00060595]
1982-11-01,1982-12-01,lag_11,-0.0106904281928961,-0.0,-0.0019823520957642313,[0.00060595]
1982-11-01,1982-12-01,volatility_3m,0.003983658657483405,-0.0,-0.0019823520957642313,[0.00060595]
1982-12-01,1983-01-01,lag_0,-0.0070995665994071,-0.002507102523906262,-0.0035052128295725,[0.00053133]
1982-12-01,1983-01-01,lag_1,-0.0032538001112216,-0.00021721434114678982,-0.0035052128295725,[0.00053133]
1982-12-01,1983-01-01,lag_2,-0.0097275827660441,-0.0005510664828992758,-0.0035052128295725,[0.00053133]
1982-12-01,1983-01-01,lag_3,-0.0024687251904382,-0.0,-0.0035052128295725,[0.00053133]
1982-12-01,1983-01-01,lag_4,-0.0091708008352875,-0.0,-0.0035052128295725,[0.00053133]
1982-12-01,1983-01-01,lag_5,-0.0032920314435886,-0.0,-0.0035052128295725,[0.00053133]
1982-12-01,1983-01-01,lag_6,-0.0026065618328554,-0.0,-0.0035052128295725,[0.00053133]
1982-12-01,1983-01-01,lag_7,-0.0066794151215754,-0.0,-0.0035052128295725,[0.00053133]
1982-12-01,1983-01-01,lag_8,-0.00927524186261,-0.0007611604698194382,-0.0035052128295725,[0.00053133]
1982-12-01,1983-01-01,lag_9,-0.0066662956298908,-0.0,-0.0035052128295725,[0.00053133]
1982-12-01,1983-01-01,lag_10,0.0201582605211254,0.0,-0.0035052128295725,[0.00053133]
1982-12-01,1983-01-01,lag_11,-0.0208619331800021,-0.0,-0.0035052128295725,[0.00053133]
1982-12-01,1983-01-01,volatility_3m,0.003255924106292936,-0.0,-0.0035052128295725,[0.00053133]
1983-01-01,1983-02-01,lag_0,0.0184638031987667,0.005785272896706508,0.005371701317211268,[0.00077833]
1983-01-01,1983-02-01,lag_1,-0.0070995665994071,-0.0003861436175692495,0.005371701317211268,[0.00077833]
1983-01-01,1983-02-01,lag_2,-0.0032538001112216,-0.00016558938735537169,0.005371701317211268,[0.00077833]
1983-01-01,1983-02-01,lag_3,-0.0097275827660441,-0.0,0.005371701317211268,[0.00077833]
1983-01-01,1983-02-01,lag_4,-0.0024687251904382,-0.0,0.005371701317211268,[0.00077833]
1983-01-01,1983-02-01,lag_5,-0.0091708008352875,-0.0,0.005371701317211268,[0.00077833]
1983-01-01,1983-02-01,lag_6,-0.0032920314435886,-0.0,0.005371701317211268,[0.00077833]
1983-01-01,1983-02-01,lag_7,-0.0026065618328554,-0.0,0.005371701317211268,[0.00077833]
1983-01-01,1983-02-01,lag_8,-0.0066794151215754,-0.00044150444190040164,0.005371701317211268,[0.00077833]
1983-01-01,1983-02-01,lag_9,-0.00927524186261,-0.0,0.005371701317211268,[0.00077833]
1983-01-01,1983-02-01,lag_10,-0.0066662956298908,-0.0,0.005371701317211268,[0.00077833]
1983-01-01,1983-02-01,lag_11,0.0201582605211254,-0.00019866879039904135,0.005371701317211268,[0.00077833]
1983-01-01,1983-02-01,volatility_3m,0.013783626088284666,0.0,0.005371701317211268,[0.00077833]
1983-02-01,1983-03-01,lag_0,-0.0062949423731928,-0.002160130503545536,-0.0006850607234226494,[0.00077177]
1983-02-01,1983-03-01,lag_1,0.0184638031987667,0.0011062585137642286,-0.0006850607234226494,[0.00077177]
1983-02-01,1983-03-01,lag_2,-0.0070995665994071,-0.0002981760916475532,-0.0006850607234226494,[0.00077177]
1983-02-01,1983-03-01,lag_3,-0.0032538001112216,-1.4827229772060768e-06,-0.0006850607234226494,[0.00077177]
1983-02-01,1983-03-01,lag_4,-0.0097275827660441,-0.0,-0.0006850607234226494,[0.00077177]
1983-02-01,1983-03-01,lag_5,-0.0024687251904382,-0.0,-0.0006850607234226494,[0.00077177]
1983-02-01,1983-03-01,lag_6,-0.0091708008352875,-0.0,-0.0006850607234226494,[0.00077177]
1983-02-01,1983-03-01,lag_7,-0.0032920314435886,-0.0,-0.0006850607234226494,[0.00077177]
1983-02-01,1983-03-01,lag_8,-0.0026065618328554,-0.0002366137509483278,-0.0006850607234226494,[0.00077177]
1983-02-01,1983-03-01,lag_9,-0.0066794151215754,-0.0,-0.0006850607234226494,[0.00077177]
1983-02-01,1983-03-01,lag_10,-0.00927524186261,-0.0,-0.0006850607234226494,[0.00077177]
1983-02-01,1983-03-01,lag_11,-0.0066662956298908,0.00013331862454720413,-0.0006850607234226494,[0.00077177]
1983-02-01,1983-03-01,volatility_3m,0.014532313293029774,0.0,-0.0006850607234226494,[0.00077177]
1983-03-01,1983-04-01,lag_0,0.0084046522038421,0.0023419071372093353,0.003204370569111551,[0.00078767]
1983-03-01,1983-04-01,lag_1,-0.0062949423731928,-0.0005519138860249733,0.003204370569111551,[0.00078767]
1983-03-01,1983-04-01,lag_2,0.0184638031987667,0.0007406917778190131,0.003204370569111551,[0.00078767]
1983-03-01,1983-04-01,lag_3,-0.0070995665994071,-1.725200863689414e-05,0.003204370569111551,[0.00078767]
1983-03-01,1983-04-01,lag_4,-0.0032538001112216,-0.0,0.003204370569111551,[0.00078767]
1983-03-01,1983-04-01,lag_5,-0.0097275827660441,-0.0,0.003204370569111551,[0.00078767]
1983-03-01,1983-04-01,lag_6,-0.0024687251904382,-0.0,0.003204370569111551,[0.00078767]
1983-03-01,1983-04-01,lag_7,-0.0091708008352875,-0.0,0.003204370569111551,[0.00078767]
1983-03-01,1983-04-01,lag_8,-0.0032920314435886,-0.0002837806658465965,0.003204370569111551,[0.00078767]
1983-03-01,1983-04-01,lag_9,-0.0026065618328554,-0.0,0.003204370569111551,[0.00078767]
1983-03-01,1983-04-01,lag_10,-0.0066794151215754,-0.0,0.003204370569111551,[0.00078767]
1983-03-01,1983-04-01,lag_11,-0.00927524186261,0.00018705067928314142,0.003204370569111551,[0.00078767]
1983-03-01,1983-04-01,volatility_3m,0.012451640332133692,0.0,0.003204370569111551,[0.00078767]
1983-04-01,1983-05-01,lag_0,0.012580060260646,0.0034823772377275616,0.004129756216957848,[0.00098821]
1983-04-01,1983-05-01,lag_1,0.0084046522038421,0.0004982119981786786,0.004129756216957848,[0.00098821]
1983-04-01,1983-05-01,lag_2,-0.0062949423731928,-0.0003498530768889667,0.004129756216957848,[0.00098821]
1983-04-01,1983-05-01,lag_3,0.0184638031987667,0.0,0.004129756216957848,[0.00098821]
1983-04-01,1983-05-01,lag_4,-0.0070995665994071,-0.0,0.004129756216957848,[0.00098821]
1983-04-01,1983-05-01,lag_5,-0.0032538001112216,-0.0,0.004129756216957848,[0.00098821]
1983-04-01,1983-05-01,lag_6,-0.0097275827660441,-0.0,0.004129756216957848,[0.00098821]
1983-04-01,1983-05-01,lag_7,-0.0024687251904382,-0.0,0.004129756216957848,[0.00098821]
1983-04-01,1983-05-01,lag_8,-0.0091708008352875,-0.0006784534686653032,0.004129756216957848,[0.00098821]
1983-04-01,1983-05-01,lag_9,-0.0032920314435886,-0.0,0.004129756216957848,[0.00098821]
1983-04-01,1983-05-01,lag_10,-0.0026065618328554,-0.0,0.004129756216957848,[0.00098821]
1983-04-01,1983-05-01,lag_11,-0.0066794151215754,0.00018926160828801046,0.004129756216957848,[0.00098821]
1983-04-01,1983-05-01,volatility_3m,0.00991444936777831,0.0,0.004129756216957848,[0.00098821]
1983-05-01,1983-06-01,lag_0,0.0060151175148983,0.0013670348102907857,0.0036176266376001923,[0.0010961]
1983-05-01,1983-06-01,lag_1,0.012580060260646,0.0008555402740005018,0.0036176266376001923,[0.0010961]
1983-05-01,1983-06-01,lag_2,0.0084046522038421,0.0004140059622846414,0.0036176266376001923,[0.0010961]
1983-05-01,1983-06-01,lag_3,-0.0062949423731928,-0.0,0.0036176266376001923,[0.0010961]
1983-05-01,1983-06-01,lag_4,0.0184638031987667,0.0,0.0036176266376001923,[0.0010961]
1983-05-01,1983-06-01,lag_5,-0.0070995665994071,-0.0,0.0036176266376001923,[0.0010961]
1983-05-01,1983-06-01,lag_6,-0.0032538001112216,-0.0,0.0036176266376001923,[0.0010961]
1983-05-01,1983-06-01,lag_7,-0.0097275827660441,-0.0,0.0036176266376001923,[0.0010961]
1983-05-01,1983-06-01,lag_8,-0.0024687251904382,-0.00019551905760679028,0.0036176266376001923,[0.0010961]
1983-05-01,1983-06-01,lag_9,-0.0091708008352875,-0.0,0.0036176266376001923,[0.0010961]
1983-05-01,1983-06-01,lag_10,-0.0032920314435886,-0.0,0.0036176266376001923,[0.0010961]
1983-05-01,1983-06-01,lag_11,-0.0026065618328554,8.046762847802842e-05,0.0036176266376001923,[0.0010961]
1983-05-01,1983-06-01,volatility_3m,0.003322709279223658,-0.0,0.0036176266376001923,[0.0010961]
1983-06-01,1983-07-01,lag_0,0.0061074098253901,0.0014291510025819076,0.0031634359964334904,[0.00132216]
1983-06-01,1983-07-01,lag_1,0.0060151175148983,0.0004080176514494607,0.0031634359964334904,[0.00132216]
1983-06-01,1983-07-01,lag_2,0.012580060260646,0.0009007526033547921,0.0031634359964334904,[0.00132216]
1983-06-01,1983-07-01,lag_3,0.0084046522038421,0.00021841156404313336,0.0031634359964334904,[0.00132216]
1983-06-01,1983-07-01,lag_4,-0.0062949423731928,0.0003122280273944361,0.0031634359964334904,[0.00132216]
1983-06-01,1983-07-01,lag_5,0.0184638031987667,-0.000494084780405309,0.0031634359964334904,[0.00132216]
1983-06-01,1983-07-01,lag_6,-0.0070995665994071,-0.0,0.0031634359964334904,[0.00132216]
1983-06-01,1983-07-01,lag_7,-0.0032538001112216,-4.0223062464486017e-07,0.0031634359964334904,[0.00132216]
1983-06-01,1983-07-01,lag_8,-0.0097275827660441,-0.0010862833495807992,0.0031634359964334904,[0.00132216]
1983-06-01,1983-07-01,lag_9,-0.0024687251904382,-0.0,0.0031634359964334904,[0.00132216]
1983-06-01,1983-07-01,lag_10,-0.0091708008352875,-0.0001870926735853165,0.0031634359964334904,[0.00132216]
1983-06-01,1983-07-01,lag_11,-0.0032920314435886,0.00034057904976786933,0.0031634359964334904,[0.00132216]
1983-06-01,1983-07-01,volatility_3m,0.0037639118565339184,-0.0,0.0031634359964334904,[0.00132216]
1983-07-01,1983-08-01,lag_0,0.0147834120886369,0.004226636110817764,0.006931711944989611,[0.00151831]
1983-07-01,1983-08-01,lag_1,0.0061074098253901,0.0003978555846656069,0.006931711944989611,[0.00151831]
1983-07-01,1983-08-01,lag_2,0.0060151175148983,0.0003648917187100314,0.006931711944989611,[0.00151831]
1983-07-01,1983-08-01,lag_3,0.012580060260646,0.00031259691007322864,0.006931711944989611,[0.00151831]
1983-07-01,1983-08-01,lag_4,0.0084046522038421,-0.0004142798232554863,0.006931711944989611,[0.00151831]
1983-07-01,1983-08-01,lag_5,-0.0062949423731928,5.2595334247943295e-05,0.006931711944989611,[0.00151831]
1983-07-01,1983-08-01,lag_6,0.0184638031987667,0.0,0.006931711944989611,[0.00151831]
1983-07-01,1983-08-01,lag_7,-0.0070995665994071,-0.0,0.006931711944989611,[0.00151831]
1983-07-01,1983-08-01,lag_8,-0.0032538001112216,-0.0003381008523731039,0.006931711944989611,[0.00151831]
1983-07-01,1983-08-01,lag_9,-0.0097275827660441,-0.0,0.006931711944989611,[0.00151831]
1983-07-01,1983-08-01,lag_10,-0.0024687251904382,-2.8359079897017713e-05,0.006931711944989611,[0.00151831]
1983-07-01,1983-08-01,lag_11,-0.0091708008352875,0.0008395637000147499,0.006931711944989611,[0.00151831]
1983-07-01,1983-08-01,volatility_3m,0.005035946168534987,-0.0,0.006931711944989611,[0.00151831]
1983-08-01,1983-09-01,lag_0,0.0117589882838116,0.0031744503747472186,0.005247264433048713,[0.00161171]
1983-08-01,1983-09-01,lag_1,0.0147834120886369,0.0011529280380114123,0.005247264433048713,[0.00161171]
1983-08-01,1983-09-01,lag_2,0.0061074098253901,0.0003782435399996106,0.005247264433048713,[0.00161171]
1983-08-01,1983-09-01,lag_3,0.0060151175148983,0.00015595068268606206,0.005247264433048713,[0.00161171]
1983-08-01,1983-09-01,lag_4,0.012580060260646,-0.0005128771801278174,0.005247264433048713,[0.00161171]
1983-08-01,1983-09-01,lag_5,0.0084046522038421,-0.00013981683516441526,0.005247264433048713,[0.00161171]
1983-08-01,1983-09-01,lag_6,-0.0062949423731928,-0.0,0.005247264433048713,[0.00161171]
1983-08-01,1983-09-01,lag_7,0.0184638031987667,0.0,0.005247264433048713,[0.00161171]
1983-08-01,1983-09-01,lag_8,-0.0070995665994071,-0.0007504386162743426,0.005247264433048713,[0.00161171]
1983-08-01,1983-09-01,lag_9,-0.0032538001112216,-0.0,0.005247264433048713,[0.00161171]
1983-08-01,1983-09-01,lag_10,-0.0097275827660441,-9.172055910531547e-05,0.005247264433048713,[0.00161171]
1983-08-01,1983-09-01,lag_11,-0.0024687251904382,0.0002688365717811097,0.005247264433048713,[0.00161171]
1983-08-01,1983-09-01,volatility_3m,0.004403795591962904,-0.0,0.005247264433048713,[0.00161171]
1983-09-01,1983-10-01,lag_0,0.0144399949384292,0.004067028470005521,0.010104928192966186,[0.00172247]
1983-09-01,1983-10-01,lag_1,0.0117589882838116,0.000956834675193673,0.010104928192966186,[0.00172247]
1983-09-01,1983-10-01,lag_2,0.0147834120886369,0.00111878692742385,0.010104928192966186,[0.00172247]
1983-09-01,1983-10-01,lag_3,0.0061074098253901,0.0001526846434264594,0.010104928192966186,[0.00172247]
1983-09-01,1983-10-01,lag_4,0.0060151175148983,-0.0001995759560799457,0.010104928192966186,[0.00172247]
1983-09-01,1983-10-01,lag_5,0.012580060260646,-7.315520173923244e-05,0.010104928192966186,[0.00172247]
1983-09-01,1983-10-01,lag_6,0.0084046522038421,0.0,0.010104928192966186,[0.00172247]
1983-09-01,1983-10-01,lag_7,-0.0062949423731928,-9.65328761248493e-05,0.010104928192966186,[0.00172247]
1983-09-01,1983-10-01,lag_8,0.0184638031987667,0.0015799889185634478,0.010104928192966186,[0.00172247]
1983-09-01,1983-10-01,lag_9,-0.0070995665994071,-0.0,0.010104928192966186,[0.00172247]
1983-09-01,1983-10-01,lag_10,-0.0032538001112216,-1.1686165756207269e-05,0.010104928192966186,[0.00172247]
1983-09-01,1983-10-01,lag_11,-0.0097275827660441,0.0008880818265991297,0.010104928192966186,[0.00172247]
1983-09-01,1983-10-01,volatility_3m,0.00165594239897581,-0.0,0.010104928192966186,[0.00172247]
1983-10-01,1983-11-01,lag_0,0.0076167819842005,0.0016932244294189732,0.005329667585566677,[0.00180771]
1983-10-01,1983-11-01,lag_1,0.0144399949384292,0.0012047903679985176,0.005329667585566677,[0.00180771]
1983-10-01,1983-11-01,lag_2,0.0117589882838116,0.0007670216381514066,0.005329667585566677,[0.00180771]
1983-10-01,1983-11-01,lag_3,0.0147834120886369,0.0004332919680660755,0.005329667585566677,[0.00180771]
1983-10-01,1983-11-01,lag_4,0.0061074098253901,-0.0001709645307941334,0.005329667585566677,[0.00180771]
1983-10-01,1983-11-01,lag_5,0.0060151175148983,-6.578018118137681e-05,0.005329667585566677,[0.00180771]
1983-10-01,1983-11-01,lag_6,0.012580060260646,0.0,0.005329667585566677,[0.00180771]
1983-10-01,1983-11-01,lag_7,0.0084046522038421,3.029574050548895e-05,0.005329667585566677,[0.00180771]
1983-10-01,1983-11-01,lag_8,-0.0062949423731928,-0.0006454337697050463,0.005329667585566677,[0.00180771]
1983-10-01,1983-11-01,lag_9,0.0184638031987667,0.0,0.005329667585566677,[0.00180771]
1983-10-01,1983-11-01,lag_10,-0.0070995665994071,-4.146552302793006e-05,0.005329667585566677,[0.00180771]
1983-10-01,1983-11-01,lag_11,-0.0032538001112216,0.0003169762752842714,0.005329667585566677,[0.00180771]
1983-10-01,1983-11-01,volatility_3m,0.0034375840530183424,-0.0,0.005329667585566677,[0.00180771]
1983-11-01,1983-12-01,lag_0,0.00445010147308,0.0006553529797515989,0.005138082397212402,[0.00183509]
1983-11-01,1983-12-01,lag_1,0.0076167819842005,0.0005006501722313106,0.005138082397212402,[0.00183509]
1983-11-01,1983-12-01,lag_2,0.0144399949384292,0.0009709864998334353,0.005138082397212402,[0.00183509]
1983-11-01,1983-12-01,lag_3,0.0117589882838116,0.0003407775104405596,0.005138082397212402,[0.00183509]
1983-11-01,1983-12-01,lag_4,0.0147834120886369,-0.0005357663326432891,0.005138082397212402,[0.00183509]
1983-11-01,1983-12-01,lag_5,0.0061074098253901,-7.483018887433402e-05,0.005138082397212402,[0.00183509]
1983-11-01,1983-12-01,lag_6,0.0060151175148983,0.0,0.005138082397212402,[0.00183509]
1983-11-01,1983-12-01,lag_7,0.012580060260646,5.88317003948861e-05,0.005138082397212402,[0.00183509]
1983-11-01,1983-12-01,lag_8,0.0084046522038421,0.0006683636792177823,0.005138082397212402,[0.00183509]
1983-11-01,1983-12-01,lag_9,-0.0062949423731928,-0.0,0.005138082397212402,[0.00183509]
1983-11-01,1983-12-01,lag_10,0.0184638031987667,0.00011265571513597209,0.005138082397212402,[0.00183509]
1983-11-01,1983-12-01,lag_11,-0.0070995665994071,0.0006059737063287905,0.005138082397212402,[0.00183509]
1983-11-01,1983-12-01,volatility_3m,0.00510525990078356,-0.0,0.005138082397212402,[0.00183509]
1983-12-01,1984-01-01,lag_0,0.0050087386761155,0.0008641273913633484,0.0029163226215219336,[0.00189527]
1983-12-01,1984-01-01,lag_1,0.00445010147308,0.00018782807740557307,0.0029163226215219336,[0.00189527]
1983-12-01,1984-01-01,lag_2,0.0076167819842005,0.0004370340919847505,0.0029163226215219336,[0.00189527]
1983-12-01,1984-01-01,lag_3,0.0144399949384292,0.0004211841630041473,0.0029163226215219336,[0.00189527]
1983-12-01,1984-01-01,lag_4,0.0117589882838116,-0.0003714758198776264,0.0029163226215219336,[0.00189527]
1983-12-01,1984-01-01,lag_5,0.0147834120886369,-0.0001501752254070127,0.0029163226215219336,[0.00189527]
1983-12-01,1984-01-01,lag_6,0.0061074098253901,0.0,0.0029163226215219336,[0.00189527]
1983-12-01,1984-01-01,lag_7,0.0060151175148983,4.329112763345768e-05,0.0029163226215219336,[0.00189527]
1983-12-01,1984-01-01,lag_8,0.012580060260646,0.0010516062756099752,0.0029163226215219336,[0.00189527]
1983-12-01,1984-01-01,lag_9,0.0084046522038421,0.0,0.0029163226215219336,[0.00189527]
1983-12-01,1984-01-01,lag_10,-0.0062949423731928,-0.0,0.0029163226215219336,[0.00189527]
1983-12-01,1984-01-01,lag_11,0.0184638031987667,-0.0014623699793518408,0.0029163226215219336,[0.00189527]
1983-12-01,1984-01-01,volatility_3m,0.0016902579133065594,-0.0,0.0029163226215219336,[0.00189527]
1984-01-01,1984-02-01,lag_0,0.0197633049245928,0.005718127529501473,0.008746399770490645,[0.00199175]
1984-01-01,1984-02-01,lag_1,0.0050087386761155,0.00023685254886339922,0.008746399770490645,[0.00199175]
1984-01-01,1984-02-01,lag_2,0.00445010147308,0.00015999986293748972,0.008746399770490645,[0.00199175]
1984-01-01,1984-02-01,lag_3,0.0076167819842005,0.00019085660951062049,0.008746399770490645,[0.00199175]
1984-01-01,1984-02-01,lag_4,0.0144399949384292,-0.000513058189982879,0.008746399770490645,[0.00199175]
1984-01-01,1984-02-01,lag_5,0.0117589882838116,0.0,0.008746399770490645,[0.00199175]
1984-01-01,1984-02-01,lag_6,0.0147834120886369,0.0,0.008746399770490645,[0.00199175]
1984-01-01,1984-02-01,lag_7,0.0061074098253901,2.0596742568650582e-05,0.008746399770490645,[0.00199175]
1984-01-01,1984-02-01,lag_8,0.0060151175148983,0.00043514476455935674,0.008746399770490645,[0.00199175]
1984-01-01,1984-02-01,lag_9,0.012580060260646,0.0,0.008746399770490645,[0.00199175]
1984-01-01,1984-02-01,lag_10,0.0084046522038421,0.0,0.008746399770490645,[0.00199175]
1984-01-01,1984-02-01,lag_11,-0.0062949423731928,0.0005061318718092479,0.008746399770490645,[0.00199175]
1984-01-01,1984-02-01,volatility_3m,0.008684310571875624,0.0,0.008746399770490645,[0.00199175]
1984-02-01,1984-03-01,lag_0,0.0043840968911044,0.0006334384838865358,0.0043674351776338905,[0.00197116]
1984-02-01,1984-03-01,lag_1,0.0197633049245928,0.0016942240934449497,0.0043674351776338905,[0.00197116]
1984-02-01,1984-03-01,lag_2,0.0050087386761155,0.00020786768860073045,0.0043674351776338905,[0.00197116]
1984-02-01,1984-03-01,lag_3,0.00445010147308,6.987708847631745e-05,0.0043674351776338905,[0.00197116]
1984-02-01,1984-03-01,lag_4,0.0076167819842005,-0.00022759120749405064,0.0043674351776338905,[0.00197116]
1984-02-01,1984-03-01,lag_5,0.0144399949384292,0.0,0.0043674351776338905,[0.00197116]
1984-02-01,1984-03-01,lag_6,0.0117589882838116,0.0,0.0043674351776338905,[0.00197116]
1984-02-01,1984-03-01,lag_7,0.0147834120886369,0.00010164072699014776,0.0043674351776338905,[0.00197116]
1984-02-01,1984-03-01,lag_8,0.0061074098253901,0.0004021816653159103,0.0043674351776338905,[0.00197116]
1984-02-01,1984-03-01,lag_9,0.0060151175148983,0.0,0.0043674351776338905,[0.00197116]
1984-02-01,1984-03-01,lag_10,0.012580060260646,0.0,0.0043674351776338905,[0.00197116]
1984-02-01,1984-03-01,lag_11,0.0084046522038421,-0.00048536558859181344,0.0043674351776338905,[0.00197116]
1984-02-01,1984-03-01,volatility_3m,0.008704476264903416,0.0,0.0043674351776338905,[0.00197116]
1984-03-01,1984-04-01,lag_0,0.0048838204638044,0.0008256751329810122,0.004881394643122622,[0.00198135]
1984-03-01,1984-04-01,lag_1,0.0043840968911044,0.00017767194247840414,0.004881394643122622,[0.00198135]
1984-03-01,1984-04-01,lag_2,0.0197633049245928,0.0014056712468825192,0.004881394643122622,[0.00198135]
1984-03-01,1984-04-01,lag_3,0.0050087386761155,9.406914152099254e-05,0.004881394643122622,[0.00198135]
1984-03-01,1984-04-01,lag_4,0.00445010147308,-7.489334375005216e-05,0.004881394643122622,[0.00198135]
1984-03-01,1984-04-01,lag_5,0.0076167819842005,0.0,0.004881394643122622,[0.00198135]
1984-03-01,1984-04-01,lag_6,0.0144399949384292,0.0,0.004881394643122622,[0.00198135]
1984-03-01,1984-04-01,lag_7,0.0117589882838116,4.17858505038528e-06,0.004881394643122622,[0.00198135]
1984-03-01,1984-04-01,lag_8,0.0147834120886369,0.0012370374927888935,0.004881394643122622,[0.00198135]
1984-03-01,1984-04-01,lag_9,0.0061074098253901,0.0,0.004881394643122622,[0.00198135]
1984-03-01,1984-04-01,lag_10,0.0060151175148983,0.0,0.004881394643122622,[0.00198135]
1984-03-01,1984-04-01,lag_11,0.012580060260646,-0.0007693612056545474,0.004881394643122622,[0.00198135]
1984-03-01,1984-04-01,volatility_3m,0.008738505032377008,0.0,0.004881394643122622,[0.00198135]
1984-04-01,1984-05-01,lag_0,0.0058993928473447,0.001127039080260786,0.004777944184166572,[0.00194549]
1984-04-01,1984-05-01,lag_1,0.0048838204638044,0.00023953219128999918,0.004777944184166572,[0.00194549]
1984-04-01,1984-05-01,lag_2,0.0043840968911044,0.00015556318175028428,0.004777944184166572,[0.00194549]
1984-04-01,1984-05-01,lag_3,0.0197633049245928,0.0007148595004471071,0.004777944184166572,[0.00194549]
1984-04-01,1984-05-01,lag_4,0.0050087386761155,-0.0001096332901343045,0.004777944184166572,[0.00194549]
1984-04-01,1984-05-01,lag_5,0.00445010147308,-6.126148801659292e-06,0.004777944184166572,[0.00194549]
1984-04-01,1984-05-01,lag_6,0.0076167819842005,0.0,0.004777944184166572,[0.00194549]
1984-04-01,1984-05-01,lag_7,0.0144399949384292,9.402541894594544e-05,0.004777944184166572,[0.00194549]
1984-04-01,1984-05-01,lag_8,0.0117589882838116,0.0009115456002272909,0.004777944184166572,[0.00194549]
1984-04-01,1984-05-01,lag_9,0.0147834120886369,0.0,0.004777944184166572,[0.00194549]
1984-04-01,1984-05-01,lag_10,0.0061074098253901,0.0,0.004777944184166572,[0.00194549]
1984-04-01,1984-05-01,lag_11,0.0060151175148983,-0.0002943471259891898,0.004777944184166572,[0.00194549]
1984-04-01,1984-05-01,volatility_3m,0.0007721434182758176,-0.0,0.004777944184166572,[0.00194549]
1984-05-01,1984-06-01,lag_0,0.0054128883111812,0.0009874690109582878,0.0036227001716215043,[0.00198108]
1984-05-01,1984-06-01,lag_1,0.0058993928473447,0.0002990629232080089,0.0036227001716215043,[0.00198108]
1984-05-01,1984-06-01,lag_2,0.0048838204638044,0.00017336855620227892,0.0036227001716215043,[0.00198108]
1984-05-01,1984-06-01,lag_3,0.0043840968911044,8.166935936819181e-05,0.0036227001716215043,[0.00198108]
1984-05-01,1984-06-01,lag_4,0.0197633049245928,-0.0007878717976026799,0.0036227001716215043,[0.00198108]
1984-05-01,1984-06-01,lag_5,0.0050087386761155,-1.0177070880269999e-05,0.0036227001716215043,[0.00198108]
1984-05-01,1984-06-01,lag_6,0.00445010147308,0.0,0.0036227001716215043,[0.00198108]
1984-05-01,1984-06-01,lag_7,0.0076167819842005,2.1441631373126168e-05,0.0036227001716215043,[0.00198108]
1984-05-01,1984-06-01,lag_8,0.0144399949384292,0.001166283196520204,0.0036227001716215043,[0.00198108]
1984-05-01,1984-06-01,lag_9,0.0117589882838116,0.0,0.0036227001716215043,[0.00198108]
1984-05-01,1984-06-01,lag_10,0.0147834120886369,0.0,0.0036227001716215043,[0.00198108]
1984-05-01,1984-06-01,lag_11,0.0061074098253901,-0.0002896224475675559,0.0036227001716215043,[0.00198108]
1984-05-01,1984-06-01,volatility_3m,0.0007254093439726168,-0.0,0.0036227001716215043,[0.00198108]
1984-06-01,1984-07-01,lag_0,0.0036610110501089,0.0004473871061478831,0.002575220274163747,[0.00191401]
1984-06-01,1984-07-01,lag_1,0.0054128883111812,0.00027816183858113825,0.002575220274163747,[0.00191401]
1984-06-01,1984-07-01,lag_2,0.0058993928473447,0.00026990475696394976,0.002575220274163747,[0.00191401]
1984-06-01,1984-07-01,lag_3,0.0048838204638044,9.743136489639157e-05,0.002575220274163747,[0.00191401]
1984-06-01,1984-07-01,lag_4,0.0043840968911044,-8.832215233682863e-05,0.002575220274163747,[0.00191401]
1984-06-01,1984-07-01,lag_5,0.0197633049245928,0.0,0.002575220274163747,[0.00191401]
1984-06-01,1984-07-01,lag_6,0.0050087386761155,0.0,0.002575220274163747,[0.00191401]
1984-06-01,1984-07-01,lag_7,0.00445010147308,1.6903212935253045e-05,0.002575220274163747,[0.00191401]
1984-06-01,1984-07-01,lag_8,0.0076167819842005,0.00047454653633915544,0.002575220274163747,[0.00191401]
1984-06-01,1984-07-01,lag_9,0.0144399949384292,0.0,0.002575220274163747,[0.00191401]
1984-06-01,1984-07-01,lag_10,0.0117589882838116,0.0,0.002575220274163747,[0.00191401]
1984-06-01,1984-07-01,lag_11,0.0147834120886369,-0.0008348040610720671,0.002575220274163747,[0.00191401]
1984-06-01,1984-07-01,volatility_3m,0.0011772930583734888,-0.0,0.002575220274163747,[0.00191401]
1984-07-01,1984-08-01,lag_0,0.0027663195051639,0.00017309410533415957,0.0020306964390942603,[0.00182791]
1984-07-01,1984-08-01,lag_1,0.0036610110501089,0.00013036825796017905,0.0020306964390942603,[0.00182791]
1984-07-01,1984-08-01,lag_2,0.0054128883111812,0.00024839983750178814,0.0020306964390942603,[0.00182791]
1984-07-01,1984-08-01,lag_3,0.0058993928473447,0.0001421974805610563,0.0020306964390942603,[0.00182791]
1984-07-01,1984-08-01,lag_4,0.0048838204638044,-0.00010478714614109617,0.0020306964390942603,[0.00182791]
1984-07-01,1984-08-01,lag_5,0.0043840968911044,0.0,0.0020306964390942603,[0.00182791]
1984-07-01,1984-08-01,lag_6,0.0197633049245928,0.0,0.0020306964390942603,[0.00182791]
1984-07-01,1984-08-01,lag_7,0.0050087386761155,1.6287682534756396e-05,0.0020306964390942603,[0.00182791]
1984-07-01,1984-08-01,lag_8,0.00445010147308,0.00018724311674288955,0.0020306964390942603,[0.00182791]
1984-07-01,1984-08-01,lag_9,0.0076167819842005,0.0,0.0020306964390942603,[0.00182791]
1984-07-01,1984-08-01,lag_10,0.0144399949384292,0.0,0.0020306964390942603,[0.00182791]
1984-07-01,1984-08-01,lag_11,0.0117589882838116,-0.0005900168700584958,0.0020306964390942603,[0.00182791]
1984-07-01,1984-08-01,volatility_3m,0.0013462214616871235,-0.0,0.0020306964390942603,[0.00182791]
1984-08-01,1984-09-01,lag_0,0.0010296775197859,-0.0004172046675271225,0.001208070946107711,[0.00178599]
1984-08-01,1984-09-01,lag_1,0.0027663195051639,4.869282825859825e-05,0.001208070946107711,[0.00178599]
1984-08-01,1984-09-01,lag_2,0.0036610110501089,0.0001168842786119035,0.001208070946107711,[0.00178599]
1984-08-01,1984-09-01,lag_3,0.0054128883111812,0.0001264456908633541,0.001208070946107711,[0.00178599]
1984-08-01,1984-09-01,lag_4,0.0058993928473447,-0.00011672411846357328,0.001208070946107711,[0.00178599]
1984-08-01,1984-09-01,lag_5,0.0048838204638044,0.0,0.001208070946107711,[0.00178599]
1984-08-01,1984-09-01,lag_6,0.0043840968911044,0.0,0.001208070946107711,[0.00178599]
1984-08-01,1984-09-01,lag_7,0.0197633049245928,0.00015835402314829237,0.001208070946107711,[0.00178599]
1984-08-01,1984-09-01,lag_8,0.0050087386761155,0.0002483948572257129,0.001208070946107711,[0.00178599]
1984-08-01,1984-09-01,lag_9,0.00445010147308,0.0,0.001208070946107711,[0.00178599]
1984-08-01,1984-09-01,lag_10,0.0076167819842005,0.0,0.001208070946107711,[0.00178599]
1984-08-01,1984-09-01,lag_11,0.0144399949384292,-0.0007427586107396107,0.001208070946107711,[0.00178599]
1984-08-01,1984-09-01,volatility_3m,0.0013379284045229411,-0.0,0.001208070946107711,[0.00178599]
1984-09-01,1984-10-01,lag_0,-0.0029654810283661,-0.0017478999859698707,0.0011567608669105689,[0.00174501]
1984-09-01,1984-10-01,lag_1,0.0010296775197859,-0.00011829715362318948,0.0011567608669105689,[0.00174501]
1984-09-01,1984-10-01,lag_2,0.0027663195051639,3.996775854471877e-05,0.0011567608669105689,[0.00174501]
1984-09-01,1984-10-01,lag_3,0.0036610110501089,5.197024789797969e-05,0.0011567608669105689,[0.00174501]
1984-09-01,1984-10-01,lag_4,0.0054128883111812,-0.00012065149047337477,0.0011567608669105689,[0.00174501]
1984-09-01,1984-10-01,lag_5,0.0058993928473447,0.0,0.0011567608669105689,[0.00174501]
1984-09-01,1984-10-01,lag_6,0.0048838204638044,0.0,0.0011567608669105689,[0.00174501]
1984-09-01,1984-10-01,lag_7,0.0043840968911044,1.5489611312618639e-06,0.0011567608669105689,[0.00174501]
1984-09-01,1984-10-01,lag_8,0.0197633049245928,0.0016312983400693084,0.0011567608669105689,[0.00174501]
1984-09-01,1984-10-01,lag_9,0.0050087386761155,0.0,0.0011567608669105689,[0.00174501]
1984-09-01,1984-10-01,lag_10,0.00445010147308,0.0,0.0011567608669105689,[0.00174501]
1984-09-01,1984-10-01,lag_11,0.0076167819842005,-0.0003261864153536876,0.0011567608669105689,[0.00174501]
1984-09-01,1984-10-01,volatility_3m,0.0029391255662873732,-0.0,0.0011567608669105689,[0.00174501]
1984-10-01,1984-11-01,lag_0,-0.0001102057910582,-0.0007605859360944292,0.00044737704209538045,[0.00177173]
1984-10-01,1984-11-01,lag_1,-0.0029654810283661,-0.0004724223076894503,0.00044737704209538045,[0.00177173]
1984-10-01,1984-11-01,lag_2,0.0010296775197859,-9.93087763171983e-05,0.00044737704209538045,[0.00177173]
1984-10-01,1984-11-01,lag_3,0.0027663195051639,1.8860349321533043e-05,0.00044737704209538045,[0.00177173]
1984-10-01,1984-11-01,lag_4,0.0036610110501089,-6.0573064651177984e-05,0.00044737704209538045,[0.00177173]
1984-10-01,1984-11-01,lag_5,0.0054128883111812,-9.050746086662306e-06,0.00044737704209538045,[0.00177173]
1984-10-01,1984-11-01,lag_6,0.0058993928473447,0.0,0.00044737704209538045,[0.00177173]
1984-10-01,1984-11-01,lag_7,0.0048838204638044,1.1444096991967124e-05,0.00044737704209538045,[0.00177173]
1984-10-01,1984-11-01,lag_8,0.0043840968911044,0.00017354671792669228,0.00044737704209538045,[0.00177173]
1984-10-01,1984-11-01,lag_9,0.0197633049245928,0.0,0.00044737704209538045,[0.00177173]
1984-10-01,1984-11-01,lag_10,0.0050087386761155,0.0,0.00044737704209538045,[0.00177173]
1984-10-01,1984-11-01,lag_11,0.00445010147308,-0.0001262589183151389,0.00044737704209538045,[0.00177173]
1984-10-01,1984-11-01,volatility_3m,0.0020580420496188684,-0.0,0.00044737704209538045,[0.00177173]
1984-11-01,1984-12-01,lag_0,0.0033631475816369,0.0004183804062916317,0.0015617796861676805,[0.00176897]
1984-11-01,1984-12-01,lag_1,-0.0001102057910582,-0.00019569503441824347,0.0015617796861676805,[0.00176897]
1984-11-01,1984-12-01,lag_2,-0.0029654810283661,-0.00042634724167358863,0.0015617796861676805,[0.00176897]
1984-11-01,1984-12-01,lag_3,0.0010296775197859,-4.3414501070123654e-05,0.0015617796861676805,[0.00176897]
1984-11-01,1984-12-01,lag_4,0.0027663195051639,-2.5590817744572832e-05,0.0015617796861676805,[0.00176897]
1984-11-01,1984-12-01,lag_5,0.0036610110501089,0.0,0.0015617796861676805,[0.00176897]
1984-11-01,1984-12-01,lag_6,0.0054128883111812,0.0,0.0015617796861676805,[0.00176897]
1984-11-01,1984-12-01,lag_7,0.0058993928473447,1.868322073505193e-05,0.0015617796861676805,[0.00176897]
1984-11-01,1984-12-01,lag_8,0.0048838204638044,0.00021847721297812997,0.0015617796861676805,[0.00176897]
1984-11-01,1984-12-01,lag_9,0.0043840968911044,0.0,0.0015617796861676805,[0.00176897]
1984-11-01,1984-12-01,lag_10,0.0197633049245928,0.0,0.0015617796861676805,[0.00176897]
1984-11-01,1984-12-01,lag_11,0.0050087386761155,-0.00017168648091506775,0.0015617796861676805,[0.00176897]
1984-11-01,1984-12-01,volatility_3m,0.003169340636361256,-0.0,0.0015617796861676805,[0.00176897]
1984-12-01,1985-01-01,lag_0,0.0003221507986452,-0.0005992593186713494,6.54659199918555e-05,[0.00177249]
1984-12-01,1985-01-01,lag_1,0.0033631475816369,0.0001132374987085137,6.54659199918555e-05,[0.00177249]
1984-12-01,1985-01-01,lag_2,-0.0001102057910582,-0.00017746451627913067,6.54659199918555e-05,[0.00177249]
1984-12-01,1985-01-01,lag_3,-0.0029654810283661,-0.00022025020773981617,6.54659199918555e-05,[0.00177249]
1984-12-01,1985-01-01,lag_4,0.0010296775197859,5.284548583968878e-05,6.54659199918555e-05,[0.00177249]
1984-12-01,1985-01-01,lag_5,0.0027663195051639,-1.609966599014469e-06,6.54659199918555e-05,[0.00177249]
1984-12-01,1985-01-01,lag_6,0.0036610110501089,0.0,6.54659199918555e-05,[0.00177249]
1984-12-01,1985-01-01,lag_7,0.0054128883111812,1.8954902608343153e-06,6.54659199918555e-05,[0.00177249]
1984-12-01,1985-01-01,lag_8,0.0058993928473447,0.0003246451862460121,6.54659199918555e-05,[0.00177249]
1984-12-01,1985-01-01,lag_9,0.0048838204638044,0.0,6.54659199918555e-05,[0.00177249]
1984-12-01,1985-01-01,lag_10,0.0043840968911044,0.0,6.54659199918555e-05,[0.00177249]
1984-12-01,1985-01-01,lag_11,0.0197633049245928,-0.001201066940205044,6.54659199918555e-05,[0.00177249]
1984-12-01,1985-01-01,volatility_3m,0.0018929156217520739,-0.0,6.54659199918555e-05,[0.00177249]
1985-01-01,1985-02-01,lag_0,-0.0001720449004833,-0.0007396743386773786,0.0012432973520435763,[0.00176126]
1985-01-01,1985-02-01,lag_1,0.0003221507986452,-0.00016127922478956642,0.0012432973520435763,[0.00176126]
1985-01-01,1985-02-01,lag_2,0.0033631475816369,9.708633498678917e-05,0.0012432973520435763,[0.00176126]
1985-01-01,1985-02-01,lag_3,-0.0001102057910582,-9.281417618236328e-05,0.0012432973520435763,[0.00176126]
1985-01-01,1985-02-01,lag_4,-0.0029654810283661,0.00023117104228223906,0.0012432973520435763,[0.00176126]
1985-01-01,1985-02-01,lag_5,0.0010296775197859,2.0453447328656526e-06,0.0012432973520435763,[0.00176126]
1985-01-01,1985-02-01,lag_6,0.0027663195051639,0.0,0.0012432973520435763,[0.00176126]
1985-01-01,1985-02-01,lag_7,0.0036610110501089,0.0,0.0012432973520435763,[0.00176126]
1985-01-01,1985-02-01,lag_8,0.0054128883111812,0.0002771462385352502,0.0012432973520435763,[0.00176126]
1985-01-01,1985-02-01,lag_9,0.0058993928473447,0.0,0.0012432973520435763,[0.00176126]
1985-01-01,1985-02-01,lag_10,0.0048838204638044,0.0,0.0012432973520435763,[0.00176126]
1985-01-01,1985-02-01,lag_11,0.0043840968911044,-0.00013164572565844374,0.0012432973520435763,[0.00176126]
1985-01-01,1985-02-01,volatility_3m,0.0019143961932700938,-0.0,0.0012432973520435763,[0.00176126]
1985-02-01,1985-03-01,lag_0,0.0027473473772294,0.00024723164219020785,0.001724318572850875,[0.00168447]
1985-02-01,1985-03-01,lag_1,-0.0001720449004833,-0.00020797005008329274,0.001724318572850875,[0.00168447]
1985-02-01,1985-03-01,lag_2,0.0003221507986452,-0.0001302183019831872,0.001724318572850875,[0.00168447]
1985-02-01,1985-03-01,lag_3,0.0033631475816369,5.351189327928741e-05,0.001724318572850875,[0.00168447]
1985-02-01,1985-03-01,lag_4,-0.0001102057910582,8.71769767690696e-05,0.001724318572850875,[0.00168447]
1985-02-01,1985-03-01,lag_5,-0.0029654810283661,1.785696368962369e-05,0.001724318572850875,[0.00168447]
1985-02-01,1985-03-01,lag_6,0.0010296775197859,-0.0,0.001724318572850875,[0.00168447]
1985-02-01,1985-03-01,lag_7,0.0027663195051639,0.0,0.001724318572850875,[0.00168447]
1985-02-01,1985-03-01,lag_8,0.0036610110501089,0.0001261005382361778,0.001724318572850875,[0.00168447]
1985-02-01,1985-03-01,lag_9,0.0054128883111812,0.0,0.001724318572850875,[0.00168447]
1985-02-01,1985-03-01,lag_10,0.0058993928473447,0.0,0.001724318572850875,[0.00168447]
1985-02-01,1985-03-01,lag_11,0.0048838204638044,-0.00015384284418074403,0.001724318572850875,[0.00168447]
1985-02-01,1985-03-01,volatility_3m,0.0015625118188876824,-0.0,0.001724318572850875,[0.00168447]
1985-03-01,1985-04-01,lag_0,0.0015102905072197,-0.00018099109135655627,0.0010735960795136843,[0.00166498]
1985-03-01,1985-04-01,lag_1,0.0027473473772294,6.946511272165776e-05,0.0010735960795136843,[0.00166498]
1985-03-01,1985-04-01,lag_2,-0.0001720449004833,-0.00017821354567440555,0.0010735960795136843,[0.00166498]
1985-03-01,1985-04-01,lag_3,0.0003221507986452,-7.546722312877572e-05,0.0010735960795136843,[0.00166498]
1985-03-01,1985-04-01,lag_4,0.0033631475816369,-5.036353199274461e-05,0.0010735960795136843,[0.00166498]
1985-03-01,1985-04-01,lag_5,-0.0001102057910582,-0.0,0.0010735960795136843,[0.00166498]
1985-03-01,1985-04-01,lag_6,-0.0029654810283661,-0.0,0.0010735960795136843,[0.00166498]
1985-03-01,1985-04-01,lag_7,0.0010296775197859,-3.690006265875551e-06,0.0010735960795136843,[0.00166498]
1985-03-01,1985-04-01,lag_8,0.0027663195051639,4.899483494164391e-05,0.0010735960795136843,[0.00166498]
1985-03-01,1985-04-01,lag_9,0.0036610110501089,0.0,0.0010735960795136843,[0.00166498]
1985-03-01,1985-04-01,lag_10,0.0054128883111812,0.0,0.0010735960795136843,[0.00166498]
1985-03-01,1985-04-01,lag_11,0.0058993928473447,-0.00022111454606774626,0.0010735960795136843,[0.00166498]
1985-03-01,1985-04-01,volatility_3m,0.0014653448624139622,-0.0,0.0010735960795136843,[0.00166498]
1985-04-01,1985-05-01,lag_0,-0.0021786103468643,-0.0013898257525211735,-0.00012581371367274483,[0.00161402]
1985-04-01,1985-05-01,lag_1,0.0015102905072197,-4.856675840222095e-05,-0.00012581371367274483,[0.00161402]
1985-04-01,1985-05-01,lag_2,0.0027473473772294,6.0883934915752955e-05,-0.00012581371367274483,[0.00161402]
1985-04-01,1985-05-01,lag_3,-0.0001720449004833,-9.879052501536627e-05,-0.00012581371367274483,[0.00161402]
1985-04-01,1985-05-01,lag_4,0.0003221507986452,7.994205847298137e-05,-0.00012581371367274483,[0.00161402]
1985-04-01,1985-05-01,lag_5,0.0033631475816369,-2.0609371747787193e-06,-0.00012581371367274483,[0.00161402]
1985-04-01,1985-05-01,lag_6,-0.0001102057910582,-0.0,-0.00012581371367274483,[0.00161402]
1985-04-01,1985-05-01,lag_7,-0.0029654810283661,-2.0716854341754662e-05,-0.00012581371367274483,[0.00161402]
1985-04-01,1985-05-01,lag_8,0.0010296775197859,-0.00011754176167909143,-0.00012581371367274483,[0.00161402]
1985-04-01,1985-05-01,lag_9,0.0027663195051639,0.0,-0.00012581371367274483,[0.00161402]
1985-04-01,1985-05-01,lag_10,0.0036610110501089,0.0,-0.00012581371367274483,[0.00161402]
1985-04-01,1985-05-01,lag_11,0.0054128883111812,-0.00020315793341169124,-0.00012581371367274483,[0.00161402]
1985-04-01,1985-05-01,volatility_3m,0.0025626600343672274,-0.0,-0.00012581371367274483,[0.00161402]
1985-05-01,1985-06-01,lag_0,0.0014529341416293,-0.00010998278681204486,0.0005964234961704409,[0.00159363]
1985-05-01,1985-06-01,lag_1,-0.0021786103468643,-0.00036561570310638585,0.0005964234961704409,[0.00159363]
1985-05-01,1985-06-01,lag_2,0.0015102905072197,-4.240183220312817e-05,0.0005964234961704409,[0.00159363]
1985-05-01,1985-06-01,lag_3,0.0027473473772294,3.3322913560293255e-05,0.0005964234961704409,[0.00159363]
1985-05-01,1985-06-01,lag_4,-0.0001720449004833,8.060794237718046e-05,0.0005964234961704409,[0.00159363]
1985-05-01,1985-06-01,lag_5,0.0003221507986452,1.8822680238183688e-06,0.0005964234961704409,[0.00159363]
1985-05-01,1985-06-01,lag_6,0.0033631475816369,0.0,0.0005964234961704409,[0.00159363]
1985-05-01,1985-06-01,lag_7,-0.0001102057910582,-1.6615712721686132e-05,0.0005964234961704409,[0.00159363]
1985-05-01,1985-06-01,lag_8,-0.0029654810283661,-0.0004948328984823563,0.0005964234961704409,[0.00159363]
1985-05-01,1985-06-01,lag_9,0.0010296775197859,-0.0,0.0005964234961704409,[0.00159363]
1985-05-01,1985-06-01,lag_10,0.0027663195051639,0.0,0.0005964234961704409,[0.00159363]
1985-05-01,1985-06-01,lag_11,0.0036610110501089,-8.357125574722715e-05,0.0005964234961704409,[0.00159363]
1985-05-01,1985-06-01,volatility_3m,0.002113425128231565,-0.0,0.0005964234961704409,[0.00159363]
1985-06-01,1985-07-01,lag_0,-0.0004852934296026,-0.0008090553203340979,0.00010740377415469527,[0.00159142]
1985-06-01,1985-07-01,lag_1,0.0014529341416293,-3.0245421511766513e-05,0.00010740377415469527,[0.00159142]
1985-06-01,1985-07-01,lag_2,-0.0021786103468643,-0.0003464860372354758,0.00010740377415469527,[0.00159142]
1985-06-01,1985-07-01,lag_3,0.0015102905072197,-2.035172668224653e-05,0.00010740377415469527,[0.00159142]
1985-06-01,1985-07-01,lag_4,0.0027473473772294,-2.9921592891040815e-05,0.00010740377415469527,[0.00159142]
1985-06-01,1985-07-01,lag_5,-0.0001720449004833,4.208567197222133e-06,0.00010740377415469527,[0.00159142]
1985-06-01,1985-07-01,lag_6,0.0003221507986452,-0.0,0.00010740377415469527,[0.00159142]
1985-06-01,1985-07-01,lag_7,0.0033631475816369,0.0,0.00010740377415469527,[0.00159142]
1985-06-01,1985-07-01,lag_8,-0.0001102057910582,-0.00021649468483100068,0.00010740377415469527,[0.00159142]
1985-06-01,1985-07-01,lag_9,-0.0029654810283661,-0.0,0.00010740377415469527,[0.00159142]
1985-06-01,1985-07-01,lag_10,0.0010296775197859,-0.0,0.00010740377415469527,[0.00159142]
1985-06-01,1985-07-01,lag_11,0.0027663195051639,-3.566881224874368e-05,0.00010740377415469527,[0.00159142]
1985-06-01,1985-07-01,volatility_3m,0.00181714811687969,-0.0,0.00010740377415469527,[0.00159142]
1985-07-01,1985-08-01,lag_0,-0.0047430774359953,-0.002241385192675813,-0.0009217202616962122,[0.00150555]
1985-07-01,1985-08-01,lag_1,-0.0004852934296026,-0.0002004692344111489,-0.0009217202616962122,[0.00150555]
1985-07-01,1985-08-01,lag_2,0.0014529341416293,-2.6714463033965247e-05,-0.0009217202616962122,[0.00150555]
1985-07-01,1985-08-01,lag_3,-0.0021786103468643,-0.00017843363443004995,-0.0009217202616962122,[0.00150555]
1985-07-01,1985-08-01,lag_4,0.0015102905072197,2.574652062989223e-05,-0.0009217202616962122,[0.00150555]
1985-07-01,1985-08-01,lag_5,0.0027473473772294,0.0,-0.0009217202616962122,[0.00150555]
1985-07-01,1985-08-01,lag_6,-0.0001720449004833,-0.0,-0.0009217202616962122,[0.00150555]
1985-07-01,1985-08-01,lag_7,0.0003221507986452,-8.809817303359829e-06,-0.0009217202616962122,[0.00150555]
1985-07-01,1985-08-01,lag_8,0.0033631475816369,0.00011387608300015682,-0.0009217202616962122,[0.00150555]
1985-07-01,1985-08-01,lag_9,-0.0001102057910582,-0.0,-0.0009217202616962122,[0.00150555]
1985-07-01,1985-08-01,lag_10,-0.0029654810283661,-0.0,-0.0009217202616962122,[0.00150555]
1985-07-01,1985-08-01,lag_11,0.0010296775197859,8.891888653126564e-05,-0.0009217202616962122,[0.00150555]
1985-07-01,1985-08-01,volatility_3m,0.0031695428227909847,-0.0,-0.0009217202616962122,[0.00150555]
1985-08-01,1985-09-01,lag_0,0.0030372094955404,0.0005181201877791856,0.0014803577743859873,[0.00145243]
1985-08-01,1985-09-01,lag_1,-0.0047430774359953,-0.0006207799414851795,0.0014803577743859873,[0.00145243]
1985-08-01,1985-09-01,lag_2,-0.0004852934296026,-0.0002095571806687858,0.0014803577743859873,[0.00145243]
1985-08-01,1985-09-01,lag_3,0.0014529341416293,-1.586032859980388e-05,0.0014803577743859873,[0.00145243]
1985-08-01,1985-09-01,lag_4,-0.0021786103468643,0.00018313236585895348,0.0014803577743859873,[0.00145243]
1985-08-01,1985-09-01,lag_5,0.0015102905072197,-0.0,0.0014803577743859873,[0.00145243]
1985-08-01,1985-09-01,lag_6,0.0027473473772294,0.0,0.0014803577743859873,[0.00145243]
1985-08-01,1985-09-01,lag_7,-0.0001720449004833,-3.795042597765234e-06,0.0014803577743859873,[0.00145243]
1985-08-01,1985-09-01,lag_8,0.0003221507986452,-0.00017411159541059543,0.0014803577743859873,[0.00145243]
1985-08-01,1985-09-01,lag_9,0.0033631475816369,0.0,0.0014803577743859873,[0.00145243]
1985-08-01,1985-09-01,lag_10,-0.0001102057910582,-0.0,0.0014803577743859873,[0.00145243]
1985-08-01,1985-09-01,lag_11,-0.0029654810283661,0.00035077631335505703,0.0014803577743859873,[0.00145243]
1985-08-01,1985-09-01,volatility_3m,0.0038959298470703082,-0.0,0.0014803577743859873,[0.00145243]
1985-09-01,1985-10-01,lag_0,0.0033778606355214,0.0006565261845819177,0.0015196115086850898,[0.00141736]
1985-09-01,1985-10-01,lag_1,0.0030372094955404,0.0001482094094735573,0.0015196115086850898,[0.00141736]
1985-09-01,1985-10-01,lag_2,-0.0047430774359953,-0.0005637507989629662,0.0015196115086850898,[0.00141736]
1985-09-01,1985-10-01,lag_3,-0.0004852934296026,-0.00010336245537406187,0.0015196115086850898,[0.00141736]
1985-09-01,1985-10-01,lag_4,0.0014529341416293,1.381836813827905e-05,0.0015196115086850898,[0.00141736]
1985-09-01,1985-10-01,lag_5,-0.0021786103468643,-0.0,0.0015196115086850898,[0.00141736]
1985-09-01,1985-10-01,lag_6,0.0015102905072197,-0.0,0.0015196115086850898,[0.00141736]
1985-09-01,1985-10-01,lag_7,0.0027473473772294,1.497171463976253e-06,0.0015196115086850898,[0.00141736]
1985-09-01,1985-10-01,lag_8,-0.0001720449004833,-0.00021406790049420155,0.0015196115086850898,[0.00141736]
1985-09-01,1985-10-01,lag_9,0.0003221507986452,-0.0,0.0015196115086850898,[0.00141736]
1985-09-01,1985-10-01,lag_10,0.0033631475816369,0.0,0.0015196115086850898,[0.00141736]
1985-09-01,1985-10-01,lag_11,-0.0001102057910582,0.0001633840337866569,0.0015196115086850898,[0.00141736]
1985-09-01,1985-10-01,volatility_3m,0.004593447200407789,-0.0,0.0015196115086850898,[0.00141736]
1985-10-01,1985-11-01,lag_0,-0.0031146676276252,-0.0015493789503124632,-9.277100481342175e-05,[0.0013481]
1985-10-01,1985-11-01,lag_1,0.0033778606355214,0.00017773957702408322,-9.277100481342175e-05,[0.0013481]
1985-10-01,1985-11-01,lag_2,0.0030372094955404,0.0001163757145088338,-9.277100481342175e-05,[0.0013481]
1985-10-01,1985-11-01,lag_3,-0.0047430774359953,-0.0002708066993623642,-9.277100481342175e-05,[0.0013481]
1985-10-01,1985-11-01,lag_4,-0.0004852934296026,9.604913526847549e-05,-9.277100481342175e-05,[0.0013481]
1985-10-01,1985-11-01,lag_5,0.0014529341416293,-0.0,-9.277100481342175e-05,[0.0013481]
1985-10-01,1985-11-01,lag_6,-0.0021786103468643,-0.0,-9.277100481342175e-05,[0.0013481]
1985-10-01,1985-11-01,lag_7,0.0015102905072197,-0.0,-9.277100481342175e-05,[0.0013481]
1985-10-01,1985-11-01,lag_8,0.0027473473772294,7.184185253215967e-05,-9.277100481342175e-05,[0.0013481]
1985-10-01,1985-11-01,lag_9,-0.0001720449004833,-0.0,-9.277100481342175e-05,[0.0013481]
1985-10-01,1985-11-01,lag_10,0.0003221507986452,-0.0,-9.277100481342175e-05,[0.0013481]
1985-10-01,1985-11-01,lag_11,0.0033631475816369,-8.269613218134394e-05,-9.277100481342175e-05,[0.0013481]
1985-10-01,1985-11-01,volatility_3m,0.0036540972114749953,-0.0,-9.277100481342175e-05,[0.0013481]
1985-11-01,1985-12-01,lag_0,0.0035117423940054,0.0007423966307806611,0.0022625100899902892,[0.00137397]
1985-11-01,1985-12-01,lag_1,-0.0031146676276252,-0.00043601941787119175,0.0022625100899902892,[0.00137397]
1985-11-01,1985-12-01,lag_2,0.0033778606355214,0.00016068346391062666,0.0022625100899902892,[0.00137397]
1985-11-01,1985-12-01,lag_3,0.0030372094955404,6.521860119469751e-05,0.0022625100899902892,[0.00137397]
1985-11-01,1985-12-01,lag_4,-0.0047430774359953,0.0002845359797146087,0.0022625100899902892,[0.00137397]
1985-11-01,1985-12-01,lag_5,-0.0004852934296026,-0.0,0.0022625100899902892,[0.00137397]
1985-11-01,1985-12-01,lag_6,0.0014529341416293,-0.0,0.0022625100899902892,[0.00137397]
1985-11-01,1985-12-01,lag_7,-0.0021786103468643,-3.5029903080682803e-07,0.0022625100899902892,[0.00137397]
1985-11-01,1985-12-01,lag_8,0.0015102905072197,-5.178017735763664e-05,0.0022625100899902892,[0.00137397]
1985-11-01,1985-12-01,lag_9,0.0027473473772294,0.0,0.0022625100899902892,[0.00137397]
1985-11-01,1985-12-01,lag_10,-0.0001720449004833,-0.0,0.0022625100899902892,[0.00137397]
1985-11-01,1985-12-01,lag_11,0.0003221507986452,0.0001238602142012181,0.0022625100899902892,[0.00137397]
1985-11-01,1985-12-01,volatility_3m,0.003787702851504647,-0.0,0.0022625100899902892,[0.00137397]
1985-12-01,1986-01-01,lag_0,0.0095838114477926,0.002837365762290586,0.0037867272504645997,[0.00139914]
1985-12-01,1986-01-01,lag_1,0.0035117423940054,0.00018511850880799803,0.0037867272504645997,[0.00139914]
1985-12-01,1986-01-01,lag_2,-0.0031146676276252,-0.0004071624022821287,0.0037867272504645997,[0.00139914]
1985-12-01,1986-01-01,lag_3,0.0033778606355214,7.341767253899397e-05,0.0037867272504645997,[0.00139914]
1985-12-01,1986-01-01,lag_4,0.0030372094955404,-7.720066454965559e-05,0.0037867272504645997,[0.00139914]
1985-12-01,1986-01-01,lag_5,-0.0047430774359953,-0.0,0.0037867272504645997,[0.00139914]
1985-12-01,1986-01-01,lag_6,-0.0004852934296026,-0.0,0.0037867272504645997,[0.00139914]
1985-12-01,1986-01-01,lag_7,0.0014529341416293,-0.0,0.0037867272504645997,[0.00139914]
1985-12-01,1986-01-01,lag_8,-0.0021786103468643,-0.000375342822394646,0.0037867272504645997,[0.00139914]
1985-12-01,1986-01-01,lag_9,0.0015102905072197,-0.0,0.0037867272504645997,[0.00139914]
1985-12-01,1986-01-01,lag_10,0.0027473473772294,0.0,0.0037867272504645997,[0.00139914]
1985-12-01,1986-01-01,lag_11,-0.0001720449004833,0.0001513911087683532,0.0037867272504645997,[0.00139914]
1985-12-01,1986-01-01,volatility_3m,0.006351255823293929,0.0,0.0037867272504645997,[0.00139914]
1986-01-01,1986-02-01,lag_0,0.0055203293729357,0.0013968161027223477,0.0033383569112716434,[0.00139759]
1986-01-01,1986-02-01,lag_1,0.0095838114477926,0.0007167295833118368,0.0033383569112716434,[0.00139759]
1986-01-01,1986-02-01,lag_2,0.0035117423940054,0.00017461064048317207,0.0033383569112716434,[0.00139759]
1986-01-01,1986-02-01,lag_3,-0.0031146676276252,-0.0001795202563509885,0.0033383569112716434,[0.00139759]
1986-01-01,1986-02-01,lag_4,0.0033778606355214,-8.279064889547767e-05,0.0033383569112716434,[0.00139759]
1986-01-01,1986-02-01,lag_5,0.0030372094955404,-2.0612209883679754e-06,0.0033383569112716434,[0.00139759]
1986-01-01,1986-02-01,lag_6,-0.0047430774359953,-0.0,0.0033383569112716434,[0.00139759]
1986-01-01,1986-02-01,lag_7,-0.0004852934296026,-0.0,0.0033383569112716434,[0.00139759]
1986-01-01,1986-02-01,lag_8,0.0014529341416293,-3.236330142920863e-05,0.0033383569112716434,[0.00139759]
1986-01-01,1986-02-01,lag_9,-0.0021786103468643,-0.0,0.0033383569112716434,[0.00139759]
1986-01-01,1986-02-01,lag_10,0.0015102905072197,-0.0,0.0033383569112716434,[0.00139759]
1986-01-01,1986-02-01,lag_11,0.0027473473772294,-5.065340938128886e-05,0.0033383569112716434,[0.00139759]
1986-01-01,1986-02-01,volatility_3m,0.0030934428182466823,-0.0,0.0033383569112716434,[0.00139759]
1986-02-01,1986-03-01,lag_0,-0.0070438228714575,-0.0028528186569553964,-0.0002881670649510471,[0.00136325]
1986-02-01,1986-03-01,lag_1,0.0055203293729357,0.0003541619442235392,-0.0002881670649510471,[0.00136325]
1986-02-01,1986-03-01,lag_2,0.0095838114477926,0.0007078981349371582,-0.0002881670649510471,[0.00136325]
1986-02-01,1986-03-01,lag_3,0.0035117423940054,0.00010730974362387236,-0.0002881670649510471,[0.00136325]
1986-02-01,1986-03-01,lag_4,-0.0031146676276252,0.00022164088326556922,-0.0002881670649510471,[0.00136325]
1986-02-01,1986-03-01,lag_5,0.0033778606355214,0.0,-0.0002881670649510471,[0.00136325]
1986-02-01,1986-03-01,lag_6,0.0030372094955404,0.0,-0.0002881670649510471,[0.00136325]
1986-02-01,1986-03-01,lag_7,-0.0047430774359953,-0.0,-0.0002881670649510471,[0.00136325]
1986-02-01,1986-03-01,lag_8,-0.0004852934296026,-0.0002263586852633652,-0.0002881670649510471,[0.00136325]
1986-02-01,1986-03-01,lag_9,0.0014529341416293,-0.0,-0.0002881670649510471,[0.00136325]
1986-02-01,1986-03-01,lag_10,-0.0021786103468643,-0.0,-0.0002881670649510471,[0.00136325]
1986-02-01,1986-03-01,lag_11,0.0015102905072197,3.6750854303766935e-05,-0.0002881670649510471,[0.00136325]
1986-02-01,1986-03-01,volatility_3m,0.008668410381452855,0.0,-0.0002881670649510471,[0.00136325]
1986-03-01,1986-04-01,lag_0,-0.0071483716635922,-0.0028999494980533566,-0.0020404671450486088,[0.00129104]
1986-03-01,1986-04-01,lag_1,-0.0070438228714575,-0.0006843649271103068,-0.0020404671450486088,[0.00129104]
1986-03-01,1986-04-01,lag_2,0.0055203293729357,0.00033014598869485906,-0.0020404671450486088,[0.00129104]
1986-03-01,1986-04-01,lag_3,0.0095838114477926,0.0004006304900737074,-0.0020404671450486088,[0.00129104]
1986-03-01,1986-04-01,lag_4,0.0035117423940054,-0.00010602374810084418,-0.0020404671450486088,[0.00129104]
1986-03-01,1986-04-01,lag_5,-0.0031146676276252,-0.0,-0.0020404671450486088,[0.00129104]
1986-03-01,1986-04-01,lag_6,0.0033778606355214,0.0,-0.0020404671450486088,[0.00129104]
1986-03-01,1986-04-01,lag_7,0.0030372094955404,1.0515129518086889e-05,-0.0020404671450486088,[0.00129104]
1986-03-01,1986-04-01,lag_8,-0.0047430774359953,-0.0006566552222493744,-0.0020404671450486088,[0.00129104]
1986-03-01,1986-04-01,lag_9,-0.0004852934296026,-0.0,-0.0020404671450486088,[0.00129104]
1986-03-01,1986-04-01,lag_10,0.0014529341416293,-0.0,-0.0020404671450486088,[0.00129104]
1986-03-01,1986-04-01,lag_11,-0.0021786103468643,0.0002741986825733912,-0.0020404671450486088,[0.00129104]
1986-03-01,1986-04-01,volatility_3m,0.0072842848885248685,0.0,-0.0020404671450486088,[0.00129104]
1986-04-01,1986-05-01,lag_0,0.0014326780252771,5.996538365330343e-05,2.8827594979172417e-05,[0.0013026]
1986-04-01,1986-05-01,lag_1,-0.0071483716635922,-0.0006671380889358395,2.8827594979172417e-05,[0.0013026]
1986-04-01,1986-05-01,lag_2,-0.0070438228714575,-0.0006504469959295958,2.8827594979172417e-05,[0.0013026]
1986-04-01,1986-05-01,lag_3,0.0055203293729357,0.00018930904121150597,2.8827594979172417e-05,[0.0013026]
1986-04-01,1986-05-01,lag_4,0.0095838114477926,-0.00039084016215924604,2.8827594979172417e-05,[0.0013026]
1986-04-01,1986-05-01,lag_5,0.0035117423940054,-1.4771582747951514e-06,2.8827594979172417e-05,[0.0013026]
1986-04-01,1986-05-01,lag_6,-0.0031146676276252,-0.0,2.8827594979172417e-05,[0.0013026]
1986-04-01,1986-05-01,lag_7,0.0033778606355214,1.4409104243405814e-05,2.8827594979172417e-05,[0.0013026]
1986-04-01,1986-05-01,lag_8,0.0030372094955404,0.0001491739254718827,2.8827594979172417e-05,[0.0013026]
1986-04-01,1986-05-01,lag_9,-0.0047430774359953,-0.0,2.8827594979172417e-05,[0.0013026]
1986-04-01,1986-05-01,lag_10,-0.0004852934296026,-0.0,2.8827594979172417e-05,[0.0013026]
1986-04-01,1986-05-01,lag_11,0.0014529341416293,2.3270788612573866e-05,2.8827594979172417e-05,[0.0013026]
1986-04-01,1986-05-01,volatility_3m,0.00492436817715605,-0.0,2.8827594979172417e-05,[0.0013026]
1986-05-01,1986-06-01,lag_0,0.0014759828720576,7.865170730936242e-05,0.0002884323919833823,[0.00119965]
1986-05-01,1986-06-01,lag_1,0.0014326780252771,1.4309743720973949e-05,0.0002884323919833823,[0.00119965]
1986-05-01,1986-06-01,lag_2,-0.0071483716635922,-0.0007406108711114841,0.0002884323919833823,[0.00119965]
1986-05-01,1986-06-01,lag_3,-0.0070438228714575,-0.000421056742852424,0.0002884323919833823,[0.00119965]
1986-05-01,1986-06-01,lag_4,0.0055203293729357,-0.00016981941533859217,0.0002884323919833823,[0.00119965]
1986-05-01,1986-06-01,lag_5,0.0095838114477926,0.0,0.0002884323919833823,[0.00119965]
1986-05-01,1986-06-01,lag_6,0.0035117423940054,0.0,0.0002884323919833823,[0.00119965]
1986-05-01,1986-06-01,lag_7,-0.0031146676276252,-3.0111458691699803e-05,0.0002884323919833823,[0.00119965]
1986-05-01,1986-06-01,lag_8,0.0033778606355214,0.00019536509530093159,0.0002884323919833823,[0.00119965]
1986-05-01,1986-06-01,lag_9,0.0030372094955404,0.0,0.0002884323919833823,[0.00119965]
1986-05-01,1986-06-01,lag_10,-0.0047430774359953,-0.0,0.0002884323919833823,[0.00119965]
1986-05-01,1986-06-01,lag_11,-0.0004852934296026,0.0001620517597981735,0.0002884323919833823,[0.00119965]
1986-05-01,1986-06-01,volatility_3m,0.004966819576435573,-0.0,0.0002884323919833823,[0.00119965]
1986-06-01,1986-07-01,lag_0,-0.0040373394621271,-0.0,0.0015825049953584625,[0.0015825]
1986-06-01,1986-07-01,lag_1,0.0014759828720576,0.0,0.0015825049953584625,[0.0015825]
1986-06-01,1986-07-01,lag_2,0.0014326780252771,0.0,0.0015825049953584625,[0.0015825]
1986-06-01,1986-07-01,lag_3,-0.0071483716635922,-0.0,0.0015825049953584625,[0.0015825]
1986-06-01,1986-07-01,lag_4,-0.0070438228714575,-0.0,0.0015825049953584625,[0.0015825]
1986-06-01,1986-07-01,lag_5,0.0055203293729357,0.0,0.0015825049953584625,[0.0015825]
1986-06-01,1986-07-01,lag_6,0.0095838114477926,0.0,0.0015825049953584625,[0.0015825]
1986-06-01,1986-07-01,lag_7,0.0035117423940054,0.0,0.0015825049953584625,[0.0015825]
1986-06-01,1986-07-01,lag_8,-0.0031146676276252,-0.0,0.0015825049953584625,[0.0015825]
1986-06-01,1986-07-01,lag_9,0.0033778606355214,0.0,0.0015825049953584625,[0.0015825]
1986-06-01,1986-07-01,lag_10,0.0030372094955404,0.0,0.0015825049953584625,[0.0015825]
1986-06-01,1986-07-01,lag_11,-0.0047430774359953,-0.0,0.0015825049953584625,[0.0015825]
1986-06-01,1986-07-01,volatility_3m,0.0031706910335887943,-0.0,0.0015825049953584625,[0.0015825]
1986-07-01,1986-08-01,lag_0,0.0065123864306064,0.0,0.0016128963559202954,[0.0016129]
1986-07-01,1986-08-01,lag_1,-0.0040373394621271,-0.0,0.0016128963559202954,[0.0016129]
1986-07-01,1986-08-01,lag_2,0.0014759828720576,0.0,0.0016128963559202954,[0.0016129]
1986-07-01,1986-08-01,lag_3,0.0014326780252771,0.0,0.0016128963559202954,[0.0016129]
1986-07-01,1986-08-01,lag_4,-0.0071483716635922,-0.0,0.0016128963559202954,[0.0016129]
1986-07-01,1986-08-01,lag_5,-0.0070438228714575,-0.0,0.0016128963559202954,[0.0016129]
1986-07-01,1986-08-01,lag_6,0.0055203293729357,0.0,0.0016128963559202954,[0.0016129]
1986-07-01,1986-08-01,lag_7,0.0095838114477926,0.0,0.0016128963559202954,[0.0016129]
1986-07-01,1986-08-01,lag_8,0.0035117423940054,0.0,0.0016128963559202954,[0.0016129]
1986-07-01,1986-08-01,lag_9,-0.0031146676276252,-0.0,0.0016128963559202954,[0.0016129]
1986-07-01,1986-08-01,lag_10,0.0033778606355214,0.0,0.0016128963559202954,[0.0016129]
1986-07-01,1986-08-01,lag_11,0.0030372094955404,0.0,0.0016128963559202954,[0.0016129]
1986-07-01,1986-08-01,volatility_3m,0.0052766593026426995,-0.0,0.0016128963559202954,[0.0016129]
1986-08-01,1986-09-01,lag_0,-0.0018566171981273,-0.0,0.0016069308275967057,[0.00160693]
1986-08-01,1986-09-01,lag_1,0.0065123864306064,0.0,0.0016069308275967057,[0.00160693]
1986-08-01,1986-09-01,lag_2,-0.0040373394621271,-0.0,0.0016069308275967057,[0.00160693]
1986-08-01,1986-09-01,lag_3,0.0014759828720576,0.0,0.0016069308275967057,[0.00160693]
1986-08-01,1986-09-01,lag_4,0.0014326780252771,0.0,0.0016069308275967057,[0.00160693]
1986-08-01,1986-09-01,lag_5,-0.0071483716635922,-0.0,0.0016069308275967057,[0.00160693]
1986-08-01,1986-09-01,lag_6,-0.0070438228714575,-0.0,0.0016069308275967057,[0.00160693]
1986-08-01,1986-09-01,lag_7,0.0055203293729357,0.0,0.0016069308275967057,[0.00160693]
1986-08-01,1986-09-01,lag_8,0.0095838114477926,0.0,0.0016069308275967057,[0.00160693]
1986-08-01,1986-09-01,lag_9,0.0035117423940054,0.0,0.0016069308275967057,[0.00160693]
1986-08-01,1986-09-01,lag_10,-0.0031146676276252,-0.0,0.0016069308275967057,[0.00160693]
1986-08-01,1986-09-01,lag_11,0.0033778606355214,0.0,0.0016069308275967057,[0.00160693]
1986-08-01,1986-09-01,volatility_3m,0.0055691484648653705,0.0,0.0016069308275967057,[0.00160693]
1986-09-01,1986-10-01,lag_0,0.0025494743751623,0.0,0.0016468394282099798,[0.00164684]
1986-09-01,1986-10-01,lag_1,-0.0018566171981273,-0.0,0.0016468394282099798,[0.00164684]
1986-09-01,1986-10-01,lag_2,0.0065123864306064,0.0,0.0016468394282099798,[0.00164684]
1986-09-01,1986-10-01,lag_3,-0.0040373394621271,-0.0,0.0016468394282099798,[0.00164684]
1986-09-01,1986-10-01,lag_4,0.0014759828720576,0.0,0.0016468394282099798,[0.00164684]
1986-09-01,1986-10-01,lag_5,0.0014326780252771,0.0,0.0016468394282099798,[0.00164684]
1986-09-01,1986-10-01,lag_6,-0.0071483716635922,-0.0,0.0016468394282099798,[0.00164684]
1986-09-01,1986-10-01,lag_7,-0.0070438228714575,-0.0,0.0016468394282099798,[0.00164684]
1986-09-01,1986-10-01,lag_8,0.0055203293729357,0.0,0.0016468394282099798,[0.00164684]
1986-09-01,1986-10-01,lag_9,0.0095838114477926,0.0,0.0016468394282099798,[0.00164684]
1986-09-01,1986-10-01,lag_10,0.0035117423940054,0.0,0.0016468394282099798,[0.00164684]
1986-09-01,1986-10-01,lag_11,-0.0031146676276252,-0.0,0.0016468394282099798,[0.00164684]
1986-09-01,1986-10-01,volatility_3m,0.004186457067122422,-0.0,0.0016468394282099798,[0.00164684]
1986-10-01,1986-11-01,lag_0,0.0042533405515881,0.0,0.001626462376700258,[0.00162646]
1986-10-01,1986-11-01,lag_1,0.0025494743751623,0.0,0.001626462376700258,[0.00162646]
1986-10-01,1986-11-01,lag_2,-0.0018566171981273,-0.0,0.001626462376700258,[0.00162646]
1986-10-01,1986-11-01,lag_3,0.0065123864306064,0.0,0.001626462376700258,[0.00162646]
1986-10-01,1986-11-01,lag_4,-0.0040373394621271,-0.0,0.001626462376700258,[0.00162646]
1986-10-01,1986-11-01,lag_5,0.0014759828720576,0.0,0.001626462376700258,[0.00162646]
1986-10-01,1986-11-01,lag_6,0.0014326780252771,0.0,0.001626462376700258,[0.00162646]
1986-10-01,1986-11-01,lag_7,-0.0071483716635922,-0.0,0.001626462376700258,[0.00162646]
1986-10-01,1986-11-01,lag_8,-0.0070438228714575,-0.0,0.001626462376700258,[0.00162646]
1986-10-01,1986-11-01,lag_9,0.0055203293729357,0.0,0.001626462376700258,[0.00162646]
1986-10-01,1986-11-01,lag_10,0.0095838114477926,0.0,0.001626462376700258,[0.00162646]
1986-10-01,1986-11-01,lag_11,0.0035117423940054,0.0,0.001626462376700258,[0.00162646]
1986-10-01,1986-11-01,volatility_3m,0.0031529982186983226,-0.0,0.001626462376700258,[0.00162646]
1986-11-01,1986-12-01,lag_0,0.0039986071649558,0.0,0.001643848623789771,[0.00164385]
1986-11-01,1986-12-01,lag_1,0.0042533405515881,0.0,0.001643848623789771,[0.00164385]
1986-11-01,1986-12-01,lag_2,0.0025494743751623,0.0,0.001643848623789771,[0.00164385]
1986-11-01,1986-12-01,lag_3,-0.0018566171981273,-0.0,0.001643848623789771,[0.00164385]
1986-11-01,1986-12-01,lag_4,0.0065123864306064,0.0,0.001643848623789771,[0.00164385]
1986-11-01,1986-12-01,lag_5,-0.0040373394621271,-0.0,0.001643848623789771,[0.00164385]
1986-11-01,1986-12-01,lag_6,0.0014759828720576,0.0,0.001643848623789771,[0.00164385]
1986-11-01,1986-12-01,lag_7,0.0014326780252771,0.0,0.001643848623789771,[0.00164385]
1986-11-01,1986-12-01,lag_8,-0.0071483716635922,-0.0,0.001643848623789771,[0.00164385]
1986-11-01,1986-12-01,lag_9,-0.0070438228714575,-0.0,0.001643848623789771,[0.00164385]
1986-11-01,1986-12-01,lag_10,0.0055203293729357,0.0,0.001643848623789771,[0.00164385]
1986-11-01,1986-12-01,lag_11,0.0095838114477926,0.0,0.001643848623789771,[0.00164385]
1986-11-01,1986-12-01,volatility_3m,0.0009190606515973914,-0.0,0.001643848623789771,[0.00164385]
1986-12-01,1987-01-01,lag_0,0.0094395391395245,0.0,0.001677745734298338,[0.00167775]
1986-12-01,1987-01-01,lag_1,0.0039986071649558,0.0,0.001677745734298338,[0.00167775]
1986-12-01,1987-01-01,lag_2,0.0042533405515881,0.0,0.001677745734298338,[0.00167775]
1986-12-01,1987-01-01,lag_3,0.0025494743751623,0.0,0.001677745734298338,[0.00167775]
1986-12-01,1987-01-01,lag_4,-0.0018566171981273,-0.0,0.001677745734298338,[0.00167775]
1986-12-01,1987-01-01,lag_5,0.0065123864306064,0.0,0.001677745734298338,[0.00167775]
1986-12-01,1987-01-01,lag_6,-0.0040373394621271,-0.0,0.001677745734298338,[0.00167775]
1986-12-01,1987-01-01,lag_7,0.0014759828720576,0.0,0.001677745734298338,[0.00167775]
1986-12-01,1987-01-01,lag_8,0.0014326780252771,0.0,0.001677745734298338,[0.00167775]
1986-12-01,1987-01-01,lag_9,-0.0071483716635922,-0.0,0.001677745734298338,[0.00167775]
1986-12-01,1987-01-01,lag_10,-0.0070438228714575,-0.0,0.001677745734298338,[0.00167775]
1986-12-01,1987-01-01,lag_11,0.0055203293729357,0.0,0.001677745734298338,[0.00167775]
1986-12-01,1987-01-01,volatility_3m,0.00307043117611796,-0.0,0.001677745734298338,[0.00167775]
1987-01-01,1987-02-01,lag_0,-0.0034937346824053,-0.0,0.0016608329371897005,[0.00166083]
1987-01-01,1987-02-01,lag_1,0.0094395391395245,0.0,0.0016608329371897005,[0.00166083]
1987-01-01,1987-02-01,lag_2,0.0039986071649558,0.0,0.0016608329371897005,[0.00166083]
1987-01-01,1987-02-01,lag_3,0.0042533405515881,0.0,0.0016608329371897005,[0.00166083]
1987-01-01,1987-02-01,lag_4,0.0025494743751623,0.0,0.0016608329371897005,[0.00166083]
1987-01-01,1987-02-01,lag_5,-0.0018566171981273,-0.0,0.0016608329371897005,[0.00166083]
1987-01-01,1987-02-01,lag_6,0.0065123864306064,0.0,0.0016608329371897005,[0.00166083]
1987-01-01,1987-02-01,lag_7,-0.0040373394621271,-0.0,0.0016608329371897005,[0.00166083]
1987-01-01,1987-02-01,lag_8,0.0014759828720576,0.0,0.0016608329371897005,[0.00166083]
1987-01-01,1987-02-01,lag_9,0.0014326780252771,0.0,0.0016608329371897005,[0.00166083]
1987-01-01,1987-02-01,lag_10,-0.0071483716635922,-0.0,0.0016608329371897005,[0.00166083]
1987-01-01,1987-02-01,lag_11,-0.0070438228714575,-0.0,0.0016608329371897005,[0.00166083]
1987-01-01,1987-02-01,volatility_3m,0.00649369564606854,0.0,0.0016608329371897005,[0.00166083]
1987-02-01,1987-03-01,lag_0,0.0130949117680598,0.0,0.0017131306073214815,[0.00171313]
1987-02-01,1987-03-01,lag_1,-0.0034937346824053,-0.0,0.0017131306073214815,[0.00171313]
1987-02-01,1987-03-01,lag_2,0.0094395391395245,0.0,0.0017131306073214815,[0.00171313]
1987-02-01,1987-03-01,lag_3,0.0039986071649558,0.0,0.0017131306073214815,[0.00171313]
1987-02-01,1987-03-01,lag_4,0.0042533405515881,0.0,0.0017131306073214815,[0.00171313]
1987-02-01,1987-03-01,lag_5,0.0025494743751623,0.0,0.0017131306073214815,[0.00171313]
1987-02-01,1987-03-01,lag_6,-0.0018566171981273,-0.0,0.0017131306073214815,[0.00171313]
1987-02-01,1987-03-01,lag_7,0.0065123864306064,0.0,0.0017131306073214815,[0.00171313]
1987-02-01,1987-03-01,lag_8,-0.0040373394621271,-0.0,0.0017131306073214815,[0.00171313]
1987-02-01,1987-03-01,lag_9,0.0014759828720576,0.0,0.0017131306073214815,[0.00171313]
1987-02-01,1987-03-01,lag_10,0.0014326780252771,0.0,0.0017131306073214815,[0.00171313]
1987-02-01,1987-03-01,lag_11,-0.0071483716635922,-0.0,0.0017131306073214815,[0.00171313]
1987-02-01,1987-03-01,volatility_3m,0.008716024627709089,0.0,0.0017131306073214815,[0.00171313]
1987-03-01,1987-04-01,lag_0,0.0014471947964986,0.0,0.0016362721555951258,[0.00163627]
1987-03-01,1987-04-01,lag_1,0.0130949117680598,0.0,0.0016362721555951258,[0.00163627]
1987-03-01,1987-04-01,lag_2,-0.0034937346824053,-0.0,0.0016362721555951258,[0.00163627]
1987-03-01,1987-04-01,lag_3,0.0094395391395245,0.0,0.0016362721555951258,[0.00163627]
1987-03-01,1987-04-01,lag_4,0.0039986071649558,0.0,0.0016362721555951258,[0.00163627]
1987-03-01,1987-04-01,lag_5,0.0042533405515881,0.0,0.0016362721555951258,[0.00163627]
1987-03-01,1987-04-01,lag_6,0.0025494743751623,0.0,0.0016362721555951258,[0.00163627]
1987-03-01,1987-04-01,lag_7,-0.0018566171981273,-0.0,0.0016362721555951258,[0.00163627]
1987-03-01,1987-04-01,lag_8,0.0065123864306064,0.0,0.0016362721555951258,[0.00163627]
1987-03-01,1987-04-01,lag_9,-0.0040373394621271,-0.0,0.0016362721555951258,[0.00163627]
1987-03-01,1987-04-01,lag_10,0.0014759828720576,0.0,0.0016362721555951258,[0.00163627]
1987-03-01,1987-04-01,lag_11,0.0014326780252771,0.0,0.0016362721555951258,[0.00163627]
1987-03-01,1987-04-01,volatility_3m,0.008517289140562124,0.0,0.0016362721555951258,[0.00163627]
1987-04-01,1987-05-01,lag_0,0.0063111142311358,0.0,0.0017380230247893429,[0.00173802]
1987-04-01,1987-05-01,lag_1,0.0014471947964986,0.0,0.0017380230247893429,[0.00173802]
1987-04-01,1987-05-01,lag_2,0.0130949117680598,0.0,0.0017380230247893429,[0.00173802]
1987-04-01,1987-05-01,lag_3,-0.0034937346824053,-0.0,0.0017380230247893429,[0.00173802]
1987-04-01,1987-05-01,lag_4,0.0094395391395245,0.0,0.0017380230247893429,[0.00173802]
1987-04-01,1987-05-01,lag_5,0.0039986071649558,0.0,0.0017380230247893429,[0.00173802]
1987-04-01,1987-05-01,lag_6,0.0042533405515881,0.0,0.0017380230247893429,[0.00173802]
1987-04-01,1987-05-01,lag_7,0.0025494743751623,0.0,0.0017380230247893429,[0.00173802]
1987-04-01,1987-05-01,lag_8,-0.0018566171981273,-0.0,0.0017380230247893429,[0.00173802]
1987-04-01,1987-05-01,lag_9,0.0065123864306064,0.0,0.0017380230247893429,[0.00173802]
1987-04-01,1987-05-01,lag_10,-0.0040373394621271,-0.0,0.0017380230247893429,[0.00173802]
1987-04-01,1987-05-01,lag_11,0.0014759828720576,0.0,0.0017380230247893429,[0.00173802]
1987-04-01,1987-05-01,volatility_3m,0.005850169968160646,0.0,0.0017380230247893429,[0.00173802]
1987-05-01,1987-06-01,lag_0,0.0063027667626691,0.0,0.0017175921003789404,[0.00171759]
1987-05-01,1987-06-01,lag_1,0.0063111142311358,0.0,0.0017175921003789404,[0.00171759]
1987-05-01,1987-06-01,lag_2,0.0014471947964986,0.0,0.0017175921003789404,[0.00171759]
1987-05-01,1987-06-01,lag_3,0.0130949117680598,0.0,0.0017175921003789404,[0.00171759]
1987-05-01,1987-06-01,lag_4,-0.0034937346824053,-0.0,0.0017175921003789404,[0.00171759]
1987-05-01,1987-06-01,lag_5,0.0094395391395245,0.0,0.0017175921003789404,[0.00171759]
1987-05-01,1987-06-01,lag_6,0.0039986071649558,0.0,0.0017175921003789404,[0.00171759]
1987-05-01,1987-06-01,lag_7,0.0042533405515881,0.0,0.0017175921003789404,[0.00171759]
1987-05-01,1987-06-01,lag_8,0.0025494743751623,0.0,0.0017175921003789404,[0.00171759]
1987-05-01,1987-06-01,lag_9,-0.0018566171981273,-0.0,0.0017175921003789404,[0.00171759]
1987-05-01,1987-06-01,lag_10,0.0065123864306064,0.0,0.0017175921003789404,[0.00171759]
1987-05-01,1987-06-01,lag_11,-0.0040373394621271,-0.0,0.0017175921003789404,[0.00171759]
1987-05-01,1987-06-01,volatility_3m,0.0028057785926409126,-0.0,0.0017175921003789404,[0.00171759]
1987-06-01,1987-07-01,lag_0,0.0051660293028339,0.0,0.0017380505062291657,[0.00173805]
1987-06-01,1987-07-01,lag_1,0.0063027667626691,0.0,0.0017380505062291657,[0.00173805]
1987-06-01,1987-07-01,lag_2,0.0063111142311358,0.0,0.0017380505062291657,[0.00173805]
1987-06-01,1987-07-01,lag_3,0.0014471947964986,0.0,0.0017380505062291657,[0.00173805]
1987-06-01,1987-07-01,lag_4,0.0130949117680598,0.0,0.0017380505062291657,[0.00173805]
1987-06-01,1987-07-01,lag_5,-0.0034937346824053,-0.0,0.0017380505062291657,[0.00173805]
1987-06-01,1987-07-01,lag_6,0.0094395391395245,0.0,0.0017380505062291657,[0.00173805]
1987-06-01,1987-07-01,lag_7,0.0039986071649558,0.0,0.0017380505062291657,[0.00173805]
1987-06-01,1987-07-01,lag_8,0.0042533405515881,0.0,0.0017380505062291657,[0.00173805]
1987-06-01,1987-07-01,lag_9,0.0025494743751623,0.0,0.0017380505062291657,[0.00173805]
1987-06-01,1987-07-01,lag_10,-0.0018566171981273,-0.0,0.0017380505062291657,[0.00173805]
1987-06-01,1987-07-01,lag_11,0.0065123864306064,0.0,0.0017380505062291657,[0.00173805]
1987-06-01,1987-07-01,volatility_3m,0.0007168055882143395,-0.0,0.0017380505062291657,[0.00173805]
1987-07-01,1987-08-01,lag_0,0.0067970654739664,0.0,0.0017812808879691191,[0.00178128]
1987-07-01,1987-08-01,lag_1,0.0051660293028339,0.0,0.0017812808879691191,[0.00178128]
1987-07-01,1987-08-01,lag_2,0.0063027667626691,0.0,0.0017812808879691191,[0.00178128]
1987-07-01,1987-08-01,lag_3,0.0063111142311358,0.0,0.0017812808879691191,[0.00178128]
1987-07-01,1987-08-01,lag_4,0.0014471947964986,0.0,0.0017812808879691191,[0.00178128]
1987-07-01,1987-08-01,lag_5,0.0130949117680598,0.0,0.0017812808879691191,[0.00178128]
1987-07-01,1987-08-01,lag_6,-0.0034937346824053,-0.0,0.0017812808879691191,[0.00178128]
1987-07-01,1987-08-01,lag_7,0.0094395391395245,0.0,0.0017812808879691191,[0.00178128]
1987-07-01,1987-08-01,lag_8,0.0039986071649558,0.0,0.0017812808879691191,[0.00178128]
1987-07-01,1987-08-01,lag_9,0.0042533405515881,0.0,0.0017812808879691191,[0.00178128]
1987-07-01,1987-08-01,lag_10,0.0025494743751623,0.0,0.0017812808879691191,[0.00178128]
1987-07-01,1987-08-01,lag_11,-0.0018566171981273,-0.0,0.0017812808879691191,[0.00178128]
1987-07-01,1987-08-01,volatility_3m,0.0008363394705625739,-0.0,0.0017812808879691191,[0.00178128]
1987-08-01,1987-09-01,lag_0,0.0074780815378376,0.0,0.0017978602951720963,[0.00179786]
1987-08-01,1987-09-01,lag_1,0.0067970654739664,0.0,0.0017978602951720963,[0.00179786]
1987-08-01,1987-09-01,lag_2,0.0051660293028339,0.0,0.0017978602951720963,[0.00179786]
1987-08-01,1987-09-01,lag_3,0.0063027667626691,0.0,0.0017978602951720963,[0.00179786]
1987-08-01,1987-09-01,lag_4,0.0063111142311358,0.0,0.0017978602951720963,[0.00179786]
1987-08-01,1987-09-01,lag_5,0.0014471947964986,0.0,0.0017978602951720963,[0.00179786]
1987-08-01,1987-09-01,lag_6,0.0130949117680598,0.0,0.0017978602951720963,[0.00179786]
1987-08-01,1987-09-01,lag_7,-0.0034937346824053,-0.0,0.0017978602951720963,[0.00179786]
1987-08-01,1987-09-01,lag_8,0.0094395391395245,0.0,0.0017978602951720963,[0.00179786]
1987-08-01,1987-09-01,lag_9,0.0039986071649558,0.0,0.0017978602951720963,[0.00179786]
1987-08-01,1987-09-01,lag_10,0.0042533405515881,0.0,0.0017978602951720963,[0.00179786]
1987-08-01,1987-09-01,lag_11,0.0025494743751623,0.0,0.0017978602951720963,[0.00179786]
1987-08-01,1987-09-01,volatility_3m,0.0011881110644056522,-0.0,0.0017978602951720963,[0.00179786]
1987-09-01,1987-10-01,lag_0,0.0039317740129067,0.0,0.0018005269612224684,[0.00180053]
1987-09-01,1987-10-01,lag_1,0.0074780815378376,0.0,0.0018005269612224684,[0.00180053]
1987-09-01,1987-10-01,lag_2,0.0067970654739664,0.0,0.0018005269612224684,[0.00180053]
1987-09-01,1987-10-01,lag_3,0.0051660293028339,0.0,0.0018005269612224684,[0.00180053]
1987-09-01,1987-10-01,lag_4,0.0063027667626691,0.0,0.0018005269612224684,[0.00180053]
1987-09-01,1987-10-01,lag_5,0.0063111142311358,0.0,0.0018005269612224684,[0.00180053]
1987-09-01,1987-10-01,lag_6,0.0014471947964986,0.0,0.0018005269612224684,[0.00180053]
1987-09-01,1987-10-01,lag_7,0.0130949117680598,0.0,0.0018005269612224684,[0.00180053]
1987-09-01,1987-10-01,lag_8,-0.0034937346824053,-0.0,0.0018005269612224684,[0.00180053]
1987-09-01,1987-10-01,lag_9,0.0094395391395245,0.0,0.0018005269612224684,[0.00180053]
1987-09-01,1987-10-01,lag_10,0.0039986071649558,0.0,0.0018005269612224684,[0.00180053]
1987-09-01,1987-10-01,lag_11,0.0042533405515881,0.0,0.0018005269612224684,[0.00180053]
1987-09-01,1987-10-01,volatility_3m,0.0018819305290690984,-0.0,0.0018005269612224684,[0.00180053]
1987-10-01,1987-11-01,lag_0,0.0132334951092074,0.0,0.0018891657787687285,[0.00188917]
1987-10-01,1987-11-01,lag_1,0.0039317740129067,0.0,0.0018891657787687285,[0.00188917]
1987-10-01,1987-11-01,lag_2,0.0074780815378376,0.0,0.0018891657787687285,[0.00188917]
1987-10-01,1987-11-01,lag_3,0.0067970654739664,0.0,0.0018891657787687285,[0.00188917]
1987-10-01,1987-11-01,lag_4,0.0051660293028339,0.0,0.0018891657787687285,[0.00188917]
1987-10-01,1987-11-01,lag_5,0.0063027667626691,0.0,0.0018891657787687285,[0.00188917]
1987-10-01,1987-11-01,lag_6,0.0063111142311358,0.0,0.0018891657787687285,[0.00188917]
1987-10-01,1987-11-01,lag_7,0.0014471947964986,0.0,0.0018891657787687285,[0.00188917]
1987-10-01,1987-11-01,lag_8,0.0130949117680598,0.0,0.0018891657787687285,[0.00188917]
1987-10-01,1987-11-01,lag_9,-0.0034937346824053,-0.0,0.0018891657787687285,[0.00188917]
1987-10-01,1987-11-01,lag_10,0.0094395391395245,0.0,0.0018891657787687285,[0.00188917]
1987-10-01,1987-11-01,lag_11,0.0039986071649558,0.0,0.0018891657787687285,[0.00188917]
1987-10-01,1987-11-01,volatility_3m,0.00469437780386025,-0.0,0.0018891657787687285,[0.00188917]
1987-11-01,1987-12-01,lag_0,0.0048659460435285,0.0,0.001890904949704642,[0.0018909]
1987-11-01,1987-12-01,lag_1,0.0132334951092074,0.0,0.001890904949704642,[0.0018909]
1987-11-01,1987-12-01,lag_2,0.0039317740129067,0.0,0.001890904949704642,[0.0018909]
1987-11-01,1987-12-01,lag_3,0.0074780815378376,0.0,0.001890904949704642,[0.0018909]
1987-11-01,1987-12-01,lag_4,0.0067970654739664,0.0,0.001890904949704642,[0.0018909]
1987-11-01,1987-12-01,lag_5,0.0051660293028339,0.0,0.001890904949704642,[0.0018909]
1987-11-01,1987-12-01,lag_6,0.0063027667626691,0.0,0.001890904949704642,[0.0018909]
1987-11-01,1987-12-01,lag_7,0.0063111142311358,0.0,0.001890904949704642,[0.0018909]
1987-11-01,1987-12-01,lag_8,0.0014471947964986,0.0,0.001890904949704642,[0.0018909]
1987-11-01,1987-12-01,lag_9,0.0130949117680598,0.0,0.001890904949704642,[0.0018909]
1987-11-01,1987-12-01,lag_10,-0.0034937346824053,-0.0,0.001890904949704642,[0.0018909]
1987-11-01,1987-12-01,lag_11,0.0094395391395245,0.0,0.001890904949704642,[0.0018909]
1987-11-01,1987-12-01,volatility_3m,0.0051220205990524445,-0.0,0.001890904949704642,[0.0018909]
1987-12-01,1988-01-01,lag_0,0.005592546578943,0.0,0.0018794387371018205,[0.00187944]
1987-12-01,1988-01-01,lag_1,0.0048659460435285,0.0,0.0018794387371018205,[0.00187944]
1987-12-01,1988-01-01,lag_2,0.0132334951092074,0.0,0.0018794387371018205,[0.00187944]
1987-12-01,1988-01-01,lag_3,0.0039317740129067,0.0,0.0018794387371018205,[0.00187944]
1987-12-01,1988-01-01,lag_4,0.0074780815378376,0.0,0.0018794387371018205,[0.00187944]
1987-12-01,1988-01-01,lag_5,0.0067970654739664,0.0,0.0018794387371018205,[0.00187944]
1987-12-01,1988-01-01,lag_6,0.0051660293028339,0.0,0.0018794387371018205,[0.00187944]
1987-12-01,1988-01-01,lag_7,0.0063027667626691,0.0,0.0018794387371018205,[0.00187944]
1987-12-01,1988-01-01,lag_8,0.0063111142311358,0.0,0.0018794387371018205,[0.00187944]
1987-12-01,1988-01-01,lag_9,0.0014471947964986,0.0,0.0018794387371018205,[0.00187944]
1987-12-01,1988-01-01,lag_10,0.0130949117680598,0.0,0.0018794387371018205,[0.00187944]
1987-12-01,1988-01-01,lag_11,-0.0034937346824053,-0.0,0.0018794387371018205,[0.00187944]
1987-12-01,1988-01-01,volatility_3m,0.0046355136383281585,-0.0,0.0018794387371018205,[0.00187944]
1988-01-01,1988-02-01,lag_0,-0.0001970082890574,-0.0,0.0018868890747326724,[0.00188689]
1988-01-01,1988-02-01,lag_1,0.005592546578943,0.0,0.0018868890747326724,[0.00188689]
1988-01-01,1988-02-01,lag_2,0.0048659460435285,0.0,0.0018868890747326724,[0.00188689]
1988-01-01,1988-02-01,lag_3,0.0132334951092074,0.0,0.0018868890747326724,[0.00188689]
1988-01-01,1988-02-01,lag_4,0.0039317740129067,0.0,0.0018868890747326724,[0.00188689]
1988-01-01,1988-02-01,lag_5,0.0074780815378376,0.0,0.0018868890747326724,[0.00188689]
1988-01-01,1988-02-01,lag_6,0.0067970654739664,0.0,0.0018868890747326724,[0.00188689]
1988-01-01,1988-02-01,lag_7,0.0051660293028339,0.0,0.0018868890747326724,[0.00188689]
1988-01-01,1988-02-01,lag_8,0.0063027667626691,0.0,0.0018868890747326724,[0.00188689]
1988-01-01,1988-02-01,lag_9,0.0063111142311358,0.0,0.0018868890747326724,[0.00188689]
1988-01-01,1988-02-01,lag_10,0.0014471947964986,0.0,0.0018868890747326724,[0.00188689]
1988-01-01,1988-02-01,lag_11,0.0130949117680598,0.0,0.0018868890747326724,[0.00188689]
1988-01-01,1988-02-01,volatility_3m,0.0031538442278564874,-0.0,0.0018868890747326724,[0.00188689]
1988-02-01,1988-03-01,lag_0,0.0049992713406421,0.0,0.001844383519704567,[0.00184438]
1988-02-01,1988-03-01,lag_1,-0.0001970082890574,-0.0,0.001844383519704567,[0.00184438]
1988-02-01,1988-03-01,lag_2,0.005592546578943,0.0,0.001844383519704567,[0.00184438]
1988-02-01,1988-03-01,lag_3,0.0048659460435285,0.0,0.001844383519704567,[0.00184438]
1988-02-01,1988-03-01,lag_4,0.0132334951092074,0.0,0.001844383519704567,[0.00184438]
1988-02-01,1988-03-01,lag_5,0.0039317740129067,0.0,0.001844383519704567,[0.00184438]
1988-02-01,1988-03-01,lag_6,0.0074780815378376,0.0,0.001844383519704567,[0.00184438]
1988-02-01,1988-03-01,lag_7,0.0067970654739664,0.0,0.001844383519704567,[0.00184438]
1988-02-01,1988-03-01,lag_8,0.0051660293028339,0.0,0.001844383519704567,[0.00184438]
1988-02-01,1988-03-01,lag_9,0.0063027667626691,0.0,0.001844383519704567,[0.00184438]
1988-02-01,1988-03-01,lag_10,0.0063111142311358,0.0,0.001844383519704567,[0.00184438]
1988-02-01,1988-03-01,lag_11,0.0014471947964986,0.0,0.001844383519704567,[0.00184438]
1988-02-01,1988-03-01,volatility_3m,0.003185180347274915,-0.0,0.001844383519704567,[0.00184438]
1988-03-01,1988-04-01,lag_0,0.0024648224249466,0.0,0.0019098029678901352,[0.0019098]
1988-03-01,1988-04-01,lag_1,0.0049992713406421,0.0,0.0019098029678901352,[0.0019098]
1988-03-01,1988-04-01,lag_2,-0.0001970082890574,-0.0,0.0019098029678901352,[0.0019098]
1988-03-01,1988-04-01,lag_3,0.005592546578943,0.0,0.0019098029678901352,[0.0019098]
1988-03-01,1988-04-01,lag_4,0.0048659460435285,0.0,0.0019098029678901352,[0.0019098]
1988-03-01,1988-04-01,lag_5,0.0132334951092074,0.0,0.0019098029678901352,[0.0019098]
1988-03-01,1988-04-01,lag_6,0.0039317740129067,0.0,0.0019098029678901352,[0.0019098]
1988-03-01,1988-04-01,lag_7,0.0074780815378376,0.0,0.0019098029678901352,[0.0019098]
1988-03-01,1988-04-01,lag_8,0.0067970654739664,0.0,0.0019098029678901352,[0.0019098]
1988-03-01,1988-04-01,lag_9,0.0051660293028339,0.0,0.0019098029678901352,[0.0019098]
1988-03-01,1988-04-01,lag_10,0.0063027667626691,0.0,0.0019098029678901352,[0.0019098]
1988-03-01,1988-04-01,lag_11,0.0063111142311358,0.0,0.0019098029678901352,[0.0019098]
1988-03-01,1988-04-01,volatility_3m,0.0025984000220108244,-0.0,0.0019098029678901352,[0.0019098]
1988-04-01,1988-05-01,lag_0,0.0057843790126419,0.0,0.0019568147645894094,[0.00195681]
1988-04-01,1988-05-01,lag_1,0.0024648224249466,0.0,0.0019568147645894094,[0.00195681]
1988-04-01,1988-05-01,lag_2,0.0049992713406421,0.0,0.0019568147645894094,[0.00195681]
1988-04-01,1988-05-01,lag_3,-0.0001970082890574,-0.0,0.0019568147645894094,[0.00195681]
1988-04-01,1988-05-01,lag_4,0.005592546578943,0.0,0.0019568147645894094,[0.00195681]
1988-04-01,1988-05-01,lag_5,0.0048659460435285,0.0,0.0019568147645894094,[0.00195681]
1988-04-01,1988-05-01,lag_6,0.0132334951092074,0.0,0.0019568147645894094,[0.00195681]
1988-04-01,1988-05-01,lag_7,0.0039317740129067,0.0,0.0019568147645894094,[0.00195681]
1988-04-01,1988-05-01,lag_8,0.0074780815378376,0.0,0.0019568147645894094,[0.00195681]
1988-04-01,1988-05-01,lag_9,0.0067970654739664,0.0,0.0019568147645894094,[0.00195681]
1988-04-01,1988-05-01,lag_10,0.0051660293028339,0.0,0.0019568147645894094,[0.00195681]
1988-04-01,1988-05-01,lag_11,0.0063027667626691,0.0,0.0019568147645894094,[0.00195681]
1988-04-01,1988-05-01,volatility_3m,0.001734900636050679,-0.0,0.0019568147645894094,[0.00195681]
1988-05-01,1988-06-01,lag_0,-0.0020182730831876,-0.0,0.001910817113899438,[0.00191082]
1988-05-01,1988-06-01,lag_1,0.0057843790126419,0.0,0.001910817113899438,[0.00191082]
1988-05-01,1988-06-01,lag_2,0.0024648224249466,0.0,0.001910817113899438,[0.00191082]
1988-05-01,1988-06-01,lag_3,0.0049992713406421,0.0,0.001910817113899438,[0.00191082]
1988-05-01,1988-06-01,lag_4,-0.0001970082890574,-0.0,0.001910817113899438,[0.00191082]
1988-05-01,1988-06-01,lag_5,0.005592546578943,0.0,0.001910817113899438,[0.00191082]
1988-05-01,1988-06-01,lag_6,0.0048659460435285,0.0,0.001910817113899438,[0.00191082]
1988-05-01,1988-06-01,lag_7,0.0132334951092074,0.0,0.001910817113899438,[0.00191082]
1988-05-01,1988-06-01,lag_8,0.0039317740129067,0.0,0.001910817113899438,[0.00191082]
1988-05-01,1988-06-01,lag_9,0.0074780815378376,0.0,0.001910817113899438,[0.00191082]
1988-05-01,1988-06-01,lag_10,0.0067970654739664,0.0,0.001910817113899438,[0.00191082]
1988-05-01,1988-06-01,lag_11,0.0051660293028339,0.0,0.001910817113899438,[0.00191082]
1988-05-01,1988-06-01,volatility_3m,0.003915758355723635,-0.0,0.001910817113899438,[0.00191082]
1988-06-01,1988-07-01,lag_0,0.0028969273941674,0.0,0.0019726840604424086,[0.00197268]
1988-06-01,1988-07-01,lag_1,-0.0020182730831876,-0.0,0.0019726840604424086,[0.00197268]
1988-06-01,1988-07-01,lag_2,0.0057843790126419,0.0,0.0019726840604424086,[0.00197268]
1988-06-01,1988-07-01,lag_3,0.0024648224249466,0.0,0.0019726840604424086,[0.00197268]
1988-06-01,1988-07-01,lag_4,0.0049992713406421,0.0,0.0019726840604424086,[0.00197268]
1988-06-01,1988-07-01,lag_5,-0.0001970082890574,-0.0,0.0019726840604424086,[0.00197268]
1988-06-01,1988-07-01,lag_6,0.005592546578943,0.0,0.0019726840604424086,[0.00197268]
1988-06-01,1988-07-01,lag_7,0.0048659460435285,0.0,0.0019726840604424086,[0.00197268]
1988-06-01,1988-07-01,lag_8,0.0132334951092074,0.0,0.0019726840604424086,[0.00197268]
1988-06-01,1988-07-01,lag_9,0.0039317740129067,0.0,0.0019726840604424086,[0.00197268]
1988-06-01,1988-07-01,lag_10,0.0074780815378376,0.0,0.0019726840604424086,[0.00197268]
1988-06-01,1988-07-01,lag_11,0.0067970654739664,0.0,0.0019726840604424086,[0.00197268]
1988-06-01,1988-07-01,volatility_3m,0.00394499582404034,-0.0,0.0019726840604424086,[0.00197268]
1988-07-01,1988-08-01,lag_0,0.0001469114322585,-0.0,0.0019185964895309013,[0.0019186]
1988-07-01,1988-08-01,lag_1,0.0028969273941674,0.0,0.0019185964895309013,[0.0019186]
1988-07-01,1988-08-01,lag_2,-0.0020182730831876,-0.0,0.0019185964895309013,[0.0019186]
1988-07-01,1988-08-01,lag_3,0.0057843790126419,0.0,0.0019185964895309013,[0.0019186]
1988-07-01,1988-08-01,lag_4,0.0024648224249466,0.0,0.0019185964895309013,[0.0019186]
1988-07-01,1988-08-01,lag_5,0.0049992713406421,0.0,0.0019185964895309013,[0.0019186]
1988-07-01,1988-08-01,lag_6,-0.0001970082890574,-0.0,0.0019185964895309013,[0.0019186]
1988-07-01,1988-08-01,lag_7,0.005592546578943,0.0,0.0019185964895309013,[0.0019186]
1988-07-01,1988-08-01,lag_8,0.0048659460435285,0.0,0.0019185964895309013,[0.0019186]
1988-07-01,1988-08-01,lag_9,0.0132334951092074,0.0,0.0019185964895309013,[0.0019186]
1988-07-01,1988-08-01,lag_10,0.0039317740129067,0.0,0.0019185964895309013,[0.0019186]
1988-07-01,1988-08-01,lag_11,0.0074780815378376,0.0,0.0019185964895309013,[0.0019186]
1988-07-01,1988-08-01,volatility_3m,0.002463392224463119,-0.0,0.0019185964895309013,[0.0019186]
1988-08-01,1988-09-01,lag_0,0.0050016792782372,0.0,0.0019375336582087286,[0.00193753]
1988-08-01,1988-09-01,lag_1,0.0001469114322585,-0.0,0.0019375336582087286,[0.00193753]
1988-08-01,1988-09-01,lag_2,0.0028969273941674,0.0,0.0019375336582087286,[0.00193753]
1988-08-01,1988-09-01,lag_3,-0.0020182730831876,-0.0,0.0019375336582087286,[0.00193753]
1988-08-01,1988-09-01,lag_4,0.0057843790126419,0.0,0.0019375336582087286,[0.00193753]
1988-08-01,1988-09-01,lag_5,0.0024648224249466,0.0,0.0019375336582087286,[0.00193753]
1988-08-01,1988-09-01,lag_6,0.0049992713406421,0.0,0.0019375336582087286,[0.00193753]
1988-08-01,1988-09-01,lag_7,-0.0001970082890574,-0.0,0.0019375336582087286,[0.00193753]
1988-08-01,1988-09-01,lag_8,0.005592546578943,0.0,0.0019375336582087286,[0.00193753]
1988-08-01,1988-09-01,lag_9,0.0048659460435285,0.0,0.0019375336582087286,[0.00193753]
1988-08-01,1988-09-01,lag_10,0.0132334951092074,0.0,0.0019375336582087286,[0.00193753]
1988-08-01,1988-09-01,lag_11,0.0039317740129067,0.0,0.0019375336582087286,[0.00193753]
1988-08-01,1988-09-01,volatility_3m,0.002434520456633358,-0.0,0.0019375336582087286,[0.00193753]
1988-09-01,1988-10-01,lag_0,-0.0031296333588732,-0.0,0.00187693040275441,[0.00187693]
1988-09-01,1988-10-01,lag_1,0.0050016792782372,0.0,0.00187693040275441,[0.00187693]
1988-09-01,1988-10-01,lag_2,0.0001469114322585,-0.0,0.00187693040275441,[0.00187693]
1988-09-01,1988-10-01,lag_3,0.0028969273941674,0.0,0.00187693040275441,[0.00187693]
1988-09-01,1988-10-01,lag_4,-0.0020182730831876,-0.0,0.00187693040275441,[0.00187693]
1988-09-01,1988-10-01,lag_5,0.0057843790126419,0.0,0.00187693040275441,[0.00187693]
1988-09-01,1988-10-01,lag_6,0.0024648224249466,0.0,0.00187693040275441,[0.00187693]
1988-09-01,1988-10-01,lag_7,0.0049992713406421,0.0,0.00187693040275441,[0.00187693]
1988-09-01,1988-10-01,lag_8,-0.0001970082890574,-0.0,0.00187693040275441,[0.00187693]
1988-09-01,1988-10-01,lag_9,0.005592546578943,0.0,0.00187693040275441,[0.00187693]
1988-09-01,1988-10-01,lag_10,0.0048659460435285,0.0,0.00187693040275441,[0.00187693]
1988-09-01,1988-10-01,lag_11,0.0132334951092074,0.0,0.00187693040275441,[0.00187693]
1988-09-01,1988-10-01,volatility_3m,0.0040911033925065616,-0.0,0.00187693040275441,[0.00187693]
1988-10-01,1988-11-01,lag_0,0.0043015363906127,0.0,0.0019531705334226764,[0.00195317]
1988-10-01,1988-11-01,lag_1,-0.0031296333588732,-0.0,0.0019531705334226764,[0.00195317]
1988-10-01,1988-11-01,lag_2,0.0050016792782372,0.0,0.0019531705334226764,[0.00195317]
1988-10-01,1988-11-01,lag_3,0.0001469114322585,-0.0,0.0019531705334226764,[0.00195317]
1988-10-01,1988-11-01,lag_4,0.0028969273941674,0.0,0.0019531705334226764,[0.00195317]
1988-10-01,1988-11-01,lag_5,-0.0020182730831876,-0.0,0.0019531705334226764,[0.00195317]
1988-10-01,1988-11-01,lag_6,0.0057843790126419,0.0,0.0019531705334226764,[0.00195317]
1988-10-01,1988-11-01,lag_7,0.0024648224249466,0.0,0.0019531705334226764,[0.00195317]
1988-10-01,1988-11-01,lag_8,0.0049992713406421,0.0,0.0019531705334226764,[0.00195317]
1988-10-01,1988-11-01,lag_9,-0.0001970082890574,-0.0,0.0019531705334226764,[0.00195317]
1988-10-01,1988-11-01,lag_10,0.005592546578943,0.0,0.0019531705334226764,[0.00195317]
1988-10-01,1988-11-01,lag_11,0.0048659460435285,0.0,0.0019531705334226764,[0.00195317]
1988-10-01,1988-11-01,volatility_3m,0.004506120450956987,-0.0,0.0019531705334226764,[0.00195317]
1988-11-01,1988-12-01,lag_0,0.0024157555877204,0.0,0.0019269389353093005,[0.00192694]
1988-11-01,1988-12-01,lag_1,0.0043015363906127,0.0,0.0019269389353093005,[0.00192694]
1988-11-01,1988-12-01,lag_2,-0.0031296333588732,-0.0,0.0019269389353093005,[0.00192694]
1988-11-01,1988-12-01,lag_3,0.0050016792782372,0.0,0.0019269389353093005,[0.00192694]
1988-11-01,1988-12-01,lag_4,0.0001469114322585,-0.0,0.0019269389353093005,[0.00192694]
1988-11-01,1988-12-01,lag_5,0.0028969273941674,0.0,0.0019269389353093005,[0.00192694]
1988-11-01,1988-12-01,lag_6,-0.0020182730831876,-0.0,0.0019269389353093005,[0.00192694]
1988-11-01,1988-12-01,lag_7,0.0057843790126419,0.0,0.0019269389353093005,[0.00192694]
1988-11-01,1988-12-01,lag_8,0.0024648224249466,0.0,0.0019269389353093005,[0.00192694]
1988-11-01,1988-12-01,lag_9,0.0049992713406421,0.0,0.0019269389353093005,[0.00192694]
1988-11-01,1988-12-01,lag_10,-0.0001970082890574,-0.0,0.0019269389353093005,[0.00192694]
1988-11-01,1988-12-01,lag_11,0.005592546578943,0.0,0.0019269389353093005,[0.00192694]
1988-11-01,1988-12-01,volatility_3m,0.0038628528242572644,-0.0,0.0019269389353093005,[0.00192694]
1988-12-01,1989-01-01,lag_0,0.004519309178077,0.0,0.001922820078592347,[0.00192282]
1988-12-01,1989-01-01,lag_1,0.0024157555877204,0.0,0.001922820078592347,[0.00192282]
1988-12-01,1989-01-01,lag_2,0.0043015363906127,0.0,0.001922820078592347,[0.00192282]
1988-12-01,1989-01-01,lag_3,-0.0031296333588732,-0.0,0.001922820078592347,[0.00192282]
1988-12-01,1989-01-01,lag_4,0.0050016792782372,0.0,0.001922820078592347,[0.00192282]
1988-12-01,1989-01-01,lag_5,0.0001469114322585,-0.0,0.001922820078592347,[0.00192282]
1988-12-01,1989-01-01,lag_6,0.0028969273941674,0.0,0.001922820078592347,[0.00192282]
1988-12-01,1989-01-01,lag_7,-0.0020182730831876,-0.0,0.001922820078592347,[0.00192282]
1988-12-01,1989-01-01,lag_8,0.0057843790126419,0.0,0.001922820078592347,[0.00192282]
1988-12-01,1989-01-01,lag_9,0.0024648224249466,0.0,0.001922820078592347,[0.00192282]
1988-12-01,1989-01-01,lag_10,0.0049992713406421,0.0,0.001922820078592347,[0.00192282]
1988-12-01,1989-01-01,lag_11,-0.0001970082890574,-0.0,0.001922820078592347,[0.00192282]
1988-12-01,1989-01-01,volatility_3m,0.0011567578204489796,-0.0,0.001922820078592347,[0.00192282]
1989-01-01,1989-02-01,lag_0,0.002945349132478,0.0,0.0019022959554655637,[0.0019023]
1989-01-01,1989-02-01,lag_1,0.004519309178077,0.0,0.0019022959554655637,[0.0019023]
1989-01-01,1989-02-01,lag_2,0.0024157555877204,0.0,0.0019022959554655637,[0.0019023]
1989-01-01,1989-02-01,lag_3,0.0043015363906127,0.0,0.0019022959554655637,[0.0019023]
1989-01-01,1989-02-01,lag_4,-0.0031296333588732,-0.0,0.0019022959554655637,[0.0019023]
1989-01-01,1989-02-01,lag_5,0.0050016792782372,0.0,0.0019022959554655637,[0.0019023]
1989-01-01,1989-02-01,lag_6,0.0001469114322585,-0.0,0.0019022959554655637,[0.0019023]
1989-01-01,1989-02-01,lag_7,0.0028969273941674,0.0,0.0019022959554655637,[0.0019023]
1989-01-01,1989-02-01,lag_8,-0.0020182730831876,-0.0,0.0019022959554655637,[0.0019023]
1989-01-01,1989-02-01,lag_9,0.0057843790126419,0.0,0.0019022959554655637,[0.0019023]
1989-01-01,1989-02-01,lag_10,0.0024648224249466,0.0,0.0019022959554655637,[0.0019023]
1989-01-01,1989-02-01,lag_11,0.0049992713406421,0.0,0.0019022959554655637,[0.0019023]
1989-01-01,1989-02-01,volatility_3m,0.001094132628713499,-0.0,0.0019022959554655637,[0.0019023]
1989-02-01,1989-03-01,lag_0,-0.0044349968419306,-0.0,0.0018666676450636661,[0.00186667]
1989-02-01,1989-03-01,lag_1,0.002945349132478,0.0,0.0018666676450636661,[0.00186667]
1989-02-01,1989-03-01,lag_2,0.004519309178077,0.0,0.0018666676450636661,[0.00186667]
1989-02-01,1989-03-01,lag_3,0.0024157555877204,0.0,0.0018666676450636661,[0.00186667]
1989-02-01,1989-03-01,lag_4,0.0043015363906127,0.0,0.0018666676450636661,[0.00186667]
1989-02-01,1989-03-01,lag_5,-0.0031296333588732,-0.0,0.0018666676450636661,[0.00186667]
1989-02-01,1989-03-01,lag_6,0.0050016792782372,0.0,0.0018666676450636661,[0.00186667]
1989-02-01,1989-03-01,lag_7,0.0001469114322585,-0.0,0.0018666676450636661,[0.00186667]
1989-02-01,1989-03-01,lag_8,0.0028969273941674,0.0,0.0018666676450636661,[0.00186667]
1989-02-01,1989-03-01,lag_9,-0.0020182730831876,-0.0,0.0018666676450636661,[0.00186667]
1989-02-01,1989-03-01,lag_10,0.0057843790126419,0.0,0.0018666676450636661,[0.00186667]
1989-02-01,1989-03-01,lag_11,0.0024648224249466,0.0,0.0018666676450636661,[0.00186667]
1989-02-01,1989-03-01,volatility_3m,0.004780628501690539,0.0,0.0018666676450636661,[0.00186667]
1989-03-01,1989-04-01,lag_0,0.0024976084295813,0.0,0.0018765755198527781,[0.00187658]
1989-03-01,1989-04-01,lag_1,-0.0044349968419306,-0.0,0.0018765755198527781,[0.00187658]
1989-03-01,1989-04-01,lag_2,0.002945349132478,0.0,0.0018765755198527781,[0.00187658]
1989-03-01,1989-04-01,lag_3,0.004519309178077,0.0,0.0018765755198527781,[0.00187658]
1989-03-01,1989-04-01,lag_4,0.0024157555877204,0.0,0.0018765755198527781,[0.00187658]
1989-03-01,1989-04-01,lag_5,0.0043015363906127,0.0,0.0018765755198527781,[0.00187658]
1989-03-01,1989-04-01,lag_6,-0.0031296333588732,-0.0,0.0018765755198527781,[0.00187658]
1989-03-01,1989-04-01,lag_7,0.0050016792782372,0.0,0.0018765755198527781,[0.00187658]
1989-03-01,1989-04-01,lag_8,0.0001469114322585,-0.0,0.0018765755198527781,[0.00187658]
1989-03-01,1989-04-01,lag_9,0.0028969273941674,0.0,0.0018765755198527781,[0.00187658]
1989-03-01,1989-04-01,lag_10,-0.0020182730831876,-0.0,0.0018765755198527781,[0.00187658]
1989-03-01,1989-04-01,lag_11,0.0057843790126419,0.0,0.0018765755198527781,[0.00187658]
1989-03-01,1989-04-01,volatility_3m,0.004137853595959993,-0.0,0.0018765755198527781,[0.00187658]
1989-04-01,1989-05-01,lag_0,-0.0001496807216438,-0.0,0.0018756527926726899,[0.00187565]
1989-04-01,1989-05-01,lag_1,0.0024976084295813,0.0,0.0018756527926726899,[0.00187565]
1989-04-01,1989-05-01,lag_2,-0.0044349968419306,-0.0,0.0018756527926726899,[0.00187565]
1989-04-01,1989-05-01,lag_3,0.002945349132478,0.0,0.0018756527926726899,[0.00187565]
1989-04-01,1989-05-01,lag_4,0.004519309178077,0.0,0.0018756527926726899,[0.00187565]
1989-04-01,1989-05-01,lag_5,0.0024157555877204,0.0,0.0018756527926726899,[0.00187565]
1989-04-01,1989-05-01,lag_6,0.0043015363906127,0.0,0.0018756527926726899,[0.00187565]
1989-04-01,1989-05-01,lag_7,-0.0031296333588732,-0.0,0.0018756527926726899,[0.00187565]
1989-04-01,1989-05-01,lag_8,0.0050016792782372,0.0,0.0018756527926726899,[0.00187565]
1989-04-01,1989-05-01,lag_9,0.0001469114322585,-0.0,0.0018756527926726899,[0.00187565]
1989-04-01,1989-05-01,lag_10,0.0028969273941674,0.0,0.0018756527926726899,[0.00187565]
1989-04-01,1989-05-01,lag_11,-0.0020182730831876,-0.0,0.0018756527926726899,[0.00187565]
1989-04-01,1989-05-01,volatility_3m,0.0034984065408787328,-0.0,0.0018756527926726899,[0.00187565]
1989-05-01,1989-06-01,lag_0,-0.00570129548713,-0.0,0.001861703243666448,[0.0018617]
1989-05-01,1989-06-01,lag_1,-0.0001496807216438,-0.0,0.001861703243666448,[0.0018617]
1989-05-01,1989-06-01,lag_2,0.0024976084295813,0.0,0.001861703243666448,[0.0018617]
1989-05-01,1989-06-01,lag_3,-0.0044349968419306,-0.0,0.001861703243666448,[0.0018617]
1989-05-01,1989-06-01,lag_4,0.002945349132478,0.0,0.001861703243666448,[0.0018617]
1989-05-01,1989-06-01,lag_5,0.004519309178077,0.0,0.001861703243666448,[0.0018617]
1989-05-01,1989-06-01,lag_6,0.0024157555877204,0.0,0.001861703243666448,[0.0018617]
1989-05-01,1989-06-01,lag_7,0.0043015363906127,0.0,0.001861703243666448,[0.0018617]
1989-05-01,1989-06-01,lag_8,-0.0031296333588732,-0.0,0.001861703243666448,[0.0018617]
1989-05-01,1989-06-01,lag_9,0.0050016792782372,0.0,0.001861703243666448,[0.0018617]
1989-05-01,1989-06-01,lag_10,0.0001469114322585,-0.0,0.001861703243666448,[0.0018617]
1989-05-01,1989-06-01,lag_11,0.0028969273941674,0.0,0.001861703243666448,[0.0018617]
1989-05-01,1989-06-01,volatility_3m,0.004184307823882432,-0.0,0.001861703243666448,[0.0018617]
1989-06-01,1989-07-01,lag_0,-7.60861911217603e-05,-0.0005483526621580397,0.000801221841775876,[0.0017933]
1989-06-01,1989-07-01,lag_1,-0.00570129548713,-0.0004034964815369871,0.000801221841775876,[0.0017933]
1989-06-01,1989-07-01,lag_2,-0.0001496807216438,-4.023377648721226e-05,0.000801221841775876,[0.0017933]
1989-06-01,1989-07-01,lag_3,0.0024976084295813,0.0,0.000801221841775876,[0.0017933]
1989-06-01,1989-07-01,lag_4,-0.0044349968419306,-0.0,0.000801221841775876,[0.0017933]
1989-06-01,1989-07-01,lag_5,0.002945349132478,0.0,0.000801221841775876,[0.0017933]
1989-06-01,1989-07-01,lag_6,0.004519309178077,0.0,0.000801221841775876,[0.0017933]
1989-06-01,1989-07-01,lag_7,0.0024157555877204,0.0,0.000801221841775876,[0.0017933]
1989-06-01,1989-07-01,lag_8,0.0043015363906127,0.0,0.000801221841775876,[0.0017933]
1989-06-01,1989-07-01,lag_9,-0.0031296333588732,-0.0,0.000801221841775876,[0.0017933]
1989-06-01,1989-07-01,lag_10,0.0050016792782372,0.0,0.000801221841775876,[0.0017933]
1989-06-01,1989-07-01,lag_11,0.0001469114322585,-0.0,0.000801221841775876,[0.0017933]
1989-06-01,1989-07-01,volatility_3m,0.003226681016234914,-0.0,0.000801221841775876,[0.0017933]
1989-07-01,1989-08-01,lag_0,-0.0096939596892555,-0.0032734499518662654,-0.0017872451959815927,[0.00178048]
1989-07-01,1989-08-01,lag_1,-7.60861911217603e-05,-0.00011576931678054229,-0.0017872451959815927,[0.00178048]
1989-07-01,1989-08-01,lag_2,-0.00570129548713,-0.0001785039839515219,-0.0017872451959815927,[0.00178048]
1989-07-01,1989-08-01,lag_3,-0.0001496807216438,-0.0,-0.0017872451959815927,[0.00178048]
1989-07-01,1989-08-01,lag_4,0.0024976084295813,0.0,-0.0017872451959815927,[0.00178048]
1989-07-01,1989-08-01,lag_5,-0.0044349968419306,-0.0,-0.0017872451959815927,[0.00178048]
1989-07-01,1989-08-01,lag_6,0.002945349132478,0.0,-0.0017872451959815927,[0.00178048]
1989-07-01,1989-08-01,lag_7,0.004519309178077,0.0,-0.0017872451959815927,[0.00178048]
1989-07-01,1989-08-01,lag_8,0.0024157555877204,0.0,-0.0017872451959815927,[0.00178048]
1989-07-01,1989-08-01,lag_9,0.0043015363906127,0.0,-0.0017872451959815927,[0.00178048]
1989-07-01,1989-08-01,lag_10,-0.0031296333588732,-0.0,-0.0017872451959815927,[0.00178048]
1989-07-01,1989-08-01,lag_11,0.0050016792782372,0.0,-0.0017872451959815927,[0.00178048]
1989-07-01,1989-08-01,volatility_3m,0.004831974021745415,0.0,-0.0017872451959815927,[0.00178048]
1989-08-01,1989-09-01,lag_0,0.0097506201691528,0.0022310349412954164,0.003307652167865733,[0.00177985]
1989-08-01,1989-09-01,lag_1,-0.0096939596892555,-0.0006678471124080841,0.003307652167865733,[0.00177985]
1989-08-01,1989-09-01,lag_2,-7.60861911217603e-05,-3.5382703826492335e-05,0.003307652167865733,[0.00177985]
1989-08-01,1989-09-01,lag_3,-0.00570129548713,-0.0,0.003307652167865733,[0.00177985]
1989-08-01,1989-09-01,lag_4,-0.0001496807216438,-0.0,0.003307652167865733,[0.00177985]
1989-08-01,1989-09-01,lag_5,0.0024976084295813,0.0,0.003307652167865733,[0.00177985]
1989-08-01,1989-09-01,lag_6,-0.0044349968419306,-0.0,0.003307652167865733,[0.00177985]
1989-08-01,1989-09-01,lag_7,0.002945349132478,0.0,0.003307652167865733,[0.00177985]
1989-08-01,1989-09-01,lag_8,0.004519309178077,0.0,0.003307652167865733,[0.00177985]
1989-08-01,1989-09-01,lag_9,0.0024157555877204,0.0,0.003307652167865733,[0.00177985]
1989-08-01,1989-09-01,lag_10,0.0043015363906127,0.0,0.003307652167865733,[0.00177985]
1989-08-01,1989-09-01,lag_11,-0.0031296333588732,-0.0,0.003307652167865733,[0.00177985]
1989-08-01,1989-09-01,volatility_3m,0.009722476831095919,0.0,0.003307652167865733,[0.00177985]
1989-09-01,1989-10-01,lag_0,-0.0031389665895469,-0.0014052061722535627,0.0005402648475691817,[0.00169431]
1989-09-01,1989-10-01,lag_1,0.0097506201691528,0.0005355453140846305,0.0005402648475691817,[0.00169431]
1989-09-01,1989-10-01,lag_2,-0.0096939596892555,-0.00028438523072337124,0.0005402648475691817,[0.00169431]
1989-09-01,1989-10-01,lag_3,-7.60861911217603e-05,-0.0,0.0005402648475691817,[0.00169431]
1989-09-01,1989-10-01,lag_4,-0.00570129548713,-0.0,0.0005402648475691817,[0.00169431]
1989-09-01,1989-10-01,lag_5,-0.0001496807216438,-0.0,0.0005402648475691817,[0.00169431]
1989-09-01,1989-10-01,lag_6,0.0024976084295813,0.0,0.0005402648475691817,[0.00169431]
1989-09-01,1989-10-01,lag_7,-0.0044349968419306,-0.0,0.0005402648475691817,[0.00169431]
1989-09-01,1989-10-01,lag_8,0.002945349132478,0.0,0.0005402648475691817,[0.00169431]
1989-09-01,1989-10-01,lag_9,0.004519309178077,0.0,0.0005402648475691817,[0.00169431]
1989-09-01,1989-10-01,lag_10,0.0024157555877204,0.0,0.0005402648475691817,[0.00169431]
1989-09-01,1989-10-01,lag_11,0.0043015363906127,0.0,0.0005402648475691817,[0.00169431]
1989-09-01,1989-10-01,volatility_3m,0.009892767284042179,0.0,0.0005402648475691817,[0.00169431]
1989-10-01,1989-11-01,lag_0,-0.0013487581284179,-0.0008397794280667974,0.0007341227526678012,[0.00176672]
1989-10-01,1989-11-01,lag_1,-0.0031389665895469,-0.000301634766573915,0.0007341227526678012,[0.00176672]
1989-10-01,1989-11-01,lag_2,0.0097506201691528,0.00010881802954530727,0.0007341227526678012,[0.00176672]
1989-10-01,1989-11-01,lag_3,-0.0096939596892555,-0.0,0.0007341227526678012,[0.00176672]
1989-10-01,1989-11-01,lag_4,-7.60861911217603e-05,-0.0,0.0007341227526678012,[0.00176672]
1989-10-01,1989-11-01,lag_5,-0.00570129548713,-0.0,0.0007341227526678012,[0.00176672]
1989-10-01,1989-11-01,lag_6,-0.0001496807216438,-0.0,0.0007341227526678012,[0.00176672]
1989-10-01,1989-11-01,lag_7,0.0024976084295813,0.0,0.0007341227526678012,[0.00176672]
1989-10-01,1989-11-01,lag_8,-0.0044349968419306,-0.0,0.0007341227526678012,[0.00176672]
1989-10-01,1989-11-01,lag_9,0.002945349132478,0.0,0.0007341227526678012,[0.00176672]
1989-10-01,1989-11-01,lag_10,0.004519309178077,0.0,0.0007341227526678012,[0.00176672]
1989-10-01,1989-11-01,lag_11,0.0024157555877204,0.0,0.0007341227526678012,[0.00176672]
1989-10-01,1989-11-01,volatility_3m,0.006982627152881259,0.0,0.0007341227526678012,[0.00176672]
1989-11-01,1989-12-01,lag_0,0.0033733524412147,0.00042161292402543416,0.001890615903373434,[0.00175181]
1989-11-01,1989-12-01,lag_1,-0.0013487581284179,-0.0001877808082368346,0.001890615903373434,[0.00175181]
1989-11-01,1989-12-01,lag_2,-0.0031389665895469,-9.502211623449698e-05,0.001890615903373434,[0.00175181]
1989-11-01,1989-12-01,lag_3,0.0097506201691528,0.0,0.001890615903373434,[0.00175181]
1989-11-01,1989-12-01,lag_4,-0.0096939596892555,-0.0,0.001890615903373434,[0.00175181]
1989-11-01,1989-12-01,lag_5,-7.60861911217603e-05,-0.0,0.001890615903373434,[0.00175181]
1989-11-01,1989-12-01,lag_6,-0.00570129548713,-0.0,0.001890615903373434,[0.00175181]
1989-11-01,1989-12-01,lag_7,-0.0001496807216438,-0.0,0.001890615903373434,[0.00175181]
1989-11-01,1989-12-01,lag_8,0.0024976084295813,0.0,0.001890615903373434,[0.00175181]
1989-11-01,1989-12-01,lag_9,-0.0044349968419306,-0.0,0.001890615903373434,[0.00175181]
1989-11-01,1989-12-01,lag_10,0.002945349132478,0.0,0.001890615903373434,[0.00175181]
1989-11-01,1989-12-01,lag_11,0.004519309178077,0.0,0.001890615903373434,[0.00175181]
1989-11-01,1989-12-01,volatility_3m,0.003364359119866008,-0.0,0.001890615903373434,[0.00175181]
1989-12-01,1990-01-01,lag_0,0.0054692282901092,0.0010008887551836952,0.002733925855312804,[0.00170699]
1989-12-01,1990-01-01,lag_1,0.0033733524412147,8.87538002040734e-05,0.002733925855312804,[0.00170699]
1989-12-01,1990-01-01,lag_2,-0.0013487581284179,-6.270181507921882e-05,0.002733925855312804,[0.00170699]
1989-12-01,1990-01-01,lag_3,-0.0031389665895469,-0.0,0.002733925855312804,[0.00170699]
1989-12-01,1990-01-01,lag_4,0.0097506201691528,0.0,0.002733925855312804,[0.00170699]
1989-12-01,1990-01-01,lag_5,-0.0096939596892555,-0.0,0.002733925855312804,[0.00170699]
1989-12-01,1990-01-01,lag_6,-7.60861911217603e-05,-0.0,0.002733925855312804,[0.00170699]
1989-12-01,1990-01-01,lag_7,-0.00570129548713,-0.0,0.002733925855312804,[0.00170699]
1989-12-01,1990-01-01,lag_8,-0.0001496807216438,-0.0,0.002733925855312804,[0.00170699]
1989-12-01,1990-01-01,lag_9,0.0024976084295813,0.0,0.002733925855312804,[0.00170699]
1989-12-01,1990-01-01,lag_10,-0.0044349968419306,-0.0,0.002733925855312804,[0.00170699]
1989-12-01,1990-01-01,lag_11,0.002945349132478,0.0,0.002733925855312804,[0.00170699]
1989-12-01,1990-01-01,volatility_3m,0.003492276301808396,-0.0,0.002733925855312804,[0.00170699]
1990-01-01,1990-02-01,lag_0,-0.0050706327669249,-0.0018177019152656097,0.00016357658641812816,[0.00173095]
1990-01-01,1990-02-01,lag_1,0.0054692282901092,0.0002194574455261495,0.00016357658641812816,[0.00173095]
1990-01-01,1990-02-01,lag_2,0.0033733524412147,3.0872400280836416e-05,0.00016357658641812816,[0.00173095]
1990-01-01,1990-02-01,lag_3,-0.0013487581284179,-0.0,0.00016357658641812816,[0.00173095]
1990-01-01,1990-02-01,lag_4,-0.0031389665895469,-0.0,0.00016357658641812816,[0.00173095]
1990-01-01,1990-02-01,lag_5,0.0097506201691528,0.0,0.00016357658641812816,[0.00173095]
1990-01-01,1990-02-01,lag_6,-0.0096939596892555,-0.0,0.00016357658641812816,[0.00173095]
1990-01-01,1990-02-01,lag_7,-7.60861911217603e-05,-0.0,0.00016357658641812816,[0.00173095]
1990-01-01,1990-02-01,lag_8,-0.00570129548713,-0.0,0.00016357658641812816,[0.00173095]
1990-01-01,1990-02-01,lag_9,-0.0001496807216438,-0.0,0.00016357658641812816,[0.00173095]
1990-01-01,1990-02-01,lag_10,0.0024976084295813,0.0,0.00016357658641812816,[0.00173095]
1990-01-01,1990-02-01,lag_11,-0.0044349968419306,-0.0,0.00016357658641812816,[0.00173095]
1990-01-01,1990-02-01,volatility_3m,0.005579460142206765,0.0,0.00016357658641812816,[0.00173095]
1990-02-01,1990-03-01,lag_0,0.0090406409731595,0.001909050249656289,0.003272917427443063,[0.00174215]
1990-02-01,1990-03-01,lag_1,-0.0050706327669249,-0.00046033876784881163,0.003272917427443063,[0.00174215]
1990-02-01,1990-03-01,lag_2,0.0054692282901092,8.20572683729529e-05,0.003272917427443063,[0.00174215]
1990-02-01,1990-03-01,lag_3,0.0033733524412147,0.0,0.003272917427443063,[0.00174215]
1990-02-01,1990-03-01,lag_4,-0.0013487581284179,-0.0,0.003272917427443063,[0.00174215]
1990-02-01,1990-03-01,lag_5,-0.0031389665895469,-0.0,0.003272917427443063,[0.00174215]
1990-02-01,1990-03-01,lag_6,0.0097506201691528,0.0,0.003272917427443063,[0.00174215]
1990-02-01,1990-03-01,lag_7,-0.0096939596892555,-0.0,0.003272917427443063,[0.00174215]
1990-02-01,1990-03-01,lag_8,-7.60861911217603e-05,-0.0,0.003272917427443063,[0.00174215]
1990-02-01,1990-03-01,lag_9,-0.00570129548713,-0.0,0.003272917427443063,[0.00174215]
1990-02-01,1990-03-01,lag_10,-0.0001496807216438,-0.0,0.003272917427443063,[0.00174215]
1990-02-01,1990-03-01,lag_11,0.0024976084295813,0.0,0.003272917427443063,[0.00174215]
1990-02-01,1990-03-01,volatility_3m,0.007336798873053471,0.0,0.003272917427443063,[0.00174215]
1990-03-01,1990-04-01,lag_0,0.0049692029917487,0.0007928598056940159,0.0028378774100861724,[0.00179605]
1990-03-01,1990-04-01,lag_1,0.0090406409731595,0.00043705172327997735,0.0028378774100861724,[0.00179605]
1990-03-01,1990-04-01,lag_2,-0.0050706327669249,-0.00018808174469485325,0.0028378774100861724,[0.00179605]
1990-03-01,1990-04-01,lag_3,0.0054692282901092,0.0,0.0028378774100861724,[0.00179605]
1990-03-01,1990-04-01,lag_4,0.0033733524412147,0.0,0.0028378774100861724,[0.00179605]
1990-03-01,1990-04-01,lag_5,-0.0013487581284179,-0.0,0.0028378774100861724,[0.00179605]
1990-03-01,1990-04-01,lag_6,-0.0031389665895469,-0.0,0.0028378774100861724,[0.00179605]
1990-03-01,1990-04-01,lag_7,0.0097506201691528,0.0,0.0028378774100861724,[0.00179605]
1990-03-01,1990-04-01,lag_8,-0.0096939596892555,-0.0,0.0028378774100861724,[0.00179605]
1990-03-01,1990-04-01,lag_9,-7.60861911217603e-05,-0.0,0.0028378774100861724,[0.00179605]
1990-03-01,1990-04-01,lag_10,-0.00570129548713,-0.0,0.0028378774100861724,[0.00179605]
1990-03-01,1990-04-01,lag_11,-0.0001496807216438,-0.0,0.0028378774100861724,[0.00179605]
1990-03-01,1990-04-01,volatility_3m,0.0072629534381133025,0.0,0.0028378774100861724,[0.00179605]
1990-04-01,1990-05-01,lag_0,-0.0026232502058824,-0.0012578222020386697,0.000971740111345967,[0.00182889]
1990-04-01,1990-05-01,lag_1,0.0049692029917487,0.00018089226637063474,0.000971740111345967,[0.00182889]
1990-04-01,1990-05-01,lag_2,0.0090406409731595,0.00021977691956021872,0.000971740111345967,[0.00182889]
1990-04-01,1990-05-01,lag_3,-0.0050706327669249,-0.0,0.000971740111345967,[0.00182889]
1990-04-01,1990-05-01,lag_4,0.0054692282901092,0.0,0.000971740111345967,[0.00182889]
1990-04-01,1990-05-01,lag_5,0.0033733524412147,0.0,0.000971740111345967,[0.00182889]
1990-04-01,1990-05-01,lag_6,-0.0013487581284179,-0.0,0.000971740111345967,[0.00182889]
1990-04-01,1990-05-01,lag_7,-0.0031389665895469,-0.0,0.000971740111345967,[0.00182889]
1990-04-01,1990-05-01,lag_8,0.0097506201691528,0.0,0.000971740111345967,[0.00182889]
1990-04-01,1990-05-01,lag_9,-0.0096939596892555,-0.0,0.000971740111345967,[0.00182889]
1990-04-01,1990-05-01,lag_10,-7.60861911217603e-05,-0.0,0.000971740111345967,[0.00182889]
1990-04-01,1990-05-01,lag_11,-0.00570129548713,-0.0,0.000971740111345967,[0.00182889]
1990-04-01,1990-05-01,volatility_3m,0.005919857968893407,0.0,0.000971740111345967,[0.00182889]
1990-05-01,1990-06-01,lag_0,0.003036903319729,0.00020739327017576956,0.0019271538537200456,[0.00190664]
1990-05-01,1990-06-01,lag_1,-0.0026232502058824,-0.00026357943276443296,0.0019271538537200456,[0.00190664]
1990-05-01,1990-06-01,lag_2,0.0049692029917487,7.670081497831206e-05,0.0019271538537200456,[0.00190664]
1990-05-01,1990-06-01,lag_3,0.0090406409731595,0.0,0.0019271538537200456,[0.00190664]
1990-05-01,1990-06-01,lag_4,-0.0050706327669249,-0.0,0.0019271538537200456,[0.00190664]
1990-05-01,1990-06-01,lag_5,0.0054692282901092,0.0,0.0019271538537200456,[0.00190664]
1990-05-01,1990-06-01,lag_6,0.0033733524412147,0.0,0.0019271538537200456,[0.00190664]
1990-05-01,1990-06-01,lag_7,-0.0013487581284179,-0.0,0.0019271538537200456,[0.00190664]
1990-05-01,1990-06-01,lag_8,-0.0031389665895469,-0.0,0.0019271538537200456,[0.00190664]
1990-05-01,1990-06-01,lag_9,0.0097506201691528,0.0,0.0019271538537200456,[0.00190664]
1990-05-01,1990-06-01,lag_10,-0.0096939596892555,-0.0,0.0019271538537200456,[0.00190664]
1990-05-01,1990-06-01,lag_11,-7.60861911217603e-05,-0.0,0.0019271538537200456,[0.00190664]
1990-05-01,1990-06-01,volatility_3m,0.003945809285689424,-0.0,0.0019271538537200456,[0.00190664]
1990-06-01,1990-07-01,lag_0,0.0033858350269504,0.0,0.0018395271581207885,[0.00183953]
1990-06-01,1990-07-01,lag_1,0.003036903319729,0.0,0.0018395271581207885,[0.00183953]
1990-06-01,1990-07-01,lag_2,-0.0026232502058824,-0.0,0.0018395271581207885,[0.00183953]
1990-06-01,1990-07-01,lag_3,0.0049692029917487,0.0,0.0018395271581207885,[0.00183953]
1990-06-01,1990-07-01,lag_4,0.0090406409731595,0.0,0.0018395271581207885,[0.00183953]
1990-06-01,1990-07-01,lag_5,-0.0050706327669249,-0.0,0.0018395271581207885,[0.00183953]
1990-06-01,1990-07-01,lag_6,0.0054692282901092,0.0,0.0018395271581207885,[0.00183953]
1990-06-01,1990-07-01,lag_7,0.0033733524412147,0.0,0.0018395271581207885,[0.00183953]
1990-06-01,1990-07-01,lag_8,-0.0013487581284179,-0.0,0.0018395271581207885,[0.00183953]
1990-06-01,1990-07-01,lag_9,-0.0031389665895469,-0.0,0.0018395271581207885,[0.00183953]
1990-06-01,1990-07-01,lag_10,0.0097506201691528,0.0,0.0018395271581207885,[0.00183953]
1990-06-01,1990-07-01,lag_11,-0.0096939596892555,-0.0,0.0018395271581207885,[0.00183953]
1990-06-01,1990-07-01,volatility_3m,0.0033731339682172134,-0.0,0.0018395271581207885,[0.00183953]
1990-07-01,1990-08-01,lag_0,-0.0017488731555337,-0.0,0.0018541994389083519,[0.0018542]
1990-07-01,1990-08-01,lag_1,0.0033858350269504,0.0,0.0018541994389083519,[0.0018542]
1990-07-01,1990-08-01,lag_2,0.003036903319729,0.0,0.0018541994389083519,[0.0018542]
1990-07-01,1990-08-01,lag_3,-0.0026232502058824,-0.0,0.0018541994389083519,[0.0018542]
1990-07-01,1990-08-01,lag_4,0.0049692029917487,0.0,0.0018541994389083519,[0.0018542]
1990-07-01,1990-08-01,lag_5,0.0090406409731595,0.0,0.0018541994389083519,[0.0018542]
1990-07-01,1990-08-01,lag_6,-0.0050706327669249,-0.0,0.0018541994389083519,[0.0018542]
1990-07-01,1990-08-01,lag_7,0.0054692282901092,0.0,0.0018541994389083519,[0.0018542]
1990-07-01,1990-08-01,lag_8,0.0033733524412147,0.0,0.0018541994389083519,[0.0018542]
1990-07-01,1990-08-01,lag_9,-0.0013487581284179,-0.0,0.0018541994389083519,[0.0018542]
1990-07-01,1990-08-01,lag_10,-0.0031389665895469,-0.0,0.0018541994389083519,[0.0018542]
1990-07-01,1990-08-01,lag_11,0.0097506201691528,0.0,0.0018541994389083519,[0.0018542]
1990-07-01,1990-08-01,volatility_3m,0.0028691066532619373,-0.0,0.0018541994389083519,[0.0018542]
1990-08-01,1990-09-01,lag_0,0.0034867499970046,0.0,0.0018332267778845487,[0.00183323]
1990-08-01,1990-09-01,lag_1,-0.0017488731555337,-0.0,0.0018332267778845487,[0.00183323]
1990-08-01,1990-09-01,lag_2,0.0033858350269504,0.0,0.0018332267778845487,[0.00183323]
1990-08-01,1990-09-01,lag_3,0.003036903319729,0.0,0.0018332267778845487,[0.00183323]
1990-08-01,1990-09-01,lag_4,-0.0026232502058824,-0.0,0.0018332267778845487,[0.00183323]
1990-08-01,1990-09-01,lag_5,0.0049692029917487,0.0,0.0018332267778845487,[0.00183323]
1990-08-01,1990-09-01,lag_6,0.0090406409731595,0.0,0.0018332267778845487,[0.00183323]
1990-08-01,1990-09-01,lag_7,-0.0050706327669249,-0.0,0.0018332267778845487,[0.00183323]
1990-08-01,1990-09-01,lag_8,0.0054692282901092,0.0,0.0018332267778845487,[0.00183323]
1990-08-01,1990-09-01,lag_9,0.0033733524412147,0.0,0.0018332267778845487,[0.00183323]
1990-08-01,1990-09-01,lag_10,-0.0013487581284179,-0.0,0.0018332267778845487,[0.00183323]
1990-08-01,1990-09-01,lag_11,-0.0031389665895469,-0.0,0.0018332267778845487,[0.00183323]
1990-08-01,1990-09-01,volatility_3m,0.0029940819891313736,-0.0,0.0018332267778845487,[0.00183323]
1990-09-01,1990-10-01,lag_0,7.625111401843299e-05,-0.0,0.0018211199197181306,[0.00182112]
1990-09-01,1990-10-01,lag_1,0.0034867499970046,0.0,0.0018211199197181306,[0.00182112]
1990-09-01,1990-10-01,lag_2,-0.0017488731555337,-0.0,0.0018211199197181306,[0.00182112]
1990-09-01,1990-10-01,lag_3,0.0033858350269504,0.0,0.0018211199197181306,[0.00182112]
1990-09-01,1990-10-01,lag_4,0.003036903319729,0.0,0.0018211199197181306,[0.00182112]
1990-09-01,1990-10-01,lag_5,-0.0026232502058824,-0.0,0.0018211199197181306,[0.00182112]
1990-09-01,1990-10-01,lag_6,0.0049692029917487,0.0,0.0018211199197181306,[0.00182112]
1990-09-01,1990-10-01,lag_7,0.0090406409731595,0.0,0.0018211199197181306,[0.00182112]
1990-09-01,1990-10-01,lag_8,-0.0050706327669249,-0.0,0.0018211199197181306,[0.00182112]
1990-09-01,1990-10-01,lag_9,0.0054692282901092,0.0,0.0018211199197181306,[0.00182112]
1990-09-01,1990-10-01,lag_10,0.0033733524412147,0.0,0.0018211199197181306,[0.00182112]
1990-09-01,1990-10-01,lag_11,-0.0013487581284179,-0.0,0.0018211199197181306,[0.00182112]
1990-09-01,1990-10-01,volatility_3m,0.002657515475826785,-0.0,0.0018211199197181306,[0.00182112]
1990-10-01,1990-11-01,lag_0,-0.0058596531436769,-0.0,0.0018009815645213788,[0.00180098]
1990-10-01,1990-11-01,lag_1,7.625111401843299e-05,-0.0,0.0018009815645213788,[0.00180098]
1990-10-01,1990-11-01,lag_2,0.0034867499970046,0.0,0.0018009815645213788,[0.00180098]
1990-10-01,1990-11-01,lag_3,-0.0017488731555337,-0.0,0.0018009815645213788,[0.00180098]
1990-10-01,1990-11-01,lag_4,0.0033858350269504,0.0,0.0018009815645213788,[0.00180098]
1990-10-01,1990-11-01,lag_5,0.003036903319729,0.0,0.0018009815645213788,[0.00180098]
1990-10-01,1990-11-01,lag_6,-0.0026232502058824,-0.0,0.0018009815645213788,[0.00180098]
1990-10-01,1990-11-01,lag_7,0.0049692029917487,0.0,0.0018009815645213788,[0.00180098]
1990-10-01,1990-11-01,lag_8,0.0090406409731595,0.0,0.0018009815645213788,[0.00180098]
1990-10-01,1990-11-01,lag_9,-0.0050706327669249,-0.0,0.0018009815645213788,[0.00180098]
1990-10-01,1990-11-01,lag_10,0.0054692282901092,0.0,0.0018009815645213788,[0.00180098]
1990-10-01,1990-11-01,lag_11,0.0033733524412147,0.0,0.0018009815645213788,[0.00180098]
1990-10-01,1990-11-01,volatility_3m,0.004729723629267649,0.0,0.0018009815645213788,[0.00180098]
1990-11-01,1990-12-01,lag_0,-0.0127971437648062,-0.0,0.0017358408671343602,[0.00173584]
1990-11-01,1990-12-01,lag_1,-0.0058596531436769,-0.0,0.0017358408671343602,[0.00173584]
1990-11-01,1990-12-01,lag_2,7.625111401843299e-05,-0.0,0.0017358408671343602,[0.00173584]
1990-11-01,1990-12-01,lag_3,0.0034867499970046,0.0,0.0017358408671343602,[0.00173584]
1990-11-01,1990-12-01,lag_4,-0.0017488731555337,-0.0,0.0017358408671343602,[0.00173584]
1990-11-01,1990-12-01,lag_5,0.0033858350269504,0.0,0.0017358408671343602,[0.00173584]
1990-11-01,1990-12-01,lag_6,0.003036903319729,0.0,0.0017358408671343602,[0.00173584]
1990-11-01,1990-12-01,lag_7,-0.0026232502058824,-0.0,0.0017358408671343602,[0.00173584]
1990-11-01,1990-12-01,lag_8,0.0049692029917487,0.0,0.0017358408671343602,[0.00173584]
1990-11-01,1990-12-01,lag_9,0.0090406409731595,0.0,0.0017358408671343602,[0.00173584]
1990-11-01,1990-12-01,lag_10,-0.0050706327669249,-0.0,0.0017358408671343602,[0.00173584]
1990-11-01,1990-12-01,lag_11,0.0054692282901092,0.0,0.0017358408671343602,[0.00173584]
1990-11-01,1990-12-01,volatility_3m,0.006443188020187559,0.0,0.0017358408671343602,[0.00173584]
1990-12-01,1991-01-01,lag_0,-0.0073665965881337,-0.0,0.0017253058022427704,[0.00172531]
1990-12-01,1991-01-01,lag_1,-0.0127971437648062,-0.0,0.0017253058022427704,[0.00172531]
1990-12-01,1991-01-01,lag_2,-0.0058596531436769,-0.0,0.0017253058022427704,[0.00172531]
1990-12-01,1991-01-01,lag_3,7.625111401843299e-05,-0.0,0.0017253058022427704,[0.00172531]
1990-12-01,1991-01-01,lag_4,0.0034867499970046,0.0,0.0017253058022427704,[0.00172531]
1990-12-01,1991-01-01,lag_5,-0.0017488731555337,-0.0,0.0017253058022427704,[0.00172531]
1990-12-01,1991-01-01,lag_6,0.0033858350269504,0.0,0.0017253058022427704,[0.00172531]
1990-12-01,1991-01-01,lag_7,0.003036903319729,0.0,0.0017253058022427704,[0.00172531]
1990-12-01,1991-01-01,lag_8,-0.0026232502058824,-0.0,0.0017253058022427704,[0.00172531]
1990-12-01,1991-01-01,lag_9,0.0049692029917487,0.0,0.0017253058022427704,[0.00172531]
1990-12-01,1991-01-01,lag_10,0.0090406409731595,0.0,0.0017253058022427704,[0.00172531]
1990-12-01,1991-01-01,lag_11,-0.0050706327669249,-0.0,0.0017253058022427704,[0.00172531]
1990-12-01,1991-01-01,volatility_3m,0.003648983815190059,-0.0,0.0017253058022427704,[0.00172531]
1991-01-01,1991-02-01,lag_0,-0.0032611910765636,-0.0,0.0016755772892498124,[0.00167558]
1991-01-01,1991-02-01,lag_1,-0.0073665965881337,-0.0,0.0016755772892498124,[0.00167558]
1991-01-01,1991-02-01,lag_2,-0.0127971437648062,-0.0,0.0016755772892498124,[0.00167558]
1991-01-01,1991-02-01,lag_3,-0.0058596531436769,-0.0,0.0016755772892498124,[0.00167558]
1991-01-01,1991-02-01,lag_4,7.625111401843299e-05,-0.0,0.0016755772892498124,[0.00167558]
1991-01-01,1991-02-01,lag_5,0.0034867499970046,0.0,0.0016755772892498124,[0.00167558]
1991-01-01,1991-02-01,lag_6,-0.0017488731555337,-0.0,0.0016755772892498124,[0.00167558]
1991-01-01,1991-02-01,lag_7,0.0033858350269504,0.0,0.0016755772892498124,[0.00167558]
1991-01-01,1991-02-01,lag_8,0.003036903319729,0.0,0.0016755772892498124,[0.00167558]
1991-01-01,1991-02-01,lag_9,-0.0026232502058824,-0.0,0.0016755772892498124,[0.00167558]
1991-01-01,1991-02-01,lag_10,0.0049692029917487,0.0,0.0016755772892498124,[0.00167558]
1991-01-01,1991-02-01,lag_11,0.0090406409731595,0.0,0.0016755772892498124,[0.00167558]
1991-01-01,1991-02-01,volatility_3m,0.004783297166963688,0.0,0.0016755772892498124,[0.00167558]
1991-02-01,1991-03-01,lag_0,-0.0074159360650281,-0.0,0.0016446690385754947,[0.00164467]
1991-02-01,1991-03-01,lag_1,-0.0032611910765636,-0.0,0.0016446690385754947,[0.00164467]
1991-02-01,1991-03-01,lag_2,-0.0073665965881337,-0.0,0.0016446690385754947,[0.00164467]
1991-02-01,1991-03-01,lag_3,-0.0127971437648062,-0.0,0.0016446690385754947,[0.00164467]
1991-02-01,1991-03-01,lag_4,-0.0058596531436769,-0.0,0.0016446690385754947,[0.00164467]
1991-02-01,1991-03-01,lag_5,7.625111401843299e-05,-0.0,0.0016446690385754947,[0.00164467]
1991-02-01,1991-03-01,lag_6,0.0034867499970046,0.0,0.0016446690385754947,[0.00164467]
1991-02-01,1991-03-01,lag_7,-0.0017488731555337,-0.0,0.0016446690385754947,[0.00164467]
1991-02-01,1991-03-01,lag_8,0.0033858350269504,0.0,0.0016446690385754947,[0.00164467]
1991-02-01,1991-03-01,lag_9,0.003036903319729,0.0,0.0016446690385754947,[0.00164467]
1991-02-01,1991-03-01,lag_10,-0.0026232502058824,-0.0,0.0016446690385754947,[0.00164467]
1991-02-01,1991-03-01,lag_11,0.0049692029917487,0.0,0.0016446690385754947,[0.00164467]
1991-02-01,1991-03-01,volatility_3m,0.002384627668965718,-0.0,0.0016446690385754947,[0.00164467]
1991-03-01,1991-04-01,lag_0,-0.0057710392662917,-0.0,0.0015825494827764654,[0.00158255]
1991-03-01,1991-04-01,lag_1,-0.0074159360650281,-0.0,0.0015825494827764654,[0.00158255]
1991-03-01,1991-04-01,lag_2,-0.0032611910765636,-0.0,0.0015825494827764654,[0.00158255]
1991-03-01,1991-04-01,lag_3,-0.0073665965881337,-0.0,0.0015825494827764654,[0.00158255]
1991-03-01,1991-04-01,lag_4,-0.0127971437648062,-0.0,0.0015825494827764654,[0.00158255]
1991-03-01,1991-04-01,lag_5,-0.0058596531436769,-0.0,0.0015825494827764654,[0.00158255]
1991-03-01,1991-04-01,lag_6,7.625111401843299e-05,-0.0,0.0015825494827764654,[0.00158255]
1991-03-01,1991-04-01,lag_7,0.0034867499970046,0.0,0.0015825494827764654,[0.00158255]
1991-03-01,1991-04-01,lag_8,-0.0017488731555337,-0.0,0.0015825494827764654,[0.00158255]
1991-03-01,1991-04-01,lag_9,0.0033858350269504,0.0,0.0015825494827764654,[0.00158255]
1991-03-01,1991-04-01,lag_10,0.003036903319729,0.0,0.0015825494827764654,[0.00158255]
1991-03-01,1991-04-01,lag_11,-0.0026232502058824,-0.0,0.0015825494827764654,[0.00158255]
1991-03-01,1991-04-01,volatility_3m,0.0020923244383996135,-0.0,0.0015825494827764654,[0.00158255]
1991-04-01,1991-05-01,lag_0,0.0026351435941132,0.0,0.0016162526200875138,[0.00161625]
1991-04-01,1991-05-01,lag_1,-0.0057710392662917,-0.0,0.0016162526200875138,[0.00161625]
1991-04-01,1991-05-01,lag_2,-0.0074159360650281,-0.0,0.0016162526200875138,[0.00161625]
1991-04-01,1991-05-01,lag_3,-0.0032611910765636,-0.0,0.0016162526200875138,[0.00161625]
1991-04-01,1991-05-01,lag_4,-0.0073665965881337,-0.0,0.0016162526200875138,[0.00161625]
1991-04-01,1991-05-01,lag_5,-0.0127971437648062,-0.0,0.0016162526200875138,[0.00161625]
1991-04-01,1991-05-01,lag_6,-0.0058596531436769,-0.0,0.0016162526200875138,[0.00161625]
1991-04-01,1991-05-01,lag_7,7.625111401843299e-05,-0.0,0.0016162526200875138,[0.00161625]
1991-04-01,1991-05-01,lag_8,0.0034867499970046,0.0,0.0016162526200875138,[0.00161625]
1991-04-01,1991-05-01,lag_9,-0.0017488731555337,-0.0,0.0016162526200875138,[0.00161625]
1991-04-01,1991-05-01,lag_10,0.0033858350269504,0.0,0.0016162526200875138,[0.00161625]
1991-04-01,1991-05-01,lag_11,0.003036903319729,0.0,0.0016162526200875138,[0.00161625]
1991-04-01,1991-05-01,volatility_3m,0.005391255235339638,0.0,0.0016162526200875138,[0.00161625]
1991-05-01,1991-06-01,lag_0,0.0093701506011978,0.0,0.0016631367595457457,[0.00166314]
1991-05-01,1991-06-01,lag_1,0.0026351435941132,0.0,0.0016631367595457457,[0.00166314]
1991-05-01,1991-06-01,lag_2,-0.0057710392662917,-0.0,0.0016631367595457457,[0.00166314]
1991-05-01,1991-06-01,lag_3,-0.0074159360650281,-0.0,0.0016631367595457457,[0.00166314]
1991-05-01,1991-06-01,lag_4,-0.0032611910765636,-0.0,0.0016631367595457457,[0.00166314]
1991-05-01,1991-06-01,lag_5,-0.0073665965881337,-0.0,0.0016631367595457457,[0.00166314]
1991-05-01,1991-06-01,lag_6,-0.0127971437648062,-0.0,0.0016631367595457457,[0.00166314]
1991-05-01,1991-06-01,lag_7,-0.0058596531436769,-0.0,0.0016631367595457457,[0.00166314]
1991-05-01,1991-06-01,lag_8,7.625111401843299e-05,-0.0,0.0016631367595457457,[0.00166314]
1991-05-01,1991-06-01,lag_9,0.0034867499970046,0.0,0.0016631367595457457,[0.00166314]
1991-05-01,1991-06-01,lag_10,-0.0017488731555337,-0.0,0.0016631367595457457,[0.00166314]
1991-05-01,1991-06-01,lag_11,0.0033858350269504,0.0,0.0016631367595457457,[0.00166314]
1991-05-01,1991-06-01,volatility_3m,0.007585950393890564,0.0,0.0016631367595457457,[0.00166314]
1991-06-01,1991-07-01,lag_0,0.0080704132490545,0.0018399695201951143,0.004131574224376573,[0.00202158]
1991-06-01,1991-07-01,lag_1,0.0093701506011978,0.0007162666546738518,0.004131574224376573,[0.00202158]
1991-06-01,1991-07-01,lag_2,0.0026351435941132,1.568667389164482e-05,0.004131574224376573,[0.00202158]
1991-06-01,1991-07-01,lag_3,-0.0057710392662917,-0.0004375944218677794,0.004131574224376573,[0.00202158]
1991-06-01,1991-07-01,lag_4,-0.0074159360650281,0.00048271817676685043,0.004131574224376573,[0.00202158]
1991-06-01,1991-07-01,lag_5,-0.0032611910765636,-0.0,0.004131574224376573,[0.00202158]
1991-06-01,1991-07-01,lag_6,-0.0073665965881337,-0.0,0.004131574224376573,[0.00202158]
1991-06-01,1991-07-01,lag_7,-0.0127971437648062,-6.142007801817599e-05,0.004131574224376573,[0.00202158]
1991-06-01,1991-07-01,lag_8,-0.0058596531436769,-0.0006811668411023486,0.004131574224376573,[0.00202158]
1991-06-01,1991-07-01,lag_9,7.625111401843299e-05,-0.0,0.004131574224376573,[0.00202158]
1991-06-01,1991-07-01,lag_10,0.0034867499970046,0.0,0.004131574224376573,[0.00202158]
1991-06-01,1991-07-01,lag_11,-0.0017488731555337,0.00023553254395149558,0.004131574224376573,[0.00202158]
1991-06-01,1991-07-01,volatility_3m,0.003572855832336388,-0.0,0.004131574224376573,[0.00202158]
1991-07-01,1991-08-01,lag_0,0.0027966918655684,6.605243552725603e-05,0.0022878571771047284,[0.0020899]
1991-07-01,1991-08-01,lag_1,0.0080704132490545,0.0005309224881558816,0.0022878571771047284,[0.0020899]
1991-07-01,1991-08-01,lag_2,0.0093701506011978,0.0004930022685671855,0.0022878571771047284,[0.0020899]
1991-07-01,1991-08-01,lag_3,0.0026351435941132,7.829631663124576e-06,0.0022878571771047284,[0.0020899]
1991-07-01,1991-08-01,lag_4,-0.0057710392662917,0.0005049877052145498,0.0022878571771047284,[0.0020899]
1991-07-01,1991-08-01,lag_5,-0.0074159360650281,-0.0,0.0022878571771047284,[0.0020899]
1991-07-01,1991-08-01,lag_6,-0.0032611910765636,-0.0,0.0022878571771047284,[0.0020899]
1991-07-01,1991-08-01,lag_7,-0.0073665965881337,-9.103431807836173e-05,0.0022878571771047284,[0.0020899]
1991-07-01,1991-08-01,lag_8,-0.0127971437648062,-0.0012494637579681988,0.0022878571771047284,[0.0020899]
1991-07-01,1991-08-01,lag_9,-0.0058596531436769,-0.0,0.0022878571771047284,[0.0020899]
1991-07-01,1991-08-01,lag_10,7.625111401843299e-05,-0.0,0.0022878571771047284,[0.0020899]
1991-07-01,1991-08-01,lag_11,0.0034867499970046,-6.43384975938486e-05,0.0022878571771047284,[0.0020899]
1991-07-01,1991-08-01,volatility_3m,0.003481183088267012,-0.0,0.0022878571771047284,[0.0020899]
1991-08-01,1991-09-01,lag_0,-1.1339677612909329e-05,-0.0008410041362977813,0.0012516824507480422,[0.00203201]
1991-08-01,1991-09-01,lag_1,0.0027966918655684,2.0213419176950787e-05,0.0012516824507480422,[0.00203201]
1991-08-01,1991-09-01,lag_2,0.0080704132490545,0.00043149951810112576,0.0012516824507480422,[0.00203201]
1991-08-01,1991-09-01,lag_3,0.0093701506011978,0.0003660528654532624,0.0012516824507480422,[0.00203201]
1991-08-01,1991-09-01,lag_4,0.0026351435941132,-1.1493137241740392e-05,0.0012516824507480422,[0.00203201]
1991-08-01,1991-09-01,lag_5,-0.0057710392662917,-0.0,0.0012516824507480422,[0.00203201]
1991-08-01,1991-09-01,lag_6,-0.0074159360650281,-0.0,0.0012516824507480422,[0.00203201]
1991-08-01,1991-09-01,lag_7,-0.0032611910765636,-6.231307285460837e-05,0.0012516824507480422,[0.00203201]
1991-08-01,1991-09-01,lag_8,-0.0073665965881337,-0.0008283928113679182,0.0012516824507480422,[0.00203201]
1991-08-01,1991-09-01,lag_9,-0.0127971437648062,-0.0,0.0012516824507480422,[0.00203201]
1991-08-01,1991-09-01,lag_10,-0.0058596531436769,-0.0,0.0012516824507480422,[0.00203201]
1991-08-01,1991-09-01,lag_11,7.625111401843299e-05,0.00014510679254163924,0.0012516824507480422,[0.00203201]
1991-08-01,1991-09-01,volatility_3m,0.004103086414433184,0.0,0.0012516824507480422,[0.00203201]
1991-09-01,1991-10-01,lag_0,0.0079016589511224,0.0017662371430534158,0.0034175238159418423,[0.00199512]
1991-09-01,1991-10-01,lag_1,-1.1339677612909329e-05,-0.00026502054695350607,0.0034175238159418423,[0.00199512]
1991-09-01,1991-10-01,lag_2,0.0027966918655684,1.7596851510365188e-05,0.0034175238159418423,[0.00199512]
1991-09-01,1991-10-01,lag_3,0.0080704132490545,0.00030503215003731737,0.0034175238159418423,[0.00199512]
1991-09-01,1991-10-01,lag_4,0.0093701506011978,-0.0003442850036550655,0.0034175238159418423,[0.00199512]
1991-09-01,1991-10-01,lag_5,0.0026351435941132,-5.874058609757234e-07,0.0034175238159418423,[0.00199512]
1991-09-01,1991-10-01,lag_6,-0.0057710392662917,-0.0,0.0034175238159418423,[0.00199512]
1991-09-01,1991-10-01,lag_7,-0.0074159360650281,-0.00010235382230214019,0.0034175238159418423,[0.00199512]
1991-09-01,1991-10-01,lag_8,-0.0032611910765636,-0.00045411308362598875,0.0034175238159418423,[0.00199512]
1991-09-01,1991-10-01,lag_9,-0.0073665965881337,-0.0,0.0034175238159418423,[0.00199512]
1991-09-01,1991-10-01,lag_10,-0.0127971437648062,-0.0,0.0034175238159418423,[0.00199512]
1991-09-01,1991-10-01,lag_11,-0.0058596531436769,0.000499895062585503,0.0034175238159418423,[0.00199512]
1991-09-01,1991-10-01,volatility_3m,0.004011676237153612,0.0,0.0034175238159418423,[0.00199512]
1991-10-01,1991-11-01,lag_0,-0.0005466018382946,-0.0009603391726969788,0.0011361429197517517,[0.00195533]
1991-10-01,1991-11-01,lag_1,0.0079016589511224,0.000589729992298989,0.0011361429197517517,[0.00195533]
1991-10-01,1991-11-01,lag_2,-1.1339677612909329e-05,-0.00020701555845472345,0.0011361429197517517,[0.00195533]
1991-10-01,1991-11-01,lag_3,0.0027966918655684,1.0292373047208993e-05,0.0011361429197517517,[0.00195533]
1991-10-01,1991-11-01,lag_4,0.0080704132490545,-0.00030288876775989767,0.0011361429197517517,[0.00195533]
1991-10-01,1991-11-01,lag_5,0.0093701506011978,-6.945317979392617e-06,0.0011361429197517517,[0.00195533]
1991-10-01,1991-11-01,lag_6,0.0026351435941132,0.0,0.0011361429197517517,[0.00195533]
1991-10-01,1991-11-01,lag_7,-0.0057710392662917,-9.063311592062835e-05,0.0011361429197517517,[0.00195533]
1991-10-01,1991-11-01,lag_8,-0.0074159360650281,-0.0007364150904556519,0.0011361429197517517,[0.00195533]
1991-10-01,1991-11-01,lag_9,-0.0032611910765636,-0.0,0.0011361429197517517,[0.00195533]
1991-10-01,1991-11-01,lag_10,-0.0073665965881337,-0.0,0.0011361429197517517,[0.00195533]
1991-10-01,1991-11-01,lag_11,-0.0127971437648062,0.0008850270067003109,0.0011361429197517517,[0.00195533]
1991-10-01,1991-11-01,volatility_3m,0.004730665267609925,0.0,0.0011361429197517517,[0.00195533]
1991-11-01,1991-12-01,lag_0,-0.0015836157055426,-0.0012548874840140182,0.0005738795307245212,[0.00194944]
1991-11-01,1991-12-01,lag_1,-0.0005466018382946,-0.0002896246819907158,0.0005738795307245212,[0.00194944]
1991-11-01,1991-12-01,lag_2,0.0079016589511224,0.0004322356515375189,0.0005738795307245212,[0.00194944]
1991-11-01,1991-12-01,lag_3,-1.1339677612909329e-05,-0.00012303144961874982,0.0005738795307245212,[0.00194944]
1991-11-01,1991-12-01,lag_4,0.0027966918655684,-1.1651001166855462e-05,0.0005738795307245212,[0.00194944]
1991-11-01,1991-12-01,lag_5,0.0080704132490545,-1.8291031702244964e-06,0.0005738795307245212,[0.00194944]
1991-11-01,1991-12-01,lag_6,0.0093701506011978,0.0,0.0005738795307245212,[0.00194944]
1991-11-01,1991-12-01,lag_7,0.0026351435941132,1.5299877684581714e-06,0.0005738795307245212,[0.00194944]
1991-11-01,1991-12-01,lag_8,-0.0057710392662917,-0.0006730384893671002,0.0005738795307245212,[0.00194944]
1991-11-01,1991-12-01,lag_9,-0.0074159360650281,-0.0,0.0005738795307245212,[0.00194944]
1991-11-01,1991-12-01,lag_10,-0.0032611910765636,-0.0,0.0005738795307245212,[0.00194944]
1991-11-01,1991-12-01,lag_11,-0.0073665965881337,0.0005447360540520175,0.0005738795307245212,[0.00194944]
1991-11-01,1991-12-01,volatility_3m,0.005202866893025369,0.0,0.0005738795307245212,[0.00194944]
1991-12-01,1992-01-01,lag_0,-0.0048743843095229,-0.0022927653055858544,-0.00030856659990219837,[0.00185499]
1991-12-01,1992-01-01,lag_1,-0.0015836157055426,-0.0004144314935982387,-0.00030856659990219837,[0.00185499]
1991-12-01,1992-01-01,lag_2,-0.0005466018382946,-0.00024057167918181994,-0.00030856659990219837,[0.00185499]
1991-12-01,1992-01-01,lag_3,0.0079016589511224,0.00029071536488923556,-0.00030856659990219837,[0.00185499]
1991-12-01,1992-01-01,lag_4,-1.1339677612909329e-05,0.00013347855317021593,-0.00030856659990219837,[0.00185499]
1991-12-01,1992-01-01,lag_5,0.0027966918655684,-1.5196524613510575e-06,-0.00030856659990219837,[0.00185499]
1991-12-01,1992-01-01,lag_6,0.0080704132490545,0.0,-0.00030856659990219837,[0.00185499]
1991-12-01,1992-01-01,lag_7,0.0093701506011978,3.917243141504197e-05,-0.00030856659990219837,[0.00185499]
1991-12-01,1992-01-01,lag_8,0.0026351435941132,1.565580316361717e-05,-0.00030856659990219837,[0.00185499]
1991-12-01,1992-01-01,lag_9,-0.0057710392662917,-0.0,-0.00030856659990219837,[0.00185499]
1991-12-01,1992-01-01,lag_10,-0.0074159360650281,-0.0,-0.00030856659990219837,[0.00185499]
1991-12-01,1992-01-01,lag_11,-0.0032611910765636,0.0003067088609718943,-0.00030856659990219837,[0.00185499]
1991-12-01,1992-01-01,volatility_3m,0.002259581704802832,-0.0,-0.00030856659990219837,[0.00185499]
1992-01-01,1992-02-01,lag_0,-0.0052512640267554,-0.0023337992645850883,-0.0007462110652420358,[0.00186377]
1992-01-01,1992-02-01,lag_1,-0.0048743843095229,-0.0007121713665002438,-0.0007462110652420358,[0.00186377]
1992-01-01,1992-02-01,lag_2,-0.0015836157055426,-0.00030176734891022063,-0.0007462110652420358,[0.00186377]
1992-01-01,1992-02-01,lag_3,-0.0005466018382946,-0.00010817180541906756,-0.0007462110652420358,[0.00186377]
1992-01-01,1992-02-01,lag_4,0.0079016589511224,-0.0003137954914209427,-0.0007462110652420358,[0.00186377]
1992-01-01,1992-02-01,lag_5,-1.1339677612909329e-05,1.8775467683842865e-05,-0.0007462110652420358,[0.00186377]
1992-01-01,1992-02-01,lag_6,0.0027966918655684,0.0,-0.0007462110652420358,[0.00186377]
1992-01-01,1992-02-01,lag_7,0.0080704132490545,4.905108144795849e-05,-0.0007462110652420358,[0.00186377]
1992-01-01,1992-02-01,lag_8,0.0093701506011978,0.0005312326724444345,-0.0007462110652420358,[0.00186377]
1992-01-01,1992-02-01,lag_9,0.0026351435941132,0.0,-0.0007462110652420358,[0.00186377]
1992-01-01,1992-02-01,lag_10,-0.0057710392662917,-0.0,-0.0007462110652420358,[0.00186377]
1992-01-01,1992-02-01,lag_11,-0.0074159360650281,0.0005606607303957882,-0.0007462110652420358,[0.00186377]
1992-01-01,1992-02-01,volatility_3m,0.0020175414301528308,-0.0,-0.0007462110652420358,[0.00186377]
1992-02-01,1992-03-01,lag_0,0.0070348895922904,0.0017139785576101782,0.0029212415189492713,[0.00164408]
1992-02-01,1992-03-01,lag_1,-0.0052512640267554,-0.0007200817456140305,0.0029212415189492713,[0.00164408]
1992-02-01,1992-03-01,lag_2,-0.0048743843095229,-0.0005801992417369227,0.0029212415189492713,[0.00164408]
1992-02-01,1992-03-01,lag_3,-0.0015836157055426,-0.00019860911282490676,0.0029212415189492713,[0.00164408]
1992-02-01,1992-03-01,lag_4,-0.0005466018382946,0.0001529306687094487,0.0029212415189492713,[0.00164408]
1992-02-01,1992-03-01,lag_5,0.0079016589511224,-8.43196006287147e-06,0.0029212415189492713,[0.00164408]
1992-02-01,1992-03-01,lag_6,-1.1339677612909329e-05,-0.0,0.0029212415189492713,[0.00164408]
1992-02-01,1992-03-01,lag_7,0.0027966918655684,1.6011494266042442e-06,0.0029212415189492713,[0.00164408]
1992-02-01,1992-03-01,lag_8,0.0080704132490545,0.0004633774122894846,0.0029212415189492713,[0.00164408]
1992-02-01,1992-03-01,lag_9,0.0093701506011978,0.0,0.0029212415189492713,[0.00164408]
1992-02-01,1992-03-01,lag_10,0.0026351435941132,0.0,0.0029212415189492713,[0.00164408]
1992-02-01,1992-03-01,lag_11,-0.0057710392662917,0.00045259563831231275,0.0029212415189492713,[0.00164408]
1992-02-01,1992-03-01,volatility_3m,0.0069871598180813645,0.0,0.0029212415189492713,[0.00164408]
1992-03-01,1992-04-01,lag_0,0.0084895220004987,0.0021805055790111248,0.0035922557780995535,[0.00168078]
1992-03-01,1992-04-01,lag_1,0.0070348895922904,0.0005206638005250768,0.0035922557780995535,[0.00168078]
1992-03-01,1992-04-01,lag_2,-0.0052512640267554,-0.000635313368794307,0.0035922557780995535,[0.00168078]
1992-03-01,1992-04-01,lag_3,-0.0048743843095229,-0.0003484653569096713,0.0035922557780995535,[0.00168078]
1992-03-01,1992-04-01,lag_4,-0.0015836157055426,0.00018974205939495782,0.0035922557780995535,[0.00168078]
1992-03-01,1992-04-01,lag_5,-0.0005466018382946,2.1318076394581482e-05,0.0035922557780995535,[0.00168078]
1992-03-01,1992-04-01,lag_6,0.0079016589511224,0.0,0.0035922557780995535,[0.00168078]
1992-03-01,1992-04-01,lag_7,-1.1339677612909329e-05,-2.391758121186364e-05,0.0035922557780995535,[0.00168078]
1992-03-01,1992-04-01,lag_8,0.0027966918655684,1.840454789887493e-05,0.0035922557780995535,[0.00168078]
1992-03-01,1992-04-01,lag_9,0.0080704132490545,0.0,0.0035922557780995535,[0.00168078]
1992-03-01,1992-04-01,lag_10,0.0093701506011978,0.0,0.0035922557780995535,[0.00168078]
1992-03-01,1992-04-01,lag_11,0.0026351435941132,-1.1463344430369657e-05,0.0035922557780995535,[0.00168078]
1992-03-01,1992-04-01,volatility_3m,0.007548451572348945,0.0,0.0035922557780995535,[0.00168078]
1992-04-01,1992-05-01,lag_0,0.0075614666667966,0.0018432358954550124,0.004047462859983509,[0.00171292]
1992-04-01,1992-05-01,lag_1,0.0084895220004987,0.0006481693873548083,0.004047462859983509,[0.00171292]
1992-04-01,1992-05-01,lag_2,0.0070348895922904,0.00038921911467863204,0.004047462859983509,[0.00171292]
1992-04-01,1992-05-01,lag_3,-0.0052512640267554,-0.00032104680609431333,0.004047462859983509,[0.00171292]
1992-04-01,1992-05-01,lag_4,-0.0048743843095229,0.00034136006966469797,0.004047462859983509,[0.00171292]
1992-04-01,1992-05-01,lag_5,-0.0015836157055426,1.4883154436541981e-05,0.004047462859983509,[0.00171292]
1992-04-01,1992-05-01,lag_6,-0.0005466018382946,-0.0,0.004047462859983509,[0.00171292]
1992-04-01,1992-05-01,lag_7,0.0079016589511224,4.0713426220097784e-05,0.004047462859983509,[0.00171292]
1992-04-01,1992-05-01,lag_8,-1.1339677612909329e-05,-0.00021040867049708768,0.004047462859983509,[0.00171292]
1992-04-01,1992-05-01,lag_9,0.0027966918655684,0.0,0.004047462859983509,[0.00171292]
1992-04-01,1992-05-01,lag_10,0.0080704132490545,0.0,0.004047462859983509,[0.00171292]
1992-04-01,1992-05-01,lag_11,0.0093701506011978,-0.0004115809698512877,0.004047462859983509,[0.00171292]
1992-04-01,1992-05-01,volatility_3m,0.0007364923127929103,-0.0,0.004047462859983509,[0.00171292]
1992-05-01,1992-06-01,lag_0,0.0032856911647831,0.00045168327290173645,0.003985269783303824,[0.00169174]
1992-05-01,1992-06-01,lag_1,0.0075614666667966,0.0005742463427819626,0.003985269783303824,[0.00169174]
1992-05-01,1992-06-01,lag_2,0.0084895220004987,0.0005101106422416888,0.003985269783303824,[0.00169174]
1992-05-01,1992-06-01,lag_3,0.0070348895922904,0.00026458320732593424,0.003985269783303824,[0.00169174]
1992-05-01,1992-06-01,lag_4,-0.0052512640267554,0.00034452255311620984,0.003985269783303824,[0.00169174]
1992-05-01,1992-06-01,lag_5,-0.0048743843095229,-0.0,0.003985269783303824,[0.00169174]
1992-05-01,1992-06-01,lag_6,-0.0015836157055426,-0.0,0.003985269783303824,[0.00169174]
1992-05-01,1992-06-01,lag_7,-0.0005466018382946,-2.281689844409531e-05,0.003985269783303824,[0.00169174]
1992-05-01,1992-06-01,lag_8,0.0079016589511224,0.0005021405098658921,0.003985269783303824,[0.00169174]
1992-05-01,1992-06-01,lag_9,-1.1339677612909329e-05,-0.0,0.003985269783303824,[0.00169174]
1992-05-01,1992-06-01,lag_10,0.0027966918655684,0.0,0.003985269783303824,[0.00169174]
1992-05-01,1992-06-01,lag_11,0.0080704132490545,-0.00033094005443569537,0.003985269783303824,[0.00169174]
1992-05-01,1992-06-01,volatility_3m,0.002775589973704577,-0.0,0.003985269783303824,[0.00169174]
1992-06-01,1992-07-01,lag_0,0.0005117224959834,-0.00039799678609362174,0.001575441890622923,[0.00165647]
1992-06-01,1992-07-01,lag_1,0.0032856911647831,0.0001317463182515827,0.001575441890622923,[0.00165647]
1992-06-01,1992-07-01,lag_2,0.0075614666667966,0.0004387143691739277,0.001575441890622923,[0.00165647]
1992-06-01,1992-07-01,lag_3,0.0084895220004987,0.00028088472764763785,0.001575441890622923,[0.00165647]
1992-06-01,1992-07-01,lag_4,0.0070348895922904,-0.00022895284432570702,0.001575441890622923,[0.00165647]
1992-06-01,1992-07-01,lag_5,-0.0052512640267554,6.098450774467513e-07,0.001575441890622923,[0.00165647]
1992-06-01,1992-07-01,lag_6,-0.0048743843095229,-0.0,0.001575441890622923,[0.00165647]
1992-06-01,1992-07-01,lag_7,-0.0015836157055426,-4.214309164607098e-05,0.001575441890622923,[0.00165647]
1992-06-01,1992-07-01,lag_8,-0.0005466018382946,-0.0002517664780947657,0.001575441890622923,[0.00165647]
1992-06-01,1992-07-01,lag_9,0.0079016589511224,0.0,0.001575441890622923,[0.00165647]
1992-06-01,1992-07-01,lag_10,-1.1339677612909329e-05,-0.0,0.001575441890622923,[0.00165647]
1992-06-01,1992-07-01,lag_11,0.0027966918655684,-1.2122095998405755e-05,0.001575441890622923,[0.00165647]
1992-06-01,1992-07-01,volatility_3m,0.00355143283743843,-0.0,0.001575441890622923,[0.00165647]
1992-07-01,1992-08-01,lag_0,0.0091649380729315,0.00240886759943505,0.00373338477983628,[0.00164295]
1992-07-01,1992-08-01,lag_1,0.0005117224959834,-0.00011578479071173451,0.00373338477983628,[0.00164295]
1992-07-01,1992-08-01,lag_2,0.0032856911647831,0.0001097412214441068,0.00373338477983628,[0.00164295]
1992-07-01,1992-08-01,lag_3,0.0075614666667966,0.0002777377365084354,0.00373338477983628,[0.00164295]
1992-07-01,1992-08-01,lag_4,0.0084895220004987,-0.00028286394514983476,0.00373338477983628,[0.00164295]
1992-07-01,1992-08-01,lag_5,0.0070348895922904,-4.9417000817107766e-05,0.00373338477983628,[0.00164295]
1992-07-01,1992-08-01,lag_6,-0.0052512640267554,-0.0,0.00373338477983628,[0.00164295]
1992-07-01,1992-08-01,lag_7,-0.0048743843095229,-7.827744215921126e-05,0.00373338477983628,[0.00164295]
1992-07-01,1992-08-01,lag_8,-0.0015836157055426,-0.00032444994246128104,0.00373338477983628,[0.00164295]
1992-07-01,1992-08-01,lag_9,-0.0005466018382946,-0.0,0.00373338477983628,[0.00164295]
1992-07-01,1992-08-01,lag_10,0.0079016589511224,0.0,0.00373338477983628,[0.00164295]
1992-07-01,1992-08-01,lag_11,-1.1339677612909329e-05,0.00014488116483224003,0.00373338477983628,[0.00164295]
1992-07-01,1992-08-01,volatility_3m,0.0044184949587612625,0.0,0.00373338477983628,[0.00164295]
1992-08-01,1992-09-01,lag_0,-0.0056075545766312,-0.0023666128733169562,-0.0013593412992814733,[0.00158719]
1992-08-01,1992-09-01,lag_1,0.0091649380729315,0.0007671068563597413,-0.0013593412992814733,[0.00158719]
1992-08-01,1992-09-01,lag_2,0.0005117224959834,-9.874275904551395e-05,-0.0013593412992814733,[0.00158719]
1992-08-01,1992-09-01,lag_3,0.0032856911647831,6.750946011185512e-05,-0.0013593412992814733,[0.00158719]
1992-08-01,1992-09-01,lag_4,0.0075614666667966,-0.00026262405722375746,-0.0013593412992814733,[0.00158719]
1992-08-01,1992-09-01,lag_5,0.0084895220004987,-4.739604934789325e-05,-0.0013593412992814733,[0.00158719]
1992-08-01,1992-09-01,lag_6,0.0070348895922904,0.0,-0.0013593412992814733,[0.00158719]
1992-08-01,1992-09-01,lag_7,-0.0052512640267554,-8.636960412743377e-05,-0.0013593412992814733,[0.00158719]
1992-08-01,1992-09-01,lag_8,-0.0048743843095229,-0.0005854785133310564,-0.0013593412992814733,[0.00158719]
1992-08-01,1992-09-01,lag_9,-0.0015836157055426,-0.0,-0.0013593412992814733,[0.00158719]
1992-08-01,1992-09-01,lag_10,-0.0005466018382946,-0.0,-0.0013593412992814733,[0.00158719]
1992-08-01,1992-09-01,lag_11,0.0079016589511224,-0.0003339195422295782,-0.0013593412992814733,[0.00158719]
1992-08-01,1992-09-01,volatility_3m,0.0074223786707715645,0.0,-0.0013593412992814733,[0.00158719]
1992-09-01,1992-10-01,lag_0,0.0032931151719015,0.0005329309152022495,0.0012878781704600722,[0.00155479]
1992-09-01,1992-10-01,lag_1,-0.0056075545766312,-0.0007649038246027147,0.0012878781704600722,[0.00155479]
1992-09-01,1992-10-01,lag_2,0.0091649380729315,0.00055912714749949,0.0012878781704600722,[0.00155479]
1992-09-01,1992-10-01,lag_3,0.0005117224959834,-5.6781008972950784e-05,0.0012878781704600722,[0.00155479]
1992-09-01,1992-10-01,lag_4,0.0032856911647831,-6.02943513377872e-05,0.0012878781704600722,[0.00155479]
1992-09-01,1992-10-01,lag_5,0.0075614666667966,-6.862123606866107e-05,0.0012878781704600722,[0.00155479]
1992-09-01,1992-10-01,lag_6,0.0084895220004987,0.0,0.0012878781704600722,[0.00155479]
1992-09-01,1992-10-01,lag_7,0.0070348895922904,4.5117667648912584e-05,0.0012878781704600722,[0.00155479]
1992-09-01,1992-10-01,lag_8,-0.0052512640267554,-0.0006119626701779352,0.0012878781704600722,[0.00155479]
1992-09-01,1992-10-01,lag_9,-0.0048743843095229,-0.0,0.0012878781704600722,[0.00155479]
1992-09-01,1992-10-01,lag_10,-0.0015836157055426,-0.0,0.0012878781704600722,[0.00155479]
1992-09-01,1992-10-01,lag_11,-0.0005466018382946,0.00015847769244659496,0.0012878781704600722,[0.00155479]
1992-09-01,1992-10-01,volatility_3m,0.007437817390817568,0.0,0.0012878781704600722,[0.00155479]
1992-10-01,1992-11-01,lag_0,0.0067288906847986,0.001619338233389474,0.003951317359855682,[0.00160394]
1992-10-01,1992-11-01,lag_1,0.0032931151719015,0.00015949072618580366,0.003951317359855682,[0.00160394]
1992-10-01,1992-11-01,lag_2,-0.0056075545766312,-0.0005537363069212603,0.003951317359855682,[0.00160394]
1992-10-01,1992-11-01,lag_3,0.0091649380729315,0.00033192867790208006,0.003951317359855682,[0.00160394]
1992-10-01,1992-11-01,lag_4,0.0005117224959834,6.267699863247014e-05,0.003951317359855682,[0.00160394]
1992-10-01,1992-11-01,lag_5,0.0032856911647831,-1.2614298394780239e-05,0.003951317359855682,[0.00160394]
1992-10-01,1992-11-01,lag_6,0.0075614666667966,0.0,0.003951317359855682,[0.00160394]
1992-10-01,1992-11-01,lag_7,0.0084895220004987,6.862056126742706e-05,0.003951317359855682,[0.00160394]
1992-10-01,1992-11-01,lag_8,0.0070348895922904,0.0004303848877668182,0.003951317359855682,[0.00160394]
1992-10-01,1992-11-01,lag_9,-0.0052512640267554,-0.0,0.003951317359855682,[0.00160394]
1992-10-01,1992-11-01,lag_10,-0.0048743843095229,-0.0,0.003951317359855682,[0.00160394]
1992-10-01,1992-11-01,lag_11,-0.0015836157055426,0.00024128472282419314,0.003951317359855682,[0.00160394]
1992-10-01,1992-11-01,volatility_3m,0.006366767325151782,0.0,0.003951317359855682,[0.00160394]
1992-11-01,1992-12-01,lag_0,0.0037850447982945,0.0006787419815417335,0.0033012469988845375,[0.0015715]
1992-11-01,1992-12-01,lag_1,0.0067288906847986,0.0005154700538562509,0.0033012469988845375,[0.0015715]
1992-11-01,1992-12-01,lag_2,0.0032931151719015,0.00013827182924165915,0.0033012469988845375,[0.0015715]
1992-11-01,1992-12-01,lag_3,-0.0056075545766312,-0.0003165613189289068,0.0033012469988845375,[0.0015715]
1992-11-01,1992-12-01,lag_4,0.0091649380729315,-0.0003326383128535393,0.0033012469988845375,[0.0015715]
1992-11-01,1992-12-01,lag_5,0.0005117224959834,6.025506500885628e-06,0.0033012469988845375,[0.0015715]
1992-11-01,1992-12-01,lag_6,0.0032856911647831,0.0,0.0033012469988845375,[0.0015715]
1992-11-01,1992-12-01,lag_7,0.0075614666667966,6.0251394689146244e-05,0.0033012469988845375,[0.0015715]
1992-11-01,1992-12-01,lag_8,0.0084895220004987,0.0005569774927309361,0.0033012469988845375,[0.0015715]
1992-11-01,1992-12-01,lag_9,0.0070348895922904,0.0,0.0033012469988845375,[0.0015715]
1992-11-01,1992-12-01,lag_10,-0.0052512640267554,-0.0,0.0033012469988845375,[0.0015715]
1992-11-01,1992-12-01,lag_11,-0.0048743843095229,0.00042320774005049174,0.0033012469988845375,[0.0015715]
1992-11-01,1992-12-01,volatility_3m,0.0018579907039520589,-0.0,0.0033012469988845375,[0.0015715]
1992-12-01,1993-01-01,lag_0,0.0016874963663999,1.6610770674396406e-05,0.0034586417773904876,[0.00160203]
1992-12-01,1993-01-01,lag_1,0.0037850447982945,0.0002150025208298121,0.0034586417773904876,[0.00160203]
1992-12-01,1993-01-01,lag_2,0.0067288906847986,0.0004186882391752523,0.0034586417773904876,[0.00160203]
1992-12-01,1993-01-01,lag_3,0.0032931151719015,7.235538736038714e-05,0.0034586417773904876,[0.00160203]
1992-12-01,1993-01-01,lag_4,-0.0056075545766312,0.00034542380678415725,0.0034586417773904876,[0.00160203]
1992-12-01,1993-01-01,lag_5,0.0091649380729315,-6.953797715993151e-05,0.0034586417773904876,[0.00160203]
1992-12-01,1993-01-01,lag_6,0.0005117224959834,-0.0,0.0034586417773904876,[0.00160203]
1992-12-01,1993-01-01,lag_7,0.0032856911647831,1.1063309273130906e-05,0.0034586417773904876,[0.00160203]
1992-12-01,1993-01-01,lag_8,0.0075614666667966,0.00042687559126978434,0.0034586417773904876,[0.00160203]
1992-12-01,1993-01-01,lag_9,0.0084895220004987,0.0,0.0034586417773904876,[0.00160203]
1992-12-01,1993-01-01,lag_10,0.0070348895922904,0.0,0.0034586417773904876,[0.00160203]
1992-12-01,1993-01-01,lag_11,-0.0052512640267554,0.0004201268548343498,0.0034586417773904876,[0.00160203]
1992-12-01,1993-01-01,volatility_3m,0.002532508463336082,-0.0,0.0034586417773904876,[0.00160203]
1993-01-01,1993-02-01,lag_0,0.0038325424872445,0.0006999451932670351,0.002430394123052555,[0.00156858]
1993-01-01,1993-02-01,lag_1,0.0016874963663999,5.267367215374898e-06,0.002430394123052555,[0.00156858]
1993-01-01,1993-02-01,lag_2,0.0037850447982945,0.0001723319271973008,0.002430394123052555,[0.00156858]
1993-01-01,1993-02-01,lag_3,0.0067288906847986,0.0002547377052189288,0.002430394123052555,[0.00156858]
1993-01-01,1993-02-01,lag_4,0.0032931151719015,-8.198077645202191e-05,0.002430394123052555,[0.00156858]
1993-01-01,1993-02-01,lag_5,-0.0056075545766312,-0.0,0.002430394123052555,[0.00156858]
1993-01-01,1993-02-01,lag_6,0.0091649380729315,0.0,0.002430394123052555,[0.00156858]
1993-01-01,1993-02-01,lag_7,0.0005117224959834,-1.4665810748703637e-05,0.002430394123052555,[0.00156858]
1993-01-01,1993-02-01,lag_8,0.0032856911647831,0.00011261379270027581,0.002430394123052555,[0.00156858]
1993-01-01,1993-02-01,lag_9,0.0075614666667966,0.0,0.002430394123052555,[0.00156858]
1993-01-01,1993-02-01,lag_10,0.0084895220004987,0.0,0.002430394123052555,[0.00156858]
1993-01-01,1993-02-01,lag_11,0.0070348895922904,-0.0002864334560185185,0.002430394123052555,[0.00156858]
1993-01-01,1993-02-01,volatility_3m,0.001224961789550294,-0.0,0.002430394123052555,[0.00156858]
1993-02-01,1993-03-01,lag_0,0.0048043938793247,0.0009946365619546947,0.0023276751305522573,[0.00166169]
1993-02-01,1993-03-01,lag_1,0.0038325424872445,0.00020047303522286263,0.0023276751305522573,[0.00166169]
1993-02-01,1993-03-01,lag_2,0.0016874963663999,3.892337398666908e-06,0.0023276751305522573,[0.00166169]
1993-02-01,1993-03-01,lag_3,0.0037850447982945,9.84572134842168e-05,0.0023276751305522573,[0.00166169]
1993-02-01,1993-03-01,lag_4,0.0067288906847986,-0.0002346782045189163,0.0023276751305522573,[0.00166169]
1993-02-01,1993-03-01,lag_5,0.0032931151719015,-1.1378258523636189e-06,0.0023276751305522573,[0.00166169]
1993-02-01,1993-03-01,lag_6,-0.0056075545766312,-0.0,0.0023276751305522573,[0.00166169]
1993-02-01,1993-03-01,lag_7,0.0091649380729315,7.561123568452792e-05,0.0023276751305522573,[0.00166169]
1993-02-01,1993-03-01,lag_8,0.0005117224959834,-9.449909173733662e-05,0.0023276751305522573,[0.00166169]
1993-02-01,1993-03-01,lag_9,0.0032856911647831,0.0,0.0023276751305522573,[0.00166169]
1993-02-01,1993-03-01,lag_10,0.0075614666667966,0.0,0.0023276751305522573,[0.00166169]
1993-02-01,1993-03-01,lag_11,0.0084895220004987,-0.0003767674293151541,0.0023276751305522573,[0.00166169]
1993-02-01,1993-03-01,volatility_3m,0.0015948232971563286,-0.0,0.0023276751305522573,[0.00166169]
1993-03-01,1993-04-01,lag_0,-0.0008739137323683,-0.0008409499046753394,0.001388772281998497,[0.00159459]
1993-03-01,1993-04-01,lag_1,0.0048043938793247,0.00031214085670057493,0.001388772281998497,[0.00159459]
1993-03-01,1993-04-01,lag_2,0.0038325424872445,0.00019271766670171046,0.001388772281998497,[0.00159459]
1993-03-01,1993-04-01,lag_3,0.0016874963663999,2.356459728460637e-06,0.001388772281998497,[0.00159459]
1993-03-01,1993-04-01,lag_4,0.0037850447982945,-9.97253240143254e-05,0.001388772281998497,[0.00159459]
1993-03-01,1993-04-01,lag_5,0.0067288906847986,-1.1899497144957558e-05,0.001388772281998497,[0.00159459]
1993-03-01,1993-04-01,lag_6,0.0032931151719015,0.0,0.001388772281998497,[0.00159459]
1993-03-01,1993-04-01,lag_7,-0.0056075545766312,-3.0320304407674565e-05,0.001388772281998497,[0.00159459]
1993-03-01,1993-04-01,lag_8,0.0091649380729315,0.0005973595400018643,0.001388772281998497,[0.00159459]
1993-03-01,1993-04-01,lag_9,0.0005117224959834,-0.0,0.001388772281998497,[0.00159459]
1993-03-01,1993-04-01,lag_10,0.0032856911647831,0.0,0.001388772281998497,[0.00159459]
1993-03-01,1993-04-01,lag_11,0.0075614666667966,-0.00032749773650944994,0.001388772281998497,[0.00159459]
1993-03-01,1993-04-01,volatility_3m,0.0030369502961696874,-0.0,0.001388772281998497,[0.00159459]
1993-04-01,1993-05-01,lag_0,0.002739405003636,0.00032588784399892106,0.001325300117183612,[0.00160699]
1993-04-01,1993-05-01,lag_1,-0.0008739137323683,-0.0002477084170618631,0.001325300117183612,[0.00160699]
1993-04-01,1993-05-01,lag_2,0.0048043938793247,0.00022903389692921763,0.001325300117183612,[0.00160699]
1993-04-01,1993-05-01,lag_3,0.0038325424872445,0.00010026572679867358,0.001325300117183612,[0.00160699]
1993-04-01,1993-05-01,lag_4,0.0016874963663999,-2.7173212269106955e-06,0.001325300117183612,[0.00160699]
1993-04-01,1993-05-01,lag_5,0.0037850447982945,-6.435023824187161e-07,0.001325300117183612,[0.00160699]
1993-04-01,1993-05-01,lag_6,0.0067288906847986,0.0,0.001325300117183612,[0.00160699]
1993-04-01,1993-05-01,lag_7,0.0032931151719015,9.44093854684858e-06,0.001325300117183612,[0.00160699]
1993-04-01,1993-05-01,lag_8,-0.0056075545766312,-0.0006208084895270283,0.001325300117183612,[0.00160699]
1993-04-01,1993-05-01,lag_9,0.0091649380729315,0.0,0.001325300117183612,[0.00160699]
1993-04-01,1993-05-01,lag_10,0.0005117224959834,-0.0,0.001325300117183612,[0.00160699]
1993-04-01,1993-05-01,lag_11,0.0032856911647831,-7.444278260866611e-05,0.001325300117183612,[0.00160699]
1993-04-01,1993-05-01,volatility_3m,0.0028741209867160097,-0.0,0.001325300117183612,[0.00160699]
1993-05-01,1993-06-01,lag_0,-0.0037915803418799,-0.001780421405576338,2.8924608775921217e-05,[0.00160318]
1993-05-01,1993-06-01,lag_1,0.002739405003636,0.00010362904261443196,2.8924608775921217e-05,[0.00160318]
1993-05-01,1993-06-01,lag_2,-0.0008739137323683,-0.0002131646679104373,2.8924608775921217e-05,[0.00160318]
1993-05-01,1993-06-01,lag_3,0.0048043938793247,0.00015918376561758043,2.8924608775921217e-05,[0.00160318]
1993-05-01,1993-06-01,lag_4,0.0038325424872445,-9.286035273210137e-05,2.8924608775921217e-05,[0.00160318]
1993-05-01,1993-06-01,lag_5,0.0016874963663999,-2.419954480107166e-07,2.8924608775921217e-05,[0.00160318]
1993-05-01,1993-06-01,lag_6,0.0037850447982945,0.0,2.8924608775921217e-05,[0.00160318]
1993-05-01,1993-06-01,lag_7,0.0067288906847986,3.701767360110631e-05,2.8924608775921217e-05,[0.00160318]
1993-05-01,1993-06-01,lag_8,0.0032931151719015,0.00014290784404527872,2.8924608775921217e-05,[0.00160318]
1993-05-01,1993-06-01,lag_9,-0.0056075545766312,-0.0,2.8924608775921217e-05,[0.00160318]
1993-05-01,1993-06-01,lag_10,0.0091649380729315,0.0,2.8924608775921217e-05,[0.00160318]
1993-05-01,1993-06-01,lag_11,0.0005117224959834,6.969572452625262e-05,2.8924608775921217e-05,[0.00160318]
1993-05-01,1993-06-01,volatility_3m,0.0032716616653611476,-0.0,2.8924608775921217e-05,[0.00160318]
1993-06-01,1993-07-01,lag_0,0.0022526473495334,0.0,0.0017253237709145425,[0.00172532]
1993-06-01,1993-07-01,lag_1,-0.0037915803418799,-0.0,0.0017253237709145425,[0.00172532]
1993-06-01,1993-07-01,lag_2,0.002739405003636,0.0,0.0017253237709145425,[0.00172532]
1993-06-01,1993-07-01,lag_3,-0.0008739137323683,-0.0,0.0017253237709145425,[0.00172532]
1993-06-01,1993-07-01,lag_4,0.0048043938793247,0.0,0.0017253237709145425,[0.00172532]
1993-06-01,1993-07-01,lag_5,0.0038325424872445,0.0,0.0017253237709145425,[0.00172532]
1993-06-01,1993-07-01,lag_6,0.0016874963663999,0.0,0.0017253237709145425,[0.00172532]
1993-06-01,1993-07-01,lag_7,0.0037850447982945,0.0,0.0017253237709145425,[0.00172532]
1993-06-01,1993-07-01,lag_8,0.0067288906847986,0.0,0.0017253237709145425,[0.00172532]
1993-06-01,1993-07-01,lag_9,0.0032931151719015,0.0,0.0017253237709145425,[0.00172532]
1993-06-01,1993-07-01,lag_10,-0.0056075545766312,-0.0,0.0017253237709145425,[0.00172532]
1993-06-01,1993-07-01,lag_11,0.0091649380729315,0.0,0.0017253237709145425,[0.00172532]
1993-06-01,1993-07-01,volatility_3m,0.0036383006789529795,-0.0,0.0017253237709145425,[0.00172532]
1993-07-01,1993-08-01,lag_0,0.0026931164973129,0.0,0.0017356537599240683,[0.00173565]
1993-07-01,1993-08-01,lag_1,0.0022526473495334,0.0,0.0017356537599240683,[0.00173565]
1993-07-01,1993-08-01,lag_2,-0.0037915803418799,-0.0,0.0017356537599240683,[0.00173565]
1993-07-01,1993-08-01,lag_3,0.002739405003636,0.0,0.0017356537599240683,[0.00173565]
1993-07-01,1993-08-01,lag_4,-0.0008739137323683,-0.0,0.0017356537599240683,[0.00173565]
1993-07-01,1993-08-01,lag_5,0.0048043938793247,0.0,0.0017356537599240683,[0.00173565]
1993-07-01,1993-08-01,lag_6,0.0038325424872445,0.0,0.0017356537599240683,[0.00173565]
1993-07-01,1993-08-01,lag_7,0.0016874963663999,0.0,0.0017356537599240683,[0.00173565]
1993-07-01,1993-08-01,lag_8,0.0037850447982945,0.0,0.0017356537599240683,[0.00173565]
1993-07-01,1993-08-01,lag_9,0.0067288906847986,0.0,0.0017356537599240683,[0.00173565]
1993-07-01,1993-08-01,lag_10,0.0032931151719015,0.0,0.0017356537599240683,[0.00173565]
1993-07-01,1993-08-01,lag_11,-0.0056075545766312,-0.0,0.0017356537599240683,[0.00173565]
1993-07-01,1993-08-01,volatility_3m,0.003623488065203427,-0.0,0.0017356537599240683,[0.00173565]
1993-08-01,1993-09-01,lag_0,-0.0012064683528301,-0.0,0.0017487758864902193,[0.00174878]
1993-08-01,1993-09-01,lag_1,0.0026931164973129,0.0,0.0017487758864902193,[0.00174878]
1993-08-01,1993-09-01,lag_2,0.0022526473495334,0.0,0.0017487758864902193,[0.00174878]
1993-08-01,1993-09-01,lag_3,-0.0037915803418799,-0.0,0.0017487758864902193,[0.00174878]
1993-08-01,1993-09-01,lag_4,0.002739405003636,0.0,0.0017487758864902193,[0.00174878]
1993-08-01,1993-09-01,lag_5,-0.0008739137323683,-0.0,0.0017487758864902193,[0.00174878]
1993-08-01,1993-09-01,lag_6,0.0048043938793247,0.0,0.0017487758864902193,[0.00174878]
1993-08-01,1993-09-01,lag_7,0.0038325424872445,0.0,0.0017487758864902193,[0.00174878]
1993-08-01,1993-09-01,lag_8,0.0016874963663999,0.0,0.0017487758864902193,[0.00174878]
1993-08-01,1993-09-01,lag_9,0.0037850447982945,0.0,0.0017487758864902193,[0.00174878]
1993-08-01,1993-09-01,lag_10,0.0067288906847986,0.0,0.0017487758864902193,[0.00174878]
1993-08-01,1993-09-01,lag_11,0.0032931151719015,0.0,0.0017487758864902193,[0.00174878]
1993-08-01,1993-09-01,volatility_3m,0.002135659793285911,-0.0,0.0017487758864902193,[0.00174878]
1993-09-01,1993-10-01,lag_0,0.0052914883157351,0.0,0.0017445415840241375,[0.00174454]
1993-09-01,1993-10-01,lag_1,-0.0012064683528301,-0.0,0.0017445415840241375,[0.00174454]
1993-09-01,1993-10-01,lag_2,0.0026931164973129,0.0,0.0017445415840241375,[0.00174454]
1993-09-01,1993-10-01,lag_3,0.0022526473495334,0.0,0.0017445415840241375,[0.00174454]
1993-09-01,1993-10-01,lag_4,-0.0037915803418799,-0.0,0.0017445415840241375,[0.00174454]
1993-09-01,1993-10-01,lag_5,0.002739405003636,0.0,0.0017445415840241375,[0.00174454]
1993-09-01,1993-10-01,lag_6,-0.0008739137323683,-0.0,0.0017445415840241375,[0.00174454]
1993-09-01,1993-10-01,lag_7,0.0048043938793247,0.0,0.0017445415840241375,[0.00174454]
1993-09-01,1993-10-01,lag_8,0.0038325424872445,0.0,0.0017445415840241375,[0.00174454]
1993-09-01,1993-10-01,lag_9,0.0016874963663999,0.0,0.0017445415840241375,[0.00174454]
1993-09-01,1993-10-01,lag_10,0.0037850447982945,0.0,0.0017445415840241375,[0.00174454]
1993-09-01,1993-10-01,lag_11,0.0067288906847986,0.0,0.0017445415840241375,[0.00174454]
1993-09-01,1993-10-01,volatility_3m,0.003270620200532473,-0.0,0.0017445415840241375,[0.00174454]
1993-10-01,1993-11-01,lag_0,0.0073036524223031,0.0,0.0017561409094593405,[0.00175614]
1993-10-01,1993-11-01,lag_1,0.0052914883157351,0.0,0.0017561409094593405,[0.00175614]
1993-10-01,1993-11-01,lag_2,-0.0012064683528301,-0.0,0.0017561409094593405,[0.00175614]
1993-10-01,1993-11-01,lag_3,0.0026931164973129,0.0,0.0017561409094593405,[0.00175614]
1993-10-01,1993-11-01,lag_4,0.0022526473495334,0.0,0.0017561409094593405,[0.00175614]
1993-10-01,1993-11-01,lag_5,-0.0037915803418799,-0.0,0.0017561409094593405,[0.00175614]
1993-10-01,1993-11-01,lag_6,0.002739405003636,0.0,0.0017561409094593405,[0.00175614]
1993-10-01,1993-11-01,lag_7,-0.0008739137323683,-0.0,0.0017561409094593405,[0.00175614]
1993-10-01,1993-11-01,lag_8,0.0048043938793247,0.0,0.0017561409094593405,[0.00175614]
1993-10-01,1993-11-01,lag_9,0.0038325424872445,0.0,0.0017561409094593405,[0.00175614]
1993-10-01,1993-11-01,lag_10,0.0016874963663999,0.0,0.0017561409094593405,[0.00175614]
1993-10-01,1993-11-01,lag_11,0.0037850447982945,0.0,0.0017561409094593405,[0.00175614]
1993-10-01,1993-11-01,volatility_3m,0.004447741015872838,0.0,0.0017561409094593405,[0.00175614]
1993-11-01,1993-12-01,lag_0,0.0045590055532489,0.0,0.001792541492211427,[0.00179254]
1993-11-01,1993-12-01,lag_1,0.0073036524223031,0.0,0.001792541492211427,[0.00179254]
1993-11-01,1993-12-01,lag_2,0.0052914883157351,0.0,0.001792541492211427,[0.00179254]
1993-11-01,1993-12-01,lag_3,-0.0012064683528301,-0.0,0.001792541492211427,[0.00179254]
1993-11-01,1993-12-01,lag_4,0.0026931164973129,0.0,0.001792541492211427,[0.00179254]
1993-11-01,1993-12-01,lag_5,0.0022526473495334,0.0,0.001792541492211427,[0.00179254]
1993-11-01,1993-12-01,lag_6,-0.0037915803418799,-0.0,0.001792541492211427,[0.00179254]
1993-11-01,1993-12-01,lag_7,0.002739405003636,0.0,0.001792541492211427,[0.00179254]
1993-11-01,1993-12-01,lag_8,-0.0008739137323683,-0.0,0.001792541492211427,[0.00179254]
1993-11-01,1993-12-01,lag_9,0.0048043938793247,0.0,0.001792541492211427,[0.00179254]
1993-11-01,1993-12-01,lag_10,0.0038325424872445,0.0,0.001792541492211427,[0.00179254]
1993-11-01,1993-12-01,lag_11,0.0016874963663999,0.0,0.001792541492211427,[0.00179254]
1993-11-01,1993-12-01,volatility_3m,0.0014211745039994816,-0.0,0.001792541492211427,[0.00179254]
1993-12-01,1994-01-01,lag_0,0.0059052708470295,0.0,0.0017214294784968982,[0.00172143]
1993-12-01,1994-01-01,lag_1,0.0045590055532489,0.0,0.0017214294784968982,[0.00172143]
1993-12-01,1994-01-01,lag_2,0.0073036524223031,0.0,0.0017214294784968982,[0.00172143]
1993-12-01,1994-01-01,lag_3,0.0052914883157351,0.0,0.0017214294784968982,[0.00172143]
1993-12-01,1994-01-01,lag_4,-0.0012064683528301,-0.0,0.0017214294784968982,[0.00172143]
1993-12-01,1994-01-01,lag_5,0.0026931164973129,0.0,0.0017214294784968982,[0.00172143]
1993-12-01,1994-01-01,lag_6,0.0022526473495334,0.0,0.0017214294784968982,[0.00172143]
1993-12-01,1994-01-01,lag_7,-0.0037915803418799,-0.0,0.0017214294784968982,[0.00172143]
1993-12-01,1994-01-01,lag_8,0.002739405003636,0.0,0.0017214294784968982,[0.00172143]
1993-12-01,1994-01-01,lag_9,-0.0008739137323683,-0.0,0.0017214294784968982,[0.00172143]
1993-12-01,1994-01-01,lag_10,0.0048043938793247,0.0,0.0017214294784968982,[0.00172143]
1993-12-01,1994-01-01,lag_11,0.0038325424872445,0.0,0.0017214294784968982,[0.00172143]
1993-12-01,1994-01-01,volatility_3m,0.0013724058988452761,-0.0,0.0017214294784968982,[0.00172143]
1994-01-01,1994-02-01,lag_0,0.0028736794669281,0.0,0.0017996098920252223,[0.00179961]
1994-01-01,1994-02-01,lag_1,0.0059052708470295,0.0,0.0017996098920252223,[0.00179961]
1994-01-01,1994-02-01,lag_2,0.0045590055532489,0.0,0.0017996098920252223,[0.00179961]
1994-01-01,1994-02-01,lag_3,0.0073036524223031,0.0,0.0017996098920252223,[0.00179961]
1994-01-01,1994-02-01,lag_4,0.0052914883157351,0.0,0.0017996098920252223,[0.00179961]
1994-01-01,1994-02-01,lag_5,-0.0012064683528301,-0.0,0.0017996098920252223,[0.00179961]
1994-01-01,1994-02-01,lag_6,0.0026931164973129,0.0,0.0017996098920252223,[0.00179961]
1994-01-01,1994-02-01,lag_7,0.0022526473495334,0.0,0.0017996098920252223,[0.00179961]
1994-01-01,1994-02-01,lag_8,-0.0037915803418799,-0.0,0.0017996098920252223,[0.00179961]
1994-01-01,1994-02-01,lag_9,0.002739405003636,0.0,0.0017996098920252223,[0.00179961]
1994-01-01,1994-02-01,lag_10,-0.0008739137323683,-0.0,0.0017996098920252223,[0.00179961]
1994-01-01,1994-02-01,lag_11,0.0048043938793247,0.0,0.0017996098920252223,[0.00179961]
1994-01-01,1994-02-01,volatility_3m,0.001518952520345115,-0.0,0.0017996098920252223,[0.00179961]
1994-02-01,1994-03-01,lag_0,0.0005827318302769,-0.0,0.001745321881559234,[0.00174532]
1994-02-01,1994-03-01,lag_1,0.0028736794669281,0.0,0.001745321881559234,[0.00174532]
1994-02-01,1994-03-01,lag_2,0.0059052708470295,0.0,0.001745321881559234,[0.00174532]
1994-02-01,1994-03-01,lag_3,0.0045590055532489,0.0,0.001745321881559234,[0.00174532]
1994-02-01,1994-03-01,lag_4,0.0073036524223031,0.0,0.001745321881559234,[0.00174532]
1994-02-01,1994-03-01,lag_5,0.0052914883157351,0.0,0.001745321881559234,[0.00174532]
1994-02-01,1994-03-01,lag_6,-0.0012064683528301,-0.0,0.001745321881559234,[0.00174532]
1994-02-01,1994-03-01,lag_7,0.0026931164973129,0.0,0.001745321881559234,[0.00174532]
1994-02-01,1994-03-01,lag_8,0.0022526473495334,0.0,0.001745321881559234,[0.00174532]
1994-02-01,1994-03-01,lag_9,-0.0037915803418799,-0.0,0.001745321881559234,[0.00174532]
1994-02-01,1994-03-01,lag_10,0.002739405003636,0.0,0.001745321881559234,[0.00174532]
1994-02-01,1994-03-01,lag_11,-0.0008739137323683,-0.0,0.001745321881559234,[0.00174532]
1994-02-01,1994-03-01,volatility_3m,0.002669844220007245,-0.0,0.001745321881559234,[0.00174532]
1994-03-01,1994-04-01,lag_0,0.0101498906066312,0.0,0.0018245588620587568,[0.00182456]
1994-03-01,1994-04-01,lag_1,0.0005827318302769,-0.0,0.0018245588620587568,[0.00182456]
1994-03-01,1994-04-01,lag_2,0.0028736794669281,0.0,0.0018245588620587568,[0.00182456]
1994-03-01,1994-04-01,lag_3,0.0059052708470295,0.0,0.0018245588620587568,[0.00182456]
1994-03-01,1994-04-01,lag_4,0.0045590055532489,0.0,0.0018245588620587568,[0.00182456]
1994-03-01,1994-04-01,lag_5,0.0073036524223031,0.0,0.0018245588620587568,[0.00182456]
1994-03-01,1994-04-01,lag_6,0.0052914883157351,0.0,0.0018245588620587568,[0.00182456]
1994-03-01,1994-04-01,lag_7,-0.0012064683528301,-0.0,0.0018245588620587568,[0.00182456]
1994-03-01,1994-04-01,lag_8,0.0026931164973129,0.0,0.0018245588620587568,[0.00182456]
1994-03-01,1994-04-01,lag_9,0.0022526473495334,0.0,0.0018245588620587568,[0.00182456]
1994-03-01,1994-04-01,lag_10,-0.0037915803418799,-0.0,0.0018245588620587568,[0.00182456]
1994-03-01,1994-04-01,lag_11,0.002739405003636,0.0,0.0018245588620587568,[0.00182456]
1994-03-01,1994-04-01,volatility_3m,0.004995368132503521,0.0,0.0018245588620587568,[0.00182456]
1994-04-01,1994-05-01,lag_0,0.0058961380426527,0.0,0.0018171236899677703,[0.00181712]
1994-04-01,1994-05-01,lag_1,0.0101498906066312,0.0,0.0018171236899677703,[0.00181712]
1994-04-01,1994-05-01,lag_2,0.0005827318302769,-0.0,0.0018171236899677703,[0.00181712]
1994-04-01,1994-05-01,lag_3,0.0028736794669281,0.0,0.0018171236899677703,[0.00181712]
1994-04-01,1994-05-01,lag_4,0.0059052708470295,0.0,0.0018171236899677703,[0.00181712]
1994-04-01,1994-05-01,lag_5,0.0045590055532489,0.0,0.0018171236899677703,[0.00181712]
1994-04-01,1994-05-01,lag_6,0.0073036524223031,0.0,0.0018171236899677703,[0.00181712]
1994-04-01,1994-05-01,lag_7,0.0052914883157351,0.0,0.0018171236899677703,[0.00181712]
1994-04-01,1994-05-01,lag_8,-0.0012064683528301,-0.0,0.0018171236899677703,[0.00181712]
1994-04-01,1994-05-01,lag_9,0.0026931164973129,0.0,0.0018171236899677703,[0.00181712]
1994-04-01,1994-05-01,lag_10,0.0022526473495334,0.0,0.0018171236899677703,[0.00181712]
1994-04-01,1994-05-01,lag_11,-0.0037915803418799,-0.0,0.0018171236899677703,[0.00181712]
1994-04-01,1994-05-01,volatility_3m,0.0047933499681892715,0.0,0.0018171236899677703,[0.00181712]
1994-05-01,1994-06-01,lag_0,0.0045904959585474,0.0,0.0018471939622871345,[0.00184719]
1994-05-01,1994-06-01,lag_1,0.0058961380426527,0.0,0.0018471939622871345,[0.00184719]
1994-05-01,1994-06-01,lag_2,0.0101498906066312,0.0,0.0018471939622871345,[0.00184719]
1994-05-01,1994-06-01,lag_3,0.0005827318302769,-0.0,0.0018471939622871345,[0.00184719]
1994-05-01,1994-06-01,lag_4,0.0028736794669281,0.0,0.0018471939622871345,[0.00184719]
1994-05-01,1994-06-01,lag_5,0.0059052708470295,0.0,0.0018471939622871345,[0.00184719]
1994-05-01,1994-06-01,lag_6,0.0045590055532489,0.0,0.0018471939622871345,[0.00184719]
1994-05-01,1994-06-01,lag_7,0.0073036524223031,0.0,0.0018471939622871345,[0.00184719]
1994-05-01,1994-06-01,lag_8,0.0052914883157351,0.0,0.0018471939622871345,[0.00184719]
1994-05-01,1994-06-01,lag_9,-0.0012064683528301,-0.0,0.0018471939622871345,[0.00184719]
1994-05-01,1994-06-01,lag_10,0.0026931164973129,0.0,0.0018471939622871345,[0.00184719]
1994-05-01,1994-06-01,lag_11,0.0022526473495334,0.0,0.0018471939622871345,[0.00184719]
1994-05-01,1994-06-01,volatility_3m,0.0029070598256796414,-0.0,0.0018471939622871345,[0.00184719]
1994-06-01,1994-07-01,lag_0,0.0067284496871362,0.0014970283482717375,0.004777887396020022,[0.00186407]
1994-06-01,1994-07-01,lag_1,0.0045904959585474,0.00024996889252156234,0.004777887396020022,[0.00186407]
1994-06-01,1994-07-01,lag_2,0.0058961380426527,0.00030439615055239647,0.004777887396020022,[0.00186407]
1994-06-01,1994-07-01,lag_3,0.0101498906066312,0.00036015667824859426,0.004777887396020022,[0.00186407]
1994-06-01,1994-07-01,lag_4,0.0005827318302769,5.869454929255666e-05,0.004777887396020022,[0.00186407]
1994-06-01,1994-07-01,lag_5,0.0028736794669281,-4.068814460176817e-06,0.004777887396020022,[0.00186407]
1994-06-01,1994-07-01,lag_6,0.0059052708470295,0.0,0.004777887396020022,[0.00186407]
1994-06-01,1994-07-01,lag_7,0.0045590055532489,1.4589318185171826e-05,0.004777887396020022,[0.00186407]
1994-06-01,1994-07-01,lag_8,0.0073036524223031,0.00048604035244335545,0.004777887396020022,[0.00186407]
1994-06-01,1994-07-01,lag_9,0.0052914883157351,0.0,0.004777887396020022,[0.00186407]
1994-06-01,1994-07-01,lag_10,-0.0012064683528301,-0.0,0.004777887396020022,[0.00186407]
1994-06-01,1994-07-01,lag_11,0.0026931164973129,-5.2988874779781505e-05,0.004777887396020022,[0.00186407]
1994-06-01,1994-07-01,volatility_3m,0.0010776741986732673,-0.0,0.004777887396020022,[0.00186407]
1994-07-01,1994-08-01,lag_0,0.0013295056794984,-0.00026258542909417037,0.0024875375105840292,[0.00186218]
1994-07-01,1994-08-01,lag_1,0.0067284496871362,0.0004758496581497342,0.0024875375105840292,[0.00186218]
1994-07-01,1994-08-01,lag_2,0.0045904959585474,0.000204803945869902,0.0024875375105840292,[0.00186218]
1994-07-01,1994-08-01,lag_3,0.0058961380426527,0.00015683509259048733,0.0024875375105840292,[0.00186218]
1994-07-01,1994-08-01,lag_4,0.0101498906066312,-0.0003939132035734601,0.0024875375105840292,[0.00186218]
1994-07-01,1994-08-01,lag_5,0.0005827318302769,7.516288432055536e-06,0.0024875375105840292,[0.00186218]
1994-07-01,1994-08-01,lag_6,0.0028736794669281,0.0,0.0024875375105840292,[0.00186218]
1994-07-01,1994-08-01,lag_7,0.0059052708470295,4.5024094374747615e-05,0.0024875375105840292,[0.00186218]
1994-07-01,1994-08-01,lag_8,0.0045590055532489,0.00023118399494181807,0.0024875375105840292,[0.00186218]
1994-07-01,1994-08-01,lag_9,0.0073036524223031,0.0,0.0024875375105840292,[0.00186218]
1994-07-01,1994-08-01,lag_10,0.0052914883157351,0.0,0.0024875375105840292,[0.00186218]
1994-07-01,1994-08-01,lag_11,-0.0012064683528301,0.00016064065782227623,0.0024875375105840292,[0.00186218]
1994-07-01,1994-08-01,volatility_3m,0.0027188692546487943,-0.0,0.0024875375105840292,[0.00186218]
1994-08-01,1994-09-01,lag_0,0.0066818575129268,0.001443745793437679,0.0037629323581882586,[0.00188137]
1994-08-01,1994-09-01,lag_1,0.0013295056794984,-8.547834078527623e-05,0.0037629323581882586,[0.00188137]
1994-08-01,1994-09-01,lag_2,0.0067284496871362,0.00042563155270055393,0.0037629323581882586,[0.00188137]
1994-08-01,1994-09-01,lag_3,0.0045904959585474,0.0001106977620578343,0.0037629323581882586,[0.00188137]
1994-08-01,1994-09-01,lag_4,0.0058961380426527,-0.00013708400744440546,0.0037629323581882586,[0.00188137]
1994-08-01,1994-09-01,lag_5,0.0101498906066312,-3.6515241545840375e-05,0.0037629323581882586,[0.00188137]
1994-08-01,1994-09-01,lag_6,0.0005827318302769,-0.0,0.0037629323581882586,[0.00188137]
1994-08-01,1994-09-01,lag_7,0.0028736794669281,1.1292263681340539e-05,0.0037629323581882586,[0.00188137]
1994-08-01,1994-09-01,lag_8,0.0059052708470295,0.00033731071659742886,0.0037629323581882586,[0.00188137]
1994-08-01,1994-09-01,lag_9,0.0045590055532489,0.0,0.0037629323581882586,[0.00188137]
1994-08-01,1994-09-01,lag_10,0.0073036524223031,0.0,0.0037629323581882586,[0.00188137]
1994-08-01,1994-09-01,lag_11,0.0052914883157351,-0.00018804032278133787,0.0037629323581882586,[0.00188137]
1994-08-01,1994-09-01,volatility_3m,0.0031037192038238584,-0.0,0.0037629323581882586,[0.00188137]
1994-09-01,1994-10-01,lag_0,0.0031405492615519,0.00027456102965467405,0.002443411425034084,[0.00199655]
1994-09-01,1994-10-01,lag_1,0.0066818575129268,0.0004364315889087508,0.002443411425034084,[0.00199655]
1994-09-01,1994-10-01,lag_2,0.0013295056794984,-6.638275678792402e-05,0.002443411425034084,[0.00199655]
1994-09-01,1994-10-01,lag_3,0.0067284496871362,0.00019102171339284554,0.002443411425034084,[0.00199655]
1994-09-01,1994-10-01,lag_4,0.0045904959585474,-0.00011894720780133548,0.002443411425034084,[0.00199655]
1994-09-01,1994-10-01,lag_5,0.0058961380426527,-1.7879063876579386e-05,0.002443411425034084,[0.00199655]
1994-09-01,1994-10-01,lag_6,0.0101498906066312,0.0,0.002443411425034084,[0.00199655]
1994-09-01,1994-10-01,lag_7,0.0005827318302769,-1.4477294433788347e-05,0.002443411425034084,[0.00199655]
1994-09-01,1994-10-01,lag_8,0.0028736794669281,7.786923961208097e-05,0.002443411425034084,[0.00199655]
1994-09-01,1994-10-01,lag_9,0.0059052708470295,0.0,0.002443411425034084,[0.00199655]
1994-09-01,1994-10-01,lag_10,0.0045590055532489,0.0,0.002443411425034084,[0.00199655]
1994-09-01,1994-10-01,lag_11,0.0073036524223031,-0.0003153327418974755,0.002443411425034084,[0.00199655]
1994-09-01,1994-10-01,volatility_3m,0.0027223890591463193,-0.0,0.002443411425034084,[0.00199655]
1994-10-01,1994-11-01,lag_0,0.0080129312378582,0.0018212457558403018,0.0037905614982908006,[0.00199811]
1994-10-01,1994-11-01,lag_1,0.0031405492615519,8.538793452283093e-05,0.0037905614982908006,[0.00199811]
1994-10-01,1994-11-01,lag_2,0.0066818575129268,0.0003436215652099311,0.0037905614982908006,[0.00199811]
1994-10-01,1994-11-01,lag_3,0.0013295056794984,-3.161059071598042e-05,0.0037905614982908006,[0.00199811]
1994-10-01,1994-11-01,lag_4,0.0067284496871362,-0.00021096354935083567,0.0037905614982908006,[0.00199811]
1994-10-01,1994-11-01,lag_5,0.0045904959585474,-1.0344383004441431e-05,0.0037905614982908006,[0.00199811]
1994-10-01,1994-11-01,lag_6,0.0058961380426527,0.0,0.0037905614982908006,[0.00199811]
1994-10-01,1994-11-01,lag_7,0.0101498906066312,5.504247404143052e-05,0.0037905614982908006,[0.00199811]
1994-10-01,1994-11-01,lag_8,0.0005827318302769,-0.00012049614067456109,0.0037905614982908006,[0.00199811]
1994-10-01,1994-11-01,lag_9,0.0028736794669281,0.0,0.0037905614982908006,[0.00199811]
1994-10-01,1994-11-01,lag_10,0.0059052708470295,0.0,0.0037905614982908006,[0.00199811]
1994-10-01,1994-11-01,lag_11,0.0045590055532489,-0.00013942994543593315,0.0037905614982908006,[0.00199811]
1994-10-01,1994-11-01,volatility_3m,0.002518356855686302,-0.0,0.0037905614982908006,[0.00199811]
1994-11-01,1994-12-01,lag_0,0.0068126229566853,0.0014242616816861774,0.004830371820634364,[0.00203573]
1994-11-01,1994-12-01,lag_1,0.0080129312378582,0.0005801173434418215,0.004830371820634364,[0.00203573]
1994-11-01,1994-12-01,lag_2,0.0031405492615519,6.999372212193117e-05,0.004830371820634364,[0.00203573]
1994-11-01,1994-12-01,lag_3,0.0066818575129268,0.00019367100243140428,0.004830371820634364,[0.00203573]
1994-11-01,1994-12-01,lag_4,0.0013295056794984,3.71266116818531e-05,0.004830371820634364,[0.00203573]
1994-11-01,1994-12-01,lag_5,0.0067284496871362,-1.5505925281792146e-05,0.004830371820634364,[0.00203573]
1994-11-01,1994-12-01,lag_6,0.0045904959585474,0.0,0.004830371820634364,[0.00203573]
1994-11-01,1994-12-01,lag_7,0.0058961380426527,2.518913563390325e-05,0.004830371820634364,[0.00203573]
1994-11-01,1994-12-01,lag_8,0.0101498906066312,0.0007123520542812725,0.004830371820634364,[0.00203573]
1994-11-01,1994-12-01,lag_9,0.0005827318302769,-0.0,0.004830371820634364,[0.00203573]
1994-11-01,1994-12-01,lag_10,0.0028736794669281,0.0,0.004830371820634364,[0.00203573]
1994-11-01,1994-12-01,lag_11,0.0059052708470295,-0.0002325609801327988,0.004830371820634364,[0.00203573]
1994-11-01,1994-12-01,volatility_3m,0.0025385353820453695,-0.0,0.004830371820634364,[0.00203573]
1994-12-01,1995-01-01,lag_0,0.0101664259222324,0.002501570323397788,0.0056679894580381855,[0.00210335]
1994-12-01,1995-01-01,lag_1,0.0068126229566853,0.00043257331699811624,0.0056679894580381855,[0.00210335]
1994-12-01,1995-01-01,lag_2,0.0080129312378582,0.0004747546991657202,0.0056679894580381855,[0.00210335]
1994-12-01,1995-01-01,lag_3,0.0031405492615519,3.861339076595465e-05,0.0056679894580381855,[0.00210335]
1994-12-01,1995-01-01,lag_4,0.0066818575129268,-0.0002029442514591015,0.0056679894580381855,[0.00210335]
1994-12-01,1995-01-01,lag_5,0.0013295056794984,1.9839033336478937e-06,0.0056679894580381855,[0.00210335]
1994-12-01,1995-01-01,lag_6,0.0067284496871362,0.0,0.0056679894580381855,[0.00210335]
1994-12-01,1995-01-01,lag_7,0.0045904959585474,3.055084662651342e-05,0.0056679894580381855,[0.00210335]
1994-12-01,1995-01-01,lag_8,0.0058961380426527,0.00033901320400984546,0.0056679894580381855,[0.00210335]
1994-12-01,1995-01-01,lag_9,0.0101498906066312,0.0,0.0056679894580381855,[0.00210335]
1994-12-01,1995-01-01,lag_10,0.0005827318302769,-0.0,0.0056679894580381855,[0.00210335]
1994-12-01,1995-01-01,lag_11,0.0028736794669281,-5.147831750879299e-05,0.0056679894580381855,[0.00210335]
1994-12-01,1995-01-01,volatility_3m,0.001699327006846764,-0.0,0.0056679894580381855,[0.00210335]
1995-01-01,1995-02-01,lag_0,0.001700536197938,-0.0002701509294094639,0.003407496434898135,[0.0021552]
1995-01-01,1995-02-01,lag_1,0.0101664259222324,0.0007413115454875417,0.003407496434898135,[0.0021552]
1995-01-01,1995-02-01,lag_2,0.0068126229566853,0.0003202408662420414,0.003407496434898135,[0.0021552]
1995-01-01,1995-02-01,lag_3,0.0080129312378582,0.00020600277408249466,0.003407496434898135,[0.0021552]
1995-01-01,1995-02-01,lag_4,0.0031405492615519,-3.928509859622095e-05,0.003407496434898135,[0.0021552]
1995-01-01,1995-02-01,lag_5,0.0066818575129268,-3.889210933301005e-05,0.003407496434898135,[0.0021552]
1995-01-01,1995-02-01,lag_6,0.0013295056794984,-0.0,0.003407496434898135,[0.0021552]
1995-01-01,1995-02-01,lag_7,0.0067284496871362,3.599159487147171e-05,0.003407496434898135,[0.0021552]
1995-01-01,1995-02-01,lag_8,0.0045904959585474,0.00022052344509358935,0.003407496434898135,[0.0021552]
1995-01-01,1995-02-01,lag_9,0.0058961380426527,0.0,0.003407496434898135,[0.0021552]
1995-01-01,1995-02-01,lag_10,0.0101498906066312,0.0,0.003407496434898135,[0.0021552]
1995-01-01,1995-02-01,lag_11,0.0005827318302769,7.655555272315307e-05,0.003407496434898135,[0.0021552]
1995-01-01,1995-02-01,volatility_3m,0.004263267803469257,0.0,0.003407496434898135,[0.0021552]
1995-02-01,1995-03-01,lag_0,-0.0011286873050115,-0.0012002131503142037,0.001306283491470779,[0.00211781]
1995-02-01,1995-03-01,lag_1,0.001700536197938,-8.31654815156117e-05,0.001306283491470779,[0.00211781]
1995-02-01,1995-03-01,lag_2,0.0101664259222324,0.000610012652173564,0.001306283491470779,[0.00211781]
1995-02-01,1995-03-01,lag_3,0.0068126229566853,0.00019608904002392565,0.001306283491470779,[0.00211781]
1995-02-01,1995-03-01,lag_4,0.0080129312378582,-0.0002632857655402109,0.001306283491470779,[0.00211781]
1995-02-01,1995-03-01,lag_5,0.0031405492615519,0.0,0.001306283491470779,[0.00211781]
1995-02-01,1995-03-01,lag_6,0.0066818575129268,0.0,0.001306283491470779,[0.00211781]
1995-02-01,1995-03-01,lag_7,0.0013295056794984,-9.103677344839021e-07,0.001306283491470779,[0.00211781]
1995-02-01,1995-03-01,lag_8,0.0067284496871362,0.0003987944123596459,0.001306283491470779,[0.00211781]
1995-02-01,1995-03-01,lag_9,0.0045904959585474,0.0,0.001306283491470779,[0.00211781]
1995-02-01,1995-03-01,lag_10,0.0058961380426527,0.0,0.001306283491470779,[0.00211781]
1995-02-01,1995-03-01,lag_11,0.0101498906066312,-0.00046884824318327376,0.001306283491470779,[0.00211781]
1995-02-01,1995-03-01,volatility_3m,0.005877292138247219,0.0,0.001306283491470779,[0.00211781]
1995-03-01,1995-04-01,lag_0,0.0016603011582869,-0.0002747099016883318,0.0013333232815116438,[0.00215378]
1995-03-01,1995-04-01,lag_1,-0.0011286873050115,-0.00036302732200332063,0.0013333232815116438,[0.00215378]
1995-03-01,1995-04-01,lag_2,0.001700536197938,-6.790799335469399e-05,0.0013333232815116438,[0.00215378]
1995-03-01,1995-04-01,lag_3,0.0101664259222324,0.00032781131943230906,0.0013333232815116438,[0.00215378]
1995-03-01,1995-04-01,lag_4,0.0068126229566853,-0.00021432009813094423,0.0013333232815116438,[0.00215378]
1995-03-01,1995-04-01,lag_5,0.0080129312378582,0.0,0.0013333232815116438,[0.00215378]
1995-03-01,1995-04-01,lag_6,0.0031405492615519,0.0,0.0013333232815116438,[0.00215378]
1995-03-01,1995-04-01,lag_7,0.0066818575129268,4.30030843501284e-05,0.0013333232815116438,[0.00215378]
1995-03-01,1995-04-01,lag_8,0.0013295056794984,-7.171289487959654e-05,0.0013333232815116438,[0.00215378]
1995-03-01,1995-04-01,lag_9,0.0067284496871362,0.0,0.0013333232815116438,[0.00215378]
1995-03-01,1995-04-01,lag_10,0.0045904959585474,0.0,0.0013333232815116438,[0.00215378]
1995-03-01,1995-04-01,lag_11,0.0058961380426527,-0.00019958938071901655,0.0013333232815116438,[0.00215378]
1995-03-01,1995-04-01,volatility_3m,0.001621962861086793,-0.0,0.0013333232815116438,[0.00215378]
1995-04-01,1995-05-01,lag_0,-0.0017277257902161,-0.0013541094524391415,0.000274277878890331,[0.00211368]
1995-04-01,1995-05-01,lag_1,0.0016603011582869,-7.951061503945508e-05,0.000274277878890331,[0.00211368]
1995-04-01,1995-05-01,lag_2,-0.0011286873050115,-0.00030870166285994015,0.000274277878890331,[0.00211368]
1995-04-01,1995-05-01,lag_3,0.001700536197938,-3.5122066606451664e-05,0.000274277878890331,[0.00211368]
1995-04-01,1995-05-01,lag_4,0.0101664259222324,-0.00032904073859653713,0.000274277878890331,[0.00211368]
1995-04-01,1995-05-01,lag_5,0.0068126229566853,-1.0536266259184565e-05,0.000274277878890331,[0.00211368]
1995-04-01,1995-05-01,lag_6,0.0080129312378582,0.0,0.000274277878890331,[0.00211368]
1995-04-01,1995-05-01,lag_7,0.0031405492615519,9.380697050061882e-06,0.000274277878890331,[0.00211368]
1995-04-01,1995-05-01,lag_8,0.0066818575129268,0.00041077825184096696,0.000274277878890331,[0.00211368]
1995-04-01,1995-05-01,lag_9,0.0013295056794984,-0.0,0.000274277878890331,[0.00211368]
1995-04-01,1995-05-01,lag_10,0.0067284496871362,0.0,0.000274277878890331,[0.00211368]
1995-04-01,1995-05-01,lag_11,0.0045904959585474,-0.0001425410679026482,0.000274277878890331,[0.00211368]
1995-04-01,1995-05-01,volatility_3m,0.0018081311880387414,-0.0,0.000274277878890331,[0.00211368]
1995-05-01,1995-06-01,lag_0,0.0048989069851188,0.00083529985187786,0.002210579440251626,[0.00210885]
1995-05-01,1995-06-01,lag_1,-0.0017277257902161,-0.00041007462518153015,0.002210579440251626,[0.00210885]
1995-05-01,1995-06-01,lag_2,0.0016603011582869,-6.341885029323243e-05,0.002210579440251626,[0.00210885]
1995-05-01,1995-06-01,lag_3,-0.0011286873050115,-0.00013153652368226243,0.002210579440251626,[0.00210885]
1995-05-01,1995-06-01,lag_4,0.001700536197938,4.1200633882185774e-05,0.002210579440251626,[0.00210885]
1995-05-01,1995-06-01,lag_5,0.0101664259222324,-6.748426044124996e-07,0.002210579440251626,[0.00210885]
1995-05-01,1995-06-01,lag_6,0.0068126229566853,0.0,0.002210579440251626,[0.00210885]
1995-05-01,1995-06-01,lag_7,0.0080129312378582,2.4992986372211882e-05,0.002210579440251626,[0.00210885]
1995-05-01,1995-06-01,lag_8,0.0031405492615519,7.478423202309623e-05,0.002210579440251626,[0.00210885]
1995-05-01,1995-06-01,lag_9,0.0066818575129268,0.0,0.002210579440251626,[0.00210885]
1995-05-01,1995-06-01,lag_10,0.0013295056794984,-0.0,0.002210579440251626,[0.00210885]
1995-05-01,1995-06-01,lag_11,0.0067284496871362,-0.00026884742843539167,0.002210579440251626,[0.00210885]
1995-05-01,1995-06-01,volatility_3m,0.0033135971452112984,-0.0,0.002210579440251626,[0.00210885]
1995-06-01,1995-07-01,lag_0,0.0033088514322034,0.0002638074299982078,0.0025338975095001047,[0.00208438]
1995-06-01,1995-07-01,lag_1,0.0048989069851188,0.0001808341033577861,0.0025338975095001047,[0.00208438]
1995-06-01,1995-07-01,lag_2,-0.0017277257902161,-0.00017808198779233837,0.0025338975095001047,[0.00208438]
1995-06-01,1995-07-01,lag_3,0.0016603011582869,-1.2596142566885074e-06,0.0025338975095001047,[0.00208438]
1995-06-01,1995-07-01,lag_4,-0.0011286873050115,-0.0,0.0025338975095001047,[0.00208438]
1995-06-01,1995-07-01,lag_5,0.001700536197938,-0.0,0.0025338975095001047,[0.00208438]
1995-06-01,1995-07-01,lag_6,0.0101664259222324,0.0,0.0025338975095001047,[0.00208438]
1995-06-01,1995-07-01,lag_7,0.0068126229566853,0.0,0.0025338975095001047,[0.00208438]
1995-06-01,1995-07-01,lag_8,0.0080129312378582,0.0001842136786696361,0.0025338975095001047,[0.00208438]
1995-06-01,1995-07-01,lag_9,0.0031405492615519,0.0,0.0025338975095001047,[0.00208438]
1995-06-01,1995-07-01,lag_10,0.0066818575129268,0.0,0.0025338975095001047,[0.00208438]
1995-06-01,1995-07-01,lag_11,0.0013295056794984,-0.0,0.0025338975095001047,[0.00208438]
1995-06-01,1995-07-01,volatility_3m,0.0034594712678359474,-0.0,0.0025338975095001047,[0.00208438]
1995-07-01,1995-08-01,lag_0,-0.004189892740106,-0.0019075860330361723,0.00044125280390654056,[0.00208858]
1995-07-01,1995-08-01,lag_1,0.0033088514322034,5.2430718990333665e-05,0.00044125280390654056,[0.00208858]
1995-07-01,1995-08-01,lag_2,0.0048989069851188,0.0001030074946315575,0.00044125280390654056,[0.00208858]
1995-07-01,1995-08-01,lag_3,-0.0017277257902161,-0.0,0.00044125280390654056,[0.00208858]
1995-07-01,1995-08-01,lag_4,0.0016603011582869,-0.0,0.00044125280390654056,[0.00208858]
1995-07-01,1995-08-01,lag_5,-0.0011286873050115,-0.0,0.00044125280390654056,[0.00208858]
1995-07-01,1995-08-01,lag_6,0.001700536197938,-0.0,0.00044125280390654056,[0.00208858]
1995-07-01,1995-08-01,lag_7,0.0101664259222324,0.0,0.00044125280390654056,[0.00208858]
1995-07-01,1995-08-01,lag_8,0.0068126229566853,0.00010482019967055421,0.00044125280390654056,[0.00208858]
1995-07-01,1995-08-01,lag_9,0.0080129312378582,0.0,0.00044125280390654056,[0.00208858]
1995-07-01,1995-08-01,lag_10,0.0031405492615519,0.0,0.00044125280390654056,[0.00208858]
1995-07-01,1995-08-01,lag_11,0.0066818575129268,0.0,0.00044125280390654056,[0.00208858]
1995-07-01,1995-08-01,volatility_3m,0.00485396266412553,0.0,0.00044125280390654056,[0.00208858]
1995-08-01,1995-09-01,lag_0,0.0131693229924509,0.003208228010767668,0.004998596539828968,[0.00199539]
1995-08-01,1995-09-01,lag_1,-0.004189892740106,-0.0004954215419597031,0.004998596539828968,[0.00199539]
1995-08-01,1995-09-01,lag_2,0.0033088514322034,4.806485246604175e-05,0.004998596539828968,[0.00199539]
1995-08-01,1995-09-01,lag_3,0.0048989069851188,0.0,0.004998596539828968,[0.00199539]
1995-08-01,1995-09-01,lag_4,-0.0017277257902161,-0.0,0.004998596539828968,[0.00199539]
1995-08-01,1995-09-01,lag_5,0.0016603011582869,-0.0,0.004998596539828968,[0.00199539]
1995-08-01,1995-09-01,lag_6,-0.0011286873050115,-0.0,0.004998596539828968,[0.00199539]
1995-08-01,1995-09-01,lag_7,0.001700536197938,-0.0,0.004998596539828968,[0.00199539]
1995-08-01,1995-09-01,lag_8,0.0101664259222324,0.00024233699423086238,0.004998596539828968,[0.00199539]
1995-08-01,1995-09-01,lag_9,0.0068126229566853,0.0,0.004998596539828968,[0.00199539]
1995-08-01,1995-09-01,lag_10,0.0080129312378582,0.0,0.004998596539828968,[0.00199539]
1995-08-01,1995-09-01,lag_11,0.0031405492615519,0.0,0.004998596539828968,[0.00199539]
1995-08-01,1995-09-01,volatility_3m,0.008706342844938252,0.0,0.004998596539828968,[0.00199539]
1995-09-01,1995-10-01,lag_0,0.0040251761874792,0.0004974811527603528,0.002974934333688386,[0.00206806]
1995-09-01,1995-10-01,lag_1,0.0131693229924509,0.0007444961632977328,0.002974934333688386,[0.00206806]
1995-09-01,1995-10-01,lag_2,-0.004189892740106,-0.00030634116191942325,0.002974934333688386,[0.00206806]
1995-09-01,1995-10-01,lag_3,0.0033088514322034,0.0,0.002974934333688386,[0.00206806]
1995-09-01,1995-10-01,lag_4,0.0048989069851188,0.0,0.002974934333688386,[0.00206806]
1995-09-01,1995-10-01,lag_5,-0.0017277257902161,-0.0,0.002974934333688386,[0.00206806]
1995-09-01,1995-10-01,lag_6,0.0016603011582869,-0.0,0.002974934333688386,[0.00206806]
1995-09-01,1995-10-01,lag_7,-0.0011286873050115,-0.0,0.002974934333688386,[0.00206806]
1995-09-01,1995-10-01,lag_8,0.001700536197938,-2.8762612756402222e-05,0.002974934333688386,[0.00206806]
1995-09-01,1995-10-01,lag_9,0.0101664259222324,0.0,0.002974934333688386,[0.00206806]
1995-09-01,1995-10-01,lag_10,0.0068126229566853,0.0,0.002974934333688386,[0.00206806]
1995-09-01,1995-10-01,lag_11,0.0080129312378582,0.0,0.002974934333688386,[0.00206806]
1995-09-01,1995-10-01,volatility_3m,0.008683750621374203,0.0,0.002974934333688386,[0.00206806]
1995-10-01,1995-11-01,lag_0,-0.0017591074109057,-0.0011678251930339514,0.0014378034112266511,[0.0020172]
1995-10-01,1995-11-01,lag_1,0.0040251761874792,0.00011201412861498676,0.0014378034112266511,[0.0020172]
1995-10-01,1995-11-01,lag_2,0.0131693229924509,0.00058537746443167,0.0014378034112266511,[0.0020172]
1995-10-01,1995-11-01,lag_3,-0.004189892740106,-0.0,0.0014378034112266511,[0.0020172]
1995-10-01,1995-11-01,lag_4,0.0033088514322034,0.0,0.0014378034112266511,[0.0020172]
1995-10-01,1995-11-01,lag_5,0.0048989069851188,0.0,0.0014378034112266511,[0.0020172]
1995-10-01,1995-11-01,lag_6,-0.0017277257902161,-0.0,0.0014378034112266511,[0.0020172]
1995-10-01,1995-11-01,lag_7,0.0016603011582869,-0.0,0.0014378034112266511,[0.0020172]
1995-10-01,1995-11-01,lag_8,-0.0011286873050115,-0.000108962854182611,0.0014378034112266511,[0.0020172]
1995-10-01,1995-11-01,lag_9,0.001700536197938,-0.0,0.0014378034112266511,[0.0020172]
1995-10-01,1995-11-01,lag_10,0.0101664259222324,0.0,0.0014378034112266511,[0.0020172]
1995-10-01,1995-11-01,lag_11,0.0068126229566853,0.0,0.0014378034112266511,[0.0020172]
1995-10-01,1995-11-01,volatility_3m,0.007526966983733448,0.0,0.0014378034112266511,[0.0020172]
1995-11-01,1995-12-01,lag_0,0.0026320058946325,0.00010800872044956416,0.001889857687701329,[0.00200539]
1995-11-01,1995-12-01,lag_1,-0.0017591074109057,-0.0002809603979039188,0.001889857687701329,[0.00200539]
1995-11-01,1995-12-01,lag_2,0.0040251761874792,8.449886692907925e-05,0.001889857687701329,[0.00200539]
1995-11-01,1995-12-01,lag_3,0.0131693229924509,0.0,0.001889857687701329,[0.00200539]
1995-11-01,1995-12-01,lag_4,-0.004189892740106,-0.0,0.001889857687701329,[0.00200539]
1995-11-01,1995-12-01,lag_5,0.0033088514322034,0.0,0.001889857687701329,[0.00200539]
1995-11-01,1995-12-01,lag_6,0.0048989069851188,0.0,0.001889857687701329,[0.00200539]
1995-11-01,1995-12-01,lag_7,-0.0017277257902161,-0.0,0.001889857687701329,[0.00200539]
1995-11-01,1995-12-01,lag_8,0.0016603011582869,-2.7077543978264264e-05,0.001889857687701329,[0.00200539]
1995-11-01,1995-12-01,lag_9,-0.0011286873050115,-0.0,0.001889857687701329,[0.00200539]
1995-11-01,1995-12-01,lag_10,0.001700536197938,-0.0,0.001889857687701329,[0.00200539]
1995-11-01,1995-12-01,lag_11,0.0101664259222324,0.0,0.001889857687701329,[0.00200539]
1995-11-01,1995-12-01,volatility_3m,0.0030188501197611025,-0.0,0.001889857687701329,[0.00200539]
1995-12-01,1996-01-01,lag_0,0.0034648244230837,0.00036291584301324315,0.0020270802946258906,[0.00201246]
1995-12-01,1996-01-01,lag_1,0.0026320058946325,2.5740700474502215e-05,0.0020270802946258906,[0.00201246]
1995-12-01,1996-01-01,lag_2,-0.0017591074109057,-0.00022677092260281012,0.0020270802946258906,[0.00201246]
1995-12-01,1996-01-01,lag_3,0.0040251761874792,0.0,0.0020270802946258906,[0.00201246]
1995-12-01,1996-01-01,lag_4,0.0131693229924509,0.0,0.0020270802946258906,[0.00201246]
1995-12-01,1996-01-01,lag_5,-0.004189892740106,-0.0,0.0020270802946258906,[0.00201246]
1995-12-01,1996-01-01,lag_6,0.0033088514322034,0.0,0.0020270802946258906,[0.00201246]
1995-12-01,1996-01-01,lag_7,0.0048989069851188,0.0,0.0020270802946258906,[0.00201246]
1995-12-01,1996-01-01,lag_8,-0.0017277257902161,-0.0001472695423953927,0.0020270802946258906,[0.00201246]
1995-12-01,1996-01-01,lag_9,0.0016603011582869,-0.0,0.0020270802946258906,[0.00201246]
1995-12-01,1996-01-01,lag_10,-0.0011286873050115,-0.0,0.0020270802946258906,[0.00201246]
1995-12-01,1996-01-01,lag_11,0.001700536197938,-0.0,0.0020270802946258906,[0.00201246]
1995-12-01,1996-01-01,volatility_3m,0.002806686259915006,-0.0,0.0020270802946258906,[0.00201246]
1996-01-01,1996-02-01,lag_0,-0.0057400787913675,-0.002303153779939079,-0.00017878786219637692,[0.00195349]
1996-01-01,1996-02-01,lag_1,0.0034648244230837,7.903593665714855e-05,-0.00017878786219637692,[0.00195349]
1996-01-01,1996-02-01,lag_2,0.0026320058946325,1.9491615238078087e-05,-0.00017878786219637692,[0.00195349]
1996-01-01,1996-02-01,lag_3,-0.0017591074109057,-0.0,-0.00017878786219637692,[0.00195349]
1996-01-01,1996-02-01,lag_4,0.0040251761874792,0.0,-0.00017878786219637692,[0.00195349]
1996-01-01,1996-02-01,lag_5,0.0131693229924509,0.0,-0.00017878786219637692,[0.00195349]
1996-01-01,1996-02-01,lag_6,-0.004189892740106,-0.0,-0.00017878786219637692,[0.00195349]
1996-01-01,1996-02-01,lag_7,0.0033088514322034,0.0,-0.00017878786219637692,[0.00195349]
1996-01-01,1996-02-01,lag_8,0.0048989069851188,7.234801884815201e-05,-0.00017878786219637692,[0.00195349]
1996-01-01,1996-02-01,lag_9,-0.0017277257902161,-0.0,-0.00017878786219637692,[0.00195349]
1996-01-01,1996-02-01,lag_10,0.0016603011582869,-0.0,-0.00017878786219637692,[0.00195349]
1996-01-01,1996-02-01,lag_11,-0.0011286873050115,-0.0,-0.00017878786219637692,[0.00195349]
1996-01-01,1996-02-01,volatility_3m,0.00509109732569678,0.0,-0.00017878786219637692,[0.00195349]
1996-02-01,1996-03-01,lag_0,0.0145291599264654,0.0034916781234251826,0.005015671437950053,[0.00198997]
1996-02-01,1996-03-01,lag_1,-0.0057400787913675,-0.0005565079158775872,0.005015671437950053,[0.00198997]
1996-02-01,1996-03-01,lag_2,0.0034648244230837,6.391218459384379e-05,0.005015671437950053,[0.00198997]
1996-02-01,1996-03-01,lag_3,0.0026320058946325,0.0,0.005015671437950053,[0.00198997]
1996-02-01,1996-03-01,lag_4,-0.0017591074109057,-0.0,0.005015671437950053,[0.00198997]
1996-02-01,1996-03-01,lag_5,0.0040251761874792,0.0,0.005015671437950053,[0.00198997]
1996-02-01,1996-03-01,lag_6,0.0131693229924509,0.0,0.005015671437950053,[0.00198997]
1996-02-01,1996-03-01,lag_7,-0.004189892740106,-0.0,0.005015671437950053,[0.00198997]
1996-02-01,1996-03-01,lag_8,0.0033088514322034,2.6615509561313587e-05,0.005015671437950053,[0.00198997]
1996-02-01,1996-03-01,lag_9,0.0048989069851188,0.0,0.005015671437950053,[0.00198997]
1996-02-01,1996-03-01,lag_10,-0.0017277257902161,-0.0,0.005015671437950053,[0.00198997]
1996-02-01,1996-03-01,lag_11,0.0016603011582869,-0.0,0.005015671437950053,[0.00198997]
1996-02-01,1996-03-01,volatility_3m,0.010148824246510061,0.0,0.005015671437950053,[0.00198997]
1996-03-01,1996-04-01,lag_0,-0.0012250426290405,-0.0009056516597346425,0.0012332490789481107,[0.00198696]
1996-03-01,1996-04-01,lag_1,0.0145291599264654,0.0008185958917672405,0.0012332490789481107,[0.00198696]
1996-03-01,1996-04-01,lag_2,-0.0057400787913675,-0.00043773040152357616,0.0012332490789481107,[0.00198696]
1996-03-01,1996-04-01,lag_3,0.0034648244230837,0.0,0.0012332490789481107,[0.00198696]
1996-03-01,1996-04-01,lag_4,0.0026320058946325,0.0,0.0012332490789481107,[0.00198696]
1996-03-01,1996-04-01,lag_5,-0.0017591074109057,-0.0,0.0012332490789481107,[0.00198696]
1996-03-01,1996-04-01,lag_6,0.0040251761874792,0.0,0.0012332490789481107,[0.00198696]
1996-03-01,1996-04-01,lag_7,0.0131693229924509,0.0,0.0012332490789481107,[0.00198696]
1996-03-01,1996-04-01,lag_8,-0.004189892740106,-0.00022892081142329135,0.0012332490789481107,[0.00198696]
1996-03-01,1996-04-01,lag_9,0.0033088514322034,0.0,0.0012332490789481107,[0.00198696]
1996-03-01,1996-04-01,lag_10,0.0048989069851188,0.0,0.0012332490789481107,[0.00198696]
1996-03-01,1996-04-01,lag_11,-0.0017277257902161,-0.0,0.0012332490789481107,[0.00198696]
1996-03-01,1996-04-01,volatility_3m,0.010641291336953468,0.0,0.0012332490789481107,[0.00198696]
1996-04-01,1996-05-01,lag_0,0.0099012182605209,0.002152552672458286,0.004790967775521703,[0.00195451]
1996-04-01,1996-05-01,lag_1,-0.0012250426290405,-0.00027009608131255364,0.004790967775521703,[0.00195451]
1996-04-01,1996-05-01,lag_2,0.0145291599264654,0.0005698640491582629,0.004790967775521703,[0.00195451]
1996-04-01,1996-05-01,lag_3,-0.0057400787913675,-0.0,0.004790967775521703,[0.00195451]
1996-04-01,1996-05-01,lag_4,0.0034648244230837,0.0,0.004790967775521703,[0.00195451]
1996-04-01,1996-05-01,lag_5,0.0026320058946325,0.0,0.004790967775521703,[0.00195451]
1996-04-01,1996-05-01,lag_6,-0.0017591074109057,-0.0,0.004790967775521703,[0.00195451]
1996-04-01,1996-05-01,lag_7,0.0040251761874792,0.0,0.004790967775521703,[0.00195451]
1996-04-01,1996-05-01,lag_8,0.0131693229924509,0.0003841370876782253,0.004790967775521703,[0.00195451]
1996-04-01,1996-05-01,lag_9,-0.004189892740106,-0.0,0.004790967775521703,[0.00195451]
1996-04-01,1996-05-01,lag_10,0.0033088514322034,0.0,0.004790967775521703,[0.00195451]
1996-04-01,1996-05-01,lag_11,0.0048989069851188,0.0,0.004790967775521703,[0.00195451]
1996-04-01,1996-05-01,volatility_3m,0.008097390769108665,0.0,0.004790967775521703,[0.00195451]
1996-05-01,1996-06-01,lag_0,0.0074455836229239,0.0015107878739871311,0.0039801313009028075,[0.00194132]
1996-05-01,1996-06-01,lag_1,0.0099012182605209,0.0006561790356571433,0.0039801313009028075,[0.00194132]
1996-05-01,1996-06-01,lag_2,-0.0012250426290405,-0.00019011833192403155,0.0039801313009028075,[0.00194132]
1996-05-01,1996-06-01,lag_3,0.0145291599264654,0.0,0.0039801313009028075,[0.00194132]
1996-05-01,1996-06-01,lag_4,-0.0057400787913675,-0.0,0.0039801313009028075,[0.00194132]
1996-05-01,1996-06-01,lag_5,0.0034648244230837,0.0,0.0039801313009028075,[0.00194132]
1996-05-01,1996-06-01,lag_6,0.0026320058946325,0.0,0.0039801313009028075,[0.00194132]
1996-05-01,1996-06-01,lag_7,-0.0017591074109057,-0.0,0.0039801313009028075,[0.00194132]
1996-05-01,1996-06-01,lag_8,0.0040251761874792,6.196222668659879e-05,0.0039801313009028075,[0.00194132]
1996-05-01,1996-06-01,lag_9,0.0131693229924509,0.0,0.0039801313009028075,[0.00194132]
1996-05-01,1996-06-01,lag_10,-0.004189892740106,-0.0,0.0039801313009028075,[0.00194132]
1996-05-01,1996-06-01,lag_11,0.0033088514322034,0.0,0.0039801313009028075,[0.00194132]
1996-05-01,1996-06-01,volatility_3m,0.0058452770458608146,0.0,0.0039801313009028075,[0.00194132]
1996-06-01,1996-07-01,lag_0,0.0075933782411841,0.0,0.002020410470371754,[0.00202041]
1996-06-01,1996-07-01,lag_1,0.0074455836229239,0.0,0.002020410470371754,[0.00202041]
1996-06-01,1996-07-01,lag_2,0.0099012182605209,0.0,0.002020410470371754,[0.00202041]
1996-06-01,1996-07-01,lag_3,-0.0012250426290405,-0.0,0.002020410470371754,[0.00202041]
1996-06-01,1996-07-01,lag_4,0.0145291599264654,0.0,0.002020410470371754,[0.00202041]
1996-06-01,1996-07-01,lag_5,-0.0057400787913675,-0.0,0.002020410470371754,[0.00202041]
1996-06-01,1996-07-01,lag_6,0.0034648244230837,0.0,0.002020410470371754,[0.00202041]
1996-06-01,1996-07-01,lag_7,0.0026320058946325,0.0,0.002020410470371754,[0.00202041]
1996-06-01,1996-07-01,lag_8,-0.0017591074109057,-0.0,0.002020410470371754,[0.00202041]
1996-06-01,1996-07-01,lag_9,0.0040251761874792,0.0,0.002020410470371754,[0.00202041]
1996-06-01,1996-07-01,lag_10,0.0131693229924509,0.0,0.002020410470371754,[0.00202041]
1996-06-01,1996-07-01,lag_11,-0.004189892740106,-0.0,0.002020410470371754,[0.00202041]
1996-06-01,1996-07-01,volatility_3m,0.0013770808665074408,-0.0,0.002020410470371754,[0.00202041]
1996-07-01,1996-08-01,lag_0,0.0001537460357097,-0.0,0.002074375186771105,[0.00207438]
1996-07-01,1996-08-01,lag_1,0.0075933782411841,0.0,0.002074375186771105,[0.00207438]
1996-07-01,1996-08-01,lag_2,0.0074455836229239,0.0,0.002074375186771105,[0.00207438]
1996-07-01,1996-08-01,lag_3,0.0099012182605209,0.0,0.002074375186771105,[0.00207438]
1996-07-01,1996-08-01,lag_4,-0.0012250426290405,-0.0,0.002074375186771105,[0.00207438]
1996-07-01,1996-08-01,lag_5,0.0145291599264654,0.0,0.002074375186771105,[0.00207438]
1996-07-01,1996-08-01,lag_6,-0.0057400787913675,-0.0,0.002074375186771105,[0.00207438]
1996-07-01,1996-08-01,lag_7,0.0034648244230837,0.0,0.002074375186771105,[0.00207438]
1996-07-01,1996-08-01,lag_8,0.0026320058946325,0.0,0.002074375186771105,[0.00207438]
1996-07-01,1996-08-01,lag_9,-0.0017591074109057,-0.0,0.002074375186771105,[0.00207438]
1996-07-01,1996-08-01,lag_10,0.0040251761874792,0.0,0.002074375186771105,[0.00207438]
1996-07-01,1996-08-01,lag_11,0.0131693229924509,0.0,0.002074375186771105,[0.00207438]
1996-07-01,1996-08-01,volatility_3m,0.004253251031078626,0.0,0.002074375186771105,[0.00207438]
1996-08-01,1996-09-01,lag_0,0.0051052352845752,0.0,0.002016896409137442,[0.0020169]
1996-08-01,1996-09-01,lag_1,0.0001537460357097,-0.0,0.002016896409137442,[0.0020169]
1996-08-01,1996-09-01,lag_2,0.0075933782411841,0.0,0.002016896409137442,[0.0020169]
1996-08-01,1996-09-01,lag_3,0.0074455836229239,0.0,0.002016896409137442,[0.0020169]
1996-08-01,1996-09-01,lag_4,0.0099012182605209,0.0,0.002016896409137442,[0.0020169]
1996-08-01,1996-09-01,lag_5,-0.0012250426290405,-0.0,0.002016896409137442,[0.0020169]
1996-08-01,1996-09-01,lag_6,0.0145291599264654,0.0,0.002016896409137442,[0.0020169]
1996-08-01,1996-09-01,lag_7,-0.0057400787913675,-0.0,0.002016896409137442,[0.0020169]
1996-08-01,1996-09-01,lag_8,0.0034648244230837,0.0,0.002016896409137442,[0.0020169]
1996-08-01,1996-09-01,lag_9,0.0026320058946325,0.0,0.002016896409137442,[0.0020169]
1996-08-01,1996-09-01,lag_10,-0.0017591074109057,-0.0,0.002016896409137442,[0.0020169]
1996-08-01,1996-09-01,lag_11,0.0040251761874792,0.0,0.002016896409137442,[0.0020169]
1996-08-01,1996-09-01,volatility_3m,0.0037871763559606648,-0.0,0.002016896409137442,[0.0020169]
1996-09-01,1996-10-01,lag_0,0.0062396321182145,0.0,0.0019940591929029487,[0.00199406]
1996-09-01,1996-10-01,lag_1,0.0051052352845752,0.0,0.0019940591929029487,[0.00199406]
1996-09-01,1996-10-01,lag_2,0.0001537460357097,-0.0,0.0019940591929029487,[0.00199406]
1996-09-01,1996-10-01,lag_3,0.0075933782411841,0.0,0.0019940591929029487,[0.00199406]
1996-09-01,1996-10-01,lag_4,0.0074455836229239,0.0,0.0019940591929029487,[0.00199406]
1996-09-01,1996-10-01,lag_5,0.0099012182605209,0.0,0.0019940591929029487,[0.00199406]
1996-09-01,1996-10-01,lag_6,-0.0012250426290405,-0.0,0.0019940591929029487,[0.00199406]
1996-09-01,1996-10-01,lag_7,0.0145291599264654,0.0,0.0019940591929029487,[0.00199406]
1996-09-01,1996-10-01,lag_8,-0.0057400787913675,-0.0,0.0019940591929029487,[0.00199406]
1996-09-01,1996-10-01,lag_9,0.0034648244230837,0.0,0.0019940591929029487,[0.00199406]
1996-09-01,1996-10-01,lag_10,0.0026320058946325,0.0,0.0019940591929029487,[0.00199406]
1996-09-01,1996-10-01,lag_11,-0.0017591074109057,-0.0,0.0019940591929029487,[0.00199406]
1996-09-01,1996-10-01,volatility_3m,0.0032363073444649617,-0.0,0.0019940591929029487,[0.00199406]
1996-10-01,1996-11-01,lag_0,0.000296094050018,-0.0,0.002026952827266686,[0.00202695]
1996-10-01,1996-11-01,lag_1,0.0062396321182145,0.0,0.002026952827266686,[0.00202695]
1996-10-01,1996-11-01,lag_2,0.0051052352845752,0.0,0.002026952827266686,[0.00202695]
1996-10-01,1996-11-01,lag_3,0.0001537460357097,-0.0,0.002026952827266686,[0.00202695]
1996-10-01,1996-11-01,lag_4,0.0075933782411841,0.0,0.002026952827266686,[0.00202695]
1996-10-01,1996-11-01,lag_5,0.0074455836229239,0.0,0.002026952827266686,[0.00202695]
1996-10-01,1996-11-01,lag_6,0.0099012182605209,0.0,0.002026952827266686,[0.00202695]
1996-10-01,1996-11-01,lag_7,-0.0012250426290405,-0.0,0.002026952827266686,[0.00202695]
1996-10-01,1996-11-01,lag_8,0.0145291599264654,0.0,0.002026952827266686,[0.00202695]
1996-10-01,1996-11-01,lag_9,-0.0057400787913675,-0.0,0.002026952827266686,[0.00202695]
1996-10-01,1996-11-01,lag_10,0.0034648244230837,0.0,0.002026952827266686,[0.00202695]
1996-10-01,1996-11-01,lag_11,0.0026320058946325,0.0,0.002026952827266686,[0.00202695]
1996-10-01,1996-11-01,volatility_3m,0.0031554276085867822,-0.0,0.002026952827266686,[0.00202695]
1996-11-01,1996-12-01,lag_0,0.0091447851720687,0.0,0.0020233938132277938,[0.00202339]
1996-11-01,1996-12-01,lag_1,0.000296094050018,-0.0,0.0020233938132277938,[0.00202339]
1996-11-01,1996-12-01,lag_2,0.0062396321182145,0.0,0.0020233938132277938,[0.00202339]
1996-11-01,1996-12-01,lag_3,0.0051052352845752,0.0,0.0020233938132277938,[0.00202339]
1996-11-01,1996-12-01,lag_4,0.0001537460357097,-0.0,0.0020233938132277938,[0.00202339]
1996-11-01,1996-12-01,lag_5,0.0075933782411841,0.0,0.0020233938132277938,[0.00202339]
1996-11-01,1996-12-01,lag_6,0.0074455836229239,0.0,0.0020233938132277938,[0.00202339]
1996-11-01,1996-12-01,lag_7,0.0099012182605209,0.0,0.0020233938132277938,[0.00202339]
1996-11-01,1996-12-01,lag_8,-0.0012250426290405,-0.0,0.0020233938132277938,[0.00202339]
1996-11-01,1996-12-01,lag_9,0.0145291599264654,0.0,0.0020233938132277938,[0.00202339]
1996-11-01,1996-12-01,lag_10,-0.0057400787913675,-0.0,0.0020233938132277938,[0.00202339]
1996-11-01,1996-12-01,lag_11,0.0034648244230837,0.0,0.0020233938132277938,[0.00202339]
1996-11-01,1996-12-01,volatility_3m,0.004510448861770453,0.0,0.0020233938132277938,[0.00202339]
1996-12-01,1997-01-01,lag_0,0.0063866480924561,0.0,0.0020675459438904875,[0.00206755]
1996-12-01,1997-01-01,lag_1,0.0091447851720687,0.0,0.0020675459438904875,[0.00206755]
1996-12-01,1997-01-01,lag_2,0.000296094050018,-0.0,0.0020675459438904875,[0.00206755]
1996-12-01,1997-01-01,lag_3,0.0062396321182145,0.0,0.0020675459438904875,[0.00206755]
1996-12-01,1997-01-01,lag_4,0.0051052352845752,0.0,0.0020675459438904875,[0.00206755]
1996-12-01,1997-01-01,lag_5,0.0001537460357097,-0.0,0.0020675459438904875,[0.00206755]
1996-12-01,1997-01-01,lag_6,0.0075933782411841,0.0,0.0020675459438904875,[0.00206755]
1996-12-01,1997-01-01,lag_7,0.0074455836229239,0.0,0.0020675459438904875,[0.00206755]
1996-12-01,1997-01-01,lag_8,0.0099012182605209,0.0,0.0020675459438904875,[0.00206755]
1996-12-01,1997-01-01,lag_9,-0.0012250426290405,-0.0,0.0020675459438904875,[0.00206755]
1996-12-01,1997-01-01,lag_10,0.0145291599264654,0.0,0.0020675459438904875,[0.00206755]
1996-12-01,1997-01-01,lag_11,-0.0057400787913675,-0.0,0.0020675459438904875,[0.00206755]
1996-12-01,1997-01-01,volatility_3m,0.004527720237000292,0.0,0.0020675459438904875,[0.00206755]
1997-01-01,1997-02-01,lag_0,0.0015838703738682,-0.0,0.002009865608100343,[0.00200987]
1997-01-01,1997-02-01,lag_1,0.0063866480924561,0.0,0.002009865608100343,[0.00200987]
1997-01-01,1997-02-01,lag_2,0.0091447851720687,0.0,0.002009865608100343,[0.00200987]
1997-01-01,1997-02-01,lag_3,0.000296094050018,-0.0,0.002009865608100343,[0.00200987]
1997-01-01,1997-02-01,lag_4,0.0062396321182145,0.0,0.002009865608100343,[0.00200987]
1997-01-01,1997-02-01,lag_5,0.0051052352845752,0.0,0.002009865608100343,[0.00200987]
1997-01-01,1997-02-01,lag_6,0.0001537460357097,-0.0,0.002009865608100343,[0.00200987]
1997-01-01,1997-02-01,lag_7,0.0075933782411841,0.0,0.002009865608100343,[0.00200987]
1997-01-01,1997-02-01,lag_8,0.0074455836229239,0.0,0.002009865608100343,[0.00200987]
1997-01-01,1997-02-01,lag_9,0.0099012182605209,0.0,0.002009865608100343,[0.00200987]
1997-01-01,1997-02-01,lag_10,-0.0012250426290405,-0.0,0.002009865608100343,[0.00200987]
1997-01-01,1997-02-01,lag_11,0.0145291599264654,0.0,0.002009865608100343,[0.00200987]
1997-01-01,1997-02-01,volatility_3m,0.003826256363378039,-0.0,0.002009865608100343,[0.00200987]
1997-02-01,1997-03-01,lag_0,0.0118678167995964,0.0,0.002015273598427926,[0.00201527]
1997-02-01,1997-03-01,lag_1,0.0015838703738682,-0.0,0.002015273598427926,[0.00201527]
1997-02-01,1997-03-01,lag_2,0.0063866480924561,0.0,0.002015273598427926,[0.00201527]
1997-02-01,1997-03-01,lag_3,0.0091447851720687,0.0,0.002015273598427926,[0.00201527]
1997-02-01,1997-03-01,lag_4,0.000296094050018,-0.0,0.002015273598427926,[0.00201527]
1997-02-01,1997-03-01,lag_5,0.0062396321182145,0.0,0.002015273598427926,[0.00201527]
1997-02-01,1997-03-01,lag_6,0.0051052352845752,0.0,0.002015273598427926,[0.00201527]
1997-02-01,1997-03-01,lag_7,0.0001537460357097,-0.0,0.002015273598427926,[0.00201527]
1997-02-01,1997-03-01,lag_8,0.0075933782411841,0.0,0.002015273598427926,[0.00201527]
1997-02-01,1997-03-01,lag_9,0.0074455836229239,0.0,0.002015273598427926,[0.00201527]
1997-02-01,1997-03-01,lag_10,0.0099012182605209,0.0,0.002015273598427926,[0.00201527]
1997-02-01,1997-03-01,lag_11,-0.0012250426290405,-0.0,0.002015273598427926,[0.00201527]
1997-02-01,1997-03-01,volatility_3m,0.005145701090838615,0.0,0.002015273598427926,[0.00201527]
1997-03-01,1997-04-01,lag_0,0.0063260801601101,0.0,0.002101097238323621,[0.0021011]
1997-03-01,1997-04-01,lag_1,0.0118678167995964,0.0,0.002101097238323621,[0.0021011]
1997-03-01,1997-04-01,lag_2,0.0015838703738682,-0.0,0.002101097238323621,[0.0021011]
1997-03-01,1997-04-01,lag_3,0.0063866480924561,0.0,0.002101097238323621,[0.0021011]
1997-03-01,1997-04-01,lag_4,0.0091447851720687,0.0,0.002101097238323621,[0.0021011]
1997-03-01,1997-04-01,lag_5,0.000296094050018,-0.0,0.002101097238323621,[0.0021011]
1997-03-01,1997-04-01,lag_6,0.0062396321182145,0.0,0.002101097238323621,[0.0021011]
1997-03-01,1997-04-01,lag_7,0.0051052352845752,0.0,0.002101097238323621,[0.0021011]
1997-03-01,1997-04-01,lag_8,0.0001537460357097,-0.0,0.002101097238323621,[0.0021011]
1997-03-01,1997-04-01,lag_9,0.0075933782411841,0.0,0.002101097238323621,[0.0021011]
1997-03-01,1997-04-01,lag_10,0.0074455836229239,0.0,0.002101097238323621,[0.0021011]
1997-03-01,1997-04-01,lag_11,0.0099012182605209,0.0,0.002101097238323621,[0.0021011]
1997-03-01,1997-04-01,volatility_3m,0.005147150550311002,0.0,0.002101097238323621,[0.0021011]
1997-04-01,1997-05-01,lag_0,0.0011715145153683,-0.0,0.0020647104749073578,[0.00206471]
1997-04-01,1997-05-01,lag_1,0.0063260801601101,0.0,0.0020647104749073578,[0.00206471]
1997-04-01,1997-05-01,lag_2,0.0118678167995964,0.0,0.0020647104749073578,[0.00206471]
1997-04-01,1997-05-01,lag_3,0.0015838703738682,-0.0,0.0020647104749073578,[0.00206471]
1997-04-01,1997-05-01,lag_4,0.0063866480924561,0.0,0.0020647104749073578,[0.00206471]
1997-04-01,1997-05-01,lag_5,0.0091447851720687,0.0,0.0020647104749073578,[0.00206471]
1997-04-01,1997-05-01,lag_6,0.000296094050018,-0.0,0.0020647104749073578,[0.00206471]
1997-04-01,1997-05-01,lag_7,0.0062396321182145,0.0,0.0020647104749073578,[0.00206471]
1997-04-01,1997-05-01,lag_8,0.0051052352845752,0.0,0.0020647104749073578,[0.00206471]
1997-04-01,1997-05-01,lag_9,0.0001537460357097,-0.0,0.0020647104749073578,[0.00206471]
1997-04-01,1997-05-01,lag_10,0.0075933782411841,0.0,0.0020647104749073578,[0.00206471]
1997-04-01,1997-05-01,lag_11,0.0074455836229239,0.0,0.0020647104749073578,[0.00206471]
1997-04-01,1997-05-01,volatility_3m,0.005349318874444992,0.0,0.0020647104749073578,[0.00206471]
1997-05-01,1997-06-01,lag_0,0.0055243609775672,0.0,0.0020717062285957955,[0.00207171]
1997-05-01,1997-06-01,lag_1,0.0011715145153683,-0.0,0.0020717062285957955,[0.00207171]
1997-05-01,1997-06-01,lag_2,0.0063260801601101,0.0,0.0020717062285957955,[0.00207171]
1997-05-01,1997-06-01,lag_3,0.0118678167995964,0.0,0.0020717062285957955,[0.00207171]
1997-05-01,1997-06-01,lag_4,0.0015838703738682,-0.0,0.0020717062285957955,[0.00207171]
1997-05-01,1997-06-01,lag_5,0.0063866480924561,0.0,0.0020717062285957955,[0.00207171]
1997-05-01,1997-06-01,lag_6,0.0091447851720687,0.0,0.0020717062285957955,[0.00207171]
1997-05-01,1997-06-01,lag_7,0.000296094050018,-0.0,0.0020717062285957955,[0.00207171]
1997-05-01,1997-06-01,lag_8,0.0062396321182145,0.0,0.0020717062285957955,[0.00207171]
1997-05-01,1997-06-01,lag_9,0.0051052352845752,0.0,0.0020717062285957955,[0.00207171]
1997-05-01,1997-06-01,lag_10,0.0001537460357097,-0.0,0.0020717062285957955,[0.00207171]
1997-05-01,1997-06-01,lag_11,0.0075933782411841,0.0,0.0020717062285957955,[0.00207171]
1997-05-01,1997-06-01,volatility_3m,0.0027736730448116144,-0.0,0.0020717062285957955,[0.00207171]
1997-06-01,1997-07-01,lag_0,0.0045854365477637,0.0006534039671741978,0.00274699760381923,[0.00216828]
1997-06-01,1997-07-01,lag_1,0.0055243609775672,0.00035303753622730074,0.00274699760381923,[0.00216828]
1997-06-01,1997-07-01,lag_2,0.0011715145153683,-0.0001311648722840215,0.00274699760381923,[0.00216828]
1997-06-01,1997-07-01,lag_3,0.0063260801601101,0.00013781538271797188,0.00274699760381923,[0.00216828]
1997-06-01,1997-07-01,lag_4,0.0118678167995964,-0.0004314440432227165,0.00274699760381923,[0.00216828]
1997-06-01,1997-07-01,lag_5,0.0015838703738682,-0.0,0.00274699760381923,[0.00216828]
1997-06-01,1997-07-01,lag_6,0.0063866480924561,0.0,0.00274699760381923,[0.00216828]
1997-06-01,1997-07-01,lag_7,0.0091447851720687,9.016993036521018e-05,0.00274699760381923,[0.00216828]
1997-06-01,1997-07-01,lag_8,0.000296094050018,-0.0001840691557975364,0.00274699760381923,[0.00216828]
1997-06-01,1997-07-01,lag_9,0.0062396321182145,0.0,0.00274699760381923,[0.00216828]
1997-06-01,1997-07-01,lag_10,0.0051052352845752,0.0,0.00274699760381923,[0.00216828]
1997-06-01,1997-07-01,lag_11,0.0001537460357097,9.097069672968598e-05,0.00274699760381923,[0.00216828]
1997-06-01,1997-07-01,volatility_3m,0.002290695493062971,-0.0,0.00274699760381923,[0.00216828]
1997-07-01,1997-08-01,lag_0,0.0085059426597107,0.0017714850216675852,0.004915582117741879,[0.0022609]
1997-07-01,1997-08-01,lag_1,0.0045854365477637,0.00022550024334109625,0.004915582117741879,[0.0022609]
1997-07-01,1997-08-01,lag_2,0.0055243609775672,0.0002898557618448968,0.004915582117741879,[0.0022609]
1997-07-01,1997-08-01,lag_3,0.0011715145153683,-3.742964664696698e-05,0.004915582117741879,[0.0022609]
1997-07-01,1997-08-01,lag_4,0.0063260801601101,-0.0001477267707599979,0.004915582117741879,[0.0022609]
1997-07-01,1997-08-01,lag_5,0.0118678167995964,0.0,0.004915582117741879,[0.0022609]
1997-07-01,1997-08-01,lag_6,0.0015838703738682,-0.0,0.004915582117741879,[0.0022609]
1997-07-01,1997-08-01,lag_7,0.0063866480924561,5.440957662685339e-05,0.004915582117741879,[0.0022609]
1997-07-01,1997-08-01,lag_8,0.0091447851720687,0.00063477819291103,0.004915582117741879,[0.0022609]
1997-07-01,1997-08-01,lag_9,0.000296094050018,-0.0,0.004915582117741879,[0.0022609]
1997-07-01,1997-08-01,lag_10,0.0062396321182145,0.0,0.004915582117741879,[0.0022609]
1997-07-01,1997-08-01,lag_11,0.0051052352845752,-0.00013619415609053895,0.004915582117741879,[0.0022609]
1997-07-01,1997-08-01,volatility_3m,0.002047021274355711,-0.0,0.004915582117741879,[0.0022609]
1997-08-01,1997-09-01,lag_0,0.0099549460935852,0.002222830523022996,0.00568968156762268,[0.00228248]
1997-08-01,1997-09-01,lag_1,0.0085059426597107,0.000668132064103783,0.00568968156762268,[0.00228248]
1997-08-01,1997-09-01,lag_2,0.0045854365477637,0.00019114278355354086,0.00568968156762268,[0.00228248]
1997-08-01,1997-09-01,lag_3,0.0055243609775672,8.518739419239106e-05,0.00568968156762268,[0.00228248]
1997-08-01,1997-09-01,lag_4,0.0011715145153683,5.761536872365596e-05,0.00568968156762268,[0.00228248]
1997-08-01,1997-09-01,lag_5,0.0063260801601101,0.0,0.00568968156762268,[0.00228248]
1997-08-01,1997-09-01,lag_6,0.0118678167995964,0.0,0.00568968156762268,[0.00228248]
1997-08-01,1997-09-01,lag_7,0.0015838703738682,-8.587284727562656e-06,0.00568968156762268,[0.00228248]
1997-08-01,1997-09-01,lag_8,0.0063866480924561,0.0003806549380395511,0.00568968156762268,[0.00228248]
1997-08-01,1997-09-01,lag_9,0.0091447851720687,0.0,0.00568968156762268,[0.00228248]
1997-08-01,1997-09-01,lag_10,0.000296094050018,-0.0,0.00568968156762268,[0.00228248]
1997-08-01,1997-09-01,lag_11,0.0062396321182145,-0.00018977199263901082,0.00568968156762268,[0.00228248]
1997-08-01,1997-09-01,volatility_3m,0.0027779372409476207,-0.0,0.00568968156762268,[0.00228248]
1997-09-01,1997-10-01,lag_0,0.0091175754565737,0.0019402801999724418,0.00575959423399265,[0.00239907]
1997-09-01,1997-10-01,lag_1,0.0099549460935852,0.0008115722892820206,0.00575959423399265,[0.00239907]
1997-09-01,1997-10-01,lag_2,0.0085059426597107,0.0005499161249180518,0.00575959423399265,[0.00239907]
1997-09-01,1997-10-01,lag_3,0.0045854365477637,6.17506229215164e-05,0.00575959423399265,[0.00239907]
1997-09-01,1997-10-01,lag_4,0.0055243609775672,-0.00014481826469576515,0.00575959423399265,[0.00239907]
1997-09-01,1997-10-01,lag_5,0.0011715145153683,-0.0,0.00575959423399265,[0.00239907]
1997-09-01,1997-10-01,lag_6,0.0063260801601101,0.0,0.00575959423399265,[0.00239907]
1997-09-01,1997-10-01,lag_7,0.0118678167995964,0.0001238872615859842,0.00575959423399265,[0.00239907]
1997-09-01,1997-10-01,lag_8,0.0015838703738682,-6.835499007491108e-05,0.00575959423399265,[0.00239907]
1997-09-01,1997-10-01,lag_9,0.0063866480924561,0.0,0.00575959423399265,[0.00239907]
1997-09-01,1997-10-01,lag_10,0.0091447851720687,0.0,0.00575959423399265,[0.00239907]
1997-09-01,1997-10-01,lag_11,0.000296094050018,8.628948546100165e-05,0.00575959423399265,[0.00239907]
1997-09-01,1997-10-01,volatility_3m,0.0007274264239206134,-0.0,0.00575959423399265,[0.00239907]
1997-10-01,1997-11-01,lag_0,0.008827849981996,0.0018024435013795329,0.006380184169219776,[0.00245441]
1997-10-01,1997-11-01,lag_1,0.0091175754565737,0.0006936179335450114,0.006380184169219776,[0.00245441]
1997-10-01,1997-11-01,lag_2,0.0099549460935852,0.0006747059613633781,0.006380184169219776,[0.00245441]
1997-10-01,1997-11-01,lag_3,0.0085059426597107,0.00018214462791073369,0.006380184169219776,[0.00245441]
1997-10-01,1997-11-01,lag_4,0.0045854365477637,-9.438426383013154e-05,0.006380184169219776,[0.00245441]
1997-10-01,1997-11-01,lag_5,0.0055243609775672,0.0,0.006380184169219776,[0.00245441]
1997-10-01,1997-11-01,lag_6,0.0011715145153683,-0.0,0.006380184169219776,[0.00245441]
1997-10-01,1997-11-01,lag_7,0.0063260801601101,6.36476071391078e-05,0.006380184169219776,[0.00245441]
1997-10-01,1997-11-01,lag_8,0.0118678167995964,0.0008876745582743133,0.006380184169219776,[0.00245441]
1997-10-01,1997-11-01,lag_9,0.0015838703738682,-0.0,0.006380184169219776,[0.00245441]
1997-10-01,1997-11-01,lag_10,0.0063866480924561,0.0,0.006380184169219776,[0.00245441]
1997-10-01,1997-11-01,lag_11,0.0091447851720687,-0.00028407578928506846,0.006380184169219776,[0.00245441]
1997-10-01,1997-11-01,volatility_3m,0.0007198935209829239,-0.0,0.006380184169219776,[0.00245441]
1997-11-01,1997-12-01,lag_0,0.0078442888950283,0.0014980517456931759,0.0053608726385050934,[0.00248051]
1997-11-01,1997-12-01,lag_1,0.008827849981996,0.0006873864265730298,0.0053608726385050934,[0.00248051]
1997-11-01,1997-12-01,lag_2,0.0091175754565737,0.0005722929857877559,0.0053608726385050934,[0.00248051]
1997-11-01,1997-12-01,lag_3,0.0099549460935852,0.00020735852309850217,0.0053608726385050934,[0.00248051]
1997-11-01,1997-12-01,lag_4,0.0085059426597107,-0.0002673858288839954,0.0053608726385050934,[0.00248051]
1997-11-01,1997-12-01,lag_5,0.0045854365477637,0.0,0.0053608726385050934,[0.00248051]
1997-11-01,1997-12-01,lag_6,0.0055243609775672,0.0,0.0053608726385050934,[0.00248051]
1997-11-01,1997-12-01,lag_7,0.0011715145153683,-2.3942615856689395e-05,0.0053608726385050934,[0.00248051]
1997-11-01,1997-12-01,lag_8,0.0063260801601101,0.00038370948939592627,0.0053608726385050934,[0.00248051]
1997-11-01,1997-12-01,lag_9,0.0118678167995964,0.0,0.0053608726385050934,[0.00248051]
1997-11-01,1997-12-01,lag_10,0.0015838703738682,-0.0,0.0053608726385050934,[0.00248051]
1997-11-01,1997-12-01,lag_11,0.0063866480924561,-0.00017710973020309832,0.0053608726385050934,[0.00248051]
1997-11-01,1997-12-01,volatility_3m,0.0006831351744694044,-0.0,0.0053608726385050934,[0.00248051]
1997-12-01,1998-01-01,lag_0,0.0042494435829167,0.0003357057901280589,0.0038060031523021853,[0.00257486]
1997-12-01,1998-01-01,lag_1,0.0078442888950283,0.0005329638205924602,0.0038060031523021853,[0.00257486]
1997-12-01,1998-01-01,lag_2,0.008827849981996,0.0005197763306663348,0.0038060031523021853,[0.00257486]
1997-12-01,1998-01-01,lag_3,0.0091175754565737,0.00018519831528046073,0.0038060031523021853,[0.00257486]
1997-12-01,1998-01-01,lag_4,0.0099549460935852,-0.00030272750829193055,0.0038060031523021853,[0.00257486]
1997-12-01,1998-01-01,lag_5,0.0085059426597107,0.0,0.0038060031523021853,[0.00257486]
1997-12-01,1998-01-01,lag_6,0.0045854365477637,0.0,0.0038060031523021853,[0.00257486]
1997-12-01,1998-01-01,lag_7,0.0055243609775672,5.7050940169809095e-05,0.0038060031523021853,[0.00257486]
1997-12-01,1998-01-01,lag_8,0.0011715145153683,-0.0001250926664528502,0.0038060031523021853,[0.00257486]
1997-12-01,1998-01-01,lag_9,0.0063260801601101,0.0,0.0038060031523021853,[0.00257486]
1997-12-01,1998-01-01,lag_10,0.0118678167995964,0.0,0.0038060031523021853,[0.00257486]
1997-12-01,1998-01-01,lag_11,0.0015838703738682,2.8264711959361328e-05,0.0038060031523021853,[0.00257486]
1997-12-01,1998-01-01,volatility_3m,0.0024101213795484147,-0.0,0.0038060031523021853,[0.00257486]
1998-01-01,1998-02-01,lag_0,0.0043737842759465,0.0003969372910530818,0.003486632786526466,[0.00254672]
1998-01-01,1998-02-01,lag_1,0.0042494435829167,0.00012963275884330113,0.003486632786526466,[0.00254672]
1998-01-01,1998-02-01,lag_2,0.0078442888950283,0.00045787224478614893,0.003486632786526466,[0.00254672]
1998-01-01,1998-02-01,lag_3,0.008827849981996,0.0002176453085857214,0.003486632786526466,[0.00254672]
1998-01-01,1998-02-01,lag_4,0.0091175754565737,-0.00024974854937022205,0.003486632786526466,[0.00254672]
1998-01-01,1998-02-01,lag_5,0.0099549460935852,0.0,0.003486632786526466,[0.00254672]
1998-01-01,1998-02-01,lag_6,0.0085059426597107,0.0,0.003486632786526466,[0.00254672]
1998-01-01,1998-02-01,lag_7,0.0045854365477637,3.97780470486876e-05,0.003486632786526466,[0.00254672]
1998-01-01,1998-02-01,lag_8,0.0055243609775672,0.00030523499583372547,0.003486632786526466,[0.00254672]
1998-01-01,1998-02-01,lag_9,0.0011715145153683,-0.0,0.003486632786526466,[0.00254672]
1998-01-01,1998-02-01,lag_10,0.0063260801601101,0.0,0.003486632786526466,[0.00254672]
1998-01-01,1998-02-01,lag_11,0.0118678167995964,-0.00035744181322833684,0.003486632786526466,[0.00254672]
1998-01-01,1998-02-01,volatility_3m,0.0020405381535688887,-0.0,0.003486632786526466,[0.00254672]
1998-02-01,1998-03-01,lag_0,0.0016174896182681,-0.00046803716702075745,0.002392905232611031,[0.00259868]
1998-02-01,1998-03-01,lag_1,0.0043737842759465,0.00014134627136860062,0.002392905232611031,[0.00259868]
1998-02-01,1998-03-01,lag_2,0.0042494435829167,0.00010499159310151641,0.002392905232611031,[0.00259868]
1998-02-01,1998-03-01,lag_3,0.0078442888950283,0.00014523061736501427,0.002392905232611031,[0.00259868]
1998-02-01,1998-03-01,lag_4,0.008827849981996,-0.0002659129637755346,0.002392905232611031,[0.00259868]
1998-02-01,1998-03-01,lag_5,0.0091175754565737,0.0,0.002392905232611031,[0.00259868]
1998-02-01,1998-03-01,lag_6,0.0099549460935852,0.0,0.002392905232611031,[0.00259868]
1998-02-01,1998-03-01,lag_7,0.0085059426597107,0.00010248984784356378,0.002392905232611031,[0.00259868]
1998-02-01,1998-03-01,lag_8,0.0045854365477637,0.00020750501614715027,0.002392905232611031,[0.00259868]
1998-02-01,1998-03-01,lag_9,0.0055243609775672,0.0,0.002392905232611031,[0.00259868]
1998-02-01,1998-03-01,lag_10,0.0011715145153683,-0.0,0.002392905232611031,[0.00259868]
1998-02-01,1998-03-01,lag_11,0.0063260801601101,-0.00017338522871006477,0.002392905232611031,[0.00259868]
1998-02-01,1998-03-01,volatility_3m,0.001556695352336647,-0.0,0.002392905232611031,[0.00259868]
1998-03-01,1998-04-01,lag_0,0.0003515910121256,-0.0008444444038668438,0.0023241952962383414,[0.0026564]
1998-03-01,1998-04-01,lag_1,0.0016174896182681,-0.0001693399856622527,0.0023241952962383414,[0.0026564]
1998-03-01,1998-04-01,lag_2,0.0043737842759465,0.00012404318469790595,0.0023241952962383414,[0.0026564]
1998-03-01,1998-04-01,lag_3,0.0042494435829167,2.8768889287339242e-05,0.0023241952962383414,[0.0026564]
1998-03-01,1998-04-01,lag_4,0.0078442888950283,-0.00019450329386003513,0.0023241952962383414,[0.0026564]
1998-03-01,1998-04-01,lag_5,0.008827849981996,0.0,0.0023241952962383414,[0.0026564]
1998-03-01,1998-04-01,lag_6,0.0091175754565737,0.0,0.0023241952962383414,[0.0026564]
1998-03-01,1998-04-01,lag_7,0.0099549460935852,0.00012403993990679128,0.0023241952962383414,[0.0026564]
1998-03-01,1998-04-01,lag_8,0.0085059426597107,0.0005499442135384582,0.0023241952962383414,[0.0026564]
1998-03-01,1998-04-01,lag_9,0.0045854365477637,0.0,0.0023241952962383414,[0.0026564]
1998-03-01,1998-04-01,lag_10,0.0055243609775672,0.0,0.0023241952962383414,[0.0026564]
1998-03-01,1998-04-01,lag_11,0.0011715145153683,4.9291442218629804e-05,0.0023241952962383414,[0.0026564]
1998-03-01,1998-04-01,volatility_3m,0.0020566031124367124,-0.0,0.0023241952962383414,[0.0026564]
1998-04-01,1998-05-01,lag_0,0.0034253831806134,8.608599628576951e-05,0.002922108513153238,[0.00257932]
1998-04-01,1998-05-01,lag_1,0.0003515910121256,-0.0003259127143147703,0.002922108513153238,[0.00257932]
1998-04-01,1998-05-01,lag_2,0.0016174896182681,-0.00015516971820627148,0.002922108513153238,[0.00257932]
1998-04-01,1998-05-01,lag_3,0.0043737842759465,4.768551175684868e-05,0.002922108513153238,[0.00257932]
1998-04-01,1998-05-01,lag_4,0.0042494435829167,-4.410182879500652e-05,0.002922108513153238,[0.00257932]
1998-04-01,1998-05-01,lag_5,0.0078442888950283,0.0,0.002922108513153238,[0.00257932]
1998-04-01,1998-05-01,lag_6,0.008827849981996,0.0,0.002922108513153238,[0.00257932]
1998-04-01,1998-05-01,lag_7,0.0091175754565737,0.00013915619647578007,0.002922108513153238,[0.00257932]
1998-04-01,1998-05-01,lag_8,0.0099549460935852,0.0007150599091964008,0.002922108513153238,[0.00257932]
1998-04-01,1998-05-01,lag_9,0.0085059426597107,0.0,0.002922108513153238,[0.00257932]
1998-04-01,1998-05-01,lag_10,0.0045854365477637,0.0,0.002922108513153238,[0.00257932]
1998-04-01,1998-05-01,lag_11,0.0055243609775672,-0.00012001089692793332,0.002922108513153238,[0.00257932]
1998-04-01,1998-05-01,volatility_3m,0.001544839619985412,-0.0,0.002922108513153238,[0.00257932]
1998-05-01,1998-06-01,lag_0,0.0065697125334116,0.0010505572028081567,0.00397179789206353,[0.00264596]
1998-05-01,1998-06-01,lag_1,0.0034253831806134,3.093694592284316e-05,0.00397179789206353,[0.00264596]
1998-05-01,1998-06-01,lag_2,0.0003515910121256,-0.00025135712250776626,0.00397179789206353,[0.00264596]
1998-05-01,1998-06-01,lag_3,0.0016174896182681,-4.079186928223361e-05,0.00397179789206353,[0.00264596]
1998-05-01,1998-06-01,lag_4,0.0043737842759465,-6.113538475815202e-05,0.00397179789206353,[0.00264596]
1998-05-01,1998-06-01,lag_5,0.0042494435829167,0.0,0.00397179789206353,[0.00264596]
1998-05-01,1998-06-01,lag_6,0.0078442888950283,0.0,0.00397179789206353,[0.00264596]
1998-05-01,1998-06-01,lag_7,0.008827849981996,4.5472731916452306e-05,0.00397179789206353,[0.00264596]
1998-05-01,1998-06-01,lag_8,0.0091175754565737,0.0006484012635287801,0.00397179789206353,[0.00264596]
1998-05-01,1998-06-01,lag_9,0.0099549460935852,0.0,0.00397179789206353,[0.00264596]
1998-05-01,1998-06-01,lag_10,0.0085059426597107,0.0,0.00397179789206353,[0.00264596]
1998-05-01,1998-06-01,lag_11,0.0045854365477637,-9.624313468667636e-05,0.00397179789206353,[0.00264596]
1998-05-01,1998-06-01,volatility_3m,0.003109127439958179,-0.0,0.00397179789206353,[0.00264596]
1998-06-01,1998-07-01,lag_0,-0.0060166552861451,-0.0027183061677552205,0.0006730637514983516,[0.0026435]
1998-06-01,1998-07-01,lag_1,0.0065697125334116,0.00036952238904236555,0.0006730637514983516,[0.0026435]
1998-06-01,1998-07-01,lag_2,0.0034253831806134,2.6215714272518613e-05,0.0006730637514983516,[0.0026435]
1998-06-01,1998-07-01,lag_3,0.0003515910121256,-8.233889672537121e-05,0.0006730637514983516,[0.0026435]
1998-06-01,1998-07-01,lag_4,0.0016174896182681,7.419214460694523e-05,0.0006730637514983516,[0.0026435]
1998-06-01,1998-07-01,lag_5,0.0043737842759465,0.0,0.0006730637514983516,[0.0026435]
1998-06-01,1998-07-01,lag_6,0.0042494435829167,0.0,0.0006730637514983516,[0.0026435]
1998-06-01,1998-07-01,lag_7,0.0078442888950283,6.872767374878197e-05,0.0006730637514983516,[0.0026435]
1998-06-01,1998-07-01,lag_8,0.008827849981996,0.0005593307888652587,0.0006730637514983516,[0.0026435]
1998-06-01,1998-07-01,lag_9,0.0091175754565737,0.0,0.0006730637514983516,[0.0026435]
1998-06-01,1998-07-01,lag_10,0.0099549460935852,0.0,0.0006730637514983516,[0.0026435]
1998-06-01,1998-07-01,lag_11,0.0085059426597107,-0.00026777592698280187,0.0006730637514983516,[0.0026435]
1998-06-01,1998-07-01,volatility_3m,0.00655051591321615,0.0,0.0006730637514983516,[0.0026435]
1998-07-01,1998-08-01,lag_0,-0.0038529866935137,-0.002041418959956485,0.00024383378393111593,[0.00263475]
1998-07-01,1998-08-01,lag_1,-0.0060166552861451,-0.0009692339220509824,0.00024383378393111593,[0.00263475]
1998-07-01,1998-08-01,lag_2,0.0065697125334116,0.0002987439617702779,0.00024383378393111593,[0.00263475]
1998-07-01,1998-08-01,lag_3,0.0034253831806134,7.141125827812162e-06,0.00024383378393111593,[0.00263475]
1998-07-01,1998-08-01,lag_4,0.0003515910121256,0.00013408502883125386,0.00024383378393111593,[0.00263475]
1998-07-01,1998-08-01,lag_5,0.0016174896182681,-0.0,0.00024383378393111593,[0.00263475]
1998-07-01,1998-08-01,lag_6,0.0043737842759465,0.0,0.00024383378393111593,[0.00263475]
1998-07-01,1998-08-01,lag_7,0.0042494435829167,1.7425036736885564e-05,0.00024383378393111593,[0.00263475]
1998-07-01,1998-08-01,lag_8,0.0078442888950283,0.0004602039740195282,0.00024383378393111593,[0.00263475]
1998-07-01,1998-08-01,lag_9,0.008827849981996,0.0,0.00024383378393111593,[0.00263475]
1998-07-01,1998-08-01,lag_10,0.0091175754565737,0.0,0.00024383378393111593,[0.00263475]
1998-07-01,1998-08-01,lag_11,0.0099549460935852,-0.0002978670152345244,0.00024383378393111593,[0.00263475]
1998-07-01,1998-08-01,volatility_3m,0.0067296703218268335,0.0,0.00024383378393111593,[0.00263475]
1998-08-01,1998-09-01,lag_0,0.019909309205480705,0.005014566752350049,0.0061389387854622526,[0.00269419]
1998-08-01,1998-09-01,lag_1,-0.0038529866935137,-0.0006651441406416991,0.0061389387854622526,[0.00269419]
1998-08-01,1998-09-01,lag_2,-0.0060166552861451,-0.0008676157966608264,0.0061389387854622526,[0.00269419]
1998-08-01,1998-09-01,lag_3,0.0065697125334116,0.00011985277286412295,0.0061389387854622526,[0.00269419]
1998-08-01,1998-09-01,lag_4,0.0034253831806134,-1.3297683815241564e-05,0.0061389387854622526,[0.00269419]
1998-08-01,1998-09-01,lag_5,0.0003515910121256,-0.0,0.0061389387854622526,[0.00269419]
1998-08-01,1998-09-01,lag_6,0.0016174896182681,-0.0,0.0061389387854622526,[0.00269419]
1998-08-01,1998-09-01,lag_7,0.0043737842759465,1.86913366396771e-05,0.0061389387854622526,[0.00269419]
1998-08-01,1998-09-01,lag_8,0.0042494435829167,0.00010606378979759248,0.0061389387854622526,[0.00269419]
1998-08-01,1998-09-01,lag_9,0.0078442888950283,0.0,0.0061389387854622526,[0.00269419]
1998-08-01,1998-09-01,lag_10,0.008827849981996,0.0,0.0061389387854622526,[0.00269419]
1998-08-01,1998-09-01,lag_11,0.0091175754565737,-0.000268368022059789,0.0061389387854622526,[0.00269419]
1998-08-01,1998-09-01,volatility_3m,0.014719933089133934,0.0,0.0061389387854622526,[0.00269419]
1998-09-01,1998-10-01,lag_0,-0.0005323279149607,-0.0010906611247265847,0.0018734709465464431,[0.00264453]
1998-09-01,1998-10-01,lag_1,0.019906202731419263,0.001647638372407516,0.0018734709465464431,[0.00264453]
1998-09-01,1998-10-01,lag_2,-0.0038529866935137,-0.0007407306684344575,0.0018734709465464431,[0.00264453]
1998-09-01,1998-10-01,lag_3,-0.0060166552861451,-0.0002792213868779413,0.0018734709465464431,[0.00264453]
1998-09-01,1998-10-01,lag_4,0.0065697125334116,-0.00017084939842608657,0.0018734709465464431,[0.00264453]
1998-09-01,1998-10-01,lag_5,0.0034253831806134,0.0,0.0018734709465464431,[0.00264453]
1998-09-01,1998-10-01,lag_6,0.0003515910121256,-0.0,0.0018734709465464431,[0.00264453]
1998-09-01,1998-10-01,lag_7,0.0016174896182681,-1.7318042390652053e-05,0.0018734709465464431,[0.00264453]
1998-09-01,1998-10-01,lag_8,0.0043737842759465,0.00012473557610603818,0.0018734709465464431,[0.00264453]
1998-09-01,1998-10-01,lag_9,0.0042494435829167,0.0,0.0018734709465464431,[0.00264453]
1998-09-01,1998-10-01,lag_10,0.0078442888950283,0.0,0.0018734709465464431,[0.00264453]
1998-09-01,1998-10-01,lag_11,0.008827849981996,-0.00024464814283813393,0.0018734709465464431,[0.00264453]
1998-09-01,1998-10-01,volatility_3m,0.013201758331689779,0.0,0.0018734709465464431,[0.00264453]
1998-10-01,1998-11-01,lag_0,0.0068129990948513,0.0010533545942269414,0.004920833777726348,[0.00265772]
1998-10-01,1998-11-01,lag_1,-0.0005323279149607,-0.00039985689665560483,0.004920833777726348,[0.00265772]
1998-10-01,1998-11-01,lag_2,0.01990309625735782,0.0017442277682739413,0.004920833777726348,[0.00265772]
1998-10-01,1998-11-01,lag_3,-0.0038529866935137,-0.0001840853100580774,0.004920833777726348,[0.00265772]
1998-10-01,1998-11-01,lag_4,-0.0060166552861451,0.0003987553060816079,0.004920833777726348,[0.00265772]
1998-10-01,1998-11-01,lag_5,0.0065697125334116,0.0,0.004920833777726348,[0.00265772]
1998-10-01,1998-11-01,lag_6,0.0034253831806134,0.0,0.004920833777726348,[0.00265772]
1998-10-01,1998-11-01,lag_7,0.0003515910121256,-4.120232741747721e-05,0.004920833777726348,[0.00265772]
1998-10-01,1998-11-01,lag_8,0.0016174896182681,-0.0001478042320519365,0.004920833777726348,[0.00265772]
1998-10-01,1998-11-01,lag_9,0.0043737842759465,0.0,0.004920833777726348,[0.00265772]
1998-10-01,1998-11-01,lag_10,0.0042494435829167,0.0,0.004920833777726348,[0.00265772]
1998-10-01,1998-11-01,lag_11,0.0078442888950283,-0.00016027747210777728,0.004920833777726348,[0.00265772]
1998-10-01,1998-11-01,volatility_3m,0.01066992964460753,0.0,0.004920833777726348,[0.00265772]
1998-11-01,1998-12-01,lag_0,-0.0007584271645324,-0.0011372317469081855,0.002017843521401405,[0.00267458]
1998-11-01,1998-12-01,lag_1,0.0068129990948513,0.0003951476574220517,0.002017843521401405,[0.00267458]
1998-11-01,1998-12-01,lag_2,-0.0005323279149607,-0.000353137038742387,0.002017843521401405,[0.00267458]
1998-11-01,1998-12-01,lag_3,0.01989998978329638,0.00046196296473306764,0.002017843521401405,[0.00267458]
1998-11-01,1998-12-01,lag_4,-0.0038529866935137,0.00031244161177252803,0.002017843521401405,[0.00267458]
1998-11-01,1998-12-01,lag_5,-0.0060166552861451,-0.0,0.002017843521401405,[0.00267458]
1998-11-01,1998-12-01,lag_6,0.0065697125334116,0.0,0.002017843521401405,[0.00267458]
1998-11-01,1998-12-01,lag_7,0.0034253831806134,3.908396219376706e-06,0.002017843521401405,[0.00267458]
1998-11-01,1998-12-01,lag_8,0.0003515910121256,-0.0002950032848136696,0.002017843521401405,[0.00267458]
1998-11-01,1998-12-01,lag_9,0.0016174896182681,-0.0,0.002017843521401405,[0.00267458]
1998-11-01,1998-12-01,lag_10,0.0043737842759465,0.0,0.002017843521401405,[0.00267458]
1998-11-01,1998-12-01,lag_11,0.0042494435829167,-4.482186334658178e-05,0.002017843521401405,[0.00267458]
1998-11-01,1998-12-01,volatility_3m,0.004307579470209374,0.0,0.002017843521401405,[0.00267458]
1998-12-01,1999-01-01,lag_0,0.0045201495934508,0.0003675728755499979,0.002078983323593725,[0.00266407]
1998-12-01,1999-01-01,lag_1,-0.0007584271645324,-0.00044311929940051416,0.002078983323593725,[0.00266407]
1998-12-01,1999-01-01,lag_2,0.0068129990948513,0.00032978996876611245,0.002078983323593725,[0.00266407]
1998-12-01,1999-01-01,lag_3,-0.0005323279149607,-0.00012935698475230326,0.002078983323593725,[0.00266407]
1998-12-01,1999-01-01,lag_4,0.019896883309234937,-0.0007492805127472412,0.002078983323593725,[0.00266407]
1998-12-01,1999-01-01,lag_5,-0.0038529866935137,-0.0,0.002078983323593725,[0.00266407]
1998-12-01,1999-01-01,lag_6,-0.0060166552861451,-0.0,0.002078983323593725,[0.00266407]
1998-12-01,1999-01-01,lag_7,0.0065697125334116,6.130225471976622e-05,0.002078983323593725,[0.00266407]
1998-12-01,1999-01-01,lag_8,0.0034253831806134,2.7766190367690315e-05,0.002078983323593725,[0.00266407]
1998-12-01,1999-01-01,lag_9,0.0003515910121256,-0.0,0.002078983323593725,[0.00266407]
1998-12-01,1999-01-01,lag_10,0.0016174896182681,-0.0,0.002078983323593725,[0.00266407]
1998-12-01,1999-01-01,lag_11,0.0043737842759465,-4.976092537178258e-05,0.002078983323593725,[0.00266407]
1998-12-01,1999-01-01,volatility_3m,0.0038825899222743486,-0.0,0.002078983323593725,[0.00266407]
1999-01-01,1999-02-01,lag_0,0.0043112451049784,0.0003054583917222793,0.0033542232379553346,[0.00270544]
1999-01-01,1999-02-01,lag_1,0.0045201495934508,0.00013710918538441445,0.0033542232379553346,[0.00270544]
1999-01-01,1999-02-01,lag_2,-0.0007584271645324,-0.0003726806265160106,0.0033542232379553346,[0.00270544]
1999-01-01,1999-02-01,lag_3,0.0068129990948513,0.00013264843520381962,0.0033542232379553346,[0.00270544]
1999-01-01,1999-02-01,lag_4,-0.0005323279149607,0.00015778214534065195,0.0033542232379553346,[0.00270544]
1999-01-01,1999-02-01,lag_5,0.019893776835173495,0.0,0.0033542232379553346,[0.00270544]
1999-01-01,1999-02-01,lag_6,-0.0038529866935137,-0.0,0.0033542232379553346,[0.00270544]
1999-01-01,1999-02-01,lag_7,-0.0060166552861451,-0.00010739733767370734,0.0033542232379553346,[0.00270544]
1999-01-01,1999-02-01,lag_8,0.0065697125334116,0.00033137887159552683,0.0033542232379553346,[0.00270544]
1999-01-01,1999-02-01,lag_9,0.0034253831806134,0.0,0.0033542232379553346,[0.00270544]
1999-01-01,1999-02-01,lag_10,0.0003515910121256,-0.0,0.0033542232379553346,[0.00270544]
1999-01-01,1999-02-01,lag_11,0.0016174896182681,6.448438459932708e-05,0.0033542232379553346,[0.00270544]
1999-01-01,1999-02-01,volatility_3m,0.0029891077429970952,-0.0,0.0033542232379553346,[0.00270544]
1999-02-01,1999-03-01,lag_0,0.0060630796503478,0.0007908367616714455,0.0025995644691045833,[0.00273043]
1999-02-01,1999-03-01,lag_1,0.0043112451049784,0.00011749388551445539,0.0025995644691045833,[0.00273043]
1999-02-01,1999-03-01,lag_2,0.0045201495934508,0.00012411889692606726,0.0025995644691045833,[0.00273043]
1999-02-01,1999-03-01,lag_3,-0.0007584271645324,-0.00013811384277544157,0.0025995644691045833,[0.00273043]
1999-02-01,1999-03-01,lag_4,0.0068129990948513,-0.00014661785713225754,0.0025995644691045833,[0.00273043]
1999-02-01,1999-03-01,lag_5,-0.0005323279149607,-0.0,0.0025995644691045833,[0.00273043]
1999-02-01,1999-03-01,lag_6,0.019890670361112053,0.0,0.0025995644691045833,[0.00273043]
1999-02-01,1999-03-01,lag_7,-0.0038529866935137,-6.186698894104314e-05,0.0025995644691045833,[0.00273043]
1999-02-01,1999-03-01,lag_8,-0.0060166552861451,-0.000920032684122486,0.0025995644691045833,[0.00273043]
1999-02-01,1999-03-01,lag_9,0.0065697125334116,0.0,0.0025995644691045833,[0.00273043]
1999-02-01,1999-03-01,lag_10,0.0034253831806134,0.0,0.0025995644691045833,[0.00273043]
1999-02-01,1999-03-01,lag_11,0.0003515910121256,0.00010331585072404531,0.0025995644691045833,[0.00273043]
1999-02-01,1999-03-01,volatility_3m,0.0009568349317872357,-0.0,0.0025995644691045833,[0.00273043]
1999-03-01,1999-04-01,lag_0,0.0022660526894453,-0.00032833232136095827,0.0024252939286483616,[0.00273608]
1999-03-01,1999-04-01,lag_1,0.0060630796503478,0.00030807913582544654,0.0024252939286483616,[0.00273608]
1999-03-01,1999-04-01,lag_2,0.0043112451049784,0.00010590672009225527,0.0024252939286483616,[0.00273608]
1999-03-01,1999-04-01,lag_3,0.0045201495934508,4.629153153332823e-05,0.0024252939286483616,[0.00273608]
1999-03-01,1999-04-01,lag_4,-0.0007584271645324,0.00015050580584615895,0.0024252939286483616,[0.00273608]
1999-03-01,1999-04-01,lag_5,0.0068129990948513,0.0,0.0024252939286483616,[0.00273608]
1999-03-01,1999-04-01,lag_6,-0.0005323279149607,-0.0,0.0024252939286483616,[0.00273608]
1999-03-01,1999-04-01,lag_7,0.019887563887050593,0.0001032673245486468,0.0024252939286483616,[0.00273608]
1999-03-01,1999-04-01,lag_8,-0.0038529866935137,-0.000684259134447139,0.0024252939286483616,[0.00273608]
1999-03-01,1999-04-01,lag_9,-0.0060166552861451,-0.0,0.0024252939286483616,[0.00273608]
1999-03-01,1999-04-01,lag_10,0.0065697125334116,0.0,0.0024252939286483616,[0.00273608]
1999-03-01,1999-04-01,lag_11,0.0034253831806134,-1.2241212315695407e-05,0.0024252939286483616,[0.00273608]
1999-03-01,1999-04-01,volatility_3m,0.0019004012748506651,-0.0,0.0024252939286483616,[0.00273608]
1999-04-01,1999-05-01,lag_0,0.0022959860915063,-0.0003680798965463537,0.004051967433158306,[0.00277539]
1999-04-01,1999-05-01,lag_1,0.0022660526894453,-0.00013153237776187022,0.004051967433158306,[0.00277539]
1999-04-01,1999-05-01,lag_2,0.0060630796503478,0.00026913156554514835,0.004051967433158306,[0.00277539]
1999-04-01,1999-05-01,lag_3,0.0043112451049784,4.218562446113504e-05,0.004051967433158306,[0.00277539]
1999-04-01,1999-05-01,lag_4,0.0045201495934508,-4.165812976149178e-05,0.004051967433158306,[0.00277539]
1999-04-01,1999-05-01,lag_5,-0.0007584271645324,-0.0,0.004051967433158306,[0.00277539]
1999-04-01,1999-05-01,lag_6,0.0068129990948513,0.0,0.004051967433158306,[0.00277539]
1999-04-01,1999-05-01,lag_7,-0.0005323279149607,-5.1683682174454145e-05,0.004051967433158306,[0.00277539]
1999-04-01,1999-05-01,lag_8,0.01988445741298915,0.0016946425304959361,0.004051967433158306,[0.00277539]
1999-04-01,1999-05-01,lag_9,-0.0038529866935137,-0.0,0.004051967433158306,[0.00277539]
1999-04-01,1999-05-01,lag_10,-0.0060166552861451,-0.0,0.004051967433158306,[0.00277539]
1999-04-01,1999-05-01,lag_11,0.0065697125334116,-0.00013643100370674377,0.004051967433158306,[0.00277539]
1999-04-01,1999-05-01,volatility_3m,0.0021836248010836073,-0.0,0.004051967433158306,[0.00277539]
1999-05-01,1999-06-01,lag_0,0.0063026472583853,0.0007500647968469547,0.0035075226597886724,[0.00292362]
1999-05-01,1999-06-01,lag_1,0.0022959860915063,-0.00013691589690031634,0.0035075226597886724,[0.00292362]
1999-05-01,1999-06-01,lag_2,0.0022660526894453,-0.00010619858171390928,0.0035075226597886724,[0.00292362]
1999-05-01,1999-06-01,lag_3,0.0060630796503478,0.00010078869977830273,0.0035075226597886724,[0.00292362]
1999-05-01,1999-06-01,lag_4,0.0043112451049784,-4.10641040269257e-05,0.0035075226597886724,[0.00292362]
1999-05-01,1999-06-01,lag_5,0.0045201495934508,0.0,0.0035075226597886724,[0.00292362]
1999-05-01,1999-06-01,lag_6,-0.0007584271645324,-0.0,0.0035075226597886724,[0.00292362]
1999-05-01,1999-06-01,lag_7,0.0068129990948513,2.686001312997002e-05,0.0035075226597886724,[0.00292362]
1999-05-01,1999-06-01,lag_8,-0.0005323279149607,-0.000385795869394992,0.0035075226597886724,[0.00292362]
1999-05-01,1999-06-01,lag_9,0.01988135093892771,0.0,0.0035075226597886724,[0.00292362]
1999-05-01,1999-06-01,lag_10,-0.0038529866935137,-0.0,0.0035075226597886724,[0.00292362]
1999-05-01,1999-06-01,lag_11,-0.0060166552861451,0.00037616096693053716,0.0035075226597886724,[0.00292362]
1999-05-01,1999-06-01,volatility_3m,0.002321936168686636,-0.0,0.0035075226597886724,[0.00292362]
1999-06-01,1999-07-01,lag_0,-0.0007846779120086,-0.001279103468162829,0.002263698249680332,[0.0029587]
1999-06-01,1999-07-01,lag_1,0.0063026472583853,0.0002786044800957227,0.002263698249680332,[0.0029587]
1999-06-01,1999-07-01,lag_2,0.0022959860915063,-0.00011137547546696956,0.002263698249680332,[0.0029587]
1999-06-01,1999-07-01,lag_3,0.0022660526894453,-3.385634402304226e-05,0.002263698249680332,[0.0029587]
1999-06-01,1999-07-01,lag_4,0.0060630796503478,-0.00010506187981805533,0.002263698249680332,[0.0029587]
1999-06-01,1999-07-01,lag_5,0.0043112451049784,0.0,0.002263698249680332,[0.0029587]
1999-06-01,1999-07-01,lag_6,0.0045201495934508,0.0,0.002263698249680332,[0.0029587]
1999-06-01,1999-07-01,lag_7,-0.0007584271645324,-3.600982027360106e-05,0.002263698249680332,[0.0029587]
1999-06-01,1999-07-01,lag_8,0.0068129990948513,0.0003660868666970012,0.002263698249680332,[0.0029587]
1999-06-01,1999-07-01,lag_9,-0.0005323279149607,-0.0,0.002263698249680332,[0.0029587]
1999-06-01,1999-07-01,lag_10,0.019878244464866267,0.0,0.002263698249680332,[0.0029587]
1999-06-01,1999-07-01,lag_11,-0.0038529866935137,0.0002257123734665969,0.002263698249680332,[0.0029587]
1999-06-01,1999-07-01,volatility_3m,0.0035537304924925387,-0.0,0.002263698249680332,[0.0029587]
1999-07-01,1999-08-01,lag_0,0.005769502318011,0.0005502502447119162,0.0022651447692956833,[0.00303251]
1999-07-01,1999-08-01,lag_1,-0.0007846779120086,-0.0005020896074054882,0.0022651447692956833,[0.00303251]
1999-07-01,1999-08-01,lag_2,0.0063026472583853,0.00023803933754449884,0.0022651447692956833,[0.00303251]
1999-07-01,1999-08-01,lag_3,0.0022959860915063,-4.1010288397762596e-05,0.0022651447692956833,[0.00303251]
1999-07-01,1999-08-01,lag_4,0.0022660526894453,4.4341917150077877e-05,0.0022651447692956833,[0.00303251]
1999-07-01,1999-08-01,lag_5,0.0060630796503478,0.0,0.0022651447692956833,[0.00303251]
1999-07-01,1999-08-01,lag_6,0.0043112451049784,0.0,0.0022651447692956833,[0.00303251]
1999-07-01,1999-08-01,lag_7,0.0045201495934508,1.546049074730061e-05,0.0022651447692956833,[0.00303251]
1999-07-01,1999-08-01,lag_8,-0.0007584271645324,-0.0004205314239669127,0.0022651447692956833,[0.00303251]
1999-07-01,1999-08-01,lag_9,0.0068129990948513,0.0,0.0022651447692956833,[0.00303251]
1999-07-01,1999-08-01,lag_10,-0.0005323279149607,-0.0,0.0022651447692956833,[0.00303251]
1999-07-01,1999-08-01,lag_11,0.019875137990804825,-0.0006518232820662538,0.0022651447692956833,[0.00303251]
1999-07-01,1999-08-01,volatility_3m,0.00394697563724272,-0.0,0.0022651447692956833,[0.00303251]
1999-08-01,1999-09-01,lag_0,0.0040072431636248,2.132516175952366e-05,0.0033223443403166144,[0.00308426]
1999-08-01,1999-09-01,lag_1,0.005769502318011,0.0002149453995084986,0.0033223443403166144,[0.00308426]
1999-08-01,1999-09-01,lag_2,-0.0007846779120086,-0.00041236753487451964,0.0033223443403166144,[0.00308426]
1999-08-01,1999-09-01,lag_3,0.0063026472583853,8.61556208556233e-05,0.0033223443403166144,[0.00308426]
1999-08-01,1999-09-01,lag_4,0.0022959860915063,5.600040939581276e-05,0.0033223443403166144,[0.00308426]
1999-08-01,1999-09-01,lag_5,0.0022660526894453,-0.0,0.0033223443403166144,[0.00308426]
1999-08-01,1999-09-01,lag_6,0.0060630796503478,0.0,0.0033223443403166144,[0.00308426]
1999-08-01,1999-09-01,lag_7,0.0043112451049784,6.032511209217686e-06,0.0033223443403166144,[0.00308426]
1999-08-01,1999-09-01,lag_8,0.0045201495934508,0.00012631640294470767,0.0033223443403166144,[0.00308426]
1999-08-01,1999-09-01,lag_9,-0.0007584271645324,-0.0,0.0033223443403166144,[0.00308426]
1999-08-01,1999-09-01,lag_10,0.0068129990948513,0.0,0.0033223443403166144,[0.00308426]
1999-08-01,1999-09-01,lag_11,-0.0005323279149607,0.000139677301645727,0.0033223443403166144,[0.00308426]
1999-08-01,1999-09-01,volatility_3m,0.003391787714708801,-0.0,0.0033223443403166144,[0.00308426]
1999-09-01,1999-10-01,lag_0,-0.0040452610454524,-0.0022617409894041918,0.0007211596291747981,[0.00305316]
1999-09-01,1999-10-01,lag_1,0.0040072431636248,8.061372368755494e-06,0.0007211596291747981,[0.00305316]
1999-09-01,1999-10-01,lag_2,0.005769502318011,0.000181864231126011,0.0007211596291747981,[0.00305316]
1999-09-01,1999-10-01,lag_3,-0.0007846779120086,-0.00013114209270281754,0.0007211596291747981,[0.00305316]
1999-09-01,1999-10-01,lag_4,0.0063026472583853,-0.00010836804005561383,0.0007211596291747981,[0.00305316]
1999-09-01,1999-10-01,lag_5,0.0022959860915063,-0.0,0.0007211596291747981,[0.00305316]
1999-09-01,1999-10-01,lag_6,0.0022660526894453,-0.0,0.0007211596291747981,[0.00305316]
1999-09-01,1999-10-01,lag_7,0.0060630796503478,1.3612573036884456e-05,0.0007211596291747981,[0.00305316]
1999-09-01,1999-10-01,lag_8,0.0043112451049784,0.00010763529425653308,0.0007211596291747981,[0.00305316]
1999-09-01,1999-10-01,lag_9,0.0045201495934508,0.0,0.0007211596291747981,[0.00305316]
1999-09-01,1999-10-01,lag_10,-0.0007584271645324,-0.0,0.0007211596291747981,[0.00305316]
1999-09-01,1999-10-01,lag_11,0.0068129990948513,-0.00014192698408302932,0.0007211596291747981,[0.00305316]
1999-09-01,1999-10-01,volatility_3m,0.005232557711820727,0.0,0.0007211596291747981,[0.00305316]
1999-10-01,1999-11-01,lag_0,0.0121488838987993,0.0023727181940279697,0.005285027478609483,[0.00310127]
1999-10-01,1999-11-01,lag_1,-0.0040452610454524,-0.000821330530064863,0.005285027478609483,[0.00310127]
1999-10-01,1999-11-01,lag_2,0.0040072431636248,7.103505571668302e-06,0.005285027478609483,[0.00310127]
1999-10-01,1999-11-01,lag_3,0.005769502318011,5.090995280817823e-05,0.005285027478609483,[0.00310127]
1999-10-01,1999-11-01,lag_4,-0.0007846779120086,0.000185398461210223,0.005285027478609483,[0.00310127]
1999-10-01,1999-11-01,lag_5,0.0063026472583853,0.0,0.005285027478609483,[0.00310127]
1999-10-01,1999-11-01,lag_6,0.0022959860915063,-0.0,0.005285027478609483,[0.00310127]
1999-10-01,1999-11-01,lag_7,0.0022660526894453,-6.556542526120667e-06,0.005285027478609483,[0.00310127]
1999-10-01,1999-11-01,lag_8,0.0060630796503478,0.0002698467086725667,0.005285027478609483,[0.00310127]
1999-10-01,1999-11-01,lag_9,0.0043112451049784,0.0,0.005285027478609483,[0.00310127]
1999-10-01,1999-11-01,lag_10,0.0045201495934508,0.0,0.005285027478609483,[0.00310127]
1999-10-01,1999-11-01,lag_11,-0.0007584271645324,0.0001256711236519378,0.005285027478609483,[0.00310127]
1999-10-01,1999-11-01,volatility_3m,0.008097113357788809,0.0,0.005285027478609483,[0.00310127]
1999-11-01,1999-12-01,lag_0,0.0048356761014245,0.00027437203070289004,0.003217982107151496,[0.00306593]
1999-11-01,1999-12-01,lag_1,0.0121488838987993,0.0009274216072094256,0.003217982107151496,[0.00306593]
1999-11-01,1999-12-01,lag_2,-0.0040452610454524,-0.0008087049618224725,0.003217982107151496,[0.00306593]
1999-11-01,1999-12-01,lag_3,0.0040072431636248,2.4852478303625763e-06,0.003217982107151496,[0.00306593]
1999-11-01,1999-12-01,lag_4,0.005769502318011,-6.562207289039399e-05,0.003217982107151496,[0.00306593]
1999-11-01,1999-12-01,lag_5,-0.0007846779120086,-0.0,0.003217982107151496,[0.00306593]
1999-11-01,1999-12-01,lag_6,0.0063026472583853,0.0,0.003217982107151496,[0.00306593]
1999-11-01,1999-12-01,lag_7,0.0022959860915063,-1.579532359723139e-05,0.003217982107151496,[0.00306593]
1999-11-01,1999-12-01,lag_8,0.0022660526894453,-0.00012016687291911011,0.003217982107151496,[0.00306593]
1999-11-01,1999-12-01,lag_9,0.0060630796503478,0.0,0.003217982107151496,[0.00306593]
1999-11-01,1999-12-01,lag_10,0.0043112451049784,0.0,0.003217982107151496,[0.00306593]
1999-11-01,1999-12-01,lag_11,0.0045201495934508,-4.1933306940496186e-05,0.003217982107151496,[0.00306593]
1999-11-01,1999-12-01,volatility_3m,0.008109710058214108,0.0,0.003217982107151496,[0.00306593]
1999-12-01,2000-01-01,lag_0,0.0076835338351468,0.0011050779232672904,0.0047359033332696355,[0.00310288]
1999-12-01,2000-01-01,lag_1,0.0048356761014245,0.00011628169876249298,0.0047359033332696355,[0.00310288]
1999-12-01,2000-01-01,lag_2,0.0121488838987993,0.000812151386866557,0.0047359033332696355,[0.00310288]
1999-12-01,2000-01-01,lag_3,-0.0040452610454524,-0.00026445030438917007,0.0047359033332696355,[0.00310288]
1999-12-01,2000-01-01,lag_4,0.0040072431636248,-2.8571049908679778e-06,0.0047359033332696355,[0.00310288]
1999-12-01,2000-01-01,lag_5,0.005769502318011,0.0,0.0047359033332696355,[0.00310288]
1999-12-01,2000-01-01,lag_6,-0.0007846779120086,-0.0,0.0047359033332696355,[0.00310288]
1999-12-01,2000-01-01,lag_7,0.0063026472583853,2.9892567384034783e-05,0.0047359033332696355,[0.00310288]
1999-12-01,2000-01-01,lag_8,0.0022959860915063,-0.0001335381732533789,0.0047359033332696355,[0.00310288]
1999-12-01,2000-01-01,lag_9,0.0022660526894453,-0.0,0.0047359033332696355,[0.00310288]
1999-12-01,2000-01-01,lag_10,0.0060630796503478,0.0,0.0047359033332696355,[0.00310288]
1999-12-01,2000-01-01,lag_11,0.0043112451049784,-2.9529700388782772e-05,0.0047359033332696355,[0.00310288]
1999-12-01,2000-01-01,volatility_3m,0.003686295637223247,-0.0,0.0047359033332696355,[0.00310288]
2000-01-01,2000-02-01,lag_0,-0.001368985385314,-0.001491880413706963,0.0028455768708490928,[0.00309887]
2000-01-01,2000-02-01,lag_1,0.0076835338351468,0.0004149139570022999,0.0028455768708490928,[0.00309887]
2000-01-01,2000-02-01,lag_2,0.0048356761014245,9.21937496696895e-05,0.0028455768708490928,[0.00309887]
2000-01-01,2000-02-01,lag_3,0.0121488838987993,0.0003099515777058132,0.0028455768708490928,[0.00309887]
2000-01-01,2000-02-01,lag_4,-0.0040452610454524,0.0002770043772398969,0.0028455768708490928,[0.00309887]
2000-01-01,2000-02-01,lag_5,0.0040072431636248,0.0,0.0028455768708490928,[0.00309887]
2000-01-01,2000-02-01,lag_6,0.005769502318011,0.0,0.0028455768708490928,[0.00309887]
2000-01-01,2000-02-01,lag_7,-0.0007846779120086,-2.759278583145039e-05,0.0028455768708490928,[0.00309887]
2000-01-01,2000-02-01,lag_8,0.0063026472583853,0.00027490036574064416,0.0028455768708490928,[0.00309887]
2000-01-01,2000-02-01,lag_9,0.0022959860915063,-0.0,0.0028455768708490928,[0.00309887]
2000-01-01,2000-02-01,lag_10,0.0022660526894453,-0.0,0.0028455768708490928,[0.00309887]
2000-01-01,2000-02-01,lag_11,0.0060630796503478,-0.00010278269858653558,0.0028455768708490928,[0.00309887]
2000-01-01,2000-02-01,volatility_3m,0.0046288267425153235,0.0,0.0028455768708490928,[0.00309887]
2000-02-01,2000-03-01,lag_0,0.0031184257109906,-0.00020779791105550742,0.0019474718741429135,[0.00307666]
2000-02-01,2000-03-01,lag_1,-0.001368985385314,-0.0005778884563191922,0.0019474718741429135,[0.00307666]
2000-02-01,2000-03-01,lag_2,0.0076835338351468,0.00035124933573843026,0.0019474718741429135,[0.00307666]
2000-02-01,2000-03-01,lag_3,0.0048356761014245,3.386668897875904e-05,0.0019474718741429135,[0.00307666]
2000-02-01,2000-03-01,lag_4,0.0121488838987993,-0.0003125620717804224,0.0019474718741429135,[0.00307666]
2000-02-01,2000-03-01,lag_5,-0.0040452610454524,-0.0,0.0019474718741429135,[0.00307666]
2000-02-01,2000-03-01,lag_6,0.0040072431636248,0.0,0.0019474718741429135,[0.00307666]
2000-02-01,2000-03-01,lag_7,0.005769502318011,1.630249623404553e-05,0.0019474718741429135,[0.00307666]
2000-02-01,2000-03-01,lag_8,-0.0007846779120086,-0.0004692007326966305,0.0019474718741429135,[0.00307666]
2000-02-01,2000-03-01,lag_9,0.0063026472583853,0.0,0.0019474718741429135,[0.00307666]
2000-02-01,2000-03-01,lag_10,0.0022959860915063,-0.0,0.0019474718741429135,[0.00307666]
2000-02-01,2000-03-01,lag_11,0.0022660526894453,3.684249586892371e-05,0.0019474718741429135,[0.00307666]
2000-02-01,2000-03-01,volatility_3m,0.004526315182155841,0.0,0.0019474718741429135,[0.00307666]
2000-03-01,2000-04-01,lag_0,0.0035494125296793,-9.461685581277526e-05,0.002746281116459091,[0.00307422]
2000-03-01,2000-04-01,lag_1,0.0031184257109906,-8.249643884400977e-05,0.002746281116459091,[0.00307422]
2000-03-01,2000-04-01,lag_2,-0.001368985385314,-0.0004730346821384534,0.002746281116459091,[0.00307422]
2000-03-01,2000-04-01,lag_3,0.0076835338351468,0.00011564330706406633,0.002746281116459091,[0.00307422]
2000-03-01,2000-04-01,lag_4,0.0048356761014245,-3.446225539700608e-05,0.002746281116459091,[0.00307422]
2000-03-01,2000-04-01,lag_5,0.0121488838987993,0.0,0.002746281116459091,[0.00307422]
2000-03-01,2000-04-01,lag_6,-0.0040452610454524,-0.0,0.002746281116459091,[0.00307422]
2000-03-01,2000-04-01,lag_7,0.0040072431636248,6.061977154966607e-07,0.002746281116459091,[0.00307422]
2000-03-01,2000-04-01,lag_8,0.005769502318011,0.00021056449977565483,0.002746281116459091,[0.00307422]
2000-03-01,2000-04-01,lag_9,-0.0007846779120086,-0.0,0.002746281116459091,[0.00307422]
2000-03-01,2000-04-01,lag_10,0.0063026472583853,0.0,0.002746281116459091,[0.00307422]
2000-03-01,2000-04-01,lag_11,0.0022959860915063,2.9852523311267402e-05,0.002746281116459091,[0.00307422]
2000-03-01,2000-04-01,volatility_3m,0.0027237610650021997,-0.0,0.002746281116459091,[0.00307422]
2000-04-01,2000-05-01,lag_0,0.0059345814110471,0.0005464800842195715,0.0031751969735672844,[0.00318354]
2000-04-01,2000-05-01,lag_1,0.0035494125296793,-3.658796499136793e-05,0.0031751969735672844,[0.00318354]
2000-04-01,2000-05-01,lag_2,0.0031184257109906,-6.120033415172996e-05,0.0031751969735672844,[0.00318354]
2000-04-01,2000-05-01,lag_3,-0.001368985385314,-0.00015313756398985825,0.0031751969735672844,[0.00318354]
2000-04-01,2000-05-01,lag_4,0.0076835338351468,-0.0001597981371745559,0.0031751969735672844,[0.00318354]
2000-04-01,2000-05-01,lag_5,0.0048356761014245,0.0,0.0031751969735672844,[0.00318354]
2000-04-01,2000-05-01,lag_6,0.0121488838987993,0.0,0.0031751969735672844,[0.00318354]
2000-04-01,2000-05-01,lag_7,-0.0040452610454524,-5.489792137971725e-05,0.0031751969735672844,[0.00318354]
2000-04-01,2000-05-01,lag_8,0.0040072431636248,7.168936319786483e-06,0.0031751969735672844,[0.00318354]
2000-04-01,2000-05-01,lag_9,0.005769502318011,0.0,0.0031751969735672844,[0.00318354]
2000-04-01,2000-05-01,lag_10,-0.0007846779120086,-0.0,0.0031751969735672844,[0.00318354]
2000-04-01,2000-05-01,lag_11,0.0063026472583853,-9.637145259393511e-05,0.0031751969735672844,[0.00318354]
2000-04-01,2000-05-01,volatility_3m,0.0015168779975929425,-0.0,0.0031751969735672844,[0.00318354]
2000-05-01,2000-06-01,lag_0,0.0027040320534066,-0.0003728063115109961,0.00254091819453726,[0.00318641]
2000-05-01,2000-06-01,lag_1,0.0059345814110471,0.00021141328912385447,0.00254091819453726,[0.00318641]
2000-05-01,2000-06-01,lag_2,0.0035494125296793,-3.0432585091093968e-05,0.00254091819453726,[0.00318641]
2000-05-01,2000-06-01,lag_3,0.0031184257109906,-2.508405497202483e-05,0.00254091819453726,[0.00318641]
2000-05-01,2000-06-01,lag_4,-0.001368985385314,0.00020192986587289777,0.00254091819453726,[0.00318641]
2000-05-01,2000-06-01,lag_5,0.0076835338351468,0.0,0.00254091819453726,[0.00318641]
2000-05-01,2000-06-01,lag_6,0.0048356761014245,0.0,0.00254091819453726,[0.00318641]
2000-05-01,2000-06-01,lag_7,0.0121488838987993,6.214726529901422e-05,0.00254091819453726,[0.00318641]
2000-05-01,2000-06-01,lag_8,-0.0040452610454524,-0.0008461930534655758,0.00254091819453726,[0.00318641]
2000-05-01,2000-06-01,lag_9,0.0040072431636248,0.0,0.00254091819453726,[0.00318641]
2000-05-01,2000-06-01,lag_10,0.005769502318011,0.0,0.00254091819453726,[0.00318641]
2000-05-01,2000-06-01,lag_11,-0.0007846779120086,0.00015353484356126848,0.00254091819453726,[0.00318641]
2000-05-01,2000-06-01,volatility_3m,0.0016753182729688425,-0.0,0.00254091819453726,[0.00318641]
2000-06-01,2000-07-01,lag_0,0.0003904567263823,-0.0,0.0023299937860646576,[0.00232999]
2000-06-01,2000-07-01,lag_1,0.0027040320534066,-0.0,0.0023299937860646576,[0.00232999]
2000-06-01,2000-07-01,lag_2,0.0059345814110471,0.0,0.0023299937860646576,[0.00232999]
2000-06-01,2000-07-01,lag_3,0.0035494125296793,-0.0,0.0023299937860646576,[0.00232999]
2000-06-01,2000-07-01,lag_4,0.0031184257109906,-0.0,0.0023299937860646576,[0.00232999]
2000-06-01,2000-07-01,lag_5,-0.001368985385314,-0.0,0.0023299937860646576,[0.00232999]
2000-06-01,2000-07-01,lag_6,0.0076835338351468,0.0,0.0023299937860646576,[0.00232999]
2000-06-01,2000-07-01,lag_7,0.0048356761014245,0.0,0.0023299937860646576,[0.00232999]
2000-06-01,2000-07-01,lag_8,0.0121488838987993,0.0,0.0023299937860646576,[0.00232999]
2000-06-01,2000-07-01,lag_9,-0.0040452610454524,-0.0,0.0023299937860646576,[0.00232999]
2000-06-01,2000-07-01,lag_10,0.0040072431636248,0.0,0.0023299937860646576,[0.00232999]
2000-06-01,2000-07-01,lag_11,0.005769502318011,0.0,0.0023299937860646576,[0.00232999]
2000-06-01,2000-07-01,volatility_3m,0.002784672286675658,-0.0,0.0023299937860646576,[0.00232999]
2000-07-01,2000-08-01,lag_0,-0.0019527324535886,-0.0,0.002320084555114944,[0.00232008]
2000-07-01,2000-08-01,lag_1,0.0003904567263823,-0.0,0.002320084555114944,[0.00232008]
2000-07-01,2000-08-01,lag_2,0.0027040320534066,-0.0,0.002320084555114944,[0.00232008]
2000-07-01,2000-08-01,lag_3,0.0059345814110471,0.0,0.002320084555114944,[0.00232008]
2000-07-01,2000-08-01,lag_4,0.0035494125296793,-0.0,0.002320084555114944,[0.00232008]
2000-07-01,2000-08-01,lag_5,0.0031184257109906,-0.0,0.002320084555114944,[0.00232008]
2000-07-01,2000-08-01,lag_6,-0.001368985385314,-0.0,0.002320084555114944,[0.00232008]
2000-07-01,2000-08-01,lag_7,0.0076835338351468,0.0,0.002320084555114944,[0.00232008]
2000-07-01,2000-08-01,lag_8,0.0048356761014245,0.0,0.002320084555114944,[0.00232008]
2000-07-01,2000-08-01,lag_9,0.0121488838987993,0.0,0.002320084555114944,[0.00232008]
2000-07-01,2000-08-01,lag_10,-0.0040452610454524,-0.0,0.002320084555114944,[0.00232008]
2000-07-01,2000-08-01,lag_11,0.0040072431636248,0.0,0.002320084555114944,[0.00232008]
2000-07-01,2000-08-01,volatility_3m,0.002328397947107215,-0.0,0.002320084555114944,[0.00232008]
2000-08-01,2000-09-01,lag_0,-0.0027266333927551,-0.0,0.002284463701237978,[0.00228446]
2000-08-01,2000-09-01,lag_1,-0.0019527324535886,-0.0,0.002284463701237978,[0.00228446]
2000-08-01,2000-09-01,lag_2,0.0003904567263823,-0.0,0.002284463701237978,[0.00228446]
2000-08-01,2000-09-01,lag_3,0.0027040320534066,-0.0,0.002284463701237978,[0.00228446]
2000-08-01,2000-09-01,lag_4,0.0059345814110471,0.0,0.002284463701237978,[0.00228446]
2000-08-01,2000-09-01,lag_5,0.0035494125296793,-0.0,0.002284463701237978,[0.00228446]
2000-08-01,2000-09-01,lag_6,0.0031184257109906,-0.0,0.002284463701237978,[0.00228446]
2000-08-01,2000-09-01,lag_7,-0.001368985385314,-0.0,0.002284463701237978,[0.00228446]
2000-08-01,2000-09-01,lag_8,0.0076835338351468,0.0,0.002284463701237978,[0.00228446]
2000-08-01,2000-09-01,lag_9,0.0048356761014245,0.0,0.002284463701237978,[0.00228446]
2000-08-01,2000-09-01,lag_10,0.0121488838987993,0.0,0.002284463701237978,[0.00228446]
2000-08-01,2000-09-01,lag_11,-0.0040452610454524,-0.0,0.002284463701237978,[0.00228446]
2000-08-01,2000-09-01,volatility_3m,0.0016230480074846574,-0.0,0.002284463701237978,[0.00228446]
2000-09-01,2000-10-01,lag_0,0.0046040830248808,0.0,0.0023215110595047723,[0.00232151]
2000-09-01,2000-10-01,lag_1,-0.0027266333927551,-0.0,0.0023215110595047723,[0.00232151]
2000-09-01,2000-10-01,lag_2,-0.0019527324535886,-0.0,0.0023215110595047723,[0.00232151]
2000-09-01,2000-10-01,lag_3,0.0003904567263823,-0.0,0.0023215110595047723,[0.00232151]
2000-09-01,2000-10-01,lag_4,0.0027040320534066,-0.0,0.0023215110595047723,[0.00232151]
2000-09-01,2000-10-01,lag_5,0.0059345814110471,0.0,0.0023215110595047723,[0.00232151]
2000-09-01,2000-10-01,lag_6,0.0035494125296793,-0.0,0.0023215110595047723,[0.00232151]
2000-09-01,2000-10-01,lag_7,0.0031184257109906,-0.0,0.0023215110595047723,[0.00232151]
2000-09-01,2000-10-01,lag_8,-0.001368985385314,-0.0,0.0023215110595047723,[0.00232151]
2000-09-01,2000-10-01,lag_9,0.0076835338351468,0.0,0.0023215110595047723,[0.00232151]
2000-09-01,2000-10-01,lag_10,0.0048356761014245,0.0,0.0023215110595047723,[0.00232151]
2000-09-01,2000-10-01,lag_11,0.0121488838987993,0.0,0.0023215110595047723,[0.00232151]
2000-09-01,2000-10-01,volatility_3m,0.004027616232093437,0.0,0.0023215110595047723,[0.00232151]
2000-10-01,2000-11-01,lag_0,-0.0038933847177071,-0.0,0.002256449888879357,[0.00225645]
2000-10-01,2000-11-01,lag_1,0.0046040830248808,0.0,0.002256449888879357,[0.00225645]
2000-10-01,2000-11-01,lag_2,-0.0027266333927551,-0.0,0.002256449888879357,[0.00225645]
2000-10-01,2000-11-01,lag_3,-0.0019527324535886,-0.0,0.002256449888879357,[0.00225645]
2000-10-01,2000-11-01,lag_4,0.0003904567263823,-0.0,0.002256449888879357,[0.00225645]
2000-10-01,2000-11-01,lag_5,0.0027040320534066,-0.0,0.002256449888879357,[0.00225645]
2000-10-01,2000-11-01,lag_6,0.0059345814110471,0.0,0.002256449888879357,[0.00225645]
2000-10-01,2000-11-01,lag_7,0.0035494125296793,-0.0,0.002256449888879357,[0.00225645]
2000-10-01,2000-11-01,lag_8,0.0031184257109906,-0.0,0.002256449888879357,[0.00225645]
2000-10-01,2000-11-01,lag_9,-0.001368985385314,-0.0,0.002256449888879357,[0.00225645]
2000-10-01,2000-11-01,lag_10,0.0076835338351468,0.0,0.002256449888879357,[0.00225645]
2000-10-01,2000-11-01,lag_11,0.0048356761014245,0.0,0.002256449888879357,[0.00225645]
2000-10-01,2000-11-01,volatility_3m,0.004606294061506055,0.0,0.002256449888879357,[0.00225645]
2000-11-01,2000-12-01,lag_0,0.0002796044748452,-0.0,0.0022950957683130846,[0.0022951]
2000-11-01,2000-12-01,lag_1,-0.0038933847177071,-0.0,0.0022950957683130846,[0.0022951]
2000-11-01,2000-12-01,lag_2,0.0046040830248808,0.0,0.0022950957683130846,[0.0022951]
2000-11-01,2000-12-01,lag_3,-0.0027266333927551,-0.0,0.0022950957683130846,[0.0022951]
2000-11-01,2000-12-01,lag_4,-0.0019527324535886,-0.0,0.0022950957683130846,[0.0022951]
2000-11-01,2000-12-01,lag_5,0.0003904567263823,-0.0,0.0022950957683130846,[0.0022951]
2000-11-01,2000-12-01,lag_6,0.0027040320534066,-0.0,0.0022950957683130846,[0.0022951]
2000-11-01,2000-12-01,lag_7,0.0059345814110471,0.0,0.0022950957683130846,[0.0022951]
2000-11-01,2000-12-01,lag_8,0.0035494125296793,-0.0,0.0022950957683130846,[0.0022951]
2000-11-01,2000-12-01,lag_9,0.0031184257109906,-0.0,0.0022950957683130846,[0.0022951]
2000-11-01,2000-12-01,lag_10,-0.001368985385314,-0.0,0.0022950957683130846,[0.0022951]
2000-11-01,2000-12-01,lag_11,0.0076835338351468,0.0,0.0022950957683130846,[0.0022951]
2000-11-01,2000-12-01,volatility_3m,0.004248958922826434,0.0,0.0022950957683130846,[0.0022951]
2000-12-01,2001-01-01,lag_0,-0.0032683707203071,-0.0,0.0023072238856066242,[0.00230722]
2000-12-01,2001-01-01,lag_1,0.0002796044748452,-0.0,0.0023072238856066242,[0.00230722]
2000-12-01,2001-01-01,lag_2,-0.0038933847177071,-0.0,0.0023072238856066242,[0.00230722]
2000-12-01,2001-01-01,lag_3,0.0046040830248808,0.0,0.0023072238856066242,[0.00230722]
2000-12-01,2001-01-01,lag_4,-0.0027266333927551,-0.0,0.0023072238856066242,[0.00230722]
2000-12-01,2001-01-01,lag_5,-0.0019527324535886,-0.0,0.0023072238856066242,[0.00230722]
2000-12-01,2001-01-01,lag_6,0.0003904567263823,-0.0,0.0023072238856066242,[0.00230722]
2000-12-01,2001-01-01,lag_7,0.0027040320534066,-0.0,0.0023072238856066242,[0.00230722]
2000-12-01,2001-01-01,lag_8,0.0059345814110471,0.0,0.0023072238856066242,[0.00230722]
2000-12-01,2001-01-01,lag_9,0.0035494125296793,-0.0,0.0023072238856066242,[0.00230722]
2000-12-01,2001-01-01,lag_10,0.0031184257109906,-0.0,0.0023072238856066242,[0.00230722]
2000-12-01,2001-01-01,lag_11,-0.001368985385314,-0.0,0.0023072238856066242,[0.00230722]
2000-12-01,2001-01-01,volatility_3m,0.0022506521011890542,-0.0,0.0023072238856066242,[0.00230722]
2001-01-01,2001-02-01,lag_0,-0.0047708693509234,-0.0,0.0022358746398462846,[0.00223587]
2001-01-01,2001-02-01,lag_1,-0.0032683707203071,-0.0,0.0022358746398462846,[0.00223587]
2001-01-01,2001-02-01,lag_2,0.0002796044748452,-0.0,0.0022358746398462846,[0.00223587]
2001-01-01,2001-02-01,lag_3,-0.0038933847177071,-0.0,0.0022358746398462846,[0.00223587]
2001-01-01,2001-02-01,lag_4,0.0046040830248808,0.0,0.0022358746398462846,[0.00223587]
2001-01-01,2001-02-01,lag_5,-0.0027266333927551,-0.0,0.0022358746398462846,[0.00223587]
2001-01-01,2001-02-01,lag_6,-0.0019527324535886,-0.0,0.0022358746398462846,[0.00223587]
2001-01-01,2001-02-01,lag_7,0.0003904567263823,-0.0,0.0022358746398462846,[0.00223587]
2001-01-01,2001-02-01,lag_8,0.0027040320534066,-0.0,0.0022358746398462846,[0.00223587]
2001-01-01,2001-02-01,lag_9,0.0059345814110471,0.0,0.0022358746398462846,[0.00223587]
2001-01-01,2001-02-01,lag_10,0.0035494125296793,-0.0,0.0022358746398462846,[0.00223587]
2001-01-01,2001-02-01,lag_11,0.0031184257109906,-0.0,0.0022358746398462846,[0.00223587]
2001-01-01,2001-02-01,volatility_3m,0.0025933541982406227,-0.0,0.0022358746398462846,[0.00223587]
2001-02-01,2001-03-01,lag_0,-0.0065347651343703,-0.0,0.002226516992215294,[0.00222652]
2001-02-01,2001-03-01,lag_1,-0.0047708693509234,-0.0,0.002226516992215294,[0.00222652]
2001-02-01,2001-03-01,lag_2,-0.0032683707203071,-0.0,0.002226516992215294,[0.00222652]
2001-02-01,2001-03-01,lag_3,0.0002796044748452,-0.0,0.002226516992215294,[0.00222652]
2001-02-01,2001-03-01,lag_4,-0.0038933847177071,-0.0,0.002226516992215294,[0.00222652]
2001-02-01,2001-03-01,lag_5,0.0046040830248808,0.0,0.002226516992215294,[0.00222652]
2001-02-01,2001-03-01,lag_6,-0.0027266333927551,-0.0,0.002226516992215294,[0.00222652]
2001-02-01,2001-03-01,lag_7,-0.0019527324535886,-0.0,0.002226516992215294,[0.00222652]
2001-02-01,2001-03-01,lag_8,0.0003904567263823,-0.0,0.002226516992215294,[0.00222652]
2001-02-01,2001-03-01,lag_9,0.0027040320534066,-0.0,0.002226516992215294,[0.00222652]
2001-02-01,2001-03-01,lag_10,0.0059345814110471,0.0,0.002226516992215294,[0.00222652]
2001-02-01,2001-03-01,lag_11,0.0035494125296793,-0.0,0.002226516992215294,[0.00222652]
2001-02-01,2001-03-01,volatility_3m,0.0016349394962346918,-0.0,0.002226516992215294,[0.00222652]
2001-03-01,2001-04-01,lag_0,-0.0020524117552422,-0.0,0.0022645447221387427,[0.00226454]
2001-03-01,2001-04-01,lag_1,-0.0065347651343703,-0.0,0.0022645447221387427,[0.00226454]
2001-03-01,2001-04-01,lag_2,-0.0047708693509234,-0.0,0.0022645447221387427,[0.00226454]
2001-03-01,2001-04-01,lag_3,-0.0032683707203071,-0.0,0.0022645447221387427,[0.00226454]
2001-03-01,2001-04-01,lag_4,0.0002796044748452,-0.0,0.0022645447221387427,[0.00226454]
2001-03-01,2001-04-01,lag_5,-0.0038933847177071,-0.0,0.0022645447221387427,[0.00226454]
2001-03-01,2001-04-01,lag_6,0.0046040830248808,0.0,0.0022645447221387427,[0.00226454]
2001-03-01,2001-04-01,lag_7,-0.0027266333927551,-0.0,0.0022645447221387427,[0.00226454]
2001-03-01,2001-04-01,lag_8,-0.0019527324535886,-0.0,0.0022645447221387427,[0.00226454]
2001-03-01,2001-04-01,lag_9,0.0003904567263823,-0.0,0.0022645447221387427,[0.00226454]
2001-03-01,2001-04-01,lag_10,0.0027040320534066,-0.0,0.0022645447221387427,[0.00226454]
2001-03-01,2001-04-01,lag_11,0.0059345814110471,0.0,0.0022645447221387427,[0.00226454]
2001-03-01,2001-04-01,volatility_3m,0.002258053433445116,-0.0,0.0022645447221387427,[0.00226454]
2001-04-01,2001-05-01,lag_0,-0.0035963806723389,-0.0,0.0022547585025616034,[0.00225476]
2001-04-01,2001-05-01,lag_1,-0.0020524117552422,-0.0,0.0022547585025616034,[0.00225476]
2001-04-01,2001-05-01,lag_2,-0.0065347651343703,-0.0,0.0022547585025616034,[0.00225476]
2001-04-01,2001-05-01,lag_3,-0.0047708693509234,-0.0,0.0022547585025616034,[0.00225476]
2001-04-01,2001-05-01,lag_4,-0.0032683707203071,-0.0,0.0022547585025616034,[0.00225476]
2001-04-01,2001-05-01,lag_5,0.0002796044748452,-0.0,0.0022547585025616034,[0.00225476]
2001-04-01,2001-05-01,lag_6,-0.0038933847177071,-0.0,0.0022547585025616034,[0.00225476]
2001-04-01,2001-05-01,lag_7,0.0046040830248808,0.0,0.0022547585025616034,[0.00225476]
2001-04-01,2001-05-01,lag_8,-0.0027266333927551,-0.0,0.0022547585025616034,[0.00225476]
2001-04-01,2001-05-01,lag_9,-0.0019527324535886,-0.0,0.0022547585025616034,[0.00225476]
2001-04-01,2001-05-01,lag_10,0.0003904567263823,-0.0,0.0022547585025616034,[0.00225476]
2001-04-01,2001-05-01,lag_11,0.0027040320534066,-0.0,0.0022547585025616034,[0.00225476]
2001-04-01,2001-05-01,volatility_3m,0.0022770388328942123,-0.0,0.0022547585025616034,[0.00225476]
2001-05-01,2001-06-01,lag_0,-0.0047873447856305,-0.0,0.0021628971777817255,[0.0021629]
2001-05-01,2001-06-01,lag_1,-0.0035963806723389,-0.0,0.0021628971777817255,[0.0021629]
2001-05-01,2001-06-01,lag_2,-0.0020524117552422,-0.0,0.0021628971777817255,[0.0021629]
2001-05-01,2001-06-01,lag_3,-0.0065347651343703,-0.0,0.0021628971777817255,[0.0021629]
2001-05-01,2001-06-01,lag_4,-0.0047708693509234,-0.0,0.0021628971777817255,[0.0021629]
2001-05-01,2001-06-01,lag_5,-0.0032683707203071,-0.0,0.0021628971777817255,[0.0021629]
2001-05-01,2001-06-01,lag_6,0.0002796044748452,-0.0,0.0021628971777817255,[0.0021629]
2001-05-01,2001-06-01,lag_7,-0.0038933847177071,-0.0,0.0021628971777817255,[0.0021629]
2001-05-01,2001-06-01,lag_8,0.0046040830248808,0.0,0.0021628971777817255,[0.0021629]
2001-05-01,2001-06-01,lag_9,-0.0027266333927551,-0.0,0.0021628971777817255,[0.0021629]
2001-05-01,2001-06-01,lag_10,-0.0019527324535886,-0.0,0.0021628971777817255,[0.0021629]
2001-05-01,2001-06-01,lag_11,0.0003904567263823,-0.0,0.0021628971777817255,[0.0021629]
2001-05-01,2001-06-01,volatility_3m,0.0013712581945557719,-0.0,0.0021628971777817255,[0.0021629]
2001-06-01,2001-07-01,lag_0,-0.005294243917338,-0.002485651974323738,-0.0018683885500886022,[0.00281067]
2001-06-01,2001-07-01,lag_1,-0.0047873447856305,-0.000995867932956812,-0.0018683885500886022,[0.00281067]
2001-06-01,2001-07-01,lag_2,-0.0035963806723389,-0.0006878705311125003,-0.0018683885500886022,[0.00281067]
2001-06-01,2001-07-01,lag_3,-0.0020524117552422,-0.00022989087072593887,-0.0018683885500886022,[0.00281067]
2001-06-01,2001-07-01,lag_4,-0.0065347651343703,0.00030745196153833564,-0.0018683885500886022,[0.00281067]
2001-06-01,2001-07-01,lag_5,-0.0047708693509234,-0.0,-0.0018683885500886022,[0.00281067]
2001-06-01,2001-07-01,lag_6,-0.0032683707203071,-0.0,-0.0018683885500886022,[0.00281067]
2001-06-01,2001-07-01,lag_7,0.0002796044748452,-0.0,-0.0018683885500886022,[0.00281067]
2001-06-01,2001-07-01,lag_8,-0.0038933847177071,-0.0007944009985277795,-0.0018683885500886022,[0.00281067]
2001-06-01,2001-07-01,lag_9,0.0046040830248808,0.0,-0.0018683885500886022,[0.00281067]
2001-06-01,2001-07-01,lag_10,-0.0027266333927551,-0.0,-0.0018683885500886022,[0.00281067]
2001-06-01,2001-07-01,lag_11,-0.0019527324535886,0.0002071766835188324,-0.0018683885500886022,[0.00281067]
2001-06-01,2001-07-01,volatility_3m,0.0008715964134461488,-0.0,-0.0018683885500886022,[0.00281067]
2001-07-01,2001-08-01,lag_0,-0.0064248032714528,-0.002751875030987946,-0.002074386579272029,[0.00275675]
2001-07-01,2001-08-01,lag_1,-0.005294243917338,-0.0010213971853323914,-0.002074386579272029,[0.00275675]
2001-07-01,2001-08-01,lag_2,-0.0047873447856305,-0.0007773623253887671,-0.002074386579272029,[0.00275675]
2001-07-01,2001-08-01,lag_3,-0.0035963806723389,-0.00028665576004106174,-0.002074386579272029,[0.00275675]
2001-07-01,2001-08-01,lag_4,-0.0020524117552422,0.00015014793458550634,-0.002074386579272029,[0.00275675]
2001-07-01,2001-08-01,lag_5,-0.0065347651343703,-0.0,-0.002074386579272029,[0.00275675]
2001-07-01,2001-08-01,lag_6,-0.0047708693509234,-0.0,-0.002074386579272029,[0.00275675]
2001-07-01,2001-08-01,lag_7,-0.0032683707203071,-1.3940637093653439e-05,-0.002074386579272029,[0.00275675]
2001-07-01,2001-08-01,lag_8,0.0002796044748452,-0.0003726585911094431,-0.002074386579272029,[0.00275675]
2001-07-01,2001-08-01,lag_9,-0.0038933847177071,-0.0,-0.002074386579272029,[0.00275675]
2001-07-01,2001-08-01,lag_10,0.0046040830248808,0.0,-0.002074386579272029,[0.00275675]
2001-07-01,2001-08-01,lag_11,-0.0027266333927551,0.00024260790591372835,-0.002074386579272029,[0.00275675]
2001-07-01,2001-08-01,volatility_3m,0.0008382900726770887,-0.0,-0.002074386579272029,[0.00275675]
2001-08-01,2001-09-01,lag_0,-0.0011484395650906,-0.0012661550816643454,-0.00130832462302639,[0.00269122]
2001-08-01,2001-09-01,lag_1,-0.0064248032714528,-0.0011201692496050396,-0.00130832462302639,[0.00269122]
2001-08-01,2001-09-01,lag_2,-0.005294243917338,-0.0007542770227341617,-0.00130832462302639,[0.00269122]
2001-08-01,2001-09-01,lag_3,-0.0047873447856305,-0.00032038130076784277,-0.00130832462302639,[0.00269122]
2001-08-01,2001-09-01,lag_4,-0.0035963806723389,0.0002146977499570817,-0.00130832462302639,[0.00269122]
2001-08-01,2001-09-01,lag_5,-0.0020524117552422,-0.0,-0.00130832462302639,[0.00269122]
2001-08-01,2001-09-01,lag_6,-0.0065347651343703,-0.0,-0.00130832462302639,[0.00269122]
2001-08-01,2001-09-01,lag_7,-0.0047708693509234,-0.0,-0.00130832462302639,[0.00269122]
2001-08-01,2001-09-01,lag_8,-0.0032683707203071,-0.0007306379976761594,-0.00130832462302639,[0.00269122]
2001-08-01,2001-09-01,lag_9,0.0002796044748452,-0.0,-0.00130832462302639,[0.00269122]
2001-08-01,2001-09-01,lag_10,-0.0038933847177071,-0.0,-0.00130832462302639,[0.00269122]
2001-08-01,2001-09-01,lag_11,0.0046040830248808,-2.2626438499200966e-05,-0.00130832462302639,[0.00269122]
2001-08-01,2001-09-01,volatility_3m,0.0027780650382987263,-0.0,-0.00130832462302639,[0.00269122]
2001-09-01,2001-10-01,lag_0,-0.0050778760047638,-0.0022940540332344345,-0.0018851487138370755,[0.00269137]
2001-09-01,2001-10-01,lag_1,-0.0011484395650906,-0.0005075609338103935,-0.0018851487138370755,[0.00269137]
2001-09-01,2001-10-01,lag_2,-0.0064248032714528,-0.000905036600522808,-0.0018851487138370755,[0.00269137]
2001-09-01,2001-10-01,lag_3,-0.005294243917338,-0.0003490198351502842,-0.0018851487138370755,[0.00269137]
2001-09-01,2001-10-01,lag_4,-0.0047873447856305,0.00015660666983344413,-0.0018851487138370755,[0.00269137]
2001-09-01,2001-10-01,lag_5,-0.0035963806723389,-0.0,-0.0018851487138370755,[0.00269137]
2001-09-01,2001-10-01,lag_6,-0.0020524117552422,-0.0,-0.0018851487138370755,[0.00269137]
2001-09-01,2001-10-01,lag_7,-0.0065347651343703,-3.411999845416595e-05,-0.0018851487138370755,[0.00269137]
2001-09-01,2001-10-01,lag_8,-0.0047708693509234,-0.0009074037248236801,-0.0018851487138370755,[0.00269137]
2001-09-01,2001-10-01,lag_9,-0.0032683707203071,-0.0,-0.0018851487138370755,[0.00269137]
2001-09-01,2001-10-01,lag_10,0.0002796044748452,-0.0,-0.0018851487138370755,[0.00269137]
2001-09-01,2001-10-01,lag_11,-0.0038933847177071,0.00026407261627882145,-0.0018851487138370755,[0.00269137]
2001-09-01,2001-10-01,volatility_3m,0.0027414928341142333,-0.0,-0.0018851487138370755,[0.00269137]
2001-10-01,2001-11-01,lag_0,-0.0027452194543418,-0.0016963414170209571,-0.0017411084130582594,[0.00260933]
2001-10-01,2001-11-01,lag_1,-0.0050778760047638,-0.001043472803510082,-0.0017411084130582594,[0.00260933]
2001-10-01,2001-11-01,lag_2,-0.0011484395650906,-0.000421422056348647,-0.0017411084130582594,[0.00260933]
2001-10-01,2001-11-01,lag_3,-0.0064248032714528,-0.0004354316338337657,-0.0017411084130582594,[0.00260933]
2001-10-01,2001-11-01,lag_4,-0.005294243917338,0.0002213809583232789,-0.0017411084130582594,[0.00260933]
2001-10-01,2001-11-01,lag_5,-0.0047873447856305,-0.0,-0.0017411084130582594,[0.00260933]
2001-10-01,2001-11-01,lag_6,-0.0035963806723389,-0.0,-0.0017411084130582594,[0.00260933]
2001-10-01,2001-11-01,lag_7,-0.0020524117552422,-3.794072827480519e-06,-0.0017411084130582594,[0.00260933]
2001-10-01,2001-11-01,lag_8,-0.0065347651343703,-0.0011030236457998035,-0.0017411084130582594,[0.00260933]
2001-10-01,2001-11-01,lag_9,-0.0047708693509234,-0.0,-0.0017411084130582594,[0.00260933]
2001-10-01,2001-11-01,lag_10,-0.0032683707203071,-0.0,-0.0017411084130582594,[0.00260933]
2001-10-01,2001-11-01,lag_11,0.0002796044748452,0.00013166625990921964,-0.0017411084130582594,[0.00260933]
2001-10-01,2001-11-01,volatility_3m,0.00197616899287381,-0.0,-0.0017411084130582594,[0.00260933]
2001-11-01,2001-12-01,lag_0,-0.0060654600853187,-0.002579600002597905,-0.001764040309835689,[0.00260015]
2001-11-01,2001-12-01,lag_1,-0.0027452194543418,-0.0007012270670643374,-0.001764040309835689,[0.00260015]
2001-11-01,2001-12-01,lag_2,-0.0050778760047638,-0.0007588577240317636,-0.001764040309835689,[0.00260015]
2001-11-01,2001-12-01,lag_3,-0.0011484395650906,-0.0001780183612263769,-0.001764040309835689,[0.00260015]
2001-11-01,2001-12-01,lag_4,-0.0064248032714528,0.000235121406152698,-0.001764040309835689,[0.00260015]
2001-11-01,2001-12-01,lag_5,-0.005294243917338,-0.0,-0.001764040309835689,[0.00260015]
2001-11-01,2001-12-01,lag_6,-0.0047873447856305,-0.0,-0.001764040309835689,[0.00260015]
2001-11-01,2001-12-01,lag_7,-0.0035963806723389,-7.901804439188616e-06,-0.001764040309835689,[0.00260015]
2001-11-01,2001-12-01,lag_8,-0.0020524117552422,-0.0006162091407933293,-0.001764040309835689,[0.00260015]
2001-11-01,2001-12-01,lag_9,-0.0065347651343703,-0.0,-0.001764040309835689,[0.00260015]
2001-11-01,2001-12-01,lag_10,-0.0047708693509234,-0.0,-0.001764040309835689,[0.00260015]
2001-11-01,2001-12-01,lag_11,-0.0032683707203071,0.0002425031012613909,-0.001764040309835689,[0.00260015]
2001-11-01,2001-12-01,volatility_3m,0.001704924570471375,-0.0,-0.001764040309835689,[0.00260015]
2001-12-01,2002-01-01,lag_0,-0.0004275098074009,-0.0009833743862993204,-0.0008254644500335978,[0.00256371]
2001-12-01,2002-01-01,lag_1,-0.0060654600853187,-0.0010938253175169815,-0.0008254644500335978,[0.00256371]
2001-12-01,2002-01-01,lag_2,-0.0027452194543418,-0.000563806962459369,-0.0008254644500335978,[0.00256371]
2001-12-01,2002-01-01,lag_3,-0.0050778760047638,-0.0003619850541505458,-0.0008254644500335978,[0.00256371]
2001-12-01,2002-01-01,lag_4,-0.0011484395650906,0.00010546782082328472,-0.0008254644500335978,[0.00256371]
2001-12-01,2002-01-01,lag_5,-0.0064248032714528,-0.0,-0.0008254644500335978,[0.00256371]
2001-12-01,2002-01-01,lag_6,-0.005294243917338,-0.0,-0.0008254644500335978,[0.00256371]
2001-12-01,2002-01-01,lag_7,-0.0047873447856305,-4.046107204557335e-05,-0.0008254644500335978,[0.00256371]
2001-12-01,2002-01-01,lag_8,-0.0035963806723389,-0.0007594764551987491,-0.0008254644500335978,[0.00256371]
2001-12-01,2002-01-01,lag_9,-0.0020524117552422,-0.0,-0.0008254644500335978,[0.00256371]
2001-12-01,2002-01-01,lag_10,-0.0065347651343703,-0.0,-0.0008254644500335978,[0.00256371]
2001-12-01,2002-01-01,lag_11,-0.0047708693509234,0.00030828687103241076,-0.0008254644500335978,[0.00256371]
2001-12-01,2002-01-01,volatility_3m,0.002833791899892739,-0.0,-0.0008254644500335978,[0.00256371]
2002-01-01,2002-02-01,lag_0,0.0066330648411705,0.00103289797591526,0.001878696664459451,[0.00251905]
2002-01-01,2002-02-01,lag_1,-0.0004275098074009,-0.00039945835452339783,0.001878696664459451,[0.00251905]
2002-01-01,2002-02-01,lag_2,-0.0060654600853187,-0.0008403923096406043,0.001878696664459451,[0.00251905]
2002-01-01,2002-02-01,lag_3,-0.0027452194543418,-0.00022113355389880636,0.001878696664459451,[0.00251905]
2002-01-01,2002-02-01,lag_4,-0.0050778760047638,0.00023222706880003422,0.001878696664459451,[0.00251905]
2002-01-01,2002-02-01,lag_5,-0.0011484395650906,-0.0,0.001878696664459451,[0.00251905]
2002-01-01,2002-02-01,lag_6,-0.0064248032714528,-0.0,0.001878696664459451,[0.00251905]
2002-01-01,2002-02-01,lag_7,-0.005294243917338,-0.0,0.001878696664459451,[0.00251905]
2002-01-01,2002-02-01,lag_8,-0.0047873447856305,-0.0008691839386798192,0.001878696664459451,[0.00251905]
2002-01-01,2002-02-01,lag_9,-0.0035963806723389,-0.0,0.001878696664459451,[0.00251905]
2002-01-01,2002-02-01,lag_10,-0.0020524117552422,-0.0,0.001878696664459451,[0.00251905]
2002-01-01,2002-02-01,lag_11,-0.0065347651343703,0.0004246885362480556,0.001878696664459451,[0.00251905]
2002-01-01,2002-02-01,volatility_3m,0.006362530065586987,0.0,0.001878696664459451,[0.00251905]
2002-02-01,2002-03-01,lag_0,0.0001152246826094,-0.0008245174718097901,0.0009712797156968531,[0.00255446]
2002-02-01,2002-03-01,lag_1,0.0066330648411705,0.00042637922240607853,0.0009712797156968531,[0.00255446]
2002-02-01,2002-03-01,lag_2,-0.0004275098074009,-0.00029764904100828036,0.0009712797156968531,[0.00255446]
2002-02-01,2002-03-01,lag_3,-0.0060654600853187,-0.0003370625720699474,0.0009712797156968531,[0.00255446]
2002-02-01,2002-03-01,lag_4,-0.0027452194543418,0.00013270648708172908,0.0009712797156968531,[0.00255446]
2002-02-01,2002-03-01,lag_5,-0.0050778760047638,-0.0,0.0009712797156968531,[0.00255446]
2002-02-01,2002-03-01,lag_6,-0.0011484395650906,-0.0,0.0009712797156968531,[0.00255446]
2002-02-01,2002-03-01,lag_7,-0.0064248032714528,-0.0,0.0009712797156968531,[0.00255446]
2002-02-01,2002-03-01,lag_8,-0.005294243917338,-0.0008879618726624617,0.0009712797156968531,[0.00255446]
2002-02-01,2002-03-01,lag_9,-0.0047873447856305,-0.0,0.0009712797156968531,[0.00255446]
2002-02-01,2002-03-01,lag_10,-0.0035963806723389,-0.0,0.0009712797156968531,[0.00255446]
2002-02-01,2002-03-01,lag_11,-0.0020524117552422,0.0002049273128274381,0.0009712797156968531,[0.00255446]
2002-02-01,2002-03-01,volatility_3m,0.003929132971094421,0.0,0.0009712797156968531,[0.00255446]
2002-03-01,2002-04-01,lag_0,0.0072123326949231,0.0011856674221072758,0.0030522147045221916,[0.00252778]
2002-03-01,2002-04-01,lag_1,0.0001152246826094,-0.00035631128322281613,0.0030522147045221916,[0.00252778]
2002-03-01,2002-04-01,lag_2,0.0066330648411705,0.0003336296474478833,0.0030522147045221916,[0.00252778]
2002-03-01,2002-04-01,lag_3,-0.0004275098074009,-0.00013123074378278973,0.0030522147045221916,[0.00252778]
2002-03-01,2002-04-01,lag_4,-0.0060654600853187,0.00019050940905311373,0.0030522147045221916,[0.00252778]
2002-03-01,2002-04-01,lag_5,-0.0027452194543418,-0.0,0.0030522147045221916,[0.00252778]
2002-03-01,2002-04-01,lag_6,-0.0050778760047638,-0.0,0.0030522147045221916,[0.00252778]
2002-03-01,2002-04-01,lag_7,-0.0011484395650906,-0.0,0.0030522147045221916,[0.00252778]
2002-03-01,2002-04-01,lag_8,-0.0064248032714528,-0.0009700169234652177,0.0030522147045221916,[0.00252778]
2002-03-01,2002-04-01,lag_9,-0.005294243917338,-0.0,0.0030522147045221916,[0.00252778]
2002-03-01,2002-04-01,lag_10,-0.0047873447856305,-0.0,0.0030522147045221916,[0.00252778]
2002-03-01,2002-04-01,lag_11,-0.0035963806723389,0.00027219081783409874,0.0030522147045221916,[0.00252778]
2002-03-01,2002-04-01,volatility_3m,0.003940954489236295,0.0,0.0030522147045221916,[0.00252778]
2002-04-01,2002-05-01,lag_0,0.0048710021656788,0.0005335105857911623,0.003406623778660997,[0.00251765]
2002-04-01,2002-05-01,lag_1,0.0072123326949231,0.0004985577566550223,0.003406623778660997,[0.00251765]
2002-04-01,2002-05-01,lag_2,0.0001152246826094,-0.00028530267959659436,0.003406623778660997,[0.00251765]
2002-04-01,2002-05-01,lag_3,0.0066330648411705,0.00013111355795486162,0.003406623778660997,[0.00251765]
2002-04-01,2002-05-01,lag_4,-0.0004275098074009,0.00010647530085092158,0.003406623778660997,[0.00251765]
2002-04-01,2002-05-01,lag_5,-0.0060654600853187,-0.0,0.003406623778660997,[0.00251765]
2002-04-01,2002-05-01,lag_6,-0.0027452194543418,-0.0,0.003406623778660997,[0.00251765]
2002-04-01,2002-05-01,lag_7,-0.0050778760047638,-0.0,0.003406623778660997,[0.00251765]
2002-04-01,2002-05-01,lag_8,-0.0011484395650906,-0.00042517975982641514,0.003406623778660997,[0.00251765]
2002-04-01,2002-05-01,lag_9,-0.0064248032714528,-0.0,0.003406623778660997,[0.00251765]
2002-04-01,2002-05-01,lag_10,-0.005294243917338,-0.0,0.003406623778660997,[0.00251765]
2002-04-01,2002-05-01,lag_11,-0.0047873447856305,0.0003297947122922445,0.003406623778660997,[0.00251765]
2002-04-01,2002-05-01,volatility_3m,0.0036163561369166575,-0.0,0.003406623778660997,[0.00251765]
2002-05-01,2002-06-01,lag_0,0.0040096284673607,0.00029207223910252347,0.002810374622389685,[0.00253342]
2002-05-01,2002-06-01,lag_1,0.0048710021656788,0.00020876340753730828,0.002810374622389685,[0.00253342]
2002-05-01,2002-06-01,lag_2,0.0072123326949231,0.00038874431492746676,0.002810374622389685,[0.00253342]
2002-05-01,2002-06-01,lag_3,0.0001152246826094,-9.575623463628384e-05,0.002810374622389685,[0.00253342]
2002-05-01,2002-06-01,lag_4,0.0066330648411705,-8.257895570304442e-05,0.002810374622389685,[0.00253342]
2002-05-01,2002-06-01,lag_5,-0.0004275098074009,-0.0,0.002810374622389685,[0.00253342]
2002-05-01,2002-06-01,lag_6,-0.0060654600853187,-0.0,0.002810374622389685,[0.00253342]
2002-05-01,2002-06-01,lag_7,-0.0027452194543418,-0.0,0.002810374622389685,[0.00253342]
2002-05-01,2002-06-01,lag_8,-0.0050778760047638,-0.0008217024892908907,0.002810374622389685,[0.00253342]
2002-05-01,2002-06-01,lag_9,-0.0011484395650906,-0.0,0.002810374622389685,[0.00253342]
2002-05-01,2002-06-01,lag_10,-0.0064248032714528,-0.0,0.002810374622389685,[0.00253342]
2002-05-01,2002-06-01,lag_11,-0.005294243917338,0.0003874092506561487,0.002810374622389685,[0.00253342]
2002-05-01,2002-06-01,volatility_3m,0.0016573627476894161,-0.0,0.002810374622389685,[0.00253342]
2002-06-01,2002-07-01,lag_0,0.0082150192364478,0.0014912970784072802,0.004250079909189955,[0.00249822]
2002-06-01,2002-07-01,lag_1,0.0040096284673607,0.00012702018604005339,0.004250079909189955,[0.00249822]
2002-06-01,2002-07-01,lag_2,0.0048710021656788,0.0001799097770697007,0.004250079909189955,[0.00249822]
2002-06-01,2002-07-01,lag_3,0.0072123326949231,0.00016135454766370857,0.004250079909189955,[0.00249822]
2002-06-01,2002-07-01,lag_4,0.0001152246826094,4.629741801980558e-05,0.004250079909189955,[0.00249822]
2002-06-01,2002-07-01,lag_5,0.0066330648411705,0.0,0.004250079909189955,[0.00249822]
2002-06-01,2002-07-01,lag_6,-0.0004275098074009,-0.0,0.004250079909189955,[0.00249822]
2002-06-01,2002-07-01,lag_7,-0.0060654600853187,-9.607545077856696e-06,0.004250079909189955,[0.00249822]
2002-06-01,2002-07-01,lag_8,-0.0027452194543418,-0.0006112858708031508,0.004250079909189955,[0.00249822]
2002-06-01,2002-07-01,lag_9,-0.0050778760047638,-0.0,0.004250079909189955,[0.00249822]
2002-06-01,2002-07-01,lag_10,-0.0011484395650906,-0.0,0.004250079909189955,[0.00249822]
2002-06-01,2002-07-01,lag_11,-0.0064248032714528,0.0003668751244996961,0.004250079909189955,[0.00249822]
2002-06-01,2002-07-01,volatility_3m,0.0022214757234201945,-0.0,0.004250079909189955,[0.00249822]
2002-07-01,2002-08-01,lag_0,-0.0003219706394999,-0.0009275055067297155,0.0014600710564632974,[0.00257594]
2002-07-01,2002-08-01,lag_1,0.0082150192364478,0.0005551252617937896,0.0014600710564632974,[0.00257594]
2002-07-01,2002-08-01,lag_2,0.0040096284673607,9.33643000678735e-05,0.0014600710564632974,[0.00257594]
2002-07-01,2002-08-01,lag_3,0.0048710021656788,6.50236656607133e-05,0.0014600710564632974,[0.00257594]
2002-07-01,2002-08-01,lag_4,0.0072123326949231,-0.00011004000900553842,0.0014600710564632974,[0.00257594]
2002-07-01,2002-08-01,lag_5,0.0001152246826094,-0.0,0.0014600710564632974,[0.00257594]
2002-07-01,2002-08-01,lag_6,0.0066330648411705,0.0,0.0014600710564632974,[0.00257594]
2002-07-01,2002-08-01,lag_7,-0.0004275098074009,-0.0,0.0014600710564632974,[0.00257594]
2002-07-01,2002-08-01,lag_8,-0.0060654600853187,-0.000944268976065463,0.0014600710564632974,[0.00257594]
2002-07-01,2002-08-01,lag_9,-0.0027452194543418,-0.0,0.0014600710564632974,[0.00257594]
2002-07-01,2002-08-01,lag_10,-0.0050778760047638,-0.0,0.0014600710564632974,[0.00257594]
2002-07-01,2002-08-01,lag_11,-0.0011484395650906,0.00015243194073734413,0.0014600710564632974,[0.00257594]
2002-07-01,2002-08-01,volatility_3m,0.0042686504207089465,0.0,0.0014600710564632974,[0.00257594]
2002-08-01,2002-09-01,lag_0,-0.0011111535235635,-0.001132487206865316,0.0014150210370381935,[0.00251504]
2002-08-01,2002-09-01,lag_1,-0.0003219706394999,-0.00039757615789222584,0.0014150210370381935,[0.00251504]
2002-08-01,2002-09-01,lag_2,0.0082150192364478,0.0004913230662286149,0.0014150210370381935,[0.00251504]
2002-08-01,2002-09-01,lag_3,0.0040096284673607,3.040680187606237e-05,0.0014150210370381935,[0.00251504]
2002-08-01,2002-09-01,lag_4,0.0048710021656788,-4.388966383630132e-05,0.0014150210370381935,[0.00251504]
2002-08-01,2002-09-01,lag_5,0.0072123326949231,0.0,0.0014150210370381935,[0.00251504]
2002-08-01,2002-09-01,lag_6,0.0001152246826094,-0.0,0.0014150210370381935,[0.00251504]
2002-08-01,2002-09-01,lag_7,0.0066330648411705,1.557201984952488e-05,0.0014150210370381935,[0.00251504]
2002-08-01,2002-09-01,lag_8,-0.0004275098074009,-0.0003730691187555505,0.0014150210370381935,[0.00251504]
2002-08-01,2002-09-01,lag_9,-0.0060654600853187,-0.0,0.0014150210370381935,[0.00251504]
2002-08-01,2002-09-01,lag_10,-0.0027452194543418,-0.0,0.0014150210370381935,[0.00251504]
2002-08-01,2002-09-01,lag_11,-0.0050778760047638,0.0003097056724198121,0.0014150210370381935,[0.00251504]
2002-08-01,2002-09-01,volatility_3m,0.0051717260838155575,0.0,0.0014150210370381935,[0.00251504]
2002-09-01,2002-10-01,lag_0,0.000848648696599,-0.0005936281051843938,0.0017491557270877117,[0.0024357]
2002-09-01,2002-10-01,lag_1,-0.0011111535235635,-0.0005206048513454857,0.0017491557270877117,[0.0024357]
2002-09-01,2002-10-01,lag_2,-0.0003219706394999,-0.0003428962800711283,0.0017491557270877117,[0.0024357]
2002-09-01,2002-10-01,lag_3,0.0082150192364478,0.00021611806542510815,0.0017491557270877117,[0.0024357]
2002-09-01,2002-10-01,lag_4,0.0040096284673607,-2.071255782569547e-05,0.0017491557270877117,[0.0024357]
2002-09-01,2002-10-01,lag_5,0.0048710021656788,0.0,0.0017491557270877117,[0.0024357]
2002-09-01,2002-10-01,lag_6,0.0072123326949231,0.0,0.0017491557270877117,[0.0024357]
2002-09-01,2002-10-01,lag_7,0.0001152246826094,-0.0,0.0017491557270877117,[0.0024357]
2002-09-01,2002-10-01,lag_8,0.0066330648411705,0.000368736892402002,0.0017491557270877117,[0.0024357]
2002-09-01,2002-10-01,lag_9,-0.0004275098074009,-0.0,0.0017491557270877117,[0.0024357]
2002-09-01,2002-10-01,lag_10,-0.0060654600853187,-0.0,0.0017491557270877117,[0.0024357]
2002-09-01,2002-10-01,lag_11,-0.0027452194543418,0.00020644720723456434,0.0017491557270877117,[0.0024357]
2002-09-01,2002-10-01,volatility_3m,0.0009860682867412914,-0.0,0.0017491557270877117,[0.0024357]
2002-10-01,2002-11-01,lag_0,-0.0020848363369347,-0.0013540487001557164,0.0003373394515357995,[0.0024604]
2002-10-01,2002-11-01,lag_1,0.000848648696599,-0.0002245273387850782,0.0003373394515357995,[0.0024604]
2002-10-01,2002-11-01,lag_2,-0.0011111535235635,-0.00036684414678459214,0.0003373394515357995,[0.0024604]
2002-10-01,2002-11-01,lag_3,-0.0003219706394999,-9.605003203476188e-05,0.0003373394515357995,[0.0024604]
2002-10-01,2002-11-01,lag_4,0.0082150192364478,-0.0001504454845742134,0.0003373394515357995,[0.0024604]
2002-10-01,2002-11-01,lag_5,0.0040096284673607,0.0,0.0003373394515357995,[0.0024604]
2002-10-01,2002-11-01,lag_6,0.0048710021656788,0.0,0.0003373394515357995,[0.0024604]
2002-10-01,2002-11-01,lag_7,0.0072123326949231,1.6354124726734826e-07,0.0003373394515357995,[0.0024604]
2002-10-01,2002-11-01,lag_8,0.0001152246826094,-0.00028934705461725204,0.0003373394515357995,[0.0024604]
2002-10-01,2002-11-01,lag_9,0.0066330648411705,0.0,0.0003373394515357995,[0.0024604]
2002-10-01,2002-11-01,lag_10,-0.0004275098074009,-0.0,0.0003373394515357995,[0.0024604]
2002-10-01,2002-11-01,lag_11,-0.0060654600853187,0.0003580414783492076,0.0003373394515357995,[0.0024604]
2002-10-01,2002-11-01,volatility_3m,0.0014941116315486899,-0.0,0.0003373394515357995,[0.0024604]
2002-11-01,2002-12-01,lag_0,0.0055865759173183,0.0008080181273775479,0.0029038872304532042,[0.00241163]
2002-11-01,2002-12-01,lag_1,-0.0020848363369347,-0.000610798802448148,0.0029038872304532042,[0.00241163]
2002-11-01,2002-12-01,lag_2,0.000848648696599,-0.00020120424498465953,0.0029038872304532042,[0.00241163]
2002-11-01,2002-12-01,lag_3,-0.0011111535235635,-0.000141334552233952,0.0029038872304532042,[0.00241163]
2002-11-01,2002-12-01,lag_4,-0.0003219706394999,7.239514477637421e-05,0.0029038872304532042,[0.00241163]
2002-11-01,2002-12-01,lag_5,0.0082150192364478,0.0,0.0029038872304532042,[0.00241163]
2002-11-01,2002-12-01,lag_6,0.0040096284673607,0.0,0.0029038872304532042,[0.00241163]
2002-11-01,2002-12-01,lag_7,0.0048710021656788,1.3513068803201622e-06,0.0029038872304532042,[0.00241163]
2002-11-01,2002-12-01,lag_8,0.0072123326949231,0.0004205324538500924,0.0029038872304532042,[0.00241163]
2002-11-01,2002-12-01,lag_9,0.0001152246826094,-0.0,0.0029038872304532042,[0.00241163]
2002-11-01,2002-12-01,lag_10,0.0066330648411705,0.0,0.0029038872304532042,[0.00241163]
2002-11-01,2002-12-01,lag_11,-0.0004275098074009,0.00014329326917308772,0.0029038872304532042,[0.00241163]
2002-11-01,2002-12-01,volatility_3m,0.003870914077353096,0.0,0.0029038872304532042,[0.00241163]
2002-12-01,2003-01-01,lag_0,-0.0055766272909192,-0.002371225745006854,2.3581008729655403e-05,[0.00243079]
2002-12-01,2003-01-01,lag_1,0.0055865759173183,0.0003339694931380074,2.3581008729655403e-05,[0.00243079]
2002-12-01,2003-01-01,lag_2,-0.0020848363369347,-0.00045775939934874544,2.3581008729655403e-05,[0.00243079]
2002-12-01,2003-01-01,lag_3,0.000848648696599,-6.826469824362548e-05,2.3581008729655403e-05,[0.00243079]
2002-12-01,2003-01-01,lag_4,-0.0011111535235635,7.943156821072263e-05,2.3581008729655403e-05,[0.00243079]
2002-12-01,2003-01-01,lag_5,-0.0003219706394999,-0.0,2.3581008729655403e-05,[0.00243079]
2002-12-01,2003-01-01,lag_6,0.0082150192364478,0.0,2.3581008729655403e-05,[0.00243079]
2002-12-01,2003-01-01,lag_7,0.0040096284673607,0.0,2.3581008729655403e-05,[0.00243079]
2002-12-01,2003-01-01,lag_8,0.0048710021656788,0.00018829306475471246,2.3581008729655403e-05,[0.00243079]
2002-12-01,2003-01-01,lag_9,0.0072123326949231,0.0,2.3581008729655403e-05,[0.00243079]
2002-12-01,2003-01-01,lag_10,0.0001152246826094,-0.0,2.3581008729655403e-05,[0.00243079]
2002-12-01,2003-01-01,lag_11,0.0066330648411705,-0.0001116499346035289,2.3581008729655403e-05,[0.00243079]
2002-12-01,2003-01-01,volatility_3m,0.005710520640441277,0.0,2.3581008729655403e-05,[0.00243079]
2003-01-01,2003-02-01,lag_0,0.0084854057238992,0.0015961166117103478,0.0032081443913330753,[0.00232805]
2003-01-01,2003-02-01,lag_1,-0.0055766272909192,-0.0010479840381338744,0.0032081443913330753,[0.00232805]
2003-01-01,2003-02-01,lag_2,0.0055865759173183,0.00025340415362437677,0.0032081443913330753,[0.00232805]
2003-01-01,2003-02-01,lag_3,-0.0020848363369347,-0.0001571523316592931,0.0032081443913330753,[0.00232805]
2003-01-01,2003-02-01,lag_4,0.000848648696599,3.6334053868030745e-05,0.0032081443913330753,[0.00232805]
2003-01-01,2003-02-01,lag_5,-0.0011111535235635,-0.0,0.0032081443913330753,[0.00232805]
2003-01-01,2003-02-01,lag_6,-0.0003219706394999,-0.0,0.0032081443913330753,[0.00232805]
2003-01-01,2003-02-01,lag_7,0.0082150192364478,0.0,0.0032081443913330753,[0.00232805]
2003-01-01,2003-02-01,lag_8,0.0040096284673607,0.00010983970262942733,0.0032081443913330753,[0.00232805]
2003-01-01,2003-02-01,lag_9,0.0048710021656788,0.0,0.0032081443913330753,[0.00232805]
2003-01-01,2003-02-01,lag_10,0.0072123326949231,0.0,0.0032081443913330753,[0.00232805]
2003-01-01,2003-02-01,lag_11,0.0001152246826094,8.95385734013977e-05,0.0032081443913330753,[0.00232805]
2003-01-01,2003-02-01,volatility_3m,0.007424745704127611,0.0,0.0032081443913330753,[0.00232805]
2003-02-01,2003-03-01,lag_0,0.001187420927927,-0.00041573350592678067,0.002591821863212061,[0.00243289]
2003-02-01,2003-03-01,lag_1,0.0084854057238992,0.0007100697961009564,0.002591821863212061,[0.00243289]
2003-02-01,2003-03-01,lag_2,-0.0055766272909192,-0.0007192301978033125,0.002591821863212061,[0.00243289]
2003-02-01,2003-03-01,lag_3,0.0055865759173183,8.898849735413919e-05,0.002591821863212061,[0.00243289]
2003-02-01,2003-03-01,lag_4,-0.0020848363369347,0.00013298726352505176,0.002591821863212061,[0.00243289]
2003-02-01,2003-03-01,lag_5,0.000848648696599,-0.0,0.002591821863212061,[0.00243289]
2003-02-01,2003-03-01,lag_6,-0.0011111535235635,-0.0,0.002591821863212061,[0.00243289]
2003-02-01,2003-03-01,lag_7,-0.0003219706394999,-0.0,0.002591821863212061,[0.00243289]
2003-02-01,2003-03-01,lag_8,0.0082150192364478,0.0004985876966227294,0.002591821863212061,[0.00243289]
2003-02-01,2003-03-01,lag_9,0.0040096284673607,0.0,0.002591821863212061,[0.00243289]
2003-02-01,2003-03-01,lag_10,0.0048710021656788,0.0,0.002591821863212061,[0.00243289]
2003-02-01,2003-03-01,lag_11,0.0072123326949231,-0.00013673637744701073,0.002591821863212061,[0.00243289]
2003-02-01,2003-03-01,volatility_3m,0.007032705772543032,0.0,0.002591821863212061,[0.00243289]
2003-03-01,2003-04-01,lag_0,-0.0026319713476281,-0.0014480980985993464,0.0005530593687727305,[0.00234905]
2003-03-01,2003-04-01,lag_1,0.001187420927927,-0.0001781702212833233,0.0005530593687727305,[0.00234905]
2003-03-01,2003-04-01,lag_2,0.0084854057238992,0.0005315030527869672,0.0005530593687727305,[0.00234905]
2003-03-01,2003-04-01,lag_3,-0.0055766272909192,-0.00022885375794688237,0.0005530593687727305,[0.00234905]
2003-03-01,2003-04-01,lag_4,0.0055865759173183,-6.383089781890909e-05,0.0005530593687727305,[0.00234905]
2003-03-01,2003-04-01,lag_5,-0.0020848363369347,-0.0,0.0005530593687727305,[0.00234905]
2003-03-01,2003-04-01,lag_6,0.000848648696599,-0.0,0.0005530593687727305,[0.00234905]
2003-03-01,2003-04-01,lag_7,-0.0011111535235635,-2.012620689410516e-05,0.0005530593687727305,[0.00234905]
2003-03-01,2003-04-01,lag_8,-0.0003219706394999,-0.00032363838399245237,0.0005530593687727305,[0.00234905]
2003-03-01,2003-04-01,lag_9,0.0082150192364478,0.0,0.0005530593687727305,[0.00234905]
2003-03-01,2003-04-01,lag_10,0.0040096284673607,0.0,0.0005530593687727305,[0.00234905]
2003-03-01,2003-04-01,lag_11,0.0048710021656788,-6.47786611471371e-05,0.0005530593687727305,[0.00234905]
2003-03-01,2003-04-01,volatility_3m,0.0056486637415016465,0.0,0.0005530593687727305,[0.00234905]
2003-04-01,2003-05-01,lag_0,-0.0059747153090858,-0.0023363921226860853,-0.0008682059714888082,[0.00227274]
2003-04-01,2003-05-01,lag_1,-0.0026319713476281,-0.0006428666512302396,-0.0008682059714888082,[0.00227274]
2003-04-01,2003-05-01,lag_2,0.001187420927927,-0.00013626683435928879,-0.0008682059714888082,[0.00227274]
2003-04-01,2003-05-01,lag_3,0.0084854057238992,0.00019729275990562332,-0.0008682059714888082,[0.00227274]
2003-04-01,2003-05-01,lag_4,-0.0055766272909192,0.00020169183257641305,-0.0008682059714888082,[0.00227274]
2003-04-01,2003-05-01,lag_5,0.0055865759173183,0.0,-0.0008682059714888082,[0.00227274]
2003-04-01,2003-05-01,lag_6,-0.0020848363369347,-0.0,-0.0008682059714888082,[0.00227274]
2003-04-01,2003-05-01,lag_7,0.000848648696599,-0.0,-0.0008682059714888082,[0.00227274]
2003-04-01,2003-05-01,lag_8,-0.0011111535235635,-0.0003856450912399854,-0.0008682059714888082,[0.00227274]
2003-04-01,2003-05-01,lag_9,-0.0003219706394999,-0.0,-0.0008682059714888082,[0.00227274]
2003-04-01,2003-05-01,lag_10,0.0082150192364478,0.0,-0.0008682059714888082,[0.00227274]
2003-04-01,2003-05-01,lag_11,0.0040096284673607,-3.8758480291000375e-05,-0.0008682059714888082,[0.00227274]
2003-04-01,2003-05-01,volatility_3m,0.0035837106008522264,-0.0,-0.0008682059714888082,[0.00227274]
2003-05-01,2003-06-01,lag_0,-0.0002727794308094,-0.0007161933793089839,-0.0004390364243252614,[0.00227433]
2003-05-01,2003-06-01,lag_1,-0.0059747153090858,-0.000983678919614259,-0.0004390364243252614,[0.00227433]
2003-05-01,2003-06-01,lag_2,-0.0026319713476281,-0.0004354407469065711,-0.0004390364243252614,[0.00227433]
2003-05-01,2003-06-01,lag_3,0.001187420927927,-4.016659171498094e-05,-0.0004390364243252614,[0.00227433]
2003-05-01,2003-06-01,lag_4,0.0084854057238992,-0.00014395775839865258,-0.0004390364243252614,[0.00227433]
2003-05-01,2003-06-01,lag_5,-0.0055766272909192,-0.0,-0.0004390364243252614,[0.00227433]
2003-05-01,2003-06-01,lag_6,0.0055865759173183,0.0,-0.0004390364243252614,[0.00227433]
2003-05-01,2003-06-01,lag_7,-0.0020848363369347,-0.0,-0.0004390364243252614,[0.00227433]
2003-05-01,2003-06-01,lag_8,0.000848648696599,-0.00018838617705953982,-0.0004390364243252614,[0.00227433]
2003-05-01,2003-06-01,lag_9,-0.0011111535235635,-0.0,-0.0004390364243252614,[0.00227433]
2003-05-01,2003-06-01,lag_10,-0.0003219706394999,-0.0,-0.0004390364243252614,[0.00227433]
2003-05-01,2003-06-01,lag_11,0.0082150192364478,-0.00020553911538403482,-0.0004390364243252614,[0.00227433]
2003-05-01,2003-06-01,volatility_3m,0.002865071158285028,-0.0,-0.0004390364243252614,[0.00227433]
2003-06-01,2003-07-01,lag_0,0.0012771147115513,-0.0002775209194282209,0.0009162095117680067,[0.00218587]
2003-06-01,2003-07-01,lag_1,-0.0002727794308094,-0.000262099668327534,0.0009162095117680067,[0.00218587]
2003-06-01,2003-07-01,lag_2,-0.0059747153090858,-0.0005173648298461282,0.0009162095117680067,[0.00218587]
2003-06-01,2003-07-01,lag_3,-0.0026319713476281,-1.2642577921580168e-05,0.0009162095117680067,[0.00218587]
2003-06-01,2003-07-01,lag_4,0.001187420927927,-0.0,0.0009162095117680067,[0.00218587]
2003-06-01,2003-07-01,lag_5,0.0084854057238992,0.0,0.0009162095117680067,[0.00218587]
2003-06-01,2003-07-01,lag_6,-0.0055766272909192,-0.0,0.0009162095117680067,[0.00218587]
2003-06-01,2003-07-01,lag_7,0.0055865759173183,0.0,0.0009162095117680067,[0.00218587]
2003-06-01,2003-07-01,lag_8,-0.0020848363369347,-0.00020002976460183503,0.0009162095117680067,[0.00218587]
2003-06-01,2003-07-01,lag_9,0.000848648696599,-0.0,0.0009162095117680067,[0.00218587]
2003-06-01,2003-07-01,lag_10,-0.0011111535235635,-0.0,0.0009162095117680067,[0.00218587]
2003-06-01,2003-07-01,lag_11,-0.0003219706394999,-0.0,0.0009162095117680067,[0.00218587]
2003-06-01,2003-07-01,volatility_3m,0.0038188847250803723,-0.0,0.0009162095117680067,[0.00218587]
2003-07-01,2003-08-01,lag_0,0.0051251355505987,0.0006540036416991381,0.0027255403790506514,[0.00220538]
2003-07-01,2003-08-01,lag_1,0.0012771147115513,-0.0001004714866883694,0.0027255403790506514,[0.00220538]
2003-07-01,2003-08-01,lag_2,-0.0002727794308094,-0.00014930049379028597,0.0027255403790506514,[0.00220538]
2003-07-01,2003-08-01,lag_3,-0.0059747153090858,-0.0,0.0027255403790506514,[0.00220538]
2003-07-01,2003-08-01,lag_4,-0.0026319713476281,-0.0,0.0027255403790506514,[0.00220538]
2003-07-01,2003-08-01,lag_5,0.001187420927927,-0.0,0.0027255403790506514,[0.00220538]
2003-07-01,2003-08-01,lag_6,0.0084854057238992,0.0,0.0027255403790506514,[0.00220538]
2003-07-01,2003-08-01,lag_7,-0.0055766272909192,-0.0,0.0027255403790506514,[0.00220538]
2003-07-01,2003-08-01,lag_8,0.0055865759173183,0.0001159307532656741,0.0027255403790506514,[0.00220538]
2003-07-01,2003-08-01,lag_9,-0.0020848363369347,-0.0,0.0027255403790506514,[0.00220538]
2003-07-01,2003-08-01,lag_10,0.000848648696599,-0.0,0.0027255403790506514,[0.00220538]
2003-07-01,2003-08-01,lag_11,-0.0011111535235635,-0.0,0.0027255403790506514,[0.00220538]
2003-07-01,2003-08-01,volatility_3m,0.0027792961452130604,-0.0,0.0027255403790506514,[0.00220538]
2003-08-01,2003-09-01,lag_0,-0.0021841578199746,-0.001145105855400324,0.0009052136043793059,[0.00217722]
2003-08-01,2003-09-01,lag_1,0.0051251355505987,0.0002627901977250901,0.0009052136043793059,[0.00217722]
2003-08-01,2003-09-01,lag_2,0.0012771147115513,-5.755464857483279e-05,0.0009052136043793059,[0.00217722]
2003-08-01,2003-09-01,lag_3,-0.0002727794308094,-1.6562518070371842e-06,0.0009052136043793059,[0.00217722]
2003-08-01,2003-09-01,lag_4,-0.0059747153090858,-0.0,0.0009052136043793059,[0.00217722]
2003-08-01,2003-09-01,lag_5,-0.0026319713476281,-0.0,0.0009052136043793059,[0.00217722]
2003-08-01,2003-09-01,lag_6,0.001187420927927,-0.0,0.0009052136043793059,[0.00217722]
2003-08-01,2003-09-01,lag_7,0.0084854057238992,0.0,0.0009052136043793059,[0.00217722]
2003-08-01,2003-09-01,lag_8,-0.0055766272909192,-0.0003304774948096697,0.0009052136043793059,[0.00217722]
2003-08-01,2003-09-01,lag_9,0.0055865759173183,0.0,0.0009052136043793059,[0.00217722]
2003-08-01,2003-09-01,lag_10,-0.0020848363369347,-0.0,0.0009052136043793059,[0.00217722]
2003-08-01,2003-09-01,lag_11,0.000848648696599,-0.0,0.0009052136043793059,[0.00217722]
2003-08-01,2003-09-01,volatility_3m,0.003656351585308903,-0.0,0.0009052136043793059,[0.00217722]
2003-09-01,2003-10-01,lag_0,0.006426751702139,0.0009611580345747365,0.0030442620106167126,[0.00215621]
2003-09-01,2003-10-01,lag_1,-0.0021841578199746,-0.00043695769449749453,0.0030442620106167126,[0.00215621]
2003-09-01,2003-10-01,lag_2,0.0051251355505987,0.00014664868020572043,0.0030442620106167126,[0.00215621]
2003-09-01,2003-10-01,lag_3,0.0012771147115513,-0.0,0.0030442620106167126,[0.00215621]
2003-09-01,2003-10-01,lag_4,-0.0002727794308094,-0.0,0.0030442620106167126,[0.00215621]
2003-09-01,2003-10-01,lag_5,-0.0059747153090858,-0.0,0.0030442620106167126,[0.00215621]
2003-09-01,2003-10-01,lag_6,-0.0026319713476281,-0.0,0.0030442620106167126,[0.00215621]
2003-09-01,2003-10-01,lag_7,0.001187420927927,-0.0,0.0030442620106167126,[0.00215621]
2003-09-01,2003-10-01,lag_8,0.0084854057238992,0.00021719877031333684,0.0030442620106167126,[0.00215621]
2003-09-01,2003-10-01,lag_9,-0.0055766272909192,-0.0,0.0030442620106167126,[0.00215621]
2003-09-01,2003-10-01,lag_10,0.0055865759173183,0.0,0.0030442620106167126,[0.00215621]
2003-09-01,2003-10-01,lag_11,-0.0020848363369347,-0.0,0.0030442620106167126,[0.00215621]
2003-09-01,2003-10-01,volatility_3m,0.004641618557160925,0.0,0.0030442620106167126,[0.00215621]
2003-10-01,2003-11-01,lag_0,0.0012308567584176,-0.0003058039792317694,0.0019382382198963927,[0.00216427]
2003-10-01,2003-11-01,lag_1,0.006426751702139,0.0003997818568944951,0.0019382382198963927,[0.00216427]
2003-10-01,2003-11-01,lag_2,-0.0021841578199746,-0.00027806895125828804,0.0019382382198963927,[0.00216427]
2003-10-01,2003-11-01,lag_3,0.0051251355505987,9.948509986492873e-06,0.0019382382198963927,[0.00216427]
2003-10-01,2003-11-01,lag_4,0.0012771147115513,-0.0,0.0019382382198963927,[0.00216427]
2003-10-01,2003-11-01,lag_5,-0.0002727794308094,-0.0,0.0019382382198963927,[0.00216427]
2003-10-01,2003-11-01,lag_6,-0.0059747153090858,-0.0,0.0019382382198963927,[0.00216427]
2003-10-01,2003-11-01,lag_7,-0.0026319713476281,-0.0,0.0019382382198963927,[0.00216427]
2003-10-01,2003-11-01,lag_8,0.001187420927927,-5.18851941552223e-05,0.0019382382198963927,[0.00216427]
2003-10-01,2003-11-01,lag_9,0.0084854057238992,0.0,0.0019382382198963927,[0.00216427]
2003-10-01,2003-11-01,lag_10,-0.0055766272909192,-0.0,0.0019382382198963927,[0.00216427]
2003-10-01,2003-11-01,lag_11,0.0055865759173183,0.0,0.0019382382198963927,[0.00216427]
2003-10-01,2003-11-01,volatility_3m,0.004336039122571958,0.0,0.0019382382198963927,[0.00216427]
2003-11-01,2003-12-01,lag_0,0.0066825920491968,0.000995372985861436,0.0031645265001291707,[0.00225395]
2003-11-01,2003-12-01,lag_1,0.0012308567584176,-0.00010031461983093186,0.0031645265001291707,[0.00225395]
2003-11-01,2003-12-01,lag_2,0.006426751702139,0.0001959917046034655,0.0031645265001291707,[0.00225395]
2003-11-01,2003-12-01,lag_3,-0.0021841578199746,-0.0,0.0031645265001291707,[0.00225395]
2003-11-01,2003-12-01,lag_4,0.0051251355505987,0.0,0.0031645265001291707,[0.00225395]
2003-11-01,2003-12-01,lag_5,0.0012771147115513,-0.0,0.0031645265001291707,[0.00225395]
2003-11-01,2003-12-01,lag_6,-0.0002727794308094,-0.0,0.0031645265001291707,[0.00225395]
2003-11-01,2003-12-01,lag_7,-0.0059747153090858,-0.0,0.0031645265001291707,[0.00225395]
2003-11-01,2003-12-01,lag_8,-0.0026319713476281,-0.0001804776437506047,0.0031645265001291707,[0.00225395]
2003-11-01,2003-12-01,lag_9,0.001187420927927,-0.0,0.0031645265001291707,[0.00225395]
2003-11-01,2003-12-01,lag_10,0.0084854057238992,0.0,0.0031645265001291707,[0.00225395]
2003-11-01,2003-12-01,lag_11,-0.0055766272909192,-0.0,0.0031645265001291707,[0.00225395]
2003-11-01,2003-12-01,volatility_3m,0.00307636680274258,-0.0,0.0031645265001291707,[0.00225395]
2003-12-01,2004-01-01,lag_0,0.0002959460294098,-0.0005403090495394817,0.0016910625315856027,[0.00222505]
2003-12-01,2004-01-01,lag_1,0.0066825920491968,0.0003968335319996767,0.0016910625315856027,[0.00222505]
2003-12-01,2004-01-01,lag_2,0.0012308567584176,-6.211783183410373e-05,0.0016910625315856027,[0.00222505]
2003-12-01,2004-01-01,lag_3,0.006426751702139,0.0,0.0016910625315856027,[0.00222505]
2003-12-01,2004-01-01,lag_4,-0.0021841578199746,-0.0,0.0016910625315856027,[0.00222505]
2003-12-01,2004-01-01,lag_5,0.0051251355505987,0.0,0.0016910625315856027,[0.00222505]
2003-12-01,2004-01-01,lag_6,0.0012771147115513,-0.0,0.0016910625315856027,[0.00222505]
2003-12-01,2004-01-01,lag_7,-0.0002727794308094,-0.0,0.0016910625315856027,[0.00222505]
2003-12-01,2004-01-01,lag_8,-0.0059747153090858,-0.00032839442475714236,0.0016910625315856027,[0.00222505]
2003-12-01,2004-01-01,lag_9,-0.0026319713476281,-0.0,0.0016910625315856027,[0.00222505]
2003-12-01,2004-01-01,lag_10,0.001187420927927,-0.0,0.0016910625315856027,[0.00222505]
2003-12-01,2004-01-01,lag_11,0.0084854057238992,0.0,0.0016910625315856027,[0.00222505]
2003-12-01,2004-01-01,volatility_3m,0.0034492685972053647,-0.0,0.0016910625315856027,[0.00222505]
2004-01-01,2004-02-01,lag_0,0.0015206262190341,-0.00021022915135790674,0.0019540499311935518,[0.00223889]
2004-01-01,2004-02-01,lag_1,0.0002959460294098,-0.00020372685745996143,0.0019540499311935518,[0.00223889]
2004-01-01,2004-02-01,lag_2,0.0066825920491968,0.0002167416053106377,0.0019540499311935518,[0.00223889]
2004-01-01,2004-02-01,lag_3,0.0012308567584176,-0.0,0.0019540499311935518,[0.00223889]
2004-01-01,2004-02-01,lag_4,0.006426751702139,0.0,0.0019540499311935518,[0.00223889]
2004-01-01,2004-02-01,lag_5,-0.0021841578199746,-0.0,0.0019540499311935518,[0.00223889]
2004-01-01,2004-02-01,lag_6,0.0051251355505987,0.0,0.0019540499311935518,[0.00223889]
2004-01-01,2004-02-01,lag_7,0.0012771147115513,-0.0,0.0019540499311935518,[0.00223889]
2004-01-01,2004-02-01,lag_8,-0.0002727794308094,-8.762824044139022e-05,0.0019540499311935518,[0.00223889]
2004-01-01,2004-02-01,lag_9,-0.0059747153090858,-0.0,0.0019540499311935518,[0.00223889]
2004-01-01,2004-02-01,lag_10,-0.0026319713476281,-0.0,0.0019540499311935518,[0.00223889]
2004-01-01,2004-02-01,lag_11,0.001187420927927,-0.0,0.0019540499311935518,[0.00223889]
2004-01-01,2004-02-01,volatility_3m,0.0033895668400914843,-0.0,0.0019540499311935518,[0.00223889]
2004-02-01,2004-03-01,lag_0,0.0060143061091606,0.000878022325640789,0.0028163460229983016,[0.00216109]
2004-02-01,2004-03-01,lag_1,0.0015206262190341,-8.183325043782892e-05,0.0028163460229983016,[0.00216109]
2004-02-01,2004-03-01,lag_2,0.0002959460294098,-0.00011077330185654535,0.0028163460229983016,[0.00216109]
2004-02-01,2004-03-01,lag_3,0.0066825920491968,1.1397327004923407e-05,0.0028163460229983016,[0.00216109]
2004-02-01,2004-03-01,lag_4,0.0012308567584176,-0.0,0.0028163460229983016,[0.00216109]
2004-02-01,2004-03-01,lag_5,0.006426751702139,0.0,0.0028163460229983016,[0.00216109]
2004-02-01,2004-03-01,lag_6,-0.0021841578199746,-0.0,0.0028163460229983016,[0.00216109]
2004-02-01,2004-03-01,lag_7,0.0051251355505987,0.0,0.0028163460229983016,[0.00216109]
2004-02-01,2004-03-01,lag_8,0.0012771147115513,-4.156186553878181e-05,0.0028163460229983016,[0.00216109]
2004-02-01,2004-03-01,lag_9,-0.0002727794308094,-0.0,0.0028163460229983016,[0.00216109]
2004-02-01,2004-03-01,lag_10,-0.0059747153090858,-0.0,0.0028163460229983016,[0.00216109]
2004-02-01,2004-03-01,lag_11,-0.0026319713476281,-0.0,0.0028163460229983016,[0.00216109]
2004-02-01,2004-03-01,volatility_3m,0.0030108869823656367,-0.0,0.0028163460229983016,[0.00216109]
2004-03-01,2004-04-01,lag_0,-0.0040087558487682,-0.0015670509924349291,0.001022633819534516,[0.00221038]
2004-03-01,2004-04-01,lag_1,0.0060143061091606,0.00033130932788678864,0.001022633819534516,[0.00221038]
2004-03-01,2004-04-01,lag_2,0.0015206262190341,-4.5985214973100066e-05,0.001022633819534516,[0.00221038]
2004-03-01,2004-04-01,lag_3,0.0002959460294098,-0.0,0.001022633819534516,[0.00221038]
2004-03-01,2004-04-01,lag_4,0.0066825920491968,0.0,0.001022633819534516,[0.00221038]
2004-03-01,2004-04-01,lag_5,0.0012308567584176,-0.0,0.001022633819534516,[0.00221038]
2004-03-01,2004-04-01,lag_6,0.006426751702139,0.0,0.001022633819534516,[0.00221038]
2004-03-01,2004-04-01,lag_7,-0.0021841578199746,-0.0,0.001022633819534516,[0.00221038]
2004-03-01,2004-04-01,lag_8,0.0051251355505987,9.398120074917813e-05,0.001022633819534516,[0.00221038]
2004-03-01,2004-04-01,lag_9,0.0012771147115513,-0.0,0.001022633819534516,[0.00221038]
2004-03-01,2004-04-01,lag_10,-0.0002727794308094,-0.0,0.001022633819534516,[0.00221038]
2004-03-01,2004-04-01,lag_11,-0.0059747153090858,-0.0,0.001022633819534516,[0.00221038]
2004-03-01,2004-04-01,volatility_3m,0.005020441481568802,0.0,0.001022633819534516,[0.00221038]
2004-04-01,2004-05-01,lag_0,0.0037074991758068,0.0003181739728084801,0.0018415280239583377,[0.00215386]
2004-04-01,2004-05-01,lag_1,-0.0040087558487682,-0.0006618210743348713,0.0018415280239583377,[0.00215386]
2004-04-01,2004-05-01,lag_2,0.0060143061091606,0.0002008803495532281,0.0018415280239583377,[0.00215386]
2004-04-01,2004-05-01,lag_3,0.0015206262190341,-0.0,0.0018415280239583377,[0.00215386]
2004-04-01,2004-05-01,lag_4,0.0002959460294098,-0.0,0.0018415280239583377,[0.00215386]
2004-04-01,2004-05-01,lag_5,0.0066825920491968,0.0,0.0018415280239583377,[0.00215386]
2004-04-01,2004-05-01,lag_6,0.0012308567584176,-0.0,0.0018415280239583377,[0.00215386]
2004-04-01,2004-05-01,lag_7,0.006426751702139,0.0,0.0018415280239583377,[0.00215386]
2004-04-01,2004-05-01,lag_8,-0.0021841578199746,-0.00016956640804630568,0.0018415280239583377,[0.00215386]
2004-04-01,2004-05-01,lag_9,0.0051251355505987,0.0,0.0018415280239583377,[0.00215386]
2004-04-01,2004-05-01,lag_10,0.0012771147115513,-0.0,0.0018415280239583377,[0.00215386]
2004-04-01,2004-05-01,lag_11,-0.0002727794308094,-0.0,0.0018415280239583377,[0.00215386]
2004-04-01,2004-05-01,volatility_3m,0.0052491859820440676,0.0,0.0018415280239583377,[0.00215386]
2004-05-01,2004-06-01,lag_0,0.0071977507067373,0.0011574453193321473,0.003182294556319217,[0.00213956]
2004-05-01,2004-06-01,lag_1,0.0037074991758068,0.0001266334199012636,0.003182294556319217,[0.00213956]
2004-05-01,2004-06-01,lag_2,-0.0040087558487682,-0.00040179247711850664,0.003182294556319217,[0.00213956]
2004-05-01,2004-06-01,lag_3,0.0060143061091606,0.0,0.003182294556319217,[0.00213956]
2004-05-01,2004-06-01,lag_4,0.0015206262190341,-0.0,0.003182294556319217,[0.00213956]
2004-05-01,2004-06-01,lag_5,0.0002959460294098,-0.0,0.003182294556319217,[0.00213956]
2004-05-01,2004-06-01,lag_6,0.0066825920491968,0.0,0.003182294556319217,[0.00213956]
2004-05-01,2004-06-01,lag_7,0.0012308567584176,-0.0,0.003182294556319217,[0.00213956]
2004-05-01,2004-06-01,lag_8,0.006426751702139,0.00016044576829958958,0.003182294556319217,[0.00213956]
2004-05-01,2004-06-01,lag_9,-0.0021841578199746,-0.0,0.003182294556319217,[0.00213956]
2004-05-01,2004-06-01,lag_10,0.0051251355505987,0.0,0.003182294556319217,[0.00213956]
2004-05-01,2004-06-01,lag_11,0.0012771147115513,-0.0,0.003182294556319217,[0.00213956]
2004-05-01,2004-06-01,volatility_3m,0.0057345188192795705,0.0,0.003182294556319217,[0.00213956]
2004-06-01,2004-07-01,lag_0,-0.0078328388061885,-0.0,0.0020783359945022216,[0.00207834]
2004-06-01,2004-07-01,lag_1,0.0071977507067373,0.0,0.0020783359945022216,[0.00207834]
2004-06-01,2004-07-01,lag_2,0.0037074991758068,0.0,0.0020783359945022216,[0.00207834]
2004-06-01,2004-07-01,lag_3,-0.0040087558487682,-0.0,0.0020783359945022216,[0.00207834]
2004-06-01,2004-07-01,lag_4,0.0060143061091606,0.0,0.0020783359945022216,[0.00207834]
2004-06-01,2004-07-01,lag_5,0.0015206262190341,-0.0,0.0020783359945022216,[0.00207834]
2004-06-01,2004-07-01,lag_6,0.0002959460294098,-0.0,0.0020783359945022216,[0.00207834]
2004-06-01,2004-07-01,lag_7,0.0066825920491968,0.0,0.0020783359945022216,[0.00207834]
2004-06-01,2004-07-01,lag_8,0.0012308567584176,-0.0,0.0020783359945022216,[0.00207834]
2004-06-01,2004-07-01,lag_9,0.006426751702139,0.0,0.0020783359945022216,[0.00207834]
2004-06-01,2004-07-01,lag_10,-0.0021841578199746,-0.0,0.0020783359945022216,[0.00207834]
2004-06-01,2004-07-01,lag_11,0.0051251355505987,0.0,0.0020783359945022216,[0.00207834]
2004-06-01,2004-07-01,volatility_3m,0.007866382878997618,0.0,0.0020783359945022216,[0.00207834]
2004-07-01,2004-08-01,lag_0,0.0074438796836666,0.0,0.0020719433502882794,[0.00207194]
2004-07-01,2004-08-01,lag_1,-0.0078328388061885,-0.0,0.0020719433502882794,[0.00207194]
2004-07-01,2004-08-01,lag_2,0.0071977507067373,0.0,0.0020719433502882794,[0.00207194]
2004-07-01,2004-08-01,lag_3,0.0037074991758068,0.0,0.0020719433502882794,[0.00207194]
2004-07-01,2004-08-01,lag_4,-0.0040087558487682,-0.0,0.0020719433502882794,[0.00207194]
2004-07-01,2004-08-01,lag_5,0.0060143061091606,0.0,0.0020719433502882794,[0.00207194]
2004-07-01,2004-08-01,lag_6,0.0015206262190341,-0.0,0.0020719433502882794,[0.00207194]
2004-07-01,2004-08-01,lag_7,0.0002959460294098,-0.0,0.0020719433502882794,[0.00207194]
2004-07-01,2004-08-01,lag_8,0.0066825920491968,0.0,0.0020719433502882794,[0.00207194]
2004-07-01,2004-08-01,lag_9,0.0012308567584176,-0.0,0.0020719433502882794,[0.00207194]
2004-07-01,2004-08-01,lag_10,0.006426751702139,0.0,0.0020719433502882794,[0.00207194]
2004-07-01,2004-08-01,lag_11,-0.0021841578199746,-0.0,0.0020719433502882794,[0.00207194]
2004-07-01,2004-08-01,volatility_3m,0.008749831697406526,0.0,0.0020719433502882794,[0.00207194]
2004-08-01,2004-09-01,lag_0,0.000670966719368,-0.0,0.002120562977944987,[0.00212056]
2004-08-01,2004-09-01,lag_1,0.0074438796836666,0.0,0.002120562977944987,[0.00212056]
2004-08-01,2004-09-01,lag_2,-0.0078328388061885,-0.0,0.002120562977944987,[0.00212056]
2004-08-01,2004-09-01,lag_3,0.0071977507067373,0.0,0.002120562977944987,[0.00212056]
2004-08-01,2004-09-01,lag_4,0.0037074991758068,0.0,0.002120562977944987,[0.00212056]
2004-08-01,2004-09-01,lag_5,-0.0040087558487682,-0.0,0.002120562977944987,[0.00212056]
2004-08-01,2004-09-01,lag_6,0.0060143061091606,0.0,0.002120562977944987,[0.00212056]
2004-08-01,2004-09-01,lag_7,0.0015206262190341,-0.0,0.002120562977944987,[0.00212056]
2004-08-01,2004-09-01,lag_8,0.0002959460294098,-0.0,0.002120562977944987,[0.00212056]
2004-08-01,2004-09-01,lag_9,0.0066825920491968,0.0,0.002120562977944987,[0.00212056]
2004-08-01,2004-09-01,lag_10,0.0012308567584176,-0.0,0.002120562977944987,[0.00212056]
2004-08-01,2004-09-01,lag_11,0.006426751702139,0.0,0.002120562977944987,[0.00212056]
2004-08-01,2004-09-01,volatility_3m,0.007654684690400709,0.0,0.002120562977944987,[0.00212056]
2004-09-01,2004-10-01,lag_0,0.0012701843581544,-0.0,0.0020334179147477468,[0.00203342]
2004-09-01,2004-10-01,lag_1,0.000670966719368,-0.0,0.0020334179147477468,[0.00203342]
2004-09-01,2004-10-01,lag_2,0.0074438796836666,0.0,0.0020334179147477468,[0.00203342]
2004-09-01,2004-10-01,lag_3,-0.0078328388061885,-0.0,0.0020334179147477468,[0.00203342]
2004-09-01,2004-10-01,lag_4,0.0071977507067373,0.0,0.0020334179147477468,[0.00203342]
2004-09-01,2004-10-01,lag_5,0.0037074991758068,0.0,0.0020334179147477468,[0.00203342]
2004-09-01,2004-10-01,lag_6,-0.0040087558487682,-0.0,0.0020334179147477468,[0.00203342]
2004-09-01,2004-10-01,lag_7,0.0060143061091606,0.0,0.0020334179147477468,[0.00203342]
2004-09-01,2004-10-01,lag_8,0.0015206262190341,-0.0,0.0020334179147477468,[0.00203342]
2004-09-01,2004-10-01,lag_9,0.0002959460294098,-0.0,0.0020334179147477468,[0.00203342]
2004-09-01,2004-10-01,lag_10,0.0066825920491968,0.0,0.0020334179147477468,[0.00203342]
2004-09-01,2004-10-01,lag_11,0.0012308567584176,-0.0,0.0020334179147477468,[0.00203342]
2004-09-01,2004-10-01,volatility_3m,0.0037493538503953804,-0.0,0.0020334179147477468,[0.00203342]
2004-10-01,2004-11-01,lag_0,0.0084953127372333,0.0,0.0020958567597717625,[0.00209586]
2004-10-01,2004-11-01,lag_1,0.0012701843581544,-0.0,0.0020958567597717625,[0.00209586]
2004-10-01,2004-11-01,lag_2,0.000670966719368,-0.0,0.0020958567597717625,[0.00209586]
2004-10-01,2004-11-01,lag_3,0.0074438796836666,0.0,0.0020958567597717625,[0.00209586]
2004-10-01,2004-11-01,lag_4,-0.0078328388061885,-0.0,0.0020958567597717625,[0.00209586]
2004-10-01,2004-11-01,lag_5,0.0071977507067373,0.0,0.0020958567597717625,[0.00209586]
2004-10-01,2004-11-01,lag_6,0.0037074991758068,0.0,0.0020958567597717625,[0.00209586]
2004-10-01,2004-11-01,lag_7,-0.0040087558487682,-0.0,0.0020958567597717625,[0.00209586]
2004-10-01,2004-11-01,lag_8,0.0060143061091606,0.0,0.0020958567597717625,[0.00209586]
2004-10-01,2004-11-01,lag_9,0.0015206262190341,-0.0,0.0020958567597717625,[0.00209586]
2004-10-01,2004-11-01,lag_10,0.0002959460294098,-0.0,0.0020958567597717625,[0.00209586]
2004-10-01,2004-11-01,lag_11,0.0066825920491968,0.0,0.0020958567597717625,[0.00209586]
2004-10-01,2004-11-01,volatility_3m,0.004354727937925411,0.0,0.0020958567597717625,[0.00209586]
2004-11-01,2004-12-01,lag_0,0.0024803554509942,0.0,0.002091489765335023,[0.00209149]
2004-11-01,2004-12-01,lag_1,0.0084953127372333,0.0,0.002091489765335023,[0.00209149]
2004-11-01,2004-12-01,lag_2,0.0012701843581544,-0.0,0.002091489765335023,[0.00209149]
2004-11-01,2004-12-01,lag_3,0.000670966719368,-0.0,0.002091489765335023,[0.00209149]
2004-11-01,2004-12-01,lag_4,0.0074438796836666,0.0,0.002091489765335023,[0.00209149]
2004-11-01,2004-12-01,lag_5,-0.0078328388061885,-0.0,0.002091489765335023,[0.00209149]
2004-11-01,2004-12-01,lag_6,0.0071977507067373,0.0,0.002091489765335023,[0.00209149]
2004-11-01,2004-12-01,lag_7,0.0037074991758068,0.0,0.002091489765335023,[0.00209149]
2004-11-01,2004-12-01,lag_8,-0.0040087558487682,-0.0,0.002091489765335023,[0.00209149]
2004-11-01,2004-12-01,lag_9,0.0060143061091606,0.0,0.002091489765335023,[0.00209149]
2004-11-01,2004-12-01,lag_10,0.0015206262190341,-0.0,0.002091489765335023,[0.00209149]
2004-11-01,2004-12-01,lag_11,0.0002959460294098,-0.0,0.002091489765335023,[0.00209149]
2004-11-01,2004-12-01,volatility_3m,0.00386968356422497,0.0,0.002091489765335023,[0.00209149]
2004-12-01,2005-01-01,lag_0,0.0079362410009355,0.0,0.002110929161211727,[0.00211093]
2004-12-01,2005-01-01,lag_1,0.0024803554509942,0.0,0.002110929161211727,[0.00211093]
2004-12-01,2005-01-01,lag_2,0.0084953127372333,0.0,0.002110929161211727,[0.00211093]
2004-12-01,2005-01-01,lag_3,0.0012701843581544,-0.0,0.002110929161211727,[0.00211093]
2004-12-01,2005-01-01,lag_4,0.000670966719368,-0.0,0.002110929161211727,[0.00211093]
2004-12-01,2005-01-01,lag_5,0.0074438796836666,0.0,0.002110929161211727,[0.00211093]
2004-12-01,2005-01-01,lag_6,-0.0078328388061885,-0.0,0.002110929161211727,[0.00211093]
2004-12-01,2005-01-01,lag_7,0.0071977507067373,0.0,0.002110929161211727,[0.00211093]
2004-12-01,2005-01-01,lag_8,0.0037074991758068,0.0,0.002110929161211727,[0.00211093]
2004-12-01,2005-01-01,lag_9,-0.0040087558487682,-0.0,0.002110929161211727,[0.00211093]
2004-12-01,2005-01-01,lag_10,0.0060143061091606,0.0,0.002110929161211727,[0.00211093]
2004-12-01,2005-01-01,lag_11,0.0015206262190341,-0.0,0.002110929161211727,[0.00211093]
2004-12-01,2005-01-01,volatility_3m,0.003323125022617169,-0.0,0.002110929161211727,[0.00211093]
2005-01-01,2005-02-01,lag_0,0.0035900791158702,0.0,0.0021431967247678312,[0.0021432]
2005-01-01,2005-02-01,lag_1,0.0079362410009355,0.0,0.0021431967247678312,[0.0021432]
2005-01-01,2005-02-01,lag_2,0.0024803554509942,0.0,0.0021431967247678312,[0.0021432]
2005-01-01,2005-02-01,lag_3,0.0084953127372333,0.0,0.0021431967247678312,[0.0021432]
2005-01-01,2005-02-01,lag_4,0.0012701843581544,-0.0,0.0021431967247678312,[0.0021432]
2005-01-01,2005-02-01,lag_5,0.000670966719368,-0.0,0.0021431967247678312,[0.0021432]
2005-01-01,2005-02-01,lag_6,0.0074438796836666,0.0,0.0021431967247678312,[0.0021432]
2005-01-01,2005-02-01,lag_7,-0.0078328388061885,-0.0,0.0021431967247678312,[0.0021432]
2005-01-01,2005-02-01,lag_8,0.0071977507067373,0.0,0.0021431967247678312,[0.0021432]
2005-01-01,2005-02-01,lag_9,0.0037074991758068,0.0,0.0021431967247678312,[0.0021432]
2005-01-01,2005-02-01,lag_10,-0.0040087558487682,-0.0,0.0021431967247678312,[0.0021432]
2005-01-01,2005-02-01,lag_11,0.0060143061091606,0.0,0.0021431967247678312,[0.0021432]
2005-01-01,2005-02-01,volatility_3m,0.002883496051602362,-0.0,0.0021431967247678312,[0.0021432]
2005-02-01,2005-03-01,lag_0,0.007232846062771,0.0,0.002065955271683327,[0.00206596]
2005-02-01,2005-03-01,lag_1,0.0035900791158702,0.0,0.002065955271683327,[0.00206596]
2005-02-01,2005-03-01,lag_2,0.0079362410009355,0.0,0.002065955271683327,[0.00206596]
2005-02-01,2005-03-01,lag_3,0.0024803554509942,0.0,0.002065955271683327,[0.00206596]
2005-02-01,2005-03-01,lag_4,0.0084953127372333,0.0,0.002065955271683327,[0.00206596]
2005-02-01,2005-03-01,lag_5,0.0012701843581544,-0.0,0.002065955271683327,[0.00206596]
2005-02-01,2005-03-01,lag_6,0.000670966719368,-0.0,0.002065955271683327,[0.00206596]
2005-02-01,2005-03-01,lag_7,0.0074438796836666,0.0,0.002065955271683327,[0.00206596]
2005-02-01,2005-03-01,lag_8,-0.0078328388061885,-0.0,0.002065955271683327,[0.00206596]
2005-02-01,2005-03-01,lag_9,0.0071977507067373,0.0,0.002065955271683327,[0.00206596]
2005-02-01,2005-03-01,lag_10,0.0037074991758068,0.0,0.002065955271683327,[0.00206596]
2005-02-01,2005-03-01,lag_11,-0.0040087558487682,-0.0,0.002065955271683327,[0.00206596]
2005-02-01,2005-03-01,volatility_3m,0.002332867998825436,-0.0,0.002065955271683327,[0.00206596]
2005-03-01,2005-04-01,lag_0,-0.0013521797796176,-0.0,0.0020240435752229093,[0.00202404]
2005-03-01,2005-04-01,lag_1,0.007232846062771,0.0,0.0020240435752229093,[0.00202404]
2005-03-01,2005-04-01,lag_2,0.0035900791158702,0.0,0.0020240435752229093,[0.00202404]
2005-03-01,2005-04-01,lag_3,0.0079362410009355,0.0,0.0020240435752229093,[0.00202404]
2005-03-01,2005-04-01,lag_4,0.0024803554509942,0.0,0.0020240435752229093,[0.00202404]
2005-03-01,2005-04-01,lag_5,0.0084953127372333,0.0,0.0020240435752229093,[0.00202404]
2005-03-01,2005-04-01,lag_6,0.0012701843581544,-0.0,0.0020240435752229093,[0.00202404]
2005-03-01,2005-04-01,lag_7,0.000670966719368,-0.0,0.0020240435752229093,[0.00202404]
2005-03-01,2005-04-01,lag_8,0.0074438796836666,0.0,0.0020240435752229093,[0.00202404]
2005-03-01,2005-04-01,lag_9,-0.0078328388061885,-0.0,0.0020240435752229093,[0.00202404]
2005-03-01,2005-04-01,lag_10,0.0071977507067373,0.0,0.0020240435752229093,[0.00202404]
2005-03-01,2005-04-01,lag_11,0.0037074991758068,0.0,0.0020240435752229093,[0.00202404]
2005-03-01,2005-04-01,volatility_3m,0.004308873455516754,0.0,0.0020240435752229093,[0.00202404]
2005-04-01,2005-05-01,lag_0,0.0021501954438223,-0.0,0.0021036613524708556,[0.00210366]
2005-04-01,2005-05-01,lag_1,-0.0013521797796176,-0.0,0.0021036613524708556,[0.00210366]
2005-04-01,2005-05-01,lag_2,0.007232846062771,0.0,0.0021036613524708556,[0.00210366]
2005-04-01,2005-05-01,lag_3,0.0035900791158702,0.0,0.0021036613524708556,[0.00210366]
2005-04-01,2005-05-01,lag_4,0.0079362410009355,0.0,0.0021036613524708556,[0.00210366]
2005-04-01,2005-05-01,lag_5,0.0024803554509942,0.0,0.0021036613524708556,[0.00210366]
2005-04-01,2005-05-01,lag_6,0.0084953127372333,0.0,0.0021036613524708556,[0.00210366]
2005-04-01,2005-05-01,lag_7,0.0012701843581544,-0.0,0.0021036613524708556,[0.00210366]
2005-04-01,2005-05-01,lag_8,0.000670966719368,-0.0,0.0021036613524708556,[0.00210366]
2005-04-01,2005-05-01,lag_9,0.0074438796836666,0.0,0.0021036613524708556,[0.00210366]
2005-04-01,2005-05-01,lag_10,-0.0078328388061885,-0.0,0.0021036613524708556,[0.00210366]
2005-04-01,2005-05-01,lag_11,0.0071977507067373,0.0,0.0021036613524708556,[0.00210366]
2005-04-01,2005-05-01,volatility_3m,0.004316685422762573,0.0,0.0021036613524708556,[0.00210366]
2005-05-01,2005-06-01,lag_0,0.0008997205268519,-0.0,0.002133190190711408,[0.00213319]
2005-05-01,2005-06-01,lag_1,0.0021501954438223,-0.0,0.002133190190711408,[0.00213319]
2005-05-01,2005-06-01,lag_2,-0.0013521797796176,-0.0,0.002133190190711408,[0.00213319]
2005-05-01,2005-06-01,lag_3,0.007232846062771,0.0,0.002133190190711408,[0.00213319]
2005-05-01,2005-06-01,lag_4,0.0035900791158702,0.0,0.002133190190711408,[0.00213319]
2005-05-01,2005-06-01,lag_5,0.0079362410009355,0.0,0.002133190190711408,[0.00213319]
2005-05-01,2005-06-01,lag_6,0.0024803554509942,0.0,0.002133190190711408,[0.00213319]
2005-05-01,2005-06-01,lag_7,0.0084953127372333,0.0,0.002133190190711408,[0.00213319]
2005-05-01,2005-06-01,lag_8,0.0012701843581544,-0.0,0.002133190190711408,[0.00213319]
2005-05-01,2005-06-01,lag_9,0.000670966719368,-0.0,0.002133190190711408,[0.00213319]
2005-05-01,2005-06-01,lag_10,0.0074438796836666,0.0,0.002133190190711408,[0.00213319]
2005-05-01,2005-06-01,lag_11,-0.0078328388061885,-0.0,0.002133190190711408,[0.00213319]
2005-05-01,2005-06-01,volatility_3m,0.0017748884807228145,-0.0,0.002133190190711408,[0.00213319]
2005-06-01,2005-07-01,lag_0,0.0044875291574637,0.0,0.0021305321304623736,[0.00213053]
2005-06-01,2005-07-01,lag_1,0.0008997205268519,-0.0,0.0021305321304623736,[0.00213053]
2005-06-01,2005-07-01,lag_2,0.0021501954438223,-0.0,0.0021305321304623736,[0.00213053]
2005-06-01,2005-07-01,lag_3,-0.0013521797796176,-0.0,0.0021305321304623736,[0.00213053]
2005-06-01,2005-07-01,lag_4,0.007232846062771,0.0,0.0021305321304623736,[0.00213053]
2005-06-01,2005-07-01,lag_5,0.0035900791158702,0.0,0.0021305321304623736,[0.00213053]
2005-06-01,2005-07-01,lag_6,0.0079362410009355,0.0,0.0021305321304623736,[0.00213053]
2005-06-01,2005-07-01,lag_7,0.0024803554509942,0.0,0.0021305321304623736,[0.00213053]
2005-06-01,2005-07-01,lag_8,0.0084953127372333,0.0,0.0021305321304623736,[0.00213053]
2005-06-01,2005-07-01,lag_9,0.0012701843581544,-0.0,0.0021305321304623736,[0.00213053]
2005-06-01,2005-07-01,lag_10,0.000670966719368,-0.0,0.0021305321304623736,[0.00213053]
2005-06-01,2005-07-01,lag_11,0.0074438796836666,0.0,0.0021305321304623736,[0.00213053]
2005-06-01,2005-07-01,volatility_3m,0.001821134590339648,-0.0,0.0021305321304623736,[0.00213053]
2005-07-01,2005-08-01,lag_0,-0.0031714662882169,-0.0,0.0020877764658035827,[0.00208778]
2005-07-01,2005-08-01,lag_1,0.0044875291574637,0.0,0.0020877764658035827,[0.00208778]
2005-07-01,2005-08-01,lag_2,0.0008997205268519,-0.0,0.0020877764658035827,[0.00208778]
2005-07-01,2005-08-01,lag_3,0.0021501954438223,-0.0,0.0020877764658035827,[0.00208778]
2005-07-01,2005-08-01,lag_4,-0.0013521797796176,-0.0,0.0020877764658035827,[0.00208778]
2005-07-01,2005-08-01,lag_5,0.007232846062771,0.0,0.0020877764658035827,[0.00208778]
2005-07-01,2005-08-01,lag_6,0.0035900791158702,0.0,0.0020877764658035827,[0.00208778]
2005-07-01,2005-08-01,lag_7,0.0079362410009355,0.0,0.0020877764658035827,[0.00208778]
2005-07-01,2005-08-01,lag_8,0.0024803554509942,0.0,0.0020877764658035827,[0.00208778]
2005-07-01,2005-08-01,lag_9,0.0084953127372333,0.0,0.0020877764658035827,[0.00208778]
2005-07-01,2005-08-01,lag_10,0.0012701843581544,-0.0,0.0020877764658035827,[0.00208778]
2005-07-01,2005-08-01,lag_11,0.000670966719368,-0.0,0.0020877764658035827,[0.00208778]
2005-07-01,2005-08-01,volatility_3m,0.003832039145808202,0.0,0.0020877764658035827,[0.00208778]
2005-08-01,2005-09-01,lag_0,0.0032537883465622,0.0,0.0020655793722283433,[0.00206558]
2005-08-01,2005-09-01,lag_1,-0.0031714662882169,-0.0,0.0020655793722283433,[0.00206558]
2005-08-01,2005-09-01,lag_2,0.0044875291574637,0.0,0.0020655793722283433,[0.00206558]
2005-08-01,2005-09-01,lag_3,0.0008997205268519,-0.0,0.0020655793722283433,[0.00206558]
2005-08-01,2005-09-01,lag_4,0.0021501954438223,-0.0,0.0020655793722283433,[0.00206558]
2005-08-01,2005-09-01,lag_5,-0.0013521797796176,-0.0,0.0020655793722283433,[0.00206558]
2005-08-01,2005-09-01,lag_6,0.007232846062771,0.0,0.0020655793722283433,[0.00206558]
2005-08-01,2005-09-01,lag_7,0.0035900791158702,0.0,0.0020655793722283433,[0.00206558]
2005-08-01,2005-09-01,lag_8,0.0079362410009355,0.0,0.0020655793722283433,[0.00206558]
2005-08-01,2005-09-01,lag_9,0.0024803554509942,0.0,0.0020655793722283433,[0.00206558]
2005-08-01,2005-09-01,lag_10,0.0084953127372333,0.0,0.0020655793722283433,[0.00206558]
2005-08-01,2005-09-01,lag_11,0.0012701843581544,-0.0,0.0020655793722283433,[0.00206558]
2005-08-01,2005-09-01,volatility_3m,0.0041123031816568505,0.0,0.0020655793722283433,[0.00206558]
2005-09-01,2005-10-01,lag_0,-0.0195638287695461,-0.0,0.0020395369331142523,[0.00203954]
2005-09-01,2005-10-01,lag_1,0.0032537883465622,0.0,0.0020395369331142523,[0.00203954]
2005-09-01,2005-10-01,lag_2,-0.0031714662882169,-0.0,0.0020395369331142523,[0.00203954]
2005-09-01,2005-10-01,lag_3,0.0044875291574637,0.0,0.0020395369331142523,[0.00203954]
2005-09-01,2005-10-01,lag_4,0.0008997205268519,-0.0,0.0020395369331142523,[0.00203954]
2005-09-01,2005-10-01,lag_5,0.0021501954438223,-0.0,0.0020395369331142523,[0.00203954]
2005-09-01,2005-10-01,lag_6,-0.0013521797796176,-0.0,0.0020395369331142523,[0.00203954]
2005-09-01,2005-10-01,lag_7,0.007232846062771,0.0,0.0020395369331142523,[0.00203954]
2005-09-01,2005-10-01,lag_8,0.0035900791158702,0.0,0.0020395369331142523,[0.00203954]
2005-09-01,2005-10-01,lag_9,0.0079362410009355,0.0,0.0020395369331142523,[0.00203954]
2005-09-01,2005-10-01,lag_10,0.0024803554509942,0.0,0.0020395369331142523,[0.00203954]
2005-09-01,2005-10-01,lag_11,0.0084953127372333,0.0,0.0020395369331142523,[0.00203954]
2005-09-01,2005-10-01,volatility_3m,0.011766032294266674,0.0,0.0020395369331142523,[0.00203954]
2005-10-01,2005-11-01,lag_0,0.0120643294072104,0.0,0.0020773330868734475,[0.00207733]
2005-10-01,2005-11-01,lag_1,-0.0195638287695461,-0.0,0.0020773330868734475,[0.00207733]
2005-10-01,2005-11-01,lag_2,0.0032537883465622,0.0,0.0020773330868734475,[0.00207733]
2005-10-01,2005-11-01,lag_3,-0.0031714662882169,-0.0,0.0020773330868734475,[0.00207733]
2005-10-01,2005-11-01,lag_4,0.0044875291574637,0.0,0.0020773330868734475,[0.00207733]
2005-10-01,2005-11-01,lag_5,0.0008997205268519,-0.0,0.0020773330868734475,[0.00207733]
2005-10-01,2005-11-01,lag_6,0.0021501954438223,-0.0,0.0020773330868734475,[0.00207733]
2005-10-01,2005-11-01,lag_7,-0.0013521797796176,-0.0,0.0020773330868734475,[0.00207733]
2005-10-01,2005-11-01,lag_8,0.007232846062771,0.0,0.0020773330868734475,[0.00207733]
2005-10-01,2005-11-01,lag_9,0.0035900791158702,0.0,0.0020773330868734475,[0.00207733]
2005-10-01,2005-11-01,lag_10,0.0079362410009355,0.0,0.0020773330868734475,[0.00207733]
2005-10-01,2005-11-01,lag_11,0.0024803554509942,0.0,0.0020773330868734475,[0.00207733]
2005-10-01,2005-11-01,volatility_3m,0.01632283510041794,0.0,0.0020773330868734475,[0.00207733]
2005-11-01,2005-12-01,lag_0,0.0111775166214949,0.0,0.0021212881384119245,[0.00212129]
2005-11-01,2005-12-01,lag_1,0.0120643294072104,0.0,0.0021212881384119245,[0.00212129]
2005-11-01,2005-12-01,lag_2,-0.0195638287695461,-0.0,0.0021212881384119245,[0.00212129]
2005-11-01,2005-12-01,lag_3,0.0032537883465622,0.0,0.0021212881384119245,[0.00212129]
2005-11-01,2005-12-01,lag_4,-0.0031714662882169,-0.0,0.0021212881384119245,[0.00212129]
2005-11-01,2005-12-01,lag_5,0.0044875291574637,0.0,0.0021212881384119245,[0.00212129]
2005-11-01,2005-12-01,lag_6,0.0008997205268519,-0.0,0.0021212881384119245,[0.00212129]
2005-11-01,2005-12-01,lag_7,0.0021501954438223,-0.0,0.0021212881384119245,[0.00212129]
2005-11-01,2005-12-01,lag_8,-0.0013521797796176,-0.0,0.0021212881384119245,[0.00212129]
2005-11-01,2005-12-01,lag_9,0.007232846062771,0.0,0.0021212881384119245,[0.00212129]
2005-11-01,2005-12-01,lag_10,0.0035900791158702,0.0,0.0021212881384119245,[0.00212129]
2005-11-01,2005-12-01,lag_11,0.0079362410009355,0.0,0.0021212881384119245,[0.00212129]
2005-11-01,2005-12-01,volatility_3m,0.017960942401264772,0.0,0.0021212881384119245,[0.00212129]
2005-12-01,2006-01-01,lag_0,0.0051516935642315,0.0,0.0020985193565265124,[0.00209852]
2005-12-01,2006-01-01,lag_1,0.0111775166214949,0.0,0.0020985193565265124,[0.00209852]
2005-12-01,2006-01-01,lag_2,0.0120643294072104,0.0,0.0020985193565265124,[0.00209852]
2005-12-01,2006-01-01,lag_3,-0.0195638287695461,-0.0,0.0020985193565265124,[0.00209852]
2005-12-01,2006-01-01,lag_4,0.0032537883465622,0.0,0.0020985193565265124,[0.00209852]
2005-12-01,2006-01-01,lag_5,-0.0031714662882169,-0.0,0.0020985193565265124,[0.00209852]
2005-12-01,2006-01-01,lag_6,0.0044875291574637,0.0,0.0020985193565265124,[0.00209852]
2005-12-01,2006-01-01,lag_7,0.0008997205268519,-0.0,0.0020985193565265124,[0.00209852]
2005-12-01,2006-01-01,lag_8,0.0021501954438223,-0.0,0.0020985193565265124,[0.00209852]
2005-12-01,2006-01-01,lag_9,-0.0013521797796176,-0.0,0.0020985193565265124,[0.00209852]
2005-12-01,2006-01-01,lag_10,0.007232846062771,0.0,0.0020985193565265124,[0.00209852]
2005-12-01,2006-01-01,lag_11,0.0035900791158702,0.0,0.0020985193565265124,[0.00209852]
2005-12-01,2006-01-01,volatility_3m,0.0037612390407947643,-0.0,0.0020985193565265124,[0.00209852]
2006-01-01,2006-02-01,lag_0,0.0015766002009156,-0.0,0.0020633143759490667,[0.00206331]
2006-01-01,2006-02-01,lag_1,0.0051516935642315,0.0,0.0020633143759490667,[0.00206331]
2006-01-01,2006-02-01,lag_2,0.0111775166214949,0.0,0.0020633143759490667,[0.00206331]
2006-01-01,2006-02-01,lag_3,0.0120643294072104,0.0,0.0020633143759490667,[0.00206331]
2006-01-01,2006-02-01,lag_4,-0.0195638287695461,-0.0,0.0020633143759490667,[0.00206331]
2006-01-01,2006-02-01,lag_5,0.0032537883465622,0.0,0.0020633143759490667,[0.00206331]
2006-01-01,2006-02-01,lag_6,-0.0031714662882169,-0.0,0.0020633143759490667,[0.00206331]
2006-01-01,2006-02-01,lag_7,0.0044875291574637,0.0,0.0020633143759490667,[0.00206331]
2006-01-01,2006-02-01,lag_8,0.0008997205268519,-0.0,0.0020633143759490667,[0.00206331]
2006-01-01,2006-02-01,lag_9,0.0021501954438223,-0.0,0.0020633143759490667,[0.00206331]
2006-01-01,2006-02-01,lag_10,-0.0013521797796176,-0.0,0.0020633143759490667,[0.00206331]
2006-01-01,2006-02-01,lag_11,0.007232846062771,0.0,0.0020633143759490667,[0.00206331]
2006-01-01,2006-02-01,volatility_3m,0.004852309281651742,0.0,0.0020633143759490667,[0.00206331]
2006-02-01,2006-03-01,lag_0,0.0004215001803382,-0.0,0.002120397408897109,[0.0021204]
2006-02-01,2006-03-01,lag_1,0.0015766002009156,-0.0,0.002120397408897109,[0.0021204]
2006-02-01,2006-03-01,lag_2,0.0051516935642315,0.0,0.002120397408897109,[0.0021204]
2006-02-01,2006-03-01,lag_3,0.0111775166214949,0.0,0.002120397408897109,[0.0021204]
2006-02-01,2006-03-01,lag_4,0.0120643294072104,0.0,0.002120397408897109,[0.0021204]
2006-02-01,2006-03-01,lag_5,-0.0195638287695461,-0.0,0.002120397408897109,[0.0021204]
2006-02-01,2006-03-01,lag_6,0.0032537883465622,0.0,0.002120397408897109,[0.0021204]
2006-02-01,2006-03-01,lag_7,-0.0031714662882169,-0.0,0.002120397408897109,[0.0021204]
2006-02-01,2006-03-01,lag_8,0.0044875291574637,0.0,0.002120397408897109,[0.0021204]
2006-02-01,2006-03-01,lag_9,0.0008997205268519,-0.0,0.002120397408897109,[0.0021204]
2006-02-01,2006-03-01,lag_10,0.0021501954438223,-0.0,0.002120397408897109,[0.0021204]
2006-02-01,2006-03-01,lag_11,-0.0013521797796176,-0.0,0.002120397408897109,[0.0021204]
2006-02-01,2006-03-01,volatility_3m,0.002466112935471233,-0.0,0.002120397408897109,[0.0021204]
2006-03-01,2006-04-01,lag_0,0.002252114659746,0.0,0.0020835290283856564,[0.00208353]
2006-03-01,2006-04-01,lag_1,0.0004215001803382,-0.0,0.0020835290283856564,[0.00208353]
2006-03-01,2006-04-01,lag_2,0.0015766002009156,-0.0,0.0020835290283856564,[0.00208353]
2006-03-01,2006-04-01,lag_3,0.0051516935642315,0.0,0.0020835290283856564,[0.00208353]
2006-03-01,2006-04-01,lag_4,0.0111775166214949,0.0,0.0020835290283856564,[0.00208353]
2006-03-01,2006-04-01,lag_5,0.0120643294072104,0.0,0.0020835290283856564,[0.00208353]
2006-03-01,2006-04-01,lag_6,-0.0195638287695461,-0.0,0.0020835290283856564,[0.00208353]
2006-03-01,2006-04-01,lag_7,0.0032537883465622,0.0,0.0020835290283856564,[0.00208353]
2006-03-01,2006-04-01,lag_8,-0.0031714662882169,-0.0,0.0020835290283856564,[0.00208353]
2006-03-01,2006-04-01,lag_9,0.0044875291574637,0.0,0.0020835290283856564,[0.00208353]
2006-03-01,2006-04-01,lag_10,0.0008997205268519,-0.0,0.0020835290283856564,[0.00208353]
2006-03-01,2006-04-01,lag_11,0.0021501954438223,-0.0,0.0020835290283856564,[0.00208353]
2006-03-01,2006-04-01,volatility_3m,0.0009257182089099188,-0.0,0.0020835290283856564,[0.00208353]
2006-04-01,2006-05-01,lag_0,0.0030320784432706,0.0,0.002098245073155723,[0.00209825]
2006-04-01,2006-05-01,lag_1,0.002252114659746,0.0,0.002098245073155723,[0.00209825]
2006-04-01,2006-05-01,lag_2,0.0004215001803382,-0.0,0.002098245073155723,[0.00209825]
2006-04-01,2006-05-01,lag_3,0.0015766002009156,-0.0,0.002098245073155723,[0.00209825]
2006-04-01,2006-05-01,lag_4,0.0051516935642315,0.0,0.002098245073155723,[0.00209825]
2006-04-01,2006-05-01,lag_5,0.0111775166214949,0.0,0.002098245073155723,[0.00209825]
2006-04-01,2006-05-01,lag_6,0.0120643294072104,0.0,0.002098245073155723,[0.00209825]
2006-04-01,2006-05-01,lag_7,-0.0195638287695461,-0.0,0.002098245073155723,[0.00209825]
2006-04-01,2006-05-01,lag_8,0.0032537883465622,0.0,0.002098245073155723,[0.00209825]
2006-04-01,2006-05-01,lag_9,-0.0031714662882169,-0.0,0.002098245073155723,[0.00209825]
2006-04-01,2006-05-01,lag_10,0.0044875291574637,0.0,0.002098245073155723,[0.00209825]
2006-04-01,2006-05-01,lag_11,0.0008997205268519,-0.0,0.002098245073155723,[0.00209825]
2006-04-01,2006-05-01,volatility_3m,0.0013400629178464375,-0.0,0.002098245073155723,[0.00209825]
2006-05-01,2006-06-01,lag_0,0.0002541145564114,-0.0,0.002103206909213441,[0.00210321]
2006-05-01,2006-06-01,lag_1,0.0030320784432706,0.0,0.002103206909213441,[0.00210321]
2006-05-01,2006-06-01,lag_2,0.002252114659746,0.0,0.002103206909213441,[0.00210321]
2006-05-01,2006-06-01,lag_3,0.0004215001803382,-0.0,0.002103206909213441,[0.00210321]
2006-05-01,2006-06-01,lag_4,0.0015766002009156,-0.0,0.002103206909213441,[0.00210321]
2006-05-01,2006-06-01,lag_5,0.0051516935642315,0.0,0.002103206909213441,[0.00210321]
2006-05-01,2006-06-01,lag_6,0.0111775166214949,0.0,0.002103206909213441,[0.00210321]
2006-05-01,2006-06-01,lag_7,0.0120643294072104,0.0,0.002103206909213441,[0.00210321]
2006-05-01,2006-06-01,lag_8,-0.0195638287695461,-0.0,0.002103206909213441,[0.00210321]
2006-05-01,2006-06-01,lag_9,0.0032537883465622,0.0,0.002103206909213441,[0.00210321]
2006-05-01,2006-06-01,lag_10,-0.0031714662882169,-0.0,0.002103206909213441,[0.00210321]
2006-05-01,2006-06-01,lag_11,0.0044875291574637,0.0,0.002103206909213441,[0.00210321]
2006-05-01,2006-06-01,volatility_3m,0.0014327962912447903,-0.0,0.002103206909213441,[0.00210321]
2006-06-01,2006-07-01,lag_0,0.0031614092164247,0.0,0.0020571154485129963,[0.00205712]
2006-06-01,2006-07-01,lag_1,0.0002541145564114,-0.0,0.0020571154485129963,[0.00205712]
2006-06-01,2006-07-01,lag_2,0.0030320784432706,0.0,0.0020571154485129963,[0.00205712]
2006-06-01,2006-07-01,lag_3,0.002252114659746,0.0,0.0020571154485129963,[0.00205712]
2006-06-01,2006-07-01,lag_4,0.0004215001803382,-0.0,0.0020571154485129963,[0.00205712]
2006-06-01,2006-07-01,lag_5,0.0015766002009156,-0.0,0.0020571154485129963,[0.00205712]
2006-06-01,2006-07-01,lag_6,0.0051516935642315,0.0,0.0020571154485129963,[0.00205712]
2006-06-01,2006-07-01,lag_7,0.0111775166214949,0.0,0.0020571154485129963,[0.00205712]
2006-06-01,2006-07-01,lag_8,0.0120643294072104,0.0,0.0020571154485129963,[0.00205712]
2006-06-01,2006-07-01,lag_9,-0.0195638287695461,-0.0,0.0020571154485129963,[0.00205712]
2006-06-01,2006-07-01,lag_10,0.0032537883465622,0.0,0.0020571154485129963,[0.00205712]
2006-06-01,2006-07-01,lag_11,-0.0031714662882169,-0.0,0.0020571154485129963,[0.00205712]
2006-06-01,2006-07-01,volatility_3m,0.0016424662373861428,-0.0,0.0020571154485129963,[0.00205712]
2006-07-01,2006-08-01,lag_0,-0.0005127465055316,-0.0,0.0020865964026525966,[0.0020866]
2006-07-01,2006-08-01,lag_1,0.0031614092164247,0.0,0.0020865964026525966,[0.0020866]
2006-07-01,2006-08-01,lag_2,0.0002541145564114,-0.0,0.0020865964026525966,[0.0020866]
2006-07-01,2006-08-01,lag_3,0.0030320784432706,0.0,0.0020865964026525966,[0.0020866]
2006-07-01,2006-08-01,lag_4,0.002252114659746,0.0,0.0020865964026525966,[0.0020866]
2006-07-01,2006-08-01,lag_5,0.0004215001803382,-0.0,0.0020865964026525966,[0.0020866]
2006-07-01,2006-08-01,lag_6,0.0015766002009156,-0.0,0.0020865964026525966,[0.0020866]
2006-07-01,2006-08-01,lag_7,0.0051516935642315,0.0,0.0020865964026525966,[0.0020866]
2006-07-01,2006-08-01,lag_8,0.0111775166214949,0.0,0.0020865964026525966,[0.0020866]
2006-07-01,2006-08-01,lag_9,0.0120643294072104,0.0,0.0020865964026525966,[0.0020866]
2006-07-01,2006-08-01,lag_10,-0.0195638287695461,-0.0,0.0020865964026525966,[0.0020866]
2006-07-01,2006-08-01,lag_11,0.0032537883465622,0.0,0.0020865964026525966,[0.0020866]
2006-07-01,2006-08-01,volatility_3m,0.0019382061464857316,-0.0,0.0020865964026525966,[0.0020866]
2006-08-01,2006-09-01,lag_0,0.0043791388783338,0.0,0.0020911188494978504,[0.00209112]
2006-08-01,2006-09-01,lag_1,-0.0005127465055316,-0.0,0.0020911188494978504,[0.00209112]
2006-08-01,2006-09-01,lag_2,0.0031614092164247,0.0,0.0020911188494978504,[0.00209112]
2006-08-01,2006-09-01,lag_3,0.0002541145564114,-0.0,0.0020911188494978504,[0.00209112]
2006-08-01,2006-09-01,lag_4,0.0030320784432706,0.0,0.0020911188494978504,[0.00209112]
2006-08-01,2006-09-01,lag_5,0.002252114659746,0.0,0.0020911188494978504,[0.00209112]
2006-08-01,2006-09-01,lag_6,0.0004215001803382,-0.0,0.0020911188494978504,[0.00209112]
2006-08-01,2006-09-01,lag_7,0.0015766002009156,-0.0,0.0020911188494978504,[0.00209112]
2006-08-01,2006-09-01,lag_8,0.0051516935642315,0.0,0.0020911188494978504,[0.00209112]
2006-08-01,2006-09-01,lag_9,0.0111775166214949,0.0,0.0020911188494978504,[0.00209112]
2006-08-01,2006-09-01,lag_10,0.0120643294072104,0.0,0.0020911188494978504,[0.00209112]
2006-08-01,2006-09-01,lag_11,-0.0195638287695461,-0.0,0.0020911188494978504,[0.00209112]
2006-08-01,2006-09-01,volatility_3m,0.00254665887021778,-0.0,0.0020911188494978504,[0.00209112]
2006-09-01,2006-10-01,lag_0,-0.0016629623569395,-0.0,0.00208143815637435,[0.00208144]
2006-09-01,2006-10-01,lag_1,0.0043791388783338,0.0,0.00208143815637435,[0.00208144]
2006-09-01,2006-10-01,lag_2,-0.0005127465055316,-0.0,0.00208143815637435,[0.00208144]
2006-09-01,2006-10-01,lag_3,0.0031614092164247,0.0,0.00208143815637435,[0.00208144]
2006-09-01,2006-10-01,lag_4,0.0002541145564114,-0.0,0.00208143815637435,[0.00208144]
2006-09-01,2006-10-01,lag_5,0.0030320784432706,0.0,0.00208143815637435,[0.00208144]
2006-09-01,2006-10-01,lag_6,0.002252114659746,0.0,0.00208143815637435,[0.00208144]
2006-09-01,2006-10-01,lag_7,0.0004215001803382,-0.0,0.00208143815637435,[0.00208144]
2006-09-01,2006-10-01,lag_8,0.0015766002009156,-0.0,0.00208143815637435,[0.00208144]
2006-09-01,2006-10-01,lag_9,0.0051516935642315,0.0,0.00208143815637435,[0.00208144]
2006-09-01,2006-10-01,lag_10,0.0111775166214949,0.0,0.00208143815637435,[0.00208144]
2006-09-01,2006-10-01,lag_11,0.0120643294072104,0.0,0.00208143815637435,[0.00208144]
2006-09-01,2006-10-01,volatility_3m,0.0032083361848731155,-0.0,0.00208143815637435,[0.00208144]
2006-10-01,2006-11-01,lag_0,-0.0011474759561265,-0.0,0.0020657704353182886,[0.00206577]
2006-10-01,2006-11-01,lag_1,-0.0016629623569395,-0.0,0.0020657704353182886,[0.00206577]
2006-10-01,2006-11-01,lag_2,0.0043791388783338,0.0,0.0020657704353182886,[0.00206577]
2006-10-01,2006-11-01,lag_3,-0.0005127465055316,-0.0,0.0020657704353182886,[0.00206577]
2006-10-01,2006-11-01,lag_4,0.0031614092164247,0.0,0.0020657704353182886,[0.00206577]
2006-10-01,2006-11-01,lag_5,0.0002541145564114,-0.0,0.0020657704353182886,[0.00206577]
2006-10-01,2006-11-01,lag_6,0.0030320784432706,0.0,0.0020657704353182886,[0.00206577]
2006-10-01,2006-11-01,lag_7,0.002252114659746,0.0,0.0020657704353182886,[0.00206577]
2006-10-01,2006-11-01,lag_8,0.0004215001803382,-0.0,0.0020657704353182886,[0.00206577]
2006-10-01,2006-11-01,lag_9,0.0015766002009156,-0.0,0.0020657704353182886,[0.00206577]
2006-10-01,2006-11-01,lag_10,0.0051516935642315,0.0,0.0020657704353182886,[0.00206577]
2006-10-01,2006-11-01,lag_11,0.0111775166214949,0.0,0.0020657704353182886,[0.00206577]
2006-10-01,2006-11-01,volatility_3m,0.00334953193484281,-0.0,0.0020657704353182886,[0.00206577]
2006-11-01,2006-12-01,lag_0,-0.0004204326283367,-0.0,0.002046172809095869,[0.00204617]
2006-11-01,2006-12-01,lag_1,-0.0011474759561265,-0.0,0.002046172809095869,[0.00204617]
2006-11-01,2006-12-01,lag_2,-0.0016629623569395,-0.0,0.002046172809095869,[0.00204617]
2006-11-01,2006-12-01,lag_3,0.0043791388783338,0.0,0.002046172809095869,[0.00204617]
2006-11-01,2006-12-01,lag_4,-0.0005127465055316,-0.0,0.002046172809095869,[0.00204617]
2006-11-01,2006-12-01,lag_5,0.0031614092164247,0.0,0.002046172809095869,[0.00204617]
2006-11-01,2006-12-01,lag_6,0.0002541145564114,-0.0,0.002046172809095869,[0.00204617]
2006-11-01,2006-12-01,lag_7,0.0030320784432706,0.0,0.002046172809095869,[0.00204617]
2006-11-01,2006-12-01,lag_8,0.002252114659746,0.0,0.002046172809095869,[0.00204617]
2006-11-01,2006-12-01,lag_9,0.0004215001803382,-0.0,0.002046172809095869,[0.00204617]
2006-11-01,2006-12-01,lag_10,0.0015766002009156,-0.0,0.002046172809095869,[0.00204617]
2006-11-01,2006-12-01,lag_11,0.0051516935642315,0.0,0.002046172809095869,[0.00204617]
2006-11-01,2006-12-01,volatility_3m,0.0006917449370065758,-0.0,0.002046172809095869,[0.00204617]
2006-12-01,2007-01-01,lag_0,0.0101417470966893,0.0,0.0020891827889962153,[0.00208918]
2006-12-01,2007-01-01,lag_1,-0.0004204326283367,-0.0,0.0020891827889962153,[0.00208918]
2006-12-01,2007-01-01,lag_2,-0.0011474759561265,-0.0,0.0020891827889962153,[0.00208918]
2006-12-01,2007-01-01,lag_3,-0.0016629623569395,-0.0,0.0020891827889962153,[0.00208918]
2006-12-01,2007-01-01,lag_4,0.0043791388783338,0.0,0.0020891827889962153,[0.00208918]
2006-12-01,2007-01-01,lag_5,-0.0005127465055316,-0.0,0.0020891827889962153,[0.00208918]
2006-12-01,2007-01-01,lag_6,0.0031614092164247,0.0,0.0020891827889962153,[0.00208918]
2006-12-01,2007-01-01,lag_7,0.0002541145564114,-0.0,0.0020891827889962153,[0.00208918]
2006-12-01,2007-01-01,lag_8,0.0030320784432706,0.0,0.0020891827889962153,[0.00208918]
2006-12-01,2007-01-01,lag_9,0.002252114659746,0.0,0.0020891827889962153,[0.00208918]
2006-12-01,2007-01-01,lag_10,0.0004215001803382,-0.0,0.0020891827889962153,[0.00208918]
2006-12-01,2007-01-01,lag_11,0.0015766002009156,-0.0,0.0020891827889962153,[0.00208918]
2006-12-01,2007-01-01,volatility_3m,0.006318422662875887,0.0,0.0020891827889962153,[0.00208918]
2007-01-01,2007-02-01,lag_0,-0.0033888659943164,-0.0,0.0020795468435567265,[0.00207955]
2007-01-01,2007-02-01,lag_1,0.0101417470966893,0.0,0.0020795468435567265,[0.00207955]
2007-01-01,2007-02-01,lag_2,-0.0004204326283367,-0.0,0.0020795468435567265,[0.00207955]
2007-01-01,2007-02-01,lag_3,-0.0011474759561265,-0.0,0.0020795468435567265,[0.00207955]
2007-01-01,2007-02-01,lag_4,-0.0016629623569395,-0.0,0.0020795468435567265,[0.00207955]
2007-01-01,2007-02-01,lag_5,0.0043791388783338,0.0,0.0020795468435567265,[0.00207955]
2007-01-01,2007-02-01,lag_6,-0.0005127465055316,-0.0,0.0020795468435567265,[0.00207955]
2007-01-01,2007-02-01,lag_7,0.0031614092164247,0.0,0.0020795468435567265,[0.00207955]
2007-01-01,2007-02-01,lag_8,0.0002541145564114,-0.0,0.0020795468435567265,[0.00207955]
2007-01-01,2007-02-01,lag_9,0.0030320784432706,0.0,0.0020795468435567265,[0.00207955]
2007-01-01,2007-02-01,lag_10,0.002252114659746,0.0,0.0020795468435567265,[0.00207955]
2007-01-01,2007-02-01,lag_11,0.0004215001803382,-0.0,0.0020795468435567265,[0.00207955]
2007-01-01,2007-02-01,volatility_3m,0.007111595318099716,0.0,0.0020795468435567265,[0.00207955]
2007-02-01,2007-03-01,lag_0,0.0093784693076743,0.0,0.0020967727346844676,[0.00209677]
2007-02-01,2007-03-01,lag_1,-0.0033888659943164,-0.0,0.0020967727346844676,[0.00209677]
2007-02-01,2007-03-01,lag_2,0.0101417470966893,0.0,0.0020967727346844676,[0.00209677]
2007-02-01,2007-03-01,lag_3,-0.0004204326283367,-0.0,0.0020967727346844676,[0.00209677]
2007-02-01,2007-03-01,lag_4,-0.0011474759561265,-0.0,0.0020967727346844676,[0.00209677]
2007-02-01,2007-03-01,lag_5,-0.0016629623569395,-0.0,0.0020967727346844676,[0.00209677]
2007-02-01,2007-03-01,lag_6,0.0043791388783338,0.0,0.0020967727346844676,[0.00209677]
2007-02-01,2007-03-01,lag_7,-0.0005127465055316,-0.0,0.0020967727346844676,[0.00209677]
2007-02-01,2007-03-01,lag_8,0.0031614092164247,0.0,0.0020967727346844676,[0.00209677]
2007-02-01,2007-03-01,lag_9,0.0002541145564114,-0.0,0.0020967727346844676,[0.00209677]
2007-02-01,2007-03-01,lag_10,0.0030320784432706,0.0,0.0020967727346844676,[0.00209677]
2007-02-01,2007-03-01,lag_11,0.002252114659746,0.0,0.0020967727346844676,[0.00209677]
2007-02-01,2007-03-01,volatility_3m,0.007601150508477389,0.0,0.0020967727346844676,[0.00209677]
2007-03-01,2007-04-01,lag_0,0.0017786154493029,0.0,0.002097678381718916,[0.00209768]
2007-03-01,2007-04-01,lag_1,0.0093784693076743,0.0,0.002097678381718916,[0.00209768]
2007-03-01,2007-04-01,lag_2,-0.0033888659943164,-0.0,0.002097678381718916,[0.00209768]
2007-03-01,2007-04-01,lag_3,0.0101417470966893,0.0,0.002097678381718916,[0.00209768]
2007-03-01,2007-04-01,lag_4,-0.0004204326283367,-0.0,0.002097678381718916,[0.00209768]
2007-03-01,2007-04-01,lag_5,-0.0011474759561265,-0.0,0.002097678381718916,[0.00209768]
2007-03-01,2007-04-01,lag_6,-0.0016629623569395,-0.0,0.002097678381718916,[0.00209768]
2007-03-01,2007-04-01,lag_7,0.0043791388783338,0.0,0.002097678381718916,[0.00209768]
2007-03-01,2007-04-01,lag_8,-0.0005127465055316,-0.0,0.002097678381718916,[0.00209768]
2007-03-01,2007-04-01,lag_9,0.0031614092164247,0.0,0.002097678381718916,[0.00209768]
2007-03-01,2007-04-01,lag_10,0.0002541145564114,-0.0,0.002097678381718916,[0.00209768]
2007-03-01,2007-04-01,lag_11,0.0030320784432706,0.0,0.002097678381718916,[0.00209768]
2007-03-01,2007-04-01,volatility_3m,0.0064221685570660944,0.0,0.002097678381718916,[0.00209768]
2007-04-01,2007-05-01,lag_0,0.0067003199017525,0.0,0.0021387181546570484,[0.00213872]
2007-04-01,2007-05-01,lag_1,0.0017786154493029,0.0,0.0021387181546570484,[0.00213872]
2007-04-01,2007-05-01,lag_2,0.0093784693076743,0.0,0.0021387181546570484,[0.00213872]
2007-04-01,2007-05-01,lag_3,-0.0033888659943164,-0.0,0.0021387181546570484,[0.00213872]
2007-04-01,2007-05-01,lag_4,0.0101417470966893,0.0,0.0021387181546570484,[0.00213872]
2007-04-01,2007-05-01,lag_5,-0.0004204326283367,-0.0,0.0021387181546570484,[0.00213872]
2007-04-01,2007-05-01,lag_6,-0.0011474759561265,-0.0,0.0021387181546570484,[0.00213872]
2007-04-01,2007-05-01,lag_7,-0.0016629623569395,-0.0,0.0021387181546570484,[0.00213872]
2007-04-01,2007-05-01,lag_8,0.0043791388783338,0.0,0.0021387181546570484,[0.00213872]
2007-04-01,2007-05-01,lag_9,-0.0005127465055316,-0.0,0.0021387181546570484,[0.00213872]
2007-04-01,2007-05-01,lag_10,0.0031614092164247,0.0,0.0021387181546570484,[0.00213872]
2007-04-01,2007-05-01,lag_11,0.0002541145564114,-0.0,0.0021387181546570484,[0.00213872]
2007-04-01,2007-05-01,volatility_3m,0.0038547251874875193,-0.0,0.0021387181546570484,[0.00213872]
2007-05-01,2007-06-01,lag_0,0.0009559214748104,-0.0,0.0021511343702920495,[0.00215113]
2007-05-01,2007-06-01,lag_1,0.0067003199017525,0.0,0.0021511343702920495,[0.00215113]
2007-05-01,2007-06-01,lag_2,0.0017786154493029,0.0,0.0021511343702920495,[0.00215113]
2007-05-01,2007-06-01,lag_3,0.0093784693076743,0.0,0.0021511343702920495,[0.00215113]
2007-05-01,2007-06-01,lag_4,-0.0033888659943164,-0.0,0.0021511343702920495,[0.00215113]
2007-05-01,2007-06-01,lag_5,0.0101417470966893,0.0,0.0021511343702920495,[0.00215113]
2007-05-01,2007-06-01,lag_6,-0.0004204326283367,-0.0,0.0021511343702920495,[0.00215113]
2007-05-01,2007-06-01,lag_7,-0.0011474759561265,-0.0,0.0021511343702920495,[0.00215113]
2007-05-01,2007-06-01,lag_8,-0.0016629623569395,-0.0,0.0021511343702920495,[0.00215113]
2007-05-01,2007-06-01,lag_9,0.0043791388783338,0.0,0.0021511343702920495,[0.00215113]
2007-05-01,2007-06-01,lag_10,-0.0005127465055316,-0.0,0.0021511343702920495,[0.00215113]
2007-05-01,2007-06-01,lag_11,0.0031614092164247,0.0,0.0021511343702920495,[0.00215113]
2007-05-01,2007-06-01,volatility_3m,0.0031063943026276015,-0.0,0.0021511343702920495,[0.00215113]
2007-06-01,2007-07-01,lag_0,0.0005768477837078,-0.0,0.0021496623201219243,[0.00214966]
2007-06-01,2007-07-01,lag_1,0.0009559214748104,-0.0,0.0021496623201219243,[0.00214966]
2007-06-01,2007-07-01,lag_2,0.0067003199017525,0.0,0.0021496623201219243,[0.00214966]
2007-06-01,2007-07-01,lag_3,0.0017786154493029,0.0,0.0021496623201219243,[0.00214966]
2007-06-01,2007-07-01,lag_4,0.0093784693076743,0.0,0.0021496623201219243,[0.00214966]
2007-06-01,2007-07-01,lag_5,-0.0033888659943164,-0.0,0.0021496623201219243,[0.00214966]
2007-06-01,2007-07-01,lag_6,0.0101417470966893,0.0,0.0021496623201219243,[0.00214966]
2007-06-01,2007-07-01,lag_7,-0.0004204326283367,-0.0,0.0021496623201219243,[0.00214966]
2007-06-01,2007-07-01,lag_8,-0.0011474759561265,-0.0,0.0021496623201219243,[0.00214966]
2007-06-01,2007-07-01,lag_9,-0.0016629623569395,-0.0,0.0021496623201219243,[0.00214966]
2007-06-01,2007-07-01,lag_10,0.0043791388783338,0.0,0.0021496623201219243,[0.00214966]
2007-06-01,2007-07-01,lag_11,-0.0005127465055316,-0.0,0.0021496623201219243,[0.00214966]
2007-06-01,2007-07-01,volatility_3m,0.003431198064117252,-0.0,0.0021496623201219243,[0.00214966]
2007-07-01,2007-08-01,lag_0,-0.0012002567099926,-0.0,0.0021053801878193226,[0.00210538]
2007-07-01,2007-08-01,lag_1,0.0005768477837078,-0.0,0.0021053801878193226,[0.00210538]
2007-07-01,2007-08-01,lag_2,0.0009559214748104,-0.0,0.0021053801878193226,[0.00210538]
2007-07-01,2007-08-01,lag_3,0.0067003199017525,0.0,0.0021053801878193226,[0.00210538]
2007-07-01,2007-08-01,lag_4,0.0017786154493029,0.0,0.0021053801878193226,[0.00210538]
2007-07-01,2007-08-01,lag_5,0.0093784693076743,0.0,0.0021053801878193226,[0.00210538]
2007-07-01,2007-08-01,lag_6,-0.0033888659943164,-0.0,0.0021053801878193226,[0.00210538]
2007-07-01,2007-08-01,lag_7,0.0101417470966893,0.0,0.0021053801878193226,[0.00210538]
2007-07-01,2007-08-01,lag_8,-0.0004204326283367,-0.0,0.0021053801878193226,[0.00210538]
2007-07-01,2007-08-01,lag_9,-0.0011474759561265,-0.0,0.0021053801878193226,[0.00210538]
2007-07-01,2007-08-01,lag_10,-0.0016629623569395,-0.0,0.0021053801878193226,[0.00210538]
2007-07-01,2007-08-01,lag_11,0.0043791388783338,0.0,0.0021053801878193226,[0.00210538]
2007-07-01,2007-08-01,volatility_3m,0.0011511517138237878,-0.0,0.0021053801878193226,[0.00210538]
2007-08-01,2007-09-01,lag_0,0.0019240393848489,0.0,0.0020806045693886267,[0.0020806]
2007-08-01,2007-09-01,lag_1,-0.0012002567099926,-0.0,0.0020806045693886267,[0.0020806]
2007-08-01,2007-09-01,lag_2,0.0005768477837078,-0.0,0.0020806045693886267,[0.0020806]
2007-08-01,2007-09-01,lag_3,0.0009559214748104,-0.0,0.0020806045693886267,[0.0020806]
2007-08-01,2007-09-01,lag_4,0.0067003199017525,0.0,0.0020806045693886267,[0.0020806]
2007-08-01,2007-09-01,lag_5,0.0017786154493029,0.0,0.0020806045693886267,[0.0020806]
2007-08-01,2007-09-01,lag_6,0.0093784693076743,0.0,0.0020806045693886267,[0.0020806]
2007-08-01,2007-09-01,lag_7,-0.0033888659943164,-0.0,0.0020806045693886267,[0.0020806]
2007-08-01,2007-09-01,lag_8,0.0101417470966893,0.0,0.0020806045693886267,[0.0020806]
2007-08-01,2007-09-01,lag_9,-0.0004204326283367,-0.0,0.0020806045693886267,[0.0020806]
2007-08-01,2007-09-01,lag_10,-0.0011474759561265,-0.0,0.0020806045693886267,[0.0020806]
2007-08-01,2007-09-01,lag_11,-0.0016629623569395,-0.0,0.0020806045693886267,[0.0020806]
2007-08-01,2007-09-01,volatility_3m,0.0015670700728832093,-0.0,0.0020806045693886267,[0.0020806]
2007-09-01,2007-10-01,lag_0,0.0022201267844179,0.0,0.0020490751689659337,[0.00204908]
2007-09-01,2007-10-01,lag_1,0.0019240393848489,0.0,0.0020490751689659337,[0.00204908]
2007-09-01,2007-10-01,lag_2,-0.0012002567099926,-0.0,0.0020490751689659337,[0.00204908]
2007-09-01,2007-10-01,lag_3,0.0005768477837078,-0.0,0.0020490751689659337,[0.00204908]
2007-09-01,2007-10-01,lag_4,0.0009559214748104,-0.0,0.0020490751689659337,[0.00204908]
2007-09-01,2007-10-01,lag_5,0.0067003199017525,0.0,0.0020490751689659337,[0.00204908]
2007-09-01,2007-10-01,lag_6,0.0017786154493029,0.0,0.0020490751689659337,[0.00204908]
2007-09-01,2007-10-01,lag_7,0.0093784693076743,0.0,0.0020490751689659337,[0.00204908]
2007-09-01,2007-10-01,lag_8,-0.0033888659943164,-0.0,0.0020490751689659337,[0.00204908]
2007-09-01,2007-10-01,lag_9,0.0101417470966893,0.0,0.0020490751689659337,[0.00204908]
2007-09-01,2007-10-01,lag_10,-0.0004204326283367,-0.0,0.0020490751689659337,[0.00204908]
2007-09-01,2007-10-01,lag_11,-0.0011474759561265,-0.0,0.0020490751689659337,[0.00204908]
2007-09-01,2007-10-01,volatility_3m,0.0018950777066416547,-0.0,0.0020490751689659337,[0.00204908]
2007-10-01,2007-11-01,lag_0,-0.0028240612145147,-0.0,0.0020503967286773874,[0.0020504]
2007-10-01,2007-11-01,lag_1,0.0022201267844179,0.0,0.0020503967286773874,[0.0020504]
2007-10-01,2007-11-01,lag_2,0.0019240393848489,0.0,0.0020503967286773874,[0.0020504]
2007-10-01,2007-11-01,lag_3,-0.0012002567099926,-0.0,0.0020503967286773874,[0.0020504]
2007-10-01,2007-11-01,lag_4,0.0005768477837078,-0.0,0.0020503967286773874,[0.0020504]
2007-10-01,2007-11-01,lag_5,0.0009559214748104,-0.0,0.0020503967286773874,[0.0020504]
2007-10-01,2007-11-01,lag_6,0.0067003199017525,0.0,0.0020503967286773874,[0.0020504]
2007-10-01,2007-11-01,lag_7,0.0017786154493029,0.0,0.0020503967286773874,[0.0020504]
2007-10-01,2007-11-01,lag_8,0.0093784693076743,0.0,0.0020503967286773874,[0.0020504]
2007-10-01,2007-11-01,lag_9,-0.0033888659943164,-0.0,0.0020503967286773874,[0.0020504]
2007-10-01,2007-11-01,lag_10,0.0101417470966893,0.0,0.0020503967286773874,[0.0020504]
2007-10-01,2007-11-01,lag_11,-0.0004204326283367,-0.0,0.0020503967286773874,[0.0020504]
2007-10-01,2007-11-01,volatility_3m,0.0028306642217695178,-0.0,0.0020503967286773874,[0.0020504]
2007-11-01,2007-12-01,lag_0,0.0053207117967142,0.0,0.0021171973357133945,[0.0021172]
2007-11-01,2007-12-01,lag_1,-0.0028240612145147,-0.0,0.0021171973357133945,[0.0021172]
2007-11-01,2007-12-01,lag_2,0.0022201267844179,0.0,0.0021171973357133945,[0.0021172]
2007-11-01,2007-12-01,lag_3,0.0019240393848489,0.0,0.0021171973357133945,[0.0021172]
2007-11-01,2007-12-01,lag_4,-0.0012002567099926,-0.0,0.0021171973357133945,[0.0021172]
2007-11-01,2007-12-01,lag_5,0.0005768477837078,-0.0,0.0021171973357133945,[0.0021172]
2007-11-01,2007-12-01,lag_6,0.0009559214748104,-0.0,0.0021171973357133945,[0.0021172]
2007-11-01,2007-12-01,lag_7,0.0067003199017525,0.0,0.0021171973357133945,[0.0021172]
2007-11-01,2007-12-01,lag_8,0.0017786154493029,0.0,0.0021171973357133945,[0.0021172]
2007-11-01,2007-12-01,lag_9,0.0093784693076743,0.0,0.0021171973357133945,[0.0021172]
2007-11-01,2007-12-01,lag_10,-0.0033888659943164,-0.0,0.0021171973357133945,[0.0021172]
2007-11-01,2007-12-01,lag_11,0.0101417470966893,0.0,0.0021171973357133945,[0.0021172]
2007-11-01,2007-12-01,volatility_3m,0.004110855292018414,0.0,0.0021171973357133945,[0.0021172]
2007-12-01,2008-01-01,lag_0,0.0003487607063128,-0.0,0.002083493238236974,[0.00208349]
2007-12-01,2008-01-01,lag_1,0.0053207117967142,0.0,0.002083493238236974,[0.00208349]
2007-12-01,2008-01-01,lag_2,-0.0028240612145147,-0.0,0.002083493238236974,[0.00208349]
2007-12-01,2008-01-01,lag_3,0.0022201267844179,0.0,0.002083493238236974,[0.00208349]
2007-12-01,2008-01-01,lag_4,0.0019240393848489,0.0,0.002083493238236974,[0.00208349]
2007-12-01,2008-01-01,lag_5,-0.0012002567099926,-0.0,0.002083493238236974,[0.00208349]
2007-12-01,2008-01-01,lag_6,0.0005768477837078,-0.0,0.002083493238236974,[0.00208349]
2007-12-01,2008-01-01,lag_7,0.0009559214748104,-0.0,0.002083493238236974,[0.00208349]
2007-12-01,2008-01-01,lag_8,0.0067003199017525,0.0,0.002083493238236974,[0.00208349]
2007-12-01,2008-01-01,lag_9,0.0017786154493029,0.0,0.002083493238236974,[0.00208349]
2007-12-01,2008-01-01,lag_10,0.0093784693076743,0.0,0.002083493238236974,[0.00208349]
2007-12-01,2008-01-01,lag_11,-0.0033888659943164,-0.0,0.002083493238236974,[0.00208349]
2007-12-01,2008-01-01,volatility_3m,0.0041053709534192295,0.0,0.002083493238236974,[0.00208349]
2008-01-01,2008-02-01,lag_0,-0.0013243734009682,-0.0,0.002039431330235565,[0.00203943]
2008-01-01,2008-02-01,lag_1,0.0003487607063128,-0.0,0.002039431330235565,[0.00203943]
2008-01-01,2008-02-01,lag_2,0.0053207117967142,0.0,0.002039431330235565,[0.00203943]
2008-01-01,2008-02-01,lag_3,-0.0028240612145147,-0.0,0.002039431330235565,[0.00203943]
2008-01-01,2008-02-01,lag_4,0.0022201267844179,0.0,0.002039431330235565,[0.00203943]
2008-01-01,2008-02-01,lag_5,0.0019240393848489,0.0,0.002039431330235565,[0.00203943]
2008-01-01,2008-02-01,lag_6,-0.0012002567099926,-0.0,0.002039431330235565,[0.00203943]
2008-01-01,2008-02-01,lag_7,0.0005768477837078,-0.0,0.002039431330235565,[0.00203943]
2008-01-01,2008-02-01,lag_8,0.0009559214748104,-0.0,0.002039431330235565,[0.00203943]
2008-01-01,2008-02-01,lag_9,0.0067003199017525,0.0,0.002039431330235565,[0.00203943]
2008-01-01,2008-02-01,lag_10,0.0017786154493029,0.0,0.002039431330235565,[0.00203943]
2008-01-01,2008-02-01,lag_11,0.0093784693076743,0.0,0.002039431330235565,[0.00203943]
2008-01-01,2008-02-01,volatility_3m,0.00345631867432071,-0.0,0.002039431330235565,[0.00203943]
2008-02-01,2008-03-01,lag_0,-0.0039296708981346,-0.0,0.0021001071465238555,[0.00210011]
2008-02-01,2008-03-01,lag_1,-0.0013243734009682,-0.0,0.0021001071465238555,[0.00210011]
2008-02-01,2008-03-01,lag_2,0.0003487607063128,-0.0,0.0021001071465238555,[0.00210011]
2008-02-01,2008-03-01,lag_3,0.0053207117967142,0.0,0.0021001071465238555,[0.00210011]
2008-02-01,2008-03-01,lag_4,-0.0028240612145147,-0.0,0.0021001071465238555,[0.00210011]
2008-02-01,2008-03-01,lag_5,0.0022201267844179,0.0,0.0021001071465238555,[0.00210011]
2008-02-01,2008-03-01,lag_6,0.0019240393848489,0.0,0.0021001071465238555,[0.00210011]
2008-02-01,2008-03-01,lag_7,-0.0012002567099926,-0.0,0.0021001071465238555,[0.00210011]
2008-02-01,2008-03-01,lag_8,0.0005768477837078,-0.0,0.0021001071465238555,[0.00210011]
2008-02-01,2008-03-01,lag_9,0.0009559214748104,-0.0,0.0021001071465238555,[0.00210011]
2008-02-01,2008-03-01,lag_10,0.0067003199017525,0.0,0.0021001071465238555,[0.00210011]
2008-02-01,2008-03-01,lag_11,0.0017786154493029,0.0,0.0021001071465238555,[0.00210011]
2008-02-01,2008-03-01,volatility_3m,0.002156073969959552,-0.0,0.0021001071465238555,[0.00210011]
2008-03-01,2008-04-01,lag_0,-0.0030504888010822,-0.0,0.0020107447899566262,[0.00201074]
2008-03-01,2008-04-01,lag_1,-0.0039296708981346,-0.0,0.0020107447899566262,[0.00201074]
2008-03-01,2008-04-01,lag_2,-0.0013243734009682,-0.0,0.0020107447899566262,[0.00201074]
2008-03-01,2008-04-01,lag_3,0.0003487607063128,-0.0,0.0020107447899566262,[0.00201074]
2008-03-01,2008-04-01,lag_4,0.0053207117967142,0.0,0.0020107447899566262,[0.00201074]
2008-03-01,2008-04-01,lag_5,-0.0028240612145147,-0.0,0.0020107447899566262,[0.00201074]
2008-03-01,2008-04-01,lag_6,0.0022201267844179,0.0,0.0020107447899566262,[0.00201074]
2008-03-01,2008-04-01,lag_7,0.0019240393848489,0.0,0.0020107447899566262,[0.00201074]
2008-03-01,2008-04-01,lag_8,-0.0012002567099926,-0.0,0.0020107447899566262,[0.00201074]
2008-03-01,2008-04-01,lag_9,0.0005768477837078,-0.0,0.0020107447899566262,[0.00201074]
2008-03-01,2008-04-01,lag_10,0.0009559214748104,-0.0,0.0020107447899566262,[0.00201074]
2008-03-01,2008-04-01,lag_11,0.0067003199017525,0.0,0.0020107447899566262,[0.00201074]
2008-03-01,2008-04-01,volatility_3m,0.0013253936888732141,-0.0,0.0020107447899566262,[0.00201074]
2008-04-01,2008-05-01,lag_0,-0.0064729557901257,-0.0,0.0020287257985307145,[0.00202873]
2008-04-01,2008-05-01,lag_1,-0.0030504888010822,-0.0,0.0020287257985307145,[0.00202873]
2008-04-01,2008-05-01,lag_2,-0.0039296708981346,-0.0,0.0020287257985307145,[0.00202873]
2008-04-01,2008-05-01,lag_3,-0.0013243734009682,-0.0,0.0020287257985307145,[0.00202873]
2008-04-01,2008-05-01,lag_4,0.0003487607063128,-0.0,0.0020287257985307145,[0.00202873]
2008-04-01,2008-05-01,lag_5,0.0053207117967142,0.0,0.0020287257985307145,[0.00202873]
2008-04-01,2008-05-01,lag_6,-0.0028240612145147,-0.0,0.0020287257985307145,[0.00202873]
2008-04-01,2008-05-01,lag_7,0.0022201267844179,0.0,0.0020287257985307145,[0.00202873]
2008-04-01,2008-05-01,lag_8,0.0019240393848489,0.0,0.0020287257985307145,[0.00202873]
2008-04-01,2008-05-01,lag_9,-0.0012002567099926,-0.0,0.0020287257985307145,[0.00202873]
2008-04-01,2008-05-01,lag_10,0.0005768477837078,-0.0,0.0020287257985307145,[0.00202873]
2008-04-01,2008-05-01,lag_11,0.0009559214748104,-0.0,0.0020287257985307145,[0.00202873]
2008-04-01,2008-05-01,volatility_3m,0.0017773828837507183,-0.0,0.0020287257985307145,[0.00202873]
2008-05-01,2008-06-01,lag_0,-0.0060762051840335,-0.0,0.002018127331212364,[0.00201813]
2008-05-01,2008-06-01,lag_1,-0.0064729557901257,-0.0,0.002018127331212364,[0.00201813]
2008-05-01,2008-06-01,lag_2,-0.0030504888010822,-0.0,0.002018127331212364,[0.00201813]
2008-05-01,2008-06-01,lag_3,-0.0039296708981346,-0.0,0.002018127331212364,[0.00201813]
2008-05-01,2008-06-01,lag_4,-0.0013243734009682,-0.0,0.002018127331212364,[0.00201813]
2008-05-01,2008-06-01,lag_5,0.0003487607063128,-0.0,0.002018127331212364,[0.00201813]
2008-05-01,2008-06-01,lag_6,0.0053207117967142,0.0,0.002018127331212364,[0.00201813]
2008-05-01,2008-06-01,lag_7,-0.0028240612145147,-0.0,0.002018127331212364,[0.00201813]
2008-05-01,2008-06-01,lag_8,0.0022201267844179,0.0,0.002018127331212364,[0.00201813]
2008-05-01,2008-06-01,lag_9,0.0019240393848489,0.0,0.002018127331212364,[0.00201813]
2008-05-01,2008-06-01,lag_10,-0.0012002567099926,-0.0,0.002018127331212364,[0.00201813]
2008-05-01,2008-06-01,lag_11,0.0005768477837078,-0.0,0.002018127331212364,[0.00201813]
2008-05-01,2008-06-01,volatility_3m,0.0018719709294656483,-0.0,0.002018127331212364,[0.00201813]
2008-06-01,2008-07-01,lag_0,-0.0023354873224965,-0.0007836097669071347,-0.0013986666626754274,[0.00135081]
2008-06-01,2008-07-01,lag_1,-0.0060762051840335,-0.0009646164495985435,-0.0013986666626754274,[0.00135081]
2008-06-01,2008-07-01,lag_2,-0.0064729557901257,-0.0006062768416419472,-0.0013986666626754274,[0.00135081]
2008-06-01,2008-07-01,lag_3,-0.0030504888010822,-0.0001542201615429994,-0.0013986666626754274,[0.00135081]
2008-06-01,2008-07-01,lag_4,-0.0039296708981346,-0.0,-0.0013986666626754274,[0.00135081]
2008-06-01,2008-07-01,lag_5,-0.0013243734009682,-0.0,-0.0013986666626754274,[0.00135081]
2008-06-01,2008-07-01,lag_6,0.0003487607063128,-0.0,-0.0013986666626754274,[0.00135081]
2008-06-01,2008-07-01,lag_7,0.0053207117967142,6.156545033469596e-05,-0.0013986666626754274,[0.00135081]
2008-06-01,2008-07-01,lag_8,-0.0028240612145147,-0.0003168041063529952,-0.0013986666626754274,[0.00135081]
2008-06-01,2008-07-01,lag_9,0.0022201267844179,0.0,-0.0013986666626754274,[0.00135081]
2008-06-01,2008-07-01,lag_10,0.0019240393848489,-5.941897311664237e-06,-0.0013986666626754274,[0.00135081]
2008-06-01,2008-07-01,lag_11,-0.0012002567099926,4.290131413664256e-05,-0.0013986666626754274,[0.00135081]
2008-06-01,2008-07-01,volatility_3m,0.002282871966174859,-2.2476590323721742e-05,-0.0013986666626754274,[0.00135081]
2008-07-01,2008-08-01,lag_0,-0.0035802040650576,-0.0010830369604990112,-0.0008120594428309034,[0.00130097]
2008-07-01,2008-08-01,lag_1,-0.0023354873224965,-0.00045116385193389656,-0.0008120594428309034,[0.00130097]
2008-07-01,2008-08-01,lag_2,-0.0060762051840335,-0.0005438965113113409,-0.0008120594428309034,[0.00130097]
2008-07-01,2008-08-01,lag_3,-0.0064729557901257,-0.00026431874097454955,-0.0008120594428309034,[0.00130097]
2008-07-01,2008-08-01,lag_4,-0.0030504888010822,2.0401813165993465e-06,-0.0008120594428309034,[0.00130097]
2008-07-01,2008-08-01,lag_5,-0.0039296708981346,-0.0,-0.0008120594428309034,[0.00130097]
2008-07-01,2008-08-01,lag_6,-0.0013243734009682,-0.0,-0.0008120594428309034,[0.00130097]
2008-07-01,2008-08-01,lag_7,0.0003487607063128,-1.5359651561922793e-05,-0.0008120594428309034,[0.00130097]
2008-07-01,2008-08-01,lag_8,0.0053207117967142,0.0003185697902545943,-0.0008120594428309034,[0.00130097]
2008-07-01,2008-08-01,lag_9,-0.0028240612145147,-0.0,-0.0008120594428309034,[0.00130097]
2008-07-01,2008-08-01,lag_10,0.0022201267844179,-9.091396291409532e-06,-0.0008120594428309034,[0.00130097]
2008-07-01,2008-08-01,lag_11,0.0019240393848489,-4.882294343032732e-06,-0.0008120594428309034,[0.00130097]
2008-07-01,2008-08-01,volatility_3m,0.001904919572876276,-6.189073000459442e-05,-0.0008120594428309034,[0.00130097]
2008-08-01,2008-09-01,lag_0,-0.0158244158056106,-0.004086248270728246,-0.004367013527463151,[0.00110954]
2008-08-01,2008-09-01,lag_1,-0.0035802040650576,-0.0006484755801440399,-0.004367013527463151,[0.00110954]
2008-08-01,2008-09-01,lag_2,-0.0023354873224965,-0.00028580624989941236,-0.004367013527463151,[0.00110954]
2008-08-01,2008-09-01,lag_3,-0.0060762051840335,-0.0003513612999051196,-0.004367013527463151,[0.00110954]
2008-08-01,2008-09-01,lag_4,-0.0064729557901257,-0.0,-0.004367013527463151,[0.00110954]
2008-08-01,2008-09-01,lag_5,-0.0030504888010822,-0.0,-0.004367013527463151,[0.00110954]
2008-08-01,2008-09-01,lag_6,-0.0039296708981346,-0.0,-0.004367013527463151,[0.00110954]
2008-08-01,2008-09-01,lag_7,-0.0013243734009682,-6.54593183947438e-05,-0.004367013527463151,[0.00110954]
2008-08-01,2008-09-01,lag_8,0.0003487607063128,-7.73891841799312e-05,-0.004367013527463151,[0.00110954]
2008-08-01,2008-09-01,lag_9,0.0053207117967142,2.0808834959977157e-06,-0.004367013527463151,[0.00110954]
2008-08-01,2008-09-01,lag_10,-0.0028240612145147,2.3538440440009263e-05,-0.004367013527463151,[0.00110954]
2008-08-01,2008-09-01,lag_11,0.0022201267844179,-1.0684439969368219e-05,-0.004367013527463151,[0.00110954]
2008-08-01,2008-09-01,volatility_3m,0.007454542603219359,2.3250896762939635e-05,-0.004367013527463151,[0.00110954]
2008-09-01,2008-10-01,lag_0,-0.020377294168018072,-0.005735747235092817,-0.007263688138581208,[0.00106826]
2008-09-01,2008-10-01,lag_1,-0.0158244158056106,-0.0022897228775597225,-0.007263688138581208,[0.00106826]
2008-09-01,2008-10-01,lag_2,-0.0035802040650576,-0.0003434514255434109,-0.007263688138581208,[0.00106826]
2008-09-01,2008-10-01,lag_3,-0.0023354873224965,-0.00014765517017342617,-0.007263688138581208,[0.00106826]
2008-09-01,2008-10-01,lag_4,-0.0060762051840335,-0.0,-0.007263688138581208,[0.00106826]
2008-09-01,2008-10-01,lag_5,-0.0064729557901257,-0.0,-0.007263688138581208,[0.00106826]
2008-09-01,2008-10-01,lag_6,-0.0030504888010822,-0.0,-0.007263688138581208,[0.00106826]
2008-09-01,2008-10-01,lag_7,-0.0039296708981346,-0.0001105462529020499,-0.007263688138581208,[0.00106826]
2008-09-01,2008-10-01,lag_8,-0.0013243734009682,-0.00019297024485363215,-0.007263688138581208,[0.00106826]
2008-09-01,2008-10-01,lag_9,0.0003487607063128,-0.0,-0.007263688138581208,[0.00106826]
2008-09-01,2008-10-01,lag_10,0.0053207117967142,0.0,-0.007263688138581208,[0.00106826]
2008-09-01,2008-10-01,lag_11,-0.0028240612145147,8.235071513135246e-05,-0.007263688138581208,[0.00106826]
2008-09-01,2008-10-01,volatility_3m,0.018161629202113363,0.0004057900873383114,-0.007263688138581208,[0.00106826]
2008-10-01,2008-11-01,lag_0,0.0098923206082464,0.0023545120200788292,-0.00039002448224990287,[0.00103726]
2008-10-01,2008-11-01,lag_1,-0.02037074499218045,-0.002584374398010036,-0.00039002448224990287,[0.00103726]
2008-10-01,2008-11-01,lag_2,-0.0158244158056106,-0.0013165336810986629,-0.00039002448224990287,[0.00103726]
2008-10-01,2008-11-01,lag_3,-0.0035802040650576,-0.0002087956210680859,-0.00039002448224990287,[0.00103726]
2008-10-01,2008-11-01,lag_4,-0.0023354873224965,-0.0,-0.00039002448224990287,[0.00103726]
2008-10-01,2008-11-01,lag_5,-0.0060762051840335,-0.0,-0.00039002448224990287,[0.00103726]
2008-10-01,2008-11-01,lag_6,-0.0064729557901257,-0.0,-0.00039002448224990287,[0.00103726]
2008-10-01,2008-11-01,lag_7,-0.0030504888010822,-8.093583869546636e-05,-0.00039002448224990287,[0.00103726]
2008-10-01,2008-11-01,lag_8,-0.0039296708981346,-0.00038460899669291916,-0.00039002448224990287,[0.00103726]
2008-10-01,2008-11-01,lag_9,-0.0013243734009682,-0.0,-0.00039002448224990287,[0.00103726]
2008-10-01,2008-11-01,lag_10,0.0003487607063128,-0.0,-0.00039002448224990287,[0.00103726]
2008-10-01,2008-11-01,lag_11,0.0053207117967142,-0.0001011733091080429,-0.00039002448224990287,[0.00103726]
2008-10-01,2008-11-01,volatility_3m,0.018638250965931684,0.0008946258223890466,-0.00039002448224990287,[0.00103726]
2008-11-01,2008-12-01,lag_0,-0.0132886530605933,-0.0033217443993573447,-0.003590150076822157,[0.00097925]
2008-11-01,2008-12-01,lag_1,0.0098923206082464,0.0013478369766475526,-0.003590150076822157,[0.00097925]
2008-11-01,2008-12-01,lag_2,-0.02036419581634283,-0.0019425831863707857,-0.003590150076822157,[0.00097925]
2008-11-01,2008-12-01,lag_3,-0.0158244158056106,-0.0007971901066472179,-0.003590150076822157,[0.00097925]
2008-11-01,2008-12-01,lag_4,-0.0035802040650576,-0.0,-0.003590150076822157,[0.00097925]
2008-11-01,2008-12-01,lag_5,-0.0023354873224965,-0.0,-0.003590150076822157,[0.00097925]
2008-11-01,2008-12-01,lag_6,-0.0060762051840335,-0.0,-0.003590150076822157,[0.00097925]
2008-11-01,2008-12-01,lag_7,-0.0064729557901257,-0.00014493416189184964,-0.003590150076822157,[0.00097925]
2008-11-01,2008-12-01,lag_8,-0.0030504888010822,-0.00032579181947419746,-0.003590150076822157,[0.00097925]
2008-11-01,2008-12-01,lag_9,-0.0039296708981346,-0.0,-0.003590150076822157,[0.00097925]
2008-11-01,2008-12-01,lag_10,-0.0013243734009682,-0.0,-0.003590150076822157,[0.00097925]
2008-11-01,2008-12-01,lag_11,0.0003487607063128,2.6720132941241384e-05,-0.003590150076822157,[0.00097925]
2008-11-01,2008-12-01,volatility_3m,0.01926728771491297,0.0005882889956787089,-0.003590150076822157,[0.00097925]
2008-12-01,2009-01-01,lag_0,-0.021400401748751133,-0.005649527011949482,-0.007102688252916199,[0.00089487]
2008-12-01,2009-01-01,lag_1,-0.0132886530605933,-0.0015769471843915237,-0.007102688252916199,[0.00089487]
2008-12-01,2009-01-01,lag_2,0.0098923206082464,0.0009674750503530667,-0.007102688252916199,[0.00089487]
2008-12-01,2009-01-01,lag_3,-0.020357646640505205,-0.0011198114759502535,-0.007102688252916199,[0.00089487]
2008-12-01,2009-01-01,lag_4,-0.0158244158056106,-0.0,-0.007102688252916199,[0.00089487]
2008-12-01,2009-01-01,lag_5,-0.0035802040650576,-0.0,-0.007102688252916199,[0.00089487]
2008-12-01,2009-01-01,lag_6,-0.0023354873224965,-0.0,-0.007102688252916199,[0.00089487]
2008-12-01,2009-01-01,lag_7,-0.0060762051840335,-0.00014849845847771936,-0.007102688252916199,[0.00089487]
2008-12-01,2009-01-01,lag_8,-0.0064729557901257,-0.0005551527169885211,-0.007102688252916199,[0.00089487]
2008-12-01,2009-01-01,lag_9,-0.0030504888010822,-0.0,-0.007102688252916199,[0.00089487]
2008-12-01,2009-01-01,lag_10,-0.0039296708981346,-0.0,-0.007102688252916199,[0.00089487]
2008-12-01,2009-01-01,lag_11,-0.0013243734009682,8.490797397772905e-05,-0.007102688252916199,[0.00089487]
2008-12-01,2009-01-01,volatility_3m,0.019381715088515463,0.0,-0.007102688252916199,[0.00089487]
2009-01-01,2009-02-01,lag_0,-0.023578290988016018,-0.006275397653760022,-0.009230082359750806,[0.00068987]
2009-01-01,2009-02-01,lag_1,-0.021376990071849004,-0.0025457069704209723,-0.009230082359750806,[0.00068987]
2009-01-01,2009-02-01,lag_2,-0.0132886530605933,-0.0012463579664503141,-0.009230082359750806,[0.00068987]
2009-01-01,2009-02-01,lag_3,0.0098923206082464,0.0007072564296280871,-0.009230082359750806,[0.00068987]
2009-01-01,2009-02-01,lag_4,-0.020351097464667584,-0.0,-0.009230082359750806,[0.00068987]
2009-01-01,2009-02-01,lag_5,-0.0158244158056106,-0.0,-0.009230082359750806,[0.00068987]
2009-01-01,2009-02-01,lag_6,-0.0035802040650576,-0.0,-0.009230082359750806,[0.00068987]
2009-01-01,2009-02-01,lag_7,-0.0023354873224965,-9.272331575848158e-05,-0.009230082359750806,[0.00068987]
2009-01-01,2009-02-01,lag_8,-0.0060762051840335,-0.0005918448880739664,-0.009230082359750806,[0.00068987]
2009-01-01,2009-02-01,lag_9,-0.0064729557901257,-0.0,-0.009230082359750806,[0.00068987]
2009-01-01,2009-02-01,lag_10,-0.0030504888010822,-0.0,-0.009230082359750806,[0.00068987]
2009-01-01,2009-02-01,lag_11,-0.0039296708981346,0.00012482226134632302,-0.009230082359750806,[0.00068987]
2009-01-01,2009-02-01,volatility_3m,0.008052417237158445,0.0,-0.009230082359750806,[0.00068987]
2009-02-01,2009-03-01,lag_0,-0.0061041746494812,-0.001566326390358263,-0.007039969302662695,[0.00056831]
2009-02-01,2009-03-01,lag_1,-0.02356123689175235,-0.002798731205023197,-0.007039969302662695,[0.00056831]
2009-02-01,2009-03-01,lag_2,-0.021353578394946872,-0.0019190680996459466,-0.007039969302662695,[0.00056831]
2009-02-01,2009-03-01,lag_3,-0.0132886530605933,-0.001027358510506874,-0.007039969302662695,[0.00056831]
2009-02-01,2009-03-01,lag_4,0.0098923206082464,0.0,-0.007039969302662695,[0.00056831]
2009-02-01,2009-03-01,lag_5,-0.02034454828882996,-0.0,-0.007039969302662695,[0.00056831]
2009-02-01,2009-03-01,lag_6,-0.0158244158056106,-0.0,-0.007039969302662695,[0.00056831]
2009-02-01,2009-03-01,lag_7,-0.0035802040650576,-0.00012981794184933876,-0.007039969302662695,[0.00056831]
2009-02-01,2009-03-01,lag_8,-0.0023354873224965,-0.0002592021851273667,-0.007039969302662695,[0.00056831]
2009-02-01,2009-03-01,lag_9,-0.0060762051840335,-0.0,-0.007039969302662695,[0.00056831]
2009-02-01,2009-03-01,lag_10,-0.0064729557901257,-0.0,-0.007039969302662695,[0.00056831]
2009-02-01,2009-03-01,lag_11,-0.0030504888010822,9.222619309488177e-05,-0.007039969302662695,[0.00056831]
2009-02-01,2009-03-01,volatility_3m,0.012140527013917324,0.0,-0.007039969302662695,[0.00056831]
2009-03-01,2009-04-01,lag_0,-0.0157796956259579,-0.004197176998362855,-0.008676550530994235,[0.00050157]
2009-03-01,2009-04-01,lag_1,-0.0061041746494812,-0.0007181654382001149,-0.008676550530994235,[0.00050157]
2009-03-01,2009-04-01,lag_2,-0.02354418279548868,-0.0021020845379177756,-0.008676550530994235,[0.00050157]
2009-03-01,2009-04-01,lag_3,-0.02133016671804474,-0.0015647640394678404,-0.008676550530994235,[0.00050157]
2009-03-01,2009-04-01,lag_4,-0.0132886530605933,-0.0,-0.008676550530994235,[0.00050157]
2009-03-01,2009-04-01,lag_5,0.0098923206082464,0.0,-0.008676550530994235,[0.00050157]
2009-03-01,2009-04-01,lag_6,-0.02033799911299234,-0.0,-0.008676550530994235,[0.00050157]
2009-03-01,2009-04-01,lag_7,-0.0158244158056106,-0.0004540635294336325,-0.008676550530994235,[0.00050157]
2009-03-01,2009-04-01,lag_8,-0.0035802040650576,-0.00035783496602738023,-0.008676550530994235,[0.00050157]
2009-03-01,2009-04-01,lag_9,-0.0023354873224965,-0.0,-0.008676550530994235,[0.00050157]
2009-03-01,2009-04-01,lag_10,-0.0060762051840335,-0.0,-0.008676550530994235,[0.00050157]
2009-03-01,2009-04-01,lag_11,-0.0064729557901257,0.00021596696690406313,-0.008676550530994235,[0.00050157]
2009-03-01,2009-04-01,volatility_3m,0.009577670023520075,0.0,-0.008676550530994235,[0.00050157]
2009-04-01,2009-05-01,lag_0,-0.0083251150630712,-0.002202004212474489,-0.008112042451133608,[0.00026323]
2009-04-01,2009-05-01,lag_1,-0.0157796956259579,-0.001996093426025357,-0.008112042451133608,[0.00026323]
2009-04-01,2009-05-01,lag_2,-0.0061041746494812,-0.0006131063268744121,-0.008112042451133608,[0.00026323]
2009-04-01,2009-05-01,lag_3,-0.02352712869922501,-0.001845549864725766,-0.008112042451133608,[0.00026323]
2009-04-01,2009-05-01,lag_4,-0.021306755041142607,9.423802273648686e-05,-0.008112042451133608,[0.00026323]
2009-04-01,2009-05-01,lag_5,-0.0132886530605933,-0.0,-0.008112042451133608,[0.00026323]
2009-04-01,2009-05-01,lag_6,0.0098923206082464,0.0,-0.008112042451133608,[0.00026323]
2009-04-01,2009-05-01,lag_7,-0.020331449937154716,-0.0006118996914247557,-0.008112042451133608,[0.00026323]
2009-04-01,2009-05-01,lag_8,-0.0158244158056106,-0.0013764569823807124,-0.008112042451133608,[0.00026323]
2009-04-01,2009-05-01,lag_9,-0.0035802040650576,-0.0,-0.008112042451133608,[0.00026323]
2009-04-01,2009-05-01,lag_10,-0.0023354873224965,-0.0,-0.008112042451133608,[0.00026323]
2009-04-01,2009-05-01,lag_11,-0.0060762051840335,0.0001755963613214853,-0.008112042451133608,[0.00026323]
2009-04-01,2009-05-01,volatility_3m,0.005068185965009672,0.0,-0.008112042451133608,[0.00026323]
2009-05-01,2009-06-01,lag_0,-0.0101509109300241,-0.002738933166571412,-0.007011929680338084,[9.92658367e-05]
2009-05-01,2009-06-01,lag_1,-0.0083251150630712,-0.0010230922028430407,-0.007011929680338084,[9.92658367e-05]
2009-05-01,2009-06-01,lag_2,-0.0157796956259579,-0.001560883397283643,-0.007011929680338084,[9.92658367e-05]
2009-05-01,2009-06-01,lag_3,-0.0061041746494812,-0.0004567737129272647,-0.007011929680338084,[9.92658367e-05]
2009-05-01,2009-06-01,lag_4,-0.023510074602961343,-0.0,-0.007011929680338084,[9.92658367e-05]
2009-05-01,2009-06-01,lag_5,-0.021283343364240474,-0.0,-0.007011929680338084,[9.92658367e-05]
2009-05-01,2009-06-01,lag_6,-0.0132886530605933,-0.0,-0.007011929680338084,[9.92658367e-05]
2009-05-01,2009-06-01,lag_7,0.0098923206082464,0.0003556116019386563,-0.007011929680338084,[9.92658367e-05]
2009-05-01,2009-06-01,lag_8,-0.020324900761317096,-0.0017546605505330052,-0.007011929680338084,[9.92658367e-05]
2009-05-01,2009-06-01,lag_9,-0.0158244158056106,-0.0,-0.007011929680338084,[9.92658367e-05]
2009-05-01,2009-06-01,lag_10,-0.0035802040650576,-0.0,-0.007011929680338084,[9.92658367e-05]
2009-05-01,2009-06-01,lag_11,-0.0023354873224965,6.753591116557139e-05,-0.007011929680338084,[9.92658367e-05]
2009-05-01,2009-06-01,volatility_3m,0.0038856041801657443,-0.0,-0.007011929680338084,[9.92658367e-05]
2009-06-01,2009-07-01,lag_0,-0.003775936043751,-0.0008891207685700799,-0.0032644093337047624,[0.00024655]
2009-06-01,2009-07-01,lag_1,-0.0101509109300241,-0.0012356701607104165,-0.0032644093337047624,[0.00024655]
2009-06-01,2009-07-01,lag_2,-0.0083251150630712,-0.000769614967347781,-0.0032644093337047624,[0.00024655]
2009-06-01,2009-07-01,lag_3,-0.0157796956259579,-0.0010900975873523906,-0.0032644093337047624,[0.00024655]
2009-06-01,2009-07-01,lag_4,-0.0061041746494812,8.974085678242694e-05,-0.0032644093337047624,[0.00024655]
2009-06-01,2009-07-01,lag_5,-0.023493020506697673,-0.0,-0.0032644093337047624,[0.00024655]
2009-06-01,2009-07-01,lag_6,-0.021259931687338342,-0.0,-0.0032644093337047624,[0.00024655]
2009-06-01,2009-07-01,lag_7,-0.0132886530605933,-0.00043279972022304775,-0.0032644093337047624,[0.00024655]
2009-06-01,2009-07-01,lag_8,0.0098923206082464,0.0007072903161786685,-0.0032644093337047624,[0.00024655]
2009-06-01,2009-07-01,lag_9,-0.020318351585479472,-0.0,-0.0032644093337047624,[0.00024655]
2009-06-01,2009-07-01,lag_10,-0.0158244158056106,-0.0,-0.0032644093337047624,[0.00024655]
2009-06-01,2009-07-01,lag_11,-0.0035802040650576,0.0001093147831069824,-0.0032644093337047624,[0.00024655]
2009-06-01,2009-07-01,volatility_3m,0.0032830084043505513,-0.0,-0.0032644093337047624,[0.00024655]
2009-07-01,2009-08-01,lag_0,0.0112269628491237,0.0030910982957225272,0.0005485973204850145,[0.0002913]
2009-07-01,2009-08-01,lag_1,-0.003775936043751,-0.00039932455768684473,0.0005485973204850145,[0.0002913]
2009-07-01,2009-08-01,lag_2,-0.0101509109300241,-0.0008959528197664719,0.0005485973204850145,[0.0002913]
2009-07-01,2009-08-01,lag_3,-0.0083251150630712,-0.0005209984369666684,0.0005485973204850145,[0.0002913]
2009-07-01,2009-08-01,lag_4,-0.0157796956259579,0.0002179716351909322,0.0005485973204850145,[0.0002913]
2009-07-01,2009-08-01,lag_5,-0.0061041746494812,-0.0,0.0005485973204850145,[0.0002913]
2009-07-01,2009-08-01,lag_6,-0.023475966410434004,-0.0,0.0005485973204850145,[0.0002913]
2009-07-01,2009-08-01,lag_7,-0.021236520010436213,-0.0004046676084960159,0.0005485973204850145,[0.0002913]
2009-07-01,2009-08-01,lag_8,-0.0132886530605933,-0.0012105095771040297,0.0005485973204850145,[0.0002913]
2009-07-01,2009-08-01,lag_9,0.0098923206082464,0.0,0.0005485973204850145,[0.0002913]
2009-07-01,2009-08-01,lag_10,-0.020311802409641852,-0.0,0.0005485973204850145,[0.0002913]
2009-07-01,2009-08-01,lag_11,-0.0158244158056106,0.00037967933811333996,0.0005485973204850145,[0.0002913]
2009-07-01,2009-08-01,volatility_3m,0.010975281069351623,0.0,0.0005485973204850145,[0.0002913]
2009-08-01,2009-09-01,lag_0,0.0109072811177481,0.003096926177780713,0.002251367923169352,[0.00028684]
2009-08-01,2009-09-01,lag_1,0.0112269628491237,0.0014788279027443505,0.002251367923169352,[0.00028684]
2009-08-01,2009-09-01,lag_2,-0.003775936043751,-0.0003012159666915909,0.002251367923169352,[0.00028684]
2009-08-01,2009-09-01,lag_3,-0.0101509109300241,-0.0006615040477859576,0.002251367923169352,[0.00028684]
2009-08-01,2009-09-01,lag_4,-0.0083251150630712,9.72125248702271e-05,0.002251367923169352,[0.00028684]
2009-08-01,2009-09-01,lag_5,-0.0157796956259579,-0.0,0.002251367923169352,[0.00028684]
2009-08-01,2009-09-01,lag_6,-0.0061041746494812,2.6834570978490272e-05,0.002251367923169352,[0.00028684]
2009-08-01,2009-09-01,lag_7,-0.023458912314170334,-0.0004291647621628494,0.002251367923169352,[0.00028684]
2009-08-01,2009-09-01,lag_8,-0.021213108333534077,-0.001952171641575412,0.002251367923169352,[0.00028684]
2009-08-01,2009-09-01,lag_9,-0.0132886530605933,-0.0,0.002251367923169352,[0.00028684]
2009-08-01,2009-09-01,lag_10,0.0098923206082464,-3.6975389252944125e-05,0.002251367923169352,[0.00028684]
2009-08-01,2009-09-01,lag_11,-0.020305253233804228,0.000645761482268162,0.002251367923169352,[0.00028684]
2009-08-01,2009-09-01,volatility_3m,0.008571134092706538,0.0,0.002251367923169352,[0.00028684]
2009-09-01,2009-10-01,lag_0,0.008775750967465,0.002545029325877621,0.0032347147988229475,[0.00044374]
2009-09-01,2009-10-01,lag_1,0.0109072811177481,0.0014636677956005218,0.0032347147988229475,[0.00044374]
2009-09-01,2009-10-01,lag_2,0.0112269628491237,0.0010504165628941657,0.0032347147988229475,[0.00044374]
2009-09-01,2009-10-01,lag_3,-0.003775936043751,-0.00019803474075021806,0.0032347147988229475,[0.00044374]
2009-09-01,2009-10-01,lag_4,-0.0101509109300241,0.00023293505549318555,0.0032347147988229475,[0.00044374]
2009-09-01,2009-10-01,lag_5,-0.0083251150630712,-0.0,0.0032347147988229475,[0.00044374]
2009-09-01,2009-10-01,lag_6,-0.0157796956259579,-0.0,0.0032347147988229475,[0.00044374]
2009-09-01,2009-10-01,lag_7,-0.0061041746494812,-3.686623873356304e-05,0.0032347147988229475,[0.00044374]
2009-09-01,2009-10-01,lag_8,-0.023441858217906664,-0.0018899997091666985,0.0032347147988229475,[0.00044374]
2009-09-01,2009-10-01,lag_9,-0.021189696656631948,-0.0,0.0032347147988229475,[0.00044374]
2009-09-01,2009-10-01,lag_10,-0.0132886530605933,-0.0,0.0032347147988229475,[0.00044374]
2009-09-01,2009-10-01,lag_11,0.0098923206082464,-0.0003761732049123904,0.0032347147988229475,[0.00044374]
2009-09-01,2009-10-01,volatility_3m,0.0013325449885917544,-0.0,0.0032347147988229475,[0.00044374]
2009-10-01,2009-11-01,lag_0,0.0026918316470805,0.0007952211507088714,0.004164869304392684,[0.00030491]
2009-10-01,2009-11-01,lag_1,0.008775750967465,0.0012137690202808544,0.004164869304392684,[0.00030491]
2009-10-01,2009-11-01,lag_2,0.0109072811177481,0.0011547761689703836,0.004164869304392684,[0.00030491]
2009-10-01,2009-11-01,lag_3,0.0112269628491237,0.0008238277756254093,0.004164869304392684,[0.00030491]
2009-10-01,2009-11-01,lag_4,-0.003775936043751,3.907353136564493e-05,0.004164869304392684,[0.00030491]
2009-10-01,2009-11-01,lag_5,-0.0101509109300241,-0.0,0.004164869304392684,[0.00030491]
2009-10-01,2009-11-01,lag_6,-0.0083251150630712,-0.0,0.004164869304392684,[0.00030491]
2009-10-01,2009-11-01,lag_7,-0.0157796956259579,-0.000206817786476936,0.004164869304392684,[0.00030491]
2009-10-01,2009-11-01,lag_8,-0.0061041746494812,-0.00045798090121433875,0.004164869304392684,[0.00030491]
2009-10-01,2009-11-01,lag_9,-0.023424804121642998,-0.0,0.004164869304392684,[0.00030491]
2009-10-01,2009-11-01,lag_10,-0.021166284979729815,-0.0,0.004164869304392684,[0.00030491]
2009-10-01,2009-11-01,lag_11,-0.0132886530605933,0.000498090684896465,0.004164869304392684,[0.00030491]
2009-10-01,2009-11-01,volatility_3m,0.004263236350544155,-0.0,0.004164869304392684,[0.00030491]
2009-11-01,2009-12-01,lag_0,0.0043287252217618,0.0012954943398288475,0.0029724826388447512,[0.00033841]
2009-11-01,2009-12-01,lag_1,0.0026918316470805,0.00038480461675332407,0.0029724826388447512,[0.00033841]
2009-11-01,2009-12-01,lag_2,0.008775750967465,0.0008621536716323583,0.0029724826388447512,[0.00033841]
2009-11-01,2009-12-01,lag_3,0.0109072811177481,0.0007856567683214151,0.0029724826388447512,[0.00033841]
2009-11-01,2009-12-01,lag_4,0.0112269628491237,-2.171954208951132e-05,0.0029724826388447512,[0.00033841]
2009-11-01,2009-12-01,lag_5,-0.003775936043751,-0.0,0.0029724826388447512,[0.00033841]
2009-11-01,2009-12-01,lag_6,-0.0101509109300241,-0.0,0.0029724826388447512,[0.00033841]
2009-11-01,2009-12-01,lag_7,-0.0083251150630712,-8.071323464066466e-05,0.0029724826388447512,[0.00033841]
2009-11-01,2009-12-01,lag_8,-0.0157796956259579,-0.0012224913232297744,0.0029724826388447512,[0.00033841]
2009-11-01,2009-12-01,lag_9,-0.0061041746494812,-0.0,0.0029724826388447512,[0.00033841]
2009-11-01,2009-12-01,lag_10,-0.02340775002537933,-0.0,0.0029724826388447512,[0.00033841]
2009-11-01,2009-12-01,lag_11,-0.021142873302827683,0.0006308876774776407,0.0029724826388447512,[0.00033841]
2009-11-01,2009-12-01,volatility_3m,0.003148267588551091,-0.0,0.0029724826388447512,[0.00033841]
2009-12-01,2010-01-01,lag_0,0.0040498600148737,0.0010908178756391077,0.003367874597992377,[0.00075217]
2009-12-01,2010-01-01,lag_1,0.0043287252217618,0.0005377926753223046,0.003367874597992377,[0.00075217]
2009-12-01,2010-01-01,lag_2,0.0026918316470805,0.00023724278671286272,0.003367874597992377,[0.00075217]
2009-12-01,2010-01-01,lag_3,0.008775750967465,0.0005712963664145644,0.003367874597992377,[0.00075217]
2009-12-01,2010-01-01,lag_4,0.0109072811177481,-0.00023186453872837674,0.003367874597992377,[0.00075217]
2009-12-01,2010-01-01,lag_5,0.0112269628491237,0.0,0.003367874597992377,[0.00075217]
2009-12-01,2010-01-01,lag_6,-0.003775936043751,1.3322246967135169e-05,0.003367874597992377,[0.00075217]
2009-12-01,2010-01-01,lag_7,-0.0101509109300241,-7.02822039983908e-05,0.003367874597992377,[0.00075217]
2009-12-01,2010-01-01,lag_8,-0.0083251150630712,-0.0005715474179189861,0.003367874597992377,[0.00075217]
2009-12-01,2010-01-01,lag_9,-0.0157796956259579,-0.0,0.003367874597992377,[0.00075217]
2009-12-01,2010-01-01,lag_10,-0.0061041746494812,-0.0,0.003367874597992377,[0.00075217]
2009-12-01,2010-01-01,lag_11,-0.02339069592911566,0.0010389288603197928,0.003367874597992377,[0.00075217]
2009-12-01,2010-01-01,volatility_3m,0.0008757308781980086,-0.0,0.003367874597992377,[0.00075217]
2010-01-01,2010-02-01,lag_0,0.0108406384790482,0.0030426841721076835,0.004377224165839607,[0.00064888]
2010-01-01,2010-02-01,lag_1,0.0040498600148737,0.0005309195320146435,0.004377224165839607,[0.00064888]
2010-01-01,2010-02-01,lag_2,0.0043287252217618,0.0003910257523425711,0.004377224165839607,[0.00064888]
2010-01-01,2010-02-01,lag_3,0.0026918316470805,0.0001842248988228749,0.004377224165839607,[0.00064888]
2010-01-01,2010-02-01,lag_4,0.008775750967465,0.0,0.004377224165839607,[0.00064888]
2010-01-01,2010-02-01,lag_5,0.0109072811177481,0.0,0.004377224165839607,[0.00064888]
2010-01-01,2010-02-01,lag_6,0.0112269628491237,-2.7689852993189532e-05,0.004377224165839607,[0.00064888]
2010-01-01,2010-02-01,lag_7,-0.003775936043751,-9.285258003173112e-06,0.004377224165839607,[0.00064888]
2010-01-01,2010-02-01,lag_8,-0.0101509109300241,-0.0006994654144380427,0.004377224165839607,[0.00064888]
2010-01-01,2010-02-01,lag_9,-0.0083251150630712,-0.0,0.004377224165839607,[0.00064888]
2010-01-01,2010-02-01,lag_10,-0.0157796956259579,-0.0,0.004377224165839607,[0.00064888]
2010-01-01,2010-02-01,lag_11,-0.0061041746494812,0.00031593197744582966,0.004377224165839607,[0.00064888]
2010-01-01,2010-02-01,volatility_3m,0.003842686825289724,-0.0,0.004377224165839607,[0.00064888]
2010-02-01,2010-03-01,lag_0,0.0037459440910962,0.0009822688027999698,0.004545576702141334,[0.00080052]
2010-02-01,2010-03-01,lag_1,0.0108406384790482,0.0014028023306792336,0.004545576702141334,[0.00080052]
2010-02-01,2010-03-01,lag_2,0.0040498600148737,0.00036007906808261335,0.004545576702141334,[0.00080052]
2010-02-01,2010-03-01,lag_3,0.0043287252217618,0.00028213088616345973,0.004545576702141334,[0.00080052]
2010-02-01,2010-03-01,lag_4,0.0026918316470805,-3.948814681371812e-05,0.004545576702141334,[0.00080052]
2010-02-01,2010-03-01,lag_5,0.008775750967465,0.0,0.004545576702141334,[0.00080052]
2010-02-01,2010-03-01,lag_6,0.0109072811177481,-1.6254341170633944e-06,0.004545576702141334,[0.00080052]
2010-02-01,2010-03-01,lag_7,0.0112269628491237,2.227986426154561e-05,0.004545576702141334,[0.00080052]
2010-02-01,2010-03-01,lag_8,-0.003775936043751,-0.00023176532471635487,0.004545576702141334,[0.00080052]
2010-02-01,2010-03-01,lag_9,-0.0101509109300241,-0.0,0.004545576702141334,[0.00080052]
2010-02-01,2010-03-01,lag_10,-0.0083251150630712,5.621790235659245e-05,0.004545576702141334,[0.00080052]
2010-02-01,2010-03-01,lag_11,-0.0157796956259579,0.0009121527775931078,0.004545576702141334,[0.00080052]
2010-02-01,2010-03-01,volatility_3m,0.004011270071034429,-0.0,0.004545576702141334,[0.00080052]
2010-03-01,2010-04-01,lag_0,0.0068333611273256,0.0018579974424782276,0.005712267125008786,[0.00066413]
2010-03-01,2010-04-01,lag_1,0.0037459440910962,0.0004652280728433966,0.005712267125008786,[0.00066413]
2010-03-01,2010-04-01,lag_2,0.0108406384790482,0.0010453040952518324,0.005712267125008786,[0.00066413]
2010-03-01,2010-04-01,lag_3,0.0040498600148737,0.0003023790028529877,0.005712267125008786,[0.00066413]
2010-03-01,2010-04-01,lag_4,0.0043287252217618,0.0,0.005712267125008786,[0.00066413]
2010-03-01,2010-04-01,lag_5,0.0026918316470805,0.0,0.005712267125008786,[0.00066413]
2010-03-01,2010-04-01,lag_6,0.008775750967465,0.0,0.005712267125008786,[0.00066413]
2010-03-01,2010-04-01,lag_7,0.0109072811177481,6.957185753492268e-05,0.005712267125008786,[0.00066413]
2010-03-01,2010-04-01,lag_8,0.0112269628491237,0.0009418995703087872,0.005712267125008786,[0.00066413]
2010-03-01,2010-04-01,lag_9,-0.003775936043751,-0.0,0.005712267125008786,[0.00066413]
2010-03-01,2010-04-01,lag_10,-0.0101509109300241,-0.0,0.005712267125008786,[0.00066413]
2010-03-01,2010-04-01,lag_11,-0.0083251150630712,0.0003657541350230468,0.005712267125008786,[0.00066413]
2010-03-01,2010-04-01,volatility_3m,0.0035572719928728632,-0.0,0.005712267125008786,[0.00066413]
2010-04-01,2010-05-01,lag_0,0.0033865562000299,0.0007812354066549998,0.004918444231659814,[0.00106314]
2010-04-01,2010-05-01,lag_1,0.0068333611273256,0.0008018392150022906,0.004918444231659814,[0.00106314]
2010-04-01,2010-05-01,lag_2,0.0037459440910962,0.00031197658795252943,0.004918444231659814,[0.00106314]
2010-04-01,2010-05-01,lag_3,0.0108406384790482,0.0007314911638348848,0.004918444231659814,[0.00106314]
2010-04-01,2010-05-01,lag_4,0.0040498600148737,-6.470914392882642e-05,0.004918444231659814,[0.00106314]
2010-04-01,2010-05-01,lag_5,0.0043287252217618,0.0,0.004918444231659814,[0.00106314]
2010-04-01,2010-05-01,lag_6,0.0026918316470805,-1.1906803477744101e-05,0.004918444231659814,[0.00106314]
2010-04-01,2010-05-01,lag_7,0.008775750967465,3.0611112845812524e-05,0.004918444231659814,[0.00106314]
2010-04-01,2010-05-01,lag_8,0.0109072811177481,0.000764163058738794,0.004918444231659814,[0.00106314]
2010-04-01,2010-05-01,lag_9,0.0112269628491237,0.0,0.004918444231659814,[0.00106314]
2010-04-01,2010-05-01,lag_10,-0.003775936043751,1.527907450800966e-05,0.004918444231659814,[0.00106314]
2010-04-01,2010-05-01,lag_11,-0.0101509109300241,0.0004953260645519723,0.004918444231659814,[0.00106314]
2010-04-01,2010-05-01,volatility_3m,0.0018948072821386758,-0.0,0.004918444231659814,[0.00106314]
2010-05-01,2010-06-01,lag_0,0.0134185316829222,0.00348714489658014,0.006290795478469009,[0.00110909]
2010-05-01,2010-06-01,lag_1,0.0033865562000299,0.0003440567370385865,0.006290795478469009,[0.00110909]
2010-05-01,2010-06-01,lag_2,0.0068333611273256,0.0005323998271691248,0.006290795478469009,[0.00110909]
2010-05-01,2010-06-01,lag_3,0.0037459440910962,0.00021879047810966512,0.006290795478469009,[0.00110909]
2010-05-01,2010-06-01,lag_4,0.0108406384790482,-0.00018880691709796197,0.006290795478469009,[0.00110909]
2010-05-01,2010-06-01,lag_5,0.0040498600148737,0.0,0.006290795478469009,[0.00110909]
2010-05-01,2010-06-01,lag_6,0.0043287252217618,0.0,0.006290795478469009,[0.00110909]
2010-05-01,2010-06-01,lag_7,0.0026918316470805,6.2226125973547325e-06,0.006290795478469009,[0.00110909]
2010-05-01,2010-06-01,lag_8,0.008775750967465,0.0006321544723021104,0.006290795478469009,[0.00110909]
2010-05-01,2010-06-01,lag_9,0.0109072811177481,0.0,0.006290795478469009,[0.00110909]
2010-05-01,2010-06-01,lag_10,0.0112269628491237,-4.356613770195158e-05,0.006290795478469009,[0.00110909]
2010-05-01,2010-06-01,lag_11,-0.003775936043751,0.00019330796524952835,0.006290795478469009,[0.00110909]
2010-05-01,2010-06-01,volatility_3m,0.005097147364661901,0.0,0.006290795478469009,[0.00110909]
2010-06-01,2010-07-01,lag_0,0.0018475022092525,0.00035445571257780665,0.0032570775163183983,[0.00090495]
2010-06-01,2010-07-01,lag_1,0.0134185316829222,0.001635832105093998,0.0032570775163183983,[0.00090495]
2010-06-01,2010-07-01,lag_2,0.0033865562000299,0.00025112520720538083,0.0032570775163183983,[0.00090495]
2010-06-01,2010-07-01,lag_3,0.0068333611273256,0.0004660397121705636,0.0032570775163183983,[0.00090495]
2010-06-01,2010-07-01,lag_4,0.0037459440910962,-3.804830001595039e-05,0.0032570775163183983,[0.00090495]
2010-06-01,2010-07-01,lag_5,0.0108406384790482,0.0,0.0032570775163183983,[0.00090495]
2010-06-01,2010-07-01,lag_6,0.0040498600148737,0.0,0.0032570775163183983,[0.00090495]
2010-06-01,2010-07-01,lag_7,0.0043287252217618,3.493007208559483e-05,0.0032570775163183983,[0.00090495]
2010-06-01,2010-07-01,lag_8,0.0026918316470805,0.00022233692011069045,0.0032570775163183983,[0.00090495]
2010-06-01,2010-07-01,lag_9,0.008775750967465,0.0,0.0032570775163183983,[0.00090495]
2010-06-01,2010-07-01,lag_10,0.0109072811177481,-3.929474812606891e-05,0.0032570775163183983,[0.00090495]
2010-06-01,2010-07-01,lag_11,0.0112269628491237,-0.0005352486129514221,0.0032570775163183983,[0.00090495]
2010-06-01,2010-07-01,volatility_3m,0.006283549187579858,0.0,0.0032570775163183983,[0.00090495]
2010-07-01,2010-08-01,lag_0,0.0037898457435989,0.0008845696959983748,0.003148027890567565,[0.00095586]
2010-07-01,2010-08-01,lag_1,0.0018475022092525,0.00015677227573344222,0.003148027890567565,[0.00095586]
2010-07-01,2010-08-01,lag_2,0.0134185316829222,0.0011955583627199851,0.003148027890567565,[0.00095586]
2010-07-01,2010-08-01,lag_3,0.0033865562000299,0.00021033874566568351,0.003148027890567565,[0.00095586]
2010-07-01,2010-08-01,lag_4,0.0068333611273256,-0.0001092267993092595,0.003148027890567565,[0.00095586]
2010-07-01,2010-08-01,lag_5,0.0037459440910962,0.0,0.003148027890567565,[0.00095586]
2010-07-01,2010-08-01,lag_6,0.0108406384790482,-4.157323467599206e-05,0.003148027890567565,[0.00095586]
2010-07-01,2010-08-01,lag_7,0.0040498600148737,5.400493666201042e-05,0.003148027890567565,[0.00095586]
2010-07-01,2010-08-01,lag_8,0.0043287252217618,0.00035448052699950866,0.003148027890567565,[0.00095586]
2010-07-01,2010-08-01,lag_9,0.0026918316470805,0.0,0.003148027890567565,[0.00095586]
2010-07-01,2010-08-01,lag_10,0.008775750967465,0.0,0.003148027890567565,[0.00095586]
2010-07-01,2010-08-01,lag_11,0.0109072811177481,-0.0005127600003867369,0.003148027890567565,[0.00095586]
2010-07-01,2010-08-01,volatility_3m,0.00619641044482035,0.0,0.003148027890567565,[0.00095586]
2010-08-01,2010-09-01,lag_0,0.0036579355962977,0.0008489397240799094,0.0031617451534797624,[0.00103751]
2010-08-01,2010-09-01,lag_1,0.0037898457435989,0.00042156437703909426,0.0031617451534797624,[0.00103751]
2010-08-01,2010-09-01,lag_2,0.0018475022092525,0.00012249933074752185,0.0031617451534797624,[0.00103751]
2010-08-01,2010-09-01,lag_3,0.0134185316829222,0.0009475692612746833,0.0031617451534797624,[0.00103751]
2010-08-01,2010-09-01,lag_4,0.0033865562000299,-4.5848554216111127e-05,0.0031617451534797624,[0.00103751]
2010-08-01,2010-09-01,lag_5,0.0068333611273256,0.0,0.0031617451534797624,[0.00103751]
2010-08-01,2010-09-01,lag_6,0.0037459440910962,0.0,0.0031617451534797624,[0.00103751]
2010-08-01,2010-09-01,lag_7,0.0108406384790482,6.417248002256008e-05,0.0031617451534797624,[0.00103751]
2010-08-01,2010-09-01,lag_8,0.0040498600148737,0.0002764964503858439,0.0031617451534797624,[0.00103751]
2010-08-01,2010-09-01,lag_9,0.0043287252217618,0.0,0.0031617451534797624,[0.00103751]
2010-08-01,2010-09-01,lag_10,0.0026918316470805,-5.788902353659221e-06,0.0031617451534797624,[0.00103751]
2010-08-01,2010-09-01,lag_11,0.008775750967465,-0.0005053724491187644,0.0031617451534797624,[0.00103751]
2010-08-01,2010-09-01,volatility_3m,0.0010853392512102874,-0.0,0.0031617451534797624,[0.00103751]
2010-09-01,2010-10-01,lag_0,0.0029434252658697,0.0006740653831853713,0.002909838392834196,[0.00095683]
2010-09-01,2010-10-01,lag_1,0.0036579355962977,0.0004103100161357695,0.002909838392834196,[0.00095683]
2010-09-01,2010-10-01,lag_2,0.0037898457435989,0.00028718062042083477,0.002909838392834196,[0.00095683]
2010-09-01,2010-10-01,lag_3,0.0018475022092525,9.6211412883385e-05,0.002909838392834196,[0.00095683]
2010-09-01,2010-10-01,lag_4,0.0134185316829222,-0.00022719188510941446,0.002909838392834196,[0.00095683]
2010-09-01,2010-10-01,lag_5,0.0033865562000299,0.0,0.002909838392834196,[0.00095683]
2010-09-01,2010-10-01,lag_6,0.0068333611273256,0.0,0.002909838392834196,[0.00095683]
2010-09-01,2010-10-01,lag_7,0.0037459440910962,3.790265806786088e-05,0.002909838392834196,[0.00095683]
2010-09-01,2010-10-01,lag_8,0.0108406384790482,0.0008081091079329329,0.002909838392834196,[0.00095683]
2010-09-01,2010-10-01,lag_9,0.0040498600148737,0.0,0.002909838392834196,[0.00095683]
2010-09-01,2010-10-01,lag_10,0.0043287252217618,0.0,0.002909838392834196,[0.00095683]
2010-09-01,2010-10-01,lag_11,0.0026918316470805,-0.00013357731692581278,0.002909838392834196,[0.00095683]
2010-09-01,2010-10-01,volatility_3m,0.0006672331475216492,-0.0,0.002909838392834196,[0.00095683]
2010-10-01,2010-11-01,lag_0,-0.0028376912450953,-0.0009455942412535488,0.000950196000655697,[0.00098587]
2010-10-01,2010-11-01,lag_1,0.0029434252658697,0.0003038466462947098,0.000950196000655697,[0.00098587]
2010-10-01,2010-11-01,lag_2,0.0036579355962977,0.00027215393629047416,0.000950196000655697,[0.00098587]
2010-10-01,2010-11-01,lag_3,0.0037898457435989,0.00022856211438836705,0.000950196000655697,[0.00098587]
2010-10-01,2010-11-01,lag_4,0.0018475022092525,-1.7764968229438606e-05,0.000950196000655697,[0.00098587]
2010-10-01,2010-11-01,lag_5,0.0134185316829222,0.0,0.000950196000655697,[0.00098587]
2010-10-01,2010-11-01,lag_6,0.0033865562000299,0.0,0.000950196000655697,[0.00098587]
2010-10-01,2010-11-01,lag_7,0.0068333611273256,5.9590485555578983e-05,0.000950196000655697,[0.00098587]
2010-10-01,2010-11-01,lag_8,0.0037459440910962,0.0002803873629796523,0.000950196000655697,[0.00098587]
2010-10-01,2010-11-01,lag_9,0.0108406384790482,0.0,0.000950196000655697,[0.00098587]
2010-10-01,2010-11-01,lag_10,0.0040498600148737,0.0,0.000950196000655697,[0.00098587]
2010-10-01,2010-11-01,lag_11,0.0043287252217618,-0.00021685311985115963,0.000950196000655697,[0.00098587]
2010-10-01,2010-11-01,volatility_3m,0.0035619517399937185,-0.0,0.000950196000655697,[0.00098587]
2010-11-01,2010-12-01,lag_0,0.0008691845526112,0.00010973210730241827,0.0010900447628660443,[0.00119284]
2010-11-01,2010-12-01,lag_1,-0.0028376912450953,-0.000439161977313628,0.0010900447628660443,[0.00119284]
2010-11-01,2010-12-01,lag_2,0.0029434252658697,0.0002068671384923975,0.0010900447628660443,[0.00119284]
2010-11-01,2010-12-01,lag_3,0.0036579355962977,0.00019634178067004916,0.0010900447628660443,[0.00119284]
2010-11-01,2010-12-01,lag_4,0.0037898457435989,-6.815411568919268e-05,0.0010900447628660443,[0.00119284]
2010-11-01,2010-12-01,lag_5,0.0018475022092525,0.0,0.0010900447628660443,[0.00119284]
2010-11-01,2010-12-01,lag_6,0.0134185316829222,-0.0001679885990415787,0.0010900447628660443,[0.00119284]
2010-11-01,2010-12-01,lag_7,0.0033865562000299,0.0,0.0010900447628660443,[0.00119284]
2010-11-01,2010-12-01,lag_8,0.0068333611273256,0.0004161120016475656,0.0010900447628660443,[0.00119284]
2010-11-01,2010-12-01,lag_9,0.0037459440910962,0.0,0.0010900447628660443,[0.00119284]
2010-11-01,2010-12-01,lag_10,0.0108406384790482,-0.00012656801959155404,0.0010900447628660443,[0.00119284]
2010-11-01,2010-12-01,lag_11,0.0040498600148737,-0.00022997621215244045,0.0010900447628660443,[0.00119284]
2010-11-01,2010-12-01,volatility_3m,0.0029287287011464398,-0.0,0.0010900447628660443,[0.00119284]
2010-12-01,2011-01-01,lag_0,0.009737829134778,0.002524254118482738,0.0030916007502408555,[0.00103051]
2010-12-01,2011-01-01,lag_1,0.0008691845526112,5.1827011121385466e-05,0.0030916007502408555,[0.00103051]
2010-12-01,2011-01-01,lag_2,-0.0028376912450953,-0.00029430868542884483,0.0030916007502408555,[0.00103051]
2010-12-01,2011-01-01,lag_3,0.0029434252658697,0.000164751811714447,0.0030916007502408555,[0.00103051]
2010-12-01,2011-01-01,lag_4,0.0036579355962977,-5.830053312684842e-05,0.0030916007502408555,[0.00103051]
2010-12-01,2011-01-01,lag_5,0.0037898457435989,0.0,0.0030916007502408555,[0.00103051]
2010-12-01,2011-01-01,lag_6,0.0018475022092525,-2.2021727083182527e-06,0.0030916007502408555,[0.00103051]
2010-12-01,2011-01-01,lag_7,0.0134185316829222,3.2251215140266313e-06,0.0030916007502408555,[0.00103051]
2010-12-01,2011-01-01,lag_8,0.0033865562000299,0.00020769020689382706,0.0030916007502408555,[0.00103051]
2010-12-01,2011-01-01,lag_9,0.0068333611273256,0.0,0.0030916007502408555,[0.00103051]
2010-12-01,2011-01-01,lag_10,0.0037459440910962,0.0,0.0030916007502408555,[0.00103051]
2010-12-01,2011-01-01,lag_11,0.0108406384790482,-0.0005358448901865554,0.0030916007502408555,[0.00103051]
2010-12-01,2011-01-01,volatility_3m,0.006461907583794786,0.0,0.0030916007502408555,[0.00103051]
2011-01-01,2011-02-01,lag_0,-0.0021083561409289,-0.0007453731961528789,0.0018770377058903503,[0.00094528]
2011-01-01,2011-02-01,lag_1,0.009737829134778,0.0011541785530625808,0.0018770377058903503,[0.00094528]
2011-01-01,2011-02-01,lag_2,0.0008691845526112,3.861059526393213e-05,0.0018770377058903503,[0.00094528]
2011-01-01,2011-02-01,lag_3,-0.0028376912450953,-0.0002590381096105431,0.0018770377058903503,[0.00094528]
2011-01-01,2011-02-01,lag_4,0.0029434252658697,-2.7918549660486413e-05,0.0018770377058903503,[0.00094528]
2011-01-01,2011-02-01,lag_5,0.0036579355962977,0.0,0.0018770377058903503,[0.00094528]
2011-01-01,2011-02-01,lag_6,0.0037898457435989,0.0,0.0018770377058903503,[0.00094528]
2011-01-01,2011-02-01,lag_7,0.0018475022092525,7.975836901263304e-06,0.0018770377058903503,[0.00094528]
2011-01-01,2011-02-01,lag_8,0.0134185316829222,0.0009292896790831083,0.0018770377058903503,[0.00094528]
2011-01-01,2011-02-01,lag_9,0.0033865562000299,0.0,0.0018770377058903503,[0.00094528]
2011-01-01,2011-02-01,lag_10,0.0068333611273256,0.0,0.0018770377058903503,[0.00094528]
2011-01-01,2011-02-01,lag_11,0.0037459440910962,-0.00016596691981645215,0.0018770377058903503,[0.00094528]
2011-01-01,2011-02-01,volatility_3m,0.006162395514906774,0.0,0.0018770377058903503,[0.00094528]
2011-02-01,2011-03-01,lag_0,-0.003978748128941,-0.0013062555799707243,-2.73701229521737e-05,[0.00082019]
2011-02-01,2011-03-01,lag_1,-0.0021083561409289,-0.00037463297107584545,-2.73701229521737e-05,[0.00082019]
2011-02-01,2011-03-01,lag_2,0.009737829134778,0.0009726160416042706,-2.73701229521737e-05,[0.00082019]
2011-02-01,2011-03-01,lag_3,0.0008691845526112,3.736311443604217e-05,-2.73701229521737e-05,[0.00082019]
2011-02-01,2011-03-01,lag_4,-0.0028376912450953,2.7686052689429777e-05,-2.73701229521737e-05,[0.00082019]
2011-02-01,2011-03-01,lag_5,0.0029434252658697,0.0,-2.73701229521737e-05,[0.00082019]
2011-02-01,2011-03-01,lag_6,0.0036579355962977,0.0,-2.73701229521737e-05,[0.00082019]
2011-02-01,2011-03-01,lag_7,0.0037898457435989,4.104298439677197e-05,-2.73701229521737e-05,[0.00082019]
2011-02-01,2011-03-01,lag_8,0.0018475022092525,9.224763783270516e-05,-2.73701229521737e-05,[0.00082019]
2011-02-01,2011-03-01,lag_9,0.0134185316829222,0.0,-2.73701229521737e-05,[0.00082019]
2011-02-01,2011-03-01,lag_10,0.0033865562000299,0.0,-2.73701229521737e-05,[0.00082019]
2011-02-01,2011-03-01,lag_11,0.0068333611273256,-0.0003376318479083878,-2.73701229521737e-05,[0.00082019]
2011-02-01,2011-03-01,volatility_3m,0.007438357385950742,0.0,-2.73701229521737e-05,[0.00082019]
2011-03-01,2011-04-01,lag_0,0.0103489910718046,0.002711118628272212,0.0036314045959464445,[0.0010508]
2011-03-01,2011-04-01,lag_1,-0.003978748128941,-0.0005506553439974315,0.0036314045959464445,[0.0010508]
2011-03-01,2011-04-01,lag_2,-0.0021083561409289,-0.0002715774818618867,0.0036314045959464445,[0.0010508]
2011-03-01,2011-04-01,lag_3,0.009737829134778,0.0006564102901387572,0.0036314045959464445,[0.0010508]
2011-03-01,2011-04-01,lag_4,0.0008691845526112,-1.1597236816798452e-05,0.0036314045959464445,[0.0010508]
2011-03-01,2011-04-01,lag_5,-0.0028376912450953,-0.0,0.0036314045959464445,[0.0010508]
2011-03-01,2011-04-01,lag_6,0.0029434252658697,0.0,0.0036314045959464445,[0.0010508]
2011-03-01,2011-04-01,lag_7,0.0036579355962977,0.0,0.0036314045959464445,[0.0010508]
2011-03-01,2011-04-01,lag_8,0.0037898457435989,0.00020718287705381974,0.0036314045959464445,[0.0010508]
2011-03-01,2011-04-01,lag_9,0.0018475022092525,0.0,0.0036314045959464445,[0.0010508]
2011-03-01,2011-04-01,lag_10,0.0134185316829222,0.0,0.0036314045959464445,[0.0010508]
2011-03-01,2011-04-01,lag_11,0.0033865562000299,-0.00016027673468351373,0.0036314045959464445,[0.0010508]
2011-03-01,2011-04-01,volatility_3m,0.007788538334972329,0.0,0.0036314045959464445,[0.0010508]
2011-04-01,2011-05-01,lag_0,-0.0032354993818444,-0.0010206405940367627,5.062496402688174e-05,[0.00111915]
2011-04-01,2011-05-01,lag_1,0.0103489910718046,0.0012377707625200178,5.062496402688174e-05,[0.00111915]
2011-04-01,2011-05-01,lag_2,-0.003978748128941,-0.0004119701110701019,5.062496402688174e-05,[0.00111915]
2011-04-01,2011-05-01,lag_3,-0.0021083561409289,-0.00019147475372042217,5.062496402688174e-05,[0.00111915]
2011-04-01,2011-05-01,lag_4,0.009737829134778,-0.0001634742294450379,5.062496402688174e-05,[0.00111915]
2011-04-01,2011-05-01,lag_5,0.0008691845526112,0.0,5.062496402688174e-05,[0.00111915]
2011-04-01,2011-05-01,lag_6,-0.0028376912450953,-0.0,5.062496402688174e-05,[0.00111915]
2011-04-01,2011-05-01,lag_7,0.0029434252658697,0.0,5.062496402688174e-05,[0.00111915]
2011-04-01,2011-05-01,lag_8,0.0036579355962977,0.0002119034241859341,5.062496402688174e-05,[0.00111915]
2011-04-01,2011-05-01,lag_9,0.0037898457435989,0.0,5.062496402688174e-05,[0.00111915]
2011-04-01,2011-05-01,lag_10,0.0018475022092525,-1.5902892197865332e-05,5.062496402688174e-05,[0.00111915]
2011-04-01,2011-05-01,lag_11,0.0134185316829222,-0.000714740953700793,5.062496402688174e-05,[0.00111915]
2011-04-01,2011-05-01,volatility_3m,0.008066131974599346,0.0,5.062496402688174e-05,[0.00111915]
2011-05-01,2011-06-01,lag_0,0.0012053529354325,0.00015913488316882574,0.0016044634967217043,[0.00112371]
2011-05-01,2011-06-01,lag_1,-0.0032354993818444,-0.0004493817769656903,0.0016044634967217043,[0.00112371]
2011-05-01,2011-06-01,lag_2,0.0103489910718046,0.0009285905198189663,0.0016044634967217043,[0.00112371]
2011-05-01,2011-06-01,lag_3,-0.003978748128941,-0.00027236640762712966,0.0016044634967217043,[0.00112371]
2011-05-01,2011-06-01,lag_4,-0.0021083561409289,3.930907931884637e-05,0.0016044634967217043,[0.00112371]
2011-05-01,2011-06-01,lag_5,0.009737829134778,0.0,0.0016044634967217043,[0.00112371]
2011-05-01,2011-06-01,lag_6,0.0008691845526112,0.0,0.0016044634967217043,[0.00112371]
2011-05-01,2011-06-01,lag_7,-0.0028376912450953,-4.703927867214812e-06,0.0016044634967217043,[0.00112371]
2011-05-01,2011-06-01,lag_8,0.0029434252658697,0.00015796061831675442,0.0016044634967217043,[0.00112371]
2011-05-01,2011-06-01,lag_9,0.0036579355962977,0.0,0.0016044634967217043,[0.00112371]
2011-05-01,2011-06-01,lag_10,0.0037898457435989,-1.580187831206115e-05,0.0016044634967217043,[0.00112371]
2011-05-01,2011-06-01,lag_11,0.0018475022092525,-6.198811311429112e-05,0.0016044634967217043,[0.00112371]
2011-05-01,2011-06-01,volatility_3m,0.006926587285694434,0.0,0.0016044634967217043,[0.00112371]
2011-06-01,2011-07-01,lag_0,0.0030203149621863,0.0005516534283025529,0.0018602038610113366,[0.00129058]
2011-06-01,2011-07-01,lag_1,0.0012053529354325,4.352435570321512e-05,0.0018602038610113366,[0.00129058]
2011-06-01,2011-07-01,lag_2,-0.0032354993818444,-0.0001735005443973134,0.0018602038610113366,[0.00129058]
2011-06-01,2011-07-01,lag_3,0.0103489910718046,0.00014794326122067152,0.0018602038610113366,[0.00129058]
2011-06-01,2011-07-01,lag_4,-0.003978748128941,-0.0,0.0018602038610113366,[0.00129058]
2011-06-01,2011-07-01,lag_5,-0.0021083561409289,-0.0,0.0018602038610113366,[0.00129058]
2011-06-01,2011-07-01,lag_6,0.009737829134778,0.0,0.0018602038610113366,[0.00129058]
2011-06-01,2011-07-01,lag_7,0.0008691845526112,0.0,0.0018602038610113366,[0.00129058]
2011-06-01,2011-07-01,lag_8,-0.0028376912450953,-0.0,0.0018602038610113366,[0.00129058]
2011-06-01,2011-07-01,lag_9,0.0029434252658697,0.0,0.0018602038610113366,[0.00129058]
2011-06-01,2011-07-01,lag_10,0.0036579355962977,0.0,0.0018602038610113366,[0.00129058]
2011-06-01,2011-07-01,lag_11,0.0037898457435989,0.0,0.0018602038610113366,[0.00129058]
2011-06-01,2011-07-01,volatility_3m,0.0032184486317013597,-0.0,0.0018602038610113366,[0.00129058]
2011-07-01,2011-08-01,lag_0,0.0049150558673387,0.0009988518884364607,0.002335984313320541,[0.00120157]
2011-07-01,2011-08-01,lag_1,0.0030203149621863,0.00018948819523980796,0.002335984313320541,[0.00120157]
2011-07-01,2011-08-01,lag_2,0.0012053529354325,2.806991308777817e-05,0.002335984313320541,[0.00120157]
2011-07-01,2011-08-01,lag_3,-0.0032354993818444,-8.200053484457935e-05,0.002335984313320541,[0.00120157]
2011-07-01,2011-08-01,lag_4,0.0103489910718046,0.0,0.002335984313320541,[0.00120157]
2011-07-01,2011-08-01,lag_5,-0.003978748128941,-0.0,0.002335984313320541,[0.00120157]
2011-07-01,2011-08-01,lag_6,-0.0021083561409289,-0.0,0.002335984313320541,[0.00120157]
2011-07-01,2011-08-01,lag_7,0.009737829134778,0.0,0.002335984313320541,[0.00120157]
2011-07-01,2011-08-01,lag_8,0.0008691845526112,0.0,0.002335984313320541,[0.00120157]
2011-07-01,2011-08-01,lag_9,-0.0028376912450953,-0.0,0.002335984313320541,[0.00120157]
2011-07-01,2011-08-01,lag_10,0.0029434252658697,0.0,0.002335984313320541,[0.00120157]
2011-07-01,2011-08-01,lag_11,0.0036579355962977,0.0,0.002335984313320541,[0.00120157]
2011-07-01,2011-08-01,volatility_3m,0.001854994433918399,-0.0,0.002335984313320541,[0.00120157]
2011-08-01,2011-09-01,lag_0,0.0067284438160486,0.0012806746754609397,0.0030715994884432936,[0.00143727]
2011-08-01,2011-09-01,lag_1,0.0049150558673387,0.0002735459181512973,0.0030715994884432936,[0.00143727]
2011-08-01,2011-09-01,lag_2,0.0030203149621863,7.927054191269777e-05,0.0030715994884432936,[0.00143727]
2011-08-01,2011-09-01,lag_3,0.0012053529354325,8.338767619267357e-07,0.0030715994884432936,[0.00143727]
2011-08-01,2011-09-01,lag_4,-0.0032354993818444,-0.0,0.0030715994884432936,[0.00143727]
2011-08-01,2011-09-01,lag_5,0.0103489910718046,0.0,0.0030715994884432936,[0.00143727]
2011-08-01,2011-09-01,lag_6,-0.003978748128941,-0.0,0.0030715994884432936,[0.00143727]
2011-08-01,2011-09-01,lag_7,-0.0021083561409289,-0.0,0.0030715994884432936,[0.00143727]
2011-08-01,2011-09-01,lag_8,0.009737829134778,0.0,0.0030715994884432936,[0.00143727]
2011-08-01,2011-09-01,lag_9,0.0008691845526112,0.0,0.0030715994884432936,[0.00143727]
2011-08-01,2011-09-01,lag_10,-0.0028376912450953,-0.0,0.0030715994884432936,[0.00143727]
2011-08-01,2011-09-01,lag_11,0.0029434252658697,0.0,0.0030715994884432936,[0.00143727]
2011-08-01,2011-09-01,volatility_3m,0.0018542131550889798,-0.0,0.0030715994884432936,[0.00143727]
2011-09-01,2011-10-01,lag_0,-0.0008274225944706,-0.00034644439218160816,0.0016494711342429885,[0.00132178]
2011-09-01,2011-10-01,lag_1,0.0067284438160486,0.0004251584831304836,0.0016494711342429885,[0.00132178]
2011-09-01,2011-10-01,lag_2,0.0049150558673387,0.00020961823700480254,0.0016494711342429885,[0.00132178]
2011-09-01,2011-10-01,lag_3,0.0030203149621863,3.936273874119641e-05,0.0016494711342429885,[0.00132178]
2011-09-01,2011-10-01,lag_4,0.0012053529354325,0.0,0.0016494711342429885,[0.00132178]
2011-09-01,2011-10-01,lag_5,-0.0032354993818444,-0.0,0.0016494711342429885,[0.00132178]
2011-09-01,2011-10-01,lag_6,0.0103489910718046,0.0,0.0016494711342429885,[0.00132178]
2011-09-01,2011-10-01,lag_7,-0.003978748128941,-0.0,0.0016494711342429885,[0.00132178]
2011-09-01,2011-10-01,lag_8,-0.0021083561409289,-0.0,0.0016494711342429885,[0.00132178]
2011-09-01,2011-10-01,lag_9,0.009737829134778,0.0,0.0016494711342429885,[0.00132178]
2011-09-01,2011-10-01,lag_10,0.0008691845526112,0.0,0.0016494711342429885,[0.00132178]
2011-09-01,2011-10-01,lag_11,-0.0028376912450953,-0.0,0.0016494711342429885,[0.00132178]
2011-09-01,2011-10-01,volatility_3m,0.003944522614767688,-0.0,0.0016494711342429885,[0.00132178]
2011-10-01,2011-11-01,lag_0,0.0069164365872342,0.0013690272366873855,0.0028553085218455823,[0.00127723]
2011-10-01,2011-11-01,lag_1,-0.0008274225944706,-0.0001274419837318089,0.0028553085218455823,[0.00127723]
2011-10-01,2011-11-01,lag_2,0.0067284438160486,0.0002951404111575327,0.0028553085218455823,[0.00127723]
2011-10-01,2011-11-01,lag_3,0.0049150558673387,4.13526326248985e-05,0.0028553085218455823,[0.00127723]
2011-10-01,2011-11-01,lag_4,0.0030203149621863,0.0,0.0028553085218455823,[0.00127723]
2011-10-01,2011-11-01,lag_5,0.0012053529354325,0.0,0.0028553085218455823,[0.00127723]
2011-10-01,2011-11-01,lag_6,-0.0032354993818444,-0.0,0.0028553085218455823,[0.00127723]
2011-10-01,2011-11-01,lag_7,0.0103489910718046,0.0,0.0028553085218455823,[0.00127723]
2011-10-01,2011-11-01,lag_8,-0.003978748128941,-0.0,0.0028553085218455823,[0.00127723]
2011-10-01,2011-11-01,lag_9,-0.0021083561409289,-0.0,0.0028553085218455823,[0.00127723]
2011-10-01,2011-11-01,lag_10,0.009737829134778,0.0,0.0028553085218455823,[0.00127723]
2011-10-01,2011-11-01,lag_11,0.0008691845526112,0.0,0.0028553085218455823,[0.00127723]
2011-10-01,2011-11-01,volatility_3m,0.004417650460024048,-0.0,0.0028553085218455823,[0.00127723]
2011-11-01,2011-12-01,lag_0,-8.659124192433865e-05,-0.00019579204578303052,0.0016703996890568137,[0.00138472]
2011-11-01,2011-12-01,lag_1,0.0069164365872342,0.0004581836597384156,0.0016703996890568137,[0.00138472]
2011-11-01,2011-12-01,lag_2,-0.0008274225944706,-7.095373062796195e-05,0.0016703996890568137,[0.00138472]
2011-11-01,2011-12-01,lag_3,0.0067284438160486,9.424512150202172e-05,0.0016703996890568137,[0.00138472]
2011-11-01,2011-12-01,lag_4,0.0049150558673387,0.0,0.0016703996890568137,[0.00138472]
2011-11-01,2011-12-01,lag_5,0.0030203149621863,0.0,0.0016703996890568137,[0.00138472]
2011-11-01,2011-12-01,lag_6,0.0012053529354325,0.0,0.0016703996890568137,[0.00138472]
2011-11-01,2011-12-01,lag_7,-0.0032354993818444,-0.0,0.0016703996890568137,[0.00138472]
2011-11-01,2011-12-01,lag_8,0.0103489910718046,0.0,0.0016703996890568137,[0.00138472]
2011-11-01,2011-12-01,lag_9,-0.003978748128941,-0.0,0.0016703996890568137,[0.00138472]
2011-11-01,2011-12-01,lag_10,-0.0021083561409289,-0.0,0.0016703996890568137,[0.00138472]
2011-11-01,2011-12-01,lag_11,0.009737829134778,0.0,0.0016703996890568137,[0.00138472]
2011-11-01,2011-12-01,volatility_3m,0.004273144527061974,-0.0,0.0016703996890568137,[0.00138472]
2011-12-01,2012-01-01,lag_0,0.0052922619015616,0.0009673837335405593,0.0025562806998700926,[0.0014082]
2011-12-01,2012-01-01,lag_1,-8.659124192433865e-05,-6.432979766712186e-05,0.0025562806998700926,[0.0014082]
2011-12-01,2012-01-01,lag_2,0.0069164365872342,0.0002641327667037846,0.0025562806998700926,[0.0014082]
2011-12-01,2012-01-01,lag_3,-0.0008274225944706,-1.9101742029299166e-05,0.0025562806998700926,[0.0014082]
2011-12-01,2012-01-01,lag_4,0.0067284438160486,0.0,0.0025562806998700926,[0.0014082]
2011-12-01,2012-01-01,lag_5,0.0049150558673387,0.0,0.0025562806998700926,[0.0014082]
2011-12-01,2012-01-01,lag_6,0.0030203149621863,0.0,0.0025562806998700926,[0.0014082]
2011-12-01,2012-01-01,lag_7,0.0012053529354325,0.0,0.0025562806998700926,[0.0014082]
2011-12-01,2012-01-01,lag_8,-0.0032354993818444,-0.0,0.0025562806998700926,[0.0014082]
2011-12-01,2012-01-01,lag_9,0.0103489910718046,0.0,0.0025562806998700926,[0.0014082]
2011-12-01,2012-01-01,lag_10,-0.003978748128941,-0.0,0.0025562806998700926,[0.0014082]
2011-12-01,2012-01-01,lag_11,-0.0021083561409289,-0.0,0.0025562806998700926,[0.0014082]
2011-12-01,2012-01-01,volatility_3m,0.0036654332014269294,-0.0,0.0025562806998700926,[0.0014082]
2012-01-01,2012-02-01,lag_0,0.0059465566157381,0.0011607877218645349,0.002911215464175397,[0.00130273]
2012-01-01,2012-02-01,lag_1,0.0052922619015616,0.00036028280362627226,0.002911215464175397,[0.00130273]
2012-01-01,2012-02-01,lag_2,-8.659124192433865e-05,-4.4385232375737585e-05,0.002911215464175397,[0.00130273]
2012-01-01,2012-02-01,lag_3,0.0069164365872342,0.00013180036138456464,0.002911215464175397,[0.00130273]
2012-01-01,2012-02-01,lag_4,-0.0008274225944706,-0.0,0.002911215464175397,[0.00130273]
2012-01-01,2012-02-01,lag_5,0.0067284438160486,0.0,0.002911215464175397,[0.00130273]
2012-01-01,2012-02-01,lag_6,0.0049150558673387,0.0,0.002911215464175397,[0.00130273]
2012-01-01,2012-02-01,lag_7,0.0030203149621863,0.0,0.002911215464175397,[0.00130273]
2012-01-01,2012-02-01,lag_8,0.0012053529354325,0.0,0.002911215464175397,[0.00130273]
2012-01-01,2012-02-01,lag_9,-0.0032354993818444,-0.0,0.002911215464175397,[0.00130273]
2012-01-01,2012-02-01,lag_10,0.0103489910718046,0.0,0.002911215464175397,[0.00130273]
2012-01-01,2012-02-01,lag_11,-0.003978748128941,-0.0,0.002911215464175397,[0.00130273]
2012-01-01,2012-02-01,volatility_3m,0.0033105648003677744,-0.0,0.002911215464175397,[0.00130273]
2012-02-01,2012-03-01,lag_0,0.0032105037842917,0.0004919041657929502,0.002512879238066917,[0.00153434]
2012-02-01,2012-03-01,lag_1,0.0059465566157381,0.00031081820634719186,0.002512879238066917,[0.00153434]
2012-02-01,2012-03-01,lag_2,0.0052922619015616,0.00017841852998424013,0.002512879238066917,[0.00153434]
2012-02-01,2012-03-01,lag_3,-8.659124192433865e-05,-2.5983255018160254e-06,0.002512879238066917,[0.00153434]
2012-02-01,2012-03-01,lag_4,0.0069164365872342,0.0,0.002512879238066917,[0.00153434]
2012-02-01,2012-03-01,lag_5,-0.0008274225944706,-0.0,0.002512879238066917,[0.00153434]
2012-02-01,2012-03-01,lag_6,0.0067284438160486,0.0,0.002512879238066917,[0.00153434]
2012-02-01,2012-03-01,lag_7,0.0049150558673387,0.0,0.002512879238066917,[0.00153434]
2012-02-01,2012-03-01,lag_8,0.0030203149621863,0.0,0.002512879238066917,[0.00153434]
2012-02-01,2012-03-01,lag_9,0.0012053529354325,0.0,0.002512879238066917,[0.00153434]
2012-02-01,2012-03-01,lag_10,-0.0032354993818444,-0.0,0.002512879238066917,[0.00153434]
2012-02-01,2012-03-01,lag_11,0.0103489910718046,0.0,0.002512879238066917,[0.00153434]
2012-02-01,2012-03-01,volatility_3m,0.0014287409100489077,-0.0,0.002512879238066917,[0.00153434]
2012-03-01,2012-04-01,lag_0,-0.0051911748236843,-0.0013644600215009818,0.0005091512640834021,[0.00132033]
2012-03-01,2012-04-01,lag_1,0.0032105037842917,0.00019788087792679633,0.0005091512640834021,[0.00132033]
2012-03-01,2012-04-01,lag_2,0.0059465566157381,0.0002549904579190131,0.0005091512640834021,[0.00132033]
2012-03-01,2012-04-01,lag_3,0.0052922619015616,0.00010040632145172788,0.0005091512640834021,[0.00132033]
2012-03-01,2012-04-01,lag_4,-8.659124192433865e-05,-0.0,0.0005091512640834021,[0.00132033]
2012-03-01,2012-04-01,lag_5,0.0069164365872342,0.0,0.0005091512640834021,[0.00132033]
2012-03-01,2012-04-01,lag_6,-0.0008274225944706,-0.0,0.0005091512640834021,[0.00132033]
2012-03-01,2012-04-01,lag_7,0.0067284438160486,0.0,0.0005091512640834021,[0.00132033]
2012-03-01,2012-04-01,lag_8,0.0049150558673387,0.0,0.0005091512640834021,[0.00132033]
2012-03-01,2012-04-01,lag_9,0.0030203149621863,0.0,0.0005091512640834021,[0.00132033]
2012-03-01,2012-04-01,lag_10,0.0012053529354325,0.0,0.0005091512640834021,[0.00132033]
2012-03-01,2012-04-01,lag_11,-0.0032354993818444,-0.0,0.0005091512640834021,[0.00132033]
2012-03-01,2012-04-01,volatility_3m,0.005804068259202413,0.0,0.0005091512640834021,[0.00132033]
2012-04-01,2012-05-01,lag_0,0.0071677585057825,0.0013668175845345306,0.00257663281033257,[0.00143346]
2012-04-01,2012-05-01,lag_1,-0.0051911748236843,-0.00041172539042351523,0.00257663281033257,[0.00143346]
2012-04-01,2012-05-01,lag_2,0.0032105037842917,0.00010343816880613935,0.00257663281033257,[0.00143346]
2012-04-01,2012-05-01,lag_3,0.0059465566157381,8.464232353753697e-05,0.00257663281033257,[0.00143346]
2012-04-01,2012-05-01,lag_4,0.0052922619015616,0.0,0.00257663281033257,[0.00143346]
2012-04-01,2012-05-01,lag_5,-8.659124192433865e-05,-0.0,0.00257663281033257,[0.00143346]
2012-04-01,2012-05-01,lag_6,0.0069164365872342,0.0,0.00257663281033257,[0.00143346]
2012-04-01,2012-05-01,lag_7,-0.0008274225944706,-0.0,0.00257663281033257,[0.00143346]
2012-04-01,2012-05-01,lag_8,0.0067284438160486,0.0,0.00257663281033257,[0.00143346]
2012-04-01,2012-05-01,lag_9,0.0049150558673387,0.0,0.00257663281033257,[0.00143346]
2012-04-01,2012-05-01,lag_10,0.0030203149621863,0.0,0.00257663281033257,[0.00143346]
2012-04-01,2012-05-01,lag_11,0.0012053529354325,0.0,0.00257663281033257,[0.00143346]
2012-04-01,2012-05-01,volatility_3m,0.0063112505549572364,0.0,0.00257663281033257,[0.00143346]
2012-05-01,2012-06-01,lag_0,0.0023065483365494,0.00029730323617344734,0.0020325776055132644,[0.00156748]
2012-05-01,2012-06-01,lag_1,0.0071677585057825,0.0003698679572876087,0.0020325776055132644,[0.00156748]
2012-05-01,2012-06-01,lag_2,-0.0051911748236843,-0.0002090606872982946,0.0020325776055132644,[0.00156748]
2012-05-01,2012-06-01,lag_3,0.0032105037842917,6.985676106518218e-06,0.0020325776055132644,[0.00156748]
2012-05-01,2012-06-01,lag_4,0.0059465566157381,0.0,0.0020325776055132644,[0.00156748]
2012-05-01,2012-06-01,lag_5,0.0052922619015616,0.0,0.0020325776055132644,[0.00156748]
2012-05-01,2012-06-01,lag_6,-8.659124192433865e-05,-0.0,0.0020325776055132644,[0.00156748]
2012-05-01,2012-06-01,lag_7,0.0069164365872342,0.0,0.0020325776055132644,[0.00156748]
2012-05-01,2012-06-01,lag_8,-0.0008274225944706,-0.0,0.0020325776055132644,[0.00156748]
2012-05-01,2012-06-01,lag_9,0.0067284438160486,0.0,0.0020325776055132644,[0.00156748]
2012-05-01,2012-06-01,lag_10,0.0049150558673387,0.0,0.0020325776055132644,[0.00156748]
2012-05-01,2012-06-01,lag_11,0.0030203149621863,0.0,0.0020325776055132644,[0.00156748]
2012-05-01,2012-06-01,volatility_3m,0.006226160533576123,0.0,0.0020325776055132644,[0.00156748]
2012-06-01,2012-07-01,lag_0,5.529183852992503e-05,-0.0,0.0018445720598990183,[0.00184457]
2012-06-01,2012-07-01,lag_1,0.0023065483365494,0.0,0.0018445720598990183,[0.00184457]
2012-06-01,2012-07-01,lag_2,0.0071677585057825,0.0,0.0018445720598990183,[0.00184457]
2012-06-01,2012-07-01,lag_3,-0.0051911748236843,-0.0,0.0018445720598990183,[0.00184457]
2012-06-01,2012-07-01,lag_4,0.0032105037842917,0.0,0.0018445720598990183,[0.00184457]
2012-06-01,2012-07-01,lag_5,0.0059465566157381,0.0,0.0018445720598990183,[0.00184457]
2012-06-01,2012-07-01,lag_6,0.0052922619015616,0.0,0.0018445720598990183,[0.00184457]
2012-06-01,2012-07-01,lag_7,-8.659124192433865e-05,-0.0,0.0018445720598990183,[0.00184457]
2012-06-01,2012-07-01,lag_8,0.0069164365872342,0.0,0.0018445720598990183,[0.00184457]
2012-06-01,2012-07-01,lag_9,-0.0008274225944706,-0.0,0.0018445720598990183,[0.00184457]
2012-06-01,2012-07-01,lag_10,0.0067284438160486,0.0,0.0018445720598990183,[0.00184457]
2012-06-01,2012-07-01,lag_11,0.0049150558673387,0.0,0.0018445720598990183,[0.00184457]
2012-06-01,2012-07-01,volatility_3m,0.0036351685477225854,-0.0,0.0018445720598990183,[0.00184457]
2012-07-01,2012-08-01,lag_0,0.0020967842001429,0.0,0.0017500778087449992,[0.00175008]
2012-07-01,2012-08-01,lag_1,5.529183852992503e-05,-0.0,0.0017500778087449992,[0.00175008]
2012-07-01,2012-08-01,lag_2,0.0023065483365494,0.0,0.0017500778087449992,[0.00175008]
2012-07-01,2012-08-01,lag_3,0.0071677585057825,0.0,0.0017500778087449992,[0.00175008]
2012-07-01,2012-08-01,lag_4,-0.0051911748236843,-0.0,0.0017500778087449992,[0.00175008]
2012-07-01,2012-08-01,lag_5,0.0032105037842917,0.0,0.0017500778087449992,[0.00175008]
2012-07-01,2012-08-01,lag_6,0.0059465566157381,0.0,0.0017500778087449992,[0.00175008]
2012-07-01,2012-08-01,lag_7,0.0052922619015616,0.0,0.0017500778087449992,[0.00175008]
2012-07-01,2012-08-01,lag_8,-8.659124192433865e-05,-0.0,0.0017500778087449992,[0.00175008]
2012-07-01,2012-08-01,lag_9,0.0069164365872342,0.0,0.0017500778087449992,[0.00175008]
2012-07-01,2012-08-01,lag_10,-0.0008274225944706,-0.0,0.0017500778087449992,[0.00175008]
2012-07-01,2012-08-01,lag_11,0.0067284438160486,0.0,0.0017500778087449992,[0.00175008]
2012-07-01,2012-08-01,volatility_3m,0.001243640346946643,-0.0,0.0017500778087449992,[0.00175008]
2012-08-01,2012-09-01,lag_0,-0.0042882704697033,-0.0,0.001797138052914592,[0.00179714]
2012-08-01,2012-09-01,lag_1,0.0020967842001429,0.0,0.001797138052914592,[0.00179714]
2012-08-01,2012-09-01,lag_2,5.529183852992503e-05,-0.0,0.001797138052914592,[0.00179714]
2012-08-01,2012-09-01,lag_3,0.0023065483365494,0.0,0.001797138052914592,[0.00179714]
2012-08-01,2012-09-01,lag_4,0.0071677585057825,0.0,0.001797138052914592,[0.00179714]
2012-08-01,2012-09-01,lag_5,-0.0051911748236843,-0.0,0.001797138052914592,[0.00179714]
2012-08-01,2012-09-01,lag_6,0.0032105037842917,0.0,0.001797138052914592,[0.00179714]
2012-08-01,2012-09-01,lag_7,0.0059465566157381,0.0,0.001797138052914592,[0.00179714]
2012-08-01,2012-09-01,lag_8,0.0052922619015616,0.0,0.001797138052914592,[0.00179714]
2012-08-01,2012-09-01,lag_9,-8.659124192433865e-05,-0.0,0.001797138052914592,[0.00179714]
2012-08-01,2012-09-01,lag_10,0.0069164365872342,0.0,0.001797138052914592,[0.00179714]
2012-08-01,2012-09-01,lag_11,-0.0008274225944706,-0.0,0.001797138052914592,[0.00179714]
2012-08-01,2012-09-01,volatility_3m,0.0032609596676682266,-0.0,0.001797138052914592,[0.00179714]
2012-09-01,2012-10-01,lag_0,-0.000733960055224,-0.0,0.0017358090075244683,[0.00173581]
2012-09-01,2012-10-01,lag_1,-0.0042882704697033,-0.0,0.0017358090075244683,[0.00173581]
2012-09-01,2012-10-01,lag_2,0.0020967842001429,0.0,0.0017358090075244683,[0.00173581]
2012-09-01,2012-10-01,lag_3,5.529183852992503e-05,-0.0,0.0017358090075244683,[0.00173581]
2012-09-01,2012-10-01,lag_4,0.0023065483365494,0.0,0.0017358090075244683,[0.00173581]
2012-09-01,2012-10-01,lag_5,0.0071677585057825,0.0,0.0017358090075244683,[0.00173581]
2012-09-01,2012-10-01,lag_6,-0.0051911748236843,-0.0,0.0017358090075244683,[0.00173581]
2012-09-01,2012-10-01,lag_7,0.0032105037842917,0.0,0.0017358090075244683,[0.00173581]
2012-09-01,2012-10-01,lag_8,0.0059465566157381,0.0,0.0017358090075244683,[0.00173581]
2012-09-01,2012-10-01,lag_9,0.0052922619015616,0.0,0.0017358090075244683,[0.00173581]
2012-09-01,2012-10-01,lag_10,-8.659124192433865e-05,-0.0,0.0017358090075244683,[0.00173581]
2012-09-01,2012-10-01,lag_11,0.0069164365872342,0.0,0.0017358090075244683,[0.00173581]
2012-09-01,2012-10-01,volatility_3m,0.003199353025709351,-0.0,0.0017358090075244683,[0.00173581]
2012-10-01,2012-11-01,lag_0,0.0034679632891858,0.0,0.0018065988952981555,[0.0018066]
2012-10-01,2012-11-01,lag_1,-0.000733960055224,-0.0,0.0018065988952981555,[0.0018066]
2012-10-01,2012-11-01,lag_2,-0.0042882704697033,-0.0,0.0018065988952981555,[0.0018066]
2012-10-01,2012-11-01,lag_3,0.0020967842001429,0.0,0.0018065988952981555,[0.0018066]
2012-10-01,2012-11-01,lag_4,5.529183852992503e-05,-0.0,0.0018065988952981555,[0.0018066]
2012-10-01,2012-11-01,lag_5,0.0023065483365494,0.0,0.0018065988952981555,[0.0018066]
2012-10-01,2012-11-01,lag_6,0.0071677585057825,0.0,0.0018065988952981555,[0.0018066]
2012-10-01,2012-11-01,lag_7,-0.0051911748236843,-0.0,0.0018065988952981555,[0.0018066]
2012-10-01,2012-11-01,lag_8,0.0032105037842917,0.0,0.0018065988952981555,[0.0018066]
2012-10-01,2012-11-01,lag_9,0.0059465566157381,0.0,0.0018065988952981555,[0.0018066]
2012-10-01,2012-11-01,lag_10,0.0052922619015616,0.0,0.0018065988952981555,[0.0018066]
2012-10-01,2012-11-01,lag_11,-8.659124192433865e-05,-0.0,0.0018065988952981555,[0.0018066]
2012-10-01,2012-11-01,volatility_3m,0.003882620344503245,-0.0,0.0018065988952981555,[0.0018066]
2012-11-01,2012-12-01,lag_0,0.0036609386281414,0.0,0.0018169238310589894,[0.00181692]
2012-11-01,2012-12-01,lag_1,0.0034679632891858,0.0,0.0018169238310589894,[0.00181692]
2012-11-01,2012-12-01,lag_2,-0.000733960055224,-0.0,0.0018169238310589894,[0.00181692]
2012-11-01,2012-12-01,lag_3,-0.0042882704697033,-0.0,0.0018169238310589894,[0.00181692]
2012-11-01,2012-12-01,lag_4,0.0020967842001429,0.0,0.0018169238310589894,[0.00181692]
2012-11-01,2012-12-01,lag_5,5.529183852992503e-05,-0.0,0.0018169238310589894,[0.00181692]
2012-11-01,2012-12-01,lag_6,0.0023065483365494,0.0,0.0018169238310589894,[0.00181692]
2012-11-01,2012-12-01,lag_7,0.0071677585057825,0.0,0.0018169238310589894,[0.00181692]
2012-11-01,2012-12-01,lag_8,-0.0051911748236843,-0.0,0.0018169238310589894,[0.00181692]
2012-11-01,2012-12-01,lag_9,0.0032105037842917,0.0,0.0018169238310589894,[0.00181692]
2012-11-01,2012-12-01,lag_10,0.0059465566157381,0.0,0.0018169238310589894,[0.00181692]
2012-11-01,2012-12-01,lag_11,0.0052922619015616,0.0,0.0018169238310589894,[0.00181692]
2012-11-01,2012-12-01,volatility_3m,0.0024835637603649314,-0.0,0.0018169238310589894,[0.00181692]
2012-12-01,2013-01-01,lag_0,0.0023667469005932,0.0,0.0017770876070165083,[0.00177709]
2012-12-01,2013-01-01,lag_1,0.0036609386281414,0.0,0.0017770876070165083,[0.00177709]
2012-12-01,2013-01-01,lag_2,0.0034679632891858,0.0,0.0017770876070165083,[0.00177709]
2012-12-01,2013-01-01,lag_3,-0.000733960055224,-0.0,0.0017770876070165083,[0.00177709]
2012-12-01,2013-01-01,lag_4,-0.0042882704697033,-0.0,0.0017770876070165083,[0.00177709]
2012-12-01,2013-01-01,lag_5,0.0020967842001429,0.0,0.0017770876070165083,[0.00177709]
2012-12-01,2013-01-01,lag_6,5.529183852992503e-05,-0.0,0.0017770876070165083,[0.00177709]
2012-12-01,2013-01-01,lag_7,0.0023065483365494,0.0,0.0017770876070165083,[0.00177709]
2012-12-01,2013-01-01,lag_8,0.0071677585057825,0.0,0.0017770876070165083,[0.00177709]
2012-12-01,2013-01-01,lag_9,-0.0051911748236843,-0.0,0.0017770876070165083,[0.00177709]
2012-12-01,2013-01-01,lag_10,0.0032105037842917,0.0,0.0017770876070165083,[0.00177709]
2012-12-01,2013-01-01,lag_11,0.0059465566157381,0.0,0.0017770876070165083,[0.00177709]
2012-12-01,2013-01-01,volatility_3m,0.0006981940088070257,-0.0,0.0017770876070165083,[0.00177709]
2013-01-01,2013-02-01,lag_0,0.0002451126233573,-0.0,0.001772046746894268,[0.00177205]
2013-01-01,2013-02-01,lag_1,0.0023667469005932,0.0,0.001772046746894268,[0.00177205]
2013-01-01,2013-02-01,lag_2,0.0036609386281414,0.0,0.001772046746894268,[0.00177205]
2013-01-01,2013-02-01,lag_3,0.0034679632891858,0.0,0.001772046746894268,[0.00177205]
2013-01-01,2013-02-01,lag_4,-0.000733960055224,-0.0,0.001772046746894268,[0.00177205]
2013-01-01,2013-02-01,lag_5,-0.0042882704697033,-0.0,0.001772046746894268,[0.00177205]
2013-01-01,2013-02-01,lag_6,0.0020967842001429,0.0,0.001772046746894268,[0.00177205]
2013-01-01,2013-02-01,lag_7,5.529183852992503e-05,-0.0,0.001772046746894268,[0.00177205]
2013-01-01,2013-02-01,lag_8,0.0023065483365494,0.0,0.001772046746894268,[0.00177205]
2013-01-01,2013-02-01,lag_9,0.0071677585057825,0.0,0.001772046746894268,[0.00177205]
2013-01-01,2013-02-01,lag_10,-0.0051911748236843,-0.0,0.001772046746894268,[0.00177205]
2013-01-01,2013-02-01,lag_11,0.0032105037842917,0.0,0.001772046746894268,[0.00177205]
2013-01-01,2013-02-01,volatility_3m,0.0017245352769638066,-0.0,0.001772046746894268,[0.00177205]
2013-02-01,2013-03-01,lag_0,0.0046660051793319,0.0,0.0018005059693486116,[0.00180051]
2013-02-01,2013-03-01,lag_1,0.0002451126233573,-0.0,0.0018005059693486116,[0.00180051]
2013-02-01,2013-03-01,lag_2,0.0023667469005932,0.0,0.0018005059693486116,[0.00180051]
2013-02-01,2013-03-01,lag_3,0.0036609386281414,0.0,0.0018005059693486116,[0.00180051]
2013-02-01,2013-03-01,lag_4,0.0034679632891858,0.0,0.0018005059693486116,[0.00180051]
2013-02-01,2013-03-01,lag_5,-0.000733960055224,-0.0,0.0018005059693486116,[0.00180051]
2013-02-01,2013-03-01,lag_6,-0.0042882704697033,-0.0,0.0018005059693486116,[0.00180051]
2013-02-01,2013-03-01,lag_7,0.0020967842001429,0.0,0.0018005059693486116,[0.00180051]
2013-02-01,2013-03-01,lag_8,5.529183852992503e-05,-0.0,0.0018005059693486116,[0.00180051]
2013-02-01,2013-03-01,lag_9,0.0023065483365494,0.0,0.0018005059693486116,[0.00180051]
2013-02-01,2013-03-01,lag_10,0.0071677585057825,0.0,0.0018005059693486116,[0.00180051]
2013-02-01,2013-03-01,lag_11,-0.0051911748236843,-0.0,0.0018005059693486116,[0.00180051]
2013-02-01,2013-03-01,volatility_3m,0.0022110409173871923,-0.0,0.0018005059693486116,[0.00180051]
2013-03-01,2013-04-01,lag_0,0.0040204876513261,0.0,0.0017389593632563905,[0.00173896]
2013-03-01,2013-04-01,lag_1,0.0046660051793319,0.0,0.0017389593632563905,[0.00173896]
2013-03-01,2013-04-01,lag_2,0.0002451126233573,-0.0,0.0017389593632563905,[0.00173896]
2013-03-01,2013-04-01,lag_3,0.0023667469005932,0.0,0.0017389593632563905,[0.00173896]
2013-03-01,2013-04-01,lag_4,0.0036609386281414,0.0,0.0017389593632563905,[0.00173896]
2013-03-01,2013-04-01,lag_5,0.0034679632891858,0.0,0.0017389593632563905,[0.00173896]
2013-03-01,2013-04-01,lag_6,-0.000733960055224,-0.0,0.0017389593632563905,[0.00173896]
2013-03-01,2013-04-01,lag_7,-0.0042882704697033,-0.0,0.0017389593632563905,[0.00173896]
2013-03-01,2013-04-01,lag_8,0.0020967842001429,0.0,0.0017389593632563905,[0.00173896]
2013-03-01,2013-04-01,lag_9,5.529183852992503e-05,-0.0,0.0017389593632563905,[0.00173896]
2013-03-01,2013-04-01,lag_10,0.0023065483365494,0.0,0.0017389593632563905,[0.00173896]
2013-03-01,2013-04-01,lag_11,0.0071677585057825,0.0,0.0017389593632563905,[0.00173896]
2013-03-01,2013-04-01,volatility_3m,0.00238797126142132,-0.0,0.0017389593632563905,[0.00173896]
2013-04-01,2013-05-01,lag_0,-0.0008633445250438,-0.0,0.0017753352771967183,[0.00177534]
2013-04-01,2013-05-01,lag_1,0.0040204876513261,0.0,0.0017753352771967183,[0.00177534]
2013-04-01,2013-05-01,lag_2,0.0046660051793319,0.0,0.0017753352771967183,[0.00177534]
2013-04-01,2013-05-01,lag_3,0.0002451126233573,-0.0,0.0017753352771967183,[0.00177534]
2013-04-01,2013-05-01,lag_4,0.0023667469005932,0.0,0.0017753352771967183,[0.00177534]
2013-04-01,2013-05-01,lag_5,0.0036609386281414,0.0,0.0017753352771967183,[0.00177534]
2013-04-01,2013-05-01,lag_6,0.0034679632891858,0.0,0.0017753352771967183,[0.00177534]
2013-04-01,2013-05-01,lag_7,-0.000733960055224,-0.0,0.0017753352771967183,[0.00177534]
2013-04-01,2013-05-01,lag_8,-0.0042882704697033,-0.0,0.0017753352771967183,[0.00177534]
2013-04-01,2013-05-01,lag_9,0.0020967842001429,0.0,0.0017753352771967183,[0.00177534]
2013-04-01,2013-05-01,lag_10,5.529183852992503e-05,-0.0,0.0017753352771967183,[0.00177534]
2013-04-01,2013-05-01,lag_11,0.0023065483365494,0.0,0.0017753352771967183,[0.00177534]
2013-04-01,2013-05-01,volatility_3m,0.003023304421743101,-0.0,0.0017753352771967183,[0.00177534]
2013-05-01,2013-06-01,lag_0,0.0007806732341153,0.0,0.0017765827853033441,[0.00177658]
2013-05-01,2013-06-01,lag_1,-0.0008633445250438,-0.0,0.0017765827853033441,[0.00177658]
2013-05-01,2013-06-01,lag_2,0.0040204876513261,0.0,0.0017765827853033441,[0.00177658]
2013-05-01,2013-06-01,lag_3,0.0046660051793319,0.0,0.0017765827853033441,[0.00177658]
2013-05-01,2013-06-01,lag_4,0.0002451126233573,-0.0,0.0017765827853033441,[0.00177658]
2013-05-01,2013-06-01,lag_5,0.0023667469005932,0.0,0.0017765827853033441,[0.00177658]
2013-05-01,2013-06-01,lag_6,0.0036609386281414,0.0,0.0017765827853033441,[0.00177658]
2013-05-01,2013-06-01,lag_7,0.0034679632891858,0.0,0.0017765827853033441,[0.00177658]
2013-05-01,2013-06-01,lag_8,-0.000733960055224,-0.0,0.0017765827853033441,[0.00177658]
2013-05-01,2013-06-01,lag_9,-0.0042882704697033,-0.0,0.0017765827853033441,[0.00177658]
2013-05-01,2013-06-01,lag_10,0.0020967842001429,0.0,0.0017765827853033441,[0.00177658]
2013-05-01,2013-06-01,lag_11,5.529183852992503e-05,-0.0,0.0017765827853033441,[0.00177658]
2013-05-01,2013-06-01,volatility_3m,0.002484988550521693,-0.0,0.0017765827853033441,[0.00177658]
2013-06-01,2013-07-01,lag_0,0.0020727838311218,0.0,0.0017779097426442693,[0.00177791]
2013-06-01,2013-07-01,lag_1,0.0007806732341153,0.0,0.0017779097426442693,[0.00177791]
2013-06-01,2013-07-01,lag_2,-0.0008633445250438,-0.0,0.0017779097426442693,[0.00177791]
2013-06-01,2013-07-01,lag_3,0.0040204876513261,0.0,0.0017779097426442693,[0.00177791]
2013-06-01,2013-07-01,lag_4,0.0046660051793319,0.0,0.0017779097426442693,[0.00177791]
2013-06-01,2013-07-01,lag_5,0.0002451126233573,-0.0,0.0017779097426442693,[0.00177791]
2013-06-01,2013-07-01,lag_6,0.0023667469005932,0.0,0.0017779097426442693,[0.00177791]
2013-06-01,2013-07-01,lag_7,0.0036609386281414,0.0,0.0017779097426442693,[0.00177791]
2013-06-01,2013-07-01,lag_8,0.0034679632891858,0.0,0.0017779097426442693,[0.00177791]
2013-06-01,2013-07-01,lag_9,-0.000733960055224,-0.0,0.0017779097426442693,[0.00177791]
2013-06-01,2013-07-01,lag_10,-0.0042882704697033,-0.0,0.0017779097426442693,[0.00177791]
2013-06-01,2013-07-01,lag_11,0.0020967842001429,0.0,0.0017779097426442693,[0.00177791]
2013-06-01,2013-07-01,volatility_3m,0.0014715747750401445,-0.0,0.0017779097426442693,[0.00177791]
2013-07-01,2013-08-01,lag_0,-0.0031067520457499,-0.0,0.0017685319154198376,[0.00176853]
2013-07-01,2013-08-01,lag_1,0.0020727838311218,0.0,0.0017685319154198376,[0.00176853]
2013-07-01,2013-08-01,lag_2,0.0007806732341153,0.0,0.0017685319154198376,[0.00176853]
2013-07-01,2013-08-01,lag_3,-0.0008633445250438,-0.0,0.0017685319154198376,[0.00176853]
2013-07-01,2013-08-01,lag_4,0.0040204876513261,0.0,0.0017685319154198376,[0.00176853]
2013-07-01,2013-08-01,lag_5,0.0046660051793319,0.0,0.0017685319154198376,[0.00176853]
2013-07-01,2013-08-01,lag_6,0.0002451126233573,-0.0,0.0017685319154198376,[0.00176853]
2013-07-01,2013-08-01,lag_7,0.0023667469005932,0.0,0.0017685319154198376,[0.00176853]
2013-07-01,2013-08-01,lag_8,0.0036609386281414,0.0,0.0017685319154198376,[0.00176853]
2013-07-01,2013-08-01,lag_9,0.0034679632891858,0.0,0.0017685319154198376,[0.00176853]
2013-07-01,2013-08-01,lag_10,-0.000733960055224,-0.0,0.0017685319154198376,[0.00176853]
2013-07-01,2013-08-01,lag_11,-0.0042882704697033,-0.0,0.0017685319154198376,[0.00176853]
2013-07-01,2013-08-01,volatility_3m,0.002695960465870887,-0.0,0.0017685319154198376,[0.00176853]
2013-08-01,2013-09-01,lag_0,0.0057654622391307,0.0,0.0017097326632147674,[0.00170973]
2013-08-01,2013-09-01,lag_1,-0.0031067520457499,-0.0,0.0017097326632147674,[0.00170973]
2013-08-01,2013-09-01,lag_2,0.0020727838311218,0.0,0.0017097326632147674,[0.00170973]
2013-08-01,2013-09-01,lag_3,0.0007806732341153,0.0,0.0017097326632147674,[0.00170973]
2013-08-01,2013-09-01,lag_4,-0.0008633445250438,-0.0,0.0017097326632147674,[0.00170973]
2013-08-01,2013-09-01,lag_5,0.0040204876513261,0.0,0.0017097326632147674,[0.00170973]
2013-08-01,2013-09-01,lag_6,0.0046660051793319,0.0,0.0017097326632147674,[0.00170973]
2013-08-01,2013-09-01,lag_7,0.0002451126233573,-0.0,0.0017097326632147674,[0.00170973]
2013-08-01,2013-09-01,lag_8,0.0023667469005932,0.0,0.0017097326632147674,[0.00170973]
2013-08-01,2013-09-01,lag_9,0.0036609386281414,0.0,0.0017097326632147674,[0.00170973]
2013-08-01,2013-09-01,lag_10,0.0034679632891858,0.0,0.0017097326632147674,[0.00170973]
2013-08-01,2013-09-01,lag_11,-0.000733960055224,-0.0,0.0017097326632147674,[0.00170973]
2013-08-01,2013-09-01,volatility_3m,0.004456823458503743,-0.0,0.0017097326632147674,[0.00170973]
2013-09-01,2013-10-01,lag_0,0.0050716945710824,0.0,0.0017310427677917678,[0.00173104]
2013-09-01,2013-10-01,lag_1,0.0057654622391307,0.0,0.0017310427677917678,[0.00173104]
2013-09-01,2013-10-01,lag_2,-0.0031067520457499,-0.0,0.0017310427677917678,[0.00173104]
2013-09-01,2013-10-01,lag_3,0.0020727838311218,0.0,0.0017310427677917678,[0.00173104]
2013-09-01,2013-10-01,lag_4,0.0007806732341153,0.0,0.0017310427677917678,[0.00173104]
2013-09-01,2013-10-01,lag_5,-0.0008633445250438,-0.0,0.0017310427677917678,[0.00173104]
2013-09-01,2013-10-01,lag_6,0.0040204876513261,0.0,0.0017310427677917678,[0.00173104]
2013-09-01,2013-10-01,lag_7,0.0046660051793319,0.0,0.0017310427677917678,[0.00173104]
2013-09-01,2013-10-01,lag_8,0.0002451126233573,-0.0,0.0017310427677917678,[0.00173104]
2013-09-01,2013-10-01,lag_9,0.0023667469005932,0.0,0.0017310427677917678,[0.00173104]
2013-09-01,2013-10-01,lag_10,0.0036609386281414,0.0,0.0017310427677917678,[0.00173104]
2013-09-01,2013-10-01,lag_11,0.0034679632891858,0.0,0.0017310427677917678,[0.00173104]
2013-09-01,2013-10-01,volatility_3m,0.004934309964565195,0.0,0.0017310427677917678,[0.00173104]
2013-10-01,2013-11-01,lag_0,-0.0007890413557394,-0.0,0.0017755883514024213,[0.00177559]
2013-10-01,2013-11-01,lag_1,0.0050716945710824,0.0,0.0017755883514024213,[0.00177559]
2013-10-01,2013-11-01,lag_2,0.0057654622391307,0.0,0.0017755883514024213,[0.00177559]
2013-10-01,2013-11-01,lag_3,-0.0031067520457499,-0.0,0.0017755883514024213,[0.00177559]
2013-10-01,2013-11-01,lag_4,0.0020727838311218,0.0,0.0017755883514024213,[0.00177559]
2013-10-01,2013-11-01,lag_5,0.0007806732341153,0.0,0.0017755883514024213,[0.00177559]
2013-10-01,2013-11-01,lag_6,-0.0008633445250438,-0.0,0.0017755883514024213,[0.00177559]
2013-10-01,2013-11-01,lag_7,0.0040204876513261,0.0,0.0017755883514024213,[0.00177559]
2013-10-01,2013-11-01,lag_8,0.0046660051793319,0.0,0.0017755883514024213,[0.00177559]
2013-10-01,2013-11-01,lag_9,0.0002451126233573,-0.0,0.0017755883514024213,[0.00177559]
2013-10-01,2013-11-01,lag_10,0.0023667469005932,0.0,0.0017755883514024213,[0.00177559]
2013-10-01,2013-11-01,lag_11,0.0036609386281414,0.0,0.0017755883514024213,[0.00177559]
2013-10-01,2013-11-01,volatility_3m,0.003600718830000801,-0.0,0.0017755883514024213,[0.00177559]
2013-11-01,2013-12-01,lag_0,0.0023333600077277,0.0,0.0017956105211191262,[0.00179561]
2013-11-01,2013-12-01,lag_1,-0.0007890413557394,-0.0,0.0017956105211191262,[0.00179561]
2013-11-01,2013-12-01,lag_2,0.0050716945710824,0.0,0.0017956105211191262,[0.00179561]
2013-11-01,2013-12-01,lag_3,0.0057654622391307,0.0,0.0017956105211191262,[0.00179561]
2013-11-01,2013-12-01,lag_4,-0.0031067520457499,-0.0,0.0017956105211191262,[0.00179561]
2013-11-01,2013-12-01,lag_5,0.0020727838311218,0.0,0.0017956105211191262,[0.00179561]
2013-11-01,2013-12-01,lag_6,0.0007806732341153,0.0,0.0017956105211191262,[0.00179561]
2013-11-01,2013-12-01,lag_7,-0.0008633445250438,-0.0,0.0017956105211191262,[0.00179561]
2013-11-01,2013-12-01,lag_8,0.0040204876513261,0.0,0.0017956105211191262,[0.00179561]
2013-11-01,2013-12-01,lag_9,0.0046660051793319,0.0,0.0017956105211191262,[0.00179561]
2013-11-01,2013-12-01,lag_10,0.0002451126233573,-0.0,0.0017956105211191262,[0.00179561]
2013-11-01,2013-12-01,lag_11,0.0023667469005932,0.0,0.0017956105211191262,[0.00179561]
2013-11-01,2013-12-01,volatility_3m,0.002932464607896231,-0.0,0.0017956105211191262,[0.00179561]
2013-12-01,2014-01-01,lag_0,0.002008631714113,0.0,0.001722927385584234,[0.00172293]
2013-12-01,2014-01-01,lag_1,0.0023333600077277,0.0,0.001722927385584234,[0.00172293]
2013-12-01,2014-01-01,lag_2,-0.0007890413557394,-0.0,0.001722927385584234,[0.00172293]
2013-12-01,2014-01-01,lag_3,0.0050716945710824,0.0,0.001722927385584234,[0.00172293]
2013-12-01,2014-01-01,lag_4,0.0057654622391307,0.0,0.001722927385584234,[0.00172293]
2013-12-01,2014-01-01,lag_5,-0.0031067520457499,-0.0,0.001722927385584234,[0.00172293]
2013-12-01,2014-01-01,lag_6,0.0020727838311218,0.0,0.001722927385584234,[0.00172293]
2013-12-01,2014-01-01,lag_7,0.0007806732341153,0.0,0.001722927385584234,[0.00172293]
2013-12-01,2014-01-01,lag_8,-0.0008633445250438,-0.0,0.001722927385584234,[0.00172293]
2013-12-01,2014-01-01,lag_9,0.0040204876513261,0.0,0.001722927385584234,[0.00172293]
2013-12-01,2014-01-01,lag_10,0.0046660051793319,0.0,0.001722927385584234,[0.00172293]
2013-12-01,2014-01-01,lag_11,0.0002451126233573,-0.0,0.001722927385584234,[0.00172293]
2013-12-01,2014-01-01,volatility_3m,0.0017166737869609198,-0.0,0.001722927385584234,[0.00172293]
2014-01-01,2014-02-01,lag_0,-0.0035639327448748,-0.0,0.0017736371665856962,[0.00177364]
2014-01-01,2014-02-01,lag_1,0.002008631714113,0.0,0.0017736371665856962,[0.00177364]
2014-01-01,2014-02-01,lag_2,0.0023333600077277,0.0,0.0017736371665856962,[0.00177364]
2014-01-01,2014-02-01,lag_3,-0.0007890413557394,-0.0,0.0017736371665856962,[0.00177364]
2014-01-01,2014-02-01,lag_4,0.0050716945710824,0.0,0.0017736371665856962,[0.00177364]
2014-01-01,2014-02-01,lag_5,0.0057654622391307,0.0,0.0017736371665856962,[0.00177364]
2014-01-01,2014-02-01,lag_6,-0.0031067520457499,-0.0,0.0017736371665856962,[0.00177364]
2014-01-01,2014-02-01,lag_7,0.0020727838311218,0.0,0.0017736371665856962,[0.00177364]
2014-01-01,2014-02-01,lag_8,0.0007806732341153,0.0,0.0017736371665856962,[0.00177364]
2014-01-01,2014-02-01,lag_9,-0.0008633445250438,-0.0,0.0017736371665856962,[0.00177364]
2014-01-01,2014-02-01,lag_10,0.0040204876513261,0.0,0.0017736371665856962,[0.00177364]
2014-01-01,2014-02-01,lag_11,0.0046660051793319,0.0,0.0017736371665856962,[0.00177364]
2014-01-01,2014-02-01,volatility_3m,0.0033150410988941974,-0.0,0.0017736371665856962,[0.00177364]
2014-02-01,2014-03-01,lag_0,0.007528506037616,0.0,0.0017887684317720392,[0.00178877]
2014-02-01,2014-03-01,lag_1,-0.0035639327448748,-0.0,0.0017887684317720392,[0.00178877]
2014-02-01,2014-03-01,lag_2,0.002008631714113,0.0,0.0017887684317720392,[0.00178877]
2014-02-01,2014-03-01,lag_3,0.0023333600077277,0.0,0.0017887684317720392,[0.00178877]
2014-02-01,2014-03-01,lag_4,-0.0007890413557394,-0.0,0.0017887684317720392,[0.00178877]
2014-02-01,2014-03-01,lag_5,0.0050716945710824,0.0,0.0017887684317720392,[0.00178877]
2014-02-01,2014-03-01,lag_6,0.0057654622391307,0.0,0.0017887684317720392,[0.00178877]
2014-02-01,2014-03-01,lag_7,-0.0031067520457499,-0.0,0.0017887684317720392,[0.00178877]
2014-02-01,2014-03-01,lag_8,0.0020727838311218,0.0,0.0017887684317720392,[0.00178877]
2014-02-01,2014-03-01,lag_9,0.0007806732341153,0.0,0.0017887684317720392,[0.00178877]
2014-02-01,2014-03-01,lag_10,-0.0008633445250438,-0.0,0.0017887684317720392,[0.00178877]
2014-02-01,2014-03-01,lag_11,0.0040204876513261,0.0,0.0017887684317720392,[0.00178877]
2014-02-01,2014-03-01,volatility_3m,0.0055462402481342805,0.0,0.0017887684317720392,[0.00178877]
2014-03-01,2014-04-01,lag_0,0.0096386050748114,0.0,0.0018512906334082625,[0.00185129]
2014-03-01,2014-04-01,lag_1,0.007528506037616,0.0,0.0018512906334082625,[0.00185129]
2014-03-01,2014-04-01,lag_2,-0.0035639327448748,-0.0,0.0018512906334082625,[0.00185129]
2014-03-01,2014-04-01,lag_3,0.002008631714113,0.0,0.0018512906334082625,[0.00185129]
2014-03-01,2014-04-01,lag_4,0.0023333600077277,0.0,0.0018512906334082625,[0.00185129]
2014-03-01,2014-04-01,lag_5,-0.0007890413557394,-0.0,0.0018512906334082625,[0.00185129]
2014-03-01,2014-04-01,lag_6,0.0050716945710824,0.0,0.0018512906334082625,[0.00185129]
2014-03-01,2014-04-01,lag_7,0.0057654622391307,0.0,0.0018512906334082625,[0.00185129]
2014-03-01,2014-04-01,lag_8,-0.0031067520457499,-0.0,0.0018512906334082625,[0.00185129]
2014-03-01,2014-04-01,lag_9,0.0020727838311218,0.0,0.0018512906334082625,[0.00185129]
2014-03-01,2014-04-01,lag_10,0.0007806732341153,0.0,0.0018512906334082625,[0.00185129]
2014-03-01,2014-04-01,lag_11,-0.0008633445250438,-0.0,0.0018512906334082625,[0.00185129]
2014-03-01,2014-04-01,volatility_3m,0.0070922695118267485,0.0,0.0018512906334082625,[0.00185129]
2014-04-01,2014-05-01,lag_0,0.0009672024963487,0.0,0.0017696972560116654,[0.0017697]
2014-04-01,2014-05-01,lag_1,0.0096386050748114,0.0,0.0017696972560116654,[0.0017697]
2014-04-01,2014-05-01,lag_2,0.007528506037616,0.0,0.0017696972560116654,[0.0017697]
2014-04-01,2014-05-01,lag_3,-0.0035639327448748,-0.0,0.0017696972560116654,[0.0017697]
2014-04-01,2014-05-01,lag_4,0.002008631714113,0.0,0.0017696972560116654,[0.0017697]
2014-04-01,2014-05-01,lag_5,0.0023333600077277,0.0,0.0017696972560116654,[0.0017697]
2014-04-01,2014-05-01,lag_6,-0.0007890413557394,-0.0,0.0017696972560116654,[0.0017697]
2014-04-01,2014-05-01,lag_7,0.0050716945710824,0.0,0.0017696972560116654,[0.0017697]
2014-04-01,2014-05-01,lag_8,0.0057654622391307,0.0,0.0017696972560116654,[0.0017697]
2014-04-01,2014-05-01,lag_9,-0.0031067520457499,-0.0,0.0017696972560116654,[0.0017697]
2014-04-01,2014-05-01,lag_10,0.0020727838311218,0.0,0.0017696972560116654,[0.0017697]
2014-04-01,2014-05-01,lag_11,0.0007806732341153,0.0,0.0017696972560116654,[0.0017697]
2014-04-01,2014-05-01,volatility_3m,0.004522102106785982,0.0,0.0017696972560116654,[0.0017697]
2014-05-01,2014-06-01,lag_0,0.0038243209715158,0.0,0.0018105285193965887,[0.00181053]
2014-05-01,2014-06-01,lag_1,0.0009672024963487,0.0,0.0018105285193965887,[0.00181053]
2014-05-01,2014-06-01,lag_2,0.0096386050748114,0.0,0.0018105285193965887,[0.00181053]
2014-05-01,2014-06-01,lag_3,0.007528506037616,0.0,0.0018105285193965887,[0.00181053]
2014-05-01,2014-06-01,lag_4,-0.0035639327448748,-0.0,0.0018105285193965887,[0.00181053]
2014-05-01,2014-06-01,lag_5,0.002008631714113,0.0,0.0018105285193965887,[0.00181053]
2014-05-01,2014-06-01,lag_6,0.0023333600077277,0.0,0.0018105285193965887,[0.00181053]
2014-05-01,2014-06-01,lag_7,-0.0007890413557394,-0.0,0.0018105285193965887,[0.00181053]
2014-05-01,2014-06-01,lag_8,0.0050716945710824,0.0,0.0018105285193965887,[0.00181053]
2014-05-01,2014-06-01,lag_9,0.0057654622391307,0.0,0.0018105285193965887,[0.00181053]
2014-05-01,2014-06-01,lag_10,-0.0031067520457499,-0.0,0.0018105285193965887,[0.00181053]
2014-05-01,2014-06-01,lag_11,0.0020727838311218,0.0,0.0018105285193965887,[0.00181053]
2014-05-01,2014-06-01,volatility_3m,0.004418941206004493,-0.0,0.0018105285193965887,[0.00181053]
2014-06-01,2014-07-01,lag_0,0.0034263137889523,0.0,0.0018138019739095195,[0.0018138]
2014-06-01,2014-07-01,lag_1,0.0038243209715158,0.0,0.0018138019739095195,[0.0018138]
2014-06-01,2014-07-01,lag_2,0.0009672024963487,0.0,0.0018138019739095195,[0.0018138]
2014-06-01,2014-07-01,lag_3,0.0096386050748114,0.0,0.0018138019739095195,[0.0018138]
2014-06-01,2014-07-01,lag_4,0.007528506037616,0.0,0.0018138019739095195,[0.0018138]
2014-06-01,2014-07-01,lag_5,-0.0035639327448748,-0.0,0.0018138019739095195,[0.0018138]
2014-06-01,2014-07-01,lag_6,0.002008631714113,0.0,0.0018138019739095195,[0.0018138]
2014-06-01,2014-07-01,lag_7,0.0023333600077277,0.0,0.0018138019739095195,[0.0018138]
2014-06-01,2014-07-01,lag_8,-0.0007890413557394,-0.0,0.0018138019739095195,[0.0018138]
2014-06-01,2014-07-01,lag_9,0.0050716945710824,0.0,0.0018138019739095195,[0.0018138]
2014-06-01,2014-07-01,lag_10,0.0057654622391307,0.0,0.0018138019739095195,[0.0018138]
2014-06-01,2014-07-01,lag_11,-0.0031067520457499,-0.0,0.0018138019739095195,[0.0018138]
2014-06-01,2014-07-01,volatility_3m,0.0015475121996247107,-0.0,0.0018138019739095195,[0.0018138]
2014-07-01,2014-08-01,lag_0,0.0022187855179991,0.0,0.001834328918027185,[0.00183433]
2014-07-01,2014-08-01,lag_1,0.0034263137889523,0.0,0.001834328918027185,[0.00183433]
2014-07-01,2014-08-01,lag_2,0.0038243209715158,0.0,0.001834328918027185,[0.00183433]
2014-07-01,2014-08-01,lag_3,0.0009672024963487,0.0,0.001834328918027185,[0.00183433]
2014-07-01,2014-08-01,lag_4,0.0096386050748114,0.0,0.001834328918027185,[0.00183433]
2014-07-01,2014-08-01,lag_5,0.007528506037616,0.0,0.001834328918027185,[0.00183433]
2014-07-01,2014-08-01,lag_6,-0.0035639327448748,-0.0,0.001834328918027185,[0.00183433]
2014-07-01,2014-08-01,lag_7,0.002008631714113,0.0,0.001834328918027185,[0.00183433]
2014-07-01,2014-08-01,lag_8,0.0023333600077277,0.0,0.001834328918027185,[0.00183433]
2014-07-01,2014-08-01,lag_9,-0.0007890413557394,-0.0,0.001834328918027185,[0.00183433]
2014-07-01,2014-08-01,lag_10,0.0050716945710824,0.0,0.001834328918027185,[0.00183433]
2014-07-01,2014-08-01,lag_11,0.0057654622391307,0.0,0.001834328918027185,[0.00183433]
2014-07-01,2014-08-01,volatility_3m,0.0008360899408379497,-0.0,0.001834328918027185,[0.00183433]
2014-08-01,2014-09-01,lag_0,-0.0018898378264742,-0.0,0.0017327089297561324,[0.00173271]
2014-08-01,2014-09-01,lag_1,0.0022187855179991,0.0,0.0017327089297561324,[0.00173271]
2014-08-01,2014-09-01,lag_2,0.0034263137889523,0.0,0.0017327089297561324,[0.00173271]
2014-08-01,2014-09-01,lag_3,0.0038243209715158,0.0,0.0017327089297561324,[0.00173271]
2014-08-01,2014-09-01,lag_4,0.0009672024963487,0.0,0.0017327089297561324,[0.00173271]
2014-08-01,2014-09-01,lag_5,0.0096386050748114,0.0,0.0017327089297561324,[0.00173271]
2014-08-01,2014-09-01,lag_6,0.007528506037616,0.0,0.0017327089297561324,[0.00173271]
2014-08-01,2014-09-01,lag_7,-0.0035639327448748,-0.0,0.0017327089297561324,[0.00173271]
2014-08-01,2014-09-01,lag_8,0.002008631714113,0.0,0.0017327089297561324,[0.00173271]
2014-08-01,2014-09-01,lag_9,0.0023333600077277,0.0,0.0017327089297561324,[0.00173271]
2014-08-01,2014-09-01,lag_10,-0.0007890413557394,-0.0,0.0017327089297561324,[0.00173271]
2014-08-01,2014-09-01,lag_11,0.0050716945710824,0.0,0.0017327089297561324,[0.00173271]
2014-08-01,2014-09-01,volatility_3m,0.002786885307713732,-0.0,0.0017327089297561324,[0.00173271]
2014-09-01,2014-10-01,lag_0,0.0028693197501494,0.0,0.001748309389958221,[0.00174831]
2014-09-01,2014-10-01,lag_1,-0.0018898378264742,-0.0,0.001748309389958221,[0.00174831]
2014-09-01,2014-10-01,lag_2,0.0022187855179991,0.0,0.001748309389958221,[0.00174831]
2014-09-01,2014-10-01,lag_3,0.0034263137889523,0.0,0.001748309389958221,[0.00174831]
2014-09-01,2014-10-01,lag_4,0.0038243209715158,0.0,0.001748309389958221,[0.00174831]
2014-09-01,2014-10-01,lag_5,0.0009672024963487,0.0,0.001748309389958221,[0.00174831]
2014-09-01,2014-10-01,lag_6,0.0096386050748114,0.0,0.001748309389958221,[0.00174831]
2014-09-01,2014-10-01,lag_7,0.007528506037616,0.0,0.001748309389958221,[0.00174831]
2014-09-01,2014-10-01,lag_8,-0.0035639327448748,-0.0,0.001748309389958221,[0.00174831]
2014-09-01,2014-10-01,lag_9,0.002008631714113,0.0,0.001748309389958221,[0.00174831]
2014-09-01,2014-10-01,lag_10,0.0023333600077277,0.0,0.001748309389958221,[0.00174831]
2014-09-01,2014-10-01,lag_11,-0.0007890413557394,-0.0,0.001748309389958221,[0.00174831]
2014-09-01,2014-10-01,volatility_3m,0.0025804896632578653,-0.0,0.001748309389958221,[0.00174831]
2014-10-01,2014-11-01,lag_0,0.0001193360840261,-0.0,0.0017613071205998887,[0.00176131]
2014-10-01,2014-11-01,lag_1,0.0028693197501494,0.0,0.0017613071205998887,[0.00176131]
2014-10-01,2014-11-01,lag_2,-0.0018898378264742,-0.0,0.0017613071205998887,[0.00176131]
2014-10-01,2014-11-01,lag_3,0.0022187855179991,0.0,0.0017613071205998887,[0.00176131]
2014-10-01,2014-11-01,lag_4,0.0034263137889523,0.0,0.0017613071205998887,[0.00176131]
2014-10-01,2014-11-01,lag_5,0.0038243209715158,0.0,0.0017613071205998887,[0.00176131]
2014-10-01,2014-11-01,lag_6,0.0009672024963487,0.0,0.0017613071205998887,[0.00176131]
2014-10-01,2014-11-01,lag_7,0.0096386050748114,0.0,0.0017613071205998887,[0.00176131]
2014-10-01,2014-11-01,lag_8,0.007528506037616,0.0,0.0017613071205998887,[0.00176131]
2014-10-01,2014-11-01,lag_9,-0.0035639327448748,-0.0,0.0017613071205998887,[0.00176131]
2014-10-01,2014-11-01,lag_10,0.002008631714113,0.0,0.0017613071205998887,[0.00176131]
2014-10-01,2014-11-01,lag_11,0.0023333600077277,0.0,0.0017613071205998887,[0.00176131]
2014-10-01,2014-11-01,volatility_3m,0.0023891689910131874,-0.0,0.0017613071205998887,[0.00176131]
2014-11-01,2014-12-01,lag_0,0.0061531513501895,0.0,0.001761666291383973,[0.00176167]
2014-11-01,2014-12-01,lag_1,0.0001193360840261,-0.0,0.001761666291383973,[0.00176167]
2014-11-01,2014-12-01,lag_2,0.0028693197501494,0.0,0.001761666291383973,[0.00176167]
2014-11-01,2014-12-01,lag_3,-0.0018898378264742,-0.0,0.001761666291383973,[0.00176167]
2014-11-01,2014-12-01,lag_4,0.0022187855179991,0.0,0.001761666291383973,[0.00176167]
2014-11-01,2014-12-01,lag_5,0.0034263137889523,0.0,0.001761666291383973,[0.00176167]
2014-11-01,2014-12-01,lag_6,0.0038243209715158,0.0,0.001761666291383973,[0.00176167]
2014-11-01,2014-12-01,lag_7,0.0009672024963487,0.0,0.001761666291383973,[0.00176167]
2014-11-01,2014-12-01,lag_8,0.0096386050748114,0.0,0.001761666291383973,[0.00176167]
2014-11-01,2014-12-01,lag_9,0.007528506037616,0.0,0.001761666291383973,[0.00176167]
2014-11-01,2014-12-01,lag_10,-0.0035639327448748,-0.0,0.001761666291383973,[0.00176167]
2014-11-01,2014-12-01,lag_11,0.002008631714113,0.0,0.001761666291383973,[0.00176167]
2014-11-01,2014-12-01,volatility_3m,0.003020841130313249,-0.0,0.001761666291383973,[0.00176167]
2014-12-01,2015-01-01,lag_0,-7.906777172816959e-05,-0.0,0.0018245024357576307,[0.0018245]
2014-12-01,2015-01-01,lag_1,0.0061531513501895,0.0,0.0018245024357576307,[0.0018245]
2014-12-01,2015-01-01,lag_2,0.0001193360840261,-0.0,0.0018245024357576307,[0.0018245]
2014-12-01,2015-01-01,lag_3,0.0028693197501494,0.0,0.0018245024357576307,[0.0018245]
2014-12-01,2015-01-01,lag_4,-0.0018898378264742,-0.0,0.0018245024357576307,[0.0018245]
2014-12-01,2015-01-01,lag_5,0.0022187855179991,0.0,0.0018245024357576307,[0.0018245]
2014-12-01,2015-01-01,lag_6,0.0034263137889523,0.0,0.0018245024357576307,[0.0018245]
2014-12-01,2015-01-01,lag_7,0.0038243209715158,0.0,0.0018245024357576307,[0.0018245]
2014-12-01,2015-01-01,lag_8,0.0009672024963487,0.0,0.0018245024357576307,[0.0018245]
2014-12-01,2015-01-01,lag_9,0.0096386050748114,0.0,0.0018245024357576307,[0.0018245]
2014-12-01,2015-01-01,lag_10,0.007528506037616,0.0,0.0018245024357576307,[0.0018245]
2014-12-01,2015-01-01,lag_11,-0.0035639327448748,-0.0,0.0018245024357576307,[0.0018245]
2014-12-01,2015-01-01,volatility_3m,0.003542288477330272,-0.0,0.0018245024357576307,[0.0018245]
2015-01-01,2015-02-01,lag_0,-0.0078792284874769,-0.0,0.0017844154934816483,[0.00178442]
2015-01-01,2015-02-01,lag_1,-7.906777172816959e-05,-0.0,0.0017844154934816483,[0.00178442]
2015-01-01,2015-02-01,lag_2,0.0061531513501895,0.0,0.0017844154934816483,[0.00178442]
2015-01-01,2015-02-01,lag_3,0.0001193360840261,-0.0,0.0017844154934816483,[0.00178442]
2015-01-01,2015-02-01,lag_4,0.0028693197501494,0.0,0.0017844154934816483,[0.00178442]
2015-01-01,2015-02-01,lag_5,-0.0018898378264742,-0.0,0.0017844154934816483,[0.00178442]
2015-01-01,2015-02-01,lag_6,0.0022187855179991,0.0,0.0017844154934816483,[0.00178442]
2015-01-01,2015-02-01,lag_7,0.0034263137889523,0.0,0.0017844154934816483,[0.00178442]
2015-01-01,2015-02-01,lag_8,0.0038243209715158,0.0,0.0017844154934816483,[0.00178442]
2015-01-01,2015-02-01,lag_9,0.0009672024963487,0.0,0.0017844154934816483,[0.00178442]
2015-01-01,2015-02-01,lag_10,0.0096386050748114,0.0,0.0017844154934816483,[0.00178442]
2015-01-01,2015-02-01,lag_11,0.007528506037616,0.0,0.0017844154934816483,[0.00178442]
2015-01-01,2015-02-01,volatility_3m,0.007030774569510489,0.0,0.0017844154934816483,[0.00178442]
2015-02-01,2015-03-01,lag_0,-0.006405903226315,-0.0,0.001788682969696195,[0.00178868]
2015-02-01,2015-03-01,lag_1,-0.0078792284874769,-0.0,0.001788682969696195,[0.00178868]
2015-02-01,2015-03-01,lag_2,-7.906777172816959e-05,-0.0,0.001788682969696195,[0.00178868]
2015-02-01,2015-03-01,lag_3,0.0061531513501895,0.0,0.001788682969696195,[0.00178868]
2015-02-01,2015-03-01,lag_4,0.0001193360840261,-0.0,0.001788682969696195,[0.00178868]
2015-02-01,2015-03-01,lag_5,0.0028693197501494,0.0,0.001788682969696195,[0.00178868]
2015-02-01,2015-03-01,lag_6,-0.0018898378264742,-0.0,0.001788682969696195,[0.00178868]
2015-02-01,2015-03-01,lag_7,0.0022187855179991,0.0,0.001788682969696195,[0.00178868]
2015-02-01,2015-03-01,lag_8,0.0034263137889523,0.0,0.001788682969696195,[0.00178868]
2015-02-01,2015-03-01,lag_9,0.0038243209715158,0.0,0.001788682969696195,[0.00178868]
2015-02-01,2015-03-01,lag_10,0.0009672024963487,0.0,0.001788682969696195,[0.00178868]
2015-02-01,2015-03-01,lag_11,0.0096386050748114,0.0,0.001788682969696195,[0.00178868]
2015-02-01,2015-03-01,volatility_3m,0.00414411312156784,-0.0,0.001788682969696195,[0.00178868]
2015-03-01,2015-04-01,lag_0,-0.0033518725083752,-0.0,0.001736788769897176,[0.00173679]
2015-03-01,2015-04-01,lag_1,-0.006405903226315,-0.0,0.001736788769897176,[0.00173679]
2015-03-01,2015-04-01,lag_2,-0.0078792284874769,-0.0,0.001736788769897176,[0.00173679]
2015-03-01,2015-04-01,lag_3,-7.906777172816959e-05,-0.0,0.001736788769897176,[0.00173679]
2015-03-01,2015-04-01,lag_4,0.0061531513501895,0.0,0.001736788769897176,[0.00173679]
2015-03-01,2015-04-01,lag_5,0.0001193360840261,-0.0,0.001736788769897176,[0.00173679]
2015-03-01,2015-04-01,lag_6,0.0028693197501494,0.0,0.001736788769897176,[0.00173679]
2015-03-01,2015-04-01,lag_7,-0.0018898378264742,-0.0,0.001736788769897176,[0.00173679]
2015-03-01,2015-04-01,lag_8,0.0022187855179991,0.0,0.001736788769897176,[0.00173679]
2015-03-01,2015-04-01,lag_9,0.0034263137889523,0.0,0.001736788769897176,[0.00173679]
2015-03-01,2015-04-01,lag_10,0.0038243209715158,0.0,0.001736788769897176,[0.00173679]
2015-03-01,2015-04-01,lag_11,0.0009672024963487,0.0,0.001736788769897176,[0.00173679]
2015-03-01,2015-04-01,volatility_3m,0.002309211377390038,-0.0,0.001736788769897176,[0.00173679]
2015-04-01,2015-05-01,lag_0,-0.005470746111496,-0.0,0.001790067347206251,[0.00179007]
2015-04-01,2015-05-01,lag_1,-0.0033518725083752,-0.0,0.001790067347206251,[0.00179007]
2015-04-01,2015-05-01,lag_2,-0.006405903226315,-0.0,0.001790067347206251,[0.00179007]
2015-04-01,2015-05-01,lag_3,-0.0078792284874769,-0.0,0.001790067347206251,[0.00179007]
2015-04-01,2015-05-01,lag_4,-7.906777172816959e-05,-0.0,0.001790067347206251,[0.00179007]
2015-04-01,2015-05-01,lag_5,0.0061531513501895,0.0,0.001790067347206251,[0.00179007]
2015-04-01,2015-05-01,lag_6,0.0001193360840261,-0.0,0.001790067347206251,[0.00179007]
2015-04-01,2015-05-01,lag_7,0.0028693197501494,0.0,0.001790067347206251,[0.00179007]
2015-04-01,2015-05-01,lag_8,-0.0018898378264742,-0.0,0.001790067347206251,[0.00179007]
2015-04-01,2015-05-01,lag_9,0.0022187855179991,0.0,0.001790067347206251,[0.00179007]
2015-04-01,2015-05-01,lag_10,0.0034263137889523,0.0,0.001790067347206251,[0.00179007]
2015-04-01,2015-05-01,lag_11,0.0038243209715158,0.0,0.001790067347206251,[0.00179007]
2015-04-01,2015-05-01,volatility_3m,0.0015647815503299816,-0.0,0.001790067347206251,[0.00179007]
2015-05-01,2015-06-01,lag_0,-0.0044228298448434,-0.0,0.0017518474809193195,[0.00175185]
2015-05-01,2015-06-01,lag_1,-0.005470746111496,-0.0,0.0017518474809193195,[0.00175185]
2015-05-01,2015-06-01,lag_2,-0.0033518725083752,-0.0,0.0017518474809193195,[0.00175185]
2015-05-01,2015-06-01,lag_3,-0.006405903226315,-0.0,0.0017518474809193195,[0.00175185]
2015-05-01,2015-06-01,lag_4,-0.0078792284874769,-0.0,0.0017518474809193195,[0.00175185]
2015-05-01,2015-06-01,lag_5,-7.906777172816959e-05,-0.0,0.0017518474809193195,[0.00175185]
2015-05-01,2015-06-01,lag_6,0.0061531513501895,0.0,0.0017518474809193195,[0.00175185]
2015-05-01,2015-06-01,lag_7,0.0001193360840261,-0.0,0.0017518474809193195,[0.00175185]
2015-05-01,2015-06-01,lag_8,0.0028693197501494,0.0,0.0017518474809193195,[0.00175185]
2015-05-01,2015-06-01,lag_9,-0.0018898378264742,-0.0,0.0017518474809193195,[0.00175185]
2015-05-01,2015-06-01,lag_10,0.0022187855179991,0.0,0.0017518474809193195,[0.00175185]
2015-05-01,2015-06-01,lag_11,0.0034263137889523,0.0,0.0017518474809193195,[0.00175185]
2015-05-01,2015-06-01,volatility_3m,0.0010594576808012285,-0.0,0.0017518474809193195,[0.00175185]
2015-06-01,2015-07-01,lag_0,-0.0031500185136206,-0.0009957351036865216,-0.0018142108929927662,[0.00080887]
2015-06-01,2015-07-01,lag_1,-0.0044228298448434,-0.000611542901740265,-0.0018142108929927662,[0.00080887]
2015-06-01,2015-07-01,lag_2,-0.005470746111496,-0.0006693828386386243,-0.0018142108929927662,[0.00080887]
2015-06-01,2015-07-01,lag_3,-0.0033518725083752,-0.0003066263061153321,-0.0018142108929927662,[0.00080887]
2015-06-01,2015-07-01,lag_4,-0.006405903226315,4.8917785984364506e-05,-0.0018142108929927662,[0.00080887]
2015-06-01,2015-07-01,lag_5,-0.0078792284874769,-0.0,-0.0018142108929927662,[0.00080887]
2015-06-01,2015-07-01,lag_6,-7.906777172816959e-05,-0.0,-0.0018142108929927662,[0.00080887]
2015-06-01,2015-07-01,lag_7,0.0061531513501895,2.8110313627959608e-05,-0.0018142108929927662,[0.00080887]
2015-06-01,2015-07-01,lag_8,0.0001193360840261,-4.415575636345296e-05,-0.0018142108929927662,[0.00080887]
2015-06-01,2015-07-01,lag_9,0.0028693197501494,0.0,-0.0018142108929927662,[0.00080887]
2015-06-01,2015-07-01,lag_10,-0.0018898378264742,6.421096111361304e-06,-0.0018142108929927662,[0.00080887]
2015-06-01,2015-07-01,lag_11,0.0022187855179991,-7.909101751727983e-05,-0.0018142108929927662,[0.00080887]
2015-06-01,2015-07-01,volatility_3m,0.0011621785412423231,-0.0,-0.0018142108929927662,[0.00080887]
2015-07-01,2015-08-01,lag_0,0.0064600821906077,0.001703542237595315,0.0018732911631241143,[0.00089749]
2015-07-01,2015-08-01,lag_1,-0.0031500185136206,-0.00043710472157312965,0.0018732911631241143,[0.00089749]
2015-07-01,2015-08-01,lag_2,-0.0044228298448434,-0.00045403052938666316,0.0018732911631241143,[0.00089749]
2015-07-01,2015-08-01,lag_3,-0.005470746111496,-0.00038404169213412996,0.0018732911631241143,[0.00089749]
2015-07-01,2015-08-01,lag_4,-0.0033518725083752,3.485286154820374e-05,0.0018732911631241143,[0.00089749]
2015-07-01,2015-08-01,lag_5,-0.006405903226315,-0.0,0.0018732911631241143,[0.00089749]
2015-07-01,2015-08-01,lag_6,-0.0078792284874769,-0.0,0.0018732911631241143,[0.00089749]
2015-07-01,2015-08-01,lag_7,-7.906777172816959e-05,-0.0,0.0018732911631241143,[0.00089749]
2015-07-01,2015-08-01,lag_8,0.0061531513501895,0.0003936516476098645,0.0018732911631241143,[0.00089749]
2015-07-01,2015-08-01,lag_9,0.0001193360840261,-0.0,0.0018732911631241143,[0.00089749]
2015-07-01,2015-08-01,lag_10,0.0028693197501494,-2.4336253014864413e-05,0.0018732911631241143,[0.00089749]
2015-07-01,2015-08-01,lag_11,-0.0018898378264742,0.00014326724908249978,0.0018732911631241143,[0.00089749]
2015-07-01,2015-08-01,volatility_3m,0.0059499560026617685,0.0,0.0018732911631241143,[0.00089749]
2015-08-01,2015-09-01,lag_0,-0.0018402107442865,-0.0006109951596008138,-2.2742646975620288e-05,[0.00064523]
2015-08-01,2015-09-01,lag_1,0.0064600821906077,0.000886433614838819,-2.2742646975620288e-05,[0.00064523]
2015-08-01,2015-09-01,lag_2,-0.0031500185136206,-0.00040010525792314144,-2.2742646975620288e-05,[0.00064523]
2015-08-01,2015-09-01,lag_3,-0.0044228298448434,-0.0003710358750655918,-2.2742646975620288e-05,[0.00064523]
2015-08-01,2015-09-01,lag_4,-0.005470746111496,4.896725053896628e-05,-2.2742646975620288e-05,[0.00064523]
2015-08-01,2015-09-01,lag_5,-0.0033518725083752,-0.0,-2.2742646975620288e-05,[0.00064523]
2015-08-01,2015-09-01,lag_6,-0.006405903226315,-0.0,-2.2742646975620288e-05,[0.00064523]
2015-08-01,2015-09-01,lag_7,-0.0078792284874769,-4.945705050963985e-05,-2.2742646975620288e-05,[0.00064523]
2015-08-01,2015-09-01,lag_8,-7.906777172816959e-05,-6.771280083983224e-05,-2.2742646975620288e-05,[0.00064523]
2015-08-01,2015-09-01,lag_9,0.0061531513501895,0.0,-2.2742646975620288e-05,[0.00064523]
2015-08-01,2015-09-01,lag_10,0.0001193360840261,1.5067180931802963e-06,-2.2742646975620288e-05,[0.00064523]
2015-08-01,2015-09-01,lag_11,0.0028693197501494,-0.00010557790539844947,-2.2742646975620288e-05,[0.00064523]
2015-08-01,2015-09-01,volatility_3m,0.0052115975596591585,0.0,-2.2742646975620288e-05,[0.00064523]
2015-09-01,2015-10-01,lag_0,-0.0027949673135552,-0.0008062698336461215,-0.0002953622874155978,[0.00089943]
2015-09-01,2015-10-01,lag_1,-0.0018402107442865,-0.00024356094911322338,-0.0002953622874155978,[0.00089943]
2015-09-01,2015-10-01,lag_2,0.0064600821906077,0.0006385284997081787,-0.0002953622874155978,[0.00089943]
2015-09-01,2015-10-01,lag_3,-0.0031500185136206,-0.0002189809391471009,-0.0002953622874155978,[0.00089943]
2015-09-01,2015-10-01,lag_4,-0.0044228298448434,3.777877319562037e-05,-0.0002953622874155978,[0.00089943]
2015-09-01,2015-10-01,lag_5,-0.005470746111496,-0.0,-0.0002953622874155978,[0.00089943]
2015-09-01,2015-10-01,lag_6,-0.0033518725083752,-0.0,-0.0002953622874155978,[0.00089943]
2015-09-01,2015-10-01,lag_7,-0.006405903226315,-0.0,-0.0002953622874155978,[0.00089943]
2015-09-01,2015-10-01,lag_8,-0.0078792284874769,-0.000573890392244041,-0.0002953622874155978,[0.00089943]
2015-09-01,2015-10-01,lag_9,-7.906777172816959e-05,-0.0,-0.0002953622874155978,[0.00089943]
2015-09-01,2015-10-01,lag_10,0.0061531513501895,-6.234718831636371e-05,-0.0002953622874155978,[0.00089943]
2015-09-01,2015-10-01,lag_11,0.0001193360840261,3.3950909115605576e-05,-0.0002953622874155978,[0.00089943]
2015-09-01,2015-10-01,volatility_3m,0.0050902253426890354,0.0,-0.0002953622874155978,[0.00089943]
2015-10-01,2015-11-01,lag_0,-0.0048472353195281,-0.0013680660634216731,-0.0014024422524246349,[0.00087577]
2015-10-01,2015-11-01,lag_1,-0.0027949673135552,-0.00035503648428808075,-0.0014024422524246349,[0.00087577]
2015-10-01,2015-11-01,lag_2,-0.0018402107442865,-0.0002082925497841558,-0.0014024422524246349,[0.00087577]
2015-10-01,2015-11-01,lag_3,0.0064600821906077,0.0004087726613032742,-0.0014024422524246349,[0.00087577]
2015-10-01,2015-11-01,lag_4,-0.0031500185136206,5.4122910576393985e-05,-0.0014024422524246349,[0.00087577]
2015-10-01,2015-11-01,lag_5,-0.0044228298448434,-0.0,-0.0014024422524246349,[0.00087577]
2015-10-01,2015-11-01,lag_6,-0.005470746111496,-0.0,-0.0014024422524246349,[0.00087577]
2015-10-01,2015-11-01,lag_7,-0.0033518725083752,-1.0291791643600837e-05,-0.0014024422524246349,[0.00087577]
2015-10-01,2015-11-01,lag_8,-0.006405903226315,-0.0005192021059004409,-0.0014024422524246349,[0.00087577]
2015-10-01,2015-11-01,lag_9,-0.0078792284874769,-0.0,-0.0014024422524246349,[0.00087577]
2015-10-01,2015-11-01,lag_10,-7.906777172816959e-05,1.4184771024132158e-05,-0.0014024422524246349,[0.00087577]
2015-10-01,2015-11-01,lag_11,0.0061531513501895,-0.00029439883828133315,-0.0014024422524246349,[0.00087577]
2015-10-01,2015-11-01,volatility_3m,0.0015365307715222546,-0.0,-0.0014024422524246349,[0.00087577]
2015-11-01,2015-12-01,lag_0,-0.007384517731686,-0.0019927079585658975,-0.002454547501283209,[0.00083576]
2015-11-01,2015-12-01,lag_1,-0.0048472353195281,-0.0006091417489664086,-0.002454547501283209,[0.00083576]
2015-11-01,2015-12-01,lag_2,-0.0027949673135552,-0.0002848027455729623,-0.002454547501283209,[0.00083576]
2015-11-01,2015-12-01,lag_3,-0.0018402107442865,-0.00012361930328090557,-0.002454547501283209,[0.00083576]
2015-11-01,2015-12-01,lag_4,0.0064600821906077,-7.221398069127612e-05,-0.002454547501283209,[0.00083576]
2015-11-01,2015-12-01,lag_5,-0.0031500185136206,-0.0,-0.002454547501283209,[0.00083576]
2015-11-01,2015-12-01,lag_6,-0.0044228298448434,-0.0,-0.002454547501283209,[0.00083576]
2015-11-01,2015-12-01,lag_7,-0.005470746111496,-2.979963950579201e-05,-0.002454547501283209,[0.00083576]
2015-11-01,2015-12-01,lag_8,-0.0033518725083752,-0.0002999460521292685,-0.002454547501283209,[0.00083576]
2015-11-01,2015-12-01,lag_9,-0.006405903226315,-0.0,-0.002454547501283209,[0.00083576]
2015-11-01,2015-12-01,lag_10,-0.0078792284874769,8.46905014246782e-05,-0.002454547501283209,[0.00083576]
2015-11-01,2015-12-01,lag_11,-7.906777172816959e-05,3.723110104068782e-05,-0.002454547501283209,[0.00083576]
2015-11-01,2015-12-01,volatility_3m,0.002299042519831187,-0.0,-0.002454547501283209,[0.00083576]
2015-12-01,2016-01-01,lag_0,-0.0049161232406857,-0.0013098691638254959,-0.0019509811524538096,[0.00079801]
2015-12-01,2016-01-01,lag_1,-0.007384517731686,-0.0008682577346090368,-0.0019509811524538096,[0.00079801]
2015-12-01,2016-01-01,lag_2,-0.0048472353195281,-0.00048601736449939106,-0.0019509811524538096,[0.00079801]
2015-12-01,2016-01-01,lag_3,-0.0027949673135552,-0.0001831367239500109,-0.0019509811524538096,[0.00079801]
2015-12-01,2016-01-01,lag_4,-0.0018402107442865,4.80175439833541e-05,-0.0019509811524538096,[0.00079801]
2015-12-01,2016-01-01,lag_5,0.0064600821906077,0.0,-0.0019509811524538096,[0.00079801]
2015-12-01,2016-01-01,lag_6,-0.0031500185136206,-0.0,-0.0019509811524538096,[0.00079801]
2015-12-01,2016-01-01,lag_7,-0.0044228298448434,-1.347508704710373e-05,-0.0019509811524538096,[0.00079801]
2015-12-01,2016-01-01,lag_8,-0.005470746111496,-0.00043510818324330743,-0.0019509811524538096,[0.00079801]
2015-12-01,2016-01-01,lag_9,-0.0033518725083752,-0.0,-0.0019509811524538096,[0.00079801]
2015-12-01,2016-01-01,lag_10,-0.006405903226315,1.6091697208091765e-05,-0.0019509811524538096,[0.00079801]
2015-12-01,2016-01-01,lag_11,-0.0078792284874769,0.0004827597061354033,-0.0019509811524538096,[0.00079801]
2015-12-01,2016-01-01,volatility_3m,0.0014454249056896648,-0.0,-0.0019509811524538096,[0.00079801]
2016-01-01,2016-02-01,lag_0,0.005226534839914,0.001374477639785606,0.0005438464110596821,[0.00075959]
2016-01-01,2016-02-01,lag_1,-0.0049161232406857,-0.0006152760615603638,0.0005438464110596821,[0.00075959]
2016-01-01,2016-02-01,lag_2,-0.007384517731686,-0.0007608107158424551,0.0005438464110596821,[0.00075959]
2016-01-01,2016-02-01,lag_3,-0.0048472353195281,-0.00031051891671691714,0.0005438464110596821,[0.00075959]
2016-01-01,2016-02-01,lag_4,-0.0027949673135552,1.1808645319308155e-05,0.0005438464110596821,[0.00075959]
2016-01-01,2016-02-01,lag_5,-0.0018402107442865,-0.0,0.0005438464110596821,[0.00075959]
2016-01-01,2016-02-01,lag_6,0.0064600821906077,0.0,0.0005438464110596821,[0.00075959]
2016-01-01,2016-02-01,lag_7,-0.0031500185136206,-1.4765299528459319e-05,0.0005438464110596821,[0.00075959]
2016-01-01,2016-02-01,lag_8,-0.0044228298448434,-0.000357059047468948,0.0005438464110596821,[0.00075959]
2016-01-01,2016-02-01,lag_9,-0.005470746111496,-0.0,0.0005438464110596821,[0.00075959]
2016-01-01,2016-02-01,lag_10,-0.0033518725083752,4.990737098507033e-05,0.0005438464110596821,[0.00075959]
2016-01-01,2016-02-01,lag_11,-0.006405903226315,0.0004064895025505142,0.0005438464110596821,[0.00075959]
2016-01-01,2016-02-01,volatility_3m,0.006683376532696803,0.0,0.0005438464110596821,[0.00075959]
2016-02-01,2016-03-01,lag_0,-0.0051982643192998,-0.001402466477750811,-0.0010406079159676388,[0.00062427]
2016-02-01,2016-03-01,lag_1,0.005226534839914,0.0006662616560399368,-0.0010406079159676388,[0.00062427]
2016-02-01,2016-03-01,lag_2,-0.0049161232406857,-0.0005048965028961985,-0.0010406079159676388,[0.00062427]
2016-02-01,2016-03-01,lag_3,-0.007384517731686,-0.0005356699594359867,-0.0010406079159676388,[0.00062427]
2016-02-01,2016-03-01,lag_4,-0.0048472353195281,9.025326810708367e-05,-0.0010406079159676388,[0.00062427]
2016-02-01,2016-03-01,lag_5,-0.0027949673135552,-0.0,-0.0010406079159676388,[0.00062427]
2016-02-01,2016-03-01,lag_6,-0.0018402107442865,-0.0,-0.0010406079159676388,[0.00062427]
2016-02-01,2016-03-01,lag_7,0.0064600821906077,7.99514108504964e-05,-0.0010406079159676388,[0.00062427]
2016-02-01,2016-03-01,lag_8,-0.0031500185136206,-0.0002855665235406865,-0.0010406079159676388,[0.00062427]
2016-02-01,2016-03-01,lag_9,-0.0044228298448434,-0.0,-0.0010406079159676388,[0.00062427]
2016-02-01,2016-03-01,lag_10,-0.005470746111496,2.8426435444075456e-05,-0.0010406079159676388,[0.00062427]
2016-02-01,2016-03-01,lag_11,-0.0033518725083752,0.00019883141140543083,-0.0010406079159676388,[0.00062427]
2016-02-01,2016-03-01,volatility_3m,0.0059389891681741695,0.0,-0.0010406079159676388,[0.00062427]
2016-03-01,2016-04-01,lag_0,-0.0074475614830165,-0.0020235333485670226,-0.0011727703600455924,[0.0005647]
2016-03-01,2016-04-01,lag_1,-0.0051982643192998,-0.0006407594046815903,-0.0011727703600455924,[0.0005647]
2016-03-01,2016-04-01,lag_2,0.005226534839914,0.0005369776240342798,-0.0011727703600455924,[0.0005647]
2016-03-01,2016-04-01,lag_3,-0.0049161232406857,-0.0003388266533363917,-0.0011727703600455924,[0.0005647]
2016-03-01,2016-04-01,lag_4,-0.007384517731686,4.2750740062431254e-06,-0.0011727703600455924,[0.0005647]
2016-03-01,2016-04-01,lag_5,-0.0048472353195281,-0.0,-0.0011727703600455924,[0.0005647]
2016-03-01,2016-04-01,lag_6,-0.0027949673135552,-0.0,-0.0011727703600455924,[0.0005647]
2016-03-01,2016-04-01,lag_7,-0.0018402107442865,-1.646440786320469e-05,-0.0011727703600455924,[0.0005647]
2016-03-01,2016-04-01,lag_8,0.0064600821906077,0.0004969569169868914,-0.0011727703600455924,[0.0005647]
2016-03-01,2016-04-01,lag_9,-0.0031500185136206,-0.0,-0.0011727703600455924,[0.0005647]
2016-03-01,2016-04-01,lag_10,-0.0044228298448434,-0.0,-0.0011727703600455924,[0.0005647]
2016-03-01,2016-04-01,lag_11,-0.005470746111496,0.00024389933267074385,-0.0011727703600455924,[0.0005647]
2016-03-01,2016-04-01,volatility_3m,0.006762254220346559,0.0,-0.0011727703600455924,[0.0005647]
2016-04-01,2016-05-01,lag_0,0.0033764655587065,0.0009515087336902743,0.0005029814609124252,[0.00059025]
2016-04-01,2016-05-01,lag_1,-0.0074475614830165,-0.0009191261894026969,0.0005029814609124252,[0.00059025]
2016-04-01,2016-05-01,lag_2,-0.0051982643192998,-0.0005675780264500633,0.0005029814609124252,[0.00059025]
2016-04-01,2016-05-01,lag_3,0.005226534839914,0.00034598970823339966,0.0005029814609124252,[0.00059025]
2016-04-01,2016-05-01,lag_4,-0.0049161232406857,3.918878803388536e-05,0.0005029814609124252,[0.00059025]
2016-04-01,2016-05-01,lag_5,-0.007384517731686,-0.0,0.0005029814609124252,[0.00059025]
2016-04-01,2016-05-01,lag_6,-0.0048472353195281,-0.0,0.0005029814609124252,[0.00059025]
2016-04-01,2016-05-01,lag_7,-0.0027949673135552,-9.757055301387962e-06,0.0005029814609124252,[0.00059025]
2016-04-01,2016-05-01,lag_8,-0.0018402107442865,-0.00017228682075478083,0.0005029814609124252,[0.00059025]
2016-04-01,2016-05-01,lag_9,0.0064600821906077,0.0,0.0005029814609124252,[0.00059025]
2016-04-01,2016-05-01,lag_10,-0.0031500185136206,2.5479120857211e-06,0.0005029814609124252,[0.00059025]
2016-04-01,2016-05-01,lag_11,-0.0044228298448434,0.0002422397902441437,0.0005029814609124252,[0.00059025]
2016-04-01,2016-05-01,volatility_3m,0.005711755299547135,0.0,0.0005029814609124252,[0.00059025]
2016-05-01,2016-06-01,lag_0,-0.0022703697198567,-0.0005923629884505715,-0.0008611400999279455,[0.00058823]
2016-05-01,2016-06-01,lag_1,0.0033764655587065,0.00046038130278391935,-0.0008611400999279455,[0.00058823]
2016-05-01,2016-06-01,lag_2,-0.0074475614830165,-0.0008000943887330822,-0.0008611400999279455,[0.00058823]
2016-05-01,2016-06-01,lag_3,-0.0051982643192998,-0.000369611866087212,-0.0008611400999279455,[0.00058823]
2016-05-01,2016-06-01,lag_4,0.005226534839914,-4.899920727443756e-05,-0.0008611400999279455,[0.00058823]
2016-05-01,2016-06-01,lag_5,-0.0049161232406857,-0.0,-0.0008611400999279455,[0.00058823]
2016-05-01,2016-06-01,lag_6,-0.007384517731686,-0.0,-0.0008611400999279455,[0.00058823]
2016-05-01,2016-06-01,lag_7,-0.0048472353195281,-1.2364632876825882e-05,-0.0008611400999279455,[0.00058823]
2016-05-01,2016-06-01,lag_8,-0.0027949673135552,-0.0002329223527927705,-0.0008611400999279455,[0.00058823]
2016-05-01,2016-06-01,lag_9,-0.0018402107442865,-0.0,-0.0008611400999279455,[0.00058823]
2016-05-01,2016-06-01,lag_10,0.0064600821906077,-3.604501539896511e-05,-0.0008611400999279455,[0.00058823]
2016-05-01,2016-06-01,lag_11,-0.0031500185136206,0.00018264765372111942,-0.0008611400999279455,[0.00058823]
2016-05-01,2016-06-01,volatility_3m,0.005413711367378612,0.0,-0.0008611400999279455,[0.00058823]
2016-06-01,2016-07-01,lag_0,0.0047125884915697,0.001323883737193257,0.0006246809032319164,[0.00049479]
2016-06-01,2016-07-01,lag_1,-0.0022703697198567,-0.00027821145953834205,0.0006246809032319164,[0.00049479]
2016-06-01,2016-07-01,lag_2,0.0033764655587065,0.000387970807004082,0.0006246809032319164,[0.00049479]
2016-06-01,2016-07-01,lag_3,-0.0074475614830165,-0.0005476051250498663,0.0006246809032319164,[0.00049479]
2016-06-01,2016-07-01,lag_4,-0.0051982643192998,-0.0,0.0006246809032319164,[0.00049479]
2016-06-01,2016-07-01,lag_5,0.005226534839914,0.0,0.0006246809032319164,[0.00049479]
2016-06-01,2016-07-01,lag_6,-0.0049161232406857,-0.0,0.0006246809032319164,[0.00049479]
2016-06-01,2016-07-01,lag_7,-0.007384517731686,-0.0,0.0006246809032319164,[0.00049479]
2016-06-01,2016-07-01,lag_8,-0.0048472353195281,-0.0003840524906802295,0.0006246809032319164,[0.00049479]
2016-06-01,2016-07-01,lag_9,-0.0027949673135552,-0.0,0.0006246809032319164,[0.00049479]
2016-06-01,2016-07-01,lag_10,-0.0018402107442865,7.969920160825186e-06,0.0006246809032319164,[0.00049479]
2016-06-01,2016-07-01,lag_11,0.0064600821906077,-0.0003800682681083206,0.0006246809032319164,[0.00049479]
2016-06-01,2016-07-01,volatility_3m,0.0037066084798522644,-0.0,0.0006246809032319164,[0.00049479]
2016-07-01,2016-08-01,lag_0,0.0011714023549629,0.0003211490592762585,0.0010670661446378529,[0.00064428]
2016-07-01,2016-08-01,lag_1,0.0047125884915697,0.0005535282823868444,0.0010670661446378529,[0.00064428]
2016-07-01,2016-08-01,lag_2,-0.0022703697198567,-0.00022073802090887356,0.0010670661446378529,[0.00064428]
2016-07-01,2016-08-01,lag_3,0.0033764655587065,0.00021988712316650547,0.0010670661446378529,[0.00064428]
2016-07-01,2016-08-01,lag_4,-0.0074475614830165,6.806656039535414e-05,0.0010670661446378529,[0.00064428]
2016-07-01,2016-08-01,lag_5,-0.0051982643192998,-0.0,0.0010670661446378529,[0.00064428]
2016-07-01,2016-08-01,lag_6,0.005226534839914,0.0,0.0010670661446378529,[0.00064428]
2016-07-01,2016-08-01,lag_7,-0.0049161232406857,-1.7219721893859024e-05,0.0010670661446378529,[0.00064428]
2016-07-01,2016-08-01,lag_8,-0.007384517731686,-0.0006261602319380975,0.0010670661446378529,[0.00064428]
2016-07-01,2016-08-01,lag_9,-0.0048472353195281,-0.0,0.0010670661446378529,[0.00064428]
2016-07-01,2016-08-01,lag_10,-0.0027949673135552,-0.0,0.0010670661446378529,[0.00064428]
2016-07-01,2016-08-01,lag_11,-0.0018402107442865,0.00012427398375742675,0.0010670661446378529,[0.00064428]
2016-07-01,2016-08-01,volatility_3m,0.0034915970474753526,-0.0,0.0010670661446378529,[0.00064428]
2016-08-01,2016-09-01,lag_0,-0.0015082196772331,-0.00042625806783025774,0.000324245253717968,[0.00051961]
2016-08-01,2016-09-01,lag_1,0.0011714023549629,0.00014408620947841744,0.000324245253717968,[0.00051961]
2016-08-01,2016-09-01,lag_2,0.0047125884915697,0.0005033235857034819,0.000324245253717968,[0.00051961]
2016-08-01,2016-09-01,lag_3,-0.0022703697198567,-0.0001556739831138452,0.000324245253717968,[0.00051961]
2016-08-01,2016-09-01,lag_4,0.0033764655587065,0.0,0.000324245253717968,[0.00051961]
2016-08-01,2016-09-01,lag_5,-0.0074475614830165,-0.0,0.000324245253717968,[0.00051961]
2016-08-01,2016-09-01,lag_6,-0.0051982643192998,-0.0,0.000324245253717968,[0.00051961]
2016-08-01,2016-09-01,lag_7,0.005226534839914,1.8273422201864994e-05,0.000324245253717968,[0.00051961]
2016-08-01,2016-09-01,lag_8,-0.0049161232406857,-0.0004150776336829302,0.000324245253717968,[0.00051961]
2016-08-01,2016-09-01,lag_9,-0.007384517731686,-0.0,0.000324245253717968,[0.00051961]
2016-08-01,2016-09-01,lag_10,-0.0048472353195281,9.36169540196833e-06,0.000324245253717968,[0.00051961]
2016-08-01,2016-09-01,lag_11,-0.0027949673135552,0.0001265994731769142,0.000324245253717968,[0.00051961]
2016-08-01,2016-09-01,volatility_3m,0.0031203319204471942,-0.0,0.000324245253717968,[0.00051961]
2016-09-01,2016-10-01,lag_0,-0.0010556910872727,-0.00029725511564443333,0.0013551608140681928,[0.00073814]
2016-09-01,2016-10-01,lag_1,-0.0015082196772331,-0.00017359246161190856,0.0013551608140681928,[0.00073814]
2016-09-01,2016-10-01,lag_2,0.0011714023549629,0.00011594315729957851,0.0013551608140681928,[0.00073814]
2016-09-01,2016-10-01,lag_3,0.0047125884915697,0.0003005493899902656,0.0013551608140681928,[0.00073814]
2016-09-01,2016-10-01,lag_4,-0.0022703697198567,-0.0,0.0013551608140681928,[0.00073814]
2016-09-01,2016-10-01,lag_5,0.0033764655587065,0.0,0.0013551608140681928,[0.00073814]
2016-09-01,2016-10-01,lag_6,-0.0074475614830165,-0.0,0.0013551608140681928,[0.00073814]
2016-09-01,2016-10-01,lag_7,-0.0051982643192998,-1.8820882999736616e-06,0.0013551608140681928,[0.00073814]
2016-09-01,2016-10-01,lag_8,0.005226534839914,0.0003965833567850869,0.0013551608140681928,[0.00073814]
2016-09-01,2016-10-01,lag_9,-0.0049161232406857,-0.0,0.0013551608140681928,[0.00073814]
2016-09-01,2016-10-01,lag_10,-0.007384517731686,-0.0,0.0013551608140681928,[0.00073814]
2016-09-01,2016-10-01,lag_11,-0.0048472353195281,0.0002766725884327979,0.0013551608140681928,[0.00073814]
2016-09-01,2016-10-01,volatility_3m,0.0014344047290665318,-0.0,0.0013551608140681928,[0.00073814]
2016-10-01,2016-11-01,lag_0,0.0001559439981937,8.234745937847221e-06,0.0005761499100418524,[0.00072336]
2016-10-01,2016-11-01,lag_1,-0.0010556910872727,-0.0001338202134056613,0.0005761499100418524,[0.00072336]
2016-10-01,2016-11-01,lag_2,-0.0015082196772331,-0.00015184524005852355,0.0005761499100418524,[0.00072336]
2016-10-01,2016-11-01,lag_3,0.0011714023549629,7.473625193150937e-05,0.0005761499100418524,[0.00072336]
2016-10-01,2016-11-01,lag_4,0.0047125884915697,0.0,0.0005761499100418524,[0.00072336]
2016-10-01,2016-11-01,lag_5,-0.0022703697198567,-0.0,0.0005761499100418524,[0.00072336]
2016-10-01,2016-11-01,lag_6,0.0033764655587065,0.0,0.0005761499100418524,[0.00072336]
2016-10-01,2016-11-01,lag_7,-0.0074475614830165,-0.0,0.0005761499100418524,[0.00072336]
2016-10-01,2016-11-01,lag_8,-0.0051982643192998,-0.00037792937283634556,0.0005761499100418524,[0.00072336]
2016-10-01,2016-11-01,lag_9,0.005226534839914,0.0,0.0005761499100418524,[0.00072336]
2016-10-01,2016-11-01,lag_10,-0.0049161232406857,2.275585055887615e-05,0.0005761499100418524,[0.00072336]
2016-10-01,2016-11-01,lag_11,-0.007384517731686,0.0004106542740507012,0.0005761499100418524,[0.00072336]
2016-10-01,2016-11-01,volatility_3m,0.0008604536055355487,-0.0,0.0005761499100418524,[0.00072336]
2016-11-01,2016-12-01,lag_0,-0.0041804087257064,-0.0011250597438276747,-0.0008488739389315987,[0.00080929]
2016-11-01,2016-12-01,lag_1,0.0001559439981937,3.6532446933171184e-06,-0.0008488739389315987,[0.00080929]
2016-11-01,2016-12-01,lag_2,-0.0010556910872727,-0.00011926230673580316,-0.0008488739389315987,[0.00080929]
2016-11-01,2016-12-01,lag_3,-0.0015082196772331,-9.587186483060947e-05,-0.0008488739389315987,[0.00080929]
2016-11-01,2016-12-01,lag_4,0.0011714023549629,-6.138242594577152e-06,-0.0008488739389315987,[0.00080929]
2016-11-01,2016-12-01,lag_5,0.0047125884915697,0.0,-0.0008488739389315987,[0.00080929]
2016-11-01,2016-12-01,lag_6,-0.0022703697198567,-0.0,-0.0008488739389315987,[0.00080929]
2016-11-01,2016-12-01,lag_7,0.0033764655587065,1.458655716899543e-06,-0.0008488739389315987,[0.00080929]
2016-11-01,2016-12-01,lag_8,-0.0074475614830165,-0.0005288849801935677,-0.0008488739389315987,[0.00080929]
2016-11-01,2016-12-01,lag_9,-0.0051982643192998,-0.0,-0.0008488739389315987,[0.00080929]
2016-11-01,2016-12-01,lag_10,0.005226534839914,-2.2677432376516687e-05,-0.0008488739389315987,[0.00080929]
2016-11-01,2016-12-01,lag_11,-0.0049161232406857,0.0002346146419189116,-0.0008488739389315987,[0.00080929]
2016-11-01,2016-12-01,volatility_3m,0.0022374045546252794,-0.0,-0.0008488739389315987,[0.00080929]
2016-12-01,2017-01-01,lag_0,0.0068125945893555,0.0017253935281677608,0.0019706987654145155,[0.00081268]
2016-12-01,2017-01-01,lag_1,-0.0041804087257064,-0.0004926352426165756,0.0019706987654145155,[0.00081268]
2016-12-01,2017-01-01,lag_2,0.0001559439981937,2.9308618635389586e-06,0.0019706987654145155,[0.00081268]
2016-12-01,2017-01-01,lag_3,-0.0010556910872727,-6.87446091632188e-05,0.0019706987654145155,[0.00081268]
2016-12-01,2017-01-01,lag_4,-0.0015082196772331,-0.0,0.0019706987654145155,[0.00081268]
2016-12-01,2017-01-01,lag_5,0.0011714023549629,0.0,0.0019706987654145155,[0.00081268]
2016-12-01,2017-01-01,lag_6,0.0047125884915697,0.0,0.0019706987654145155,[0.00081268]
2016-12-01,2017-01-01,lag_7,-0.0022703697198567,-1.451128079465804e-05,0.0019706987654145155,[0.00081268]
2016-12-01,2017-01-01,lag_8,0.0033764655587065,0.00026858391145586404,0.0019706987654145155,[0.00081268]
2016-12-01,2017-01-01,lag_9,-0.0074475614830165,-0.0,0.0019706987654145155,[0.00081268]
2016-12-01,2017-01-01,lag_10,-0.0051982643192998,-0.0,0.0019706987654145155,[0.00081268]
2016-12-01,2017-01-01,lag_11,0.005226534839914,-0.0002629995576793152,0.0019706987654145155,[0.00081268]
2016-12-01,2017-01-01,volatility_3m,0.005537163442351034,0.0,0.0019706987654145155,[0.00081268]
2017-01-01,2017-02-01,lag_0,-0.0026321858636491,-0.0007903958652615977,0.0005100619498336523,[0.00077858]
2017-01-01,2017-02-01,lag_1,0.0068125945893555,0.0008155237936292124,0.0005100619498336523,[0.00077858]
2017-01-01,2017-02-01,lag_2,-0.0041804087257064,-0.00043113118616932623,0.0005100619498336523,[0.00077858]
2017-01-01,2017-02-01,lag_3,0.0001559439981937,1.7926282927136495e-06,0.0005100619498336523,[0.00077858]
2017-01-01,2017-02-01,lag_4,-0.0010556910872727,4.1032237634666184e-06,0.0005100619498336523,[0.00077858]
2017-01-01,2017-02-01,lag_5,-0.0015082196772331,-0.0,0.0005100619498336523,[0.00077858]
2017-01-01,2017-02-01,lag_6,0.0011714023549629,0.0,0.0005100619498336523,[0.00077858]
2017-01-01,2017-02-01,lag_7,0.0047125884915697,2.963124840727105e-05,0.0005100619498336523,[0.00077858]
2017-01-01,2017-02-01,lag_8,-0.0022703697198567,-0.0001700801834652792,0.0005100619498336523,[0.00077858]
2017-01-01,2017-02-01,lag_9,0.0033764655587065,0.0,0.0005100619498336523,[0.00077858]
2017-01-01,2017-02-01,lag_10,-0.0074475614830165,1.4859327013499875e-05,0.0005100619498336523,[0.00077858]
2017-01-01,2017-02-01,lag_11,-0.0051982643192998,0.0002571825578228207,0.0005100619498336523,[0.00077858]
2017-01-01,2017-02-01,volatility_3m,0.005950448074459275,0.0,0.0005100619498336523,[0.00077858]
2017-02-01,2017-03-01,lag_0,-0.0040228192946498,-0.0011891890809058192,0.0005192426682169801,[0.00088833]
2017-02-01,2017-03-01,lag_1,-0.0026321858636491,-0.00034972861610174904,0.0005192426682169801,[0.00088833]
2017-02-01,2017-03-01,lag_2,0.0068125945893555,0.0007003979635518592,0.0005192426682169801,[0.00088833]
2017-02-01,2017-03-01,lag_3,-0.0041804087257064,-0.0002861883239036239,0.0005192426682169801,[0.00088833]
2017-02-01,2017-03-01,lag_4,0.0001559439981937,0.0,0.0005192426682169801,[0.00088833]
2017-02-01,2017-03-01,lag_5,-0.0010556910872727,-0.0,0.0005192426682169801,[0.00088833]
2017-02-01,2017-03-01,lag_6,-0.0015082196772331,-0.0,0.0005192426682169801,[0.00088833]
2017-02-01,2017-03-01,lag_7,0.0011714023549629,0.0,0.0005192426682169801,[0.00088833]
2017-02-01,2017-03-01,lag_8,0.0047125884915697,0.00034655978414765694,0.0005192426682169801,[0.00088833]
2017-02-01,2017-03-01,lag_9,-0.0022703697198567,-0.0,0.0005192426682169801,[0.00088833]
2017-02-01,2017-03-01,lag_10,0.0033764655587065,0.0,0.0005192426682169801,[0.00088833]
2017-02-01,2017-03-01,lag_11,-0.0074475614830165,0.00040905851177376395,0.0005192426682169801,[0.00088833]
2017-02-01,2017-03-01,volatility_3m,0.005895534089214895,0.0,0.0005192426682169801,[0.00088833]
2017-03-01,2017-04-01,lag_0,0.0065772411659166,0.0016412080723829166,0.0019362275299779185,[0.0008318]
2017-03-01,2017-04-01,lag_1,-0.0040228192946498,-0.000568274947849585,0.0019362275299779185,[0.0008318]
2017-03-01,2017-04-01,lag_2,-0.0026321858636491,-0.0003294749094054229,0.0019362275299779185,[0.0008318]
2017-03-01,2017-04-01,lag_3,0.0068125945893555,0.000473066684674564,0.0019362275299779185,[0.0008318]
2017-03-01,2017-04-01,lag_4,-0.0041804087257064,-0.0,0.0019362275299779185,[0.0008318]
2017-03-01,2017-04-01,lag_5,0.0001559439981937,0.0,0.0019362275299779185,[0.0008318]
2017-03-01,2017-04-01,lag_6,-0.0010556910872727,-0.0,0.0019362275299779185,[0.0008318]
2017-03-01,2017-04-01,lag_7,-0.0015082196772331,-6.046312631882503e-06,0.0019362275299779185,[0.0008318]
2017-03-01,2017-04-01,lag_8,0.0011714023549629,9.333934322034273e-05,0.0019362275299779185,[0.0008318]
2017-03-01,2017-04-01,lag_9,0.0047125884915697,0.0,0.0019362275299779185,[0.0008318]
2017-03-01,2017-04-01,lag_10,-0.0022703697198567,-0.0,0.0019362275299779185,[0.0008318]
2017-03-01,2017-04-01,lag_11,0.0033764655587065,-0.00019939423898621578,0.0019362275299779185,[0.0008318]
2017-03-01,2017-04-01,volatility_3m,0.0057606233649952505,0.0,0.0019362275299779185,[0.0008318]
2017-04-01,2017-05-01,lag_0,0.0101359365050237,0.002526710060424301,0.0034900241511914786,[0.00092976]
2017-04-01,2017-05-01,lag_1,0.0065772411659166,0.0007340848366504181,0.0034900241511914786,[0.00092976]
2017-04-01,2017-05-01,lag_2,-0.0040228192946498,-0.0004914992414981605,0.0034900241511914786,[0.00092976]
2017-04-01,2017-05-01,lag_3,-0.0026321858636491,-0.00020363644325641105,0.0034900241511914786,[0.00092976]
2017-04-01,2017-05-01,lag_4,0.0068125945893555,0.0,0.0034900241511914786,[0.00092976]
2017-04-01,2017-05-01,lag_5,-0.0041804087257064,-0.0,0.0034900241511914786,[0.00092976]
2017-04-01,2017-05-01,lag_6,0.0001559439981937,0.0,0.0034900241511914786,[0.00092976]
2017-04-01,2017-05-01,lag_7,-0.0010556910872727,-6.9847947867694904e-06,0.0034900241511914786,[0.00092976]
2017-04-01,2017-05-01,lag_8,-0.0015082196772331,-0.00011819962365182446,0.0034900241511914786,[0.00092976]
2017-04-01,2017-05-01,lag_9,0.0011714023549629,0.0,0.0034900241511914786,[0.00092976]
2017-04-01,2017-05-01,lag_10,0.0047125884915697,0.0,0.0034900241511914786,[0.00092976]
2017-04-01,2017-05-01,lag_11,-0.0022703697198567,0.00011978480141923235,0.0034900241511914786,[0.00092976]
2017-04-01,2017-05-01,volatility_3m,0.007365414223235441,0.0,0.0034900241511914786,[0.00092976]
2017-05-01,2017-06-01,lag_0,0.0011830347817092,5.2097065915266734e-05,0.0022840616943396075,[0.00117429]
2017-05-01,2017-06-01,lag_1,0.0101359365050237,0.001091936016412843,0.0022840616943396075,[0.00117429]
2017-05-01,2017-06-01,lag_2,0.0065772411659166,0.0006489965672750112,0.0022840616943396075,[0.00117429]
2017-05-01,2017-06-01,lag_3,-0.0040228192946498,-0.00031466486061117497,0.0022840616943396075,[0.00117429]
2017-05-01,2017-06-01,lag_4,-0.0026321858636491,-0.0,0.0022840616943396075,[0.00117429]
2017-05-01,2017-06-01,lag_5,0.0068125945893555,0.0,0.0022840616943396075,[0.00117429]
2017-05-01,2017-06-01,lag_6,-0.0041804087257064,-0.0,0.0022840616943396075,[0.00117429]
2017-05-01,2017-06-01,lag_7,0.0001559439981937,2.5465308054400147e-08,0.0022840616943396075,[0.00117429]
2017-05-01,2017-06-01,lag_8,-0.0010556910872727,-8.670149825421237e-05,0.0022840616943396075,[0.00117429]
2017-05-01,2017-06-01,lag_9,-0.0015082196772331,-0.0,0.0022840616943396075,[0.00117429]
2017-05-01,2017-06-01,lag_10,0.0011714023549629,0.0,0.0022840616943396075,[0.00117429]
2017-05-01,2017-06-01,lag_11,0.0047125884915697,-0.00028192014979709813,0.0022840616943396075,[0.00117429]
2017-05-01,2017-06-01,volatility_3m,0.004507701267448377,0.0,0.0022840616943396075,[0.00117429]
2017-06-01,2017-07-01,lag_0,0.00205798028521,0.0002229498250156026,0.0027847657993004286,[0.00123131]
2017-06-01,2017-07-01,lag_1,0.0011830347817092,2.358185234707992e-05,0.0027847657993004286,[0.00123131]
2017-06-01,2017-07-01,lag_2,0.0101359365050237,0.0009818607513044715,0.0027847657993004286,[0.00123131]
2017-06-01,2017-07-01,lag_3,0.0065772411659166,0.00038837760719640874,0.0027847657993004286,[0.00123131]
2017-06-01,2017-07-01,lag_4,-0.0040228192946498,-0.0,0.0027847657993004286,[0.00123131]
2017-06-01,2017-07-01,lag_5,-0.0026321858636491,-0.0,0.0027847657993004286,[0.00123131]
2017-06-01,2017-07-01,lag_6,0.0068125945893555,0.0,0.0027847657993004286,[0.00123131]
2017-06-01,2017-07-01,lag_7,-0.0041804087257064,-3.2956258172389626e-06,0.0027847657993004286,[0.00123131]
2017-06-01,2017-07-01,lag_8,0.0001559439981937,1.9559286692486587e-06,0.0027847657993004286,[0.00123131]
2017-06-01,2017-07-01,lag_9,-0.0010556910872727,-0.0,0.0027847657993004286,[0.00123131]
2017-06-01,2017-07-01,lag_10,-0.0015082196772331,-0.0,0.0027847657993004286,[0.00123131]
2017-06-01,2017-07-01,lag_11,0.0011714023549629,-6.197831708069977e-05,0.0027847657993004286,[0.00123131]
2017-06-01,2017-07-01,volatility_3m,0.004935810564818624,0.0,0.0027847657993004286,[0.00123131]
2017-07-01,2017-08-01,lag_0,-0.0023975598889283,-0.0009579205351522924,0.0008325250020751415,[0.00139324]
2017-07-01,2017-08-01,lag_1,0.00205798028521,8.831837811617822e-05,0.0008325250020751415,[0.00139324]
2017-07-01,2017-08-01,lag_2,0.0011830347817092,1.8733891427663387e-05,0.0008325250020751415,[0.00139324]
2017-07-01,2017-08-01,lag_3,0.0101359365050237,0.0005808676146810245,0.0008325250020751415,[0.00139324]
2017-07-01,2017-08-01,lag_4,0.0065772411659166,-5.738237874273685e-05,0.0008325250020751415,[0.00139324]
2017-07-01,2017-08-01,lag_5,-0.0040228192946498,-0.0,0.0008325250020751415,[0.00139324]
2017-07-01,2017-08-01,lag_6,-0.0026321858636491,-0.0,0.0008325250020751415,[0.00139324]
2017-07-01,2017-08-01,lag_7,0.0068125945893555,1.466072498575606e-05,0.0008325250020751415,[0.00139324]
2017-07-01,2017-08-01,lag_8,-0.0041804087257064,-0.00032700833655621047,0.0008325250020751415,[0.00139324]
2017-07-01,2017-08-01,lag_9,0.0001559439981937,0.0,0.0008325250020751415,[0.00139324]
2017-07-01,2017-08-01,lag_10,-0.0010556910872727,-0.0,0.0008325250020751415,[0.00139324]
2017-07-01,2017-08-01,lag_11,-0.0015082196772331,7.901187314662265e-05,0.0008325250020751415,[0.00139324]
2017-07-01,2017-08-01,volatility_3m,0.0023607211494532164,-0.0,0.0008325250020751415,[0.00139324]
2017-08-01,2017-09-01,lag_0,-0.0041471676206601,-0.001434451500499077,0.00013286694124202956,[0.00148897]
2017-08-01,2017-09-01,lag_1,-0.0023975598889283,-0.0004321839874227662,0.00013286694124202956,[0.00148897]
2017-08-01,2017-09-01,lag_2,0.00205798028521,8.077177614180976e-05,0.00013286694124202956,[0.00148897]
2017-08-01,2017-09-01,lag_3,0.0011830347817092,1.0833650205046667e-05,0.00013286694124202956,[0.00148897]
2017-08-01,2017-09-01,lag_4,0.0101359365050237,-0.00012912338832622353,0.00013286694124202956,[0.00148897]
2017-08-01,2017-09-01,lag_5,0.0065772411659166,0.0,0.00013286694124202956,[0.00148897]
2017-08-01,2017-09-01,lag_6,-0.0040228192946498,-0.0,0.00013286694124202956,[0.00148897]
2017-08-01,2017-09-01,lag_7,-0.0026321858636491,-0.0,0.00013286694124202956,[0.00148897]
2017-08-01,2017-09-01,lag_8,0.0068125945893555,0.0004795313886817019,0.00013286694124202956,[0.00148897]
2017-08-01,2017-09-01,lag_9,-0.0041804087257064,-0.0,0.00013286694124202956,[0.00148897]
2017-08-01,2017-09-01,lag_10,0.0001559439981937,0.0,0.00013286694124202956,[0.00148897]
2017-08-01,2017-09-01,lag_11,-0.0010556910872727,6.851710117946397e-05,0.00013286694124202956,[0.00148897]
2017-08-01,2017-09-01,volatility_3m,0.0031993964532918842,-0.0,0.00013286694124202956,[0.00148897]
2017-09-01,2017-10-01,lag_0,0.0010316416096038,-0.00011519380755442778,0.00029261238412633624,[0.00154356]
2017-09-01,2017-10-01,lag_1,-0.0041471676206601,-0.0005888542178725686,0.00029261238412633624,[0.00154356]
2017-09-01,2017-10-01,lag_2,-0.0023975598889283,-0.00036782614616112105,0.00029261238412633624,[0.00154356]
2017-09-01,2017-10-01,lag_3,0.00205798028521,5.160987723761666e-05,0.00029261238412633624,[0.00154356]
2017-09-01,2017-10-01,lag_4,0.0011830347817092,0.0,0.00029261238412633624,[0.00154356]
2017-09-01,2017-10-01,lag_5,0.0101359365050237,0.0,0.00029261238412633624,[0.00154356]
2017-09-01,2017-10-01,lag_6,0.0065772411659166,0.0,0.00029261238412633624,[0.00154356]
2017-09-01,2017-10-01,lag_7,-0.0040228192946498,-6.299491421126448e-08,0.00029261238412633624,[0.00154356]
2017-09-01,2017-10-01,lag_8,-0.0026321858636491,-0.00022920828694089688,0.00029261238412633624,[0.00154356]
2017-09-01,2017-10-01,lag_9,0.0068125945893555,0.0,0.00029261238412633624,[0.00154356]
2017-09-01,2017-10-01,lag_10,-0.0041804087257064,-0.0,0.00029261238412633624,[0.00154356]
2017-09-01,2017-10-01,lag_11,0.0001559439981937,-1.4123892162303007e-06,0.00029261238412633624,[0.00154356]
2017-09-01,2017-10-01,volatility_3m,0.002634407434191386,-0.0,0.00029261238412633624,[0.00154356]
2017-10-01,2017-11-01,lag_0,0.0122429513273667,0.0028708626638616823,0.003267658746585453,[0.00148707]
2017-10-01,2017-11-01,lag_1,0.0010316416096038,-5.1992110012694964e-05,0.003267658746585453,[0.00148707]
2017-10-01,2017-11-01,lag_2,-0.0041471676206601,-0.0006062828949333284,0.003267658746585453,[0.00148707]
2017-10-01,2017-11-01,lag_3,-0.0023975598889283,-0.0002879440979159769,0.003267658746585453,[0.00148707]
2017-10-01,2017-11-01,lag_4,0.00205798028521,0.0,0.003267658746585453,[0.00148707]
2017-10-01,2017-11-01,lag_5,0.0011830347817092,0.0,0.003267658746585453,[0.00148707]
2017-10-01,2017-11-01,lag_6,0.0101359365050237,0.0,0.003267658746585453,[0.00148707]
2017-10-01,2017-11-01,lag_7,0.0065772411659166,8.445071949296826e-07,0.003267658746585453,[0.00148707]
2017-10-01,2017-11-01,lag_8,-0.0040228192946498,-0.00036589440041038754,0.003267658746585453,[0.00148707]
2017-10-01,2017-11-01,lag_9,-0.0026321858636491,-0.0,0.003267658746585453,[0.00148707]
2017-10-01,2017-11-01,lag_10,0.0068125945893555,0.0,0.003267658746585453,[0.00148707]
2017-10-01,2017-11-01,lag_11,-0.0041804087257064,0.000220998132702078,0.003267658746585453,[0.00148707]
2017-10-01,2017-11-01,volatility_3m,0.008378042032216702,0.0,0.003267658746585453,[0.00148707]
2017-11-01,2017-12-01,lag_0,0.0023896267805678,0.00016658814720765108,0.002755407697323877,[0.00160815]
2017-11-01,2017-12-01,lag_1,0.0122429513273667,0.0012085090449332884,0.002755407697323877,[0.00160815]
2017-11-01,2017-12-01,lag_2,0.0010316416096038,-4.404450098490738e-05,0.002755407697323877,[0.00160815]
2017-11-01,2017-12-01,lag_3,-0.0041471676206601,-0.00036550399403188246,0.002755407697323877,[0.00160815]
2017-11-01,2017-12-01,lag_4,-0.0023975598889283,3.4192176087251585e-05,0.002755407697323877,[0.00160815]
2017-11-01,2017-12-01,lag_5,0.00205798028521,0.0,0.002755407697323877,[0.00160815]
2017-11-01,2017-12-01,lag_6,0.0011830347817092,0.0,0.002755407697323877,[0.00160815]
2017-11-01,2017-12-01,lag_7,0.0101359365050237,0.0,0.002755407697323877,[0.00160815]
2017-11-01,2017-12-01,lag_8,0.0065772411659166,0.0004777828861977671,0.002755407697323877,[0.00160815]
2017-11-01,2017-12-01,lag_9,-0.0040228192946498,-0.0,0.002755407697323877,[0.00160815]
2017-11-01,2017-12-01,lag_10,-0.0026321858636491,-0.0,0.002755407697323877,[0.00160815]
2017-11-01,2017-12-01,lag_11,0.0068125945893555,-0.00033026879701516235,0.002755407697323877,[0.00160815]
2017-11-01,2017-12-01,volatility_3m,0.006118627214453592,0.0,0.002755407697323877,[0.00160815]
2017-12-01,2018-01-01,lag_0,0.0019533298635989,7.612138161163963e-05,0.0037729083741801493,[0.00162426]
2017-12-01,2018-01-01,lag_1,0.0023896267805678,6.867888184449074e-05,0.0037729083741801493,[0.00162426]
2017-12-01,2018-01-01,lag_2,0.0122429513273667,0.001097913165579831,0.0037729083741801493,[0.00162426]
2017-12-01,2018-01-01,lag_3,0.0010316416096038,-2.948272989868061e-05,0.0037729083741801493,[0.00162426]
2017-12-01,2018-01-01,lag_4,-0.0041471676206601,3.180122847977544e-05,0.0037729083741801493,[0.00162426]
2017-12-01,2018-01-01,lag_5,-0.0023975598889283,-0.0,0.0037729083741801493,[0.00162426]
2017-12-01,2018-01-01,lag_6,0.00205798028521,0.0,0.0037729083741801493,[0.00162426]
2017-12-01,2018-01-01,lag_7,0.0011830347817092,8.371679981012733e-07,0.0037729083741801493,[0.00162426]
2017-12-01,2018-01-01,lag_8,0.0101359365050237,0.0007485834110475053,0.0037729083741801493,[0.00162426]
2017-12-01,2018-01-01,lag_9,0.0065772411659166,0.0,0.0037729083741801493,[0.00162426]
2017-12-01,2018-01-01,lag_10,-0.0040228192946498,-0.0,0.0037729083741801493,[0.00162426]
2017-12-01,2018-01-01,lag_11,-0.0026321858636491,0.0001541959474999467,0.0037729083741801493,[0.00162426]
2017-12-01,2018-01-01,volatility_3m,0.005818858271344092,0.0,0.0037729083741801493,[0.00162426]
2018-01-01,2018-02-01,lag_0,-1.872595501151153e-05,-0.0004293450453801796,0.002135477898381549,[0.0015495]
2018-01-01,2018-02-01,lag_1,0.0019533298635989,3.255232685428449e-05,0.002135477898381549,[0.0015495]
2018-01-01,2018-02-01,lag_2,0.0023896267805678,6.4440861850487e-05,0.002135477898381549,[0.0015495]
2018-01-01,2018-02-01,lag_3,0.0122429513273667,0.000669528544129698,0.002135477898381549,[0.0015495]
2018-01-01,2018-02-01,lag_4,0.0010316416096038,-0.0,0.002135477898381549,[0.0015495]
2018-01-01,2018-02-01,lag_5,-0.0041471676206601,-0.0,0.002135477898381549,[0.0015495]
2018-01-01,2018-02-01,lag_6,-0.0023975598889283,-0.0,0.002135477898381549,[0.0015495]
2018-01-01,2018-02-01,lag_7,0.00205798028521,2.489334079896164e-06,0.002135477898381549,[0.0015495]
2018-01-01,2018-02-01,lag_8,0.0011830347817092,1.5023738219166196e-05,0.002135477898381549,[0.0015495]
2018-01-01,2018-02-01,lag_9,0.0101359365050237,0.0,0.002135477898381549,[0.0015495]
2018-01-01,2018-02-01,lag_10,0.0065772411659166,0.0,0.002135477898381549,[0.0015495]
2018-01-01,2018-02-01,lag_11,-0.0040228192946498,0.00023129177400996894,0.002135477898381549,[0.0015495]
2018-01-01,2018-02-01,volatility_3m,0.0012831940649829043,-0.0,0.002135477898381549,[0.0015495]
2018-02-01,2018-03-01,lag_0,0.0024216066290527,0.0002463213729806941,0.0014769394373604083,[0.00162852]
2018-02-01,2018-03-01,lag_1,-1.872595501151153e-05,-0.00017530322744307094,0.0014769394373604083,[0.00162852]
2018-02-01,2018-03-01,lag_2,0.0019533298635989,2.7932173710788053e-05,0.0014769394373604083,[0.00162852]
2018-02-01,2018-03-01,lag_3,0.0023896267805678,4.224613740554713e-05,0.0014769394373604083,[0.00162852]
2018-02-01,2018-03-01,lag_4,0.0122429513273667,-6.169558590410915e-05,0.0014769394373604083,[0.00162852]
2018-02-01,2018-03-01,lag_5,0.0010316416096038,-0.0,0.0014769394373604083,[0.00162852]
2018-02-01,2018-03-01,lag_6,-0.0041471676206601,-0.0,0.0014769394373604083,[0.00162852]
2018-02-01,2018-03-01,lag_7,-0.0023975598889283,-0.0,0.0014769394373604083,[0.00162852]
2018-02-01,2018-03-01,lag_8,0.00205798028521,6.462736341876419e-05,0.0014769394373604083,[0.00162852]
2018-02-01,2018-03-01,lag_9,0.0011830347817092,0.0,0.0014769394373604083,[0.00162852]
2018-02-01,2018-03-01,lag_10,0.0101359365050237,0.0,0.0014769394373604083,[0.00162852]
2018-02-01,2018-03-01,lag_11,0.0065772411659166,-0.0002957060194596993,0.0014769394373604083,[0.00162852]
2018-02-01,2018-03-01,volatility_3m,0.0012950875389733678,-0.0,0.0014769394373604083,[0.00162852]
2018-03-01,2018-04-01,lag_0,0.004886354634384,0.0008944100735282837,0.0016703784617700876,[0.00159248]
2018-03-01,2018-04-01,lag_1,0.0024216066290527,0.0001037133372831624,0.0016703784617700876,[0.00159248]
2018-03-01,2018-04-01,lag_2,-1.872595501151153e-05,-0.00015586658751007038,0.0016703784617700876,[0.00159248]
2018-03-01,2018-04-01,lag_3,0.0019533298635989,1.7942394984318553e-05,0.0016703784617700876,[0.00159248]
2018-03-01,2018-04-01,lag_4,0.0023896267805678,0.0,0.0016703784617700876,[0.00159248]
2018-03-01,2018-04-01,lag_5,0.0122429513273667,0.0,0.0016703784617700876,[0.00159248]
2018-03-01,2018-04-01,lag_6,0.0010316416096038,-0.0,0.0016703784617700876,[0.00159248]
2018-03-01,2018-04-01,lag_7,-0.0041471676206601,-0.0,0.0016703784617700876,[0.00159248]
2018-03-01,2018-04-01,lag_8,-0.0023975598889283,-0.0002562023673735074,0.0016703784617700876,[0.00159248]
2018-03-01,2018-04-01,lag_9,0.00205798028521,0.0,0.0016703784617700876,[0.00159248]
2018-03-01,2018-04-01,lag_10,0.0011830347817092,0.0,0.0016703784617700876,[0.00159248]
2018-03-01,2018-04-01,lag_11,0.0101359365050237,-0.0005261006957405751,0.0016703784617700876,[0.00159248]
2018-03-01,2018-04-01,volatility_3m,0.002452550422148841,-0.0,0.0016703784617700876,[0.00159248]
2018-04-01,2018-05-01,lag_0,0.0109585819031714,0.0026207816465884325,0.004109184190942251,[0.00152463]
2018-04-01,2018-05-01,lag_1,0.004886354634384,0.00039622945425599556,0.004109184190942251,[0.00152463]
2018-04-01,2018-05-01,lag_2,0.0024216066290527,9.408551045342719e-05,0.004109184190942251,[0.00152463]
2018-04-01,2018-05-01,lag_3,-1.872595501151153e-05,-0.00011107508885972962,0.004109184190942251,[0.00152463]
2018-04-01,2018-05-01,lag_4,0.0019533298635989,0.0,0.004109184190942251,[0.00152463]
2018-04-01,2018-05-01,lag_5,0.0023896267805678,0.0,0.004109184190942251,[0.00152463]
2018-04-01,2018-05-01,lag_6,0.0122429513273667,0.0,0.004109184190942251,[0.00152463]
2018-04-01,2018-05-01,lag_7,0.0010316416096038,-0.0,0.004109184190942251,[0.00152463]
2018-04-01,2018-05-01,lag_8,-0.0041471676206601,-0.00040598330132442587,0.004109184190942251,[0.00152463]
2018-04-01,2018-05-01,lag_9,-0.0023975598889283,-0.0,0.004109184190942251,[0.00152463]
2018-04-01,2018-05-01,lag_10,0.00205798028521,0.0,0.004109184190942251,[0.00152463]
2018-04-01,2018-05-01,lag_11,0.0011830347817092,-9.481705591312587e-06,0.004109184190942251,[0.00152463]
2018-04-01,2018-05-01,volatility_3m,0.004393686257280705,0.0,0.004109184190942251,[0.00152463]
2018-05-01,2018-06-01,lag_0,-0.0090456654231489,-0.0028410364040208536,0.00021066606915737577,[0.0015415]
2018-05-01,2018-06-01,lag_1,0.0109585819031714,0.0011543137619169702,0.00021066606915737577,[0.0015415]
2018-05-01,2018-06-01,lag_2,0.004886354634384,0.00035829513402681174,0.00021066606915737577,[0.0015415]
2018-05-01,2018-06-01,lag_3,0.0024216066290527,6.782004294802269e-05,0.00021066606915737577,[0.0015415]
2018-05-01,2018-06-01,lag_4,-1.872595501151153e-05,-0.0,0.00021066606915737577,[0.0015415]
2018-05-01,2018-06-01,lag_5,0.0019533298635989,0.0,0.00021066606915737577,[0.0015415]
2018-05-01,2018-06-01,lag_6,0.0023896267805678,0.0,0.00021066606915737577,[0.0015415]
2018-05-01,2018-06-01,lag_7,0.0122429513273667,0.0,0.00021066606915737577,[0.0015415]
2018-05-01,2018-06-01,lag_8,0.0010316416096038,-3.353106783391354e-05,0.00021066606915737577,[0.0015415]
2018-05-01,2018-06-01,lag_9,-0.0041471676206601,-0.0,0.00021066606915737577,[0.0015415]
2018-05-01,2018-06-01,lag_10,-0.0023975598889283,-0.0,0.00021066606915737577,[0.0015415]
2018-05-01,2018-06-01,lag_11,0.00205798028521,-3.6695146438152945e-05,0.00021066606915737577,[0.0015415]
2018-05-01,2018-06-01,volatility_3m,0.010256242310416757,0.0,0.00021066606915737577,[0.0015415]
2018-06-01,2018-07-01,lag_0,0.0077393231839559,0.0,0.0016168094279350423,[0.00161681]
2018-06-01,2018-07-01,lag_1,-0.0090456654231489,-0.0,0.0016168094279350423,[0.00161681]
2018-06-01,2018-07-01,lag_2,0.0109585819031714,0.0,0.0016168094279350423,[0.00161681]
2018-06-01,2018-07-01,lag_3,0.004886354634384,0.0,0.0016168094279350423,[0.00161681]
2018-06-01,2018-07-01,lag_4,0.0024216066290527,0.0,0.0016168094279350423,[0.00161681]
2018-06-01,2018-07-01,lag_5,-1.872595501151153e-05,-0.0,0.0016168094279350423,[0.00161681]
2018-06-01,2018-07-01,lag_6,0.0019533298635989,0.0,0.0016168094279350423,[0.00161681]
2018-06-01,2018-07-01,lag_7,0.0023896267805678,0.0,0.0016168094279350423,[0.00161681]
2018-06-01,2018-07-01,lag_8,0.0122429513273667,0.0,0.0016168094279350423,[0.00161681]
2018-06-01,2018-07-01,lag_9,0.0010316416096038,-0.0,0.0016168094279350423,[0.00161681]
2018-06-01,2018-07-01,lag_10,-0.0041471676206601,-0.0,0.0016168094279350423,[0.00161681]
2018-06-01,2018-07-01,lag_11,-0.0023975598889283,-0.0,0.0016168094279350423,[0.00161681]
2018-06-01,2018-07-01,volatility_3m,0.010741425885595728,0.0,0.0016168094279350423,[0.00161681]
2018-07-01,2018-08-01,lag_0,0.0016130706732431,0.0,0.0017217366460297993,[0.00172174]
2018-07-01,2018-08-01,lag_1,0.0077393231839559,0.0,0.0017217366460297993,[0.00172174]
2018-07-01,2018-08-01,lag_2,-0.0090456654231489,-0.0,0.0017217366460297993,[0.00172174]
2018-07-01,2018-08-01,lag_3,0.0109585819031714,0.0,0.0017217366460297993,[0.00172174]
2018-07-01,2018-08-01,lag_4,0.004886354634384,0.0,0.0017217366460297993,[0.00172174]
2018-07-01,2018-08-01,lag_5,0.0024216066290527,0.0,0.0017217366460297993,[0.00172174]
2018-07-01,2018-08-01,lag_6,-1.872595501151153e-05,-0.0,0.0017217366460297993,[0.00172174]
2018-07-01,2018-08-01,lag_7,0.0019533298635989,0.0,0.0017217366460297993,[0.00172174]
2018-07-01,2018-08-01,lag_8,0.0023896267805678,0.0,0.0017217366460297993,[0.00172174]
2018-07-01,2018-08-01,lag_9,0.0122429513273667,0.0,0.0017217366460297993,[0.00172174]
2018-07-01,2018-08-01,lag_10,0.0010316416096038,-0.0,0.0017217366460297993,[0.00172174]
2018-07-01,2018-08-01,lag_11,-0.0041471676206601,-0.0,0.0017217366460297993,[0.00172174]
2018-07-01,2018-08-01,volatility_3m,0.008493874925872393,0.0,0.0017217366460297993,[0.00172174]
2018-08-01,2018-09-01,lag_0,0.006442729109767,0.0,0.0016353946557490658,[0.00163539]
2018-08-01,2018-09-01,lag_1,0.0016130706732431,0.0,0.0016353946557490658,[0.00163539]
2018-08-01,2018-09-01,lag_2,0.0077393231839559,0.0,0.0016353946557490658,[0.00163539]
2018-08-01,2018-09-01,lag_3,-0.0090456654231489,-0.0,0.0016353946557490658,[0.00163539]
2018-08-01,2018-09-01,lag_4,0.0109585819031714,0.0,0.0016353946557490658,[0.00163539]
2018-08-01,2018-09-01,lag_5,0.004886354634384,0.0,0.0016353946557490658,[0.00163539]
2018-08-01,2018-09-01,lag_6,0.0024216066290527,0.0,0.0016353946557490658,[0.00163539]
2018-08-01,2018-09-01,lag_7,-1.872595501151153e-05,-0.0,0.0016353946557490658,[0.00163539]
2018-08-01,2018-09-01,lag_8,0.0019533298635989,0.0,0.0016353946557490658,[0.00163539]
2018-08-01,2018-09-01,lag_9,0.0023896267805678,0.0,0.0016353946557490658,[0.00163539]
2018-08-01,2018-09-01,lag_10,0.0122429513273667,0.0,0.0016353946557490658,[0.00163539]
2018-08-01,2018-09-01,lag_11,0.0010316416096038,-0.0,0.0016353946557490658,[0.00163539]
2018-08-01,2018-09-01,volatility_3m,0.003228460072328683,-0.0,0.0016353946557490658,[0.00163539]
2018-09-01,2018-10-01,lag_0,0.0006505452749951,-0.0,0.0017041605952164392,[0.00170416]
2018-09-01,2018-10-01,lag_1,0.006442729109767,0.0,0.0017041605952164392,[0.00170416]
2018-09-01,2018-10-01,lag_2,0.0016130706732431,0.0,0.0017041605952164392,[0.00170416]
2018-09-01,2018-10-01,lag_3,0.0077393231839559,0.0,0.0017041605952164392,[0.00170416]
2018-09-01,2018-10-01,lag_4,-0.0090456654231489,-0.0,0.0017041605952164392,[0.00170416]
2018-09-01,2018-10-01,lag_5,0.0109585819031714,0.0,0.0017041605952164392,[0.00170416]
2018-09-01,2018-10-01,lag_6,0.004886354634384,0.0,0.0017041605952164392,[0.00170416]
2018-09-01,2018-10-01,lag_7,0.0024216066290527,0.0,0.0017041605952164392,[0.00170416]
2018-09-01,2018-10-01,lag_8,-1.872595501151153e-05,-0.0,0.0017041605952164392,[0.00170416]
2018-09-01,2018-10-01,lag_9,0.0019533298635989,0.0,0.0017041605952164392,[0.00170416]
2018-09-01,2018-10-01,lag_10,0.0023896267805678,0.0,0.0017041605952164392,[0.00170416]
2018-09-01,2018-10-01,lag_11,0.0122429513273667,0.0,0.0017041605952164392,[0.00170416]
2018-09-01,2018-10-01,volatility_3m,0.003103800072264961,-0.0,0.0017041605952164392,[0.00170416]
2018-10-01,2018-11-01,lag_0,-0.0011033900564871,-0.0,0.0016919833548602386,[0.00169198]
2018-10-01,2018-11-01,lag_1,0.0006505452749951,-0.0,0.0016919833548602386,[0.00169198]
2018-10-01,2018-11-01,lag_2,0.006442729109767,0.0,0.0016919833548602386,[0.00169198]
2018-10-01,2018-11-01,lag_3,0.0016130706732431,0.0,0.0016919833548602386,[0.00169198]
2018-10-01,2018-11-01,lag_4,0.0077393231839559,0.0,0.0016919833548602386,[0.00169198]
2018-10-01,2018-11-01,lag_5,-0.0090456654231489,-0.0,0.0016919833548602386,[0.00169198]
2018-10-01,2018-11-01,lag_6,0.0109585819031714,0.0,0.0016919833548602386,[0.00169198]
2018-10-01,2018-11-01,lag_7,0.004886354634384,0.0,0.0016919833548602386,[0.00169198]
2018-10-01,2018-11-01,lag_8,0.0024216066290527,0.0,0.0016919833548602386,[0.00169198]
2018-10-01,2018-11-01,lag_9,-1.872595501151153e-05,-0.0,0.0016919833548602386,[0.00169198]
2018-10-01,2018-11-01,lag_10,0.0019533298635989,0.0,0.0016919833548602386,[0.00169198]
2018-10-01,2018-11-01,lag_11,0.0023896267805678,0.0,0.0016919833548602386,[0.00169198]
2018-10-01,2018-11-01,volatility_3m,0.003949042018728972,-0.0,0.0016919833548602386,[0.00169198]
2018-11-01,2018-12-01,lag_0,0.000793064524438,-0.0,0.0016509854322352539,[0.00165099]
2018-11-01,2018-12-01,lag_1,-0.0011033900564871,-0.0,0.0016509854322352539,[0.00165099]
2018-11-01,2018-12-01,lag_2,0.0006505452749951,-0.0,0.0016509854322352539,[0.00165099]
2018-11-01,2018-12-01,lag_3,0.006442729109767,0.0,0.0016509854322352539,[0.00165099]
2018-11-01,2018-12-01,lag_4,0.0016130706732431,0.0,0.0016509854322352539,[0.00165099]
2018-11-01,2018-12-01,lag_5,0.0077393231839559,0.0,0.0016509854322352539,[0.00165099]
2018-11-01,2018-12-01,lag_6,-0.0090456654231489,-0.0,0.0016509854322352539,[0.00165099]
2018-11-01,2018-12-01,lag_7,0.0109585819031714,0.0,0.0016509854322352539,[0.00165099]
2018-11-01,2018-12-01,lag_8,0.004886354634384,0.0,0.0016509854322352539,[0.00165099]
2018-11-01,2018-12-01,lag_9,0.0024216066290527,0.0,0.0016509854322352539,[0.00165099]
2018-11-01,2018-12-01,lag_10,-1.872595501151153e-05,-0.0,0.0016509854322352539,[0.00165099]
2018-11-01,2018-12-01,lag_11,0.0019533298635989,0.0,0.0016509854322352539,[0.00165099]
2018-11-01,2018-12-01,volatility_3m,0.0010561834484749907,-0.0,0.0016509854322352539,[0.00165099]
2018-12-01,2019-01-01,lag_0,0.0002450018435427,-0.0,0.0016759132840363407,[0.00167591]
2018-12-01,2019-01-01,lag_1,0.000793064524438,-0.0,0.0016759132840363407,[0.00167591]
2018-12-01,2019-01-01,lag_2,-0.0011033900564871,-0.0,0.0016759132840363407,[0.00167591]
2018-12-01,2019-01-01,lag_3,0.0006505452749951,-0.0,0.0016759132840363407,[0.00167591]
2018-12-01,2019-01-01,lag_4,0.006442729109767,0.0,0.0016759132840363407,[0.00167591]
2018-12-01,2019-01-01,lag_5,0.0016130706732431,0.0,0.0016759132840363407,[0.00167591]
2018-12-01,2019-01-01,lag_6,0.0077393231839559,0.0,0.0016759132840363407,[0.00167591]
2018-12-01,2019-01-01,lag_7,-0.0090456654231489,-0.0,0.0016759132840363407,[0.00167591]
2018-12-01,2019-01-01,lag_8,0.0109585819031714,0.0,0.0016759132840363407,[0.00167591]
2018-12-01,2019-01-01,lag_9,0.004886354634384,0.0,0.0016759132840363407,[0.00167591]
2018-12-01,2019-01-01,lag_10,0.0024216066290527,0.0,0.0016759132840363407,[0.00167591]
2018-12-01,2019-01-01,lag_11,-1.872595501151153e-05,-0.0,0.0016759132840363407,[0.00167591]
2018-12-01,2019-01-01,volatility_3m,0.0009759673317421981,-0.0,0.0016759132840363407,[0.00167591]
2019-01-01,2019-02-01,lag_0,-0.0066652230383583,-0.0,0.0016422081403085766,[0.00164221]
2019-01-01,2019-02-01,lag_1,0.0002450018435427,-0.0,0.0016422081403085766,[0.00164221]
2019-01-01,2019-02-01,lag_2,0.000793064524438,-0.0,0.0016422081403085766,[0.00164221]
2019-01-01,2019-02-01,lag_3,-0.0011033900564871,-0.0,0.0016422081403085766,[0.00164221]
2019-01-01,2019-02-01,lag_4,0.0006505452749951,-0.0,0.0016422081403085766,[0.00164221]
2019-01-01,2019-02-01,lag_5,0.006442729109767,0.0,0.0016422081403085766,[0.00164221]
2019-01-01,2019-02-01,lag_6,0.0016130706732431,0.0,0.0016422081403085766,[0.00164221]
2019-01-01,2019-02-01,lag_7,0.0077393231839559,0.0,0.0016422081403085766,[0.00164221]
2019-01-01,2019-02-01,lag_8,-0.0090456654231489,-0.0,0.0016422081403085766,[0.00164221]
2019-01-01,2019-02-01,lag_9,0.0109585819031714,0.0,0.0016422081403085766,[0.00164221]
2019-01-01,2019-02-01,lag_10,0.004886354634384,0.0,0.0016422081403085766,[0.00164221]
2019-01-01,2019-02-01,lag_11,0.0024216066290527,0.0,0.0016422081403085766,[0.00164221]
2019-01-01,2019-02-01,volatility_3m,0.004156874506765786,0.0,0.0016422081403085766,[0.00164221]
2019-02-01,2019-03-01,lag_0,-0.0054790884900661,-0.0,0.0016352271193501363,[0.00163523]
2019-02-01,2019-03-01,lag_1,-0.0066652230383583,-0.0,0.0016352271193501363,[0.00163523]
2019-02-01,2019-03-01,lag_2,0.0002450018435427,-0.0,0.0016352271193501363,[0.00163523]
2019-02-01,2019-03-01,lag_3,0.000793064524438,-0.0,0.0016352271193501363,[0.00163523]
2019-02-01,2019-03-01,lag_4,-0.0011033900564871,-0.0,0.0016352271193501363,[0.00163523]
2019-02-01,2019-03-01,lag_5,0.0006505452749951,-0.0,0.0016352271193501363,[0.00163523]
2019-02-01,2019-03-01,lag_6,0.006442729109767,0.0,0.0016352271193501363,[0.00163523]
2019-02-01,2019-03-01,lag_7,0.0016130706732431,0.0,0.0016352271193501363,[0.00163523]
2019-02-01,2019-03-01,lag_8,0.0077393231839559,0.0,0.0016352271193501363,[0.00163523]
2019-02-01,2019-03-01,lag_9,-0.0090456654231489,-0.0,0.0016352271193501363,[0.00163523]
2019-02-01,2019-03-01,lag_10,0.0109585819031714,0.0,0.0016352271193501363,[0.00163523]
2019-02-01,2019-03-01,lag_11,0.004886354634384,0.0,0.0016352271193501363,[0.00163523]
2019-02-01,2019-03-01,volatility_3m,0.003695116895589135,-0.0,0.0016352271193501363,[0.00163523]
2019-03-01,2019-04-01,lag_0,0.0003752804925412,-0.0,0.001590631236664235,[0.00159063]
2019-03-01,2019-04-01,lag_1,-0.0054790884900661,-0.0,0.001590631236664235,[0.00159063]
2019-03-01,2019-04-01,lag_2,-0.0066652230383583,-0.0,0.001590631236664235,[0.00159063]
2019-03-01,2019-04-01,lag_3,0.0002450018435427,-0.0,0.001590631236664235,[0.00159063]
2019-03-01,2019-04-01,lag_4,0.000793064524438,-0.0,0.001590631236664235,[0.00159063]
2019-03-01,2019-04-01,lag_5,-0.0011033900564871,-0.0,0.001590631236664235,[0.00159063]
2019-03-01,2019-04-01,lag_6,0.0006505452749951,-0.0,0.001590631236664235,[0.00159063]
2019-03-01,2019-04-01,lag_7,0.006442729109767,0.0,0.001590631236664235,[0.00159063]
2019-03-01,2019-04-01,lag_8,0.0016130706732431,0.0,0.001590631236664235,[0.00159063]
2019-03-01,2019-04-01,lag_9,0.0077393231839559,0.0,0.001590631236664235,[0.00159063]
2019-03-01,2019-04-01,lag_10,-0.0090456654231489,-0.0,0.001590631236664235,[0.00159063]
2019-03-01,2019-04-01,lag_11,0.0109585819031714,0.0,0.001590631236664235,[0.00159063]
2019-03-01,2019-04-01,volatility_3m,0.0037693775197808433,-0.0,0.001590631236664235,[0.00159063]
2019-04-01,2019-05-01,lag_0,-0.0058659771411617,-0.0,0.0016298878186109594,[0.00162989]
2019-04-01,2019-05-01,lag_1,0.0003752804925412,-0.0,0.0016298878186109594,[0.00162989]
2019-04-01,2019-05-01,lag_2,-0.0054790884900661,-0.0,0.0016298878186109594,[0.00162989]
2019-04-01,2019-05-01,lag_3,-0.0066652230383583,-0.0,0.0016298878186109594,[0.00162989]
2019-04-01,2019-05-01,lag_4,0.0002450018435427,-0.0,0.0016298878186109594,[0.00162989]
2019-04-01,2019-05-01,lag_5,0.000793064524438,-0.0,0.0016298878186109594,[0.00162989]
2019-04-01,2019-05-01,lag_6,-0.0011033900564871,-0.0,0.0016298878186109594,[0.00162989]
2019-04-01,2019-05-01,lag_7,0.0006505452749951,-0.0,0.0016298878186109594,[0.00162989]
2019-04-01,2019-05-01,lag_8,0.006442729109767,0.0,0.0016298878186109594,[0.00162989]
2019-04-01,2019-05-01,lag_9,0.0016130706732431,0.0,0.0016298878186109594,[0.00162989]
2019-04-01,2019-05-01,lag_10,0.0077393231839559,0.0,0.0016298878186109594,[0.00162989]
2019-04-01,2019-05-01,lag_11,-0.0090456654231489,-0.0,0.0016298878186109594,[0.00162989]
2019-04-01,2019-05-01,volatility_3m,0.0034970610485357493,-0.0,0.0016298878186109594,[0.00162989]
2019-05-01,2019-06-01,lag_0,0.001153098346327,0.0,0.0016636237641507714,[0.00166362]
2019-05-01,2019-06-01,lag_1,-0.0058659771411617,-0.0,0.0016636237641507714,[0.00166362]
2019-05-01,2019-06-01,lag_2,0.0003752804925412,-0.0,0.0016636237641507714,[0.00166362]
2019-05-01,2019-06-01,lag_3,-0.0054790884900661,-0.0,0.0016636237641507714,[0.00166362]
2019-05-01,2019-06-01,lag_4,-0.0066652230383583,-0.0,0.0016636237641507714,[0.00166362]
2019-05-01,2019-06-01,lag_5,0.0002450018435427,-0.0,0.0016636237641507714,[0.00166362]
2019-05-01,2019-06-01,lag_6,0.000793064524438,-0.0,0.0016636237641507714,[0.00166362]
2019-05-01,2019-06-01,lag_7,-0.0011033900564871,-0.0,0.0016636237641507714,[0.00166362]
2019-05-01,2019-06-01,lag_8,0.0006505452749951,-0.0,0.0016636237641507714,[0.00166362]
2019-05-01,2019-06-01,lag_9,0.006442729109767,0.0,0.0016636237641507714,[0.00166362]
2019-05-01,2019-06-01,lag_10,0.0016130706732431,0.0,0.0016636237641507714,[0.00166362]
2019-05-01,2019-06-01,lag_11,0.0077393231839559,0.0,0.0016636237641507714,[0.00166362]
2019-05-01,2019-06-01,volatility_3m,0.003847633865182328,-0.0,0.0016636237641507714,[0.00166362]
2019-06-01,2019-07-01,lag_0,0.0004442719505579,-0.0,0.001649067698249222,[0.00164907]
2019-06-01,2019-07-01,lag_1,0.001153098346327,0.0,0.001649067698249222,[0.00164907]
2019-06-01,2019-07-01,lag_2,-0.0058659771411617,-0.0,0.001649067698249222,[0.00164907]
2019-06-01,2019-07-01,lag_3,0.0003752804925412,-0.0,0.001649067698249222,[0.00164907]
2019-06-01,2019-07-01,lag_4,-0.0054790884900661,-0.0,0.001649067698249222,[0.00164907]
2019-06-01,2019-07-01,lag_5,-0.0066652230383583,-0.0,0.001649067698249222,[0.00164907]
2019-06-01,2019-07-01,lag_6,0.0002450018435427,-0.0,0.001649067698249222,[0.00164907]
2019-06-01,2019-07-01,lag_7,0.000793064524438,-0.0,0.001649067698249222,[0.00164907]
2019-06-01,2019-07-01,lag_8,-0.0011033900564871,-0.0,0.001649067698249222,[0.00164907]
2019-06-01,2019-07-01,lag_9,0.0006505452749951,-0.0,0.001649067698249222,[0.00164907]
2019-06-01,2019-07-01,lag_10,0.006442729109767,0.0,0.001649067698249222,[0.00164907]
2019-06-01,2019-07-01,lag_11,0.0016130706732431,0.0,0.001649067698249222,[0.00164907]
2019-06-01,2019-07-01,volatility_3m,0.003864132053427431,-0.0,0.001649067698249222,[0.00164907]
2019-07-01,2019-08-01,lag_0,-0.0048606038693659,-0.0,0.0016599643677587025,[0.00165996]
2019-07-01,2019-08-01,lag_1,0.0004442719505579,-0.0,0.0016599643677587025,[0.00165996]
2019-07-01,2019-08-01,lag_2,0.001153098346327,0.0,0.0016599643677587025,[0.00165996]
2019-07-01,2019-08-01,lag_3,-0.0058659771411617,-0.0,0.0016599643677587025,[0.00165996]
2019-07-01,2019-08-01,lag_4,0.0003752804925412,-0.0,0.0016599643677587025,[0.00165996]
2019-07-01,2019-08-01,lag_5,-0.0054790884900661,-0.0,0.0016599643677587025,[0.00165996]
2019-07-01,2019-08-01,lag_6,-0.0066652230383583,-0.0,0.0016599643677587025,[0.00165996]
2019-07-01,2019-08-01,lag_7,0.0002450018435427,-0.0,0.0016599643677587025,[0.00165996]
2019-07-01,2019-08-01,lag_8,0.000793064524438,-0.0,0.0016599643677587025,[0.00165996]
2019-07-01,2019-08-01,lag_9,-0.0011033900564871,-0.0,0.0016599643677587025,[0.00165996]
2019-07-01,2019-08-01,lag_10,0.0006505452749951,-0.0,0.0016599643677587025,[0.00165996]
2019-07-01,2019-08-01,lag_11,0.006442729109767,0.0,0.0016599643677587025,[0.00165996]
2019-07-01,2019-08-01,volatility_3m,0.0032865573848426086,-0.0,0.0016599643677587025,[0.00165996]
2019-08-01,2019-09-01,lag_0,0.0068257248349024,0.0,0.001654574729344277,[0.00165457]
2019-08-01,2019-09-01,lag_1,-0.0048606038693659,-0.0,0.001654574729344277,[0.00165457]
2019-08-01,2019-09-01,lag_2,0.0004442719505579,-0.0,0.001654574729344277,[0.00165457]
2019-08-01,2019-09-01,lag_3,0.001153098346327,0.0,0.001654574729344277,[0.00165457]
2019-08-01,2019-09-01,lag_4,-0.0058659771411617,-0.0,0.001654574729344277,[0.00165457]
2019-08-01,2019-09-01,lag_5,0.0003752804925412,-0.0,0.001654574729344277,[0.00165457]
2019-08-01,2019-09-01,lag_6,-0.0054790884900661,-0.0,0.001654574729344277,[0.00165457]
2019-08-01,2019-09-01,lag_7,-0.0066652230383583,-0.0,0.001654574729344277,[0.00165457]
2019-08-01,2019-09-01,lag_8,0.0002450018435427,-0.0,0.001654574729344277,[0.00165457]
2019-08-01,2019-09-01,lag_9,0.000793064524438,-0.0,0.001654574729344277,[0.00165457]
2019-08-01,2019-09-01,lag_10,-0.0011033900564871,-0.0,0.001654574729344277,[0.00165457]
2019-08-01,2019-09-01,lag_11,0.0006505452749951,-0.0,0.001654574729344277,[0.00165457]
2019-08-01,2019-09-01,volatility_3m,0.0058514232878865485,0.0,0.001654574729344277,[0.00165457]
2019-09-01,2019-10-01,lag_0,-0.0033894417233817,-0.0,0.0016208999182284224,[0.0016209]
2019-09-01,2019-10-01,lag_1,0.0068257248349024,0.0,0.0016208999182284224,[0.0016209]
2019-09-01,2019-10-01,lag_2,-0.0048606038693659,-0.0,0.0016208999182284224,[0.0016209]
2019-09-01,2019-10-01,lag_3,0.0004442719505579,-0.0,0.0016208999182284224,[0.0016209]
2019-09-01,2019-10-01,lag_4,0.001153098346327,0.0,0.0016208999182284224,[0.0016209]
2019-09-01,2019-10-01,lag_5,-0.0058659771411617,-0.0,0.0016208999182284224,[0.0016209]
2019-09-01,2019-10-01,lag_6,0.0003752804925412,-0.0,0.0016208999182284224,[0.0016209]
2019-09-01,2019-10-01,lag_7,-0.0054790884900661,-0.0,0.0016208999182284224,[0.0016209]
2019-09-01,2019-10-01,lag_8,-0.0066652230383583,-0.0,0.0016208999182284224,[0.0016209]
2019-09-01,2019-10-01,lag_9,0.0002450018435427,-0.0,0.0016208999182284224,[0.0016209]
2019-09-01,2019-10-01,lag_10,0.000793064524438,-0.0,0.0016208999182284224,[0.0016209]
2019-09-01,2019-10-01,lag_11,-0.0011033900564871,-0.0,0.0016208999182284224,[0.0016209]
2019-09-01,2019-10-01,volatility_3m,0.006365063818185798,0.0,0.0016208999182284224,[0.0016209]
2019-10-01,2019-11-01,lag_0,-0.008478362664281,-0.0,0.0016005464250832165,[0.00160055]
2019-10-01,2019-11-01,lag_1,-0.0033894417233817,-0.0,0.0016005464250832165,[0.00160055]
2019-10-01,2019-11-01,lag_2,0.0068257248349024,0.0,0.0016005464250832165,[0.00160055]
2019-10-01,2019-11-01,lag_3,-0.0048606038693659,-0.0,0.0016005464250832165,[0.00160055]
2019-10-01,2019-11-01,lag_4,0.0004442719505579,-0.0,0.0016005464250832165,[0.00160055]
2019-10-01,2019-11-01,lag_5,0.001153098346327,0.0,0.0016005464250832165,[0.00160055]
2019-10-01,2019-11-01,lag_6,-0.0058659771411617,-0.0,0.0016005464250832165,[0.00160055]
2019-10-01,2019-11-01,lag_7,0.0003752804925412,-0.0,0.0016005464250832165,[0.00160055]
2019-10-01,2019-11-01,lag_8,-0.0054790884900661,-0.0,0.0016005464250832165,[0.00160055]
2019-10-01,2019-11-01,lag_9,-0.0066652230383583,-0.0,0.0016005464250832165,[0.00160055]
2019-10-01,2019-11-01,lag_10,0.0002450018435427,-0.0,0.0016005464250832165,[0.00160055]
2019-10-01,2019-11-01,lag_11,0.000793064524438,-0.0,0.0016005464250832165,[0.00160055]
2019-10-01,2019-11-01,volatility_3m,0.007793820611429618,0.0,0.0016005464250832165,[0.00160055]
2019-11-01,2019-12-01,lag_0,0.0050067643152127,0.0,0.0016342316653474595,[0.00163423]
2019-11-01,2019-12-01,lag_1,-0.008478362664281,-0.0,0.0016342316653474595,[0.00163423]
2019-11-01,2019-12-01,lag_2,-0.0033894417233817,-0.0,0.0016342316653474595,[0.00163423]
2019-11-01,2019-12-01,lag_3,0.0068257248349024,0.0,0.0016342316653474595,[0.00163423]
2019-11-01,2019-12-01,lag_4,-0.0048606038693659,-0.0,0.0016342316653474595,[0.00163423]
2019-11-01,2019-12-01,lag_5,0.0004442719505579,-0.0,0.0016342316653474595,[0.00163423]
2019-11-01,2019-12-01,lag_6,0.001153098346327,0.0,0.0016342316653474595,[0.00163423]
2019-11-01,2019-12-01,lag_7,-0.0058659771411617,-0.0,0.0016342316653474595,[0.00163423]
2019-11-01,2019-12-01,lag_8,0.0003752804925412,-0.0,0.0016342316653474595,[0.00163423]
2019-11-01,2019-12-01,lag_9,-0.0054790884900661,-0.0,0.0016342316653474595,[0.00163423]
2019-11-01,2019-12-01,lag_10,-0.0066652230383583,-0.0,0.0016342316653474595,[0.00163423]
2019-11-01,2019-12-01,lag_11,0.0002450018435427,-0.0,0.0016342316653474595,[0.00163423]
2019-11-01,2019-12-01,volatility_3m,0.006809821850806395,0.0,0.0016342316653474595,[0.00163423]
2019-12-01,2020-01-01,lag_0,-0.0023266844944638,-0.0,0.001590150079664186,[0.00159015]
2019-12-01,2020-01-01,lag_1,0.0050067643152127,0.0,0.001590150079664186,[0.00159015]
2019-12-01,2020-01-01,lag_2,-0.008478362664281,-0.0,0.001590150079664186,[0.00159015]
2019-12-01,2020-01-01,lag_3,-0.0033894417233817,-0.0,0.001590150079664186,[0.00159015]
2019-12-01,2020-01-01,lag_4,0.0068257248349024,0.0,0.001590150079664186,[0.00159015]
2019-12-01,2020-01-01,lag_5,-0.0048606038693659,-0.0,0.001590150079664186,[0.00159015]
2019-12-01,2020-01-01,lag_6,0.0004442719505579,-0.0,0.001590150079664186,[0.00159015]
2019-12-01,2020-01-01,lag_7,0.001153098346327,0.0,0.001590150079664186,[0.00159015]
2019-12-01,2020-01-01,lag_8,-0.0058659771411617,-0.0,0.001590150079664186,[0.00159015]
2019-12-01,2020-01-01,lag_9,0.0003752804925412,-0.0,0.001590150079664186,[0.00159015]
2019-12-01,2020-01-01,lag_10,-0.0054790884900661,-0.0,0.001590150079664186,[0.00159015]
2019-12-01,2020-01-01,lag_11,-0.0066652230383583,-0.0,0.001590150079664186,[0.00159015]
2019-12-01,2020-01-01,volatility_3m,0.006751188357148935,0.0,0.001590150079664186,[0.00159015]
2020-01-01,2020-02-01,lag_0,-0.0065751385800458,-0.0,0.0015701115179044746,[0.00157011]
2020-01-01,2020-02-01,lag_1,-0.0023266844944638,-0.0,0.0015701115179044746,[0.00157011]
2020-01-01,2020-02-01,lag_2,0.0050067643152127,0.0,0.0015701115179044746,[0.00157011]
2020-01-01,2020-02-01,lag_3,-0.008478362664281,-0.0,0.0015701115179044746,[0.00157011]
2020-01-01,2020-02-01,lag_4,-0.0033894417233817,-0.0,0.0015701115179044746,[0.00157011]
2020-01-01,2020-02-01,lag_5,0.0068257248349024,0.0,0.0015701115179044746,[0.00157011]
2020-01-01,2020-02-01,lag_6,-0.0048606038693659,-0.0,0.0015701115179044746,[0.00157011]
2020-01-01,2020-02-01,lag_7,0.0004442719505579,-0.0,0.0015701115179044746,[0.00157011]
2020-01-01,2020-02-01,lag_8,0.001153098346327,0.0,0.0015701115179044746,[0.00157011]
2020-01-01,2020-02-01,lag_9,-0.0058659771411617,-0.0,0.0015701115179044746,[0.00157011]
2020-01-01,2020-02-01,lag_10,0.0003752804925412,-0.0,0.0015701115179044746,[0.00157011]
2020-01-01,2020-02-01,lag_11,-0.0054790884900661,-0.0,0.0015701115179044746,[0.00157011]
2020-01-01,2020-02-01,volatility_3m,0.005859028762469102,0.0,0.0015701115179044746,[0.00157011]
2020-02-01,2020-03-01,lag_0,0.0033566014560095,0.0,0.0014858756515551538,[0.00148588]
2020-02-01,2020-03-01,lag_1,-0.0065751385800458,-0.0,0.0014858756515551538,[0.00148588]
2020-02-01,2020-03-01,lag_2,-0.0023266844944638,-0.0,0.0014858756515551538,[0.00148588]
2020-02-01,2020-03-01,lag_3,0.0050067643152127,0.0,0.0014858756515551538,[0.00148588]
2020-02-01,2020-03-01,lag_4,-0.008478362664281,-0.0,0.0014858756515551538,[0.00148588]
2020-02-01,2020-03-01,lag_5,-0.0033894417233817,-0.0,0.0014858756515551538,[0.00148588]
2020-02-01,2020-03-01,lag_6,0.0068257248349024,0.0,0.0014858756515551538,[0.00148588]
2020-02-01,2020-03-01,lag_7,-0.0048606038693659,-0.0,0.0014858756515551538,[0.00148588]
2020-02-01,2020-03-01,lag_8,0.0004442719505579,-0.0,0.0014858756515551538,[0.00148588]
2020-02-01,2020-03-01,lag_9,0.001153098346327,0.0,0.0014858756515551538,[0.00148588]
2020-02-01,2020-03-01,lag_10,-0.0058659771411617,-0.0,0.0014858756515551538,[0.00148588]
2020-02-01,2020-03-01,lag_11,0.0003752804925412,-0.0,0.0014858756515551538,[0.00148588]
2020-02-01,2020-03-01,volatility_3m,0.00498311417783313,0.0,0.0014858756515551538,[0.00148588]
2020-03-01,2020-04-01,lag_0,-0.022922160747389717,-0.0,0.0015278634679548495,[0.00152786]
2020-03-01,2020-04-01,lag_1,0.0033566014560095,0.0,0.0015278634679548495,[0.00152786]
2020-03-01,2020-04-01,lag_2,-0.0065751385800458,-0.0,0.0015278634679548495,[0.00152786]
2020-03-01,2020-04-01,lag_3,-0.0023266844944638,-0.0,0.0015278634679548495,[0.00152786]
2020-03-01,2020-04-01,lag_4,0.0050067643152127,0.0,0.0015278634679548495,[0.00152786]
2020-03-01,2020-04-01,lag_5,-0.008478362664281,-0.0,0.0015278634679548495,[0.00152786]
2020-03-01,2020-04-01,lag_6,-0.0033894417233817,-0.0,0.0015278634679548495,[0.00152786]
2020-03-01,2020-04-01,lag_7,0.0068257248349024,0.0,0.0015278634679548495,[0.00152786]
2020-03-01,2020-04-01,lag_8,-0.0048606038693659,-0.0,0.0015278634679548495,[0.00152786]
2020-03-01,2020-04-01,lag_9,0.0004442719505579,-0.0,0.0015278634679548495,[0.00152786]
2020-03-01,2020-04-01,lag_10,0.001153098346327,0.0,0.0015278634679548495,[0.00152786]
2020-03-01,2020-04-01,lag_11,-0.0058659771411617,-0.0,0.0015278634679548495,[0.00152786]
2020-03-01,2020-04-01,volatility_3m,0.01930870522615078,0.0,0.0015278634679548495,[0.00152786]
2020-04-01,2020-05-01,lag_0,-0.024686807245154502,-0.0,0.00131779096503647,[0.00131779]
2020-04-01,2020-05-01,lag_1,-0.022898749070487584,-0.0,0.00131779096503647,[0.00131779]
2020-04-01,2020-05-01,lag_2,0.0033566014560095,0.0,0.00131779096503647,[0.00131779]
2020-04-01,2020-05-01,lag_3,-0.0065751385800458,-0.0,0.00131779096503647,[0.00131779]
2020-04-01,2020-05-01,lag_4,-0.0023266844944638,-0.0,0.00131779096503647,[0.00131779]
2020-04-01,2020-05-01,lag_5,0.0050067643152127,0.0,0.00131779096503647,[0.00131779]
2020-04-01,2020-05-01,lag_6,-0.008478362664281,-0.0,0.00131779096503647,[0.00131779]
2020-04-01,2020-05-01,lag_7,-0.0033894417233817,-0.0,0.00131779096503647,[0.00131779]
2020-04-01,2020-05-01,lag_8,0.0068257248349024,0.0,0.00131779096503647,[0.00131779]
2020-04-01,2020-05-01,lag_9,-0.0048606038693659,-0.0,0.00131779096503647,[0.00131779]
2020-04-01,2020-05-01,lag_10,0.0004442719505579,-0.0,0.00131779096503647,[0.00131779]
2020-04-01,2020-05-01,lag_11,0.001153098346327,0.0,0.00131779096503647,[0.00131779]
2020-04-01,2020-05-01,volatility_3m,0.020643100615995467,0.0,0.00131779096503647,[0.00131779]
2020-05-01,2020-06-01,lag_0,0.0164029145284585,0.0,0.0012966402508466615,[0.00129664]
2020-05-01,2020-06-01,lag_1,-0.024669753148890833,-0.0,0.0012966402508466615,[0.00129664]
2020-05-01,2020-06-01,lag_2,-0.02287533739358545,-0.0,0.0012966402508466615,[0.00129664]
2020-05-01,2020-06-01,lag_3,0.0033566014560095,0.0,0.0012966402508466615,[0.00129664]
2020-05-01,2020-06-01,lag_4,-0.0065751385800458,-0.0,0.0012966402508466615,[0.00129664]
2020-05-01,2020-06-01,lag_5,-0.0023266844944638,-0.0,0.0012966402508466615,[0.00129664]
2020-05-01,2020-06-01,lag_6,0.0050067643152127,0.0,0.0012966402508466615,[0.00129664]
2020-05-01,2020-06-01,lag_7,-0.008478362664281,-0.0,0.0012966402508466615,[0.00129664]
2020-05-01,2020-06-01,lag_8,-0.0033894417233817,-0.0,0.0012966402508466615,[0.00129664]
2020-05-01,2020-06-01,lag_9,0.0068257248349024,0.0,0.0012966402508466615,[0.00129664]
2020-05-01,2020-06-01,lag_10,-0.0048606038693659,-0.0,0.0012966402508466615,[0.00129664]
2020-05-01,2020-06-01,lag_11,0.0004442719505579,-0.0,0.0012966402508466615,[0.00129664]
2020-05-01,2020-06-01,volatility_3m,0.021238863213750143,0.0,0.0012966402508466615,[0.00129664]
2020-06-01,2020-07-01,lag_0,0.018908791824638078,0.0,0.0014334886498453775,[0.00143349]
2020-06-01,2020-07-01,lag_1,0.0164029145284585,0.0,0.0014334886498453775,[0.00143349]
2020-06-01,2020-07-01,lag_2,-0.024652699052627167,-0.0,0.0014334886498453775,[0.00143349]
2020-06-01,2020-07-01,lag_3,-0.02285192571668332,-0.0,0.0014334886498453775,[0.00143349]
2020-06-01,2020-07-01,lag_4,0.0033566014560095,0.0,0.0014334886498453775,[0.00143349]
2020-06-01,2020-07-01,lag_5,-0.0065751385800458,-0.0,0.0014334886498453775,[0.00143349]
2020-06-01,2020-07-01,lag_6,-0.0023266844944638,-0.0,0.0014334886498453775,[0.00143349]
2020-06-01,2020-07-01,lag_7,0.0050067643152127,0.0,0.0014334886498453775,[0.00143349]
2020-06-01,2020-07-01,lag_8,-0.008478362664281,-0.0,0.0014334886498453775,[0.00143349]
2020-06-01,2020-07-01,lag_9,-0.0033894417233817,-0.0,0.0014334886498453775,[0.00143349]
2020-06-01,2020-07-01,lag_10,0.0068257248349024,0.0,0.0014334886498453775,[0.00143349]
2020-06-01,2020-07-01,lag_11,-0.0048606038693659,-0.0,0.0014334886498453775,[0.00143349]
2020-06-01,2020-07-01,volatility_3m,0.02135263620510922,0.0,0.0014334886498453775,[0.00143349]
2020-07-01,2020-08-01,lag_0,0.019639147213330554,0.0,0.001409440366717565,[0.00140944]
2020-07-01,2020-08-01,lag_1,0.01890355666433371,0.0,0.001409440366717565,[0.00140944]
2020-07-01,2020-08-01,lag_2,0.0164029145284585,0.0,0.001409440366717565,[0.00140944]
2020-07-01,2020-08-01,lag_3,-0.024635644956363497,-0.0,0.001409440366717565,[0.00140944]
2020-07-01,2020-08-01,lag_4,-0.022828514039781186,-0.0,0.001409440366717565,[0.00140944]
2020-07-01,2020-08-01,lag_5,0.0033566014560095,0.0,0.001409440366717565,[0.00140944]
2020-07-01,2020-08-01,lag_6,-0.0065751385800458,-0.0,0.001409440366717565,[0.00140944]
2020-07-01,2020-08-01,lag_7,-0.0023266844944638,-0.0,0.001409440366717565,[0.00140944]
2020-07-01,2020-08-01,lag_8,0.0050067643152127,0.0,0.001409440366717565,[0.00140944]
2020-07-01,2020-08-01,lag_9,-0.008478362664281,-0.0,0.001409440366717565,[0.00140944]
2020-07-01,2020-08-01,lag_10,-0.0033894417233817,-0.0,0.001409440366717565,[0.00140944]
2020-07-01,2020-08-01,lag_11,0.0068257248349024,0.0,0.001409440366717565,[0.00140944]
2020-07-01,2020-08-01,volatility_3m,0.02178748521224144,0.0,0.001409440366717565,[0.00140944]
2020-08-01,2020-09-01,lag_0,0.0097319604312513,0.0,0.0015563335429688995,[0.00155633]
2020-08-01,2020-09-01,lag_1,0.019631387356376668,0.0,0.0015563335429688995,[0.00155633]
2020-08-01,2020-09-01,lag_2,0.01889832150402935,0.0,0.0015563335429688995,[0.00155633]
2020-08-01,2020-09-01,lag_3,0.0164029145284585,0.0,0.0015563335429688995,[0.00155633]
2020-08-01,2020-09-01,lag_4,-0.024618590860099827,-0.0,0.0015563335429688995,[0.00155633]
2020-08-01,2020-09-01,lag_5,-0.022805102362879057,-0.0,0.0015563335429688995,[0.00155633]
2020-08-01,2020-09-01,lag_6,0.0033566014560095,0.0,0.0015563335429688995,[0.00155633]
2020-08-01,2020-09-01,lag_7,-0.0065751385800458,-0.0,0.0015563335429688995,[0.00155633]
2020-08-01,2020-09-01,lag_8,-0.0023266844944638,-0.0,0.0015563335429688995,[0.00155633]
2020-08-01,2020-09-01,lag_9,0.0050067643152127,0.0,0.0015563335429688995,[0.00155633]
2020-08-01,2020-09-01,lag_10,-0.008478362664281,-0.0,0.0015563335429688995,[0.00155633]
2020-08-01,2020-09-01,lag_11,-0.0033894417233817,-0.0,0.0015563335429688995,[0.00155633]
2020-08-01,2020-09-01,volatility_3m,0.022526388484637602,0.0,0.0015563335429688995,[0.00155633]
2020-09-01,2020-10-01,lag_0,0.0001250509323655,-0.0,0.0014876369535456561,[0.00148764]
2020-09-01,2020-10-01,lag_1,0.0097319604312513,0.0,0.0014876369535456561,[0.00148764]
2020-09-01,2020-10-01,lag_2,0.019623627499422782,0.0,0.0014876369535456561,[0.00148764]
2020-09-01,2020-10-01,lag_3,0.018893086343724982,0.0,0.0014876369535456561,[0.00148764]
2020-09-01,2020-10-01,lag_4,0.0164029145284585,0.0,0.0014876369535456561,[0.00148764]
2020-09-01,2020-10-01,lag_5,-0.024601536763836158,-0.0,0.0014876369535456561,[0.00148764]
2020-09-01,2020-10-01,lag_6,-0.022781690685976925,-0.0,0.0014876369535456561,[0.00148764]
2020-09-01,2020-10-01,lag_7,0.0033566014560095,0.0,0.0014876369535456561,[0.00148764]
2020-09-01,2020-10-01,lag_8,-0.0065751385800458,-0.0,0.0014876369535456561,[0.00148764]
2020-09-01,2020-10-01,lag_9,-0.0023266844944638,-0.0,0.0014876369535456561,[0.00148764]
2020-09-01,2020-10-01,lag_10,0.0050067643152127,0.0,0.0014876369535456561,[0.00148764]
2020-09-01,2020-10-01,lag_11,-0.008478362664281,-0.0,0.0014876369535456561,[0.00148764]
2020-09-01,2020-10-01,volatility_3m,0.01901043878411278,0.0,0.0014876369535456561,[0.00148764]
2020-10-01,2020-11-01,lag_0,0.0080174248373063,0.0,0.0014880319246868858,[0.00148803]
2020-10-01,2020-11-01,lag_1,0.0001250509323655,-0.0,0.0014880319246868858,[0.00148803]
2020-10-01,2020-11-01,lag_2,0.0097319604312513,0.0,0.0014880319246868858,[0.00148803]
2020-10-01,2020-11-01,lag_3,0.01961586764246881,0.0,0.0014880319246868858,[0.00148803]
2020-10-01,2020-11-01,lag_4,0.01888785118342056,0.0,0.0014880319246868858,[0.00148803]
2020-10-01,2020-11-01,lag_5,0.0164029145284585,0.0,0.0014880319246868858,[0.00148803]
2020-10-01,2020-11-01,lag_6,-0.024584482667572488,-0.0,0.0014880319246868858,[0.00148803]
2020-10-01,2020-11-01,lag_7,-0.022758279009074792,-0.0,0.0014880319246868858,[0.00148803]
2020-10-01,2020-11-01,lag_8,0.0033566014560095,0.0,0.0014880319246868858,[0.00148803]
2020-10-01,2020-11-01,lag_9,-0.0065751385800458,-0.0,0.0014880319246868858,[0.00148803]
2020-10-01,2020-11-01,lag_10,-0.0023266844944638,-0.0,0.0014880319246868858,[0.00148803]
2020-10-01,2020-11-01,lag_11,0.0050067643152127,0.0,0.0014880319246868858,[0.00148803]
2020-10-01,2020-11-01,volatility_3m,0.005123831708758545,-0.0,0.0014880319246868858,[0.00148803]
2020-11-01,2020-12-01,lag_0,0.0035310967909989,0.0,0.0015099541158560038,[0.00150995]
2020-11-01,2020-12-01,lag_1,0.0080174248373063,0.0,0.0015099541158560038,[0.00150995]
2020-11-01,2020-12-01,lag_2,0.0001250509323655,-0.0,0.0015099541158560038,[0.00150995]
2020-11-01,2020-12-01,lag_3,0.0097319604312513,0.0,0.0015099541158560038,[0.00150995]
2020-11-01,2020-12-01,lag_4,0.019608107785514924,0.0,0.0015099541158560038,[0.00150995]
2020-11-01,2020-12-01,lag_5,0.018882616023116194,0.0,0.0015099541158560038,[0.00150995]
2020-11-01,2020-12-01,lag_6,0.0164029145284585,0.0,0.0015099541158560038,[0.00150995]
2020-11-01,2020-12-01,lag_7,-0.024567428571308822,-0.0,0.0015099541158560038,[0.00150995]
2020-11-01,2020-12-01,lag_8,-0.02273486733217266,-0.0,0.0015099541158560038,[0.00150995]
2020-11-01,2020-12-01,lag_9,0.0033566014560095,0.0,0.0015099541158560038,[0.00150995]
2020-11-01,2020-12-01,lag_10,-0.0065751385800458,-0.0,0.0015099541158560038,[0.00150995]
2020-11-01,2020-12-01,lag_11,-0.0023266844944638,-0.0,0.0015099541158560038,[0.00150995]
2020-11-01,2020-12-01,volatility_3m,0.003958489896951205,-0.0,0.0015099541158560038,[0.00150995]
2020-12-01,2021-01-01,lag_0,0.0131128551110437,0.0,0.001471509916011809,[0.00147151]
2020-12-01,2021-01-01,lag_1,0.0035310967909989,0.0,0.001471509916011809,[0.00147151]
2020-12-01,2021-01-01,lag_2,0.0080174248373063,0.0,0.001471509916011809,[0.00147151]
2020-12-01,2021-01-01,lag_3,0.0001250509323655,-0.0,0.001471509916011809,[0.00147151]
2020-12-01,2021-01-01,lag_4,0.0097319604312513,0.0,0.001471509916011809,[0.00147151]
2020-12-01,2021-01-01,lag_5,0.01960034792856104,0.0,0.001471509916011809,[0.00147151]
2020-12-01,2021-01-01,lag_6,0.01887738086281183,0.0,0.001471509916011809,[0.00147151]
2020-12-01,2021-01-01,lag_7,0.0164029145284585,0.0,0.001471509916011809,[0.00147151]
2020-12-01,2021-01-01,lag_8,-0.024550374475045152,-0.0,0.001471509916011809,[0.00147151]
2020-12-01,2021-01-01,lag_9,-0.022711455655270527,-0.0,0.001471509916011809,[0.00147151]
2020-12-01,2021-01-01,lag_10,0.0033566014560095,0.0,0.001471509916011809,[0.00147151]
2020-12-01,2021-01-01,lag_11,-0.0065751385800458,-0.0,0.001471509916011809,[0.00147151]
2020-12-01,2021-01-01,volatility_3m,0.004794104739457822,-0.0,0.001471509916011809,[0.00147151]
2021-01-01,2021-02-01,lag_0,0.0052645255666039,0.0,0.0016310381242000465,[0.00163104]
2021-01-01,2021-02-01,lag_1,0.0131128551110437,0.0,0.0016310381242000465,[0.00163104]
2021-01-01,2021-02-01,lag_2,0.0035310967909989,0.0,0.0016310381242000465,[0.00163104]
2021-01-01,2021-02-01,lag_3,0.0080174248373063,0.0,0.0016310381242000465,[0.00163104]
2021-01-01,2021-02-01,lag_4,0.0001250509323655,-0.0,0.0016310381242000465,[0.00163104]
2021-01-01,2021-02-01,lag_5,0.0097319604312513,0.0,0.0016310381242000465,[0.00163104]
2021-01-01,2021-02-01,lag_6,0.019592588071607155,0.0,0.0016310381242000465,[0.00163104]
2021-01-01,2021-02-01,lag_7,0.01887214570250747,0.0,0.0016310381242000465,[0.00163104]
2021-01-01,2021-02-01,lag_8,0.0164029145284585,0.0,0.0016310381242000465,[0.00163104]
2021-01-01,2021-02-01,lag_9,-0.024533320378781483,-0.0,0.0016310381242000465,[0.00163104]
2021-01-01,2021-02-01,lag_10,-0.022688043978368395,-0.0,0.0016310381242000465,[0.00163104]
2021-01-01,2021-02-01,lag_11,0.0033566014560095,0.0,0.0016310381242000465,[0.00163104]
2021-01-01,2021-02-01,volatility_3m,0.005105734430715622,-0.0,0.0016310381242000465,[0.00163104]
2021-02-01,2021-03-01,lag_0,-0.02517852626072394,-0.0,0.0014945417686633333,[0.00149454]
2021-02-01,2021-03-01,lag_1,0.0052645255666039,0.0,0.0014945417686633333,[0.00149454]
2021-02-01,2021-03-01,lag_2,0.0131128551110437,0.0,0.0014945417686633333,[0.00149454]
2021-02-01,2021-03-01,lag_3,0.0035310967909989,0.0,0.0014945417686633333,[0.00149454]
2021-02-01,2021-03-01,lag_4,0.0080174248373063,0.0,0.0014945417686633333,[0.00149454]
2021-02-01,2021-03-01,lag_5,0.0001250509323655,-0.0,0.0014945417686633333,[0.00149454]
2021-02-01,2021-03-01,lag_6,0.0097319604312513,0.0,0.0014945417686633333,[0.00149454]
2021-02-01,2021-03-01,lag_7,0.01958482821465327,0.0,0.0014945417686633333,[0.00149454]
2021-02-01,2021-03-01,lag_8,0.018866910542203102,0.0,0.0014945417686633333,[0.00149454]
2021-02-01,2021-03-01,lag_9,0.0164029145284585,0.0,0.0014945417686633333,[0.00149454]
2021-02-01,2021-03-01,lag_10,-0.024516266282517813,-0.0,0.0014945417686633333,[0.00149454]
2021-02-01,2021-03-01,lag_11,-0.022664632301466262,-0.0,0.0014945417686633333,[0.00149454]
2021-02-01,2021-03-01,volatility_3m,0.023387884659109237,0.0,0.0014945417686633333,[0.00149454]
2021-03-01,2021-04-01,lag_0,0.019999396953262617,0.0,0.001511575597229671,[0.00151158]
2021-03-01,2021-04-01,lag_1,-0.025175019562488334,-0.0,0.001511575597229671,[0.00151158]
2021-03-01,2021-04-01,lag_2,0.0052645255666039,0.0,0.001511575597229671,[0.00151158]
2021-03-01,2021-04-01,lag_3,0.0131128551110437,0.0,0.001511575597229671,[0.00151158]
2021-03-01,2021-04-01,lag_4,0.0035310967909989,0.0,0.001511575597229671,[0.00151158]
2021-03-01,2021-04-01,lag_5,0.0080174248373063,0.0,0.001511575597229671,[0.00151158]
2021-03-01,2021-04-01,lag_6,0.0001250509323655,-0.0,0.001511575597229671,[0.00151158]
2021-03-01,2021-04-01,lag_7,0.0097319604312513,0.0,0.001511575597229671,[0.00151158]
2021-03-01,2021-04-01,lag_8,0.019577068357699384,0.0,0.001511575597229671,[0.00151158]
2021-03-01,2021-04-01,lag_9,0.01886167538189874,0.0,0.001511575597229671,[0.00151158]
2021-03-01,2021-04-01,lag_10,0.0164029145284585,0.0,0.001511575597229671,[0.00151158]
2021-03-01,2021-04-01,lag_11,-0.024499212186254143,-0.0,0.001511575597229671,[0.00151158]
2021-03-01,2021-04-01,volatility_3m,0.0246759260939985,0.0,0.001511575597229671,[0.00151158]
2021-04-01,2021-05-01,lag_0,0.0017578578773207,0.0,0.0015638821943305275,[0.00156388]
2021-04-01,2021-05-01,lag_1,0.019996290479201175,0.0,0.0015638821943305275,[0.00156388]
2021-04-01,2021-05-01,lag_2,-0.025171512864252725,-0.0,0.0015638821943305275,[0.00156388]
2021-04-01,2021-05-01,lag_3,0.0052645255666039,0.0,0.0015638821943305275,[0.00156388]
2021-04-01,2021-05-01,lag_4,0.0131128551110437,0.0,0.0015638821943305275,[0.00156388]
2021-04-01,2021-05-01,lag_5,0.0035310967909989,0.0,0.0015638821943305275,[0.00156388]
2021-04-01,2021-05-01,lag_6,0.0080174248373063,0.0,0.0015638821943305275,[0.00156388]
2021-04-01,2021-05-01,lag_7,0.0001250509323655,-0.0,0.0015638821943305275,[0.00156388]
2021-04-01,2021-05-01,lag_8,0.0097319604312513,0.0,0.0015638821943305275,[0.00156388]
2021-04-01,2021-05-01,lag_9,0.0195693085007455,0.0,0.0015638821943305275,[0.00156388]
2021-04-01,2021-05-01,lag_10,0.018856440221594373,0.0,0.0015638821943305275,[0.00156388]
2021-04-01,2021-05-01,lag_11,0.0164029145284585,0.0,0.0015638821943305275,[0.00156388]
2021-04-01,2021-05-01,volatility_3m,0.026406388217510957,0.0,0.0015638821943305275,[0.00156388]
2021-05-01,2021-06-01,lag_0,0.0088347578563929,0.0,0.001562445175683474,[0.00156245]
2021-05-01,2021-06-01,lag_1,0.0017578578773207,0.0,0.001562445175683474,[0.00156245]
2021-05-01,2021-06-01,lag_2,0.019993184005139733,0.0,0.001562445175683474,[0.00156245]
2021-05-01,2021-06-01,lag_3,-0.02516800616601712,-0.0,0.001562445175683474,[0.00156245]
2021-05-01,2021-06-01,lag_4,0.0052645255666039,0.0,0.001562445175683474,[0.00156245]
2021-05-01,2021-06-01,lag_5,0.0131128551110437,0.0,0.001562445175683474,[0.00156245]
2021-05-01,2021-06-01,lag_6,0.0035310967909989,0.0,0.001562445175683474,[0.00156245]
2021-05-01,2021-06-01,lag_7,0.0080174248373063,0.0,0.001562445175683474,[0.00156245]
2021-05-01,2021-06-01,lag_8,0.0001250509323655,-0.0,0.001562445175683474,[0.00156245]
2021-05-01,2021-06-01,lag_9,0.0097319604312513,0.0,0.001562445175683474,[0.00156245]
2021-05-01,2021-06-01,lag_10,0.019561548643791615,0.0,0.001562445175683474,[0.00156245]
2021-05-01,2021-06-01,lag_11,0.01885120506129001,0.0,0.001562445175683474,[0.00156245]
2021-05-01,2021-06-01,volatility_3m,0.013892809991648719,0.0,0.001562445175683474,[0.00156245]
2021-06-01,2021-07-01,lag_0,0.0036680895609242,0.0009284015838035822,0.0022134966705374976,[0.0012851]
2021-06-01,2021-07-01,lag_1,0.0088347578563929,0.0,0.0022134966705374976,[0.0012851]
2021-06-01,2021-07-01,lag_2,0.0017578578773207,0.0,0.0022134966705374976,[0.0012851]
2021-06-01,2021-07-01,lag_3,0.01999007753107829,0.0,0.0022134966705374976,[0.0012851]
2021-06-01,2021-07-01,lag_4,-0.02516449946778151,-0.0,0.0022134966705374976,[0.0012851]
2021-06-01,2021-07-01,lag_5,0.0052645255666039,0.0,0.0022134966705374976,[0.0012851]
2021-06-01,2021-07-01,lag_6,0.0131128551110437,0.0,0.0022134966705374976,[0.0012851]
2021-06-01,2021-07-01,lag_7,0.0035310967909989,0.0,0.0022134966705374976,[0.0012851]
2021-06-01,2021-07-01,lag_8,0.0080174248373063,0.0,0.0022134966705374976,[0.0012851]
2021-06-01,2021-07-01,lag_9,0.0001250509323655,-0.0,0.0022134966705374976,[0.0012851]
2021-06-01,2021-07-01,lag_10,0.0097319604312513,0.0,0.0022134966705374976,[0.0012851]
2021-06-01,2021-07-01,lag_11,0.01955378878683773,0.0,0.0022134966705374976,[0.0012851]
2021-06-01,2021-07-01,volatility_3m,0.003661191966064153,-0.0,0.0022134966705374976,[0.0012851]
2021-07-01,2021-08-01,lag_0,0.00453086144506,0.0012293404132192446,0.0025061991799017708,[0.00127686]
2021-07-01,2021-08-01,lag_1,0.0036680895609242,0.0,0.0025061991799017708,[0.00127686]
2021-07-01,2021-08-01,lag_2,0.0088347578563929,0.0,0.0025061991799017708,[0.00127686]
2021-07-01,2021-08-01,lag_3,0.0017578578773207,0.0,0.0025061991799017708,[0.00127686]
2021-07-01,2021-08-01,lag_4,0.01998697105701685,0.0,0.0025061991799017708,[0.00127686]
2021-07-01,2021-08-01,lag_5,-0.025160992769545906,-0.0,0.0025061991799017708,[0.00127686]
2021-07-01,2021-08-01,lag_6,0.0052645255666039,0.0,0.0025061991799017708,[0.00127686]
2021-07-01,2021-08-01,lag_7,0.0131128551110437,0.0,0.0025061991799017708,[0.00127686]
2021-07-01,2021-08-01,lag_8,0.0035310967909989,0.0,0.0025061991799017708,[0.00127686]
2021-07-01,2021-08-01,lag_9,0.0080174248373063,0.0,0.0025061991799017708,[0.00127686]
2021-07-01,2021-08-01,lag_10,0.0001250509323655,-0.0,0.0025061991799017708,[0.00127686]
2021-07-01,2021-08-01,lag_11,0.0097319604312513,0.0,0.0025061991799017708,[0.00127686]
2021-07-01,2021-08-01,volatility_3m,0.002767741585930693,-0.0,0.0025061991799017708,[0.00127686]
2021-08-01,2021-09-01,lag_0,-0.002078928094134,-0.0009779633845842502,9.42665124384688e-05,[0.00107223]
2021-08-01,2021-09-01,lag_1,0.00453086144506,0.0,9.42665124384688e-05,[0.00107223]
2021-08-01,2021-09-01,lag_2,0.0036680895609242,0.0,9.42665124384688e-05,[0.00107223]
2021-08-01,2021-09-01,lag_3,0.0088347578563929,0.0,9.42665124384688e-05,[0.00107223]
2021-08-01,2021-09-01,lag_4,0.0017578578773207,0.0,9.42665124384688e-05,[0.00107223]
2021-08-01,2021-09-01,lag_5,0.019983864582955407,0.0,9.42665124384688e-05,[0.00107223]
2021-08-01,2021-09-01,lag_6,-0.025157486071310298,-0.0,9.42665124384688e-05,[0.00107223]
2021-08-01,2021-09-01,lag_7,0.0052645255666039,0.0,9.42665124384688e-05,[0.00107223]
2021-08-01,2021-09-01,lag_8,0.0131128551110437,0.0,9.42665124384688e-05,[0.00107223]
2021-08-01,2021-09-01,lag_9,0.0035310967909989,0.0,9.42665124384688e-05,[0.00107223]
2021-08-01,2021-09-01,lag_10,0.0080174248373063,0.0,9.42665124384688e-05,[0.00107223]
2021-08-01,2021-09-01,lag_11,0.0001250509323655,-0.0,9.42665124384688e-05,[0.00107223]
2021-08-01,2021-09-01,volatility_3m,0.0035930930269997257,-0.0,9.42665124384688e-05,[0.00107223]
2021-09-01,2021-10-01,lag_0,-0.0119236250388361,-0.004307202647802816,-0.003150723678982359,[0.00115648]
2021-09-01,2021-10-01,lag_1,-0.002078928094134,-0.0,-0.003150723678982359,[0.00115648]
2021-09-01,2021-10-01,lag_2,0.00453086144506,0.0,-0.003150723678982359,[0.00115648]
2021-09-01,2021-10-01,lag_3,0.0036680895609242,0.0,-0.003150723678982359,[0.00115648]
2021-09-01,2021-10-01,lag_4,0.0088347578563929,0.0,-0.003150723678982359,[0.00115648]
2021-09-01,2021-10-01,lag_5,0.0017578578773207,0.0,-0.003150723678982359,[0.00115648]
2021-09-01,2021-10-01,lag_6,0.019980758108893965,0.0,-0.003150723678982359,[0.00115648]
2021-09-01,2021-10-01,lag_7,-0.025153979373074693,-0.0,-0.003150723678982359,[0.00115648]
2021-09-01,2021-10-01,lag_8,0.0052645255666039,0.0,-0.003150723678982359,[0.00115648]
2021-09-01,2021-10-01,lag_9,0.0131128551110437,0.0,-0.003150723678982359,[0.00115648]
2021-09-01,2021-10-01,lag_10,0.0035310967909989,0.0,-0.003150723678982359,[0.00115648]
2021-09-01,2021-10-01,lag_11,0.0080174248373063,0.0,-0.003150723678982359,[0.00115648]
2021-09-01,2021-10-01,volatility_3m,0.008280071468433356,0.0,-0.003150723678982359,[0.00115648]
2021-10-01,2021-11-01,lag_0,0.0133459909804463,0.004055608519454175,0.005331836176742073,[0.00127623]
2021-10-01,2021-11-01,lag_1,-0.0119236250388361,-0.0,0.005331836176742073,[0.00127623]
2021-10-01,2021-11-01,lag_2,-0.002078928094134,-0.0,0.005331836176742073,[0.00127623]
2021-10-01,2021-11-01,lag_3,0.00453086144506,0.0,0.005331836176742073,[0.00127623]
2021-10-01,2021-11-01,lag_4,0.0036680895609242,0.0,0.005331836176742073,[0.00127623]
2021-10-01,2021-11-01,lag_5,0.0088347578563929,0.0,0.005331836176742073,[0.00127623]
2021-10-01,2021-11-01,lag_6,0.0017578578773207,0.0,0.005331836176742073,[0.00127623]
2021-10-01,2021-11-01,lag_7,0.019977651634832488,0.0,0.005331836176742073,[0.00127623]
2021-10-01,2021-11-01,lag_8,-0.025150472674839084,-0.0,0.005331836176742073,[0.00127623]
2021-10-01,2021-11-01,lag_9,0.0052645255666039,0.0,0.005331836176742073,[0.00127623]
2021-10-01,2021-11-01,lag_10,0.0131128551110437,0.0,0.005331836176742073,[0.00127623]
2021-10-01,2021-11-01,lag_11,0.0035310967909989,0.0,0.005331836176742073,[0.00127623]
2021-10-01,2021-11-01,volatility_3m,0.012737082869534608,0.0,0.005331836176742073,[0.00127623]
2021-11-01,2021-12-01,lag_0,0.0067574983021634,0.001773867579210818,0.0030688659341483117,[0.001295]
2021-11-01,2021-12-01,lag_1,0.0133459909804463,0.0,0.0030688659341483117,[0.001295]
2021-11-01,2021-12-01,lag_2,-0.0119236250388361,-0.0,0.0030688659341483117,[0.001295]
2021-11-01,2021-12-01,lag_3,-0.002078928094134,-0.0,0.0030688659341483117,[0.001295]
2021-11-01,2021-12-01,lag_4,0.00453086144506,0.0,0.0030688659341483117,[0.001295]
2021-11-01,2021-12-01,lag_5,0.0036680895609242,0.0,0.0030688659341483117,[0.001295]
2021-11-01,2021-12-01,lag_6,0.0088347578563929,0.0,0.0030688659341483117,[0.001295]
2021-11-01,2021-12-01,lag_7,0.0017578578773207,0.0,0.0030688659341483117,[0.001295]
2021-11-01,2021-12-01,lag_8,0.019974545160771046,0.0,0.0030688659341483117,[0.001295]
2021-11-01,2021-12-01,lag_9,-0.025146965976603475,-0.0,0.0030688659341483117,[0.001295]
2021-11-01,2021-12-01,lag_10,0.0052645255666039,0.0,0.0030688659341483117,[0.001295]
2021-11-01,2021-12-01,lag_11,0.0131128551110437,0.0,0.0030688659341483117,[0.001295]
2021-11-01,2021-12-01,volatility_3m,0.013108178737054445,0.0,0.0030688659341483117,[0.001295]
2021-12-01,2022-01-01,lag_0,-0.0029071000130063,-0.0012490113562920063,-8.877477777886932e-05,[0.00108935]
2021-12-01,2022-01-01,lag_1,0.0067574983021634,0.0,-8.877477777886932e-05,[0.00108935]
2021-12-01,2022-01-01,lag_2,0.0133459909804463,7.088324665359623e-05,-8.877477777886932e-05,[0.00108935]
2021-12-01,2022-01-01,lag_3,-0.0119236250388361,-0.0,-8.877477777886932e-05,[0.00108935]
2021-12-01,2022-01-01,lag_4,-0.002078928094134,-0.0,-8.877477777886932e-05,[0.00108935]
2021-12-01,2022-01-01,lag_5,0.00453086144506,0.0,-8.877477777886932e-05,[0.00108935]
2021-12-01,2022-01-01,lag_6,0.0036680895609242,0.0,-8.877477777886932e-05,[0.00108935]
2021-12-01,2022-01-01,lag_7,0.0088347578563929,0.0,-8.877477777886932e-05,[0.00108935]
2021-12-01,2022-01-01,lag_8,0.0017578578773207,0.0,-8.877477777886932e-05,[0.00108935]
2021-12-01,2022-01-01,lag_9,0.019971438686709603,0.0,-8.877477777886932e-05,[0.00108935]
2021-12-01,2022-01-01,lag_10,-0.02514345927836787,-0.0,-8.877477777886932e-05,[0.00108935]
2021-12-01,2022-01-01,lag_11,0.0052645255666039,0.0,-8.877477777886932e-05,[0.00108935]
2021-12-01,2022-01-01,volatility_3m,0.008174917565403115,0.0,-8.877477777886932e-05,[0.00108935]
2022-01-01,2022-02-01,lag_0,-0.0038553890138945,-0.001422067862085587,-0.00019248311287617392,[0.00122958]
2022-01-01,2022-02-01,lag_1,-0.0029071000130063,-0.0,-0.00019248311287617392,[0.00122958]
2022-01-01,2022-02-01,lag_2,0.0067574983021634,0.0,-0.00019248311287617392,[0.00122958]
2022-01-01,2022-02-01,lag_3,0.0133459909804463,0.0,-0.00019248311287617392,[0.00122958]
2022-01-01,2022-02-01,lag_4,-0.0119236250388361,-0.0,-0.00019248311287617392,[0.00122958]
2022-01-01,2022-02-01,lag_5,-0.002078928094134,-0.0,-0.00019248311287617392,[0.00122958]
2022-01-01,2022-02-01,lag_6,0.00453086144506,0.0,-0.00019248311287617392,[0.00122958]
2022-01-01,2022-02-01,lag_7,0.0036680895609242,0.0,-0.00019248311287617392,[0.00122958]
2022-01-01,2022-02-01,lag_8,0.0088347578563929,0.0,-0.00019248311287617392,[0.00122958]
2022-01-01,2022-02-01,lag_9,0.0017578578773207,0.0,-0.00019248311287617392,[0.00122958]
2022-01-01,2022-02-01,lag_10,0.01996833221264816,0.0,-0.00019248311287617392,[0.00122958]
2022-01-01,2022-02-01,lag_11,-0.025139952580132262,-0.0,-0.00019248311287617392,[0.00122958]
2022-01-01,2022-02-01,volatility_3m,0.005872777449187752,-0.0,-0.00019248311287617392,[0.00122958]
2022-02-01,2022-03-01,lag_0,0.0061773799369513,0.0018378605471578986,0.00296075279524882,[0.00112586]
2022-02-01,2022-03-01,lag_1,-0.0038553890138945,-0.0,0.00296075279524882,[0.00112586]
2022-02-01,2022-03-01,lag_2,-0.0029071000130063,-2.9672239360099964e-06,0.00296075279524882,[0.00112586]
2022-02-01,2022-03-01,lag_3,0.0067574983021634,0.0,0.00296075279524882,[0.00112586]
2022-02-01,2022-03-01,lag_4,0.0133459909804463,0.0,0.00296075279524882,[0.00112586]
2022-02-01,2022-03-01,lag_5,-0.0119236250388361,-0.0,0.00296075279524882,[0.00112586]
2022-02-01,2022-03-01,lag_6,-0.002078928094134,-0.0,0.00296075279524882,[0.00112586]
2022-02-01,2022-03-01,lag_7,0.00453086144506,0.0,0.00296075279524882,[0.00112586]
2022-02-01,2022-03-01,lag_8,0.0036680895609242,0.0,0.00296075279524882,[0.00112586]
2022-02-01,2022-03-01,lag_9,0.0088347578563929,0.0,0.00296075279524882,[0.00112586]
2022-02-01,2022-03-01,lag_10,0.0017578578773207,0.0,0.00296075279524882,[0.00112586]
2022-02-01,2022-03-01,lag_11,0.01996522573858672,0.0,0.00296075279524882,[0.00112586]
2022-02-01,2022-03-01,volatility_3m,0.005539005338076544,-0.0,0.00296075279524882,[0.00112586]
2022-03-01,2022-04-01,lag_0,0.0057795252893599,0.0015541209340129336,0.002850674697917405,[0.00129655]
2022-03-01,2022-04-01,lag_1,0.0061773799369513,0.0,0.002850674697917405,[0.00129655]
2022-03-01,2022-04-01,lag_2,-0.0038553890138945,-0.0,0.002850674697917405,[0.00129655]
2022-03-01,2022-04-01,lag_3,-0.0029071000130063,-0.0,0.002850674697917405,[0.00129655]
2022-03-01,2022-04-01,lag_4,0.0067574983021634,0.0,0.002850674697917405,[0.00129655]
2022-03-01,2022-04-01,lag_5,0.0133459909804463,0.0,0.002850674697917405,[0.00129655]
2022-03-01,2022-04-01,lag_6,-0.0119236250388361,-0.0,0.002850674697917405,[0.00129655]
2022-03-01,2022-04-01,lag_7,-0.002078928094134,-0.0,0.002850674697917405,[0.00129655]
2022-03-01,2022-04-01,lag_8,0.00453086144506,0.0,0.002850674697917405,[0.00129655]
2022-03-01,2022-04-01,lag_9,0.0036680895609242,0.0,0.002850674697917405,[0.00129655]
2022-03-01,2022-04-01,lag_10,0.0088347578563929,0.0,0.002850674697917405,[0.00129655]
2022-03-01,2022-04-01,lag_11,0.0017578578773207,0.0,0.002850674697917405,[0.00129655]
2022-03-01,2022-04-01,volatility_3m,0.005681054989652329,-0.0,0.002850674697917405,[0.00129655]
2022-04-01,2022-05-01,lag_0,0.0004861197143313,-8.111836497337512e-05,0.0012115889852658637,[0.00129271]
2022-04-01,2022-05-01,lag_1,0.0057795252893599,0.0,0.0012115889852658637,[0.00129271]
2022-04-01,2022-05-01,lag_2,0.0061773799369513,0.0,0.0012115889852658637,[0.00129271]
2022-04-01,2022-05-01,lag_3,-0.0038553890138945,-0.0,0.0012115889852658637,[0.00129271]
2022-04-01,2022-05-01,lag_4,-0.0029071000130063,-0.0,0.0012115889852658637,[0.00129271]
2022-04-01,2022-05-01,lag_5,0.0067574983021634,0.0,0.0012115889852658637,[0.00129271]
2022-04-01,2022-05-01,lag_6,0.0133459909804463,0.0,0.0012115889852658637,[0.00129271]
2022-04-01,2022-05-01,lag_7,-0.0119236250388361,-0.0,0.0012115889852658637,[0.00129271]
2022-04-01,2022-05-01,lag_8,-0.002078928094134,-0.0,0.0012115889852658637,[0.00129271]
2022-04-01,2022-05-01,lag_9,0.00453086144506,0.0,0.0012115889852658637,[0.00129271]
2022-04-01,2022-05-01,lag_10,0.0036680895609242,0.0,0.0012115889852658637,[0.00129271]
2022-04-01,2022-05-01,lag_11,0.0088347578563929,0.0,0.0012115889852658637,[0.00129271]
2022-04-01,2022-05-01,volatility_3m,0.003177233435551822,-0.0,0.0012115889852658637,[0.00129271]
2022-05-01,2022-06-01,lag_0,-0.0010504332153136,-0.000565275282175678,0.000594893134217709,[0.00116017]
2022-05-01,2022-06-01,lag_1,0.0004861197143313,-0.0,0.000594893134217709,[0.00116017]
2022-05-01,2022-06-01,lag_2,0.0057795252893599,0.0,0.000594893134217709,[0.00116017]
2022-05-01,2022-06-01,lag_3,0.0061773799369513,0.0,0.000594893134217709,[0.00116017]
2022-05-01,2022-06-01,lag_4,-0.0038553890138945,-0.0,0.000594893134217709,[0.00116017]
2022-05-01,2022-06-01,lag_5,-0.0029071000130063,-0.0,0.000594893134217709,[0.00116017]
2022-05-01,2022-06-01,lag_6,0.0067574983021634,0.0,0.000594893134217709,[0.00116017]
2022-05-01,2022-06-01,lag_7,0.0133459909804463,0.0,0.000594893134217709,[0.00116017]
2022-05-01,2022-06-01,lag_8,-0.0119236250388361,-0.0,0.000594893134217709,[0.00116017]
2022-05-01,2022-06-01,lag_9,-0.002078928094134,-0.0,0.000594893134217709,[0.00116017]
2022-05-01,2022-06-01,lag_10,0.00453086144506,0.0,0.000594893134217709,[0.00116017]
2022-05-01,2022-06-01,lag_11,0.0036680895609242,0.0,0.000594893134217709,[0.00116017]
2022-05-01,2022-06-01,volatility_3m,0.003583049694113151,-0.0,0.000594893134217709,[0.00116017]
2022-06-01,2022-07-01,lag_0,-0.0031183386894699,-0.0009607440067507626,0.0003115086589029084,[0.00127225]
2022-06-01,2022-07-01,lag_1,-0.0010504332153136,-0.0,0.0003115086589029084,[0.00127225]
2022-06-01,2022-07-01,lag_2,0.0004861197143313,-0.0,0.0003115086589029084,[0.00127225]
2022-06-01,2022-07-01,lag_3,0.0057795252893599,0.0,0.0003115086589029084,[0.00127225]
2022-06-01,2022-07-01,lag_4,0.0061773799369513,0.0,0.0003115086589029084,[0.00127225]
2022-06-01,2022-07-01,lag_5,-0.0038553890138945,-0.0,0.0003115086589029084,[0.00127225]
2022-06-01,2022-07-01,lag_6,-0.0029071000130063,-0.0,0.0003115086589029084,[0.00127225]
2022-06-01,2022-07-01,lag_7,0.0067574983021634,0.0,0.0003115086589029084,[0.00127225]
2022-06-01,2022-07-01,lag_8,0.0133459909804463,0.0,0.0003115086589029084,[0.00127225]
2022-06-01,2022-07-01,lag_9,-0.0119236250388361,-0.0,0.0003115086589029084,[0.00127225]
2022-06-01,2022-07-01,lag_10,-0.002078928094134,-0.0,0.0003115086589029084,[0.00127225]
2022-06-01,2022-07-01,lag_11,0.00453086144506,0.0,0.0003115086589029084,[0.00127225]
2022-06-01,2022-07-01,volatility_3m,0.0018087448843686705,-0.0,0.0003115086589029084,[0.00127225]
2022-07-01,2022-08-01,lag_0,0.0020272849739724,0.00028505271145393813,0.0015892707664143554,[0.00130422]
2022-07-01,2022-08-01,lag_1,-0.0031183386894699,-0.0,0.0015892707664143554,[0.00130422]
2022-07-01,2022-08-01,lag_2,-0.0010504332153136,-0.0,0.0015892707664143554,[0.00130422]
2022-07-01,2022-08-01,lag_3,0.0004861197143313,-0.0,0.0015892707664143554,[0.00130422]
2022-07-01,2022-08-01,lag_4,0.0057795252893599,0.0,0.0015892707664143554,[0.00130422]
2022-07-01,2022-08-01,lag_5,0.0061773799369513,0.0,0.0015892707664143554,[0.00130422]
2022-07-01,2022-08-01,lag_6,-0.0038553890138945,-0.0,0.0015892707664143554,[0.00130422]
2022-07-01,2022-08-01,lag_7,-0.0029071000130063,-0.0,0.0015892707664143554,[0.00130422]
2022-07-01,2022-08-01,lag_8,0.0067574983021634,0.0,0.0015892707664143554,[0.00130422]
2022-07-01,2022-08-01,lag_9,0.0133459909804463,0.0,0.0015892707664143554,[0.00130422]
2022-07-01,2022-08-01,lag_10,-0.0119236250388361,-0.0,0.0015892707664143554,[0.00130422]
2022-07-01,2022-08-01,lag_11,-0.002078928094134,-0.0,0.0015892707664143554,[0.00130422]
2022-07-01,2022-08-01,volatility_3m,0.0025892735528356484,-0.0,0.0015892707664143554,[0.00130422]
2022-08-01,2022-09-01,lag_0,-0.0012524758296699,-0.0004043252607476812,0.0008545485982277178,[0.00125887]
2022-08-01,2022-09-01,lag_1,0.0020272849739724,0.0,0.0008545485982277178,[0.00125887]
2022-08-01,2022-09-01,lag_2,-0.0031183386894699,-0.0,0.0008545485982277178,[0.00125887]
2022-08-01,2022-09-01,lag_3,-0.0010504332153136,-0.0,0.0008545485982277178,[0.00125887]
2022-08-01,2022-09-01,lag_4,0.0004861197143313,-0.0,0.0008545485982277178,[0.00125887]
2022-08-01,2022-09-01,lag_5,0.0057795252893599,0.0,0.0008545485982277178,[0.00125887]
2022-08-01,2022-09-01,lag_6,0.0061773799369513,0.0,0.0008545485982277178,[0.00125887]
2022-08-01,2022-09-01,lag_7,-0.0038553890138945,-0.0,0.0008545485982277178,[0.00125887]
2022-08-01,2022-09-01,lag_8,-0.0029071000130063,-0.0,0.0008545485982277178,[0.00125887]
2022-08-01,2022-09-01,lag_9,0.0067574983021634,0.0,0.0008545485982277178,[0.00125887]
2022-08-01,2022-09-01,lag_10,0.0133459909804463,0.0,0.0008545485982277178,[0.00125887]
2022-08-01,2022-09-01,lag_11,-0.0119236250388361,-0.0,0.0008545485982277178,[0.00125887]
2022-08-01,2022-09-01,volatility_3m,0.0026049861812322784,-0.0,0.0008545485982277178,[0.00125887]
2022-09-01,2022-10-01,lag_0,0.0019319323696054,0.00035535254311998185,0.0015220104006743284,[0.00116666]
2022-09-01,2022-10-01,lag_1,-0.0012524758296699,-0.0,0.0015220104006743284,[0.00116666]
2022-09-01,2022-10-01,lag_2,0.0020272849739724,0.0,0.0015220104006743284,[0.00116666]
2022-09-01,2022-10-01,lag_3,-0.0031183386894699,-0.0,0.0015220104006743284,[0.00116666]
2022-09-01,2022-10-01,lag_4,-0.0010504332153136,-0.0,0.0015220104006743284,[0.00116666]
2022-09-01,2022-10-01,lag_5,0.0004861197143313,-0.0,0.0015220104006743284,[0.00116666]
2022-09-01,2022-10-01,lag_6,0.0057795252893599,0.0,0.0015220104006743284,[0.00116666]
2022-09-01,2022-10-01,lag_7,0.0061773799369513,0.0,0.0015220104006743284,[0.00116666]
2022-09-01,2022-10-01,lag_8,-0.0038553890138945,-0.0,0.0015220104006743284,[0.00116666]
2022-09-01,2022-10-01,lag_9,-0.0029071000130063,-0.0,0.0015220104006743284,[0.00116666]
2022-09-01,2022-10-01,lag_10,0.0067574983021634,0.0,0.0015220104006743284,[0.00116666]
2022-09-01,2022-10-01,lag_11,0.0133459909804463,0.0,0.0015220104006743284,[0.00116666]
2022-09-01,2022-10-01,volatility_3m,0.0018666538077479584,-0.0,0.0015220104006743284,[0.00116666]
2022-10-01,2022-11-01,lag_0,-0.0003841127462562,-0.0001972198805731063,0.0010554378164427812,[0.00125266]
2022-10-01,2022-11-01,lag_1,0.0019319323696054,0.0,0.0010554378164427812,[0.00125266]
2022-10-01,2022-11-01,lag_2,-0.0012524758296699,-0.0,0.0010554378164427812,[0.00125266]
2022-10-01,2022-11-01,lag_3,0.0020272849739724,0.0,0.0010554378164427812,[0.00125266]
2022-10-01,2022-11-01,lag_4,-0.0031183386894699,-0.0,0.0010554378164427812,[0.00125266]
2022-10-01,2022-11-01,lag_5,-0.0010504332153136,-0.0,0.0010554378164427812,[0.00125266]
2022-10-01,2022-11-01,lag_6,0.0004861197143313,-0.0,0.0010554378164427812,[0.00125266]
2022-10-01,2022-11-01,lag_7,0.0057795252893599,0.0,0.0010554378164427812,[0.00125266]
2022-10-01,2022-11-01,lag_8,0.0061773799369513,0.0,0.0010554378164427812,[0.00125266]
2022-10-01,2022-11-01,lag_9,-0.0038553890138945,-0.0,0.0010554378164427812,[0.00125266]
2022-10-01,2022-11-01,lag_10,-0.0029071000130063,-0.0,0.0010554378164427812,[0.00125266]
2022-10-01,2022-11-01,lag_11,0.0067574983021634,0.0,0.0010554378164427812,[0.00125266]
2022-10-01,2022-11-01,volatility_3m,0.0016461356263966567,-0.0,0.0010554378164427812,[0.00125266]
2022-11-01,2022-12-01,lag_0,-0.0029444934707285,-0.0007346536324948859,0.0005889215233064271,[0.00132358]
2022-11-01,2022-12-01,lag_1,-0.0003841127462562,-0.0,0.0005889215233064271,[0.00132358]
2022-11-01,2022-12-01,lag_2,0.0019319323696054,0.0,0.0005889215233064271,[0.00132358]
2022-11-01,2022-12-01,lag_3,-0.0012524758296699,-0.0,0.0005889215233064271,[0.00132358]
2022-11-01,2022-12-01,lag_4,0.0020272849739724,0.0,0.0005889215233064271,[0.00132358]
2022-11-01,2022-12-01,lag_5,-0.0031183386894699,-0.0,0.0005889215233064271,[0.00132358]
2022-11-01,2022-12-01,lag_6,-0.0010504332153136,-0.0,0.0005889215233064271,[0.00132358]
2022-11-01,2022-12-01,lag_7,0.0004861197143313,-0.0,0.0005889215233064271,[0.00132358]
2022-11-01,2022-12-01,lag_8,0.0057795252893599,0.0,0.0005889215233064271,[0.00132358]
2022-11-01,2022-12-01,lag_9,0.0061773799369513,0.0,0.0005889215233064271,[0.00132358]
2022-11-01,2022-12-01,lag_10,-0.0038553890138945,-0.0,0.0005889215233064271,[0.00132358]
2022-11-01,2022-12-01,lag_11,-0.0029071000130063,-0.0,0.0005889215233064271,[0.00132358]
2022-11-01,2022-12-01,volatility_3m,0.002439232919356406,-0.0,0.0005889215233064271,[0.00132358]
2022-12-01,2023-01-01,lag_0,-0.011845400797525,-0.0025074392236665703,-0.0012684574329538682,[0.00123898]
2022-12-01,2023-01-01,lag_1,-0.0029444934707285,-0.0,-0.0012684574329538682,[0.00123898]
2022-12-01,2023-01-01,lag_2,-0.0003841127462562,-0.0,-0.0012684574329538682,[0.00123898]
2022-12-01,2023-01-01,lag_3,0.0019319323696054,0.0,-0.0012684574329538682,[0.00123898]
2022-12-01,2023-01-01,lag_4,-0.0012524758296699,-0.0,-0.0012684574329538682,[0.00123898]
2022-12-01,2023-01-01,lag_5,0.0020272849739724,0.0,-0.0012684574329538682,[0.00123898]
2022-12-01,2023-01-01,lag_6,-0.0031183386894699,-0.0,-0.0012684574329538682,[0.00123898]
2022-12-01,2023-01-01,lag_7,-0.0010504332153136,-0.0,-0.0012684574329538682,[0.00123898]
2022-12-01,2023-01-01,lag_8,0.0004861197143313,-0.0,-0.0012684574329538682,[0.00123898]
2022-12-01,2023-01-01,lag_9,0.0057795252893599,0.0,-0.0012684574329538682,[0.00123898]
2022-12-01,2023-01-01,lag_10,0.0061773799369513,0.0,-0.0012684574329538682,[0.00123898]
2022-12-01,2023-01-01,lag_11,-0.0038553890138945,-0.0,-0.0012684574329538682,[0.00123898]
2022-12-01,2023-01-01,volatility_3m,0.006015851622846454,-0.0,-0.0012684574329538682,[0.00123898]
2023-01-01,2023-02-01,lag_0,0.0073760242218297,0.0017570855209881981,0.002797977295723844,[0.00104089]
2023-01-01,2023-02-01,lag_1,-0.011845400797525,-0.0,0.002797977295723844,[0.00104089]
2023-01-01,2023-02-01,lag_2,-0.0029444934707285,-0.0,0.002797977295723844,[0.00104089]
2023-01-01,2023-02-01,lag_3,-0.0003841127462562,-0.0,0.002797977295723844,[0.00104089]
2023-01-01,2023-02-01,lag_4,0.0019319323696054,0.0,0.002797977295723844,[0.00104089]
2023-01-01,2023-02-01,lag_5,-0.0012524758296699,-0.0,0.002797977295723844,[0.00104089]
2023-01-01,2023-02-01,lag_6,0.0020272849739724,0.0,0.002797977295723844,[0.00104089]
2023-01-01,2023-02-01,lag_7,-0.0031183386894699,-0.0,0.002797977295723844,[0.00104089]
2023-01-01,2023-02-01,lag_8,-0.0010504332153136,-0.0,0.002797977295723844,[0.00104089]
2023-01-01,2023-02-01,lag_9,0.0004861197143313,-0.0,0.002797977295723844,[0.00104089]
2023-01-01,2023-02-01,lag_10,0.0057795252893599,0.0,0.002797977295723844,[0.00104089]
2023-01-01,2023-02-01,lag_11,0.0061773799369513,0.0,0.002797977295723844,[0.00104089]
2023-01-01,2023-02-01,volatility_3m,0.009619445726039358,0.0,0.002797977295723844,[0.00104089]
2023-02-01,2023-03-01,lag_0,0.0013582135715868,0.0002319285532322471,0.0013477515329636499,[0.00111582]
2023-02-01,2023-03-01,lag_1,0.0073760242218297,0.0,0.0013477515329636499,[0.00111582]
2023-02-01,2023-03-01,lag_2,-0.011845400797525,-0.0,0.0013477515329636499,[0.00111582]
2023-02-01,2023-03-01,lag_3,-0.0029444934707285,-0.0,0.0013477515329636499,[0.00111582]
2023-02-01,2023-03-01,lag_4,-0.0003841127462562,-0.0,0.0013477515329636499,[0.00111582]
2023-02-01,2023-03-01,lag_5,0.0019319323696054,0.0,0.0013477515329636499,[0.00111582]
2023-02-01,2023-03-01,lag_6,-0.0012524758296699,-0.0,0.0013477515329636499,[0.00111582]
2023-02-01,2023-03-01,lag_7,0.0020272849739724,0.0,0.0013477515329636499,[0.00111582]
2023-02-01,2023-03-01,lag_8,-0.0031183386894699,-0.0,0.0013477515329636499,[0.00111582]
2023-02-01,2023-03-01,lag_9,-0.0010504332153136,-0.0,0.0013477515329636499,[0.00111582]
2023-02-01,2023-03-01,lag_10,0.0004861197143313,-0.0,0.0013477515329636499,[0.00111582]
2023-02-01,2023-03-01,lag_11,0.0057795252893599,0.0,0.0013477515329636499,[0.00111582]
2023-02-01,2023-03-01,volatility_3m,0.009832028081776646,0.0,0.0013477515329636499,[0.00111582]
2023-03-01,2023-04-01,lag_0,0.003757775465659,0.0008396599991148811,0.0019269148627179481,[0.00108725]
2023-03-01,2023-04-01,lag_1,0.0013582135715868,0.0,0.0019269148627179481,[0.00108725]
2023-03-01,2023-04-01,lag_2,0.0073760242218297,0.0,0.0019269148627179481,[0.00108725]
2023-03-01,2023-04-01,lag_3,-0.011845400797525,-0.0,0.0019269148627179481,[0.00108725]
2023-03-01,2023-04-01,lag_4,-0.0029444934707285,-0.0,0.0019269148627179481,[0.00108725]
2023-03-01,2023-04-01,lag_5,-0.0003841127462562,-0.0,0.0019269148627179481,[0.00108725]
2023-03-01,2023-04-01,lag_6,0.0019319323696054,0.0,0.0019269148627179481,[0.00108725]
2023-03-01,2023-04-01,lag_7,-0.0012524758296699,-0.0,0.0019269148627179481,[0.00108725]
2023-03-01,2023-04-01,lag_8,0.0020272849739724,0.0,0.0019269148627179481,[0.00108725]
2023-03-01,2023-04-01,lag_9,-0.0031183386894699,-0.0,0.0019269148627179481,[0.00108725]
2023-03-01,2023-04-01,lag_10,-0.0010504332153136,-0.0,0.0019269148627179481,[0.00108725]
2023-03-01,2023-04-01,lag_11,0.0004861197143313,-0.0,0.0019269148627179481,[0.00108725]
2023-03-01,2023-04-01,volatility_3m,0.003029402206354444,-0.0,0.0019269148627179481,[0.00108725]
2023-04-01,2023-05-01,lag_0,0.0022988686347238,0.00045624346117119694,0.001602863582674151,[0.00114662]
2023-04-01,2023-05-01,lag_1,0.003757775465659,0.0,0.001602863582674151,[0.00114662]
2023-04-01,2023-05-01,lag_2,0.0013582135715868,0.0,0.001602863582674151,[0.00114662]
2023-04-01,2023-05-01,lag_3,0.0073760242218297,0.0,0.001602863582674151,[0.00114662]
2023-04-01,2023-05-01,lag_4,-0.011845400797525,-0.0,0.001602863582674151,[0.00114662]
2023-04-01,2023-05-01,lag_5,-0.0029444934707285,-0.0,0.001602863582674151,[0.00114662]
2023-04-01,2023-05-01,lag_6,-0.0003841127462562,-0.0,0.001602863582674151,[0.00114662]
2023-04-01,2023-05-01,lag_7,0.0019319323696054,0.0,0.001602863582674151,[0.00114662]
2023-04-01,2023-05-01,lag_8,-0.0012524758296699,-0.0,0.001602863582674151,[0.00114662]
2023-04-01,2023-05-01,lag_9,0.0020272849739724,0.0,0.001602863582674151,[0.00114662]
2023-04-01,2023-05-01,lag_10,-0.0031183386894699,-0.0,0.001602863582674151,[0.00114662]
2023-04-01,2023-05-01,lag_11,-0.0010504332153136,-0.0,0.001602863582674151,[0.00114662]
2023-04-01,2023-05-01,volatility_3m,0.0012090725352267627,-0.0,0.001602863582674151,[0.00114662]
2023-05-01,2023-06-01,lag_0,-0.0032089990224672,-0.000764472103737908,0.0005018720460690774,[0.00126634]
2023-05-01,2023-06-01,lag_1,0.0022988686347238,0.0,0.0005018720460690774,[0.00126634]
2023-05-01,2023-06-01,lag_2,0.003757775465659,0.0,0.0005018720460690774,[0.00126634]
2023-05-01,2023-06-01,lag_3,0.0013582135715868,0.0,0.0005018720460690774,[0.00126634]
2023-05-01,2023-06-01,lag_4,0.0073760242218297,0.0,0.0005018720460690774,[0.00126634]
2023-05-01,2023-06-01,lag_5,-0.011845400797525,-0.0,0.0005018720460690774,[0.00126634]
2023-05-01,2023-06-01,lag_6,-0.0029444934707285,-0.0,0.0005018720460690774,[0.00126634]
2023-05-01,2023-06-01,lag_7,-0.0003841127462562,-0.0,0.0005018720460690774,[0.00126634]
2023-05-01,2023-06-01,lag_8,0.0019319323696054,0.0,0.0005018720460690774,[0.00126634]
2023-05-01,2023-06-01,lag_9,-0.0012524758296699,-0.0,0.0005018720460690774,[0.00126634]
2023-05-01,2023-06-01,lag_10,0.0020272849739724,0.0,0.0005018720460690774,[0.00126634]
2023-05-01,2023-06-01,lag_11,-0.0031183386894699,-0.0,0.0005018720460690774,[0.00126634]
2023-05-01,2023-06-01,volatility_3m,0.0036742564335950144,-0.0,0.0005018720460690774,[0.00126634]
2023-06-01,2023-07-01,lag_0,-0.0080478648050226,-0.0,0.0015000913213050549,[0.00150009]
2023-06-01,2023-07-01,lag_1,-0.0032089990224672,-0.0,0.0015000913213050549,[0.00150009]
2023-06-01,2023-07-01,lag_2,0.0022988686347238,0.0,0.0015000913213050549,[0.00150009]
2023-06-01,2023-07-01,lag_3,0.003757775465659,0.0,0.0015000913213050549,[0.00150009]
2023-06-01,2023-07-01,lag_4,0.0013582135715868,0.0,0.0015000913213050549,[0.00150009]
2023-06-01,2023-07-01,lag_5,0.0073760242218297,0.0,0.0015000913213050549,[0.00150009]
2023-06-01,2023-07-01,lag_6,-0.011845400797525,-0.0,0.0015000913213050549,[0.00150009]
2023-06-01,2023-07-01,lag_7,-0.0029444934707285,-0.0,0.0015000913213050549,[0.00150009]
2023-06-01,2023-07-01,lag_8,-0.0003841127462562,-0.0,0.0015000913213050549,[0.00150009]
2023-06-01,2023-07-01,lag_9,0.0019319323696054,0.0,0.0015000913213050549,[0.00150009]
2023-06-01,2023-07-01,lag_10,-0.0012524758296699,-0.0,0.0015000913213050549,[0.00150009]
2023-06-01,2023-07-01,lag_11,0.0020272849739724,0.0,0.0015000913213050549,[0.00150009]
2023-06-01,2023-07-01,volatility_3m,0.0051769701735004964,-0.0,0.0015000913213050549,[0.00150009]
2023-07-01,2023-08-01,lag_0,0.0078308561837765,0.0,0.0015088437462127072,[0.00150884]
2023-07-01,2023-08-01,lag_1,-0.0080478648050226,-0.0,0.0015088437462127072,[0.00150884]
2023-07-01,2023-08-01,lag_2,-0.0032089990224672,-0.0,0.0015088437462127072,[0.00150884]
2023-07-01,2023-08-01,lag_3,0.0022988686347238,0.0,0.0015088437462127072,[0.00150884]
2023-07-01,2023-08-01,lag_4,0.003757775465659,0.0,0.0015088437462127072,[0.00150884]
2023-07-01,2023-08-01,lag_5,0.0013582135715868,0.0,0.0015088437462127072,[0.00150884]
2023-07-01,2023-08-01,lag_6,0.0073760242218297,0.0,0.0015088437462127072,[0.00150884]
2023-07-01,2023-08-01,lag_7,-0.011845400797525,-0.0,0.0015088437462127072,[0.00150884]
2023-07-01,2023-08-01,lag_8,-0.0029444934707285,-0.0,0.0015088437462127072,[0.00150884]
2023-07-01,2023-08-01,lag_9,-0.0003841127462562,-0.0,0.0015088437462127072,[0.00150884]
2023-07-01,2023-08-01,lag_10,0.0019319323696054,0.0,0.0015088437462127072,[0.00150884]
2023-07-01,2023-08-01,lag_11,-0.0012524758296699,-0.0,0.0015088437462127072,[0.00150884]
2023-07-01,2023-08-01,volatility_3m,0.008138660877529144,0.0,0.0015088437462127072,[0.00150884]
2023-08-01,2023-09-01,lag_0,-0.0006681669277961,-0.0,0.0014687024042421503,[0.0014687]
2023-08-01,2023-09-01,lag_1,0.0078308561837765,0.0,0.0014687024042421503,[0.0014687]
2023-08-01,2023-09-01,lag_2,-0.0080478648050226,-0.0,0.0014687024042421503,[0.0014687]
2023-08-01,2023-09-01,lag_3,-0.0032089990224672,-0.0,0.0014687024042421503,[0.0014687]
2023-08-01,2023-09-01,lag_4,0.0022988686347238,0.0,0.0014687024042421503,[0.0014687]
2023-08-01,2023-09-01,lag_5,0.003757775465659,0.0,0.0014687024042421503,[0.0014687]
2023-08-01,2023-09-01,lag_6,0.0013582135715868,0.0,0.0014687024042421503,[0.0014687]
2023-08-01,2023-09-01,lag_7,0.0073760242218297,0.0,0.0014687024042421503,[0.0014687]
2023-08-01,2023-09-01,lag_8,-0.011845400797525,-0.0,0.0014687024042421503,[0.0014687]
2023-08-01,2023-09-01,lag_9,-0.0029444934707285,-0.0,0.0014687024042421503,[0.0014687]
2023-08-01,2023-09-01,lag_10,-0.0003841127462562,-0.0,0.0014687024042421503,[0.0014687]
2023-08-01,2023-09-01,lag_11,0.0019319323696054,0.0,0.0014687024042421503,[0.0014687]
2023-08-01,2023-09-01,volatility_3m,0.007945933077685251,0.0,0.0014687024042421503,[0.0014687]
2023-09-01,2023-10-01,lag_0,0.0018012453076874,0.0,0.0014287221496663235,[0.00142872]
2023-09-01,2023-10-01,lag_1,-0.0006681669277961,-0.0,0.0014287221496663235,[0.00142872]
2023-09-01,2023-10-01,lag_2,0.0078308561837765,0.0,0.0014287221496663235,[0.00142872]
2023-09-01,2023-10-01,lag_3,-0.0080478648050226,-0.0,0.0014287221496663235,[0.00142872]
2023-09-01,2023-10-01,lag_4,-0.0032089990224672,-0.0,0.0014287221496663235,[0.00142872]
2023-09-01,2023-10-01,lag_5,0.0022988686347238,0.0,0.0014287221496663235,[0.00142872]
2023-09-01,2023-10-01,lag_6,0.003757775465659,0.0,0.0014287221496663235,[0.00142872]
2023-09-01,2023-10-01,lag_7,0.0013582135715868,0.0,0.0014287221496663235,[0.00142872]
2023-09-01,2023-10-01,lag_8,0.0073760242218297,0.0,0.0014287221496663235,[0.00142872]
2023-09-01,2023-10-01,lag_9,-0.011845400797525,-0.0,0.0014287221496663235,[0.00142872]
2023-09-01,2023-10-01,lag_10,-0.0029444934707285,-0.0,0.0014287221496663235,[0.00142872]
2023-09-01,2023-10-01,lag_11,-0.0003841127462562,-0.0,0.0014287221496663235,[0.00142872]
2023-09-01,2023-10-01,volatility_3m,0.0043720246636398865,-0.0,0.0014287221496663235,[0.00142872]
2023-10-01,2023-11-01,lag_0,-0.0054811790410731,-0.0,0.0014036510160925087,[0.00140365]
2023-10-01,2023-11-01,lag_1,0.0018012453076874,0.0,0.0014036510160925087,[0.00140365]
2023-10-01,2023-11-01,lag_2,-0.0006681669277961,-0.0,0.0014036510160925087,[0.00140365]
2023-10-01,2023-11-01,lag_3,0.0078308561837765,0.0,0.0014036510160925087,[0.00140365]
2023-10-01,2023-11-01,lag_4,-0.0080478648050226,-0.0,0.0014036510160925087,[0.00140365]
2023-10-01,2023-11-01,lag_5,-0.0032089990224672,-0.0,0.0014036510160925087,[0.00140365]
2023-10-01,2023-11-01,lag_6,0.0022988686347238,0.0,0.0014036510160925087,[0.00140365]
2023-10-01,2023-11-01,lag_7,0.003757775465659,0.0,0.0014036510160925087,[0.00140365]
2023-10-01,2023-11-01,lag_8,0.0013582135715868,0.0,0.0014036510160925087,[0.00140365]
2023-10-01,2023-11-01,lag_9,0.0073760242218297,0.0,0.0014036510160925087,[0.00140365]
2023-10-01,2023-11-01,lag_10,-0.011845400797525,-0.0,0.0014036510160925087,[0.00140365]
2023-10-01,2023-11-01,lag_11,-0.0029444934707285,-0.0,0.0014036510160925087,[0.00140365]
2023-10-01,2023-11-01,volatility_3m,0.0037035295504587364,-0.0,0.0014036510160925087,[0.00140365]
2023-11-01,2023-12-01,lag_0,0.0039238564884236,0.0,0.0015026802597168354,[0.00150268]
2023-11-01,2023-12-01,lag_1,-0.0054811790410731,-0.0,0.0015026802597168354,[0.00150268]
2023-11-01,2023-12-01,lag_2,0.0018012453076874,0.0,0.0015026802597168354,[0.00150268]
2023-11-01,2023-12-01,lag_3,-0.0006681669277961,-0.0,0.0015026802597168354,[0.00150268]
2023-11-01,2023-12-01,lag_4,0.0078308561837765,0.0,0.0015026802597168354,[0.00150268]
2023-11-01,2023-12-01,lag_5,-0.0080478648050226,-0.0,0.0015026802597168354,[0.00150268]
2023-11-01,2023-12-01,lag_6,-0.0032089990224672,-0.0,0.0015026802597168354,[0.00150268]
2023-11-01,2023-12-01,lag_7,0.0022988686347238,0.0,0.0015026802597168354,[0.00150268]
2023-11-01,2023-12-01,lag_8,0.003757775465659,0.0,0.0015026802597168354,[0.00150268]
2023-11-01,2023-12-01,lag_9,0.0013582135715868,0.0,0.0015026802597168354,[0.00150268]
2023-11-01,2023-12-01,lag_10,0.0073760242218297,0.0,0.0015026802597168354,[0.00150268]
2023-11-01,2023-12-01,lag_11,-0.011845400797525,-0.0,0.0015026802597168354,[0.00150268]
2023-11-01,2023-12-01,volatility_3m,0.0049327794046747685,-0.0,0.0015026802597168354,[0.00150268]
2023-12-01,2024-01-01,lag_0,-0.0025890110606505,-0.0,0.0015316391273586156,[0.00153164]
2023-12-01,2024-01-01,lag_1,0.0039238564884236,0.0,0.0015316391273586156,[0.00153164]
2023-12-01,2024-01-01,lag_2,-0.0054811790410731,-0.0,0.0015316391273586156,[0.00153164]
2023-12-01,2024-01-01,lag_3,0.0018012453076874,0.0,0.0015316391273586156,[0.00153164]
2023-12-01,2024-01-01,lag_4,-0.0006681669277961,-0.0,0.0015316391273586156,[0.00153164]
2023-12-01,2024-01-01,lag_5,0.0078308561837765,0.0,0.0015316391273586156,[0.00153164]
2023-12-01,2024-01-01,lag_6,-0.0080478648050226,-0.0,0.0015316391273586156,[0.00153164]
2023-12-01,2024-01-01,lag_7,-0.0032089990224672,-0.0,0.0015316391273586156,[0.00153164]
2023-12-01,2024-01-01,lag_8,0.0022988686347238,0.0,0.0015316391273586156,[0.00153164]
2023-12-01,2024-01-01,lag_9,0.003757775465659,0.0,0.0015316391273586156,[0.00153164]
2023-12-01,2024-01-01,lag_10,0.0013582135715868,0.0,0.0015316391273586156,[0.00153164]
2023-12-01,2024-01-01,lag_11,0.0073760242218297,0.0,0.0015316391273586156,[0.00153164]
2023-12-01,2024-01-01,volatility_3m,0.00481727399832899,-0.0,0.0015316391273586156,[0.00153164]
2024-01-01,2024-02-01,lag_0,-0.0138202848856545,-0.0,0.0015527915223398604,[0.00155279]
2024-01-01,2024-02-01,lag_1,-0.0025890110606505,-0.0,0.0015527915223398604,[0.00155279]
2024-01-01,2024-02-01,lag_2,0.0039238564884236,0.0,0.0015527915223398604,[0.00155279]
2024-01-01,2024-02-01,lag_3,-0.0054811790410731,-0.0,0.0015527915223398604,[0.00155279]
2024-01-01,2024-02-01,lag_4,0.0018012453076874,0.0,0.0015527915223398604,[0.00155279]
2024-01-01,2024-02-01,lag_5,-0.0006681669277961,-0.0,0.0015527915223398604,[0.00155279]
2024-01-01,2024-02-01,lag_6,0.0078308561837765,0.0,0.0015527915223398604,[0.00155279]
2024-01-01,2024-02-01,lag_7,-0.0080478648050226,-0.0,0.0015527915223398604,[0.00155279]
2024-01-01,2024-02-01,lag_8,-0.0032089990224672,-0.0,0.0015527915223398604,[0.00155279]
2024-01-01,2024-02-01,lag_9,0.0022988686347238,0.0,0.0015527915223398604,[0.00155279]
2024-01-01,2024-02-01,lag_10,0.003757775465659,0.0,0.0015527915223398604,[0.00155279]
2024-01-01,2024-02-01,lag_11,0.0013582135715868,0.0,0.0015527915223398604,[0.00155279]
2024-01-01,2024-02-01,volatility_3m,0.0089760190558628,0.0,0.0015527915223398604,[0.00155279]
2024-02-01,2024-03-01,lag_0,0.0106533450234573,0.0,0.001442956551172107,[0.00144296]
2024-02-01,2024-03-01,lag_1,-0.0138202848856545,-0.0,0.001442956551172107,[0.00144296]
2024-02-01,2024-03-01,lag_2,-0.0025890110606505,-0.0,0.001442956551172107,[0.00144296]
2024-02-01,2024-03-01,lag_3,0.0039238564884236,0.0,0.001442956551172107,[0.00144296]
2024-02-01,2024-03-01,lag_4,-0.0054811790410731,-0.0,0.001442956551172107,[0.00144296]
2024-02-01,2024-03-01,lag_5,0.0018012453076874,0.0,0.001442956551172107,[0.00144296]
2024-02-01,2024-03-01,lag_6,-0.0006681669277961,-0.0,0.001442956551172107,[0.00144296]
2024-02-01,2024-03-01,lag_7,0.0078308561837765,0.0,0.001442956551172107,[0.00144296]
2024-02-01,2024-03-01,lag_8,-0.0080478648050226,-0.0,0.001442956551172107,[0.00144296]
2024-02-01,2024-03-01,lag_9,-0.0032089990224672,-0.0,0.001442956551172107,[0.00144296]
2024-02-01,2024-03-01,lag_10,0.0022988686347238,0.0,0.001442956551172107,[0.00144296]
2024-02-01,2024-03-01,lag_11,0.003757775465659,0.0,0.001442956551172107,[0.00144296]
2024-02-01,2024-03-01,volatility_3m,0.01225057867557487,0.0,0.001442956551172107,[0.00144296]
2024-03-01,2024-04-01,lag_0,0.0017186200476606,0.0,0.0015260389555038808,[0.00152604]
2024-03-01,2024-04-01,lag_1,0.0106533450234573,0.0,0.0015260389555038808,[0.00152604]
2024-03-01,2024-04-01,lag_2,-0.0138202848856545,-0.0,0.0015260389555038808,[0.00152604]
2024-03-01,2024-04-01,lag_3,-0.0025890110606505,-0.0,0.0015260389555038808,[0.00152604]
2024-03-01,2024-04-01,lag_4,0.0039238564884236,0.0,0.0015260389555038808,[0.00152604]
2024-03-01,2024-04-01,lag_5,-0.0054811790410731,-0.0,0.0015260389555038808,[0.00152604]
2024-03-01,2024-04-01,lag_6,0.0018012453076874,0.0,0.0015260389555038808,[0.00152604]
2024-03-01,2024-04-01,lag_7,-0.0006681669277961,-0.0,0.0015260389555038808,[0.00152604]
2024-03-01,2024-04-01,lag_8,0.0078308561837765,0.0,0.0015260389555038808,[0.00152604]
2024-03-01,2024-04-01,lag_9,-0.0080478648050226,-0.0,0.0015260389555038808,[0.00152604]
2024-03-01,2024-04-01,lag_10,-0.0032089990224672,-0.0,0.0015260389555038808,[0.00152604]
2024-03-01,2024-04-01,lag_11,0.0022988686347238,0.0,0.0015260389555038808,[0.00152604]
2024-03-01,2024-04-01,volatility_3m,0.012384435378381886,0.0,0.0015260389555038808,[0.00152604]
2024-04-01,2024-05-01,lag_0,-0.0021335238777089,-0.0,0.0014552712118538632,[0.00145527]
2024-04-01,2024-05-01,lag_1,0.0017186200476606,0.0,0.0014552712118538632,[0.00145527]
2024-04-01,2024-05-01,lag_2,0.0106533450234573,0.0,0.0014552712118538632,[0.00145527]
2024-04-01,2024-05-01,lag_3,-0.0138202848856545,-0.0,0.0014552712118538632,[0.00145527]
2024-04-01,2024-05-01,lag_4,-0.0025890110606505,-0.0,0.0014552712118538632,[0.00145527]
2024-04-01,2024-05-01,lag_5,0.0039238564884236,0.0,0.0014552712118538632,[0.00145527]
2024-04-01,2024-05-01,lag_6,-0.0054811790410731,-0.0,0.0014552712118538632,[0.00145527]
2024-04-01,2024-05-01,lag_7,0.0018012453076874,0.0,0.0014552712118538632,[0.00145527]
2024-04-01,2024-05-01,lag_8,-0.0006681669277961,-0.0,0.0014552712118538632,[0.00145527]
2024-04-01,2024-05-01,lag_9,0.0078308561837765,0.0,0.0014552712118538632,[0.00145527]
2024-04-01,2024-05-01,lag_10,-0.0080478648050226,-0.0,0.0014552712118538632,[0.00145527]
2024-04-01,2024-05-01,lag_11,-0.0032089990224672,-0.0,0.0014552712118538632,[0.00145527]
2024-04-01,2024-05-01,volatility_3m,0.006559628286095916,-0.0,0.0014552712118538632,[0.00145527]
2024-05-01,2024-06-01,lag_0,0.0061619317981485,0.0,0.0014689246994136346,[0.00146892]
2024-05-01,2024-06-01,lag_1,-0.0021335238777089,-0.0,0.0014689246994136346,[0.00146892]
2024-05-01,2024-06-01,lag_2,0.0017186200476606,0.0,0.0014689246994136346,[0.00146892]
2024-05-01,2024-06-01,lag_3,0.0106533450234573,0.0,0.0014689246994136346,[0.00146892]
2024-05-01,2024-06-01,lag_4,-0.0138202848856545,-0.0,0.0014689246994136346,[0.00146892]
2024-05-01,2024-06-01,lag_5,-0.0025890110606505,-0.0,0.0014689246994136346,[0.00146892]
2024-05-01,2024-06-01,lag_6,0.0039238564884236,0.0,0.0014689246994136346,[0.00146892]
2024-05-01,2024-06-01,lag_7,-0.0054811790410731,-0.0,0.0014689246994136346,[0.00146892]
2024-05-01,2024-06-01,lag_8,0.0018012453076874,0.0,0.0014689246994136346,[0.00146892]
2024-05-01,2024-06-01,lag_9,-0.0006681669277961,-0.0,0.0014689246994136346,[0.00146892]
2024-05-01,2024-06-01,lag_10,0.0078308561837765,0.0,0.0014689246994136346,[0.00146892]
2024-05-01,2024-06-01,lag_11,-0.0080478648050226,-0.0,0.0014689246994136346,[0.00146892]
2024-05-01,2024-06-01,volatility_3m,0.004151237104845971,-0.0,0.0014689246994136346,[0.00146892]
2024-06-01,2024-07-01,lag_0,0.0003073003687008,-0.0,0.001479021489393828,[0.00147902]
2024-06-01,2024-07-01,lag_1,0.0061619317981485,0.0,0.001479021489393828,[0.00147902]
2024-06-01,2024-07-01,lag_2,-0.0021335238777089,-0.0,0.001479021489393828,[0.00147902]
2024-06-01,2024-07-01,lag_3,0.0017186200476606,0.0,0.001479021489393828,[0.00147902]
2024-06-01,2024-07-01,lag_4,0.0106533450234573,0.0,0.001479021489393828,[0.00147902]
2024-06-01,2024-07-01,lag_5,-0.0138202848856545,-0.0,0.001479021489393828,[0.00147902]
2024-06-01,2024-07-01,lag_6,-0.0025890110606505,-0.0,0.001479021489393828,[0.00147902]
2024-06-01,2024-07-01,lag_7,0.0039238564884236,0.0,0.001479021489393828,[0.00147902]
2024-06-01,2024-07-01,lag_8,-0.0054811790410731,-0.0,0.001479021489393828,[0.00147902]
2024-06-01,2024-07-01,lag_9,0.0018012453076874,0.0,0.001479021489393828,[0.00147902]
2024-06-01,2024-07-01,lag_10,-0.0006681669277961,-0.0,0.001479021489393828,[0.00147902]
2024-06-01,2024-07-01,lag_11,0.0078308561837765,0.0,0.001479021489393828,[0.00147902]
2024-06-01,2024-07-01,volatility_3m,0.004263193580847052,-0.0,0.001479021489393828,[0.00147902]
2024-07-01,2024-08-01,lag_0,-0.0091433043160034,-0.0,0.0014989312818772017,[0.00149893]
2024-07-01,2024-08-01,lag_1,0.0003073003687008,-0.0,0.0014989312818772017,[0.00149893]
2024-07-01,2024-08-01,lag_2,0.0061619317981485,0.0,0.0014989312818772017,[0.00149893]
2024-07-01,2024-08-01,lag_3,-0.0021335238777089,-0.0,0.0014989312818772017,[0.00149893]
2024-07-01,2024-08-01,lag_4,0.0017186200476606,0.0,0.0014989312818772017,[0.00149893]
2024-07-01,2024-08-01,lag_5,0.0106533450234573,0.0,0.0014989312818772017,[0.00149893]
2024-07-01,2024-08-01,lag_6,-0.0138202848856545,-0.0,0.0014989312818772017,[0.00149893]
2024-07-01,2024-08-01,lag_7,-0.0025890110606505,-0.0,0.0014989312818772017,[0.00149893]
2024-07-01,2024-08-01,lag_8,0.0039238564884236,0.0,0.0014989312818772017,[0.00149893]
2024-07-01,2024-08-01,lag_9,-0.0054811790410731,-0.0,0.0014989312818772017,[0.00149893]
2024-07-01,2024-08-01,lag_10,0.0018012453076874,0.0,0.0014989312818772017,[0.00149893]
2024-07-01,2024-08-01,lag_11,-0.0006681669277961,-0.0,0.0014989312818772017,[0.00149893]
2024-07-01,2024-08-01,volatility_3m,0.007722703440626318,0.0,0.0014989312818772017,[0.00149893]
2024-08-01,2024-09-01,lag_0,0.0045427723719839,0.0,0.0014935031923851197,[0.0014935]
2024-08-01,2024-09-01,lag_1,-0.0091433043160034,-0.0,0.0014935031923851197,[0.0014935]
2024-08-01,2024-09-01,lag_2,0.0003073003687008,-0.0,0.0014935031923851197,[0.0014935]
2024-08-01,2024-09-01,lag_3,0.0061619317981485,0.0,0.0014935031923851197,[0.0014935]
2024-08-01,2024-09-01,lag_4,-0.0021335238777089,-0.0,0.0014935031923851197,[0.0014935]
2024-08-01,2024-09-01,lag_5,0.0017186200476606,0.0,0.0014935031923851197,[0.0014935]
2024-08-01,2024-09-01,lag_6,0.0106533450234573,0.0,0.0014935031923851197,[0.0014935]
2024-08-01,2024-09-01,lag_7,-0.0138202848856545,-0.0,0.0014935031923851197,[0.0014935]
2024-08-01,2024-09-01,lag_8,-0.0025890110606505,-0.0,0.0014935031923851197,[0.0014935]
2024-08-01,2024-09-01,lag_9,0.0039238564884236,0.0,0.0014935031923851197,[0.0014935]
2024-08-01,2024-09-01,lag_10,-0.0054811790410731,-0.0,0.0014935031923851197,[0.0014935]
2024-08-01,2024-09-01,lag_11,0.0018012453076874,0.0,0.0014935031923851197,[0.0014935]
2024-08-01,2024-09-01,volatility_3m,0.007006685463501,-0.0,0.0014935031923851197,[0.0014935]
2024-09-01,2024-10-01,lag_0,-0.0062175807186557,-0.0,0.001465390477163212,[0.00146539]
2024-09-01,2024-10-01,lag_1,0.0045427723719839,0.0,0.001465390477163212,[0.00146539]
2024-09-01,2024-10-01,lag_2,-0.0091433043160034,-0.0,0.001465390477163212,[0.00146539]
2024-09-01,2024-10-01,lag_3,0.0003073003687008,-0.0,0.001465390477163212,[0.00146539]
2024-09-01,2024-10-01,lag_4,0.0061619317981485,0.0,0.001465390477163212,[0.00146539]
2024-09-01,2024-10-01,lag_5,-0.0021335238777089,-0.0,0.001465390477163212,[0.00146539]
2024-09-01,2024-10-01,lag_6,0.0017186200476606,0.0,0.001465390477163212,[0.00146539]
2024-09-01,2024-10-01,lag_7,0.0106533450234573,0.0,0.001465390477163212,[0.00146539]
2024-09-01,2024-10-01,lag_8,-0.0138202848856545,-0.0,0.001465390477163212,[0.00146539]
2024-09-01,2024-10-01,lag_9,-0.0025890110606505,-0.0,0.001465390477163212,[0.00146539]
2024-09-01,2024-10-01,lag_10,0.0039238564884236,0.0,0.001465390477163212,[0.00146539]
2024-09-01,2024-10-01,lag_11,-0.0054811790410731,-0.0,0.001465390477163212,[0.00146539]
2024-09-01,2024-10-01,volatility_3m,0.007207100113924507,-0.0,0.001465390477163212,[0.00146539]
2024-10-01,2024-11-01,lag_0,-0.0034012836016454,-0.0,0.001527585216378947,[0.00152759]
2024-10-01,2024-11-01,lag_1,-0.0062175807186557,-0.0,0.001527585216378947,[0.00152759]
2024-10-01,2024-11-01,lag_2,0.0045427723719839,0.0,0.001527585216378947,[0.00152759]
2024-10-01,2024-11-01,lag_3,-0.0091433043160034,-0.0,0.001527585216378947,[0.00152759]
2024-10-01,2024-11-01,lag_4,0.0003073003687008,-0.0,0.001527585216378947,[0.00152759]
2024-10-01,2024-11-01,lag_5,0.0061619317981485,0.0,0.001527585216378947,[0.00152759]
2024-10-01,2024-11-01,lag_6,-0.0021335238777089,-0.0,0.001527585216378947,[0.00152759]
2024-10-01,2024-11-01,lag_7,0.0017186200476606,0.0,0.001527585216378947,[0.00152759]
2024-10-01,2024-11-01,lag_8,0.0106533450234573,0.0,0.001527585216378947,[0.00152759]
2024-10-01,2024-11-01,lag_9,-0.0138202848856545,-0.0,0.001527585216378947,[0.00152759]
2024-10-01,2024-11-01,lag_10,-0.0025890110606505,-0.0,0.001527585216378947,[0.00152759]
2024-10-01,2024-11-01,lag_11,0.0039238564884236,0.0,0.001527585216378947,[0.00152759]
2024-10-01,2024-11-01,volatility_3m,0.005580094882686033,-0.0,0.001527585216378947,[0.00152759]
2024-11-01,2024-12-01,lag_0,-0.0017810250127059,-0.0,0.0013507952825180887,[0.0013508]
2024-11-01,2024-12-01,lag_1,-0.0034012836016454,-0.0,0.0013507952825180887,[0.0013508]
2024-11-01,2024-12-01,lag_2,-0.0062175807186557,-0.0,0.0013507952825180887,[0.0013508]
2024-11-01,2024-12-01,lag_3,0.0045427723719839,0.0,0.0013507952825180887,[0.0013508]
2024-11-01,2024-12-01,lag_4,-0.0091433043160034,-0.0,0.0013507952825180887,[0.0013508]
2024-11-01,2024-12-01,lag_5,0.0003073003687008,-0.0,0.0013507952825180887,[0.0013508]
2024-11-01,2024-12-01,lag_6,0.0061619317981485,0.0,0.0013507952825180887,[0.0013508]
2024-11-01,2024-12-01,lag_7,-0.0021335238777089,-0.0,0.0013507952825180887,[0.0013508]
2024-11-01,2024-12-01,lag_8,0.0017186200476606,0.0,0.0013507952825180887,[0.0013508]
2024-11-01,2024-12-01,lag_9,0.0106533450234573,0.0,0.0013507952825180887,[0.0013508]
2024-11-01,2024-12-01,lag_10,-0.0138202848856545,-0.0,0.0013507952825180887,[0.0013508]
2024-11-01,2024-12-01,lag_11,-0.0025890110606505,-0.0,0.0013507952825180887,[0.0013508]
2024-11-01,2024-12-01,volatility_3m,0.0022449867808930963,-0.0,0.0013507952825180887,[0.0013508]
2024-12-01,2025-01-01,lag_0,0.0103678018845609,0.0,0.0014227704036286937,[0.00142277]
2024-12-01,2025-01-01,lag_1,-0.0017810250127059,-0.0,0.0014227704036286937,[0.00142277]
2024-12-01,2025-01-01,lag_2,-0.0034012836016454,-0.0,0.0014227704036286937,[0.00142277]
2024-12-01,2025-01-01,lag_3,-0.0062175807186557,-0.0,0.0014227704036286937,[0.00142277]
2024-12-01,2025-01-01,lag_4,0.0045427723719839,0.0,0.0014227704036286937,[0.00142277]
2024-12-01,2025-01-01,lag_5,-0.0091433043160034,-0.0,0.0014227704036286937,[0.00142277]
2024-12-01,2025-01-01,lag_6,0.0003073003687008,-0.0,0.0014227704036286937,[0.00142277]
2024-12-01,2025-01-01,lag_7,0.0061619317981485,0.0,0.0014227704036286937,[0.00142277]
2024-12-01,2025-01-01,lag_8,-0.0021335238777089,-0.0,0.0014227704036286937,[0.00142277]
2024-12-01,2025-01-01,lag_9,0.0017186200476606,0.0,0.0014227704036286937,[0.00142277]
2024-12-01,2025-01-01,lag_10,0.0106533450234573,0.0,0.0014227704036286937,[0.00142277]
2024-12-01,2025-01-01,lag_11,-0.0138202848856545,-0.0,0.0014227704036286937,[0.00142277]
2024-12-01,2025-01-01,volatility_3m,0.007525589102092964,0.0,0.0014227704036286937,[0.00142277]
2025-01-01,2025-02-01,lag_0,-0.0026208646085175,-0.0,0.0014496828953486631,[0.00144968]
2025-01-01,2025-02-01,lag_1,0.0103678018845609,0.0,0.0014496828953486631,[0.00144968]
2025-01-01,2025-02-01,lag_2,-0.0017810250127059,-0.0,0.0014496828953486631,[0.00144968]
2025-01-01,2025-02-01,lag_3,-0.0034012836016454,-0.0,0.0014496828953486631,[0.00144968]
2025-01-01,2025-02-01,lag_4,-0.0062175807186557,-0.0,0.0014496828953486631,[0.00144968]
2025-01-01,2025-02-01,lag_5,0.0045427723719839,0.0,0.0014496828953486631,[0.00144968]
2025-01-01,2025-02-01,lag_6,-0.0091433043160034,-0.0,0.0014496828953486631,[0.00144968]
2025-01-01,2025-02-01,lag_7,0.0003073003687008,-0.0,0.0014496828953486631,[0.00144968]
2025-01-01,2025-02-01,lag_8,0.0061619317981485,0.0,0.0014496828953486631,[0.00144968]
2025-01-01,2025-02-01,lag_9,-0.0021335238777089,-0.0,0.0014496828953486631,[0.00144968]
2025-01-01,2025-02-01,lag_10,0.0017186200476606,0.0,0.0014496828953486631,[0.00144968]
2025-01-01,2025-02-01,lag_11,0.0106533450234573,0.0,0.0014496828953486631,[0.00144968]
2025-01-01,2025-02-01,volatility_3m,0.0072687089958128484,-0.0,0.0014496828953486631,[0.00144968]
2025-02-01,2025-03-01,lag_0,0.0102862253908435,0.0,0.0013772508302019246,[0.00137725]
2025-02-01,2025-03-01,lag_1,-0.0026208646085175,-0.0,0.0013772508302019246,[0.00137725]
2025-02-01,2025-03-01,lag_2,0.0103678018845609,0.0,0.0013772508302019246,[0.00137725]
2025-02-01,2025-03-01,lag_3,-0.0017810250127059,-0.0,0.0013772508302019246,[0.00137725]
2025-02-01,2025-03-01,lag_4,-0.0034012836016454,-0.0,0.0013772508302019246,[0.00137725]
2025-02-01,2025-03-01,lag_5,-0.0062175807186557,-0.0,0.0013772508302019246,[0.00137725]
2025-02-01,2025-03-01,lag_6,0.0045427723719839,0.0,0.0013772508302019246,[0.00137725]
2025-02-01,2025-03-01,lag_7,-0.0091433043160034,-0.0,0.0013772508302019246,[0.00137725]
2025-02-01,2025-03-01,lag_8,0.0003073003687008,-0.0,0.0013772508302019246,[0.00137725]
2025-02-01,2025-03-01,lag_9,0.0061619317981485,0.0,0.0013772508302019246,[0.00137725]
2025-02-01,2025-03-01,lag_10,-0.0021335238777089,-0.0,0.0013772508302019246,[0.00137725]
2025-02-01,2025-03-01,lag_11,0.0017186200476606,0.0,0.0013772508302019246,[0.00137725]
2025-02-01,2025-03-01,volatility_3m,0.007475572266214245,0.0,0.0013772508302019246,[0.00137725]
2025-03-01,2025-04-01,lag_0,-0.0005827653020853,-0.0,0.0014499896192134616,[0.00144999]
2025-03-01,2025-04-01,lag_1,0.0102862253908435,0.0,0.0014499896192134616,[0.00144999]
2025-03-01,2025-04-01,lag_2,-0.0026208646085175,-0.0,0.0014499896192134616,[0.00144999]
2025-03-01,2025-04-01,lag_3,0.0103678018845609,0.0,0.0014499896192134616,[0.00144999]
2025-03-01,2025-04-01,lag_4,-0.0017810250127059,-0.0,0.0014499896192134616,[0.00144999]
2025-03-01,2025-04-01,lag_5,-0.0034012836016454,-0.0,0.0014499896192134616,[0.00144999]
2025-03-01,2025-04-01,lag_6,-0.0062175807186557,-0.0,0.0014499896192134616,[0.00144999]
2025-03-01,2025-04-01,lag_7,0.0045427723719839,0.0,0.0014499896192134616,[0.00144999]
2025-03-01,2025-04-01,lag_8,-0.0091433043160034,-0.0,0.0014499896192134616,[0.00144999]
2025-03-01,2025-04-01,lag_9,0.0003073003687008,-0.0,0.0014499896192134616,[0.00144999]
2025-03-01,2025-04-01,lag_10,0.0061619317981485,0.0,0.0014499896192134616,[0.00144999]
2025-03-01,2025-04-01,lag_11,-0.0021335238777089,-0.0,0.0014499896192134616,[0.00144999]
2025-03-01,2025-04-01,volatility_3m,0.006938801285974605,-0.0,0.0014499896192134616,[0.00144999]
2025-04-01,2025-05-01,lag_0,0.0008656154843622,-0.0,0.0014724496297612807,[0.00147245]
2025-04-01,2025-05-01,lag_1,-0.0005827653020853,-0.0,0.0014724496297612807,[0.00147245]
2025-04-01,2025-05-01,lag_2,0.0102862253908435,0.0,0.0014724496297612807,[0.00147245]
2025-04-01,2025-05-01,lag_3,-0.0026208646085175,-0.0,0.0014724496297612807,[0.00147245]
2025-04-01,2025-05-01,lag_4,0.0103678018845609,0.0,0.0014724496297612807,[0.00147245]
2025-04-01,2025-05-01,lag_5,-0.0017810250127059,-0.0,0.0014724496297612807,[0.00147245]
2025-04-01,2025-05-01,lag_6,-0.0034012836016454,-0.0,0.0014724496297612807,[0.00147245]
2025-04-01,2025-05-01,lag_7,-0.0062175807186557,-0.0,0.0014724496297612807,[0.00147245]
2025-04-01,2025-05-01,lag_8,0.0045427723719839,0.0,0.0014724496297612807,[0.00147245]
2025-04-01,2025-05-01,lag_9,-0.0091433043160034,-0.0,0.0014724496297612807,[0.00147245]
2025-04-01,2025-05-01,lag_10,0.0003073003687008,-0.0,0.0014724496297612807,[0.00147245]
2025-04-01,2025-05-01,lag_11,0.0061619317981485,0.0,0.0014724496297612807,[0.00147245]
2025-04-01,2025-05-01,volatility_3m,0.005901703943150893,-0.0,0.0014724496297612807,[0.00147245]
2025-05-01,2025-06-01,lag_0,-0.0016071780172621,-0.0,0.0014924329517669054,[0.00149243]
2025-05-01,2025-06-01,lag_1,0.0008656154843622,-0.0,0.0014924329517669054,[0.00149243]
2025-05-01,2025-06-01,lag_2,-0.0005827653020853,-0.0,0.0014924329517669054,[0.00149243]
2025-05-01,2025-06-01,lag_3,0.0102862253908435,0.0,0.0014924329517669054,[0.00149243]
2025-05-01,2025-06-01,lag_4,-0.0026208646085175,-0.0,0.0014924329517669054,[0.00149243]
2025-05-01,2025-06-01,lag_5,0.0103678018845609,0.0,0.0014924329517669054,[0.00149243]
2025-05-01,2025-06-01,lag_6,-0.0017810250127059,-0.0,0.0014924329517669054,[0.00149243]
2025-05-01,2025-06-01,lag_7,-0.0034012836016454,-0.0,0.0014924329517669054,[0.00149243]
2025-05-01,2025-06-01,lag_8,-0.0062175807186557,-0.0,0.0014924329517669054,[0.00149243]
2025-05-01,2025-06-01,lag_9,0.0045427723719839,0.0,0.0014924329517669054,[0.00149243]
2025-05-01,2025-06-01,lag_10,-0.0091433043160034,-0.0,0.0014924329517669054,[0.00149243]
2025-05-01,2025-06-01,lag_11,0.0003073003687008,-0.0,0.0014924329517669054,[0.00149243]
2025-05-01,2025-06-01,volatility_3m,0.0012424395367744293,-0.0,0.0014924329517669054,[0.00149243]
2025-06-01,2025-07-01,lag_0,0.0050680790544692,0.0,0.0014450744961270441,[0.00144507]
2025-06-01,2025-07-01,lag_1,-0.0016071780172621,-0.0,0.0014450744961270441,[0.00144507]
2025-06-01,2025-07-01,lag_2,0.0008656154843622,-0.0,0.0014450744961270441,[0.00144507]
2025-06-01,2025-07-01,lag_3,-0.0005827653020853,-0.0,0.0014450744961270441,[0.00144507]
2025-06-01,2025-07-01,lag_4,0.0102862253908435,0.0,0.0014450744961270441,[0.00144507]
2025-06-01,2025-07-01,lag_5,-0.0026208646085175,-0.0,0.0014450744961270441,[0.00144507]
2025-06-01,2025-07-01,lag_6,0.0103678018845609,0.0,0.0014450744961270441,[0.00144507]
2025-06-01,2025-07-01,lag_7,-0.0017810250127059,-0.0,0.0014450744961270441,[0.00144507]
2025-06-01,2025-07-01,lag_8,-0.0034012836016454,-0.0,0.0014450744961270441,[0.00144507]
2025-06-01,2025-07-01,lag_9,-0.0062175807186557,-0.0,0.0014450744961270441,[0.00144507]
2025-06-01,2025-07-01,lag_10,0.0045427723719839,0.0,0.0014450744961270441,[0.00144507]
2025-06-01,2025-07-01,lag_11,-0.0091433043160034,-0.0,0.0014450744961270441,[0.00144507]
2025-06-01,2025-07-01,volatility_3m,0.003374770726371659,-0.0,0.0014450744961270441,[0.00144507]
2025-07-01,2025-08-01,lag_0,0.0038878389663921,0.0,0.001424441572123625,[0.00142444]
2025-07-01,2025-08-01,lag_1,0.0050680790544692,0.0,0.001424441572123625,[0.00142444]
2025-07-01,2025-08-01,lag_2,-0.0016071780172621,-0.0,0.001424441572123625,[0.00142444]
2025-07-01,2025-08-01,lag_3,0.0008656154843622,-0.0,0.001424441572123625,[0.00142444]
2025-07-01,2025-08-01,lag_4,-0.0005827653020853,-0.0,0.001424441572123625,[0.00142444]
2025-07-01,2025-08-01,lag_5,0.0102862253908435,0.0,0.001424441572123625,[0.00142444]
2025-07-01,2025-08-01,lag_6,-0.0026208646085175,-0.0,0.001424441572123625,[0.00142444]
2025-07-01,2025-08-01,lag_7,0.0103678018845609,0.0,0.001424441572123625,[0.00142444]
2025-07-01,2025-08-01,lag_8,-0.0017810250127059,-0.0,0.001424441572123625,[0.00142444]
2025-07-01,2025-08-01,lag_9,-0.0034012836016454,-0.0,0.001424441572123625,[0.00142444]
2025-07-01,2025-08-01,lag_10,-0.0062175807186557,-0.0,0.001424441572123625,[0.00142444]
2025-07-01,2025-08-01,lag_11,0.0045427723719839,0.0,0.001424441572123625,[0.00142444]
2025-07-01,2025-08-01,volatility_3m,0.003562471878014175,-0.0,0.001424441572123625,[0.00142444]
2025-08-01,2025-09-01,lag_0,-0.0026725565936223,-0.0,0.0014065550147026418,[0.00140656]
2025-08-01,2025-09-01,lag_1,0.0038878389663921,0.0,0.0014065550147026418,[0.00140656]
2025-08-01,2025-09-01,lag_2,0.0050680790544692,0.0,0.0014065550147026418,[0.00140656]
2025-08-01,2025-09-01,lag_3,-0.0016071780172621,-0.0,0.0014065550147026418,[0.00140656]
2025-08-01,2025-09-01,lag_4,0.0008656154843622,-0.0,0.0014065550147026418,[0.00140656]
2025-08-01,2025-09-01,lag_5,-0.0005827653020853,-0.0,0.0014065550147026418,[0.00140656]
2025-08-01,2025-09-01,lag_6,0.0102862253908435,0.0,0.0014065550147026418,[0.00140656]
2025-08-01,2025-09-01,lag_7,-0.0026208646085175,-0.0,0.0014065550147026418,[0.00140656]
2025-08-01,2025-09-01,lag_8,0.0103678018845609,0.0,0.0014065550147026418,[0.00140656]
2025-08-01,2025-09-01,lag_9,-0.0017810250127059,-0.0,0.0014065550147026418,[0.00140656]
2025-08-01,2025-09-01,lag_10,-0.0034012836016454,-0.0,0.0014065550147026418,[0.00140656]
2025-08-01,2025-09-01,lag_11,-0.0062175807186557,-0.0,0.0014065550147026418,[0.00140656]
2025-08-01,2025-09-01,volatility_3m,0.004170315671622189,-0.0,0.0014065550147026418,[0.00140656]
