sasdate,INDPRO,RPI,IPFPNSS,IPFUELS,CUMFNS,HWI,HWIURATIO,UNRATE,UEMPMEAN,UEMPLT5,UEMP5TO14,UEMP15OV,UEMP15T26,CLAIMSx,USGOOD,CES1021000001,MANEMP,CES0600000007,AWOTMAN,HOUST,HOUSTS,HOUSTW,PERMIT,PERMITNE,PERMITS,PERMITW,ISRATIOx,M1SL,CONSPI,S&P div yield,S&P PE ratio,FEDFUNDS,COMPAPFFx,TB3SMFFM,T1YFFM,T5YFFM,EXUSUKx,EXCAUSx,PPICMM,DDURRG3M086SBEA,VIXCLSx
Transform:,5.0,5.0,5.0,5.0,2.0,2.0,2.0,2.0,2.0,5.0,5.0,5.0,5.0,5,5,5.0,5,1.0,2.0,4.0,4.0,4.0,4.0,4.0,4.0,4.0,2.0,6.0,2.0,2.0,5.0,2.0,1.0,1.0,1.0,1.0,5.0,5.0,6.0,6.0,1.0
1/1/1959,21.9998,2583.56,23.6312,34.5927,80.1973,1357.0,0.333579154,6.0,16.3,1574.0,1169.0,1396.0,594.0,291078,18796,713.0,14998,39.8,2.5,1657.0,505.0,350.0,,,,,1.56,138.9,124.9646759,3.158342323,18.44574135,2.48,0.82,0.34,0.88,1.53,2.8065,0.9671,32.5,63.517,
2/1/1959,22.4306,2593.596,23.9501,34.1215,81.4428,1421.0,0.358385876,5.9,15.5,1554.0,1164.0,1277.0,545.0,282958,18890,704.2,15115,39.7,2.6,1667.0,508.0,344.0,,,,,1.539337748,139.4,125.7650749,3.219517984,18.41811903,2.43,0.83,0.27,1.11,1.53,2.8093,0.9748,32.5,63.554,
3/1/1959,22.7538,2610.396,24.0951,34.9853,82.4769,1524.0,0.400947119,5.6,15.3,1459.0,1093.0,1210.0,530.0,260346,19069,704.1,15259,40.0,2.8,1620.0,503.0,374.0,,,,,1.529006623,139.7,126.1229004,3.151709402,18.99935148,2.8,0.55,0.0,0.81,1.19,2.8127,0.9698,32.9,63.634,
4/1/1959,23.2384,2627.446,24.4431,34.8282,83.9922,1589.0,0.444973397,5.2,14.9,1494.0,934.0,1039.0,408.0,246413,19269,705.2,15385,40.2,2.9,1590.0,536.0,388.0,,,,,1.529006623,139.7,126.1901225,3.11150613,19.27297347,2.96,0.46,-0.01,0.76,1.16,2.8165,0.9636,32.7,63.698,
5/1/1959,23.5885,2642.72,24.646,34.1607,84.9159,1655.0,0.475711411,5.1,14.7,1479.0,1005.0,965.0,390.0,246952,19378,710.0,15487,40.3,2.9,1498.0,487.0,396.0,,,,,1.518675497,140.7,126.7575547,3.076828847,19.49413505,2.9,0.66,-0.06,1.06,1.45,2.8145,0.963,32.9,63.804,
6/1/1959,23.6155,2650.841,24.82,34.1607,84.7686,1717.0,0.500729076,5.0,14.9,1522.0,963.0,963.0,415.0,258258,19462,715.0,15554,40.2,2.9,1503.0,518.0,388.0,,,,,1.529006623,141.2,127.6567194,3.115210581,19.10270492,3.39,0.44,-0.18,0.68,1.11,2.8125,0.959,33.0,63.931,
7/1/1959,23.05,2649.304,24.849,33.3754,82.9798,1723.0,0.488378685,5.1,14.3,1591.0,1047.0,889.0,394.0,263248,19529,725.3,15623,39.9,2.8,1547.0,533.0,372.0,,,,,1.56,141.7,129.1486187,3.007482424,19.54911187,3.47,0.51,-0.27,0.92,1.11,2.8117,0.9573,32.7,63.962,
8/1/1959,22.2691,2634.369,24.675,33.9251,79.4676,1638.0,0.456521739,5.2,13.7,1607.0,1113.0,889.0,407.0,287143,19049,667.0,15202,40.0,2.9,1430.0,474.0,376.0,,,,,1.590993378,141.9,131.3810503,3.035909091,19.18847519,3.5,0.47,-0.12,0.92,1.07,2.8095,0.9546,32.4,63.665,
9/1/1959,22.2421,2636.381,24.559,33.6896,79.0489,1605.0,0.425165563,5.5,13.7,1602.0,1275.0,895.0,449.0,273947,19052,652.5,15254,40.0,2.8,1540.0,560.0,376.0,,,,,1.580662252,141.0,132.5197482,3.172655565,18.12575343,3.76,0.87,0.28,1.24,1.14,2.8037,0.9517,32.9,63.773,
10/1/1959,22.0806,2639.735,24.501,33.4932,78.1537,1553.0,0.397186701,5.7,12.9,1750.0,1292.0,883.0,436.0,312319,18925,655.6,15158,39.6,2.8,1355.0,443.0,353.0,,,,,1.590993378,140.5,133.7086818,3.187140351,17.80774664,3.98,0.75,0.07,0.82,0.74,2.8063,0.9478,33.2,63.728,
11/1/1959,22.2152,2659.765,24.2401,34.789,78.5051,1617.0,0.40394704,5.8,13.1,1745.0,1205.0,982.0,505.0,350763,19108,686.0,15300,39.6,2.5,1416.0,500.0,344.0,,,,,1.590993378,140.4,133.6784826,3.185968897,17.65735595,4.0,0.67,0.15,0.81,0.75,2.8027,0.9504,33.9,63.779,
12/1/1959,23.5885,2687.012,24.9649,34.3178,83.5682,1545.0,0.422940049,5.3,13.1,1657.0,1122.0,920.0,453.0,271771,19425,694.5,15573,40.0,2.7,1601.0,592.0,358.0,,,,,1.56,139.9,135.0957067,3.098543854,18.00127287,3.99,0.89,0.5,1.15,1.02,2.7984,0.9513,33.7,63.808,
1/1/1960,24.2078,2695.694,25.5738,33.8859,85.5616,1971.0,0.545228216,5.2,13.5,1638.0,1045.0,915.0,450.0,276008,19491,686.0,15687,40.1,3.0,1460.0,506.0,322.0,1092.0,246.0,331.0,262.0,1.549668874,140.0,134.750012,3.216732724,17.54713756,3.99,0.92,0.36,1.04,0.93,2.7998,0.9532,34.2,63.672,
2/1/1960,23.9924,2698.789,25.4289,34.2393,84.6108,1971.0,0.592069691,4.8,13.1,1431.0,1034.0,841.0,412.0,270543,19605,690.9,15765,39.7,2.8,1503.0,487.0,364.0,1088.0,232.0,305.0,295.0,1.570331126,139.9,135.2967595,3.412208677,16.64332894,3.97,0.69,-0.01,0.69,0.72,2.8033,0.9517,34.3,63.775,
3/1/1960,23.777,2703.859,25.3419,34.5927,83.2421,1885.0,0.505904455,5.4,13.0,1666.0,1120.0,959.0,519.0,308942,19373,689.2,15707,39.5,2.7,1109.0,428.0,329.0,955.0,166.0,273.0,327.0,1.601324503,139.8,136.1659004,3.525990549,16.29469522,3.84,0.65,-0.53,0.18,0.47,2.8059,0.951,34.2,63.589,
4/1/1960,23.5885,2713.243,25.3999,35.6528,82.2593,1845.0,0.509668508,5.2,12.6,1735.0,1002.0,896.0,465.0,299584,19446,692.9,15654,39.8,2.3,1289.0,466.0,317.0,1016.0,189.0,286.0,297.0,1.590993378,139.6,137.212078,3.48704468,16.35770331,3.92,0.24,-0.69,0.12,0.37,2.8095,0.963,34.1,63.665,
5/1/1960,23.5616,2719.777,25.5449,34.6712,81.4711,1822.0,0.510507145,5.1,11.9,1718.0,1074.0,797.0,408.0,317341,19374,685.8,15575,39.6,2.6,1271.0,458.0,300.0,1052.0,224.0,302.0,286.0,1.621986755,139.6,137.292182,3.525298805,16.17449529,3.85,0.4,-0.56,0.36,0.64,2.806,0.9781,34.1,63.658,
6/1/1960,23.2654,2721.855,25.2549,34.5141,80.2236,1782.0,0.473181094,5.4,11.9,1738.0,1182.0,854.0,458.0,321768,19240,682.0,15466,39.5,2.4,1247.0,408.0,308.0,958.0,176.0,285.0,284.0,1.632317881,139.6,138.1615239,3.405518687,16.73863965,3.32,0.49,-0.86,0.04,0.8,2.8027,0.9824,34.2,63.485,
7/1/1960,23.1846,2726.734,25.1099,35.378,79.7275,1717.0,0.447601668,5.5,12.6,1709.0,1184.0,921.0,521.0,334039,19170,663.1,15413,39.6,2.4,1197.0,394.0,299.0,999.0,219.0,268.0,288.0,1.642649007,140.2,138.5208913,3.492120344,16.40282021,3.23,0.16,-0.93,-0.03,0.56,2.8084,0.9786,34.2,63.491,
8/1/1960,23.1577,2722.383,25.0519,35.1031,79.0505,1696.0,0.429802332,5.6,12.2,1746.0,1287.0,927.0,517.0,361521,19105,682.8,15360,39.4,2.4,1344.0,479.0,353.0,994.0,208.0,270.0,286.0,1.652980133,141.3,138.9935157,3.450716687,16.6785834,2.98,0.36,-0.68,-0.03,0.64,2.8102,0.9699,34.2,63.505,
9/1/1960,22.9153,2725.93,24.849,35.1031,77.9187,1631.0,0.419927909,5.5,12.9,1677.0,1213.0,982.0,516.0,353888,19057,678.3,15330,39.1,2.3,1097.0,384.0,227.0,984.0,205.0,264.0,295.0,1.632317881,141.2,139.7144034,3.557744937,16.25687907,2.6,0.79,-0.12,0.47,1.01,2.8127,0.9726,34.2,63.227,
10/1/1960,22.8884,2733.981,24.994,35.2994,77.5287,1564.0,0.367826905,6.1,13.5,1766.0,1282.0,1189.0,623.0,375119,18952,677.2,15231,39.4,2.4,1246.0,386.0,302.0,972.0,196.0,263.0,281.0,1.642649007,140.9,139.7445278,3.629257398,15.90630226,2.47,0.83,-0.17,0.57,1.29,2.8116,0.9787,34.3,63.174,
11/1/1960,22.5653,2722.236,24.733,34.7497,75.7724,1540.0,0.355658199,6.1,13.9,1718.0,1367.0,1223.0,673.0,383790,18799,666.3,15112,39.0,2.1,1246.0,391.0,276.0,979.0,205.0,274.0,277.0,1.652980133,140.9,140.4504105,3.515413737,16.50003961,2.44,0.84,-0.07,0.64,1.37,2.8136,0.9768,33.4,63.588,
12/1/1960,22.1344,2709.794,24.385,34.9853,74.2557,1467.0,0.317738791,6.6,12.4,2102.0,1468.0,1142.0,588.0,372391,18548,658.0,14947,38.0,2.0,1063.0,352.0,319.0,951.0,169.0,280.0,264.0,1.642649007,140.7,141.4356975,3.433098592,16.97122938,1.98,1.25,0.27,0.88,1.69,2.8074,0.9825,33.0,63.129,
1/1/1961,22.1613,2734.05,24.356,35.2995,74.1095,1468.0,0.314279598,6.6,13.7,1884.0,1477.0,1328.0,688.0,380579,18508,652.4,14863,39.2,2.1,1183.0,430.0,294.0,969.0,172.0,275.0,286.0,1.663311258,141.1,141.6573663,3.259661755,17.91780742,1.45,1.53,0.79,1.36,2.22,2.8064,0.9931,32.3,63.281,
2/1/1961,22.1344,2744.703,24.385,36.7523,73.512,1443.0,0.298634106,6.9,13.6,2037.0,1407.0,1416.0,751.0,433704,18418,646.3,14801,39.2,2.1,1226.0,444.0,288.0,961.0,176.0,258.0,276.0,1.652980133,141.6,140.1583314,3.125832395,18.76447098,2.54,0.49,-0.12,0.39,1.12,2.7999,0.9898,32.3,63.303,
3/1/1961,22.2691,2755.967,24.501,34.8675,73.8637,1473.0,0.303523594,6.9,14.1,1863.0,1476.0,1463.0,769.0,382956,18438,644.6,14802,39.1,2.1,1312.0,428.0,343.0,1000.0,201.0,282.0,288.0,1.611655629,141.9,139.9755962,3.025577043,19.49331526,2.02,1.01,0.37,0.86,1.58,2.7975,0.9875,32.4,63.34,
4/1/1961,22.7268,2761.873,24.878,34.9068,75.3829,1476.0,0.301655426,7.0,15.5,1729.0,1427.0,1598.0,796.0,382747,18432,639.6,14825,39.1,2.2,1166.0,415.0,278.0,1002.0,205.0,292.0,292.0,1.632317881,142.1,138.9037457,2.946984657,20.19022178,1.49,1.42,0.8,1.39,2.08,2.7981,0.989,32.5,63.475,
5/1/1961,23.0769,2783.267,25.0519,35.1424,76.356,1541.0,0.308015191,7.1,15.6,1748.0,1432.0,1686.0,827.0,358345,18523,639.7,14932,39.3,2.2,1228.0,461.0,268.0,1027.0,219.0,290.0,296.0,1.611655629,142.7,137.9951617,2.917293233,20.55897407,1.98,0.78,0.31,0.89,1.49,2.794,0.9876,33.2,63.626,
6/1/1961,23.4,2809.575,25.3129,34.0822,77.3241,1562.0,0.31975435,6.9,16.2,1841.0,1419.0,1651.0,723.0,331716,18618,642.4,14981,39.6,2.3,1382.0,494.0,342.0,1070.0,221.0,305.0,324.0,1.580662252,142.9,136.9687855,2.956415727,20.43799389,1.73,1.18,0.6,1.33,2.08,2.7898,1.0053,33.4,63.721,
7/1/1961,23.6693,2817.586,25.5159,36.5952,78.1087,1603.0,0.325284091,7.0,17.3,1789.0,1356.0,1830.0,839.0,347116,18640,642.5,15029,39.7,2.5,1335.0,482.0,325.0,1083.0,237.0,308.0,310.0,1.601324503,142.9,136.4264287,2.97474022,20.37936027,1.17,1.55,1.07,1.75,2.67,2.7874,1.0341,33.7,63.77,
8/1/1961,23.8847,2819.181,25.6898,36.0062,78.9783,1664.0,0.355403674,6.6,17.0,1701.0,1387.0,1649.0,749.0,317851,18725,644.5,15093,39.7,2.5,1312.0,503.0,316.0,1159.0,301.0,319.0,314.0,1.570331126,143.5,136.7459508,2.881442691,21.33169515,2.0,0.92,0.39,1.06,1.96,2.8029,1.0316,33.7,63.873,
9/1/1961,23.8578,2822.627,25.6319,34.6712,78.1562,1693.0,0.362061591,6.7,16.1,1859.0,1297.0,1531.0,686.0,330492,18730,646.8,15080,39.2,2.6,1429.0,510.0,328.0,1098.0,226.0,315.0,322.0,1.570331126,143.8,137.0314877,2.914064823,21.23718401,1.88,1.17,0.4,1.18,2.02,2.8122,1.0309,33.8,64.047,
10/1/1961,24.3156,2850.442,26.0668,36.3203,79.5528,1784.0,0.390115898,6.5,15.9,1811.0,1288.0,1481.0,659.0,308441,18805,642.1,15143,40.0,2.7,1415.0,511.0,349.0,1123.0,235.0,325.0,335.0,1.549668874,144.1,136.3009138,2.911764706,21.62113494,2.26,0.74,0.04,0.79,1.54,2.8154,1.0305,33.2,63.989,
11/1/1961,24.6926,2875.937,26.5017,36.7522,80.7658,1842.0,0.42887078,6.1,17.0,1638.0,1269.0,1388.0,622.0,306364,18927,642.6,15259,40.2,2.8,1385.0,492.0,344.0,1152.0,252.0,314.0,355.0,1.549668874,144.8,136.4000221,2.813731007,22.71799116,2.61,0.37,-0.13,0.46,1.21,2.8149,1.0359,33.0,63.689,
12/1/1961,24.908,2893.211,26.6757,36.3204,81.6041,1822.0,0.436198228,6.0,15.8,1734.0,1175.0,1361.0,623.0,293015,18981,638.8,15309,39.7,2.8,1365.0,503.0,328.0,1161.0,275.0,321.0,338.0,1.539337748,145.2,136.6297849,2.815723446,23.02005488,2.33,0.86,0.27,0.85,1.58,2.8096,1.0429,33.1,63.775,
1/1/1962,24.6925,2890.321,26.4437,36.7523,80.2408,1910.0,0.468022544,5.8,15.3,1701.0,1161.0,1235.0,561.0,296932,18936,638.7,15322,39.3,2.8,1361.0,485.0,365.0,1122.0,269.0,323.0,331.0,1.539337748,145.2,136.5850877,2.934226147,22.2238843,2.15,1.11,0.57,1.13,1.79,2.811,1.0452,33.1,63.721,
2/1/1962,25.0964,2902.573,26.7917,37.0271,81.4267,1879.0,0.485404288,5.5,16.0,1504.0,1118.0,1244.0,561.0,290789,19109,637.8,15411,39.9,2.8,1278.0,498.0,290.0,1194.0,275.0,339.0,327.0,1.549668874,145.7,136.4416249,2.895656508,22.50770567,2.37,0.85,0.36,0.91,1.52,2.8146,1.0489,32.9,63.815,
3/1/1962,25.2311,2922.539,26.9946,36.9486,81.8912,1879.0,0.479214486,5.6,15.0,1721.0,1049.0,1162.0,523.0,285784,19109,635.5,15451,40.1,2.8,1443.0,536.0,371.0,1134.0,243.0,330.0,338.0,1.539337748,146.0,136.3762584,2.902262057,22.45320227,2.85,0.4,-0.13,0.21,0.83,2.8153,1.0496,33.0,63.944,
4/1/1962,25.285,2937.504,27.1976,37.2627,81.7429,1876.0,0.480286738,5.6,14.9,1629.0,1105.0,1122.0,499.0,282623,19258,632.5,15524,40.1,2.8,1524.0,515.0,403.0,1235.0,290.0,327.0,382.0,1.539337748,146.4,137.1123014,3.007597355,21.52308498,2.78,0.42,-0.05,0.21,0.82,2.814,1.0501,32.9,63.832,
5/1/1962,25.258,2941.678,27.3426,37.3412,81.3349,1944.0,0.503235827,5.5,15.5,1543.0,1131.0,1134.0,507.0,301972,19253,631.4,15513,40.2,2.8,1483.0,518.0,392.0,1142.0,220.0,341.0,343.0,1.549668874,146.8,138.3912596,3.259771392,19.7704694,2.36,0.8,0.33,0.67,1.3,2.8121,1.0823,32.8,63.848,
6/1/1962,25.2042,2945.739,27.3716,37.3805,80.9291,1882.0,0.489594173,5.5,15.1,1598.0,1101.0,1079.0,506.0,308059,19186,624.7,15518,40.0,2.8,1404.0,517.0,355.0,1154.0,233.0,329.0,351.0,1.570331126,146.6,139.2717982,3.703037929,17.30393422,2.68,0.57,0.05,0.35,0.96,2.8083,1.088,32.7,64.048,
7/1/1962,25.4465,2960.008,27.6325,37.459,81.476,1876.0,0.49122807,5.4,14.6,1592.0,1142.0,1049.0,484.0,305231,19248,617.6,15522,40.0,2.8,1450.0,520.0,384.0,1189.0,226.0,346.0,366.0,1.570331126,146.5,139.4766447,3.62764613,17.48131198,2.71,0.65,0.21,0.58,1.09,2.8066,1.0793,32.6,64.096,19.5715
8/1/1962,25.4734,2964.773,27.6325,36.124,81.4168,1846.0,0.460004984,5.7,14.5,1731.0,1238.0,1081.0,485.0,307105,19251,623.0,15517,40.1,2.7,1517.0,539.0,398.0,1200.0,228.0,359.0,380.0,1.56,146.6,140.2146466,3.542942584,17.76479501,2.93,0.37,-0.11,0.27,0.78,2.8038,1.0779,32.5,64.104,15.7942
9/1/1962,25.635,2966.166,27.8065,37.2627,81.7875,1813.0,0.457712699,5.6,14.1,1749.0,1192.0,1096.0,567.0,302275,19305,620.0,15568,40.1,2.8,1324.0,469.0,384.0,1223.0,222.0,355.0,388.0,1.570331126,146.3,140.2540215,3.586206897,17.36193748,2.9,0.44,-0.12,0.16,0.8,2.8009,1.077,32.5,64.159,18.3148
10/1/1962,25.6619,2981.84,27.7195,37.302,81.3851,1783.0,0.468840389,5.4,14.1,1636.0,1144.0,1022.0,516.0,305972,19301,617.6,15569,39.9,2.7,1533.0,629.0,370.0,1181.0,241.0,347.0,359.0,1.570331126,146.7,140.905781,3.732722094,16.63186471,2.9,0.37,-0.16,0.08,0.74,2.8013,1.0763,32.5,63.86,25.9671
11/1/1962,25.7696,2992.828,27.8935,37.6161,81.8392,1782.0,0.442842942,5.7,13.3,1838.0,1076.0,1051.0,611.0,300802,19260,610.9,15530,40.1,2.8,1622.0,580.0,442.0,1236.0,242.0,364.0,397.0,1.549668874,147.3,141.5699037,3.519870087,17.58738072,2.94,0.29,-0.11,0.06,0.66,2.8019,1.077,32.7,63.883,16.7658
12/1/1962,25.7696,3006.868,27.9225,38.1658,81.6791,1781.0,0.455848477,5.5,13.6,1732.0,1171.0,1068.0,558.0,310357,19219,607.4,15520,39.6,2.8,1564.0,570.0,380.0,1236.0,231.0,346.0,410.0,1.570331126,147.8,141.9898291,3.400383142,18.1548443,2.93,0.36,-0.06,0.08,0.63,2.8033,1.0761,32.2,63.86,14.6778
1/1/1963,25.9581,3025.392,28.2124,39.0296,81.9446,1813.0,0.445017182,5.7,13.8,1730.0,1253.0,1122.0,578.0,304621,19257,605.8,15545,40.0,2.7,1244.0,502.0,428.0,1248.0,245.0,370.0,432.0,1.570331126,148.3,141.8521901,3.284153089,18.65907971,2.92,0.42,-0.01,0.12,0.66,2.8048,1.0773,32.4,63.765,14.8357
2/1/1963,26.2544,3009.442,28.4444,39.972,82.3778,1816.0,0.428504011,5.9,14.1,1858.0,1283.0,1137.0,540.0,294808,19228,605.6,15542,39.9,2.8,1456.0,523.0,437.0,1212.0,233.0,375.0,411.0,1.549668874,148.9,143.9650342,3.251410801,18.73113579,3.0,0.25,-0.08,0.01,0.66,2.8034,1.0779,32.3,63.905,13.5542
3/1/1963,26.4159,3023.049,28.4444,39.972,82.6243,1845.0,0.453094303,5.7,14.5,1701.0,1266.0,1087.0,488.0,287299,19233,606.8,15564,40.0,2.8,1534.0,610.0,409.0,1258.0,230.0,361.0,416.0,1.549668874,149.2,144.8695679,3.273945485,18.44444859,2.98,0.36,-0.09,0.05,0.7,2.8006,1.0782,32.3,63.993,12.3661
4/1/1963,26.6582,3031.344,28.7634,38.0873,83.4581,1815.0,0.447595561,5.7,14.5,1717.0,1226.0,1071.0,480.0,293103,19343,610.7,15602,40.2,2.6,1689.0,586.0,433.0,1288.0,230.0,382.0,391.0,1.539337748,149.7,145.982701,3.151061664,19.17979747,2.9,0.42,0.0,0.21,0.84,2.8007,1.077,32.4,64.004,11.6621
5/1/1963,26.9814,3044.315,28.8793,38.794,83.9513,1781.0,0.422338155,5.9,14.5,1870.0,1160.0,1157.0,552.0,290170,19399,612.1,15641,40.2,2.8,1641.0,571.0,452.0,1350.0,247.0,406.0,427.0,1.549668874,150.4,146.2085263,3.112817223,19.42198384,3.0,0.25,-0.07,0.12,0.72,2.7996,1.0775,32.6,64.046,12.2422
6/1/1963,27.0622,3058.664,28.9373,39.1082,83.9398,1788.0,0.449585114,5.6,14.0,1719.0,1259.0,1067.0,567.0,287361,19371,613.8,15624,40.3,2.9,1588.0,574.0,439.0,1345.0,213.0,399.0,448.0,1.539337748,150.4,146.2967433,3.137926116,19.20581858,2.99,0.39,0.0,0.21,0.82,2.8002,1.0785,32.7,64.2,12.0403
7/1/1963,26.9545,3060.387,28.9373,38.5977,83.3448,1846.0,0.455689953,5.6,14.0,1693.0,1289.0,1070.0,522.0,280616,19423,613.2,15646,40.2,2.9,1614.0,619.0,438.0,1321.0,226.0,409.0,418.0,1.529006623,151.3,147.6476142,3.189995657,18.72080865,3.02,0.47,0.16,0.46,0.87,2.8008,1.0799,32.8,64.151,14.2966
8/1/1963,27.0083,3071.095,29.1983,39.2653,83.5014,1817.0,0.468540485,5.4,13.9,1677.0,1150.0,1114.0,593.0,290279,19437,612.4,15644,40.2,2.9,1639.0,595.0,420.0,1310.0,224.0,392.0,417.0,1.539337748,151.8,148.6687412,3.108861651,19.09020056,3.49,0.23,-0.17,0.04,0.4,2.7996,1.0831,33.0,64.118,11.4839
9/1/1963,27.2776,3091.894,29.2853,39.6186,83.8227,1813.0,0.458175385,5.5,14.2,1695.0,1225.0,1069.0,510.0,289193,19483,611.3,15674,40.2,2.9,1763.0,693.0,439.0,1413.0,268.0,428.0,443.0,1.549668874,152.0,148.8754918,3.033630748,19.43473455,3.48,0.4,-0.1,0.09,0.48,2.7977,1.08,33.2,64.522,13.0301
10/1/1963,27.4661,3109.05,29.5462,39.7364,84.3071,1880.0,0.471532481,5.5,13.9,1738.0,1163.0,1071.0,541.0,286326,19517,610.7,15714,40.3,2.9,1779.0,662.0,441.0,1414.0,261.0,425.0,447.0,1.539337748,152.6,149.6572026,3.058099411,19.25038264,3.5,0.38,-0.05,0.14,0.47,2.7978,1.0781,33.5,64.529,13.8203
11/1/1963,27.6007,3115.477,29.6622,39.6579,84.2946,1846.0,0.444712118,5.7,13.3,1859.0,1227.0,1054.0,533.0,280784,19456,608.8,15675,40.2,2.9,1622.0,597.0,422.0,1357.0,235.0,422.0,401.0,1.56,153.6,150.1328832,3.10750482,18.99366593,3.48,0.4,0.04,0.26,0.53,2.7978,1.0778,33.6,64.428,28.6666
12/1/1963,27.5469,3140.08,29.6912,39.4223,84.0095,1939.0,0.487798742,5.5,13.3,1774.0,1213.0,1007.0,517.0,301093,19493,610.4,15712,40.0,3.0,1491.0,514.0,459.0,1423.0,243.0,476.0,430.0,1.529006623,153.3,150.6322777,3.074019145,19.19861918,3.38,0.58,0.14,0.43,0.66,2.7965,1.0796,34.0,64.442,11.9266
1/1/1964,27.7892,3151.381,29.9811,39.6579,84.4621,1944.0,0.482501862,5.6,13.5,1805.0,1156.0,1057.0,553.0,278146,19406,607.3,15715,39.5,2.9,1603.0,584.0,428.0,1296.0,198.0,401.0,399.0,1.529006623,153.7,151.4988461,3.004146501,19.66592273,3.48,0.49,0.04,0.31,0.59,2.7983,1.0805,34.3,64.502,10.6833
2/1/1964,27.9777,3164.424,29.9811,39.8542,84.6673,1915.0,0.487029502,5.4,13.2,1708.0,1216.0,1015.0,528.0,262838,19570,607.4,15742,40.3,2.9,1820.0,650.0,431.0,1442.0,269.0,405.0,425.0,1.539337748,154.3,152.3754717,2.989184649,19.76813244,3.48,0.4,0.05,0.3,0.55,2.7969,1.0802,34.5,64.633,9.4844
3/1/1964,27.9777,3180.427,29.9811,39.8149,84.3575,1941.0,0.491392405,5.4,13.5,1783.0,1124.0,1039.0,534.0,277108,19587,607.4,15770,40.2,2.9,1517.0,580.0,363.0,1313.0,262.0,398.0,356.0,1.549668874,154.5,153.2696518,2.956852792,19.97134372,3.43,0.57,0.11,0.48,0.71,2.7981,1.0807,35.0,64.543,10.1715
4/1/1964,28.4355,3199.779,30.5901,40.1683,85.5869,2032.0,0.518631955,5.3,12.4,1767.0,1192.0,934.0,464.0,263686,19593,607.7,15785,40.2,3.0,1448.0,566.0,368.0,1264.0,232.0,398.0,370.0,1.529006623,154.8,153.4924318,2.935539154,20.08156517,3.47,0.44,0.0,0.44,0.68,2.799,1.0811,35.1,64.572,12.0207
5/1/1964,28.597,3218.991,30.677,40.6395,85.5983,2035.0,0.540648247,5.1,13.6,1681.0,1094.0,975.0,471.0,267340,19630,605.7,15812,40.3,3.1,1467.0,561.0,305.0,1299.0,244.0,399.0,377.0,1.518675497,155.3,154.3232532,2.92781219,20.09767035,3.5,0.39,-0.02,0.34,0.55,2.7994,1.0811,35.2,64.5,11.8475
6/1/1964,28.6778,3230.324,30.677,40.2468,85.449,2100.0,0.550603041,5.2,13.6,1719.0,1109.0,1047.0,539.0,261464,19682,609.5,15839,40.4,3.1,1550.0,583.0,361.0,1280.0,264.0,391.0,356.0,1.529006623,155.6,154.7181836,2.966101695,19.73618362,3.5,0.5,-0.02,0.33,0.52,2.7942,1.0811,35.8,64.494,13.4224
7/1/1964,28.8663,3247.888,30.996,40.4039,85.861,2162.0,0.599223947,4.9,14.7,1486.0,1112.0,1002.0,479.0,254030,19740,608.0,15887,40.3,3.1,1562.0,568.0,400.0,1304.0,244.0,414.0,370.0,1.508344371,156.8,155.3019438,2.883922134,20.22105407,3.42,0.54,0.04,0.3,0.61,2.7897,1.0814,36.0,64.531,11.2238
8/1/1964,29.0548,3266.271,30.967,39.8542,86.1105,2128.0,0.582216142,5.0,13.0,1696.0,1074.0,934.0,426.0,244054,19810,606.8,15948,40.4,3.3,1569.0,596.0,356.0,1306.0,250.0,434.0,327.0,1.518675497,157.8,155.5841928,2.951219512,19.80993996,3.5,0.38,0.0,0.24,0.55,2.7866,1.0789,36.1,64.437,13.6898
9/1/1964,29.1625,3279.764,30.822,39.7364,86.1994,2158.0,0.581357759,5.1,12.7,1703.0,1097.0,917.0,457.0,251902,19943,610.0,16073,40.3,3.3,1455.0,554.0,343.0,1265.0,241.0,401.0,324.0,1.518675497,158.7,156.4832556,2.925308716,19.89948478,3.45,0.44,0.08,0.39,0.63,2.7834,1.0763,36.7,64.39,10.5167
10/1/1964,28.7586,3281.585,30.5031,40.0113,84.6252,2159.0,0.579441761,5.1,12.6,1754.0,1055.0,903.0,470.0,256279,19723,612.3,15821,40.3,3.1,1524.0,596.0,290.0,1230.0,223.0,392.0,314.0,1.539337748,159.2,157.4411995,2.899233942,20.06021074,3.36,0.64,0.21,0.5,0.71,2.7835,1.0755,38.1,64.233,11.0924
11/1/1964,29.6472,3303.656,31.4019,39.8149,86.8484,2259.0,0.636158829,4.8,14.0,1596.0,1047.0,922.0,484.0,268779,20026,614.7,16096,40.6,3.2,1486.0,546.0,345.0,1254.0,243.0,411.0,305.0,1.529006623,160.0,156.9259745,2.902621723,19.94714363,3.52,0.5,0.12,0.39,0.52,2.7848,1.0741,38.4,64.342,12.0087
12/1/1964,29.9973,3336.322,31.8078,40.0505,88.0025,2252.0,0.61681731,5.0,12.7,1672.0,1057.0,873.0,444.0,251590,20111,614.1,16176,40.7,3.3,1484.0,580.0,317.0,1164.0,248.0,367.0,297.0,1.487682119,160.3,157.0037808,2.977608385,19.42348674,3.85,0.32,-0.01,0.17,0.24,2.7906,1.0748,38.2,64.397,12.873
1/1/1965,30.3204,3357.223,32.1558,40.2076,88.5986,2280.0,0.638297872,4.9,12.2,1626.0,1092.0,793.0,404.0,236202,20173,614.2,16245,40.8,3.5,1361.0,636.0,247.0,1264.0,221.0,420.0,285.0,1.508344371,160.7,158.0826655,2.922282861,19.73637725,3.9,0.35,-0.09,0.04,0.2,2.7913,1.074,38.2,64.365,10.0894
2/1/1965,30.5089,3359.115,32.4167,40.3646,88.7226,2378.0,0.637533512,5.1,12.6,1743.0,1090.0,919.0,507.0,239913,20216,614.3,16291,40.7,3.5,1433.0,596.0,307.0,1185.0,219.0,404.0,292.0,1.508344371,160.9,159.6957246,2.92026513,19.69999747,3.98,0.29,-0.05,0.05,0.17,2.7951,1.0759,38.1,64.329,13.6392
3/1/1965,30.9128,3375.375,32.7937,40.2861,89.2769,2407.0,0.685754986,4.7,12.0,1702.0,1029.0,796.0,437.0,236864,20292,611.1,16353,40.8,3.6,1423.0,518.0,306.0,1211.0,251.0,391.0,316.0,1.498013245,161.5,160.0937523,2.936773005,19.48191258,4.05,0.33,-0.11,0.02,0.11,2.7924,1.0813,38.2,64.309,10.3866
4/1/1965,31.0474,3389.254,32.7937,40.1683,89.2868,2441.0,0.678998609,4.8,11.4,1747.0,1018.0,796.0,428.0,235644,20317,610.6,16418,40.7,3.2,1438.0,563.0,258.0,1162.0,223.0,376.0,263.0,1.498013245,162.0,161.2019513,2.921450494,19.51216141,4.09,0.29,-0.16,-0.05,0.06,2.7962,1.0793,38.6,64.257,10.1737
5/1/1965,31.2898,3407.894,33.1416,39.972,89.4494,2539.0,0.739801865,4.6,11.1,1670.0,1043.0,736.0,385.0,229863,20444,610.4,16477,40.8,3.6,1478.0,564.0,281.0,1207.0,252.0,381.0,265.0,1.508344371,161.7,161.4600817,2.900985663,19.64481535,4.1,0.28,-0.21,-0.07,0.05,2.7971,1.0796,39.5,64.319,13.1082
6/1/1965,31.5321,3417.802,33.3156,40.2861,89.4582,2563.0,0.756716859,4.6,11.6,1656.0,1009.0,786.0,417.0,230657,20522,607.2,16554,40.6,3.5,1488.0,558.0,270.0,1241.0,258.0,419.0,256.0,1.518675497,162.2,162.1866655,3.069143932,18.44548969,4.05,0.33,-0.24,-0.05,0.11,2.7923,1.0825,39.7,63.825,20.7568
7/1/1965,31.8283,3440.831,33.5766,40.9144,90.2974,2575.0,0.780066647,4.4,11.6,1654.0,959.0,683.0,359.0,220110,20611,608.9,16669,40.7,3.5,1529.0,606.0,258.0,1237.0,240.0,402.0,250.0,1.508344371,163.0,162.5081171,3.093475445,18.27649776,4.09,0.29,-0.25,-0.11,0.06,2.791,1.0837,39.4,63.777,14.4243
8/1/1965,31.963,3455.192,33.6055,41.0322,89.8508,2660.0,0.81745544,4.4,11.9,1613.0,940.0,733.0,406.0,247092,20726,608.9,16732,40.6,3.5,1432.0,601.0,232.0,1249.0,261.0,397.0,271.0,1.518675497,163.7,162.8331297,3.056226153,18.47092768,4.12,0.26,-0.28,-0.05,0.08,2.7908,1.0786,39.4,63.838,9.7061
9/1/1965,32.0438,3539.729,33.9245,40.3646,89.5586,2758.0,0.857587065,4.3,11.9,1627.0,860.0,732.0,376.0,228216,20808,603.4,16802,40.7,3.5,1482.0,573.0,269.0,1227.0,264.0,403.0,254.0,1.518675497,164.8,160.297139,2.976057284,18.94503353,4.02,0.36,-0.09,0.19,0.24,2.7967,1.0766,39.6,63.827,12.0234
10/1/1965,32.3669,3524.562,34.2724,40.718,89.7893,2848.0,0.90614063,4.2,12.1,1533.0,920.0,672.0,336.0,218745,20895,608.5,16864,40.7,3.7,1452.0,562.0,277.0,1279.0,273.0,448.0,253.0,1.508344371,166.0,162.0867328,2.932487143,19.16167558,4.08,0.3,-0.05,0.22,0.26,2.8031,1.0753,39.4,63.317,10.8908
11/1/1965,32.5015,3550.773,34.5914,41.6604,89.6483,3040.0,0.989261308,4.1,11.7,1531.0,895.0,645.0,334.0,220030,21021,610.9,16962,40.7,3.8,1460.0,529.0,251.0,1306.0,279.0,424.0,295.0,1.487682119,166.7,161.6490512,2.930005426,19.16478813,4.1,0.28,-0.01,0.27,0.36,2.8037,1.0752,39.6,63.332,10.8016
12/1/1965,32.9054,3569.718,35.0263,41.7389,90.5141,3104.0,1.024084461,4.0,11.4,1436.0,857.0,659.0,366.0,208651,21151,609.9,17051,40.9,3.8,1656.0,635.0,232.0,1315.0,273.0,441.0,221.0,1.487682119,167.8,161.1330311,2.965224027,18.8462356,4.32,0.33,0.06,0.4,0.4,2.8021,1.076,39.1,63.738,12.5131
1/1/1966,33.2286,3578.381,35.3163,42.4065,90.8594,3133.0,1.048527443,4.0,11.9,1523.0,777.0,623.0,333.0,217763,21214,610.8,17143,41.0,3.9,1370.0,485.0,268.0,1325.0,304.0,430.0,253.0,1.487682119,169.1,162.3401707,2.936133733,18.99324148,4.42,0.4,0.17,0.46,0.44,2.8039,1.0749,39.3,63.232,10.8483
2/1/1966,33.444,3596.166,35.4323,41.8175,90.9108,3201.0,1.135106383,3.8,11.2,1505.0,758.0,594.0,324.0,210278,21315,609.5,17288,41.2,4.0,1378.0,572.0,237.0,1159.0,234.0,382.0,226.0,1.487682119,169.6,162.0931189,2.977667494,18.57124703,4.6,0.28,0.05,0.34,0.38,2.8025,1.0765,39.2,63.459,12.9332
3/1/1966,33.9018,3615.405,35.8092,41.9353,91.5884,3387.0,1.173190163,3.8,11.1,1523.0,814.0,583.0,315.0,181579,21515,611.4,17400,41.2,3.9,1394.0,544.0,230.0,1234.0,273.0,395.0,222.0,1.477350993,170.5,161.9450403,3.127812781,17.59539472,4.66,0.55,-0.06,0.32,0.27,2.7952,1.0764,39.1,63.443,16.8573
4/1/1966,33.9556,3612.477,35.9832,42.1709,91.5416,3256.0,1.151343706,3.8,10.8,1563.0,653.0,575.0,324.0,176263,21568,574.9,17517,41.2,4.1,1352.0,529.0,239.0,1145.0,245.0,394.0,215.0,1.498013245,171.8,162.1084331,3.053133188,17.86234292,4.67,0.71,-0.05,0.23,0.16,2.7934,1.0772,39.1,63.622,13.0255
5/1/1966,34.2787,3624.307,36.2441,42.5242,91.6379,3287.0,1.114237288,3.9,10.2,1631.0,821.0,534.0,249.0,189249,21675,608.5,17625,40.8,4.0,1265.0,526.0,219.0,1078.0,234.0,369.0,200.0,1.518675497,171.3,162.2107808,3.241910578,16.78305951,4.9,0.49,-0.26,0.03,-0.01,2.7923,1.0769,38.8,63.633,21.2684
6/1/1966,34.4403,3642.069,36.4471,41.3856,91.5205,3322.0,1.156685237,3.8,9.7,1647.0,779.0,475.0,245.0,190957,21846,609.5,17733,40.9,4.0,1194.0,490.0,194.0,956.0,204.0,327.0,179.0,1.518675497,171.6,161.8107183,3.288403439,16.46082405,5.17,0.34,-0.67,-0.2,-0.2,2.7898,1.0767,38.6,63.695,14.2204
7/1/1966,34.6288,3656.698,36.6791,42.2886,91.4046,3326.0,1.156467316,3.8,9.7,1640.0,809.0,427.0,218.0,213734,21872,611.2,17760,40.8,3.9,1086.0,459.0,179.0,932.0,226.0,306.0,172.0,1.539337748,170.3,161.2853643,3.320130475,16.2394577,5.3,0.33,-0.5,-0.13,-0.13,2.7888,1.0751,38.6,63.885,17.7957
8/1/1966,34.6557,3675.041,36.5631,42.9169,91.0801,3287.0,1.133448276,3.8,9.8,1622.0,827.0,464.0,259.0,196906,21972,614.9,17882,40.8,4.0,1119.0,412.0,178.0,877.0,208.0,305.0,144.0,1.539337748,170.8,160.7073015,3.558586485,15.05726305,5.53,0.32,-0.57,0.01,-0.03,2.7888,1.0754,38.6,63.937,24.379
9/1/1966,34.9789,3697.138,36.824,43.0739,91.2464,3222.0,1.151536812,3.7,10.1,1555.0,793.0,488.0,286.0,191811,21948,614.3,17886,40.7,3.8,1046.0,441.0,149.0,774.0,159.0,261.0,136.0,1.56,172.0,159.3675004,3.714175556,14.43981029,5.4,0.49,-0.03,0.42,0.1,2.7893,1.0764,38.5,63.975,20.5795
10/1/1966,35.2212,3712.521,37.172,43.7415,91.618,3228.0,1.153681201,3.7,10.3,1541.0,780.0,494.0,273.0,195266,21991,613.9,17956,40.9,3.9,843.0,372.0,129.0,739.0,141.0,261.0,140.0,1.570331126,171.2,158.7312421,3.738273046,14.14856865,5.53,0.47,-0.18,0.05,-0.26,2.7916,1.0796,38.4,64.076,23.922
11/1/1966,34.9788,3735.585,37.114,42.7206,90.1293,3232.0,1.166787004,3.6,9.7,1499.0,776.0,464.0,264.0,203871,21988,611.4,17981,40.7,3.8,961.0,409.0,159.0,736.0,170.0,251.0,126.0,1.590993378,171.4,158.2732876,3.551882949,14.79283347,5.76,0.24,-0.44,-0.22,-0.4,2.7911,1.0823,38.7,64.136,16.5394
12/1/1966,35.0596,3734.371,37.23,42.485,90.0246,3194.0,1.096840659,3.8,9.5,1582.0,745.0,488.0,278.0,216328,22008,612.3,17998,40.6,3.5,990.0,409.0,160.0,743.0,151.0,285.0,131.0,1.601324503,172.0,158.5486293,3.528833149,14.80471677,5.4,0.6,-0.44,-0.2,-0.4,2.7901,1.0832,38.6,64.461,15.2928
1/1/1967,35.225,3769.197,37.6182,42.7877,89.8425,3220.0,1.08490566,3.9,9.3,1608.0,854.0,489.0,286.0,209000,22057,611.7,18033,40.8,3.5,1067.0,435.0,131.0,995.0,289.0,322.0,150.0,1.601324503,171.9,157.7138117,3.410301954,15.3306887,4.94,0.79,-0.22,-0.19,-0.24,2.791,1.0796,39.6,64.148,14.0279
2/1/1967,34.8255,3773.752,37.3831,42.2698,88.3949,3189.0,1.09399657,3.8,9.2,1596.0,862.0,459.0,258.0,229000,21987,609.7,17978,40.0,3.4,1123.0,448.0,186.0,907.0,200.0,310.0,168.0,1.621986755,173.0,157.5778787,3.308150183,15.83609984,5.0,0.38,-0.44,-0.29,-0.26,2.7941,1.0807,39.8,64.047,13.9889
3/1/1967,34.6292,3796.76,37.484,42.6665,87.5162,3102.0,1.073727934,3.8,8.9,1586.0,869.0,436.0,256.0,260750,21919,608.4,17940,40.2,3.3,1056.0,469.0,183.0,955.0,172.0,354.0,181.0,1.621986755,174.8,157.1068359,3.243122344,16.14953657,4.53,0.71,-0.27,-0.18,0.01,2.7963,1.0821,39.8,64.077,13.7114
4/1/1967,34.9558,3793.589,37.8388,43.2773,87.6555,3133.0,1.082210708,3.8,8.8,1547.0,896.0,428.0,254.0,263000,21842,605.8,17878,40.0,3.2,1091.0,484.0,168.0,1035.0,220.0,356.0,183.0,1.621986755,174.2,157.221791,3.1882146,16.38783156,4.05,0.78,-0.21,0.06,0.46,2.7992,1.0825,39.8,64.249,16.4203
5/1/1967,34.6508,3800.579,37.5648,43.1485,86.6106,3107.0,1.060771594,3.8,8.7,1581.0,905.0,417.0,264.0,235750,21779,604.1,17832,40.0,3.2,1304.0,501.0,223.0,1076.0,204.0,393.0,202.0,1.632317881,175.7,157.0275537,3.132087698,16.65707697,3.94,0.73,-0.34,0.21,0.81,2.7969,1.0823,39.4,64.398,15.9175
6/1/1967,34.6465,3815.624,37.6077,43.926,86.0691,3100.0,1.036096257,3.9,8.3,1704.0,883.0,422.0,272.0,232000,21761,602.7,17812,40.1,3.2,1248.0,505.0,223.0,1169.0,226.0,406.0,231.0,1.611655629,177.0,156.8032648,3.17182544,16.44856732,3.98,0.67,-0.44,0.5,1.03,2.7912,1.0806,39.5,64.471,17.5138
7/1/1967,34.5676,3835.148,37.4776,43.4119,85.3074,3041.0,1.03294837,3.8,8.3,1642.0,863.0,412.0,261.0,227800,21772,604.2,17784,40.2,3.3,1364.0,509.0,248.0,1177.0,228.0,396.0,224.0,1.621986755,178.1,156.0165618,3.125115579,16.75346183,3.79,1.13,0.42,1.22,1.44,2.7873,1.078,39.4,64.839,10.577
8/1/1967,35.2299,3853.272,37.9459,43.8892,86.4918,3131.0,1.063157895,3.8,8.9,1595.0,928.0,441.0,241.0,212750,21887,590.5,17905,40.3,3.4,1407.0,568.0,271.0,1229.0,220.0,407.0,265.0,1.611655629,179.7,155.6543048,3.083215155,17.04814343,3.9,1.1,0.37,1.23,1.41,2.7853,1.076,39.4,65.092,12.2316
9/1/1967,35.1727,3856.287,37.9989,44.7681,86.0644,3095.0,1.046315078,3.8,8.4,1667.0,895.0,448.0,286.0,216400,21775,587.4,17794,40.3,3.4,1421.0,561.0,255.0,1279.0,243.0,429.0,244.0,1.611655629,180.7,155.8108,3.04769857,17.31758094,3.99,1.01,0.43,1.25,1.41,2.7837,1.0754,39.4,65.315,12.835
10/1/1967,35.4591,3861.274,38.1975,44.9137,86.3701,3164.0,1.006681515,4.0,8.7,1730.0,962.0,472.0,294.0,216750,21779,585.6,17800,40.3,3.3,1491.0,580.0,254.0,1280.0,233.0,433.0,253.0,1.621986755,181.6,155.563175,3.052477525,17.33358363,3.88,1.19,0.68,1.49,1.69,2.7832,1.0735,40.2,65.652,13.256
11/1/1967,35.9663,3885.754,38.8167,44.597,87.5349,3137.0,1.023157208,3.9,8.9,1680.0,905.0,490.0,308.0,206250,21996,585.6,17985,40.5,3.3,1538.0,633.0,256.0,1297.0,228.0,462.0,251.0,1.590993378,182.4,155.3135739,3.151305849,16.82864799,4.13,1.15,0.6,1.48,1.65,2.6618,1.0752,42.4,65.852,17.4791
12/1/1967,36.3536,3896.582,39.1716,45.1907,88.0043,3163.0,1.048045063,3.8,8.6,1616.0,920.0,485.0,290.0,211200,22037,585.0,18025,40.2,3.4,1308.0,519.0,242.0,1315.0,240.0,441.0,275.0,1.56,183.3,155.4300844,3.064008395,17.35374818,4.51,1.05,0.46,1.2,1.24,2.4063,1.0804,42.4,65.714,12.0195
1/1/1968,36.3145,3917.876,38.9897,44.9933,87.4099,3233.0,1.123349548,3.7,9.4,1458.0,904.0,503.0,313.0,215750,21917,582.4,18040,39.9,3.4,1380.0,515.0,292.0,1179.0,181.0,414.0,251.0,1.590993378,184.3,151.8876998,3.082912458,17.30698092,4.61,0.99,0.4,0.83,0.94,2.4091,1.0848,42.8,66.019,13.2793
2/1/1968,36.4446,3947.741,39.2151,45.767,87.4092,3193.0,1.063978674,3.8,8.7,1710.0,845.0,468.0,289.0,210750,22117,584.0,18054,40.4,3.4,1520.0,642.0,296.0,1342.0,224.0,460.0,277.0,1.590993378,184.7,151.7005552,3.239669421,16.56573351,4.71,0.79,0.27,0.7,0.88,2.4092,1.0874,45.5,66.157,16.5676
3/1/1968,36.5584,3981.447,39.3179,45.502,87.1648,3261.0,1.133472367,3.7,8.5,1651.0,784.0,447.0,268.0,195200,22119,582.7,18067,40.3,3.4,1466.0,627.0,283.0,1370.0,297.0,454.0,287.0,1.590993378,185.5,150.9233258,3.311258278,16.2888088,5.05,0.59,0.12,0.53,0.71,2.3997,1.0849,46.2,66.321,19.547
4/1/1968,36.6113,3999.257,39.2178,44.8205,86.8701,3316.0,1.224067922,3.5,8.7,1436.0,856.0,393.0,244.0,199000,22207,596.6,18131,40.1,3.1,1554.0,635.0,311.0,1286.0,243.0,446.0,267.0,1.601324503,186.6,150.9632924,3.097449566,17.50093278,5.76,0.05,-0.38,-0.05,-0.07,2.4018,1.0803,43.4,66.436,19.5401
5/1/1968,37.022,4020.251,39.5547,46.3297,87.586,3327.0,1.214233577,3.5,8.2,1567.0,745.0,395.0,259.0,199000,22255,596.7,18190,40.5,3.7,1408.0,577.0,270.0,1297.0,218.0,435.0,275.0,1.601324503,188.0,150.6207999,3.041452948,17.88943222,6.12,0.06,-0.45,0.03,-0.07,2.3892,1.0781,41.0,66.577,13.1569
6/1/1968,37.158,4038.787,39.6885,46.297,87.3914,3324.0,1.131381892,3.7,7.9,1755.0,816.0,405.0,243.0,193600,22264,597.2,18228,40.5,3.6,1405.0,541.0,289.0,1300.0,250.0,464.0,269.0,1.590993378,189.4,150.2861046,2.975124378,18.27920836,6.07,0.18,-0.55,-0.09,-0.22,2.3846,1.0771,41.3,66.695,15.326
7/1/1968,37.101,4063.454,39.5604,46.4793,86.7508,3413.0,1.183836282,3.7,8.4,1647.0,831.0,426.0,267.0,196250,22329,599.9,18265,40.4,3.6,1512.0,622.0,251.0,1344.0,222.0,502.0,293.0,1.580662252,190.5,150.2558367,2.994346959,18.13391383,6.03,0.16,-0.71,-0.37,-0.42,2.39,1.0738,40.9,66.891,17.1222
8/1/1968,37.2045,4082.154,39.933,46.4761,86.8043,3474.0,1.255057804,3.5,8.3,1645.0,765.0,393.0,240.0,199400,22350,600.9,18254,40.3,3.4,1495.0,613.0,287.0,1357.0,245.0,481.0,295.0,1.621986755,191.8,149.8190451,3.074783406,17.67634923,6.03,-0.15,-0.94,-0.6,-0.53,2.3911,1.0728,40.8,67.101,13.2053
9/1/1968,37.3454,4101.372,40.0741,46.2816,86.4809,3544.0,1.319434103,3.4,8.2,1534.0,781.0,375.0,243.0,191000,22390,602.7,18252,40.5,3.7,1556.0,615.0,310.0,1464.0,234.0,522.0,315.0,1.601324503,192.7,149.7384399,2.991115499,18.17664653,5.78,0.04,-0.59,-0.33,-0.3,2.3874,1.0732,40.9,67.378,11.9179
10/1/1968,37.4196,4108.359,40.1724,46.0714,86.6552,3723.0,1.384529565,3.4,8.4,1507.0,799.0,386.0,252.0,186000,22419,556.8,18293,40.5,3.7,1569.0,656.0,303.0,1421.0,242.0,521.0,300.0,1.590993378,194.0,150.6291622,2.931917148,18.48559846,5.91,-0.11,-0.56,-0.34,-0.36,2.3897,1.0729,41.1,67.608,12.6127
11/1/1968,37.9036,4126.968,40.6116,46.4402,87.5147,3724.0,1.371639042,3.4,8.1,1593.0,768.0,357.0,226.0,183400,22512,601.9,18346,40.2,3.8,1630.0,721.0,327.0,1436.0,204.0,490.0,342.0,1.570331126,196.0,150.6581003,2.900066414,18.68113562,5.82,0.1,-0.37,-0.07,-0.16,2.3858,1.0732,41.2,67.872,10.9295
12/1/1968,38.0233,4143.746,40.6837,47.0972,87.1537,3667.0,1.365735568,3.4,8.2,1527.0,800.0,351.0,191.0,199500,22617,600.5,18410,40.3,3.7,1548.0,644.0,313.0,1389.0,224.0,533.0,316.0,1.590993378,197.4,151.2687516,2.882629108,18.77997946,6.02,0.15,-0.06,0.17,0.1,2.3842,1.0732,41.5,67.727,12.4545
1/1/1969,38.2533,4147.516,40.9549,44.5452,87.3262,3821.0,1.405813098,3.4,8.1,1554.0,785.0,339.0,209.0,191500,22644,600.8,18432,40.5,3.7,1769.0,757.0,265.0,1459.0,239.0,517.0,315.0,1.590993378,198.7,151.4921963,3.019607843,17.88902874,6.3,0.23,-0.16,0.04,-0.05,2.387,1.0729,42.9,67.846,14.9096
2/1/1969,38.4981,4166.874,41.0967,47.1554,87.6949,3817.0,1.417904903,3.4,7.9,1442.0,863.0,358.0,243.0,196000,22755,600.9,18502,40.1,3.5,1705.0,669.0,256.0,1495.0,243.0,525.0,304.0,1.590993378,199.3,151.8951801,3.044334975,17.65614707,6.61,0.01,-0.49,-0.2,-0.27,2.3914,1.0746,43.4,68.109,14.8005
3/1/1969,38.8,4185.653,41.498,47.2995,88.0269,3847.0,1.418510325,3.4,7.9,1603.0,770.0,353.0,234.0,189000,22813,597.2,18558,40.4,3.7,1561.0,562.0,339.0,1438.0,254.0,507.0,311.0,1.590993378,200.0,151.6351476,3.121852971,17.09425166,6.79,0.03,-0.77,-0.45,-0.38,2.3917,1.0769,43.4,68.44,14.4968
4/1/1969,38.6573,4195.731,41.1651,46.9036,87.3257,3885.0,1.408629442,3.4,7.9,1600.0,764.0,386.0,253.0,184000,22815,596.3,18554,40.7,3.6,1524.0,582.0,358.0,1441.0,242.0,502.0,346.0,1.601324503,200.7,151.8361851,3.070088845,17.31898321,7.41,-0.37,-1.3,-1.15,-1.11,2.3931,1.0764,43.8,68.566,14.6656
5/1/1969,38.5111,4212.218,40.9678,47.5881,86.6446,3891.0,1.434205676,3.4,7.9,1649.0,657.0,387.0,261.0,181200,22899,596.9,18588,40.4,3.7,1583.0,609.0,344.0,1328.0,242.0,470.0,326.0,1.611655629,200.8,151.7661227,2.982791587,17.82376565,8.67,-1.32,-2.63,-2.25,-2.13,2.3865,1.0772,44.6,68.594,13.9368
6/1/1969,38.8874,4226.625,41.2685,47.6617,86.842,3752.0,1.332386364,3.5,7.7,1664.0,799.0,368.0,244.0,192000,22981,597.6,18640,40.3,3.6,1528.0,601.0,339.0,1349.0,211.0,456.0,360.0,1.611655629,201.3,151.3645841,3.157151503,16.800525,8.9,-0.67,-2.46,-1.86,-2.15,2.3895,1.0796,44.9,68.765,15.0673
7/1/1969,39.0927,4249.802,41.6172,48.2825,87.144,3730.0,1.30055788,3.5,7.8,1686.0,816.0,377.0,217.0,208750,22990,603.3,18642,40.2,3.6,1368.0,572.0,349.0,1278.0,209.0,448.0,317.0,1.621986755,201.7,150.4848571,3.311867807,15.97046876,8.61,0.04,-1.61,-1.01,-1.6,2.3904,1.0808,45.0,68.882,22.6295
8/1/1969,39.1825,4276.349,41.5007,48.4135,86.9376,3659.0,1.281162465,3.5,7.9,1637.0,865.0,373.0,241.0,198400,23111,608.9,18767,40.4,3.5,1358.0,510.0,279.0,1317.0,198.0,507.0,313.0,1.611655629,201.7,149.730953,3.33757698,15.80595954,9.19,-0.86,-2.21,-1.65,-2.16,2.3853,1.0782,46.2,69.003,16.5904
9/1/1969,39.1737,4287.411,41.4181,48.46,86.4951,3878.0,1.275657895,3.7,8.0,1693.0,963.0,391.0,243.0,194750,22988,612.7,18620,40.3,3.6,1507.0,624.0,349.0,1263.0,199.0,456.0,322.0,1.611655629,202.1,149.3948636,3.332980637,15.83594972,9.15,-0.67,-2.06,-1.33,-1.58,2.384,1.0784,47.9,69.024,16.8924
10/1/1969,39.1852,4295.402,41.4487,49.0758,86.2607,3817.0,1.251885864,3.7,7.6,1814.0,853.0,374.0,238.0,199250,22976,614.0,18613,40.2,3.5,1381.0,565.0,340.0,1216.0,198.0,413.0,316.0,1.590993378,202.9,149.2613017,3.301224874,15.93995466,9.0,-0.44,-2.0,-1.36,-1.49,2.3902,1.078,48.3,69.319,15.1755
11/1/1969,38.8158,4299.542,40.949,50.2786,85.0462,3728.0,1.305322129,3.5,8.0,1580.0,888.0,392.0,246.0,205000,22840,612.1,18467,40.2,3.5,1229.0,497.0,317.0,1191.0,178.0,442.0,295.0,1.621986755,203.6,148.9657309,3.281020684,16.00565596,8.85,-0.39,-1.61,-0.96,-1.32,2.3963,1.076,48.7,69.439,14.1009
12/1/1969,38.7116,4308.572,40.9321,49.259,84.2786,3598.0,1.247572816,3.5,8.0,1585.0,883.0,413.0,281.0,219750,22884,612.7,18485,40.3,3.4,1327.0,556.0,322.0,1155.0,184.0,409.0,291.0,1.621986755,203.9,148.5170694,3.46833498,15.12917838,8.97,-0.13,-1.15,-0.8,-1.01,2.3973,1.0743,49.9,69.427,18.0997
1/1/1970,37.9948,4316.303,40.3009,49.7865,82.1557,3445.0,1.076226179,3.9,7.9,1800.0,933.0,431.0,288.0,247000,22726,608.0,18424,40.0,3.3,1085.0,476.0,223.0,1062.0,150.0,407.0,289.0,1.642649007,206.2,148.3856767,3.502746097,15.02672844,8.98,-0.2,-1.11,-0.88,-0.81,2.4004,1.073,51.9,69.409,16.2759
2/1/1970,37.9698,4326.879,40.4093,49.7098,81.9609,3409.0,0.987257457,4.2,8.0,1950.0,1048.0,470.0,309.0,258500,22747,606.6,18361,40.0,3.2,1305.0,531.0,308.0,1118.0,192.0,401.0,285.0,1.642649007,205.0,147.7649917,3.633168885,14.5081829,8.98,-0.43,-1.85,-1.39,-1.16,2.4047,1.0732,51.6,69.511,17.6779
3/1/1970,37.9205,4343.672,40.3877,50.4172,81.47,3225.0,0.887207703,4.4,8.3,1978.0,1133.0,534.0,353.0,268250,22738,605.7,18360,39.9,3.1,1319.0,520.0,270.0,1132.0,177.0,410.0,287.0,1.663311258,205.7,146.8207532,3.575860124,14.7765951,7.76,0.57,-1.13,-0.79,-0.55,2.4058,1.0728,52.7,69.622,17.4539
4/1/1970,37.823,4386.888,40.4013,50.064,80.9255,3134.0,0.825388465,4.6,8.2,2139.0,1106.0,602.0,400.0,325250,22552,602.9,18207,39.7,3.0,1264.0,533.0,256.0,1224.0,181.0,466.0,342.0,1.68397351,206.7,144.599593,3.692065154,14.32004741,8.1,-0.04,-1.59,-1.04,-0.6,2.4061,1.0729,54.6,69.681,18.3914
5/1/1970,37.7789,4361.776,40.4136,49.4114,80.4844,2940.0,0.750191375,4.8,8.6,2109.0,1241.0,591.0,360.0,310400,22336,601.8,18029,39.6,3.0,1290.0,573.0,272.0,1328.0,200.0,528.0,341.0,1.663311258,207.2,145.0345575,4.176531686,12.7432174,7.95,0.28,-1.1,-0.19,0.03,2.4037,1.073,54.1,69.798,37.6526
6/1/1970,37.6567,4375.408,40.3189,49.7366,79.992,2883.0,0.708179808,4.9,8.6,2100.0,1290.0,657.0,433.0,296500,22241,604.9,17930,39.6,2.9,1385.0,588.0,303.0,1322.0,217.0,494.0,313.0,1.663311258,207.6,144.800997,4.206905675,12.71085821,7.61,0.6,-0.92,-0.05,0.25,2.3977,1.0387,53.3,69.883,23.776
7/1/1970,37.7491,4399.934,40.354,48.8939,79.9912,2784.0,0.666826347,5.0,8.9,2132.0,1329.0,662.0,428.0,286500,22195,604.7,17877,39.7,3.0,1517.0,636.0,324.0,1324.0,226.0,480.0,309.0,1.663311258,208.0,144.0776591,4.204080824,12.78766765,7.21,1.08,-0.76,-0.11,0.38,2.3906,1.0323,52.5,70.091,21.3723
8/1/1970,37.6818,4411.13,39.9224,49.705,79.2016,2755.0,0.647321429,5.1,8.8,2182.0,1348.0,705.0,454.0,285400,22105,609.9,17779,39.6,2.9,1399.0,622.0,314.0,1394.0,221.0,513.0,349.0,1.673642384,209.9,143.5746886,4.089668891,13.29771633,6.62,1.28,-0.2,0.37,0.96,2.3877,1.0216,51.6,70.282,21.3772
9/1/1970,37.4221,4408.024,39.6499,50.7538,78.2926,2728.0,0.612208259,5.4,8.9,2235.0,1448.0,788.0,507.0,318500,21988,610.9,17692,39.3,2.7,1534.0,667.0,364.0,1426.0,208.0,549.0,382.0,1.68397351,211.8,143.6295196,3.862920804,14.17784577,6.29,1.03,-0.17,0.44,1.0,2.3853,1.016,51.1,70.529,17.5699
10/1/1970,36.6735,4392.764,39.0271,50.237,76.3074,2538.0,0.552820736,5.5,8.7,2386.0,1470.0,771.0,512.0,333600,21477,611.4,17173,39.2,2.7,1580.0,641.0,377.0,1564.0,249.0,569.0,424.0,1.694304636,212.9,143.5456974,3.76120659,14.59188548,6.2,0.65,-0.29,0.23,0.92,2.3874,1.0216,50.4,70.992,17.557
11/1/1970,36.4514,4388.306,38.7913,50.9299,75.6084,2532.0,0.516945692,5.9,9.3,2338.0,1713.0,871.0,539.0,325250,21345,612.0,17024,39.3,2.6,1647.0,725.0,329.0,1502.0,265.0,564.0,343.0,1.735629139,213.7,142.6866825,3.745455624,14.69319589,5.6,0.7,-0.32,-0.09,0.87,2.3903,1.0203,48.7,71.511,16.5581
12/1/1970,37.2885,4403.338,39.6932,51.7408,77.363,2536.0,0.499605989,6.1,9.8,2369.0,1586.0,1102.0,719.0,306000,21673,611.2,17309,39.4,2.5,1893.0,863.0,413.0,1767.0,314.0,669.0,434.0,1.68397351,214.4,142.3640238,3.486951694,15.83551091,4.9,0.83,-0.03,0.1,1.05,2.3906,1.0175,47.1,71.908,13.355
1/1/1971,37.5753,4441.241,39.8401,51.8948,77.7996,2440.0,0.489370237,5.9,10.5,2302.0,1626.0,1113.0,683.0,298800,21594,605.2,17280,39.6,2.8,1828.0,773.0,473.0,1643.0,264.0,635.0,378.0,1.663311258,215.5,141.2940254,3.347951653,16.67799633,4.14,0.97,0.3,0.43,1.75,2.4058,1.0118,46.3,72.296,14.3142
2/1/1971,37.5037,4450.084,39.8751,52.2482,77.6389,2505.0,0.510911687,5.9,10.4,2178.0,1633.0,1068.0,620.0,284000,21514,600.5,17216,39.4,2.8,1741.0,742.0,445.0,1588.0,202.0,632.0,446.0,1.652980133,217.4,141.3862378,3.212851406,17.50762379,3.72,0.75,-0.02,0.17,1.84,2.4178,1.0075,45.4,72.529,14.3354
3/1/1971,37.4631,4464.048,39.758,52.3621,77.2808,2504.0,0.502105474,6.0,10.6,2144.0,1637.0,1098.0,645.0,293750,21491,598.9,17154,39.6,2.8,1910.0,818.0,454.0,1759.0,273.0,659.0,432.0,1.652980133,218.8,141.2967437,3.12248996,18.12238164,3.71,0.48,-0.33,-0.02,1.29,2.4187,1.0064,45.4,72.622,13.5001
4/1/1971,37.6735,4475.918,39.9592,52.5745,77.49,2501.0,0.504335552,5.9,10.9,2206.0,1575.0,1149.0,695.0,287500,21552,599.2,17149,39.6,2.8,1986.0,821.0,478.0,1745.0,251.0,655.0,439.0,1.652980133,220.0,141.5657049,3.016184466,18.8876751,4.16,0.41,-0.29,0.15,1.5,2.4179,1.0077,46.7,72.837,12.0573
5/1/1971,37.8646,4493.209,39.9887,50.4056,77.8149,2535.0,0.507405925,5.9,11.2,2229.0,1566.0,1173.0,665.0,292200,21645,599.9,17225,39.6,2.9,2049.0,877.0,513.0,1972.0,342.0,720.0,480.0,1.642649007,222.0,141.1523417,3.054458661,18.70208982,4.63,0.43,-0.49,0.41,1.65,2.4187,1.0087,46.1,72.996,14.1451
6/1/1971,38.0234,4577.424,40.1511,51.9165,77.8141,2638.0,0.533036977,5.9,11.6,2180.0,1606.0,1167.0,626.0,296500,21568,599.0,17139,39.6,2.9,2026.0,884.0,479.0,1903.0,293.0,716.0,474.0,1.621986755,223.5,138.8314156,3.108704372,18.36539914,4.91,0.47,-0.16,0.73,1.62,2.4188,1.0213,46.1,73.16,16.883
7/1/1971,37.9131,4520.323,40.6056,51.9511,77.7503,2600.0,0.516385303,6.0,11.5,2210.0,1549.0,1251.0,684.0,293200,21564,580.3,17126,39.6,2.9,2083.0,856.0,524.0,2069.0,333.0,790.0,511.0,1.642649007,224.9,141.2143453,3.127949495,18.31620715,5.31,0.44,0.09,0.73,1.54,2.4185,1.0213,46.1,73.33,13.8336
8/1/1971,37.693,4535.789,40.3705,52.8777,76.6371,2625.0,0.511297234,6.1,11.5,2337.0,1568.0,1261.0,711.0,325250,21570,597.7,17115,39.5,2.9,2158.0,924.0,488.0,2004.0,331.0,740.0,507.0,1.632317881,225.6,141.5894026,3.181129165,18.04338112,5.57,0.17,-0.62,0.24,0.99,2.4346,1.013,46.2,72.79,23.3838
9/1/1971,38.3056,4562.531,40.949,51.7522,77.9928,2597.0,0.515073384,6.0,11.9,2301.0,1568.0,1239.0,676.0,320250,21650,604.2,17154,39.4,2.8,2041.0,880.0,464.0,1996.0,344.0,758.0,467.0,1.632317881,226.5,141.9603461,3.108651911,18.52146303,5.55,0.14,-0.86,-0.14,0.59,2.4694,1.013,46.3,72.386,14.6366
10/1/1971,38.5924,4575.168,41.3717,52.0289,78.9544,2631.0,0.531085991,5.8,12.6,2222.0,1546.0,1268.0,677.0,297600,21604,540.3,17126,39.6,2.9,2128.0,916.0,514.0,2026.0,318.0,776.0,501.0,1.642649007,227.2,142.4807523,3.169215747,18.12585105,5.2,0.22,-0.74,-0.29,0.73,2.4896,1.0047,46.1,72.331,14.9179
11/1/1971,38.7561,4598.431,41.6117,52.1478,79.0489,2693.0,0.521798101,6.0,12.0,2304.0,1629.0,1277.0,696.0,287000,21684,544.5,17166,39.8,2.9,2182.0,931.0,482.0,2079.0,316.0,794.0,511.0,1.611655629,227.8,143.2599312,3.31609183,17.2760751,4.91,-0.07,-0.69,-0.24,0.87,2.4933,1.0039,46.2,72.396,21.5559
12/1/1971,39.2035,4622.5,41.8479,53.1812,79.5848,2728.0,0.529297633,6.0,11.5,2320.0,1518.0,1283.0,700.0,273000,21741,604.0,17202,39.7,3.0,2295.0,981.0,517.0,2133.0,313.0,821.0,523.0,1.601324503,228.3,143.3583213,3.095694262,18.3100347,4.14,0.52,-0.13,0.46,1.55,2.5266,0.9993,45.4,72.657,16.5773
1/1/1972,40.1408,4644.778,42.6619,53.4844,81.3995,2857.0,0.5692369,5.8,12.1,2324.0,1489.0,1257.0,664.0,271200,21865,602.5,17283,39.7,3.0,2494.0,1034.0,629.0,2238.0,372.0,852.0,597.0,1.570331126,230.1,142.9858314,2.971926428,18.95519899,3.51,0.52,-0.12,0.78,2.09,2.5705,1.0059,45.6,73.031,14.0695
2/1/1972,40.5459,4682.524,43.0689,54.7573,81.8563,2919.0,0.592329546,5.7,12.4,2111.0,1470.0,1292.0,641.0,263500,21915,598.5,17361,39.9,3.2,2390.0,1083.0,564.0,2169.0,350.0,802.0,601.0,1.590993378,232.3,142.5556433,2.918250951,19.0912164,3.3,0.51,-0.09,0.98,2.4,2.6037,1.0047,45.6,73.073,12.1628
3/1/1972,40.8263,4712.202,43.2717,54.9648,82.2062,2983.0,0.59210004,5.8,12.3,2303.0,1418.0,1232.0,600.0,262750,22036,601.5,17447,39.9,3.2,2334.0,1012.0,606.0,2105.0,290.0,873.0,538.0,1.56,234.3,143.165689,2.850510678,19.38010238,3.83,0.27,-0.1,0.84,2.04,2.6181,0.9985,46.4,73.154,14.5198
4/1/1972,41.2348,4718.611,43.7337,54.3974,82.8926,3013.0,0.607582174,5.7,12.4,2229.0,1500.0,1203.0,530.0,263000,22099,595.3,17508,39.9,3.5,2249.0,1070.0,465.0,2139.0,333.0,872.0,480.0,1.56,235.6,144.1101653,2.821691176,19.41230276,4.17,0.38,-0.46,0.79,2.0,2.6102,0.9957,46.6,73.382,13.4985
5/1/1972,41.2405,4738.426,43.6614,54.6732,82.8225,3065.0,0.622714344,5.7,12.3,2192.0,1534.0,1168.0,588.0,267750,22222,598.6,17602,39.8,3.4,2221.0,997.0,446.0,2067.0,308.0,785.0,527.0,1.56,235.9,144.9111653,2.850510678,19.04902252,4.27,0.18,-0.58,0.37,1.58,2.6124,0.9889,46.5,73.483,15.952
6/1/1972,41.3497,4751.74,43.8189,53.8149,82.893,3101.0,0.629900467,5.7,12.4,2279.0,1489.0,1141.0,591.0,273250,22282,600.0,17641,40.0,3.4,2254.0,992.0,535.0,2183.0,301.0,889.0,549.0,1.56,236.6,146.0238803,2.842592593,18.92809192,4.46,0.14,-0.55,0.47,1.45,2.5691,0.9795,46.4,73.519,12.8417
7/1/1972,41.3035,4780.516,44.0191,54.5384,82.6441,3166.0,0.644412782,5.6,11.8,2248.0,1515.0,1154.0,635.0,297600,22162,596.7,17556,39.9,3.4,2252.0,1011.0,476.0,2195.0,311.0,932.0,530.0,1.56,238.8,145.5563592,2.866912313,18.56107276,4.55,0.28,-0.57,0.41,1.42,2.4447,0.984,45.7,73.662,15.2696
8/1/1972,41.879,4824.896,44.56,54.7451,83.5285,3285.0,0.665114396,5.6,11.8,2285.0,1541.0,1156.0,619.0,253500,22400,605.8,17741,40.0,3.4,2382.0,1029.0,543.0,2263.0,322.0,953.0,528.0,1.539337748,240.9,145.2454916,2.771774775,19.03264067,4.81,-0.06,-0.78,0.18,1.22,2.4502,0.9824,45.8,73.83,14.3576
9/1/1972,42.2132,4843.175,44.8204,55.5633,83.9714,3326.0,0.685914622,5.5,12.1,2353.0,1390.0,1131.0,583.0,256200,22456,611.5,17774,40.0,3.6,2481.0,1139.0,520.0,2393.0,318.0,1044.0,523.0,1.518675497,243.2,145.4284135,2.81535649,18.57272338,4.87,0.2,-0.21,0.65,1.38,2.441,0.983,46.4,74.014,14.2933
10/1/1972,42.7494,4954.863,45.5076,57.2051,84.9134,3480.0,0.713846154,5.6,11.7,2351.0,1472.0,1123.0,601.0,251000,22613,611.3,17893,40.1,3.6,2485.0,1135.0,505.0,2354.0,341.0,1009.0,569.0,1.508344371,245.0,143.4935311,2.831505474,18.37907736,5.05,0.16,-0.3,0.48,1.14,2.3948,0.9827,46.3,73.514,16.5987
11/1/1972,43.2548,5005.278,45.9347,54.8695,85.7175,3545.0,0.770317253,5.3,11.4,2191.0,1386.0,1040.0,570.0,250750,22688,608.9,18005,40.0,3.7,2421.0,1121.0,547.0,2234.0,366.0,909.0,548.0,1.487682119,246.4,143.3467291,2.716481321,19.11578451,5.06,0.12,-0.28,0.21,1.06,2.3515,0.9874,46.2,73.561,13.6006
12/1/1972,43.7367,5023.731,46.2827,53.9017,86.5759,3847.0,0.846797271,5.2,11.4,2003.0,1460.0,1006.0,551.0,242400,22772,604.7,18158,39.7,3.7,2366.0,1095.0,531.0,2419.0,426.0,1010.0,522.0,1.467019868,249.2,144.3124057,2.680851064,19.33176142,5.33,0.07,-0.26,0.19,0.83,2.3449,0.9968,46.2,73.721,14.9553
1/1/1973,44.0529,5003.812,46.5337,53.6915,86.9787,3947.0,0.912390199,4.9,11.0,2035.0,1344.0,947.0,537.0,228500,22955,601.2,18276,39.7,3.8,2481.0,1072.0,494.0,2271.0,357.0,910.0,532.0,1.456688742,251.5,147.3045413,2.666106419,19.29499977,5.94,-0.17,-0.53,-0.05,0.4,2.3563,0.9993,46.6,73.72,14.392
2/1/1973,44.6827,5022.151,47.1934,52.8535,88.0795,3941.0,0.885220126,5.0,10.5,2259.0,1263.0,894.0,522.0,222000,23160,604.0,18410,40.1,3.9,2289.0,1004.0,438.0,2226.0,317.0,905.0,504.0,1.456688742,252.2,147.9924404,2.769991243,18.33088343,6.58,-0.41,-0.98,-0.39,0.02,2.4272,0.9956,48.2,73.941,19.2363
3/1/1973,44.7045,5028.119,47.3581,51.9606,87.9606,3978.0,0.905325444,4.9,10.6,2136.0,1340.0,889.0,501.0,227200,23262,603.6,18493,40.2,3.8,2365.0,1174.0,414.0,2062.0,341.0,817.0,498.0,1.456688742,251.7,148.7262586,2.820284698,17.71502046,7.09,-0.33,-1.0,-0.24,-0.29,2.4724,0.9967,52.0,74.05,20.0866
4/1/1973,44.6387,5037.899,47.1709,51.8734,87.5274,3909.0,0.876653958,5.0,10.0,2260.0,1474.0,809.0,469.0,239000,23316,603.8,18530,40.1,4.0,2084.0,831.0,516.0,1908.0,299.0,813.0,424.0,1.467019868,252.7,148.8632188,2.889093382,17.10195354,7.12,0.01,-0.86,-0.27,-0.45,2.4837,1.0007,53.0,74.343,20.1652
5/1/1973,44.9429,5059.894,47.4922,52.0032,87.814,3953.0,0.913143913,4.9,10.1,2223.0,1320.0,816.0,467.0,240250,23382,605.3,18564,40.2,3.8,2266.0,961.0,488.0,1931.0,267.0,824.0,447.0,1.477350993,254.9,149.3949605,2.98818097,16.34231661,7.84,-0.58,-1.48,-0.95,-1.04,2.5306,1.0008,53.3,74.506,25.6842
6/1/1973,45.0035,5074.122,47.5092,52.2061,87.5399,3978.0,0.911757965,4.9,9.6,2322.0,1248.0,779.0,454.0,238800,23485,611.7,18606,40.1,3.8,2067.0,889.0,419.0,2051.0,307.0,963.0,444.0,1.477350993,256.7,149.8917776,3.072519084,15.69989463,8.49,-0.49,-1.3,-1.18,-1.8,2.5762,0.9984,53.9,74.608,22.8772
7/1/1973,45.1636,5089.133,47.6669,51.3824,87.5919,4043.0,0.939140534,4.8,9.6,2271.0,1314.0,756.0,474.0,242750,23522,617.0,18598,40.1,3.8,2123.0,1007.0,407.0,1819.0,279.0,735.0,422.0,1.477350993,257.5,150.4005078,3.059234405,15.63781694,10.4,-1.14,-2.39,-2.01,-3.07,2.5375,0.9995,55.1,74.766,21.5127
8/1/1973,45.1019,5074.021,47.4945,51.4811,87.078,3946.0,0.916608595,4.8,9.8,2290.0,1260.0,788.0,454.0,258250,23559,622.7,18629,40.0,3.7,2051.0,874.0,458.0,1809.0,284.0,735.0,409.0,1.477350993,257.7,150.6299913,3.134229287,14.88462429,10.5,-0.24,-1.83,-1.68,-2.87,2.4757,1.0039,55.9,74.87,17.2002
9/1/1973,45.4624,5104.199,48.0152,51.9034,87.4473,3914.0,0.899770115,4.8,9.4,2211.0,1346.0,785.0,490.0,246800,23548,625.7,18609,40.0,3.8,1874.0,774.0,398.0,1704.0,242.0,693.0,443.0,1.487682119,257.9,149.9157298,3.096590909,14.93005399,10.78,-0.47,-2.49,-2.47,-3.73,2.4183,1.0083,55.8,74.924,17.3245
10/1/1973,45.847,5148.7,48.4154,53.659,88.0325,3973.0,0.958735521,4.6,10.2,2063.0,1321.0,793.0,457.0,241500,23641,630.1,18702,40.0,3.7,1677.0,726.0,342.0,1411.0,207.0,582.0,324.0,1.467019868,259.0,149.3716235,3.011539162,15.19118753,10.01,-0.87,-2.79,-2.61,-3.24,2.4292,1.0011,56.5,74.917,19.0463
11/1/1973,46.0553,5160.48,48.5882,52.816,88.3454,3952.0,0.89899909,4.8,9.9,2288.0,1256.0,832.0,482.0,253750,23719,636.3,18773,40.3,3.8,1724.0,765.0,381.0,1402.0,217.0,599.0,292.0,1.456688742,261.0,149.2088881,3.27777451,13.83995644,10.03,-0.92,-2.2,-2.46,-3.11,2.387,0.9991,57.8,75.129,28.7514
12/1/1973,45.923,5146.807,48.1941,52.7062,88.0841,3788.0,0.843840499,4.9,9.5,2332.0,1310.0,767.0,439.0,284000,23779,641.0,18820,40.1,3.6,1526.0,699.0,318.0,1288.0,197.0,520.0,324.0,1.477350993,262.9,149.0527769,3.566153197,12.61216818,9.95,-0.67,-2.5,-2.68,-3.15,2.3174,0.9994,63.9,75.232,34.147
1/1/1974,45.6204,5102.933,47.9103,52.1056,87.1054,3785.0,0.815030146,5.1,9.5,2400.0,1404.0,799.0,467.0,305250,23709,645.5,18788,39.8,3.5,1451.0,618.0,262.0,1331.0,212.0,540.0,300.0,1.477350993,263.8,149.9380873,3.537613152,12.51545531,9.65,-0.79,-1.88,-2.23,-2.7,2.224,0.9915,65.3,75.542,27.4409
2/1/1974,45.4759,5072.291,47.7353,52.1107,86.4706,3702.0,0.782498415,5.2,9.6,2432.0,1426.0,829.0,495.0,318500,23718,649.2,18727,40.0,3.4,1752.0,780.0,342.0,1360.0,206.0,543.0,319.0,1.477350993,265.3,150.1026593,3.659711075,11.87707716,8.97,-0.97,-1.85,-2.09,-2.15,2.2749,0.9766,66.4,75.851,22.468
3/1/1974,45.4777,5039.098,47.9066,53.2063,86.1093,3717.0,0.802114804,5.1,9.7,2413.0,1403.0,849.0,519.0,311600,23687,650.1,18700,39.9,3.5,1555.0,653.0,340.0,1440.0,201.0,544.0,357.0,1.467019868,266.7,150.0131811,3.530377668,12.10678059,9.35,-0.71,-1.39,-1.59,-2.04,2.3406,0.972,70.4,76.38,20.9693
4/1/1974,45.3451,5036.13,47.6944,57.6624,85.4785,3836.0,0.830662625,5.1,9.8,2337.0,1456.0,889.0,535.0,293000,23670,659.8,18702,39.1,2.9,1607.0,690.0,337.0,1254.0,178.0,485.0,344.0,1.477350993,267.2,149.9067246,3.742158771,11.33996583,10.51,-0.59,-2.18,-1.89,-2.59,2.3886,0.9676,74.5,76.907,20.7668
5/1/1974,45.7044,5040.703,48.1294,58.1105,85.8682,3786.0,0.804675877,5.1,9.6,2457.0,1409.0,880.0,524.0,297500,23635,666.8,18688,39.8,3.4,1426.0,618.0,312.0,1138.0,177.0,415.0,296.0,1.477350993,267.6,149.0295519,3.880896621,10.76925726,11.31,-0.49,-3.08,-2.53,-3.13,2.4137,0.9623,80.7,77.715,22.2272
6/1/1974,45.6238,5037.213,48.1963,58.4125,85.6518,3686.0,0.74812259,5.4,9.7,2497.0,1517.0,926.0,559.0,305600,23591,672.1,18690,39.7,3.3,1513.0,614.0,310.0,1086.0,167.0,386.0,287.0,1.498013245,268.5,148.4266624,3.897984185,10.61406134,11.93,-0.75,-4.03,-3.26,-3.83,2.3902,0.9664,81.6,78.916,23.768
7/1/1974,45.7221,5057.141,48.1185,59.2496,85.4232,3557.0,0.702547897,5.5,9.9,2526.0,1602.0,924.0,537.0,309500,23462,678.5,18656,39.7,3.3,1316.0,543.0,285.0,1002.0,146.0,372.0,259.0,1.487682119,269.3,147.5925107,4.450888917,9.233380544,12.92,-0.99,-5.37,-4.12,-4.54,2.3896,0.9763,81.0,79.97,29.7672
8/1/1974,45.2366,5048.655,47.9286,59.5253,84.4351,3472.0,0.691358025,5.5,9.8,2609.0,1483.0,960.0,572.0,341400,23396,684.9,18570,39.7,3.4,1142.0,443.0,255.0,917.0,131.0,314.0,246.0,1.487682119,270.1,146.8238572,4.682362225,8.6921725,12.01,-0.22,-3.05,-2.65,-3.38,2.3456,0.9799,81.8,80.707,29.1721
9/1/1974,45.2365,5043.366,47.8451,58.02,84.2268,3329.0,0.612286187,5.9,9.6,2723.0,1680.0,1021.0,630.0,360750,23274,692.8,18492,39.5,3.2,1150.0,436.0,241.0,840.0,139.0,264.0,219.0,1.529006623,271.0,145.519013,5.270111568,7.649513544,11.34,0.02,-3.28,-2.47,-2.97,2.3165,0.9864,80.9,81.76,36.7628
10/1/1974,45.1133,5059.64,47.7915,59.0377,83.4984,3091.0,0.559659605,6.0,9.9,2723.0,1770.0,1072.0,674.0,396750,23118,703.4,18364,39.6,3.1,1070.0,430.0,225.0,824.0,144.0,253.0,210.0,1.56,272.3,143.743524,5.174726382,7.685391859,10.06,-0.51,-2.6,-2.01,-2.09,2.333,0.983,77.4,82.813,38.3682
11/1/1974,43.6278,5029.511,46.654,58.5298,80.8351,2859.0,0.465635179,6.6,9.6,3052.0,1918.0,1128.0,698.0,457600,22773,707.3,18077,39.1,2.8,1026.0,369.0,233.0,783.0,131.0,243.0,216.0,1.590993378,273.7,143.2708951,5.013479231,7.860619422,9.45,-0.5,-1.98,-1.79,-1.77,2.3252,0.9874,76.3,83.339,27.2538
12/1/1974,42.0533,5026.41,45.1379,59.2563,77.0007,2620.0,0.394816154,7.2,10.1,3125.0,2151.0,1326.0,788.0,524000,22303,672.9,17693,39.1,2.6,975.0,353.0,210.0,869.0,179.0,266.0,236.0,1.652980133,274.2,142.2373066,5.367526465,7.293378922,8.53,0.65,-1.38,-1.22,-1.22,2.3294,0.9882,75.0,83.866,28.2313
1/1/1975,41.4676,5021.74,44.2574,60.3535,75.2764,2470.0,0.329289428,8.1,10.7,3293.0,2646.0,1555.0,930.0,535000,21974,715.3,17344,38.9,2.5,1032.0,382.0,199.0,726.0,97.0,235.0,203.0,1.652980133,273.9,141.5749067,4.993563947,7.879849437,7.13,0.26,-0.87,-0.3,0.28,2.3623,0.9948,73.6,83.965,26.7976
2/1/1975,40.5165,5019.3,43.2675,58.5963,73.064,2412.0,0.320744681,8.1,11.7,2947.0,2616.0,1841.0,1124.0,544500,21512,718.3,17004,38.6,2.4,904.0,346.0,159.0,729.0,112.0,223.0,217.0,1.652980133,275.0,141.2543145,4.552646692,8.668037562,6.24,0.12,-0.74,-0.26,0.87,2.3958,1.0004,71.4,84.592,22.9871
3/1/1975,40.0638,5022.998,42.8866,57.332,71.9398,2342.0,0.293557283,8.6,11.8,3193.0,2630.0,2074.0,1305.0,546600,21274,720.9,16853,38.3,2.3,993.0,400.0,230.0,709.0,103.0,215.0,223.0,1.694304636,276.4,140.4108669,4.380520411,9.083295507,5.54,0.52,-0.05,0.57,1.76,2.418,1.0005,71.9,85.377,24.0618
4/1/1975,40.1573,5029.124,43.2635,56.9868,71.8607,2348.0,0.285992692,8.8,12.9,2915.0,2719.0,2442.0,1478.0,525250,21109,716.9,16759,38.7,2.4,1005.0,401.0,247.0,866.0,133.0,283.0,239.0,1.673642384,276.2,139.367233,4.347651086,9.214334071,5.49,0.62,0.12,1.41,2.5,2.3707,1.011,71.5,86.063,22.6474
5/1/1975,40.0253,5059.831,43.2629,55.5834,71.62,2344.0,0.27795565,9.0,13.4,3051.0,2692.0,2643.0,1554.0,498800,21097,727.5,16746,38.9,2.4,1121.0,422.0,286.0,914.0,135.0,272.0,269.0,1.663311258,279.2,137.8801161,4.102852386,9.839310091,5.22,0.48,0.01,1.17,2.5,2.3205,1.0286,70.9,86.112,21.0543
6/1/1975,40.2772,5148.088,43.5425,56.9937,72.1061,2514.0,0.305839416,8.8,15.3,2872.0,2526.0,2843.0,1538.0,495500,21018,727.4,16690,38.8,2.4,1087.0,398.0,289.0,946.0,126.0,310.0,275.0,1.632317881,282.4,132.6155037,4.015151515,10.13557108,5.55,0.12,-0.21,0.74,1.96,2.2803,1.0264,69.5,86.325,18.9576
7/1/1975,40.6994,5091.326,44.2462,58.4344,73.0185,2558.0,0.314753292,8.6,15.0,2882.0,2268.0,2943.0,1542.0,442000,20981,727.5,16678,39.1,2.6,1226.0,431.0,295.0,1020.0,139.0,306.0,292.0,1.611655629,283.7,133.8582599,4.011244459,10.18209753,6.1,0.22,0.03,1.01,1.82,2.1845,1.0309,69.2,86.718,17.4815
8/1/1975,41.0998,5129.306,44.4157,58.0906,73.6354,2530.0,0.319122099,8.4,15.6,2808.0,2371.0,2862.0,1390.0,452000,21176,731.6,16824,39.4,2.8,1260.0,478.0,288.0,994.0,135.0,316.0,292.0,1.590993378,284.1,132.5488225,4.328549761,9.5792477,6.14,0.45,0.3,1.56,2.19,2.1143,1.0354,69.6,87.092,23.5821
9/1/1975,41.6304,5141.395,44.9919,60.5427,74.734,2596.0,0.327653667,8.4,16.1,2878.0,2357.0,2906.0,1308.0,445250,21284,732.9,16904,39.5,2.8,1264.0,503.0,307.0,1064.0,148.0,334.0,320.0,1.590993378,285.7,132.2216344,4.381717255,9.58354076,6.24,0.55,0.18,1.51,2.13,2.0834,1.0263,70.6,87.524,23.1596
10/1/1975,41.8135,5165.514,45.1369,58.8644,74.9983,2597.0,0.32885906,8.4,15.4,2962.0,2392.0,2689.0,1241.0,421250,21384,737.6,16984,39.5,2.7,1344.0,495.0,349.0,1096.0,139.0,341.0,338.0,1.580662252,285.4,131.3310033,4.177486734,10.1687461,5.82,0.53,0.14,1.13,2.15,2.0568,1.0251,70.6,87.94,21.4832
11/1/1975,41.8697,5165.194,45.1518,59.2998,74.9692,2694.0,0.3456505,8.3,16.6,2718.0,2345.0,2789.0,1144.0,400600,21442,737.8,17025,39.5,2.8,1360.0,540.0,324.0,1110.0,141.0,347.0,337.0,1.590993378,286.8,131.3200577,4.096813589,10.45440565,5.22,0.56,0.26,1.27,2.58,2.0484,1.0139,70.4,88.336,16.8989
12/1/1975,42.4414,5172.774,45.6861,59.9804,75.91,2699.0,0.348527893,8.2,16.5,2762.0,2191.0,2868.0,1282.0,374250,21602,743.4,17140,39.8,2.9,1321.0,530.0,308.0,1091.0,139.0,349.0,318.0,1.570331126,287.1,132.3093835,4.148816234,10.43300761,5.2,0.68,0.24,1.4,2.56,2.0221,1.0139,70.0,89.077,19.0371
1/1/1976,43.0012,5206.807,46.189,59.5749,76.6358,2763.0,0.366737457,7.9,16.6,2749.0,2154.0,2713.0,1132.0,371200,21799,744.8,17287,40.0,3.0,1367.0,550.0,343.0,1195.0,136.0,374.0,401.0,1.539337748,288.4,132.0399461,3.802735907,11.54736334,4.87,0.29,0.0,0.94,2.59,2.0286,1.0065,69.8,89.476,19.5375
2/1/1976,43.4229,5237.103,46.4975,62.221,77.5836,2912.0,0.397488398,7.7,16.3,2799.0,1980.0,2519.0,986.0,348250,21893,743.1,17384,40.0,3.1,1538.0,614.0,330.0,1190.0,141.0,385.0,346.0,1.539337748,290.8,131.9786827,3.664681909,12.08682281,4.77,0.36,0.11,1.14,2.68,2.0262,0.9935,69.7,89.71,19.2173
3/1/1976,43.5168,5250.841,46.4912,62.4996,77.6553,2935.0,0.405947441,7.6,16.5,2628.0,1995.0,2441.0,981.0,360500,21980,747.2,17470,39.7,3.1,1421.0,506.0,341.0,1164.0,143.0,365.0,343.0,1.539337748,292.7,132.5665961,3.649851632,12.21202289,4.84,0.41,0.16,1.37,2.65,1.9428,0.9859,70.3,89.751,18.2503
4/1/1976,43.7327,5271.098,46.6657,62.8804,77.9206,2918.0,0.398090041,7.7,15.9,2938.0,2011.0,2210.0,801.0,370250,22050,745.3,17541,39.4,2.6,1395.0,505.0,335.0,1132.0,139.0,357.0,348.0,1.539337748,294.7,133.0417793,3.644092247,12.30230836,4.82,0.27,0.04,1.1,2.43,1.8463,0.9836,72.5,90.293,17.6447
5/1/1976,43.9186,5277.153,46.959,63.6875,78.1365,2987.0,0.423507727,7.4,15.0,2795.0,2049.0,2115.0,896.0,391600,21988,745.8,17513,39.9,3.2,1459.0,508.0,404.0,1194.0,144.0,396.0,357.0,1.549668874,295.9,132.7342155,3.69236166,12.12291788,5.29,0.15,-0.09,1.11,2.3,1.8079,0.9802,74.0,90.738,17.4434
6/1/1976,43.9637,5284.953,46.8929,65.368,78.0268,3005.0,0.410406993,7.6,16.9,2787.0,2281.0,2332.0,979.0,393750,21982,749.0,17521,39.8,3.1,1495.0,580.0,377.0,1188.0,132.0,370.0,379.0,1.539337748,296.2,132.9983892,3.693516699,12.07900337,5.48,0.35,-0.07,1.04,2.13,1.764,0.9736,74.8,90.893,16.6744
7/1/1976,44.2141,5317.491,47.2504,64.6366,78.4157,2977.0,0.397463284,7.8,15.7,2965.0,2181.0,2316.0,1066.0,390800,21988,756.6,17524,39.8,3.2,1401.0,551.0,347.0,1245.0,151.0,388.0,406.0,1.549668874,297.2,132.5328864,3.637236084,12.20052291,5.31,0.23,-0.08,0.89,2.18,1.785,0.9722,77.1,91.385,14.0582
8/1/1976,44.5182,5332.551,47.4424,64.7155,78.7235,2982.0,0.396648045,7.8,15.6,2893.0,2323.0,2378.0,1098.0,388500,22038,728.1,17596,39.7,3.1,1550.0,574.0,409.0,1309.0,163.0,395.0,436.0,1.549668874,299.0,132.040624,3.697967086,11.91171256,5.29,0.07,-0.15,0.71,2.02,1.7828,0.9854,77.5,91.547,15.9058
9/1/1976,44.6721,5337.168,47.6282,64.278,78.7621,2960.0,0.401084011,7.6,15.2,2910.0,2329.0,2296.0,1092.0,407500,22142,759.7,17665,39.9,3.1,1720.0,632.0,456.0,1481.0,159.0,469.0,462.0,1.549668874,299.6,132.3279231,3.6492891,11.98763267,5.25,0.08,-0.17,0.59,1.88,1.7272,0.9751,78.0,92.283,16.5108
10/1/1976,44.6585,5335.461,47.8671,64.3619,78.4713,2997.0,0.403364738,7.7,15.2,2945.0,2285.0,2292.0,1061.0,409000,22037,760.0,17548,39.7,3.2,1629.0,574.0,476.0,1425.0,163.0,421.0,477.0,1.580662252,302.0,132.8300319,3.843640824,11.3717508,5.02,0.08,-0.1,0.48,1.73,1.6377,0.9727,78.5,93.079,19.007
11/1/1976,45.3392,5382.241,48.646,65.5324,79.2971,3065.0,0.402230971,7.8,15.3,2826.0,2449.0,2354.0,1076.0,389500,22207,761.8,17682,39.8,3.1,1641.0,591.0,483.0,1531.0,166.0,449.0,550.0,1.56,303.6,132.3525238,3.936096838,11.12766369,4.95,0.03,-0.2,0.34,1.57,1.6381,0.9859,78.3,93.246,18.4481
12/1/1976,45.8294,5398.735,49.1564,66.5073,79.9478,3202.0,0.424387011,7.8,15.1,2921.0,2304.0,2375.0,1041.0,373750,22261,766.1,17719,39.6,3.2,1804.0,649.0,530.0,1511.0,170.0,462.0,528.0,1.518675497,306.2,133.2097409,3.868194842,11.31624428,4.65,0.01,-0.3,0.24,1.45,1.6784,1.0183,77.1,93.545,14.0253
1/1/1977,45.5087,5372.549,48.9424,67.6428,79.4033,3298.0,0.453021978,7.5,15.2,2894.0,2206.0,2200.0,989.0,401800,22320,771.8,17803,38.9,3.3,1527.0,571.0,571.0,1466.0,136.0,457.0,547.0,1.529006623,308.3,124.0615189,3.946695568,11.00651391,4.61,0.11,0.01,0.68,1.97,1.7124,1.0103,77.5,94.222,14.675
2/1/1977,46.2277,5389.96,49.7603,69.9981,80.66,3300.0,0.443369609,7.6,14.7,3015.0,2240.0,2174.0,969.0,450750,22478,775.1,17843,40.0,3.3,1943.0,754.0,590.0,1560.0,140.0,508.0,561.0,1.518675497,311.5,124.5560581,4.102306931,10.47628602,4.68,0.08,-0.01,0.79,2.15,1.7103,1.0279,79.6,94.187,13.1127
3/1/1977,46.8185,5413.846,50.0932,68.2353,81.6244,3396.0,0.464759819,7.4,14.5,2993.0,2213.0,2057.0,894.0,360250,22672,787.5,17941,39.9,3.3,2063.0,802.0,551.0,1660.0,212.0,514.0,541.0,1.498013245,313.9,125.4753723,4.16500994,10.2671765,4.69,0.06,-0.09,0.81,2.24,1.7174,1.0513,81.1,94.332,15.3015
4/1/1977,47.2684,5437.2,50.6221,68.1498,82.2802,3488.0,0.49412098,7.2,14.4,3015.0,1994.0,1936.0,816.0,367400,22807,792.7,18024,40.0,3.3,1892.0,743.0,492.0,1660.0,177.0,547.0,518.0,1.508344371,316.0,125.7180517,4.287400303,9.951759337,4.73,0.02,-0.19,0.71,2.06,1.719,1.0515,81.6,94.432,18.0098
5/1/1977,47.6411,5450.793,51.0208,67.324,82.7173,3585.0,0.518738243,7.0,14.9,2754.0,2170.0,1928.0,859.0,380250,22919,796.2,18107,40.1,3.5,1971.0,769.0,501.0,1668.0,181.0,556.0,524.0,1.518675497,317.2,126.336505,4.35736128,9.814018005,5.35,-0.09,-0.39,0.49,1.59,1.7185,1.0486,82.8,94.744,15.1482
6/1/1977,48.0116,5459.172,51.5649,66.1843,83.2306,3618.0,0.507148865,7.2,14.4,3138.0,2078.0,1918.0,892.0,361250,23046,807.2,18192,40.0,3.5,1893.0,732.0,484.0,1752.0,239.0,571.0,528.0,1.518675497,318.8,127.0463676,4.391177359,9.749633155,5.39,0.03,-0.37,0.41,1.37,1.7191,1.0577,81.5,95.004,14.0565
7/1/1977,48.073,5489.51,51.7095,66.0778,82.9907,3713.0,0.543710646,6.9,14.3,2859.0,2060.0,1907.0,934.0,361400,23106,783.5,18259,39.9,3.4,2058.0,811.0,564.0,1687.0,165.0,571.0,539.0,1.518675497,320.2,127.2189402,4.397874251,9.747936149,5.42,-0.03,-0.23,0.52,1.42,1.7226,1.0612,81.5,95.453,15.3617
8/1/1977,48.1205,5511.046,51.8818,65.5809,83.2056,3799.0,0.548592058,7.0,13.9,2896.0,2207.0,1836.0,938.0,367250,23124,768.6,18276,39.9,3.5,2020.0,838.0,526.0,1780.0,176.0,613.0,545.0,1.518675497,322.3,127.5381537,4.555836317,9.438104832,5.9,-0.14,-0.41,0.47,1.13,1.7397,1.075,81.4,95.767,14.4929
9/1/1977,48.3189,5545.405,51.9967,65.8015,83.0259,3785.0,0.56065768,6.8,14.0,2883.0,2125.0,1853.0,914.0,368750,23244,802.4,18334,39.8,3.4,1949.0,802.0,540.0,1674.0,171.0,568.0,554.0,1.529006623,324.5,127.4653008,4.676296373,9.221184722,6.14,-0.04,-0.33,0.39,0.9,1.7431,1.0733,79.7,95.911,14.0867
10/1/1977,48.3871,5593.319,51.9534,66.0689,82.9403,3971.0,0.587165459,6.8,13.7,2883.0,2127.0,1789.0,876.0,359000,23279,805.5,18356,40.0,3.5,2042.0,842.0,504.0,1758.0,204.0,610.0,563.0,1.518675497,326.4,127.5662239,4.860966503,8.915686765,6.47,0.04,-0.31,0.5,0.85,1.7711,1.0989,78.5,96.462,15.4536
11/1/1977,48.4761,5637.491,52.0339,65.0866,82.9124,4105.0,0.602347762,6.8,13.6,2924.0,2080.0,1804.0,908.0,353500,23371,811.0,18419,40.0,3.5,2042.0,802.0,552.0,1771.0,166.0,597.0,594.0,1.508344371,328.6,127.4823198,4.893222317,8.889622792,6.51,0.03,-0.41,0.44,0.83,1.8178,1.1093,78.8,96.867,19.6377
12/1/1977,48.5629,5662.417,52.5796,63.8667,83.5851,4222.0,0.66113373,6.4,13.6,2729.0,1941.0,1717.0,859.0,359600,23371,670.4,18531,39.8,3.4,2142.0,887.0,623.0,1754.0,182.0,620.0,550.0,1.498013245,330.9,127.0773804,4.977616713,8.79139167,6.56,0.05,-0.49,0.4,0.92,1.8546,1.0973,78.9,97.646,15.413
1/1/1978,47.8481,5642.502,51.5891,62.9654,82.0671,4256.0,0.65587918,6.4,12.9,2824.0,1989.0,1643.0,830.0,351000,23374,668.3,18593,38.7,3.4,1718.0,704.0,498.0,1740.0,193.0,649.0,547.0,1.549668874,334.4,128.3113005,5.222526316,8.382062783,6.7,0.05,-0.26,0.58,1.07,1.9353,1.1012,79.3,98.043,15.9983
2/1/1978,48.1044,5667.791,52.2218,61.6366,82.1608,4289.0,0.678854068,6.3,12.5,2764.0,1942.0,1584.0,917.0,383250,23453,672.2,18639,39.4,3.6,1738.0,688.0,523.0,1736.0,167.0,620.0,543.0,1.518675497,335.3,128.8389877,5.345774331,8.195581237,6.78,-0.02,-0.33,0.56,1.05,1.9396,1.113,79.6,98.292,15.6033
3/1/1978,49.0265,5700.022,53.4435,63.6558,83.3689,4422.0,0.697806533,6.3,12.4,2871.0,1966.0,1531.0,817.0,349000,23649,686.3,18699,40.0,3.6,2032.0,876.0,562.0,1799.0,174.0,647.0,570.0,1.518675497,337.0,129.475299,5.404188246,8.101264832,6.79,-0.04,-0.5,0.52,1.07,1.9055,1.1258,78.8,98.811,14.9447
4/1/1978,50.0206,5732.667,54.0683,63.6437,84.4329,4688.0,0.758576052,6.1,12.3,2750.0,1888.0,1502.0,822.0,326000,24008,841.1,18772,40.1,3.5,2197.0,903.0,567.0,1948.0,204.0,771.0,558.0,1.467019868,339.9,129.421999,5.216988459,8.378486902,6.89,-0.07,-0.6,0.56,1.09,1.8497,1.1417,79.4,99.302,20.2351
5/1/1978,50.254,5739.268,54.0795,66.4149,84.5704,4650.0,0.758935858,6.0,12.1,2870.0,1827.0,1420.0,728.0,327000,24082,846.8,18848,39.9,3.5,2075.0,876.0,540.0,1766.0,184.0,644.0,551.0,1.477350993,344.9,130.5963038,5.002905246,8.710366178,7.36,-0.3,-0.95,0.46,0.82,1.8181,1.1186,79.6,99.877,17.5887
6/1/1978,50.5801,5760.201,54.5337,64.2894,84.9295,4654.0,0.772063703,5.9,12.1,2788.0,1946.0,1352.0,712.0,324250,24238,854.9,18919,40.2,3.6,2070.0,845.0,545.0,1983.0,192.0,648.0,759.0,1.477350993,346.9,131.7780903,5.027646938,8.632395935,7.6,-0.01,-0.87,0.49,0.76,1.8372,1.1218,81.2,100.469,17.4095
7/1/1978,50.5384,5791.884,54.4365,64.5247,84.5923,4655.0,0.737834839,6.2,12.0,3069.0,1867.0,1373.0,715.0,350200,24300,861.5,18951,40.2,3.5,2092.0,835.0,564.0,1786.0,218.0,656.0,513.0,1.498013245,347.6,131.793231,5.089690297,8.523117065,7.81,0.04,-0.8,0.58,0.73,1.8949,1.1246,80.7,100.938,16.2257
8/1/1978,50.7458,5818.097,54.6536,66.6754,84.7647,4731.0,0.778125,5.9,11.4,2858.0,1967.0,1242.0,630.0,348750,24374,863.8,19006,40.1,3.5,1996.0,814.0,564.0,1691.0,202.0,635.0,466.0,1.487682119,349.6,132.1567152,4.796275265,9.06905703,8.04,-0.21,-0.96,0.27,0.29,1.9406,1.1404,84.5,101.523,17.2668
9/1/1978,50.8744,5825.741,54.8812,67.1384,84.8911,4797.0,0.783183674,6.0,11.4,2941.0,1884.0,1308.0,684.0,322600,24444,868.2,19068,40.0,3.7,1970.0,820.0,512.0,1751.0,203.0,654.0,503.0,1.487682119,352.2,132.4608388,4.831568816,9.000149534,8.45,-0.06,-0.6,0.19,-0.02,1.9595,1.1664,84.6,102.04,17.7761
10/1/1978,51.2559,5847.005,55.1946,68.085,85.2079,4952.0,0.832688751,5.8,11.7,2786.0,1833.0,1319.0,723.0,328250,24548,875.1,19142,40.1,3.7,1981.0,847.0,512.0,1781.0,183.0,683.0,532.0,1.487682119,353.3,131.8170804,5.006630219,8.638216146,8.96,0.02,-0.97,0.18,-0.35,2.0075,1.1828,87.9,102.711,21.0197
11/1/1978,51.6514,5857.195,55.5699,69.5894,85.7394,4922.0,0.809939115,5.9,11.1,2903.0,1881.0,1242.0,709.0,330500,24678,883.5,19257,40.2,3.7,2094.0,838.0,532.0,1795.0,201.0,725.0,506.0,1.487682119,355.4,132.5563375,5.335582304,8.090953261,9.76,0.38,-1.12,0.25,-0.92,1.9608,1.1731,87.8,103.308,26.5217
12/1/1978,51.909,5890.505,55.906,70.5959,86.0919,4952.0,0.795118818,6.0,10.6,2978.0,2004.0,1269.0,759.0,355600,24758,887.7,19334,40.2,3.6,2044.0,761.0,645.0,1818.0,212.0,699.0,535.0,1.487682119,357.3,132.5778587,5.275205494,8.15765215,10.03,0.34,-0.95,0.27,-0.95,1.9861,1.1798,87.8,103.81,21.5146
1/1/1979,51.6278,5910.093,55.9217,68.7066,85.2284,4910.0,0.803732198,5.9,11.1,2791.0,2003.0,1250.0,717.0,357500,24740,891.1,19388,39.8,3.6,1630.0,734.0,432.0,1461.0,190.0,591.0,467.0,1.498013245,358.6,133.1159851,5.128201785,8.361780118,10.07,0.18,-0.72,0.34,-0.87,2.0053,1.1899,89.3,104.161,17.1215
2/1/1979,51.8752,5933.423,56.0394,67.8868,85.2335,4805.0,0.778389762,5.9,11.2,2899.0,1964.0,1297.0,745.0,358500,24784,898.2,19409,40.0,3.6,1520.0,653.0,438.0,1492.0,164.0,593.0,475.0,1.508344371,359.9,133.5844768,5.249587702,8.100303987,10.06,-0.11,-0.74,0.18,-0.93,2.0042,1.1956,97.9,105.058,16.5369
3/1/1979,52.0446,5951.404,56.3266,68.5104,85.406,4845.0,0.793092159,5.8,11.7,2843.0,1935.0,1365.0,773.0,358000,24998,904.8,19453,40.3,3.5,1847.0,813.0,486.0,1720.0,157.0,753.0,490.0,1.467019868,362.5,133.6843082,5.194805195,8.116436925,10.09,-0.19,-0.61,0.16,-0.89,2.0378,1.1739,100.6,105.642,15.6912
4/1/1979,51.4193,5903.905,55.4142,70.0807,83.7026,5005.0,0.824682814,5.8,11.0,2938.0,1908.0,1272.0,723.0,415500,24958,904.7,19450,38.9,2.6,1748.0,683.0,518.0,1597.0,159.0,621.0,503.0,1.498013245,368.0,134.7162957,5.138756121,8.114739516,10.01,-0.16,-0.55,0.11,-0.76,2.0735,1.1464,107.5,106.469,15.6392
5/1/1979,51.8856,5883.494,56.0818,70.1877,84.6494,4969.0,0.850856164,5.6,11.1,2773.0,1897.0,1239.0,719.0,348000,25071,908.0,19509,39.9,3.4,1876.0,776.0,508.0,1684.0,177.0,660.0,506.0,1.467019868,369.6,135.311078,5.307660684,7.757365919,10.24,-0.29,-0.63,-0.12,-1.0,2.0587,1.1556,103.1,106.811,16.708
6/1/1979,51.8965,5880.39,56.0675,69.8213,84.5164,4901.0,0.822453432,5.7,10.4,2947.0,1816.0,1171.0,650.0,360000,25161,913.7,19553,39.9,3.4,1913.0,829.0,517.0,1640.0,181.0,639.0,490.0,1.487682119,373.4,135.2977432,5.250737463,7.751766225,10.29,-0.53,-1.23,-0.72,-1.44,2.1119,1.1724,104.7,107.121,14.4238
7/1/1979,51.8097,5924.962,56.0839,70.5023,84.3581,4864.0,0.811207472,5.7,10.3,2890.0,1982.0,1123.0,653.0,379250,25163,922.3,19531,39.8,3.3,1760.0,774.0,460.0,1534.0,161.0,599.0,487.0,1.498013245,377.2,134.7448991,5.254790652,7.6679412,10.47,-0.6,-1.23,-0.83,-1.57,2.2598,1.1639,106.1,107.566,15.9103
8/1/1979,51.4684,5934.384,55.6492,69.6644,83.0842,4923.0,0.778955696,6.0,10.6,3296.0,1820.0,1203.0,669.0,393750,25059,929.6,19406,39.9,3.2,1778.0,770.0,453.0,1591.0,152.0,640.0,502.0,1.487682119,378.8,134.7641105,5.077588454,7.865681995,10.94,-0.52,-1.42,-0.96,-1.88,2.2368,1.1706,107.7,107.995,13.4994
9/1/1979,51.4597,5934.022,56.0218,68.5972,82.9464,5052.0,0.816155089,5.9,10.5,2946.0,2054.0,1172.0,640.0,385800,25088,933.8,19442,39.8,3.3,1832.0,771.0,545.0,1638.0,201.0,660.0,474.0,1.487682119,379.3,134.93616,5.073664825,7.792059655,11.43,0.2,-1.17,-0.59,-2.02,2.1966,1.1653,108.5,108.518,19.6579
10/1/1979,51.8334,5934.119,56.2284,67.9346,83.2059,5133.0,0.815279543,6.0,10.5,3039.0,2011.0,1219.0,689.0,402250,25038,939.3,19390,39.9,3.2,1681.0,761.0,445.0,1481.0,142.0,643.0,433.0,1.487682119,380.8,135.0987891,5.31738756,7.36536494,13.77,-0.54,-2.07,-1.33,-3.14,2.1438,1.1754,112.9,109.203,22.983
11/1/1979,51.7531,5953.221,56.1871,66.7997,82.7573,4810.0,0.771080475,5.9,10.6,3030.0,1883.0,1239.0,688.0,413250,24947,942.1,19299,39.8,3.1,1524.0,692.0,366.0,1276.0,151.0,554.0,368.0,1.487682119,380.8,134.8491816,5.40340405,7.180161576,13.18,0.39,-1.39,-0.79,-2.25,2.1352,1.1797,113.3,109.992,20.2129
12/1/1979,51.7878,5968.38,56.3744,67.1514,82.7932,4776.0,0.755098814,6.0,10.8,3013.0,2033.0,1277.0,733.0,428200,24970,949.4,19301,39.8,3.1,1498.0,632.0,406.0,1254.0,152.0,517.0,361.0,1.498013245,381.8,134.5339855,5.241187384,7.336093073,13.78,-0.54,-1.74,-1.8,-3.36,2.2007,1.17,116.2,110.722,14.5291
1/1/1980,52.0679,5976.816,56.5245,68.4622,83.04,4661.0,0.697441269,6.3,10.4,3215.0,2063.0,1353.0,805.0,414250,24949,953.1,19282,39.6,3.0,1341.0,627.0,354.0,1280.0,126.0,563.0,359.0,1.467019868,385.8,133.7326167,5.139765555,7.402949823,13.82,-0.78,-1.82,-1.76,-3.08,2.2641,1.164,117.4,111.883,21.0903
2/1/1980,52.082,5949.587,56.656,67.2953,82.768,4557.0,0.679946285,6.3,10.6,3134.0,2200.0,1358.0,850.0,418000,24874,959.4,19219,39.7,3.0,1350.0,689.0,332.0,1199.0,131.0,529.0,348.0,1.467019868,390.1,133.8919197,4.98699046,7.564531995,14.13,-0.35,-1.27,-0.21,-1.53,2.2891,1.1555,124.8,113.26,22.2919
3/1/1980,51.87,5918.133,56.2655,64.1299,81.8982,4491.0,0.667409719,6.3,11.0,3097.0,2272.0,1457.0,835.0,433800,24818,965.5,19217,39.5,3.0,1047.0,496.0,261.0,988.0,123.0,462.0,272.0,1.508344371,388.4,132.9580713,5.539637058,6.754015062,17.19,-0.38,-1.99,-1.37,-3.72,2.2045,1.1731,118.5,114.446,29.2535
4/1/1980,50.8397,5911.122,55.4031,61.8434,80.0641,3965.0,0.538869258,6.9,11.4,3374.0,2388.0,1694.0,1003.0,529750,24507,974.7,18973,39.5,2.8,1051.0,509.0,260.0,808.0,89.0,393.0,201.0,1.549668874,383.8,131.7238924,5.676378641,6.569557502,17.61,-1.83,-4.41,-4.31,-5.77,2.2094,1.1861,114.8,115.204,24.9285
5/1/1980,49.589,5892.81,54.3036,60.6344,77.5384,3646.0,0.456663327,7.5,10.9,3754.0,2608.0,1740.0,1021.0,615800,24234,987.8,18726,39.1,2.5,927.0,470.0,212.0,861.0,105.0,403.0,218.0,1.570331126,384.8,129.9385809,5.471987001,6.814684294,10.98,-1.49,-2.4,-1.59,-1.03,2.302,1.1741,112.7,115.812,20.0009
6/1/1980,48.9482,5906.964,53.8525,60.5025,76.1459,3696.0,0.45640899,7.6,11.3,3409.0,2879.0,1760.0,987.0,607000,23968,997.6,18490,39.2,2.4,1196.0,628.0,249.0,1118.0,120.0,545.0,292.0,1.580662252,389.1,128.049329,5.183246073,7.198093535,9.47,-1.2,-2.4,-1.31,-0.26,2.3359,1.1516,111.8,116.59,19.5831
7/1/1980,48.6039,5950.966,53.8904,59.6729,75.2353,3709.0,0.443501136,7.8,11.8,3458.0,2817.0,1995.0,1111.0,559250,23698,983.2,18276,39.0,2.6,1269.0,669.0,288.0,1259.0,118.0,584.0,340.0,1.549668874,394.0,126.1710989,4.994432387,7.566330392,9.03,-0.62,-0.97,-0.38,0.5,2.3732,1.1523,114.4,116.883,18.4314
8/1/1980,48.7563,5963.437,54.0531,58.1427,75.5718,3726.0,0.449945659,7.7,12.4,3415.0,2658.0,2162.0,1232.0,528200,23860,980.7,18414,39.2,2.7,1436.0,711.0,381.0,1367.0,122.0,632.0,392.0,1.529006623,399.2,124.9123876,4.879894737,7.793923264,9.61,-0.04,-0.48,0.63,1.23,2.3704,1.1592,117.0,117.996,21.257
9/1/1980,49.5608,5989.16,54.7811,59.1448,76.636,3891.0,0.485101608,7.5,12.9,3150.0,2613.0,2309.0,1343.0,482750,23931,997.2,18445,39.4,2.7,1471.0,670.0,346.0,1484.0,136.0,722.0,387.0,1.498013245,404.8,123.5062053,4.798418972,7.980883506,10.87,0.1,-0.6,0.65,0.75,2.4012,1.1647,115.7,119.063,24.6892
10/1/1980,50.1908,6040.861,55.3862,58.184,77.8126,3903.0,0.482566766,7.5,13.1,3236.0,2544.0,2306.0,1246.0,438000,24012,1008.1,18506,39.6,2.8,1523.0,791.0,349.0,1366.0,135.0,631.0,360.0,1.467019868,409.0,122.0859364,4.685099846,8.216020467,12.81,-0.29,-1.19,-0.32,-0.95,2.4165,1.1691,118.4,119.345,22.4744
11/1/1980,51.0311,6055.398,56.0046,59.267,78.9895,4075.0,0.507914745,7.5,13.6,3146.0,2498.0,2329.0,1196.0,412600,24123,1026.1,18601,39.7,2.9,1510.0,727.0,369.0,1383.0,127.0,654.0,381.0,1.467019868,410.7,120.9372847,4.517317612,8.577970574,15.85,-0.67,-2.12,-1.7,-3.02,2.3941,1.1864,117.2,120.169,23.1573
12/1/1980,51.3708,6084.759,56.1754,60.1908,79.1106,3919.0,0.507774035,7.2,13.7,3097.0,2234.0,2406.0,1259.0,410000,24182,1041.5,18640,39.8,3.1,1482.0,781.0,311.0,1249.0,114.0,621.0,303.0,1.508344371,408.5,120.1399846,4.61423221,8.444890385,18.9,-0.83,-3.41,-4.02,-5.65,2.3459,1.1968,114.3,120.494,24.7951
1/1/1981,51.0415,6065.141,56.1281,64.6585,78.5433,3832.0,0.474786272,7.5,14.3,3318.0,2334.0,2389.0,1126.0,413000,24152,1055.1,18639,40.0,3.0,1547.0,799.0,299.0,1221.0,111.0,608.0,303.0,1.487682119,411.3,119.6181314,4.661654135,8.429998268,19.08,-2.5,-4.06,-5.0,-6.31,2.4029,1.1909,113.2,121.056,20.3014
2/1/1981,50.824,6048.204,55.8104,62.7844,77.9137,3896.0,0.483915042,7.4,14.1,3287.0,2412.0,2344.0,1099.0,428750,24118,1064.7,18613,39.4,2.9,1246.0,683.0,268.0,1199.0,120.0,603.0,297.0,1.498013245,414.8,119.3109719,4.859813084,8.142736385,15.93,-0.44,-1.14,-1.36,-2.52,2.2941,1.1984,111.0,121.657,20.9195
3/1/1981,51.0826,6067.35,56.0446,61.1059,77.9371,3888.0,0.487095966,7.4,14.0,3328.0,2428.0,2276.0,1059.0,407500,24203,1078.1,18647,39.8,2.9,1306.0,677.0,267.0,1183.0,126.0,565.0,296.0,1.508344371,419.0,118.8640537,4.714714715,8.48921714,14.7,-0.76,-1.34,-0.99,-1.29,2.2319,1.1914,110.6,121.87,21.8588
4/1/1981,50.858,6056.169,56.2949,60.1711,78.1305,3883.0,0.493455331,7.2,13.9,3185.0,2436.0,2231.0,1099.0,410250,24151,941.2,18711,39.8,2.7,1360.0,717.0,318.0,1190.0,129.0,575.0,322.0,1.498013245,427.4,119.0224403,4.699903274,8.613852453,15.72,-1.16,-2.03,-1.4,-1.73,2.1753,1.191,111.7,122.934,16.5479
5/1/1981,51.1495,6074.295,56.6571,59.3588,78.2901,3837.0,0.469415219,7.5,13.6,3409.0,2594.0,2221.0,1072.0,416400,24148,953.7,18766,39.8,3.0,1140.0,582.0,262.0,1173.0,111.0,578.0,339.0,1.518675497,424.7,118.708199,4.824092635,8.463943183,18.52,-0.96,-2.22,-2.32,-3.89,2.0884,1.201,112.3,123.96,17.2474
6/1/1981,51.4101,6107.73,56.4198,57.9099,77.7009,3864.0,0.477154853,7.5,13.7,3340.0,2403.0,2250.0,1127.0,433000,24290,1107.4,18789,39.6,2.9,1045.0,543.0,243.0,976.0,109.0,466.0,264.0,1.529006623,425.2,117.7980587,4.829931973,8.503136551,19.1,-2.78,-4.37,-4.24,-5.15,1.9738,1.2041,111.6,124.561,17.5724
7/1/1981,51.7471,6199.452,56.8175,58.2485,77.6454,3832.0,0.487345797,7.2,13.8,3307.0,2408.0,2166.0,1080.0,430750,24302,1136.0,18785,39.7,3.0,1041.0,495.0,231.0,935.0,118.0,469.0,227.0,1.529006623,426.9,115.9765605,4.983214562,8.266975438,19.04,-2.04,-4.09,-3.32,-4.25,1.8737,1.2107,112.2,125.122,17.6461
8/1/1981,51.6826,6222.937,56.7607,61.5793,77.4189,3801.0,0.472996516,7.4,14.4,3320.0,2487.0,2241.0,1077.0,450200,24258,1151.9,18748,39.7,2.9,940.0,478.0,213.0,889.0,115.0,439.0,221.0,1.539337748,426.9,114.9054287,4.997430556,8.295386549,17.82,-0.59,-2.31,-1.1,-2.26,1.8203,1.2232,115.6,125.628,20.7847
9/1/1981,51.4337,6213.748,56.6668,61.0803,76.9439,3599.0,0.437302552,7.6,13.6,3493.0,2524.0,2261.0,1147.0,473250,24210,1162.2,18712,39.4,2.6,911.0,476.0,198.0,847.0,95.0,428.0,214.0,1.56,427.0,115.7071765,5.511411665,7.545232416,15.87,0.22,-1.17,0.65,0.06,1.8146,1.2008,115.5,126.197,24.4207
10/1/1981,51.0281,6190.074,56.5461,60.7174,75.9541,3398.0,0.393014111,7.9,13.5,3656.0,2654.0,2303.0,1169.0,492800,24051,1166.3,18566,39.5,2.6,873.0,389.0,222.0,731.0,105.0,343.0,183.0,1.590993378,428.4,115.7894312,5.473013356,7.664194589,15.08,-0.23,-1.54,0.3,0.33,1.8407,1.2029,113.6,126.829,22.1293
11/1/1981,50.435,6197.172,56.2547,61.1272,74.8132,3386.0,0.375013844,8.3,13.1,3812.0,2810.0,2345.0,1202.0,511750,23875,1176.0,18409,39.5,2.4,837.0,459.0,163.0,748.0,87.0,395.0,166.0,1.611655629,431.3,115.4726729,5.364792514,7.874741124,13.31,-1.15,-2.45,-0.9,0.07,1.9025,1.1872,112.0,127.341,19.9716
12/1/1981,49.8987,6193.277,55.7616,60.8998,73.4182,3226.0,0.348116974,8.5,13.1,3949.0,2989.0,2374.0,1203.0,551000,23656,1177.4,18223,39.2,2.4,910.0,485.0,181.0,796.0,90.0,431.0,172.0,1.632317881,436.7,114.9573836,5.355411955,7.942954271,12.37,-0.25,-1.52,0.48,1.23,1.9033,1.1851,109.5,127.685,16.2739
1/1/1982,48.8685,6179.452,54.4615,59.4799,71.4208,3212.0,0.341811216,8.6,13.4,3924.0,3074.0,2409.0,1223.0,535200,23362,1171.6,18047,37.2,2.3,843.0,503.0,163.0,794.0,72.0,472.0,171.0,1.745960265,442.7,115.8608288,5.677749361,7.533484463,13.22,-0.13,-0.94,1.1,1.43,1.886,1.1926,107.6,128.166,24.5585
2/1/1982,49.8636,6205.602,56.0933,58.5816,73.3026,3091.0,0.318495621,8.9,14.1,3808.0,3122.0,2758.0,1479.0,533750,23361,1173.1,17981,39.5,2.4,866.0,534.0,148.0,808.0,87.0,473.0,171.0,1.704635762,441.9,115.3721378,5.84279476,7.361861483,14.78,-0.25,-1.3,-0.05,-0.24,1.847,1.214,106.7,128.403,21.5562
3/1/1982,49.5323,6201.39,55.6723,58.8156,72.6304,3000.0,0.303183426,9.0,14.1,3896.0,3107.0,2965.0,1607.0,556500,23214,1175.0,17857,39.2,2.3,931.0,527.0,190.0,891.0,95.0,492.0,203.0,1.714966887,442.7,115.2814422,6.064981949,7.161594188,14.68,-0.88,-2.0,-0.73,-0.7,1.8053,1.2205,102.3,128.496,20.2845
4/1/1982,49.075,6244.64,55.3134,59.5162,71.9168,2875.0,0.280652089,9.3,14.5,3951.0,3227.0,3086.0,1585.0,587000,22996,1155.3,17683,39.0,2.2,917.0,494.0,161.0,888.0,98.0,502.0,180.0,1.725298013,447.1,114.8341077,5.803955288,7.516110207,14.94,-0.88,-2.24,-0.96,-0.94,1.772,1.2252,101.1,128.821,18.5347
5/1/1982,48.7483,6244.365,55.2231,61.5486,71.6519,2853.0,0.27605225,9.4,14.9,3885.0,3295.0,3276.0,1659.0,583800,22884,1129.3,17588,39.1,2.3,1025.0,570.0,188.0,953.0,114.0,490.0,204.0,1.694304636,446.7,114.595367,5.824742268,7.49570233,14.45,-1.03,-2.36,-1.11,-0.7,1.8104,1.2336,100.5,129.452,16.9138
6/1/1982,48.6214,6223.394,55.1021,62.4645,71.4748,2692.0,0.255456443,9.6,15.7,3606.0,3413.0,3451.0,1667.0,599500,22643,1107.0,17430,39.0,2.3,902.0,461.0,196.0,913.0,101.0,492.0,204.0,1.714966887,447.5,114.4819381,6.207839562,7.032586226,14.15,-0.19,-1.68,-0.08,0.28,1.7563,1.2756,96.0,129.789,19.7058
7/1/1982,48.4616,6223.874,55.1308,62.4798,71.2834,2565.0,0.236427321,9.8,15.4,3929.0,3300.0,3555.0,1739.0,576000,22434,1078.7,17278,39.1,2.4,1166.0,709.0,198.0,1044.0,97.0,540.0,255.0,1.725298013,448.0,113.6581499,6.237047532,7.048948977,12.59,0.35,-1.24,0.65,1.48,1.7354,1.27,97.2,130.033,17.062
8/1/1982,48.0192,6236.193,54.7321,59.6816,70.5349,2493.0,0.229114971,9.8,16.2,3895.0,3354.0,3696.0,1830.0,629500,22268,1054.6,17160,38.9,2.3,1046.0,572.0,195.0,926.0,109.0,509.0,194.0,1.745960265,451.4,113.0672805,6.232151322,7.134345892,10.12,0.03,-1.44,1.31,2.88,1.725,1.2452,97.3,129.661,32.4415
9/1/1982,47.9008,6233.608,54.6921,61.0226,70.3372,2364.0,0.210751538,10.1,16.6,3966.0,3494.0,3889.0,1871.0,660750,22146,1033.5,17074,39.0,2.2,1144.0,627.0,228.0,1042.0,113.0,558.0,230.0,1.735629139,456.9,113.2125443,5.596405229,8.044668,10.31,0.05,-2.39,0.54,1.94,1.712,1.2348,98.4,129.752,22.7534
10/1/1982,47.4371,6229.736,54.2998,61.5925,69.3736,2365.0,0.205134877,10.4,17.2,3873.0,3471.0,4185.0,1939.0,652400,21879,1010.6,16853,38.7,2.2,1173.0,642.0,259.0,1149.0,127.0,615.0,266.0,1.756291391,464.5,112.7575431,5.167045968,8.814718258,9.71,-0.51,-2.0,-0.39,1.09,1.6962,1.2301,97.8,130.299,32.8212
11/1/1982,47.283,6253.827,54.1476,60.5195,68.9279,2371.0,0.198609482,10.8,17.1,3974.0,3518.0,4485.0,2147.0,594250,21736,991.2,16722,38.9,2.3,1372.0,791.0,244.0,1229.0,133.0,661.0,291.0,1.735629139,471.5,112.5495374,4.969826213,9.338587398,9.2,-0.51,-1.13,-0.04,1.18,1.6321,1.2262,98.3,130.078,32.3959
12/1/1982,46.9485,6286.221,53.832,60.2828,68.6719,2468.0,0.204796283,10.8,18.1,3939.0,3425.0,4662.0,2098.0,523750,21688,974.2,16690,38.9,2.3,1303.0,718.0,302.0,1351.0,114.0,745.0,329.0,1.725298013,474.8,112.6237432,4.928263989,9.632686532,8.95,-0.44,-1.01,-0.04,1.27,1.616,1.2385,96.9,130.199,23.5713
1/1/1983,47.8234,6279.297,54.6691,58.5659,70.2066,2497.0,0.216490376,10.4,19.4,3654.0,3312.0,4668.0,2001.0,501000,21757,955.1,16705,39.4,2.3,1586.0,948.0,295.0,1426.0,148.0,765.0,332.0,1.68397351,477.2,112.7806459,4.77015246,10.14413969,8.68,-0.51,-0.82,-0.06,1.35,1.5756,1.2287,99.2,130.796,26.1745
2/1/1983,47.5233,6283.89,54.1822,57.8367,70.1121,2496.0,0.216197488,10.4,19.2,3717.0,3177.0,4641.0,1925.0,488750,21676,929.6,16706,39.0,2.3,1699.0,864.0,339.0,1471.0,184.0,792.0,331.0,1.694304636,484.3,112.681603,4.698004087,10.50462607,8.51,-0.17,-0.4,0.41,1.75,1.5329,1.2277,101.7,131.156,22.4658
3/1/1983,47.9244,6314.258,54.5724,57.5662,70.7376,2571.0,0.225368163,10.3,19.4,3502.0,3150.0,4612.0,1866.0,480250,21649,920.4,16711,39.3,2.6,1606.0,850.0,346.0,1475.0,143.0,843.0,312.0,1.652980133,490.6,112.8337323,4.549045425,11.06910754,8.77,-0.25,-0.42,0.27,1.31,1.49,1.2263,101.7,131.41,19.5048
4/1/1983,48.5311,6319.274,55.2854,59.9158,71.5673,2634.0,0.233759318,10.2,19.5,3539.0,3112.0,4370.0,1660.0,496000,21729,906.5,16794,39.4,2.7,1472.0,798.0,318.0,1566.0,157.0,860.0,373.0,1.652980133,493.2,112.9095658,4.38807863,11.61635637,8.8,-0.27,-0.59,0.18,1.22,1.5361,1.2325,102.1,131.561,18.6576
5/1/1983,48.8239,6351.636,55.6149,61.5804,72.3638,2862.0,0.256589564,10.1,20.5,3531.0,2979.0,4538.0,1788.0,468000,21829,901.9,16885,39.7,2.8,1776.0,986.0,399.0,1669.0,155.0,915.0,405.0,1.632317881,500.0,112.3750687,4.223034735,12.21632897,8.63,-0.3,-0.44,0.27,1.4,1.5722,1.2292,103.3,131.505,18.0774
6/1/1983,49.123,6360.3,55.8776,62.1572,72.9112,2871.0,0.25529077,10.1,20.8,3686.0,2926.0,4470.0,1585.0,444250,21949,899.0,16960,39.8,2.9,1733.0,939.0,424.0,1769.0,183.0,945.0,440.0,1.580662252,504.0,112.9784547,4.170673077,12.53374163,8.98,0.02,-0.19,0.68,1.65,1.548,1.2323,102.4,131.759,18.9343
7/1/1983,49.8546,6378.268,56.6545,62.9431,73.9127,3041.0,0.2883011,9.4,21.2,3459.0,2821.0,4329.0,1735.0,408000,22103,904.7,17059,39.9,3.0,1785.0,954.0,425.0,1795.0,187.0,1000.0,420.0,1.580662252,507.8,113.1617286,4.167664671,12.68343264,9.37,-0.12,-0.29,0.83,1.84,1.5273,1.2323,103.3,132.11,23.1521
8/1/1983,50.4443,6369.041,57.1781,62.3049,74.5144,3092.0,0.291066554,9.5,20.0,3632.0,3035.0,4070.0,1540.0,435750,22207,902.7,17118,40.0,3.1,1910.0,1043.0,436.0,1713.0,187.0,917.0,402.0,1.590993378,510.5,114.0106321,4.298029557,12.41371787,9.56,-0.02,-0.22,0.97,2.07,1.5026,1.2338,103.8,132.27,18.4316
9/1/1983,51.178,6412.175,58.0742,63.1087,75.8371,3152.0,0.306555145,9.2,20.2,3768.0,2774.0,3854.0,1413.0,408750,22381,901.9,17255,40.1,3.3,1710.0,954.0,388.0,1585.0,174.0,821.0,401.0,1.570331126,512.8,113.7814186,4.186602871,12.80297663,9.45,-0.21,-0.45,0.71,1.98,1.4986,1.2326,103.9,132.604,17.7212
10/1/1983,51.5693,6473.198,58.2305,61.5431,76.5587,3450.0,0.348943057,8.8,20.2,3491.0,2736.0,3648.0,1371.0,402200,22546,913.4,17367,40.1,3.3,1715.0,970.0,385.0,1716.0,171.0,926.0,417.0,1.56,517.2,113.9530788,4.192009541,12.85626606,9.48,-0.49,-0.84,0.33,1.8,1.4969,1.232,103.1,132.799,18.0928
11/1/1983,51.7993,6524.235,58.4235,62.7234,76.8777,3459.0,0.364143594,8.5,19.7,3347.0,2644.0,3535.0,1368.0,392500,22698,914.1,17479,40.1,3.3,1785.0,979.0,428.0,1668.0,158.0,910.0,408.0,1.56,519.0,114.3714388,4.273607748,12.64668278,9.34,-0.24,-0.58,0.6,2.07,1.4766,1.2367,103.3,133.284,16.5206
12/1/1983,52.0594,6581.287,58.7476,58.8135,77.0038,3598.0,0.385596399,8.3,19.2,3455.0,2521.0,3379.0,1318.0,368800,22803,917.1,17551,40.0,3.4,1688.0,956.0,379.0,1627.0,179.0,823.0,445.0,1.539337748,521.4,114.8747465,4.312652068,12.5396373,9.47,0.06,-0.47,0.64,2.07,1.4338,1.2469,103.3,133.371,14.2712
1/1/1984,53.0985,6603.03,59.876,60.0513,78.283,3691.0,0.409746892,8.0,20.4,3309.0,2532.0,3254.0,1214.0,351000,22942,919.9,17630,40.2,3.4,1897.0,903.0,539.0,1816.0,175.0,890.0,505.0,1.529006623,525.1,115.5402267,4.278846154,12.54482728,9.56,-0.36,-0.66,0.34,1.81,1.4076,1.2484,102.6,133.186,16.2294
2/1/1984,53.3318,6639.713,60.1028,65.2905,79.0178,3859.0,0.438971676,7.8,19.0,3327.0,2485.0,2991.0,1157.0,339250,23146,920.3,17728,40.7,3.4,2260.0,1187.0,503.0,1987.0,229.0,952.0,514.0,1.549668874,527.5,116.7523872,4.545454545,11.7018894,9.59,-0.27,-0.5,0.45,1.95,1.4417,1.248,103.6,133.129,22.0363
3/1/1984,53.5929,6679.057,60.3993,63.4852,79.2532,3863.0,0.441687629,7.8,19.1,3335.0,2501.0,2881.0,1101.0,345800,23209,922.8,17806,40.2,3.5,1663.0,839.0,439.0,1725.0,188.0,831.0,511.0,1.549668874,531.4,116.4001215,4.561626429,11.55877915,9.91,-0.08,-0.39,0.68,2.11,1.4557,1.2697,105.9,133.254,18.9248
4/1/1984,53.91,6721.247,60.7463,62.2286,79.4777,4032.0,0.460168911,7.7,18.9,3362.0,2459.0,2858.0,1094.0,369250,23305,922.3,17872,40.4,3.5,1851.0,953.0,474.0,1776.0,194.0,872.0,479.0,1.56,535.0,116.5625366,4.583331218,11.36133779,10.29,-0.11,-0.6,0.61,2.08,1.421,1.2796,106.6,133.951,18.1372
5/1/1984,54.2026,6735.713,60.9505,62.6501,79.5758,4090.0,0.483680227,7.4,18.8,3167.0,2387.0,2884.0,1193.0,360250,23389,928.4,17916,40.3,3.4,1774.0,893.0,456.0,1741.0,211.0,849.0,470.0,1.570331126,536.7,118.4866802,4.640274585,11.08815416,10.32,0.33,-0.49,1.34,2.85,1.3894,1.2944,104.5,133.99,16.0238
6/1/1984,54.4014,6785.832,61.2428,62.5419,79.7745,4175.0,0.507537078,7.2,18.1,3261.0,2273.0,2612.0,1036.0,361400,23497,933.6,17967,40.3,3.4,1843.0,921.0,422.0,1814.0,194.0,894.0,505.0,1.56,540.2,119.2955094,4.774657087,10.63189366,11.06,-0.08,-1.19,1.02,2.42,1.377,1.304,104.0,134.111,20.6305
7/1/1984,54.5521,6800.935,61.4498,60.9387,79.9006,4239.0,0.496544454,7.5,18.0,3392.0,2472.0,2638.0,1048.0,360500,23571,935.3,18013,40.3,3.4,1732.0,884.0,418.0,1605.0,187.0,777.0,426.0,1.580662252,540.9,120.180266,4.853295831,10.26972445,11.23,-0.04,-1.11,0.8,2.04,1.32,1.3238,102.6,134.059,16.8056
8/1/1984,54.6083,6845.315,61.5625,61.0331,79.8447,4091.0,0.480220683,7.5,17.3,3567.0,2415.0,2604.0,1089.0,389500,23608,938.4,18034,40.2,3.4,1586.0,776.0,403.0,1530.0,186.0,741.0,413.0,1.601324503,541.0,120.5106054,4.474860097,10.94773789,11.64,-0.46,-1.17,0.18,1.04,1.3132,1.3035,101.3,134.252,23.754
9/1/1984,54.4466,6897.723,61.552,61.7833,79.3255,4196.0,0.501493964,7.3,17.0,3325.0,2558.0,2538.0,1087.0,395400,23617,934.6,18019,40.2,3.3,1698.0,814.0,438.0,1523.0,206.0,734.0,402.0,1.611655629,543.1,120.1274017,4.443106562,10.83888861,11.3,-0.26,-0.93,0.28,1.23,1.2563,1.3145,99.9,134.538,17.6627
10/1/1984,54.4406,6877.638,61.9992,62.3945,79.5661,4221.0,0.503639184,7.4,16.7,3423.0,2392.0,2526.0,1099.0,419250,23626,925.1,18024,40.0,3.2,1590.0,749.0,404.0,1490.0,192.0,710.0,400.0,1.621986755,543.7,121.5045933,4.508495146,10.56869986,9.99,0.13,-0.25,0.91,2.07,1.2196,1.319,97.6,134.409,18.4005
11/1/1984,54.624,6913.808,62.2047,63.3977,79.5357,4168.0,0.508416687,7.2,17.0,3392.0,2356.0,2438.0,1016.0,407000,23639,920.0,18016,40.2,3.3,1689.0,746.0,443.0,1643.0,227.0,751.0,445.0,1.611655629,547.5,121.7619777,4.49789537,10.52612848,9.43,-0.4,-0.82,0.39,1.9,1.2392,1.3168,99.5,134.666,17.5582
12/1/1984,54.6416,6960.651,62.4308,61.3273,79.479,4341.0,0.519382627,7.3,16.8,3371.0,2578.0,2401.0,1008.0,385600,23673,910.7,18023,40.2,3.3,1612.0,810.0,339.0,1626.0,237.0,746.0,429.0,1.611655629,551.6,122.0270899,4.577507599,10.28910501,8.38,0.06,-0.32,0.95,2.69,1.1861,1.3201,98.1,134.514,18.4975
1/1/1985,54.6322,6953.088,62.2049,59.7175,79.103,4228.0,0.501958922,7.3,15.9,3667.0,2536.0,2284.0,969.0,370750,23672,908.6,18009,40.0,3.3,1711.0,760.0,497.0,1660.0,285.0,723.0,463.0,1.621986755,557.0,122.7913608,4.413362471,10.59925952,8.35,-0.32,-0.59,0.67,2.58,1.1271,1.324,96.7,134.641,19.2737
2/1/1985,54.7825,6958.565,62.4191,60.6802,78.542,4253.0,0.511116452,7.2,15.9,3471.0,2452.0,2389.0,1045.0,391750,23621,906.3,17966,39.9,3.3,1632.0,779.0,471.0,1662.0,272.0,688.0,511.0,1.621986755,563.6,123.8604414,4.210431177,11.02977957,8.5,0.04,-0.23,0.79,2.63,1.0931,1.3547,97.3,135.402,16.7049
3/1/1985,54.8653,6988.108,62.7193,60.5046,78.9148,4369.0,0.523923732,7.2,16.1,3519.0,2443.0,2394.0,1045.0,380800,23661,905.9,17939,40.2,3.3,1800.0,831.0,455.0,1727.0,266.0,762.0,464.0,1.611655629,566.6,124.7826348,4.269788183,10.83656646,8.58,0.32,-0.06,1.28,2.94,1.1253,1.384,97.2,135.601,16.2834
4/1/1985,54.7459,6975.177,62.4566,61.3165,78.3803,4250.0,0.506253723,7.3,16.4,3499.0,2495.0,2393.0,1015.0,398250,23644,910.6,17886,40.2,3.1,1821.0,821.0,490.0,1664.0,259.0,729.0,448.0,1.611655629,570.4,126.4079652,4.256184939,10.82724421,8.27,0.1,-0.32,0.87,2.74,1.2377,1.3658,100.2,135.815,14.0315
5/1/1985,54.8255,6990.38,62.5971,62.1037,78.3157,4346.0,0.523488316,7.2,15.3,3503.0,2556.0,2292.0,1057.0,392750,23632,905.3,17855,40.1,3.2,1680.0,741.0,447.0,1709.0,260.0,759.0,447.0,1.590993378,575.1,127.3842763,4.171622499,11.04466634,7.97,-0.14,-0.49,0.49,2.37,1.2483,1.3756,100.6,135.417,15.6305
6/1/1985,54.7989,7015.149,62.7206,61.8733,78.1342,4336.0,0.512529551,7.4,15.5,3538.0,2517.0,2310.0,1029.0,392400,23592,899.3,17819,40.1,3.2,1676.0,734.0,435.0,1716.0,263.0,752.0,458.0,1.621986755,582.3,127.7644956,4.097406035,11.28674267,7.53,-0.18,-0.58,0.27,2.07,1.2808,1.3676,99.1,135.355,15.8821
7/1/1985,54.5396,7025.338,62.4784,62.1083,77.6564,4309.0,0.506167039,7.4,15.5,3555.0,2554.0,2329.0,1062.0,378250,23549,889.9,17776,40.1,3.3,1684.0,786.0,460.0,1697.0,240.0,746.0,467.0,1.611655629,589.1,128.599413,4.038093506,11.549468,7.88,-0.32,-0.8,-0.02,1.82,1.3807,1.3526,97.9,135.22,15.5221
8/1/1985,54.7055,7025.068,62.7428,61.6728,77.8356,4328.0,0.52806247,7.1,15.3,3439.0,2515.0,2258.0,1036.0,404400,23546,882.9,17756,40.2,3.3,1743.0,758.0,504.0,1808.0,262.0,780.0,510.0,1.590993378,596.2,129.2517481,4.145868295,11.35700526,7.9,-0.18,-0.76,0.15,1.91,1.3841,1.3575,96.5,135.367,14.8626
9/1/1985,54.8906,7057.327,62.8921,58.6625,77.6841,4411.0,0.534796314,7.1,15.3,3494.0,2570.0,2242.0,1009.0,408500,23528,874.4,17718,40.2,3.3,1676.0,720.0,478.0,1916.0,241.0,776.0,661.0,1.590993378,603.3,130.2696972,4.258555133,11.16461795,7.92,-0.09,-0.82,0.15,1.89,1.3642,1.3703,96.2,135.31,16.7649
10/1/1985,54.7199,7091.229,62.8258,61.6998,77.4161,4340.0,0.523017595,7.1,15.3,3424.0,2545.0,2295.0,1096.0,405750,23529,868.7,17708,40.2,3.3,1834.0,803.0,461.0,1743.0,271.0,749.0,481.0,1.611655629,607.8,130.6221466,4.221267454,11.35662127,7.99,-0.19,-0.83,0.02,1.7,1.4215,1.3667,95.0,135.599,16.1499
11/1/1985,54.9124,7102.139,63.1624,60.5701,77.8151,4420.0,0.543799213,7.0,15.7,3463.0,2456.0,2207.0,910.0,393400,23520,860.7,17697,40.1,3.3,1698.0,792.0,452.0,1692.0,273.0,730.0,480.0,1.590993378,612.2,131.1138884,3.989873418,12.14220787,8.05,-0.28,-0.81,-0.17,1.23,1.4396,1.3765,92.6,135.712,16.1135
12/1/1985,55.4412,7145.546,63.5399,61.3074,77.948,4308.0,0.529368395,7.0,15.1,3393.0,2544.0,2208.0,1003.0,385250,23518,855.1,17693,40.3,3.6,1942.0,895.0,488.0,1794.0,247.0,836.0,432.0,1.601324503,619.8,130.7954947,3.810902074,12.86663827,8.27,-0.52,-1.17,-0.6,0.46,1.4447,1.3955,93.0,135.636,18.3427
1/1/1986,55.7481,7140.925,64.0819,61.4401,78.7842,4300.0,0.551635664,6.7,14.8,3333.0,2414.0,2089.0,1002.0,366750,23530,851.7,17686,40.4,3.4,1972.0,898.0,466.0,1847.0,277.0,786.0,496.0,1.580662252,621.4,131.2028044,3.81364073,13.06705024,8.14,-0.43,-1.07,-0.41,0.54,1.4244,1.407,94.2,135.776,18.1213
2/1/1986,55.3568,7176.182,63.4751,59.794,78.267,4287.0,0.510235658,7.2,15.2,3516.0,2569.0,2308.0,1125.0,369500,23485,834.4,17663,40.0,3.3,1848.0,747.0,483.0,1767.0,253.0,754.0,472.0,1.611655629,625.2,131.4495022,3.637192343,13.99962713,7.86,-0.23,-0.8,-0.25,0.48,1.4297,1.4043,94.4,135.59,20.6242
3/1/1986,54.9625,7243.924,63.2722,58.4132,77.9205,4259.0,0.50805201,7.2,14.6,3540.0,2586.0,2261.0,1088.0,381200,23428,807.9,17624,40.0,3.4,1876.0,782.0,493.0,1780.0,265.0,717.0,526.0,1.642649007,633.5,130.8630241,3.4524322,15.08630584,7.48,-0.28,-0.92,-0.45,-0.02,1.4674,1.4009,95.2,135.673,23.564
4/1/1986,55.0413,7267.821,63.4952,59.3933,78.2571,4283.0,0.512075562,7.1,14.7,3598.0,2666.0,2162.0,988.0,385750,23427,779.2,17616,40.0,3.3,1933.0,761.0,513.0,1858.0,299.0,728.0,517.0,1.621986755,641.0,131.8954233,3.380953782,15.67494469,6.99,-0.39,-0.93,-0.55,0.06,1.4985,1.3879,94.7,135.803,23.0154
5/1/1986,55.1226,7275.711,63.6761,61.5685,78.2798,4210.0,0.498874274,7.2,14.7,3586.0,2670.0,2232.0,1064.0,386000,23349,750.2,17593,40.1,3.4,1854.0,799.0,529.0,1797.0,285.0,698.0,518.0,1.621986755,652.0,132.7528049,3.385044025,15.82118176,6.85,-0.23,-0.7,-0.2,0.67,1.5211,1.3757,94.6,136.286,18.8928
6/1/1986,54.9005,7277.787,63.5336,59.7611,77.8771,4474.0,0.525858016,7.2,15.2,3489.0,2705.0,2320.0,1040.0,370500,23263,733.2,17530,40.0,3.3,1847.0,768.0,499.0,1790.0,284.0,724.0,493.0,1.611655629,660.6,133.1416418,3.302079087,16.31477475,6.92,-0.21,-0.71,-0.19,0.72,1.5085,1.3899,95.6,136.825,18.598
7/1/1986,55.2592,7312.343,63.88,59.3475,78.2626,4292.0,0.515927395,7.0,15.2,3446.0,2548.0,2269.0,1056.0,362000,23235,726.6,17497,40.0,3.4,1782.0,712.0,473.0,1780.0,302.0,701.0,480.0,1.611655629,670.3,133.5070377,3.390228976,16.08035506,6.56,-0.23,-0.73,-0.29,0.5,1.5071,1.3808,96.1,137.163,19.639
8/1/1986,55.1567,7327.756,63.9248,61.0693,78.3482,4334.0,0.53275968,6.9,15.5,3439.0,2398.0,2276.0,1084.0,407400,23225,707.6,17489,40.1,3.4,1807.0,708.0,458.0,1726.0,284.0,662.0,476.0,1.611655629,678.7,133.739796,3.341497959,16.46093979,6.17,-0.25,-0.64,-0.24,0.63,1.4861,1.3885,95.8,137.484,18.6381
9/1/1986,55.2975,7334.44,63.9992,60.125,78.4495,4383.0,0.527436823,7.0,15.4,3405.0,2642.0,2318.0,1081.0,395500,23216,692.5,17498,40.2,3.4,1687.0,698.0,425.0,1686.0,304.0,631.0,478.0,1.56,687.4,134.9681107,3.453629878,16.00941119,5.89,-0.21,-0.68,-0.12,1.03,1.4698,1.3873,96.3,137.682,22.7052
10/1/1986,55.5332,7336.284,64.2043,59.3175,78.6211,4367.0,0.529782846,7.0,15.2,3416.0,2599.0,2188.0,974.0,383250,23208,690.3,17477,40.0,3.4,1681.0,683.0,454.0,1675.0,273.0,633.0,505.0,1.590993378,694.9,136.3092023,3.473744735,15.99243334,5.85,-0.17,-0.67,-0.13,0.98,1.4264,1.3885,97.3,137.836,22.5239
11/1/1986,55.7557,7347.933,64.4562,60.3973,78.7665,4556.0,0.558401765,6.9,15.0,3343.0,2630.0,2202.0,1037.0,363200,23204,685.4,17472,40.0,3.4,1623.0,610.0,471.0,1644.0,265.0,607.0,477.0,1.590993378,705.4,135.5648083,3.371411669,16.54427224,6.04,-0.28,-0.69,-0.24,0.72,1.4238,1.3863,97.3,138.229,18.6315
12/1/1986,56.2845,7373.793,65.1036,60.5361,79.3729,4310.0,0.546746163,6.6,15.0,3297.0,2397.0,2161.0,1011.0,358250,23237,679.8,17478,40.1,3.5,1833.0,615.0,541.0,1903.0,292.0,591.0,707.0,1.539337748,724.7,134.874253,3.330651649,16.80349479,6.91,-0.81,-1.38,-1.04,-0.24,1.4393,1.3801,97.0,138.598,19.7586
1/1/1987,56.0882,7361.633,64.769,60.8644,78.9108,4257.0,0.539406994,6.6,14.9,3390.0,2399.0,2168.0,1028.0,345600,23232,675.9,17465,40.4,3.5,1774.0,609.0,440.0,1690.0,286.0,570.0,483.0,1.601324503,730.2,134.0661772,3.137996219,17.79478063,6.43,-0.59,-1.0,-0.65,0.21,1.5054,1.3606,96.9,139.16,20.7666
2/1/1987,56.8275,7383.378,65.6802,60.6416,79.8877,4513.0,0.57380801,6.6,14.7,3323.0,2415.0,2117.0,1004.0,348750,23296,674.6,17499,40.7,3.7,1784.0,661.0,501.0,1689.0,306.0,603.0,409.0,1.539337748,730.7,132.6679714,2.961908152,18.84160179,6.1,-0.05,-0.51,-0.14,0.69,1.528,1.334,95.9,139.32,23.4463
3/1/1987,56.9098,7400.008,65.7565,61.7036,79.7376,4703.0,0.598193844,6.6,14.9,3386.0,2393.0,2070.0,949.0,333250,23307,675.8,17507,40.4,3.7,1726.0,628.0,473.0,1704.0,317.0,625.0,443.0,1.549668874,733.8,131.501615,2.851282051,19.52811941,6.13,0.03,-0.54,-0.1,0.66,1.5923,1.3194,98.1,139.678,21.8372
4/1/1987,57.2701,7394.617,66.0275,62.5588,79.9812,4665.0,0.618536197,6.3,14.8,3162.0,2236.0,2091.0,1012.0,336250,23342,678.6,17525,40.2,3.3,1614.0,662.0,404.0,1601.0,287.0,604.0,412.0,1.549668874,743.9,131.8340223,2.903560318,19.19674157,6.37,0.08,-0.73,0.13,1.2,1.6313,1.3192,98.7,140.162,26.8814
5/1/1987,57.6322,7439.064,66.5399,62.8627,80.3199,4794.0,0.632954846,6.3,14.9,3315.0,2100.0,2104.0,992.0,331000,23390,681.6,17542,40.5,3.7,1628.0,629.0,391.0,1500.0,267.0,576.0,379.0,1.56,745.8,130.7791869,2.926323072,19.1432067,6.85,0.08,-1.19,0.15,1.41,1.6666,1.3411,104.2,140.437,25.4115
6/1/1987,57.9307,7432.017,66.7645,63.5113,80.4169,4780.0,0.646120573,6.2,14.9,3167.0,2173.0,2087.0,1012.0,322250,23390,682.1,17537,40.3,3.6,1594.0,602.0,440.0,1522.0,272.0,587.0,395.0,1.549668874,743.2,130.8936143,2.826808228,19.949519,6.73,0.19,-1.06,0.07,1.29,1.6288,1.3387,105.1,140.836,21.6245
7/1/1987,58.3258,7457.261,67.2461,64.2089,80.8279,4790.0,0.659053385,6.1,14.2,3217.0,2146.0,1921.0,938.0,319250,23455,684.2,17593,40.4,3.7,1575.0,636.0,428.0,1516.0,279.0,553.0,418.0,1.539337748,743.0,130.7075848,2.76255079,20.56510757,6.58,0.07,-0.89,0.1,1.43,1.609,1.3262,109.8,141.149,17.8009
8/1/1987,58.7636,7496.646,67.7165,63.6162,81.0626,5014.0,0.690538493,6.0,14.4,3191.0,2155.0,1878.0,833.0,325600,23506,688.5,17630,40.4,3.7,1605.0,632.0,419.0,1511.0,259.0,598.0,402.0,1.539337748,744.9,130.2855125,2.614854281,21.78297608,6.73,-0.02,-0.69,0.3,1.59,1.5996,1.3256,112.7,141.446,20.849
9/1/1987,58.9951,7503.262,67.9766,64.6761,81.4604,4981.0,0.701351732,5.9,14.2,3224.0,2031.0,1866.0,877.0,309750,23566,693.6,17691,40.1,3.6,1695.0,706.0,416.0,1514.0,248.0,577.0,405.0,1.529006623,747.6,130.0806537,2.717288987,20.97208388,7.22,0.15,-0.82,0.45,1.72,1.6446,1.3154,117.2,141.854,22.8938
10/1/1987,59.781,7552.866,68.8963,65.0987,82.4562,5043.0,0.697799917,6.0,14.0,3241.0,2162.0,1794.0,838.0,300000,23655,699.8,17729,40.5,3.8,1515.0,612.0,391.0,1447.0,244.0,554.0,370.0,1.539337748,756.2,129.6527945,3.108493933,18.35405882,7.29,0.6,-1.16,0.3,1.79,1.662,1.3097,124.2,142.104,40.7977
11/1/1987,60.0726,7589.74,68.9882,65.8203,82.7578,5106.0,0.725799574,5.8,14.0,3172.0,2083.0,1797.0,871.0,306750,23711,697.0,17775,40.4,3.8,1656.0,639.0,421.0,1457.0,270.0,542.0,378.0,1.549668874,753.2,129.659804,3.575510204,15.94630531,6.69,0.48,-1.0,0.27,1.66,1.7754,1.3167,128.2,142.167,49.4365
12/1/1987,60.4095,7675.619,69.3831,66.4067,83.1933,4886.0,0.7044406,5.7,14.2,3178.0,1979.0,1767.0,867.0,318750,23772,696.1,17809,40.5,3.9,1400.0,577.0,320.0,1345.0,254.0,479.0,380.0,1.549668874,750.2,127.6732658,3.65560166,15.54359491,6.77,0.84,-1.0,0.4,1.68,1.8288,1.3075,134.9,141.906,41.764
1/1/1988,60.3976,7669.267,69.5033,66.476,82.9076,4770.0,0.686034805,5.7,14.2,3086.0,2151.0,1714.0,845.0,335600,23668,692.4,17790,40.3,3.9,1271.0,437.0,366.0,1244.0,255.0,422.0,346.0,1.56,756.2,127.8012354,3.535596806,15.91106641,6.83,0.04,-1.02,0.16,1.35,1.8009,1.2855,135.8,141.681,38.3365
2/1/1988,60.7003,7703.832,69.932,67.5032,83.1047,4840.0,0.698513494,5.7,14.4,3057.0,2110.0,1738.0,850.0,318750,23769,691.6,17823,40.4,3.7,1473.0,580.0,362.0,1438.0,248.0,568.0,366.0,1.549668874,757.7,127.722119,3.44956606,16.13091917,6.58,0.0,-0.92,0.06,1.13,1.7582,1.2682,130.9,141.633,33.674
3/1/1988,60.8501,7724.295,70.0174,67.6447,83.286,4956.0,0.720767888,5.7,13.7,3042.0,2087.0,1744.0,896.0,305500,23824,690.6,17844,40.4,3.7,1532.0,580.0,411.0,1525.0,298.0,551.0,399.0,1.539337748,761.8,127.6057966,3.36846067,16.30148132,6.58,0.04,-0.88,0.13,1.25,1.833,1.2492,132.8,142.121,29.3569
4/1/1988,61.2031,7744.299,70.4023,67.9011,83.9899,4928.0,0.746553553,5.4,13.3,3107.0,1930.0,1563.0,753.0,312200,23880,690.0,17874,40.4,3.9,1573.0,602.0,389.0,1429.0,244.0,518.0,399.0,1.539337748,768.1,127.5156955,3.443766184,15.79476414,6.87,-0.01,-0.96,0.14,1.32,1.8782,1.2353,141.3,142.345,27.405
5/1/1988,61.0797,7751.91,70.11,66.6082,83.738,5025.0,0.741259773,5.6,13.8,3095.0,2036.0,1647.0,801.0,313750,23896,688.3,17892,40.5,3.9,1421.0,570.0,371.0,1444.0,241.0,533.0,402.0,1.539337748,771.7,127.6169053,3.567618118,15.03760925,7.09,0.1,-0.83,0.31,1.49,1.8695,1.2373,146.9,142.537,25.7166
6/1/1988,61.2569,7779.471,70.2762,65.5203,83.8874,4895.0,0.747784907,5.4,13.1,3101.0,1924.0,1531.0,726.0,308250,23951,686.0,17916,40.5,3.9,1478.0,576.0,385.0,1485.0,235.0,564.0,408.0,1.529006623,778.3,126.8463711,3.409678611,15.41812297,7.51,-0.02,-1.05,-0.02,0.98,1.7768,1.2176,148.5,142.909,25.2709
7/1/1988,61.2659,7814.33,70.2031,66.1936,83.8048,4986.0,0.754882665,5.4,13.4,2998.0,2067.0,1601.0,805.0,321600,23966,683.4,17926,40.5,3.8,1467.0,562.0,367.0,1439.0,229.0,552.0,401.0,1.539337748,781.4,126.1035056,3.458442958,14.79340586,7.75,0.07,-1.02,0.0,0.91,1.7051,1.2075,149.8,143.171,23.644
8/1/1988,61.5731,7834.98,70.5328,66.7384,83.9,5005.0,0.731404355,5.6,13.6,3172.0,1973.0,1639.0,844.0,314750,23926,680.8,17891,40.3,3.7,1493.0,580.0,432.0,1460.0,216.0,556.0,440.0,1.549668874,783.3,126.2240713,3.558335229,14.01771859,8.01,0.25,-0.95,0.16,0.93,1.6965,1.2237,152.0,143.467,23.7073
9/1/1988,61.3807,7850.303,70.4215,65.4148,84.1347,4788.0,0.725015142,5.4,13.6,3152.0,1880.0,1569.0,756.0,304500,23942,675.0,17914,40.3,3.8,1492.0,591.0,422.0,1436.0,190.0,542.0,445.0,1.549668874,783.7,125.3228191,3.529850746,13.76231473,8.19,-0.02,-0.95,-0.1,0.5,1.684,1.2267,153.8,144.198,19.5242
10/1/1988,61.6453,7894.044,70.8151,66.3133,84.438,5051.0,0.769031669,5.4,13.4,3106.0,1864.0,1562.0,794.0,291400,23987,671.9,17966,40.6,3.9,1522.0,585.0,475.0,1516.0,218.0,568.0,470.0,1.529006623,783.3,124.4046321,3.442682048,13.83020334,8.3,-0.06,-0.95,-0.19,0.21,1.7388,1.2055,159.9,144.531,20.4819
11/1/1988,61.7944,7896.3,70.9463,65.9461,84.6678,4899.0,0.749426342,5.3,12.6,3097.0,1967.0,1468.0,765.0,290500,24030,665.7,18003,40.5,3.9,1569.0,624.0,460.0,1508.0,199.0,575.0,485.0,1.529006623,784.9,124.1678524,3.557195572,13.17318312,8.35,0.31,-0.59,0.13,0.44,1.8085,1.2186,167.3,144.684,21.659
12/1/1988,62.0743,7936.204,71.2412,66.2507,84.9862,5004.0,0.76772016,5.3,12.9,2972.0,2023.0,1490.0,751.0,293200,24054,663.3,18025,40.3,3.8,1563.0,597.0,409.0,1501.0,201.0,545.0,408.0,1.518675497,786.7,123.3101969,3.518987342,13.11313833,8.76,0.35,-0.69,0.23,0.33,1.8258,1.1962,176.1,144.824,17.7542
1/1/1989,62.2574,8007.589,71.4777,66.6327,85.5469,4866.0,0.728225082,5.4,12.6,3146.0,2010.0,1480.0,748.0,289750,24097,663.1,18057,40.4,3.9,1621.0,647.0,420.0,1466.0,234.0,556.0,396.0,1.518675497,785.7,125.136068,3.438447793,13.18283165,9.12,-0.08,-0.85,-0.07,0.03,1.7737,1.1913,177.4,145.485,17.758
2/1/1989,61.9819,8030.962,71.2912,66.1,84.5959,4856.0,0.763642082,5.2,12.4,3194.0,1877.0,1304.0,669.0,303750,24080,658.4,18055,40.4,3.9,1425.0,551.0,398.0,1383.0,198.0,518.0,399.0,1.549668874,783.8,124.7964942,3.366214286,13.24569907,9.36,0.01,-0.83,-0.11,-0.09,1.7534,1.1891,172.3,145.629,18.3126
3/1/1989,62.1369,8072.817,71.4267,65.2183,84.3714,4732.0,0.762610798,5.0,12.3,3042.0,1850.0,1353.0,683.0,322000,24069,662.4,18060,40.5,4.0,1422.0,557.0,394.0,1214.0,178.0,441.0,352.0,1.56,783.0,124.5228327,3.409634438,12.84858332,9.85,0.1,-1.03,-0.28,-0.34,1.7134,1.1954,170.7,145.123,17.4754
4/1/1989,62.1276,8041.025,71.4873,65.0966,84.3464,4979.0,0.769789734,5.2,12.5,3110.0,1984.0,1397.0,680.0,311800,24100,663.7,18055,40.5,3.9,1339.0,528.0,345.0,1376.0,202.0,525.0,396.0,1.549668874,779.2,124.7290453,3.336652332,12.92630938,9.84,-0.03,-1.19,-0.48,-0.54,1.7008,1.1888,169.6,145.452,16.8875
5/1/1989,61.7744,8006.298,70.9507,64.2613,83.518,4763.0,0.747137255,5.2,12.0,3052.0,1987.0,1348.0,714.0,324500,24089,663.4,18040,40.3,3.7,1331.0,535.0,372.0,1381.0,175.0,536.0,420.0,1.56,775.0,125.3700747,3.24730806,13.13926023,9.81,-0.34,-1.38,-0.83,-0.9,1.6307,1.1925,161.5,145.497,17.435
6/1/1989,61.7697,8028.717,71.1761,65.0315,83.4391,4569.0,0.694693629,5.3,11.1,3303.0,2020.0,1300.0,687.0,333000,24052,653.7,18013,40.3,3.7,1397.0,526.0,462.0,1322.0,176.0,507.0,398.0,1.580662252,773.5,125.0582678,3.181958604,13.35906371,9.53,-0.42,-1.38,-1.09,-1.24,1.553,1.1986,154.2,145.642,16.7322
7/1/1989,61.1738,8055.26,70.164,65.4444,82.2513,4654.0,0.716551193,5.2,11.8,3173.0,1961.0,1435.0,814.0,341600,24027,643.5,17980,40.4,3.8,1427.0,524.0,421.0,1283.0,165.0,483.0,401.0,1.601324503,777.8,124.6043556,3.140494125,13.55120548,9.24,-0.56,-1.36,-1.35,-1.41,1.6268,1.1891,145.7,145.857,18.0565
8/1/1989,61.7732,8072.841,71.0539,64.6291,82.8147,4618.0,0.70926125,5.2,11.4,3090.0,2038.0,1302.0,742.0,334500,24048,667.6,17964,40.4,3.7,1332.0,568.0,381.0,1334.0,179.0,514.0,380.0,1.580662252,779.4,124.3805695,3.042902481,14.05264792,8.99,-0.42,-1.09,-0.81,-0.9,1.5947,1.1758,145.1,145.801,19.3234
9/1/1989,61.5796,8095.196,70.8856,65.0883,82.423,4589.0,0.696358118,5.3,11.5,3214.0,1981.0,1360.0,761.0,336000,24000,669.0,17922,40.3,3.7,1279.0,494.0,373.0,1314.0,171.0,504.0,391.0,1.580662252,781.0,124.1115136,3.072271811,13.99953536,9.02,-0.32,-1.27,-0.8,-0.85,1.5715,1.1828,148.1,145.916,16.7465
10/1/1989,61.4966,8134.089,70.6015,64.2944,81.9997,4706.0,0.709803922,5.3,11.9,3218.0,1992.0,1392.0,746.0,363250,23997,669.1,17895,40.4,3.7,1410.0,554.0,407.0,1365.0,167.0,500.0,421.0,1.601324503,786.6,123.457323,3.107858377,13.93791622,8.84,-0.31,-1.2,-0.85,-0.87,1.5874,1.1749,150.5,146.205,21.9509
11/1/1989,61.7044,8142.33,70.8794,64.6051,81.9613,4529.0,0.673457249,5.4,11.7,3247.0,2035.0,1418.0,763.0,336750,24009,671.9,17886,40.3,3.6,1351.0,507.0,355.0,1344.0,169.0,489.0,417.0,1.590993378,787.9,123.4971599,3.210846561,13.64769672,8.55,-0.2,-0.86,-0.78,-0.74,1.5726,1.1697,144.4,146.56,20.9323
12/1/1989,62.0428,8149.087,71.6251,62.9036,81.7522,4674.0,0.701064947,5.4,11.6,3275.0,1987.0,1375.0,740.0,355200,23949,672.1,17881,40.0,3.5,1251.0,437.0,430.0,1422.0,169.0,526.0,494.0,1.580662252,792.9,123.188196,3.169822146,14.02548849,8.45,-0.16,-0.82,-0.73,-0.7,1.5965,1.1613,135.1,146.243,18.235
1/1/1990,61.729,8170.022,71.0944,65.4771,81.5063,4615.0,0.683501185,5.4,11.8,3189.0,2091.0,1412.0,766.0,361000,23981,675.5,17797,40.4,3.9,1551.0,575.0,487.0,1748.0,193.0,656.0,437.0,1.580662252,795.4,122.0927756,3.276759714,13.62934698,8.23,-0.13,-0.59,-0.31,-0.11,1.6512,1.172,133.8,146.695,23.499
2/1/1990,62.2896,8195.397,71.7381,66.4822,82.3926,4416.0,0.663960307,5.3,11.6,3223.0,2066.0,1350.0,726.0,358250,24069,675.6,17893,40.1,3.9,1437.0,559.0,390.0,1329.0,183.0,455.0,410.0,1.56,798.1,120.807631,3.398396126,13.31579726,8.24,-0.1,-0.5,-0.13,0.18,1.6961,1.1965,128.1,147.391,23.3268
3/1/1990,62.5999,8203.337,72.2637,63.2252,82.6004,4398.0,0.666565626,5.2,11.7,3206.0,2101.0,1331.0,694.0,345200,24021,675.0,17868,40.2,4.0,1289.0,510.0,373.0,1246.0,150.0,459.0,387.0,1.549668874,801.5,120.0071696,3.344560657,13.73843267,8.28,0.0,-0.38,0.07,0.32,1.6245,1.18,132.9,147.258,18.8313
4/1/1990,62.4359,8255.647,71.8967,63.3699,82.0368,4327.0,0.636604384,5.4,11.8,3269.0,2171.0,1376.0,727.0,361750,23966,678.7,17845,40.0,3.6,1248.0,475.0,357.0,1136.0,119.0,428.0,348.0,1.580662252,806.1,118.5505918,3.381838074,13.92221591,8.26,0.04,-0.49,0.14,0.51,1.6372,1.1641,139.6,147.207,20.4575
5/1/1990,62.6258,8246.75,72.1517,61.6542,82.1004,4227.0,0.626965292,5.4,11.7,3117.0,2269.0,1415.0,771.0,355250,23887,683.0,17796,40.1,3.9,1212.0,489.0,335.0,1067.0,126.0,410.0,312.0,1.570331126,804.2,117.9005706,3.298586724,14.62106,8.18,0.07,-0.44,0.14,0.56,1.6774,1.1747,138.4,147.278,18.1518
6/1/1990,62.8382,8260.44,72.4547,63.6303,82.171,4173.0,0.63323217,5.2,11.6,3151.0,2118.0,1436.0,796.0,362400,23849,684.8,17775,40.2,4.0,1177.0,538.0,296.0,1108.0,122.0,421.0,338.0,1.56,808.8,117.3394426,3.238158661,15.21914831,8.29,-0.15,-0.56,-0.19,0.14,1.7103,1.173,136.6,146.904,17.5828
7/1/1990,62.7284,8288.531,72.2662,64.0725,81.8082,4179.0,0.603727247,5.5,11.9,3221.0,2240.0,1534.0,846.0,367000,23746,683.9,17703,40.1,4.0,1171.0,487.0,329.0,1078.0,115.0,416.0,322.0,1.580662252,810.1,116.6689382,3.257145238,15.42458304,8.15,-0.16,-0.53,-0.21,0.18,1.8098,1.157,138.4,147.123,18.9328
8/1/1990,62.9475,8236.691,72.3664,65.902,81.9327,4014.0,0.558430718,5.7,12.2,3320.0,2254.0,1607.0,877.0,384250,23649,680.8,17650,40.1,3.9,1115.0,430.0,320.0,1069.0,115.0,410.0,322.0,1.56,815.7,116.4354149,3.562600151,14.26926562,8.13,-0.25,-0.68,-0.35,0.31,1.9013,1.1448,144.2,147.144,27.7752
9/1/1990,62.9523,8233.907,72.5064,65.5298,81.6281,3859.0,0.523751357,5.9,12.4,3280.0,2374.0,1695.0,914.0,394000,23572,681.8,17609,40.1,3.9,1110.0,436.0,325.0,976.0,113.0,373.0,273.0,1.570331126,820.2,115.6371651,3.753844203,13.69054095,8.2,-0.24,-0.84,-0.44,0.31,1.8794,1.1583,150.2,147.314,28.8189
10/1/1990,62.5845,8167.115,71.9987,63.8191,80.9966,3667.0,0.491620861,5.9,12.2,3347.0,2416.0,1689.0,911.0,425250,23474,679.7,17577,39.8,3.8,1014.0,387.0,255.0,925.0,113.0,361.0,257.0,1.570331126,819.9,116.0745938,3.883400625,13.41627263,8.11,-0.13,-0.94,-0.56,0.22,1.9456,1.16,152.2,147.745,30.1304
11/1/1990,61.7887,8168.212,71.09,62.6916,79.8882,3408.0,0.438948995,6.2,12.4,3442.0,2465.0,1831.0,998.0,446750,23284,680.2,17428,39.9,3.7,1145.0,479.0,260.0,941.0,108.0,378.0,253.0,1.590993378,822.1,115.4857847,3.810238193,13.90905247,7.81,0.1,-0.75,-0.5,0.21,1.9642,1.1635,143.9,147.602,25.1066
12/1/1990,61.3352,8210.825,70.6016,61.1205,79.1292,3410.0,0.431590938,6.3,12.5,3462.0,2565.0,1804.0,973.0,455000,23202,680.7,17395,40.1,3.7,969.0,402.0,234.0,861.0,101.0,340.0,233.0,1.601324503,824.7,113.8242541,3.680608365,14.67239837,7.31,0.49,-0.57,-0.26,0.42,1.9219,1.1603,133.8,147.127,22.5845
1/1/1991,61.1355,8157.383,70.4386,62.5877,78.5469,3167.0,0.395134124,6.4,12.2,3470.0,2630.0,1866.0,998.0,439750,23061,679.6,17330,39.9,3.7,798.0,345.0,239.0,786.0,92.0,297.0,217.0,1.632317881,827.2,113.7956196,3.719530554,14.59946647,6.91,0.19,-0.69,-0.27,0.79,1.9346,1.156,130.1,148.265,26.9318
2/1/1991,60.6838,8164.096,69.8176,64.4801,77.8987,3060.0,0.370235935,6.6,12.7,3585.0,2729.0,1955.0,1051.0,484000,22901,679.0,17213,39.8,3.6,965.0,386.0,228.0,853.0,96.0,341.0,220.0,1.632317881,832.6,113.0140101,3.343813835,16.3824791,6.25,0.24,-0.31,0.02,1.22,1.9641,1.1549,127.7,149.027,22.1126
3/1/1991,60.3346,8176.58,69.5373,64.9362,77.2211,3000.0,0.34940601,6.8,12.9,3539.0,2930.0,2137.0,1186.0,498600,22777,677.8,17140,39.7,3.6,921.0,397.0,190.0,911.0,103.0,353.0,252.0,1.632317881,838.7,112.1720944,3.255614054,16.95290657,6.12,0.29,-0.21,0.28,1.65,1.8214,1.1572,126.2,148.968,19.041
4/1/1991,60.4938,8208.244,69.5647,63.6605,77.4894,2986.0,0.353833393,6.7,13.5,3400.0,2801.0,2206.0,1227.0,467250,22687,674.6,17093,39.8,3.5,1001.0,403.0,258.0,916.0,108.0,364.0,236.0,1.590993378,843.1,111.0531871,3.194795617,17.38243687,5.91,0.16,-0.26,0.33,1.79,1.7497,1.1535,125.3,149.255,18.9272
5/1/1991,61.0633,8209.444,70.2271,65.0464,77.9033,2977.0,0.34077381,6.9,12.9,3621.0,2864.0,2252.0,1208.0,447000,22619,670.5,17071,39.8,3.6,996.0,367.0,295.0,991.0,107.0,391.0,275.0,1.570331126,848.8,110.1487648,3.211725178,17.40156525,5.78,0.14,-0.32,0.35,1.92,1.7238,1.1499,121.5,149.321,17.1804
6/1/1991,61.5581,8252.295,70.9212,65.5535,78.5531,3024.0,0.347906121,6.9,13.7,3428.0,2862.0,2533.0,1424.0,428600,22573,667.2,17045,40.1,3.8,1036.0,407.0,247.0,964.0,109.0,378.0,259.0,1.570331126,856.7,108.7743027,3.211821618,17.53909517,5.9,0.21,-0.33,0.46,2.04,1.6497,1.1439,114.9,148.806,17.575
7/1/1991,61.7305,8233.054,70.8269,65.1459,78.9063,2911.0,0.339040298,6.8,13.8,3422.0,2803.0,2388.0,1280.0,418250,22508,662.3,17015,40.1,4.0,1063.0,439.0,278.0,973.0,111.0,391.0,246.0,1.56,861.6,108.1791429,3.206822187,17.79903517,5.82,0.23,-0.24,0.49,2.09,1.6513,1.1493,114.5,149.735,17.6695
8/1/1991,61.7298,8248.575,70.8621,65.1695,78.909,2867.0,0.330833141,6.9,13.9,3446.0,2752.0,2460.0,1292.0,431600,22494,655.9,17026,40.1,3.9,1049.0,429.0,262.0,944.0,114.0,375.0,238.0,1.56,866.8,106.9080691,3.142449923,18.42888465,5.66,0.06,-0.33,0.12,1.77,1.6841,1.1452,113.6,149.466,15.9327
9/1/1991,62.2195,8273.586,71.5932,64.9461,79.584,2901.0,0.3326072,6.9,14.0,3478.0,2734.0,2497.0,1306.0,424500,22467,649.4,17010,40.2,3.9,1015.0,425.0,243.0,974.0,109.0,409.0,243.0,1.56,869.7,105.4317048,3.171487603,18.54225396,5.45,0.12,-0.23,0.12,1.69,1.7265,1.137,114.7,149.838,17.029
10/1/1991,62.1855,8284.054,71.4248,63.6638,79.4507,2770.0,0.313277539,7.0,14.4,3473.0,2779.0,2638.0,1403.0,422750,22419,643.3,16999,40.2,3.9,1079.0,462.0,263.0,991.0,122.0,384.0,256.0,1.56,878.0,104.1682804,3.167209471,18.85030348,5.21,0.14,-0.22,0.12,1.66,1.7231,1.1279,114.6,150.107,16.8463
11/1/1991,62.0871,8296.928,71.4425,64.0519,79.1399,2815.0,0.315194267,7.0,14.8,3460.0,2781.0,2718.0,1342.0,445400,22316,636.8,16961,40.2,3.9,1103.0,472.0,282.0,984.0,122.0,398.0,243.0,1.56,887.6,103.4378405,3.168195481,19.1402134,4.81,0.17,-0.25,0.08,1.81,1.7796,1.1302,113.1,150.303,17.6815
12/1/1991,61.7852,8365.723,70.8702,64.97,78.7793,2836.0,0.308327897,7.3,15.4,3473.0,2813.0,2892.0,1388.0,456750,22274,631.8,16917,40.3,3.9,1079.0,447.0,245.0,1061.0,113.0,432.0,276.0,1.590993378,897.0,102.0944812,3.140202311,19.70494618,4.43,0.18,-0.36,-0.05,1.76,1.8272,1.1467,109.9,149.594,18.0185
1/1/1992,61.4616,8405.155,70.2783,64.7049,78.1764,2696.0,0.290423355,7.3,16.1,3398.0,2826.0,3060.0,1437.0,439000,22213,627.8,16839,40.2,3.9,1176.0,454.0,280.0,1077.0,127.0,422.0,265.0,1.56,910.4,101.3516601,2.941741973,21.62325811,4.03,0.04,-0.23,0.12,2.21,1.809,1.1571,104.9,149.841,17.4995
2/1/1992,61.8955,8444.994,70.8859,63.6767,78.6896,2804.0,0.296594034,7.4,16.7,3277.0,2953.0,3182.0,1478.0,442200,22141,623.7,16828,40.3,3.9,1250.0,497.0,296.0,1146.0,129.0,432.0,274.0,1.56,925.2,100.5351957,2.976536746,21.90245685,4.06,0.05,-0.22,0.23,2.52,1.7778,1.1825,109.8,150.119,17.0505
3/1/1992,62.4232,8457.388,71.4956,63.9491,79.3214,2944.0,0.311205074,7.4,17.1,3412.0,2801.0,3196.0,1425.0,429500,22126,621.5,16805,40.2,4.0,1297.0,528.0,304.0,1082.0,123.0,445.0,249.0,1.53,936.7,100.0575548,3.024351925,22.05397019,3.98,0.32,0.06,0.65,2.97,1.7238,1.1928,111.9,150.024,16.2227
4/1/1992,62.897,8487.783,72.0229,64.3633,79.5506,2840.0,0.301646309,7.4,17.4,3296.0,2821.0,3130.0,1380.0,418250,22131,618.4,16830,40.5,4.2,1099.0,476.0,263.0,1054.0,118.0,425.0,268.0,1.53,943.8,98.89664763,3.023980756,22.5768103,3.73,0.31,0.02,0.57,3.05,1.7566,1.1874,112.7,150.32,16.1885
5/1/1992,63.104,8531.932,72.3991,63.8102,79.8097,2934.0,0.301108374,7.6,17.8,3417.0,2788.0,3444.0,1460.0,417400,22135,615.8,16835,40.4,4.1,1214.0,501.0,290.0,1056.0,125.0,419.0,254.0,1.52,950.6,98.08547215,2.970034474,23.44415741,3.82,0.06,-0.19,0.37,2.87,1.8095,1.1991,112.5,150.61,14.728
6/1/1992,63.1363,8566.719,72.2562,63.5726,79.8526,2898.0,0.288645418,7.8,18.2,3518.0,2809.0,3758.0,1608.0,418750,22098,609.4,16826,40.3,4.1,1145.0,462.0,292.0,1057.0,122.0,437.0,256.0,1.52,954.3,97.08124631,3.017610895,23.39893754,3.76,0.16,-0.1,0.41,2.72,1.8551,1.196,113.9,150.282,14.7531
7/1/1992,63.7176,8559.118,72.9725,63.7938,80.3764,2878.0,0.292182741,7.7,18.1,3438.0,2832.0,3614.0,1490.0,442750,22075,606.3,16820,40.3,4.1,1139.0,472.0,274.0,1089.0,129.0,441.0,267.0,1.51,963.3,96.97275386,2.973930852,24.07703641,3.25,0.19,-0.04,0.35,2.59,1.9177,1.1924,116.4,150.497,13.3036
8/1/1992,63.3613,8591.676,72.8429,60.8048,79.7617,2946.0,0.301011546,7.6,18.0,3436.0,2840.0,3579.0,1506.0,407200,22044,603.2,16782,40.3,4.1,1226.0,478.0,312.0,1075.0,124.0,425.0,272.0,1.53,973.7,96.56608296,2.959036202,24.41782704,3.3,0.08,-0.17,0.17,2.3,1.9434,1.1907,119.6,150.609,14.4223
9/1/1992,63.5703,8558.368,72.8535,62.5511,79.6862,2855.0,0.291892445,7.6,18.1,3428.0,2882.0,3504.0,1393.0,417000,22019,596.9,16760,40.2,4.0,1186.0,522.0,274.0,1114.0,127.0,447.0,278.0,1.51,988.0,96.65161935,2.960714968,24.52367042,3.22,0.02,-0.31,-0.04,2.16,1.8465,1.2225,117.7,150.477,14.2585
10/1/1992,63.9995,8515.933,73.3913,65.1276,79.9437,2910.0,0.309640349,7.3,18.9,3356.0,2630.0,3505.0,1311.0,377800,22029,599.1,16751,40.3,4.1,1244.0,519.0,289.0,1132.0,116.0,485.0,277.0,1.51,1003.7,96.30082279,3.002836364,24.12481391,3.1,0.23,-0.24,0.2,2.5,1.6529,1.2453,113.8,150.77,17.4786
11/1/1992,64.2422,8534.33,73.562,64.1384,80.0445,3008.0,0.314479875,7.4,17.9,3317.0,2923.0,3397.0,1405.0,362250,22041,597.8,16758,40.3,4.1,1214.0,519.0,315.0,1118.0,134.0,448.0,276.0,1.51,1015.7,96.43308154,2.928601835,24.6184279,3.09,0.57,0.04,0.59,2.95,1.5268,1.2674,109.3,151.034,14.594
12/1/1992,64.3507,8845.712,73.8336,63.3957,79.8526,3011.0,0.315057026,7.4,19.0,3189.0,2759.0,3651.0,1595.0,339000,22076,597.3,16770,40.3,4.1,1227.0,531.0,264.0,1176.0,129.0,478.0,289.0,1.51,1024.9,92.95184259,2.841795978,25.18023355,2.92,0.75,0.3,0.79,3.16,1.551,1.2725,109.1,150.486,12.7813
1/1/1993,64.5978,8602.353,74.1165,63.4763,80.4309,2941.0,0.31538874,7.3,18.3,3299.0,2649.0,3346.0,1380.0,345600,22131,598.0,16790,40.5,4.3,1210.0,556.0,221.0,1177.0,142.0,485.0,269.0,1.5,1030.4,95.46820983,2.852124164,24.7167488,3.02,0.23,-0.02,0.48,2.81,1.5325,1.2779,109.0,150.808,12.584
2/1/1993,64.9089,8642.143,74.3329,64.189,80.513,3053.0,0.332462158,7.1,18.2,3461.0,2580.0,3190.0,1283.0,338250,22188,588.8,16804,40.6,4.4,1210.0,533.0,257.0,1148.0,143.0,486.0,252.0,1.5,1033.5,95.28155172,2.817908082,24.67304627,3.03,0.15,-0.1,0.36,2.4,1.4395,1.2602,108.6,150.648,13.6247
3/1/1993,64.8522,8619.726,74.3908,62.8976,80.2329,3034.0,0.335026502,7.0,17.6,3260.0,2666.0,3115.0,1309.0,351000,22142,591.0,16795,40.3,4.2,1083.0,459.0,285.0,1056.0,108.0,423.0,272.0,1.52,1038.4,95.01633244,2.77234761,24.71939349,3.07,0.1,-0.12,0.26,2.12,1.4617,1.2471,107.4,150.604,13.693
4/1/1993,65.0301,8684.645,74.5491,62.9314,80.4777,3034.0,0.333040615,7.1,17.6,3350.0,2620.0,3014.0,1381.0,354750,22131,589.9,16772,40.8,4.7,1258.0,563.0,318.0,1104.0,117.0,475.0,272.0,1.51,1047.6,94.77050233,2.819648822,23.91823244,2.96,0.18,-0.09,0.28,2.17,1.5447,1.2621,104.4,151.398,13.4566
5/1/1993,64.784,8682.682,74.2258,63.0747,80.2625,3161.0,0.345502241,7.1,17.5,3363.0,2617.0,3101.0,1325.0,343600,22190,590.9,16766,40.6,4.3,1260.0,555.0,287.0,1112.0,128.0,458.0,269.0,1.49,1065.9,94.23516203,2.808916339,23.7187547,3.0,0.14,-0.04,0.36,2.2,1.5477,1.2698,99.7,151.39,13.535
6/1/1993,64.9301,8671.95,74.2337,62.8599,80.052,3075.0,0.337134086,7.0,17.8,3218.0,2778.0,3141.0,1355.0,342750,22166,583.0,16742,40.5,4.4,1280.0,548.0,317.0,1130.0,129.0,455.0,280.0,1.5,1075.1,94.7736601,2.794268625,23.60555902,3.04,0.21,0.03,0.5,2.18,1.5082,1.2789,98.5,151.656,13.0022
7/1/1993,65.1052,8699.937,74.6057,62.9299,80.1149,3186.0,0.356774916,6.9,17.7,3292.0,2586.0,3046.0,1276.0,350800,22184,579.5,16740,40.6,4.4,1254.0,560.0,278.0,1174.0,127.0,500.0,286.0,1.5,1084.6,94.57195456,2.799078897,23.3833622,3.06,0.14,-0.02,0.41,2.03,1.4955,1.282,99.6,151.918,11.9995
8/1/1993,65.0267,8718.737,74.3865,62.8764,79.8052,3259.0,0.371904599,6.8,18.0,3176.0,2595.0,3026.0,1256.0,341000,22202,574.5,16740,40.7,4.4,1300.0,562.0,321.0,1230.0,130.0,522.0,297.0,1.5,1094.2,94.6799296,2.756919825,23.48835121,3.03,0.15,-0.01,0.41,2.0,1.4914,1.308,101.6,152.116,11.9522
9/1/1993,65.3717,8699.123,74.8834,64.3844,80.2402,3183.0,0.365274271,6.7,18.1,3127.0,2516.0,3042.0,1286.0,339000,22253,577.6,16770,40.8,4.6,1343.0,567.0,316.0,1251.0,137.0,514.0,314.0,1.49,1104.2,95.35602897,2.726243359,23.51604824,3.09,0.07,-0.14,0.27,1.64,1.5248,1.3215,101.1,152.622,12.6214
10/1/1993,65.8509,8662.656,75.4057,66.2307,80.752,3347.0,0.382514286,6.8,18.1,3336.0,2514.0,3029.0,1220.0,349800,22305,576.8,16778,40.7,4.5,1392.0,590.0,315.0,1287.0,146.0,541.0,301.0,1.48,1113.1,96.3049761,2.703168786,23.46809277,2.99,0.27,0.03,0.4,1.72,1.5023,1.3263,97.7,153.175,11.3771
11/1/1993,66.1518,8684.88,75.5896,66.2328,80.9708,3373.0,0.394872395,6.6,18.6,3087.0,2518.0,2986.0,1186.0,341000,22346,576.3,16800,40.8,4.6,1376.0,605.0,329.0,1357.0,141.0,557.0,330.0,1.49,1124.1,96.57899164,2.71338763,23.20487459,3.02,0.38,0.08,0.56,2.04,1.4808,1.3174,95.0,153.441,13.37
12/1/1993,66.5436,8986.914,75.9666,65.2589,81.3076,3468.0,0.409106995,6.5,18.3,3246.0,2362.0,2968.0,1186.0,323000,22413,590.1,16815,40.9,4.7,1533.0,699.0,365.0,1461.0,171.0,646.0,318.0,1.49,1129.6,94.29274153,2.6998605,23.15048732,2.96,0.4,0.1,0.65,2.19,1.4913,1.3308,95.4,153.057,10.8645
1/1/1994,66.7351,8808.902,76.2632,64.346,81.1677,3592.0,0.41622248,6.6,18.6,3184.0,2384.0,3060.0,1327.0,359200,22465,587.2,16855,40.9,4.7,1272.0,563.0,359.0,1390.0,102.0,599.0,391.0,1.48,1131.6,96.8160841,2.668830208,23.217247,3.05,0.14,-0.07,0.49,2.04,1.4923,1.3173,96.5,153.237,10.6052
2/1/1994,66.774,8817.405,76.13,63.7113,81.0802,3743.0,0.436094606,6.6,19.0,2652.0,2714.0,3118.0,1359.0,348500,22451,583.8,16862,40.3,4.7,1337.0,606.0,326.0,1269.0,112.0,545.0,334.0,1.47,1136.3,97.43689893,2.686012978,22.85148931,3.25,0.24,0.0,0.62,2.15,1.4792,1.3424,100.8,153.512,12.8852
3/1/1994,67.4552,8840.918,76.8876,64.2289,81.933,3794.0,0.447933884,6.5,19.0,2789.0,2543.0,3055.0,1275.0,335750,22550,580.3,16897,41.1,5.0,1564.0,672.0,402.0,1342.0,121.0,576.0,340.0,1.46,1140.1,98.04710433,2.740346262,22.18803787,3.34,0.51,0.16,0.98,2.6,1.4919,1.3644,105.6,153.984,14.2408
4/1/1994,67.8541,8923.036,77.2313,65.2466,82.4124,3794.0,0.455407514,6.4,19.0,2842.0,2430.0,2921.0,1175.0,344000,22641,578.3,16933,41.1,5.0,1465.0,615.0,338.0,1392.0,135.0,600.0,351.0,1.46,1141.1,97.78011884,2.851619972,21.16564687,3.56,0.49,0.12,1.26,2.96,1.4823,1.383,106.9,154.032,15.3347
5/1/1994,68.1663,8941.155,77.4884,65.4471,82.6321,3945.0,0.49842072,6.1,19.5,2652.0,2462.0,2836.0,1140.0,359000,22703,575.3,16961,41.2,4.9,1526.0,702.0,347.0,1396.0,143.0,592.0,346.0,1.47,1143.3,98.75760349,2.838035041,21.04224735,4.01,0.56,0.13,1.3,2.77,1.5042,1.3808,109.2,154.546,13.39
6/1/1994,68.6265,8929.074,77.9589,65.336,82.6188,3844.0,0.48492494,6.1,18.8,2757.0,2449.0,2735.0,1155.0,340000,22764,576.0,17009,41.2,5.0,1409.0,622.0,330.0,1357.0,146.0,565.0,345.0,1.47,1145.2,99.59665737,2.823032781,20.7961711,4.25,0.32,-0.11,1.02,2.45,1.5262,1.3836,117.1,154.906,12.9459
7/1/1994,68.7178,8944.497,77.9112,64.709,82.6498,4047.0,0.509312862,6.1,19.0,2820.0,2316.0,2822.0,1260.0,342200,22807,573.7,17025,41.2,5.0,1439.0,594.0,379.0,1335.0,161.0,567.0,307.0,1.47,1150.7,99.41969259,2.851129818,20.16962838,4.26,0.49,0.07,1.22,2.65,1.5467,1.3826,121.5,155.506,12.1635
8/1/1994,69.1785,8957.46,78.4627,65.4421,83.089,3894.0,0.490860961,6.0,18.8,2671.0,2569.0,2750.0,1181.0,336250,22876,573.9,17081,41.1,5.0,1450.0,680.0,314.0,1377.0,143.0,589.0,342.0,1.45,1150.6,100.0439744,2.778735137,20.23232217,4.47,0.37,0.01,1.09,2.41,1.5422,1.3783,125.3,155.595,11.393
9/1/1994,69.3961,8996.696,78.5727,65.6658,83.1397,3944.0,0.509956038,5.9,18.7,2671.0,2317.0,2746.0,1203.0,330250,22947,576.0,17114,41.1,4.9,1474.0,645.0,371.0,1412.0,135.0,608.0,374.0,1.46,1151.9,101.1899842,2.768973788,19.86435114,4.73,0.29,-0.11,1.03,2.35,1.5661,1.354,127.4,155.65,12.6123
10/1/1994,69.9544,9076.95,79.3339,64.94,83.6095,4197.0,0.549921384,5.8,19.3,2424.0,2283.0,2955.0,1364.0,333400,22974,572.5,17144,41.1,5.1,1450.0,654.0,352.0,1397.0,131.0,591.0,357.0,1.45,1150.2,101.5101776,2.805739419,19.28540941,4.76,0.75,0.19,1.35,2.64,1.6064,1.3503,134.1,155.707,15.0495
11/1/1994,70.4326,9074.779,79.7386,67.1652,83.9976,4146.0,0.562169492,5.6,18.0,2619.0,2164.0,2666.0,1196.0,328000,23049,571.7,17186,41.2,5.0,1511.0,634.0,339.0,1340.0,137.0,590.0,315.0,1.45,1150.9,101.8588718,2.840871131,18.69162964,5.29,0.52,0.0,1.25,2.43,1.5892,1.3647,142.0,156.013,16.2495
12/1/1994,71.1523,9117.741,80.3842,66.5425,84.6166,4299.0,0.594605809,5.5,17.8,2581.0,2146.0,2488.0,1121.0,323200,23096,570.1,17218,41.3,5.1,1455.0,643.0,348.0,1396.0,167.0,603.0,303.0,1.44,1150.7,103.4253188,2.895494189,17.9967019,5.45,0.81,0.15,1.69,2.33,1.5587,1.3893,150.4,155.826,13.8066
1/1/1995,71.2734,9159.706,80.4465,67.0947,84.4175,4146.0,0.562169492,5.6,17.1,2764.0,2164.0,2396.0,1056.0,333500,23147,568.2,17262,41.3,5.2,1407.0,656.0,335.0,1282.0,139.0,567.0,291.0,1.45,1151.4,103.8271916,2.832885545,17.84338079,5.53,0.69,0.18,1.52,2.23,1.5746,1.4132,158.3,156.378,11.7119
2/1/1995,71.193,9180.168,80.4227,67.1291,83.9078,4154.0,0.577988034,5.4,17.0,2578.0,2197.0,2345.0,1119.0,337750,23105,563.8,17266,40.9,5.1,1316.0,564.0,337.0,1254.0,112.0,536.0,332.0,1.46,1147.4,103.7460904,2.734893758,17.92390613,5.92,0.23,-0.15,0.78,1.45,1.572,1.4005,160.1,156.362,11.1973
3/1/1995,71.3113,9203.415,80.596,67.6142,83.8217,4061.0,0.567733818,5.4,17.3,2572.0,2276.0,2287.0,949.0,340250,23151,564.2,17263,41.0,4.9,1249.0,571.0,277.0,1226.0,128.0,558.0,266.0,1.48,1146.7,104.5227118,2.672614823,17.79432518,5.98,0.17,-0.25,0.45,1.07,1.6002,1.4077,159.4,156.676,11.9713
4/1/1995,71.1882,9214.181,80.2776,66.5692,83.2082,4121.0,0.539045128,5.8,17.6,2730.0,2370.0,2473.0,1060.0,350200,23174,562.4,17278,40.5,4.4,1267.0,567.0,314.0,1259.0,129.0,539.0,313.0,1.48,1149.3,105.071031,2.607410762,17.77528207,6.05,0.07,-0.4,0.22,0.81,1.6073,1.3762,156.5,156.742,12.5168
5/1/1995,71.5378,9221.249,80.7535,65.8869,83.1916,3825.0,0.514804845,5.6,17.0,2603.0,2332.0,2577.0,1261.0,370250,23119,560.0,17258,40.5,4.5,1314.0,580.0,344.0,1271.0,121.0,546.0,326.0,1.49,1145.3,105.6869436,2.540367691,17.8318177,6.01,0.05,-0.34,-0.01,0.4,1.5874,1.3609,152.2,156.232,12.4586
6/1/1995,71.7749,9255.248,81.1754,66.1241,83.2331,3884.0,0.522956779,5.6,15.9,2744.0,2354.0,2266.0,1031.0,366250,23137,558.2,17247,40.7,4.6,1281.0,559.0,309.0,1305.0,119.0,565.0,326.0,1.48,1144.2,105.831841,2.478909799,17.885484,6.0,-0.06,-0.53,-0.36,-0.07,1.5948,1.3775,151.4,155.93,13.179
7/1/1995,71.4748,9286.334,80.8591,66.1743,82.3071,4098.0,0.544440016,5.7,16.5,2627.0,2565.0,2311.0,1061.0,371400,23119,557.0,17218,40.7,4.6,1461.0,723.0,342.0,1354.0,117.0,598.0,336.0,1.49,1145.5,106.188668,2.411324614,18.06062688,5.85,-0.06,-0.43,-0.26,0.16,1.5952,1.3612,153.7,155.81,14.0765
8/1/1995,72.4223,9299.788,81.9872,66.2487,82.8963,4056.0,0.541956173,5.7,16.2,2732.0,2434.0,2391.0,1156.0,356250,23164,555.3,17240,40.8,4.7,1416.0,633.0,341.0,1386.0,121.0,600.0,355.0,1.48,1145.4,106.351687,2.416340255,17.68499193,5.74,0.08,-0.34,0.01,0.5,1.5668,1.3552,154.6,155.937,13.3487
9/1/1995,72.7144,9335.583,82.3046,67.8534,83.25,4065.0,0.543594544,5.6,16.2,2857.0,2296.0,2306.0,1045.0,362000,23208,554.3,17247,40.8,4.7,1369.0,600.0,358.0,1421.0,128.0,638.0,340.0,1.47,1142.0,106.7442586,2.346355202,17.91155873,5.8,-0.06,-0.52,-0.18,0.2,1.559,1.3509,153.4,155.647,12.237
10/1/1995,72.5866,9349.228,81.9404,66.1769,82.7324,4127.0,0.563182314,5.5,16.0,2725.0,2380.0,2272.0,1052.0,371500,23206,553.2,17216,40.8,4.7,1369.0,607.0,352.0,1400.0,128.0,634.0,316.0,1.49,1137.3,106.7040245,2.341659233,17.65552311,5.76,0.06,-0.48,-0.17,0.1,1.5779,1.3458,148.6,155.598,14.2377
11/1/1995,72.7779,9379.567,82.1051,66.5693,82.4035,3982.0,0.536224078,5.6,16.4,2812.0,2353.0,2339.0,1085.0,377000,23200,551.1,17208,40.8,4.7,1452.0,699.0,331.0,1430.0,126.0,622.0,368.0,1.48,1134.1,108.7613403,2.303830202,17.79963817,5.8,-0.06,-0.44,-0.37,-0.11,1.5625,1.3534,146.8,155.227,12.9719
12/1/1995,73.0305,9396.526,82.3776,67.0878,82.2529,4357.0,0.58695945,5.6,16.3,2662.0,2414.0,2331.0,1117.0,365000,23210,551.0,17231,40.5,4.5,1431.0,667.0,356.0,1442.0,129.0,618.0,395.0,1.45,1127.5,108.5768129,2.24384529,18.19542316,5.6,0.04,-0.46,-0.29,-0.09,1.5405,1.3693,147.3,155.529,12.288
1/1/1996,72.6125,9428.309,81.5501,67.0606,81.2592,4107.0,0.54825791,5.6,16.1,2725.0,2387.0,2371.0,1162.0,374000,23196,550.5,17208,39.5,4.5,1467.0,639.0,396.0,1387.0,97.0,610.0,367.0,1.5,1123.5,108.9690916,2.26120569,17.97041288,5.56,-0.16,-0.56,-0.47,-0.2,1.5288,1.3669,143.1,155.633,15.069
2/1/1996,73.6752,9506.777,82.8225,68.5322,82.0152,4013.0,0.548748804,5.5,16.4,2713.0,2266.0,2307.0,1106.0,377250,23281,553.3,17230,40.9,4.7,1491.0,647.0,425.0,1420.0,116.0,615.0,371.0,1.5,1118.5,108.5483445,2.154863442,18.84970543,5.22,-0.07,-0.39,-0.28,0.16,1.536,1.3752,136.6,155.464,16.5672
3/1/1996,73.585,9539.993,82.6687,68.5076,81.4024,4128.0,0.564088549,5.5,17.3,2594.0,2259.0,2454.0,1124.0,386400,23276,554.7,17193,40.7,4.5,1424.0,645.0,314.0,1437.0,137.0,596.0,369.0,1.46,1122.6,108.239179,2.179053271,18.62444488,5.31,0.0,-0.35,0.03,0.66,1.5271,1.3656,137.5,155.61,18.7075
4/1/1996,74.3172,9565.104,83.5322,68.2505,81.9406,4034.0,0.544032367,5.6,17.6,2530.0,2358.0,2455.0,1108.0,359250,23316,556.1,17204,40.8,4.7,1516.0,651.0,401.0,1463.0,145.0,636.0,349.0,1.46,1124.8,108.3960878,2.187477788,18.53068109,5.22,0.17,-0.27,0.32,1.08,1.516,1.3592,137.5,155.047,16.7505
5/1/1996,74.8726,9606.394,84.0604,68.0962,82.1342,3887.0,0.523642732,5.6,17.0,2765.0,2349.0,2403.0,1044.0,344500,23358,556.5,17222,40.8,4.8,1504.0,695.0,350.0,1457.0,139.0,663.0,341.0,1.45,1116.5,108.5462312,2.149524371,18.8883297,5.24,0.15,-0.22,0.4,1.24,1.5152,1.3693,140.7,154.374,16.8627
6/1/1996,75.4433,9670.238,84.7254,68.4033,82.4584,4267.0,0.601409443,5.3,17.6,2552.0,2162.0,2355.0,985.0,342200,23399,557.8,17226,41.0,4.8,1467.0,668.0,369.0,1429.0,132.0,640.0,350.0,1.44,1115.2,108.7644096,2.134629768,19.09110955,5.27,0.22,-0.18,0.54,1.42,1.5416,1.3658,142.9,154.21,17.6216
7/1/1996,75.4549,9650.331,84.7602,68.1051,82.38,4014.0,0.547090091,5.5,16.7,2672.0,2332.0,2297.0,961.0,337000,23417,557.6,17222,40.8,4.8,1472.0,659.0,341.0,1450.0,137.0,617.0,358.0,1.45,1112.4,109.6489389,2.235781825,18.37876774,5.4,0.13,-0.25,0.45,1.24,1.553,1.3697,126.9,154.198,19.2709
8/1/1996,75.8411,9681.266,84.9147,68.9753,82.3084,4026.0,0.585004359,5.1,17.3,2496.0,2187.0,2267.0,1002.0,331800,23479,557.4,17256,41.0,4.8,1557.0,684.0,388.0,1413.0,147.0,627.0,327.0,1.45,1101.6,109.8771708,2.192611819,18.89306673,5.22,0.2,-0.17,0.45,1.17,1.5499,1.3722,121.1,154.147,16.145
9/1/1996,76.3158,9708.672,85.601,68.5726,82.4969,4251.0,0.609113053,5.2,16.8,2525.0,2214.0,2220.0,1006.0,342750,23496,555.9,17251,41.0,4.9,1475.0,679.0,343.0,1392.0,143.0,598.0,348.0,1.44,1096.2,109.5217343,2.172238028,19.19353469,5.3,0.22,-0.21,0.53,1.3,1.5593,1.3694,120.4,154.076,17.046
10/1/1996,76.3384,9710.076,85.4816,70.1725,82.0128,4050.0,0.576020481,5.2,16.3,2477.0,2334.0,2268.0,1084.0,339000,23546,556.6,17268,41.0,4.8,1392.0,602.0,372.0,1358.0,142.0,581.0,330.0,1.44,1085.7,109.4572864,2.101331509,19.89760035,5.24,0.19,-0.25,0.31,1.03,1.5863,1.3508,118.1,154.033,17.6269
11/1/1996,77.0397,9741.024,86.4399,70.4629,82.3142,4384.0,0.605859591,5.4,15.9,2920.0,2207.0,2159.0,1013.0,336400,23584,560.1,17277,41.0,4.9,1489.0,674.0,349.0,1412.0,140.0,636.0,323.0,1.43,1083.5,109.5070019,2.014490193,20.77470588,5.31,0.1,-0.28,0.11,0.66,1.6623,1.3381,119.9,153.575,17.1635
12/1/1996,77.5333,9778.588,86.9463,69.7412,82.5699,4344.0,0.598924583,5.4,15.6,2621.0,2417.0,2124.0,970.0,353500,23599,560.4,17284,41.1,4.9,1370.0,657.0,272.0,1411.0,142.0,629.0,331.0,1.43,1081.3,109.1069421,2.004709048,20.87407841,5.29,0.22,-0.38,0.18,0.78,1.6639,1.3622,126.3,152.811,19.9415
1/1/1997,77.6562,9834.79,86.9397,69.3013,82.2119,4303.0,0.601145571,5.3,16.0,2758.0,2219.0,2162.0,1012.0,339000,23618,563.5,17297,40.6,4.9,1355.0,596.0,353.0,1382.0,160.0,590.0,337.0,1.43,1081.2,108.6298832,1.951567435,21.27027289,5.25,0.07,-0.22,0.36,1.08,1.6585,1.3494,130.7,152.749,21.0313
2/1/1997,78.5833,9865.668,87.8518,69.6516,82.8966,4480.0,0.630808223,5.2,15.8,2549.0,2357.0,2140.0,1031.0,320750,23684,566.2,17315,41.0,5.0,1486.0,644.0,356.0,1445.0,173.0,609.0,362.0,1.41,1078.8,108.3872415,1.879620236,21.88067671,5.19,0.09,-0.18,0.34,1.01,1.6256,1.3556,133.2,152.939,21.6478
3/1/1997,79.082,9912.112,88.5539,70.4756,83.2201,4440.0,0.634285714,5.2,15.5,2602.0,2323.0,2110.0,1012.0,319400,23739,566.2,17340,41.3,5.1,1457.0,642.0,369.0,1436.0,153.0,647.0,336.0,1.4,1072.5,108.060891,1.901131085,21.42609703,5.39,0.03,-0.25,0.41,1.15,1.6096,1.3725,135.7,152.957,22.3035
4/1/1997,79.1747,9919.423,88.4091,69.8437,82.7028,4400.0,0.640186236,5.1,15.6,2439.0,2190.0,2176.0,1071.0,327000,23767,568.8,17351,41.3,5.1,1492.0,707.0,351.0,1421.0,129.0,646.0,334.0,1.41,1063.9,109.3137348,1.975743851,20.39494844,5.51,0.09,-0.35,0.48,1.25,1.6293,1.3942,134.9,151.8,21.5077
5/1/1997,79.6133,9964.583,89.0298,71.6057,82.788,4142.0,0.622389181,4.9,15.4,2527.0,2061.0,2121.0,1070.0,323800,23811,571.1,17364,41.2,5.1,1442.0,641.0,369.0,1414.0,132.0,618.0,375.0,1.42,1063.8,109.1507734,1.815734194,22.00280513,5.5,0.1,-0.45,0.37,1.07,1.6322,1.3804,135.4,151.37,21.9276
6/1/1997,79.9792,10000.824,89.2981,71.513,82.7944,4541.0,0.667892337,5.0,15.5,2562.0,2175.0,2085.0,1009.0,325500,23834,571.5,17387,41.0,4.9,1494.0,711.0,364.0,1402.0,141.0,624.0,336.0,1.42,1066.1,109.0554507,1.730020883,22.86065155,5.56,0.0,-0.63,0.13,0.82,1.6449,1.3843,137.6,151.054,22.7433
7/1/1997,80.6624,10045.882,90.0119,69.3997,82.902,4392.0,0.659954921,4.9,16.4,2402.0,2094.0,2119.0,1041.0,320250,23861,574.1,17388,41.1,5.0,1437.0,657.0,333.0,1440.0,136.0,658.0,359.0,1.41,1065.5,108.5857262,1.644533065,23.85795117,5.52,-0.01,-0.47,0.02,0.6,1.6694,1.3775,132.9,150.718,23.2477
8/1/1997,81.4694,10105.556,90.8973,70.6076,83.3485,4463.0,0.675393463,4.8,16.0,2525.0,2120.0,2004.0,929.0,330200,23953,572.2,17453,41.1,5.1,1390.0,637.0,351.0,1449.0,141.0,626.0,373.0,1.41,1075.3,108.123502,1.647178724,23.63407163,5.54,-0.04,-0.4,0.02,0.62,1.6035,1.3905,133.6,150.314,25.1538
9/1/1997,82.2156,10136.11,91.6096,70.2453,83.5136,4703.0,0.706580529,4.9,15.9,2474.0,2102.0,2074.0,1000.0,315250,23996,574.7,17465,41.2,5.1,1546.0,716.0,360.0,1494.0,138.0,654.0,398.0,1.41,1066.9,107.9773362,1.636037651,23.6144067,5.54,-0.03,-0.59,-0.02,0.57,1.6013,1.3872,132.4,150.149,25.5928
10/1/1997,82.9446,10189.34,92.7774,70.1544,83.6688,4609.0,0.714130772,4.7,16.1,2566.0,1966.0,1950.0,916.0,310000,24055,575.8,17514,41.1,5.2,1520.0,700.0,380.0,1499.0,134.0,677.0,391.0,1.42,1065.6,107.8881778,1.617677362,23.71893002,5.5,0.05,-0.53,-0.04,0.43,1.633,1.3869,127.7,150.112,25.6252
11/1/1997,83.5978,10262.137,93.2601,68.2188,83.8583,4907.0,0.777901078,4.6,15.4,2479.0,2027.0,1817.0,879.0,314600,24111,574.1,17556,41.0,5.2,1510.0,666.0,398.0,1469.0,141.0,652.0,379.0,1.41,1070.9,107.1585201,1.644794019,23.29970514,5.52,0.12,-0.38,-0.06,0.28,1.6889,1.4128,125.5,149.44,31.5452
12/1/1997,83.9538,10325.103,93.4711,69.3785,83.6515,4588.0,0.708462014,4.7,15.9,2534.0,1937.0,1901.0,917.0,313250,24184,576.8,17587,41.3,5.2,1566.0,707.0,393.0,1456.0,149.0,621.0,379.0,1.42,1072.3,107.5002425,1.610607147,23.83655181,5.5,0.2,-0.34,0.03,0.27,1.6597,1.4271,121.9,149.112,26.4731
1/1/1998,84.3218,10417.404,93.9692,69.1314,83.6492,4777.0,0.750157035,4.6,15.6,2587.0,1929.0,1833.0,838.0,321200,24261,578.5,17619,41.1,5.2,1525.0,644.0,388.0,1555.0,173.0,655.0,391.0,1.43,1074.0,106.1354571,1.614142169,23.80053224,5.56,-0.12,-0.52,-0.32,-0.14,1.635,1.4409,118.1,148.816,24.4275
2/1/1998,84.4583,10490.223,94.1584,67.8438,83.1551,4910.0,0.778623533,4.6,15.4,2572.0,1918.0,1809.0,852.0,319000,24282,578.8,17627,41.1,5.1,1584.0,690.0,328.0,1647.0,170.0,703.0,401.0,1.42,1077.8,105.905539,1.523824409,25.25526722,5.51,-0.06,-0.42,-0.2,-0.02,1.6408,1.4334,116.1,148.346,20.3863
3/1/1998,84.488,10555.838,94.2579,68.316,82.3971,4874.0,0.758953597,4.7,14.5,2789.0,1972.0,1772.0,854.0,315000,24263,577.4,17637,40.9,5.1,1567.0,712.0,397.0,1605.0,149.0,747.0,393.0,1.43,1076.9,106.0364322,1.453339896,26.55456698,5.49,0.0,-0.46,-0.1,0.12,1.6619,1.4166,114.7,148.204,20.5431
4/1/1998,84.7779,10595.962,94.6696,68.1096,82.1691,4895.0,0.823935364,4.3,14.7,2628.0,1918.0,1476.0,594.0,311000,24340,573.5,17637,40.6,4.9,1540.0,690.0,378.0,1547.0,140.0,690.0,413.0,1.43,1076.5,106.582436,1.41611221,27.44684517,5.45,0.03,-0.5,-0.07,0.16,1.6723,1.4298,116.5,148.278,22.5381
5/1/1998,85.3367,10645.347,95.2158,67.4594,82.0271,4916.0,0.812965107,4.4,14.7,2641.0,1950.0,1490.0,651.0,311200,24362,570.2,17624,40.9,4.9,1536.0,707.0,388.0,1554.0,142.0,723.0,368.0,1.43,1079.1,106.4325878,1.429963371,27.39173779,5.49,0.01,-0.49,-0.05,0.14,1.6382,1.4452,113.0,147.173,21.4485
6/1/1998,84.8248,10707.166,94.762,67.6391,80.8666,4822.0,0.776239536,4.5,14.1,2546.0,2079.0,1613.0,824.0,338000,24385,568.2,17607,40.8,4.8,1641.0,772.0,412.0,1551.0,155.0,687.0,395.0,1.44,1076.3,107.1135317,1.43902417,27.46876014,5.56,-0.06,-0.58,-0.15,-0.04,1.6504,1.4655,110.3,146.592,22.2231
7/1/1998,84.4986,10726.5,94.4667,67.5854,80.0244,4843.0,0.773765777,4.5,14.1,2593.0,2005.0,1577.0,755.0,333000,24238,563.5,17423,40.8,4.8,1698.0,803.0,431.0,1610.0,158.0,735.0,404.0,1.45,1075.1,107.6772585,1.384832869,28.76232936,5.54,-0.04,-0.58,-0.18,-0.08,1.6437,1.4869,108.0,146.692,20.2518
8/1/1998,86.248,10767.064,96.4776,68.0336,81.4968,4924.0,0.796892701,4.5,13.7,2597.0,1963.0,1626.0,808.0,312600,24420,562.2,17563,40.9,4.8,1614.0,779.0,387.0,1654.0,157.0,790.0,398.0,1.44,1075.9,107.3961025,1.496649979,26.83521404,5.55,-0.05,-0.65,-0.34,-0.28,1.6342,1.5346,106.5,146.196,31.4885
9/1/1998,86.2021,10803.967,96.2324,66.3856,80.9731,4712.0,0.747936508,4.6,14.4,2624.0,1985.0,1688.0,772.0,304000,24419,557.4,17557,40.6,4.7,1582.0,713.0,410.0,1577.0,162.0,708.0,388.0,1.44,1079.9,107.9269663,1.582340492,25.60974002,5.51,-0.19,-0.9,-0.8,-0.89,1.6823,1.5218,107.1,145.777,39.2471
10/1/1998,86.7914,10823.508,96.7932,66.6618,81.2168,4675.0,0.744426752,4.5,14.1,2823.0,1909.0,1582.0,723.0,310600,24406,553.1,17512,40.9,4.8,1715.0,833.0,360.0,1719.0,174.0,789.0,418.0,1.43,1086.0,108.072246,1.565827579,26.01501587,5.07,0.02,-1.11,-0.95,-0.89,1.6944,1.5452,106.2,145.561,37.454
11/1/1998,86.7256,10874.887,96.5316,68.2224,80.9192,4934.0,0.808852459,4.4,14.5,2510.0,1998.0,1590.0,715.0,316000,24395,548.3,17466,40.8,4.8,1660.0,791.0,402.0,1672.0,174.0,717.0,451.0,1.43,1094.9,108.0902824,1.414092605,29.01695374,4.83,0.32,-0.42,-0.3,-0.29,1.6611,1.5404,104.0,145.208,25.038
12/1/1998,87.1185,10900.473,96.7516,69.1169,81.0067,4839.0,0.802221485,4.4,14.0,2587.0,1806.0,1559.0,756.0,316000,24454,546.1,17449,41.1,4.8,1792.0,763.0,440.0,1742.0,179.0,750.0,405.0,1.42,1095.0,108.0292416,1.361287341,30.37236001,4.68,0.36,-0.29,-0.16,-0.23,1.6708,1.5433,100.7,144.633,25.4768
1/1/1999,87.4949,10942.984,97.3141,70.6259,80.8313,5161.0,0.863621151,4.3,13.4,2462.0,1993.0,1490.0,775.0,326200,24401,536.5,17427,40.7,4.8,1748.0,837.0,457.0,1732.0,167.0,804.0,440.0,1.42,1098.1,108.2873546,1.303949753,31.97363807,4.63,0.18,-0.29,-0.12,-0.03,1.6498,1.5194,98.5,144.458,28.6168
2/1/1999,88.027,10988.184,97.8153,71.2718,81.1755,5248.0,0.858779251,4.4,13.8,2566.0,1946.0,1551.0,749.0,301500,24434,530.0,17395,40.8,4.8,1670.0,852.0,344.0,1720.0,176.0,802.0,399.0,1.41,1096.7,109.1533574,1.312925498,32.0421101,4.76,0.06,-0.32,-0.06,0.15,1.6276,1.4977,96.6,143.91,29.5663
3/1/1999,88.2267,11000.779,97.7172,70.7393,80.8083,5035.0,0.870655369,4.2,13.4,2473.0,1905.0,1472.0,758.0,302750,24378,527.4,17368,40.5,4.8,1710.0,817.0,383.0,1665.0,167.0,740.0,408.0,1.42,1096.6,110.2001808,1.283491722,32.9909129,4.81,0.03,-0.37,-0.03,0.33,1.6213,1.5176,95.2,143.374,26.3073
4/1/1999,88.4295,10969.064,97.7769,72.3148,80.7354,5000.0,0.832778148,4.3,13.3,2781.0,1848.0,1480.0,782.0,308500,24425,521.3,17343,40.7,4.8,1553.0,672.0,392.0,1600.0,166.0,700.0,393.0,1.42,1101.6,110.7769117,1.226437712,34.24502801,4.74,0.06,-0.45,-0.05,0.34,1.6089,1.4881,96.8,143.556,24.6938
5/1/1999,88.9886,10994.059,98.4705,72.3804,81.0344,5088.0,0.877846791,4.2,13.4,2511.0,1789.0,1505.0,787.0,301600,24445,515.3,17333,40.7,4.8,1611.0,706.0,410.0,1640.0,160.0,712.0,421.0,1.4,1103.8,111.4449748,1.222908706,34.24820871,4.74,0.09,-0.24,0.11,0.7,1.6154,1.4611,102.8,143.196,27.3765
6/1/1999,88.9188,11033.786,97.9836,72.2396,80.4957,4870.0,0.818349857,4.3,14.3,2521.0,1773.0,1624.0,812.0,294000,24433,511.6,17294,40.8,4.9,1559.0,681.0,359.0,1702.0,175.0,762.0,427.0,1.4,1099.8,111.6332387,1.225662546,33.99163455,4.76,0.28,-0.19,0.34,1.05,1.595,1.4695,100.3,142.841,24.1236
7/1/1999,89.4333,11061.061,98.056,73.2604,80.4847,4959.0,0.823070539,4.3,13.6,2643.0,1783.0,1513.0,781.0,298000,24473,511.4,17308,40.8,4.8,1669.0,733.0,428.0,1682.0,162.0,770.0,413.0,1.4,1099.1,111.9011549,1.179829929,35.29005419,4.99,0.15,-0.44,0.04,0.69,1.5751,1.489,107.0,142.757,21.4866
8/1/1999,89.7924,11111.719,98.7651,73.3518,80.634,4987.0,0.854230901,4.2,13.1,2546.0,1824.0,1455.0,748.0,290750,24467,511.7,17287,40.8,4.9,1648.0,735.0,396.0,1671.0,166.0,767.0,394.0,1.39,1099.2,112.2251344,1.2336565,33.66292983,5.07,0.21,-0.35,0.13,0.77,1.6058,1.4932,107.9,142.527,24.7277
9/1/1999,89.4299,11105.537,98.2348,74.245,79.9785,4829.0,0.816398986,4.2,13.1,2611.0,1835.0,1449.0,739.0,289500,24486,509.6,17282,40.9,4.9,1635.0,757.0,385.0,1551.0,154.0,682.0,379.0,1.39,1096.5,112.4425086,1.24870085,33.00732088,5.22,0.1,-0.54,0.03,0.58,1.6247,1.4771,110.8,142.329,26.0494
10/1/1999,90.523,11171.257,99.4366,74.7124,80.7666,5045.0,0.873139495,4.1,13.3,2536.0,1847.0,1438.0,713.0,290400,24506,510.1,17274,40.9,4.9,1608.0,719.0,362.0,1649.0,146.0,772.0,388.0,1.39,1103.3,112.2062957,1.266656923,32.16771211,5.2,0.73,-0.34,0.23,0.83,1.6572,1.4776,112.5,142.068,25.37
11/1/1999,90.9618,11247.83,99.5019,73.3129,80.9602,5011.0,0.876662001,4.1,12.9,2562.0,1775.0,1378.0,697.0,281750,24561,511.4,17282,41.0,4.9,1648.0,723.0,409.0,1672.0,169.0,737.0,388.0,1.39,1110.7,112.0880543,1.184279895,33.94877103,5.42,0.43,-0.35,0.13,0.55,1.6205,1.4674,113.8,141.745,22.2295
12/1/1999,91.6634,11339.82,100.3457,73.628,81.1849,5105.0,0.903060322,4.0,12.9,2642.0,1614.0,1375.0,696.0,278500,24581,512.5,17279,40.8,4.9,1708.0,790.0,389.0,1683.0,174.0,746.0,401.0,1.39,1122.2,111.5485614,1.153512333,34.3144046,5.3,0.63,-0.1,0.54,0.89,1.6132,1.4722,115.7,141.259,23.2213
1/1/2000,91.538,11441.669,99.9328,71.4383,80.8292,5386.0,0.943587947,4.0,13.1,2541.0,1749.0,1380.0,659.0,288400,24629,512.7,17284,40.9,4.9,1636.0,779.0,378.0,1727.0,192.0,726.0,432.0,1.38,1122.1,110.6460985,1.162559595,33.50519346,5.45,0.36,-0.13,0.67,1.13,1.6404,1.4486,119.7,141.202,24.843
2/1/2000,91.8239,11488.814,100.3831,72.5982,80.6792,5484.0,0.936155685,4.1,12.6,2604.0,1912.0,1300.0,671.0,293750,24608,513.0,17284,41.1,5.0,1737.0,748.0,434.0,1692.0,176.0,735.0,415.0,1.4,1108.6,110.818753,1.20001632,31.81899148,5.73,0.17,-0.18,0.49,0.95,1.6,1.4512,121.2,140.81,25.456
3/1/2000,92.1504,11520.777,100.5231,74.8461,80.8587,5390.0,0.94017094,4.0,12.7,2780.0,1781.0,1312.0,666.0,274750,24706,512.9,17302,40.9,4.7,1604.0,793.0,349.0,1651.0,174.0,715.0,396.0,1.38,1107.5,110.8770025,1.16210538,32.11853969,5.85,0.18,-0.16,0.37,0.65,1.5799,1.4608,119.0,141.084,24.7678
4/1/2000,92.6989,11582.719,101.2681,72.6866,81.0265,5424.0,0.989600438,3.8,12.4,2510.0,1845.0,1261.0,662.0,271600,24689,517.0,17299,41.1,4.8,1626.0,697.0,410.0,1597.0,167.0,688.0,395.0,1.39,1115.6,111.063126,1.145508294,31.86789036,6.02,0.13,-0.36,0.13,0.24,1.5823,1.4689,115.6,140.871,29.8331
5/1/2000,92.9499,11624.34,101.3595,72.8377,80.701,5069.0,0.880340396,4.0,12.6,2564.0,1911.0,1325.0,683.0,282250,24646,519.4,17278,40.7,4.7,1575.0,727.0,362.0,1543.0,162.0,691.0,373.0,1.4,1104.9,111.3758301,1.178726524,30.30155122,6.27,0.3,-0.48,0.06,0.42,1.509,1.4957,115.3,140.885,29.429
6/1/2000,92.9862,11657.461,101.3666,72.9473,80.5159,4972.0,0.879844275,4.0,12.3,2579.0,1753.0,1242.0,616.0,291000,24670,518.3,17295,40.7,4.7,1559.0,746.0,376.0,1572.0,160.0,694.0,400.0,1.4,1102.6,112.8648596,1.142302115,30.51453092,6.53,0.06,-0.84,-0.36,-0.23,1.5092,1.477,114.7,140.446,24.3177
7/1/2000,92.8048,11719.57,101.2934,72.3698,80.2704,5072.0,0.882547416,4.0,13.4,2498.0,1824.0,1343.0,645.0,295000,24717,520.8,17322,40.9,4.7,1463.0,636.0,362.0,1542.0,159.0,691.0,375.0,1.41,1103.5,113.4207044,1.125594026,30.1819054,6.54,0.0,-0.58,-0.46,-0.36,1.5076,1.4778,117.5,140.188,22.66
8/1/2000,92.5521,11783.694,100.8323,72.4939,79.4606,4775.0,0.815820947,4.1,12.9,2550.0,1893.0,1394.0,685.0,312750,24683,520.9,17287,40.6,4.6,1541.0,706.0,395.0,1552.0,155.0,684.0,408.0,1.42,1100.2,114.2757868,1.108074267,29.977733,6.5,-0.01,-0.41,-0.32,-0.44,1.4889,1.4828,118.7,139.611,20.4843
9/1/2000,92.9792,11794.536,101.4066,73.9584,79.5715,4942.0,0.878577778,3.9,12.2,2571.0,1746.0,1290.0,644.0,300200,24641,525.7,17229,40.6,4.6,1507.0,660.0,387.0,1570.0,169.0,708.0,389.0,1.4,1099.7,114.9849846,1.113041109,29.04977871,6.52,-0.05,-0.52,-0.39,-0.59,1.4336,1.4864,122.3,139.818,22.3365
10/1/2000,92.6179,11824.829,100.846,72.0604,78.9447,4910.0,0.887242501,3.9,12.7,2497.0,1724.0,1337.0,710.0,301000,24638,528.3,17217,40.8,4.6,1549.0,715.0,339.0,1577.0,160.0,695.0,392.0,1.42,1098.7,115.6323484,1.173742693,27.09335915,6.51,0.01,-0.4,-0.5,-0.73,1.4506,1.5125,120.8,139.555,28.214
11/1/2000,92.6438,11832.213,101.0569,72.9417,78.447,4743.0,0.841106579,3.9,12.4,2512.0,1790.0,1315.0,723.0,334250,24624,527.1,17202,40.5,4.4,1551.0,676.0,412.0,1614.0,165.0,733.0,426.0,1.43,1092.4,116.5677022,1.182355616,26.60278288,6.51,0.01,-0.34,-0.42,-0.81,1.4258,1.5426,115.1,139.588,29.2119
12/1/2000,92.3415,11859.86,100.9302,71.2863,77.6908,5088.0,0.903088392,3.9,12.5,2477.0,1825.0,1329.0,687.0,346000,24574,525.8,17181,40.0,4.1,1532.0,694.0,431.0,1543.0,154.0,678.0,443.0,1.42,1088.6,116.9519844,1.222453472,25.59056518,6.4,-0.07,-0.63,-0.8,-1.23,1.4629,1.5219,119.6,139.463,30.1045
1/1/2001,91.902,11932.006,100.7863,71.8424,77.1264,5234.0,0.869002158,4.2,12.7,2648.0,1956.0,1372.0,696.0,340000,24535,529.8,17105,40.2,4.2,1600.0,740.0,417.0,1699.0,150.0,740.0,479.0,1.43,1096.7,116.6650091,1.21066463,25.51148687,5.98,-0.47,-0.83,-1.17,-1.12,1.4775,1.5032,117.4,139.368,27.83
2/1/2001,91.3034,11960.086,100.0182,72.9977,76.3313,5097.0,0.837083265,4.2,12.8,2851.0,1764.0,1491.0,777.0,371250,24478,532.9,17030,40.0,4.0,1625.0,770.0,384.0,1656.0,189.0,721.0,416.0,1.42,1101.2,117.0613773,1.23071032,24.93866545,5.49,-0.3,-0.61,-0.81,-0.6,1.4525,1.5216,117.9,138.902,26.1594
3/1/2001,91.1162,12003.752,99.8286,72.9411,75.9107,4762.0,0.775443739,4.3,12.8,2681.0,2059.0,1521.0,825.0,387200,24410,535.5,16938,40.1,4.1,1590.0,706.0,388.0,1659.0,158.0,728.0,437.0,1.44,1108.9,117.4308023,1.346713328,22.7723603,5.31,-0.5,-0.89,-1.01,-0.67,1.4445,1.5587,116.4,138.459,32.4231
4/1/2001,90.7891,11981.996,99.4154,72.4476,75.3521,4615.0,0.735927284,4.4,12.4,2972.0,1990.0,1499.0,787.0,396750,24255,535.3,16802,40.0,4.1,1649.0,745.0,417.0,1666.0,158.0,744.0,431.0,1.45,1116.7,118.2887267,1.334353078,23.01632346,4.8,-0.33,-0.93,-0.82,-0.04,1.4348,1.5578,111.9,138.267,32.245
5/1/2001,90.3555,11953.393,99.03,73.4451,74.7304,4425.0,0.7107292,4.3,12.1,2701.0,2045.0,1502.0,877.0,394500,24118,535.3,16660,40.0,4.0,1605.0,714.0,416.0,1665.0,153.0,756.0,422.0,1.43,1118.5,118.9185505,1.242420187,24.88029547,4.21,-0.25,-0.59,-0.43,0.72,1.4265,1.5411,115.3,137.725,26.095
6/1/2001,89.8784,11940.34,98.7746,73.9282,74.097,4361.0,0.672578655,4.5,12.7,2808.0,2025.0,1532.0,822.0,397200,23963,535.2,16513,40.0,4.0,1636.0,768.0,395.0,1626.0,151.0,719.0,406.0,1.44,1126.2,119.812972,1.266640295,24.77693116,3.97,-0.28,-0.48,-0.39,0.84,1.402,1.5245,112.3,137.777,23.3004
7/1/2001,89.3028,11940.991,98.2596,74.3346,73.5073,4447.0,0.675527875,4.6,12.9,2642.0,2187.0,1653.0,951.0,398000,23836,536.0,16381,40.2,4.2,1670.0,790.0,394.0,1598.0,160.0,709.0,391.0,1.43,1138.9,120.8551195,1.304053026,24.85625478,3.77,-0.15,-0.26,-0.15,0.99,1.4148,1.5308,108.9,137.864,24.859
8/1/2001,89.2003,11924.877,97.8542,73.2624,73.0372,4024.0,0.571428571,4.9,13.3,2966.0,2187.0,1861.0,1004.0,398000,23668,534.0,16233,39.9,4.0,1567.0,681.0,379.0,1615.0,161.0,711.0,415.0,1.42,1150.2,122.1662964,1.33418187,25.18606013,3.65,-0.21,-0.29,-0.18,0.92,1.4372,1.5399,105.4,137.203,24.2604
9/1/2001,88.7485,11930.997,97.2802,74.7411,72.5829,4071.0,0.570008401,5.0,13.2,2837.0,2350.0,1950.0,1131.0,435000,23535,532.9,16116,39.7,3.9,1562.0,731.0,407.0,1565.0,149.0,699.0,396.0,1.44,1205.7,123.3373536,1.506739164,23.19224077,3.07,-0.23,-0.43,-0.25,1.05,1.4638,1.5679,104.7,135.968,42.6457
10/1/2001,88.5052,11904.934,97.0988,76.1904,72.1596,3707.0,0.481804003,5.3,13.3,3111.0,2531.0,2082.0,1173.0,480750,23379,529.1,15973,39.6,3.8,1540.0,733.0,333.0,1566.0,166.0,707.0,383.0,1.39,1165.7,125.1134089,1.462023612,25.23400529,2.49,-0.2,-0.33,-0.16,1.42,1.4501,1.5717,101.4,136.562,34.4469
11/1/2001,87.97,11910.073,96.6033,75.6323,71.7544,3775.0,0.471698113,5.5,14.3,3090.0,2566.0,2318.0,1213.0,447500,23209,528.3,15825,39.8,3.8,1602.0,698.0,374.0,1651.0,161.0,757.0,379.0,1.39,1171.0,127.4536789,1.393314921,27.96973719,2.09,-0.09,-0.22,0.09,1.88,1.4356,1.5922,100.7,136.32,28.2542
12/1/2001,87.9324,11929.854,96.6958,73.9421,71.7863,3677.0,0.445265197,5.7,14.5,3037.0,2797.0,2444.0,1318.0,416800,23094,525.5,15712,39.9,3.7,1568.0,703.0,388.0,1680.0,171.0,772.0,396.0,1.39,1183.2,128.2449798,1.374756535,30.09304556,1.82,-0.01,-0.13,0.4,2.57,1.4413,1.5788,102.6,136.126,24.5395
1/1/2002,88.5176,11952.127,97.1016,76.7033,72.1618,3699.0,0.452089954,5.7,14.7,3044.0,2606.0,2578.0,1375.0,408500,22963,529.4,15588,39.8,3.9,1698.0,800.0,380.0,1665.0,171.0,768.0,382.0,1.39,1190.7,127.8491947,1.380155118,31.7132731,1.73,-0.01,-0.08,0.43,2.61,1.4322,1.5997,104.4,135.755,23.6152
2/1/2002,88.5278,11953.58,96.7353,76.5929,72.088,3436.0,0.418259282,5.7,15.0,2984.0,2577.0,2608.0,1394.0,399000,22880,523.7,15518,39.8,3.9,1829.0,853.0,442.0,1787.0,211.0,808.0,401.0,1.37,1190.6,129.2179132,1.429432376,32.3161503,1.74,0.06,-0.02,0.49,2.56,1.4227,1.5964,104.4,134.926,24.6684
3/1/2002,89.1686,11946.054,97.3997,76.3041,72.5091,3612.0,0.434971098,5.7,15.4,3074.0,2563.0,2719.0,1390.0,415400,22787,517.3,15443,39.9,4.1,1642.0,739.0,401.0,1691.0,151.0,783.0,416.0,1.37,1193.3,129.7948545,1.363333016,35.67629946,1.73,0.14,0.06,0.84,3.01,1.423,1.5877,106.7,134.743,21.014
4/1/2002,89.604,11960.946,97.3971,77.4573,72.6845,3471.0,0.403651587,5.9,16.3,2932.0,2872.0,2852.0,1395.0,429250,22689,515.6,15392,40.1,4.2,1592.0,801.0,380.0,1669.0,165.0,755.0,415.0,1.35,1186.9,129.5322234,1.423650769,36.18715052,1.75,0.08,-0.04,0.73,2.9,1.4429,1.5815,105.4,134.641,21.8145
5/1/2002,89.964,11993.987,97.7815,76.6325,73.0064,3457.0,0.411596619,5.8,16.8,2843.0,2584.0,2967.0,1393.0,409000,22606,512.6,15338,39.9,4.3,1764.0,821.0,416.0,1716.0,180.0,767.0,423.0,1.35,1189.3,129.9145647,1.476025017,36.91298504,1.75,0.05,-0.02,0.6,2.74,1.4598,1.5502,105.6,134.569,22.63
6/1/2002,90.7061,12023.36,98.5562,76.7674,73.7004,3412.0,0.406529251,5.8,16.9,2711.0,2654.0,3023.0,1382.0,387200,22577,508.9,15297,40.1,4.3,1717.0,777.0,413.0,1758.0,176.0,817.0,418.0,1.35,1193.3,130.3211854,1.58083667,36.11211611,1.75,0.03,-0.05,0.45,2.44,1.4837,1.5318,106.9,134.177,28.599
7/1/2002,90.6769,11987.388,98.5027,76.9552,73.6162,3367.0,0.401311085,5.8,16.9,2891.0,2467.0,2966.0,1382.0,386000,22521,507.5,15256,39.8,4.3,1655.0,743.0,394.0,1738.0,177.0,796.0,413.0,1.35,1199.1,131.3619372,1.765181111,33.17168649,1.73,0.03,-0.05,0.23,2.08,1.5565,1.5456,105.3,133.991,38.4972
8/1/2002,90.5762,11987.158,98.2779,77.1121,73.6831,3517.0,0.423530829,5.7,16.5,2927.0,2525.0,2887.0,1313.0,393600,22448,507.2,15171,39.9,4.3,1633.0,769.0,361.0,1695.0,165.0,768.0,421.0,1.34,1187.1,131.5499918,1.73908279,34.07965588,1.74,-0.03,-0.12,0.02,1.55,1.5368,1.5694,100.8,133.748,37.2527
9/1/2002,90.6531,11994.021,98.5373,76.0085,73.7166,3301.0,0.400072719,5.7,17.6,2772.0,2526.0,2971.0,1391.0,409500,22396,505.5,15119,39.9,4.2,1804.0,809.0,437.0,1803.0,184.0,790.0,468.0,1.36,1196.1,131.2723609,1.819522707,32.63521743,1.75,-0.01,-0.12,-0.03,1.19,1.5563,1.5761,100.3,133.633,41.656
10/1/2002,90.4643,12014.38,98.5604,73.7283,73.5323,3479.0,0.418803419,5.7,17.8,2765.0,2512.0,3042.0,1388.0,407500,22323,506.4,15059,39.8,4.2,1648.0,697.0,485.0,1799.0,172.0,795.0,473.0,1.36,1204.0,131.0145326,1.85850407,31.95606293,1.75,-0.04,-0.17,-0.1,1.2,1.5575,1.578,99.9,133.411,41.3973
11/1/2002,90.9711,12040.567,98.9702,77.0457,73.9162,3514.0,0.412441315,5.9,17.6,2950.0,2505.0,3062.0,1319.0,392200,22282,506.9,14992,39.7,4.2,1753.0,811.0,426.0,1771.0,161.0,782.0,490.0,1.35,1209.6,131.2559835,1.755812718,33.85809032,1.34,0.03,-0.11,0.15,1.71,1.5711,1.5715,103.9,132.913,32.005
12/1/2002,90.4652,12067.267,98.3096,76.9819,73.4884,3169.0,0.366782407,6.0,18.5,2838.0,2589.0,3271.0,1347.0,414250,22188,505.6,14911,39.9,4.3,1788.0,785.0,459.0,1896.0,177.0,856.0,461.0,1.37,1220.2,131.4734408,1.787183879,33.33149143,1.24,0.08,-0.05,0.21,1.79,1.5863,1.5592,104.9,132.379,31.8309
1/1/2003,91.2361,12033.66,99.2771,75.0449,74.1095,3441.0,0.403873239,5.8,18.5,2856.0,2582.0,3166.0,1405.0,395000,22146,504.4,14867,39.8,4.2,1853.0,816.0,509.0,1808.0,169.0,796.0,476.0,1.35,1227.3,132.1591705,1.799428469,32.82691022,1.24,0.03,-0.07,0.12,1.81,1.6175,1.5414,103.9,131.567,30.6685
2/1/2003,91.3445,11991.075,99.4307,75.1506,74.0295,3229.0,0.3746809,5.9,18.5,2798.0,2611.0,3161.0,1297.0,411000,22022,504.9,14780,39.5,4.2,1629.0,758.0,449.0,1854.0,166.0,808.0,550.0,1.36,1238.2,132.8289355,1.9318304,30.1459925,1.26,-0.01,-0.09,0.04,1.64,1.6079,1.5121,106.8,131.153,36.5405
3/1/2003,91.1044,12008.784,99.4503,75.5929,74.1193,3099.0,0.360852352,5.9,18.1,2831.0,2567.0,3161.0,1363.0,427400,21945,501.3,14721,39.9,4.1,1726.0,804.0,422.0,1757.0,164.0,801.0,453.0,1.35,1239.3,133.0168784,1.915831001,29.95212498,1.25,-0.04,-0.12,-0.01,1.53,1.5825,1.4761,107.0,130.858,35.1947
4/1/2003,90.5617,12058.25,98.6591,74.7172,73.6009,3108.0,0.351504185,6.0,19.4,2794.0,2661.0,3348.0,1421.0,436250,21863,498.0,14608,39.5,4.1,1643.0,718.0,455.0,1803.0,172.0,820.0,457.0,1.37,1250.0,133.956153,1.820537884,31.10903804,1.26,-0.03,-0.13,0.01,1.67,1.5739,1.4582,102.8,130.489,27.1423
5/1/2003,90.537,12147.017,98.7058,74.2458,73.6471,3289.0,0.367198839,6.1,19.0,2988.0,2631.0,3318.0,1389.0,424000,21834,500.5,14558,39.8,4.1,1751.0,796.0,444.0,1835.0,177.0,820.0,480.0,1.37,1268.8,134.2409256,1.729418636,32.22487477,1.26,-0.06,-0.19,-0.08,1.26,1.6224,1.384,104.9,129.664,22.5485
6/1/2003,90.6527,12186.558,98.8091,73.5025,73.9947,3390.0,0.365853659,6.3,19.9,2906.0,2745.0,3552.0,1453.0,421750,21788,501.3,14493,39.8,4.1,1867.0,830.0,514.0,1875.0,171.0,859.0,458.0,1.34,1281.0,134.2584085,1.636639676,33.35335809,1.22,-0.2,-0.3,-0.21,1.05,1.6609,1.3525,103.8,129.144,22.349
7/1/2003,91.1185,12197.554,99.4554,73.9372,74.2472,2981.0,0.330817889,6.2,19.7,2720.0,2616.0,3633.0,1661.0,411500,21709,502.2,14403,39.6,4.0,1897.0,870.0,451.0,1885.0,184.0,845.0,480.0,1.33,1287.5,134.4004952,1.64325871,32.80161363,1.01,0.02,-0.11,0.11,1.86,1.6221,1.3821,104.5,128.949,21.2068
8/1/2003,90.9197,12216.821,99.0532,74.4881,73.9161,3190.0,0.35858813,6.1,19.2,2801.0,2625.0,3557.0,1561.0,400200,21706,501.5,14376,39.8,4.1,1833.0,851.0,430.0,1966.0,204.0,885.0,489.0,1.32,1296.4,134.4823185,1.662405384,31.92178083,1.03,0.03,-0.08,0.28,2.34,1.5939,1.3963,106.5,128.375,20.829
9/1/2003,91.5059,12234.634,99.6721,75.322,74.5478,3091.0,0.34648582,6.1,19.5,2704.0,2775.0,3486.0,1472.0,395500,21699,501.2,14346,39.9,4.2,1939.0,870.0,452.0,1961.0,181.0,892.0,495.0,1.31,1297.2,134.7298586,1.627364043,32.11769933,1.01,0.05,-0.07,0.23,2.17,1.6155,1.3634,106.8,128.036,20.6823
10/1/2003,91.6186,12281.469,99.3787,75.5683,74.647,3305.0,0.3784929,6.0,19.3,2710.0,2593.0,3451.0,1492.0,382000,21692,503.9,14334,40.0,4.3,1967.0,914.0,518.0,2012.0,200.0,907.0,527.0,1.31,1297.8,135.1253493,1.62281504,32.09984192,1.01,0.05,-0.09,0.24,2.18,1.6792,1.3221,111.5,127.584,19.1843
11/1/2003,92.2329,12352.377,100.1707,75.6524,75.3087,3324.0,0.387593284,5.8,19.9,2656.0,2509.0,3420.0,1414.0,363000,21688,505.3,14316,40.2,4.5,2083.0,904.0,554.0,1918.0,190.0,845.0,490.0,1.31,1299.1,134.32755,1.630948979,31.54614815,1.0,0.08,-0.07,0.34,2.29,1.6897,1.313,114.7,127.258,17.8389
12/1/2003,92.2602,12356.981,100.0859,76.0036,75.2623,3414.0,0.41048455,5.7,19.8,2554.0,2455.0,3366.0,1435.0,358250,21701,506.2,14299,39.9,4.5,2057.0,973.0,520.0,1987.0,200.0,926.0,491.0,1.31,1306.2,134.7756023,1.609231566,31.21948708,0.98,0.09,-0.08,0.33,2.29,1.7516,1.3128,118.2,126.999,16.3754
1/1/2004,92.4006,12332.995,100.2375,75.9888,75.2136,3424.0,0.409080048,5.7,19.9,2685.0,2369.0,3364.0,1453.0,360200,21714,507.7,14291,40.1,4.5,1911.0,910.0,513.0,1952.0,191.0,898.0,501.0,1.31,1306.0,135.3881646,1.554056441,31.01860185,1.0,0.04,-0.12,0.24,2.12,1.8255,1.2958,124.2,127.13,15.834
2/1/2004,92.958,12349.224,100.9219,76.3377,75.8069,3532.0,0.432472144,5.6,20.1,2425.0,2436.0,3248.0,1392.0,360750,21693,510.0,14279,40.2,4.5,1846.0,866.0,473.0,1966.0,187.0,913.0,515.0,1.3,1321.4,135.4760778,1.557689617,29.73708445,1.01,0.02,-0.08,0.23,2.06,1.8673,1.3299,132.9,127.197,15.9247
3/1/2004,92.5861,12393.884,100.3083,77.9003,75.8094,3525.0,0.415145448,5.8,19.8,2637.0,2434.0,3314.0,1331.0,342000,21758,515.1,14287,40.2,4.6,1998.0,917.0,533.0,2066.0,207.0,949.0,534.0,1.28,1328.7,135.661672,1.603231374,27.78107078,1.0,0.03,-0.06,0.19,1.79,1.8261,1.3286,135.7,127.182,17.733
4/1/2004,92.93,12433.863,100.7319,77.5136,76.0725,3511.0,0.429742962,5.6,19.6,2780.0,2400.0,2971.0,1166.0,348250,21802,517.6,14315,39.8,4.5,2003.0,965.0,464.0,2070.0,200.0,952.0,538.0,1.29,1332.8,135.5350159,1.607021011,26.75768081,1.0,0.06,-0.06,0.43,2.39,1.8031,1.342,136.7,127.217,15.7881
5/1/2004,93.6013,12499.431,101.3185,77.6714,76.628,3710.0,0.451777886,5.6,19.8,2723.0,2378.0,3103.0,1304.0,336200,21881,521.8,14342,40.2,4.6,1981.0,876.0,565.0,2150.0,202.0,1022.0,556.0,1.29,1333.3,134.949799,1.669115024,24.86062783,1.0,0.16,0.02,0.78,2.85,1.786,1.3789,132.6,127.026,18.076
6/1/2004,92.871,12511.921,100.5037,77.7896,76.1259,3337.0,0.402727492,5.6,20.5,2677.0,2387.0,3130.0,1284.0,349000,21887,522.4,14334,39.9,4.6,1828.0,878.0,473.0,2020.0,207.0,931.0,532.0,1.3,1342.7,134.9823986,1.642007133,24.50660907,1.03,0.36,0.24,1.09,2.9,1.8279,1.3578,132.5,126.945,15.0452
7/1/2004,93.5649,12556.147,101.2786,78.678,76.8104,3814.0,0.468780728,5.5,18.8,2820.0,2384.0,2918.0,1237.0,343000,21902,526.3,14331,40.1,4.6,2002.0,904.0,563.0,2112.0,198.0,986.0,565.0,1.31,1340.8,134.6562175,1.698844026,23.10941173,1.26,0.25,0.07,0.84,2.43,1.8438,1.3225,136.9,126.521,15.6685
8/1/2004,93.6277,12606.222,101.4316,79.3527,77.1402,3541.0,0.443178974,5.4,18.8,2660.0,2563.0,2846.0,1206.0,340750,21943,527.7,14345,40.1,4.5,2024.0,917.0,539.0,2056.0,180.0,958.0,534.0,1.31,1354.3,134.5898534,1.742367195,21.98877988,1.43,0.22,0.05,0.59,2.04,1.8203,1.3127,136.1,125.863,16.5927
9/1/2004,93.7467,12621.706,101.4458,76.9239,77.1344,3821.0,0.482023464,5.4,19.4,2758.0,2276.0,2910.0,1209.0,337250,21958,529.2,14332,40.1,4.6,1905.0,907.0,496.0,2041.0,200.0,931.0,527.0,1.3,1362.5,135.1577548,1.71429594,21.82326585,1.61,0.2,0.04,0.51,1.75,1.7937,1.2881,136.9,125.893,13.8804
10/1/2004,94.5465,12628.422,102.2511,80.2843,77.7669,3943.0,0.489145267,5.5,19.5,2732.0,2303.0,3041.0,1304.0,334000,22004,527.6,14332,39.9,4.5,2072.0,960.0,543.0,2097.0,183.0,1020.0,526.0,1.29,1362.3,135.8383796,1.723340584,21.075693,1.76,0.21,0.0,0.47,1.59,1.8077,1.2469,145.8,126.202,15.1847
11/1/2004,94.7813,12595.005,102.2399,79.9361,77.7031,3472.0,0.437720625,5.4,19.7,2638.0,2339.0,2960.0,1258.0,328750,21996,532.1,14306,39.9,4.4,1782.0,841.0,467.0,2079.0,203.0,948.0,585.0,1.29,1374.2,136.3182795,1.65506071,21.54136603,1.93,0.27,0.14,0.57,1.6,1.8607,1.1968,145.1,126.264,14.05
12/1/2004,95.5365,13020.595,103.0099,81.8473,78.2322,4074.0,0.513486262,5.4,19.4,2768.0,2268.0,2927.0,1274.0,325250,22004,535.2,14285,40.1,4.5,2042.0,939.0,527.0,2082.0,190.0,946.0,554.0,1.28,1376.0,132.3752937,1.621067203,21.80086064,2.16,0.22,0.03,0.51,1.44,1.9286,1.2189,147.7,126.329,13.014
1/1/2005,95.8801,12665.162,103.6959,80.8798,78.6268,3804.0,0.488694759,5.3,19.5,2635.0,2298.0,2851.0,1203.0,343400,21959,540.3,14257,39.8,4.6,2144.0,1090.0,557.0,2139.0,197.0,1051.0,557.0,1.29,1367.1,135.8584815,1.667781154,21.1685066,2.28,0.28,0.05,0.58,1.43,1.8797,1.2248,149.8,126.143,13.512
2/1/2005,96.5761,12674.095,104.4274,82.5262,79.1803,3965.0,0.496867168,5.4,19.1,2749.0,2345.0,2896.0,1268.0,311750,22035,544.3,14272,39.9,4.6,2207.0,996.0,565.0,2114.0,197.0,995.0,554.0,1.29,1371.1,136.8756669,1.66440208,21.12564344,2.5,0.21,0.04,0.53,1.27,1.8871,1.2401,154.1,125.965,11.5626
3/1/2005,96.4456,12716.359,104.1483,82.368,78.6751,4044.0,0.522683211,5.2,19.5,2483.0,2328.0,2817.0,1157.0,332000,22065,548.5,14268,39.8,4.5,1864.0,855.0,488.0,2062.0,183.0,993.0,546.0,1.29,1370.9,136.7967626,1.693028705,20.66019337,2.63,0.28,0.11,0.67,1.54,1.9043,1.216,158.6,125.868,12.8804
4/1/2005,96.6532,12759.492,104.6935,83.1874,78.8731,4159.0,0.542101147,5.2,19.6,2688.0,2289.0,2678.0,1069.0,323200,22135,555.2,14249,40.0,4.5,2061.0,1037.0,502.0,2150.0,202.0,1025.0,552.0,1.28,1358.4,136.5696622,1.757369128,19.8109529,2.79,0.23,-0.01,0.53,1.21,1.8961,1.2359,158.2,125.794,14.0571
5/1/2005,96.7402,12815.998,105.022,81.8185,78.9331,3797.0,0.496274997,5.1,18.6,2754.0,2231.0,2683.0,1145.0,327000,22170,556.5,14255,39.9,4.4,2025.0,928.0,530.0,2085.0,206.0,979.0,549.0,1.29,1366.0,136.0327185,1.756515146,19.89862088,3.0,0.15,-0.16,0.33,0.85,1.8559,1.2555,152.6,126.056,13.179
6/1/2005,97.1753,12849.466,105.57,82.9292,78.9349,4062.0,0.539872408,5.0,17.9,2659.0,2361.0,2405.0,1030.0,325750,22184,560.2,14227,39.9,4.4,2068.0,1037.0,498.0,2178.0,215.0,1064.0,544.0,1.27,1380.1,136.564277,1.740902475,20.12461015,3.04,0.26,-0.07,0.32,0.73,1.8177,1.2402,153.5,125.591,11.2418
7/1/2005,96.8676,12868.735,105.2357,81.9936,78.4897,4256.0,0.574669187,5.0,17.6,2568.0,2368.0,2449.0,1068.0,324400,22204,560.8,14225,39.9,4.4,2054.0,986.0,508.0,2203.0,205.0,1045.0,582.0,1.26,1369.0,136.6055596,1.727429419,20.20464602,3.26,0.23,-0.04,0.38,0.72,1.7507,1.2229,155.7,125.16,10.489
8/1/2005,97.1833,12891.416,105.8244,80.8748,78.7308,4142.0,0.563921035,4.9,18.4,2570.0,2304.0,2569.0,1161.0,315750,22224,564.4,14200,39.9,4.5,2095.0,927.0,583.0,2219.0,207.0,1104.0,558.0,1.26,1377.8,136.4648829,1.739540025,19.97435069,3.5,0.19,-0.06,0.37,0.62,1.7944,1.2043,158.9,124.73,11.9852
9/1/2005,95.3005,12850.144,105.395,77.922,77.6962,4352.0,0.576194889,5.0,17.9,2763.0,2294.0,2537.0,1098.0,382750,22223,570.1,14173,40.1,4.5,2151.0,1008.0,572.0,2263.0,213.0,1075.0,619.0,1.25,1378.6,135.8553786,1.752153485,19.59764025,3.62,0.17,-0.2,0.23,0.39,1.8064,1.1777,161.1,124.826,11.959
10/1/2005,96.4572,12925.11,106.6445,76.7919,78.6389,4184.0,0.561384677,5.0,17.9,2719.0,2296.0,2492.0,1070.0,352200,22290,575.6,14189,40.3,4.6,2065.0,1036.0,519.0,2170.0,200.0,1056.0,553.0,1.25,1376.5,135.2019977,1.822768102,18.86588351,3.78,0.27,-0.07,0.4,0.55,1.7651,1.1774,171.6,124.719,14.5823
11/1/2005,97.5414,13010.071,107.0813,81.3606,79.1894,4248.0,0.561459159,5.0,17.5,2823.0,2282.0,2486.0,1116.0,317250,22355,582.1,14184,40.5,4.6,2147.0,1003.0,556.0,2218.0,213.0,1071.0,575.0,1.25,1376.1,134.7877277,1.775809445,19.56163368,4.0,0.23,-0.12,0.33,0.45,1.7349,1.1815,178.9,124.62,11.6061
12/1/2005,98.0452,13055.374,107.3848,80.7575,79.1365,4282.0,0.588267619,4.9,17.5,2588.0,2249.0,2429.0,1073.0,316400,22373,586.8,14189,40.2,4.6,1994.0,1104.0,431.0,2120.0,208.0,1066.0,521.0,1.25,1374.3,134.6536731,1.76059965,19.81380593,4.16,0.21,-0.27,0.19,0.23,1.7458,1.1615,191.8,124.506,10.9238
1/1/2006,98.1999,13214.527,107.3903,81.6639,79.5941,4397.0,0.622451869,4.7,16.9,2527.0,2194.0,2270.0,1100.0,295750,22465,591.1,14208,40.5,4.6,2273.0,1146.0,533.0,2212.0,211.0,1090.0,561.0,1.25,1379.5,134.7900966,1.752520079,19.68451157,4.29,0.19,-0.05,0.16,0.06,1.7686,1.1572,198.5,124.402,11.7115
2/1/2006,98.2413,13283.182,107.1242,82.4035,79.2317,4325.0,0.602032294,4.8,17.8,2577.0,2088.0,2546.0,1195.0,290750,22533,596.1,14208,40.4,4.6,2119.0,1033.0,568.0,2141.0,205.0,1030.0,552.0,1.25,1378.4,134.17466,1.770258097,19.38134877,4.49,0.14,-0.06,0.19,0.08,1.748,1.1489,207.3,124.121,11.8673
3/1/2006,98.4628,13340.072,107.579,79.6478,79.0731,4732.0,0.669117647,4.7,17.1,2659.0,1999.0,2373.0,1064.0,301750,22567,602.6,14210,40.4,4.5,1969.0,1017.0,487.0,2118.0,211.0,1070.0,514.0,1.26,1383.2,134.0486144,1.76155951,19.29072449,4.59,0.2,-0.08,0.18,0.13,1.7442,1.1573,206.4,123.75,11.1908
4/1/2006,98.7618,13347.045,108.004,79.642,79.2153,4790.0,0.672752809,4.7,16.7,2665.0,2142.0,2353.0,1022.0,303600,22627,612.3,14223,40.6,4.5,1821.0,873.0,427.0,1998.0,184.0,1017.0,514.0,1.27,1381.4,133.946629,1.766794402,19.00640667,4.79,0.15,-0.19,0.11,0.11,1.768,1.1441,236.8,123.763,11.1636
5/1/2006,98.7869,13336.874,107.8392,83.2764,78.8787,4463.0,0.639398281,4.6,17.1,2545.0,2189.0,2303.0,969.0,332750,22594,614.1,14200,40.3,4.5,1942.0,954.0,507.0,1905.0,167.0,953.0,497.0,1.27,1387.2,134.003797,1.800244443,18.5136297,4.94,0.11,-0.22,0.06,0.06,1.8687,1.11,270.8,123.615,13.4881
6/1/2006,99.0997,13353.303,108.2181,85.3131,78.9462,4614.0,0.659048707,4.6,16.6,2705.0,2076.0,2127.0,982.0,305500,22594,620.0,14210,40.5,4.5,1802.0,902.0,446.0,1867.0,172.0,929.0,480.0,1.27,1375.4,132.6801041,1.870456522,17.75741419,4.99,0.26,-0.2,0.17,0.08,1.8435,1.1137,252.1,123.165,15.8913
7/1/2006,99.0489,13342.387,107.9944,84.1766,78.5463,4394.0,0.612404181,4.7,17.1,2721.0,2126.0,2289.0,986.0,318800,22587,624.2,14185,40.6,4.6,1737.0,876.0,420.0,1763.0,172.0,898.0,416.0,1.29,1372.4,132.8748739,1.877420174,17.62805319,5.24,0.13,-0.29,-0.02,-0.2,1.8443,1.1294,260.5,123.175,14.522
8/1/2006,99.4836,13329.621,108.571,85.3841,78.9594,4710.0,0.664222254,4.7,17.1,2603.0,2246.0,2293.0,987.0,314250,22566,627.6,14154,40.6,4.4,1650.0,842.0,400.0,1722.0,166.0,871.0,413.0,1.28,1372.4,133.2364852,1.855261625,17.78560071,5.25,0.04,-0.29,-0.17,-0.43,1.8941,1.1182,256.9,123.169,12.5604
9/1/2006,99.3183,13408.301,108.4101,87.4032,78.8808,4737.0,0.691835841,4.5,17.1,2608.0,2053.0,2231.0,986.0,316200,22533,631.1,14120,40.3,4.2,1720.0,931.0,379.0,1655.0,164.0,837.0,406.0,1.31,1364.4,133.4339629,1.828888855,18.10389523,5.25,0.0,-0.44,-0.28,-0.58,1.8839,1.1161,249.9,122.549,11.397
10/1/2006,99.2044,13479.95,108.3286,84.6834,78.3488,4591.0,0.682473614,4.4,16.3,2616.0,2103.0,2062.0,984.0,315500,22449,636.6,14068,40.6,4.2,1491.0,735.0,384.0,1570.0,152.0,808.0,372.0,1.32,1370.3,132.9315052,1.786735906,18.60449551,5.25,-0.01,-0.33,-0.24,-0.56,1.8765,1.1285,253.3,122.484,10.7972
11/1/2006,99.1627,13547.935,108.4331,84.6807,78.2681,4645.0,0.675931316,4.5,16.2,2511.0,2212.0,2159.0,1028.0,326250,22400,637.6,14034,40.4,4.1,1570.0,833.0,358.0,1535.0,147.0,801.0,353.0,1.31,1370.8,132.7086922,1.772957714,18.74131449,5.25,-0.01,-0.31,-0.24,-0.67,1.9125,1.1359,255.4,122.192,10.4842
12/1/2006,100.1735,13627.346,109.5186,85.937,79.227,4620.0,0.683229814,4.4,16.1,2596.0,2047.0,2083.0,990.0,324000,22398,641.4,14009,40.8,4.2,1649.0,802.0,437.0,1638.0,172.0,831.0,389.0,1.28,1366.6,132.2826918,1.756541139,18.8657968,5.24,0.0,-0.39,-0.3,-0.71,1.9629,1.1532,254.6,121.861,10.499
1/1/2007,99.8346,13651.743,108.8655,87.5246,78.781,4763.0,0.669336706,4.6,16.3,2561.0,2267.0,2156.0,1015.0,317250,22434,643.5,14004,40.4,4.1,1409.0,712.0,328.0,1626.0,184.0,785.0,390.0,1.3,1371.7,131.3903135,1.761272142,18.70549532,5.25,-0.01,-0.27,-0.19,-0.5,1.9587,1.1763,251.5,121.655,10.627
2/1/2007,100.7753,13711.191,109.8101,86.356,78.8347,4699.0,0.67836004,4.5,16.7,2574.0,2168.0,2211.0,962.0,322750,22329,648.3,13993,40.2,4.1,1480.0,796.0,384.0,1598.0,144.0,815.0,417.0,1.29,1363.0,130.9585758,1.75018457,18.67505794,5.26,-0.03,-0.23,-0.21,-0.55,1.9589,1.171,253.2,121.647,10.9205
3/1/2007,100.9547,13762.811,109.8576,87.964,79.285,4962.0,0.737186154,4.4,17.8,2307.0,2138.0,2255.0,1010.0,309400,22384,652.8,13964,40.6,4.3,1495.0,752.0,378.0,1596.0,164.0,777.0,411.0,1.28,1366.5,130.7772007,1.811720388,17.84587691,5.26,-0.04,-0.32,-0.34,-0.78,1.9474,1.1682,264.7,121.325,14.9213
4/1/2007,101.6334,13784.697,110.5422,86.3768,79.5845,4689.0,0.684525547,4.5,16.9,2456.0,2178.0,2281.0,1075.0,320250,22345,658.7,13939,40.5,4.2,1490.0,732.0,386.0,1470.0,159.0,727.0,362.0,1.28,1378.0,130.7996444,1.757034972,18.28162315,5.25,-0.02,-0.38,-0.32,-0.66,1.9879,1.135,289.7,121.035,12.246
5/1/2007,101.7306,13791.861,110.3485,87.0614,79.3763,4657.0,0.688294413,4.4,16.6,2464.0,2183.0,2231.0,1100.0,304250,22316,661.0,13922,40.5,4.2,1415.0,688.0,326.0,1493.0,145.0,766.0,356.0,1.27,1380.9,130.9454449,1.716805414,18.59427377,5.25,-0.02,-0.52,-0.34,-0.58,1.9842,1.0951,290.8,120.922,12.965
6/1/2007,101.7893,13786.416,110.5112,87.2506,79.4851,4859.0,0.696231552,4.6,16.5,2551.0,2134.0,2281.0,1138.0,315200,22315,663.4,13903,40.6,4.3,1448.0,708.0,349.0,1407.0,153.0,705.0,330.0,1.28,1368.2,131.2071178,1.72831679,18.43586341,5.25,0.0,-0.64,-0.29,-0.22,1.9867,1.0651,287.0,120.929,14.8819
7/1/2007,101.6672,13795.953,110.2124,87.2809,79.2955,4598.0,0.643166877,4.7,17.2,2502.0,2203.0,2364.0,1073.0,313250,22269,668.1,13881,40.6,4.2,1354.0,638.0,331.0,1361.0,151.0,666.0,337.0,1.29,1371.8,131.7652133,1.73844235,18.36292532,5.26,-0.01,-0.44,-0.3,-0.38,2.0355,1.0502,291.3,120.543,17.2476
8/1/2007,101.863,13795.066,110.1282,87.9569,78.8946,4546.0,0.643271544,4.6,17.0,2614.0,2156.0,2333.0,1086.0,320000,22159,669.7,13821,40.5,4.2,1330.0,695.0,298.0,1321.0,150.0,622.0,355.0,1.28,1376.3,132.452412,1.835760084,17.50599003,5.02,0.28,-0.82,-0.55,-0.59,2.011,1.0579,278.6,119.998,25.12
9/1/2007,102.0894,13813.791,110.4874,87.4425,78.9517,4652.0,0.648814505,4.7,16.3,2557.0,2292.0,2355.0,1091.0,313400,22089,669.1,13784,40.6,4.2,1183.0,592.0,273.0,1261.0,136.0,626.0,297.0,1.28,1375.7,132.3434028,1.801458801,17.9324197,4.94,0.25,-1.05,-0.8,-0.74,2.0184,1.0267,275.7,119.846,22.1821
10/1/2007,101.8015,13796.513,109.8403,87.1191,78.7002,4636.0,0.640596932,4.7,17.0,2545.0,2502.0,2300.0,1003.0,328250,22050,670.5,13756,40.5,4.1,1264.0,625.0,277.0,1192.0,146.0,559.0,302.0,1.27,1379.4,132.7716223,1.768139286,18.44188929,4.76,0.15,-0.86,-0.66,-0.56,2.0449,0.9754,283.7,119.849,18.8595
11/1/2007,102.3446,13787.506,110.1372,86.4588,78.9719,4646.0,0.641712707,4.7,17.3,2645.0,2241.0,2366.0,992.0,336000,22008,675.5,13751,40.7,4.2,1197.0,598.0,256.0,1224.0,131.0,625.0,280.0,1.26,1371.8,132.4556318,1.877603829,17.56338644,4.49,0.26,-1.22,-0.99,-0.82,2.0701,0.9672,272.5,119.688,26.6571
12/1/2007,102.3803,13846.539,110.1884,85.9525,78.9954,4545.0,0.594506213,5.0,16.6,2718.0,2376.0,2501.0,1177.0,348200,21968,680.2,13739,40.5,4.0,1037.0,571.0,221.0,1149.0,136.0,584.0,260.0,1.28,1373.4,131.9782347,1.874636633,18.01169182,4.24,0.52,-1.24,-0.98,-0.75,2.0161,1.0021,264.6,119.337,23.0965
1/1/2008,102.2448,13862.766,110.169,87.5248,78.7582,4624.0,0.601691607,5.0,17.5,2554.0,2406.0,2540.0,1152.0,338750,21939,686.7,13717,40.5,4.1,1084.0,551.0,243.0,1094.0,131.0,570.0,212.0,1.27,1377.7,131.7811209,2.025007978,17.02776003,3.94,-0.24,-1.19,-1.23,-0.96,1.9702,1.0099,268.8,119.423,28.1161
2/1/2008,101.8438,13877.177,109.8121,87.5956,78.161,4279.0,0.570761638,4.9,16.9,2653.0,2370.0,2446.0,1116.0,346750,21890,688.9,13690,40.4,4.0,1103.0,580.0,245.0,1014.0,110.0,518.0,241.0,1.28,1380.4,132.047711,2.074737798,17.05854288,2.98,0.05,-0.86,-0.93,-0.2,1.9646,0.9986,294.3,119.236,27.1565
3/1/2008,101.5336,13893.695,109.0887,85.7605,77.8244,4225.0,0.540143186,5.1,16.5,2823.0,2537.0,2491.0,1168.0,363400,21810,695.9,13650,40.6,4.1,1005.0,526.0,228.0,967.0,116.0,521.0,197.0,1.28,1388.7,132.2672611,2.148920983,16.85603663,2.61,0.09,-1.35,-1.07,-0.13,2.0015,1.0029,316.8,119.207,29.009
4/1/2008,100.8785,13854.44,108.1088,86.9603,77.0718,4035.0,0.528348828,5.0,16.9,2493.0,2574.0,2687.0,1314.0,359500,21671,695.9,13589,40.5,4.0,1013.0,510.0,242.0,1008.0,111.0,511.0,223.0,1.26,1391.4,132.9565515,2.074957253,17.93414651,2.28,0.44,-0.99,-0.54,0.56,1.9816,1.0137,322.1,118.722,22.5268
5/1/2008,100.2674,14441.892,107.6375,86.6123,76.6191,4194.0,0.499583085,5.4,16.6,3278.0,2476.0,2780.0,1219.0,366800,21593,706.1,13555,40.2,3.9,973.0,496.0,215.0,995.0,142.0,471.0,234.0,1.26,1393.4,127.3792978,2.036268962,18.8178995,1.98,0.63,-0.25,0.08,1.17,1.965,0.9993,310.8,118.439,18.7919
6/1/2008,100.0335,14094.894,107.1746,86.1144,76.1328,3830.0,0.44664723,5.6,17.1,2753.0,3016.0,2913.0,1337.0,383250,21475,712.3,13494,40.4,3.9,1046.0,472.0,205.0,1180.0,306.0,477.0,244.0,1.25,1404.6,129.7754885,2.140540541,18.49945584,2.0,0.7,-0.14,0.42,1.49,1.9664,1.0166,302.7,118.371,23.1914
7/1/2008,99.676,13867.615,106.4406,86.2257,75.4485,3749.0,0.419492,5.8,17.0,2854.0,2833.0,3114.0,1450.0,398000,21349,714.5,13419,40.3,3.8,923.0,432.0,179.0,921.0,101.0,486.0,194.0,1.26,1421.1,131.6007727,2.287121652,18.03526417,2.01,0.71,-0.38,0.27,1.29,1.9888,1.013,308.2,118.412,25.6322
8/1/2008,98.1111,13780.34,104.8745,85.6017,74.544,3674.0,0.389277389,6.1,17.7,3256.0,2758.0,3420.0,1554.0,433000,21242,724.8,13348,40.3,3.7,844.0,397.0,185.0,858.0,85.0,445.0,186.0,1.29,1407.4,132.3682006,2.247679098,19.33065557,2.0,0.76,-0.28,0.18,1.14,1.8865,1.0535,293.8,118.154,20.9769
9/1/2008,93.7895,13789.923,102.3512,77.257,72.0301,3222.0,0.339372235,6.1,18.6,2848.0,3035.0,3626.0,1599.0,464000,21095,728.5,13267,39.9,3.5,820.0,398.0,168.0,797.0,88.0,408.0,169.0,1.31,1462.0,132.1677935,2.3706808,19.2867855,1.81,1.1,-0.68,0.1,1.07,1.7973,1.0582,269.5,117.826,30.7233
10/1/2008,94.7219,13883.254,101.6556,89.5819,71.6296,3377.0,0.335219377,6.5,19.9,3170.0,3055.0,3990.0,1710.0,475250,20886,725.4,13138,40.0,3.4,777.0,414.0,162.0,736.0,75.0,375.0,160.0,1.36,1473.8,132.106871,2.962083677,16.29692846,0.97,2.22,-0.3,0.45,1.76,1.6862,1.1847,234.0,117.719,62.9648
11/1/2008,93.4715,13982.019,100.4115,88.0056,69.9172,3231.0,0.306604669,6.8,18.9,3335.0,3260.0,3923.0,1704.0,519800,20615,720.6,13026,39.6,3.2,652.0,351.0,135.0,626.0,71.0,297.0,160.0,1.44,1514.6,132.4764739,3.232394154,16.08191266,0.39,1.15,-0.2,0.68,1.9,1.5327,1.2171,201.9,117.29,62.7229
12/1/2008,90.8357,13891.878,98.2845,88.3798,67.6607,3146.0,0.278752437,7.3,19.9,3255.0,3498.0,4547.0,1936.0,564000,20313,715.3,12842,39.3,2.9,560.0,283.0,135.0,554.0,61.0,293.0,116.0,1.47,1601.7,133.986348,3.235106431,17.35650147,0.16,0.93,-0.13,0.33,1.36,1.4854,1.2337,185.7,116.852,51.1192
1/1/2009,88.57,13762.24,95.3422,88.9552,65.5546,2738.0,0.227069166,7.8,19.8,3524.0,3662.0,4764.0,2065.0,572000,19879,706.4,12552,39.2,2.9,490.0,254.0,141.0,545.0,59.0,282.0,115.0,1.48,1582.8,135.2356675,3.235980499,18.62172281,0.15,0.95,-0.02,0.29,1.45,1.4462,1.2248,183.7,116.767,45.5042
2/1/2009,88.031,13603.699,94.7501,90.6171,65.5782,2864.0,0.22204993,8.3,20.2,3450.0,3936.0,5455.0,2456.0,644000,19565,693.7,12371,39.3,2.7,582.0,311.0,113.0,558.0,74.0,296.0,99.0,1.45,1567.2,136.5538385,3.43131776,19.01221021,0.22,0.45,0.08,0.4,1.65,1.4422,1.2452,163.9,116.772,46.3349
3/1/2009,86.6528,13570.847,93.3744,89.7147,64.4771,2534.0,0.188738269,8.7,20.9,3465.0,4122.0,5886.0,2625.0,659250,19214,676.6,12196,38.9,2.6,505.0,264.0,79.0,513.0,61.0,262.0,104.0,1.47,1578.9,136.9222025,3.599117721,19.90644318,0.18,0.44,0.03,0.46,1.64,1.417,1.2645,161.5,116.432,45.2124
4/1/2009,85.9344,13601.477,92.5427,89.785,64.107,2295.0,0.165668086,9.0,21.7,3338.0,4138.0,6385.0,2634.0,627750,18881,660.7,12017,38.9,2.9,478.0,230.0,112.0,521.0,58.0,270.0,110.0,1.45,1611.6,136.1689069,3.147635049,25.18503247,0.15,0.33,0.01,0.4,1.71,1.4712,1.2242,155.1,116.481,37.7324
5/1/2009,85.0665,13779.884,91.3655,88.5676,63.5243,2549.0,0.175805228,9.4,22.4,3246.0,4458.0,7022.0,3049.0,612000,18644,644.3,11850,38.9,2.8,540.0,273.0,132.0,556.0,64.0,285.0,112.0,1.43,1617.5,134.91826,2.89705714,30.48163504,0.18,0.19,0.0,0.32,1.95,1.5418,1.1528,162.3,116.319,31.8886
6/1/2009,84.7459,13544.781,91.0174,89.2995,63.4322,2503.0,0.170191066,9.5,23.9,3114.0,4052.0,7837.0,3488.0,598250,18409,636.8,11713,39.1,2.8,585.0,277.0,124.0,601.0,63.0,320.0,118.0,1.38,1658.8,135.2106486,2.763140846,35.6740676,0.21,0.15,-0.03,0.3,2.5,1.6369,1.1264,167.5,116.256,28.8608
7/1/2009,85.7027,13493.206,91.8219,88.3089,64.4955,2232.0,0.152866242,9.5,25.1,3137.0,3505.0,7839.0,2923.0,566500,18264,628.7,11654,39.3,3.0,594.0,297.0,126.0,595.0,64.0,292.0,130.0,1.36,1662.5,135.9045898,2.674303463,41.90637602,0.16,0.17,0.02,0.32,2.3,1.6378,1.1229,172.3,115.67,26.2151
8/1/2009,86.6426,13468.487,92.6333,87.7892,65.3114,2338.0,0.15782368,9.6,25.3,2940.0,3927.0,7828.0,2791.0,559200,18136,618.7,11612,39.3,3.0,586.0,286.0,127.0,616.0,70.0,316.0,124.0,1.32,1660.0,135.7134158,2.42275988,52.87696823,0.16,0.13,0.01,0.3,2.41,1.6532,1.0872,188.1,115.202,25.366
9/1/2009,87.4063,13502.606,93.2933,90.1227,66.102,2487.0,0.16570058,9.8,26.6,2841.0,3775.0,8402.0,2908.0,547500,18034,616.8,11580,39.2,3.1,585.0,297.0,117.0,609.0,70.0,309.0,125.0,1.31,1664.9,135.0350408,2.288066632,64.91708966,0.15,0.08,-0.03,0.25,2.22,1.6323,1.0816,201.9,115.508,24.9017
10/1/2009,87.6419,13460.827,93.5172,88.5262,66.2859,2406.0,0.156722251,10.0,27.5,3223.0,3552.0,8648.0,3006.0,525400,17904,611.4,11527,39.2,3.3,534.0,266.0,111.0,583.0,67.0,299.0,113.0,1.31,1677.7,134.4748389,2.19202118,79.8640307,0.12,0.1,-0.05,0.25,2.21,1.6212,1.0547,203.0,115.895,24.6223
11/1/2009,88.0221,13494.222,93.4741,87.492,67.0806,2503.0,0.164465471,9.9,28.9,2816.0,3457.0,8755.0,2847.0,494000,17858,614.5,11498,39.7,3.4,588.0,301.0,116.0,623.0,74.0,318.0,117.0,1.29,1683.0,134.1139345,2.105256708,86.84311717,0.12,0.07,-0.07,0.19,2.11,1.6599,1.0593,208.1,115.964,23.7799
12/1/2009,88.3793,13551.644,93.8258,85.8149,67.1474,2568.0,0.170088754,9.9,29.7,2879.0,3457.0,8835.0,2712.0,485500,17782,614.4,11465,39.6,3.5,581.0,313.0,108.0,664.0,101.0,319.0,128.0,1.28,1692.8,134.4694057,2.018227994,81.98598654,0.12,0.08,-0.07,0.25,2.22,1.6226,1.0537,216.0,115.703,20.9744
1/1/2010,89.3426,13610.249,94.7119,83.3167,67.941,2837.0,0.188555098,9.8,30.3,2921.0,3390.0,8894.0,2574.0,479800,17693,618.3,11447,40.0,3.6,614.0,325.0,126.0,636.0,75.0,313.0,149.0,1.27,1674.7,133.193416,1.979683986,67.79279797,0.11,0.07,-0.05,0.24,2.37,1.6158,1.0438,217.1,115.555,20.9652
2/1/2010,89.6779,13610.405,94.3456,85.4336,68.0202,2666.0,0.17640442,9.8,29.8,2807.0,3390.0,8922.0,2793.0,485750,17613,624.2,11439,39.6,3.4,604.0,286.0,139.0,650.0,78.0,312.0,150.0,1.28,1699.8,132.6823543,2.026944312,54.29790347,0.13,0.07,-0.02,0.22,2.23,1.5618,1.0572,200.0,115.146,22.2187
3/1/2010,90.2928,13661.363,95.1029,88.0865,68.9678,2679.0,0.176226812,9.9,31.6,2769.0,3294.0,9087.0,2542.0,470250,17657,630.9,11439,40.0,3.6,636.0,342.0,133.0,687.0,72.0,357.0,143.0,1.26,1711.9,132.8915448,1.901827178,47.70970185,0.16,0.08,-0.01,0.24,2.27,1.5058,1.0229,212.3,114.98,17.6603
4/1/2010,90.5991,13776.728,95.2837,88.753,69.624,3153.0,0.205742251,9.9,33.3,2725.0,3086.0,9130.0,2330.0,469000,17715,635.9,11475,40.6,3.8,687.0,379.0,108.0,637.0,75.0,319.0,127.0,1.25,1699.0,131.5052388,1.833539349,41.73383818,0.2,0.1,-0.04,0.25,2.38,1.5332,1.0052,223.3,114.54,17.3652
5/1/2010,91.823,13885.106,96.5581,88.3192,70.611,2988.0,0.201225672,9.6,34.0,2773.0,3127.0,8897.0,2260.0,459400,17727,645.3,11511,40.5,4.0,583.0,290.0,113.0,575.0,64.0,299.0,110.0,1.26,1710.1,130.6705757,1.955154984,33.72355787,0.2,0.24,-0.04,0.17,1.98,1.4669,1.0403,205.6,114.227,32.6959
6/1/2010,91.9928,13898.726,96.446,87.7401,70.682,2801.0,0.193519414,9.4,34.5,2683.0,3159.0,8907.0,2284.0,460500,17747,650.8,11529,40.3,3.8,536.0,281.0,109.0,587.0,77.0,296.0,117.0,1.27,1731.6,130.7794219,2.034411461,28.416589,0.18,0.28,-0.06,0.14,1.82,1.4768,1.0376,194.2,113.84,29.7614
7/1/2010,92.3421,13928.888,96.9133,89.3354,71.1601,3082.0,0.212375965,9.4,33.9,2806.0,2972.0,8714.0,2208.0,459200,17763,657.9,11546,40.3,3.8,546.0,271.0,107.0,579.0,67.0,297.0,113.0,1.27,1724.0,130.9016435,2.050997098,25.05769945,0.18,0.19,-0.02,0.11,1.58,1.5304,1.0422,193.6,113.337,25.5846
8/1/2010,92.6805,13980.745,96.8663,88.783,71.3642,2999.0,0.204737848,9.5,33.7,2671.0,3534.0,8421.0,2162.0,475000,17778,665.2,11538,40.5,3.9,599.0,282.0,136.0,580.0,71.0,284.0,127.0,1.27,1748.7,130.6923472,2.046697569,22.60093243,0.19,0.08,-0.03,0.07,1.28,1.5661,1.0404,209.1,113.422,24.6424
9/1/2010,92.9537,13989.519,96.7429,88.539,71.5357,2918.0,0.200150902,9.5,33.4,2819.0,3308.0,8454.0,2291.0,453500,17772,672.0,11549,40.6,4.0,594.0,296.0,133.0,563.0,68.0,288.0,112.0,1.28,1766.2,130.9832839,1.992727791,21.13979074,0.19,0.06,-0.04,0.07,1.22,1.5591,1.033,215.4,113.305,22.2046
10/1/2010,92.6903,14000.339,96.602,87.9416,71.6761,3235.0,0.222857537,9.4,34.0,2655.0,3345.0,8613.0,2387.0,446800,17788,682.2,11548,40.6,4.0,543.0,265.0,101.0,558.0,67.0,266.0,113.0,1.27,1780.4,131.6235664,1.919060869,20.1709061,0.19,0.06,-0.06,0.04,0.99,1.5867,1.0179,233.6,113.132,20.3284
11/1/2010,92.7709,14018.501,96.6087,88.197,71.8748,3211.0,0.212916915,9.8,33.9,2912.0,3321.0,8696.0,2370.0,426250,17813,687.6,11571,40.6,4.0,545.0,266.0,97.0,560.0,64.0,280.0,121.0,1.27,1828.4,131.6210536,1.8856331,19.30195749,0.19,0.06,-0.05,0.06,1.16,1.5961,1.0129,239.6,113.094,19.8765
12/1/2010,93.6787,14104.762,97.2858,89.6105,72.3185,3058.0,0.21313075,9.3,34.7,2693.0,3169.0,8549.0,2120.0,420250,17780,686.0,11579,40.6,4.0,539.0,273.0,140.0,632.0,113.0,257.0,164.0,1.27,1836.7,140.4252736,1.830805538,19.01231519,0.18,0.09,-0.04,0.11,1.75,1.5595,1.0081,242.4,112.774,17.4159
1/1/2011,93.4814,14289.288,97.3012,89.491,72.4358,3104.0,0.221508599,9.1,37.2,2686.0,3033.0,8393.0,2218.0,426800,17770,688.3,11606,40.1,4.0,630.0,303.0,119.0,576.0,77.0,288.0,110.0,1.25,1846.3,139.2847348,1.790345803,18.92960009,0.17,0.09,-0.02,0.1,1.82,1.5782,0.9939,252.5,112.994,17.4319
2/1/2011,93.1102,14331.186,97.1826,89.1579,72.6355,3226.0,0.233429812,9.0,37.4,2469.0,3118.0,8175.0,2284.0,401500,17826,688.4,11637,40.9,4.2,517.0,311.0,90.0,542.0,60.0,296.0,97.0,1.26,1870.1,139.1069149,1.755833434,18.85724761,0.16,0.09,-0.03,0.13,2.1,1.6124,0.9876,258.8,113.135,17.2866
3/1/2011,94.0788,14298.318,97.3938,91.4248,73.1469,3261.0,0.237388076,9.0,39.1,2535.0,2980.0,8166.0,2061.0,406000,17890,703.5,11659,40.7,4.2,600.0,341.0,116.0,583.0,59.0,309.0,120.0,1.24,1896.5,139.3485795,1.796104225,17.9872164,0.14,0.09,-0.04,0.12,1.97,1.6159,0.9766,256.0,112.914,20.5593
4/1/2011,93.7749,14275.294,97.2375,89.3077,72.8001,3259.0,0.233502902,9.1,38.7,2787.0,2987.0,8016.0,2090.0,420600,17941,718.8,11689,40.9,4.1,554.0,280.0,123.0,581.0,58.0,299.0,126.0,1.25,1897.0,139.6921175,1.782437483,17.85765658,0.1,0.12,-0.04,0.15,2.07,1.6379,0.958,260.7,113.18,16.2042
5/1/2011,93.888,14260.443,97.5321,89.3322,72.8134,3179.0,0.229447853,9.0,39.6,2668.0,2903.0,8205.0,2052.0,422500,17990,729.2,11697,41.0,4.2,561.0,265.0,133.0,618.0,81.0,303.0,135.0,1.27,1941.6,139.8480811,1.796046257,17.5281804,0.09,0.09,-0.05,0.1,1.75,1.6332,0.968,253.7,113.29,16.9607
6/1/2011,94.172,14324.383,97.5342,90.5885,72.9204,3455.0,0.247457384,9.1,39.9,2933.0,2987.0,8143.0,1871.0,418250,18026,740.1,11710,40.9,4.0,608.0,285.0,130.0,636.0,69.0,327.0,138.0,1.27,1963.4,139.6571749,1.890793838,16.59454393,0.09,0.08,-0.05,0.09,1.49,1.6219,0.9766,251.8,113.426,19.4515
7/1/2011,94.636,14386.123,98.2732,91.332,73.3492,3623.0,0.263242026,9.0,40.7,2632.0,2931.0,8177.0,1982.0,412600,18075,750.6,11729,40.9,4.1,623.0,307.0,136.0,621.0,60.0,329.0,131.0,1.26,1996.0,140.632093,1.857846799,16.80830455,0.07,0.1,-0.03,0.12,1.47,1.6158,0.9553,257.8,113.373,19.1724
8/1/2011,95.2749,14378.666,98.9303,92.1345,73.6851,3329.0,0.240917644,9.0,40.5,2650.0,2989.0,8247.0,2199.0,409500,18105,756.4,11748,40.8,4.1,585.0,300.0,142.0,647.0,63.0,331.0,142.0,1.26,2115.4,139.7683835,2.100716268,14.77833665,0.1,0.11,-0.08,0.01,0.92,1.6356,0.9817,250.3,113.24,36.0196
9/1/2011,95.1961,14359.76,98.8392,92.6438,73.8276,3774.0,0.270576427,9.0,40.4,2754.0,2881.0,8316.0,2012.0,417750,18148,763.8,11752,40.9,4.1,650.0,328.0,164.0,610.0,68.0,301.0,132.0,1.26,2120.0,140.4146819,2.145023341,14.41859042,0.08,0.14,-0.07,0.02,0.82,1.5771,1.0025,239.3,112.741,37.1545
10/1/2011,95.8568,14364.71,99.2106,91.1937,74.1656,3619.0,0.266220391,8.8,38.7,2668.0,3250.0,7802.0,1964.0,402400,18170,772.5,11762,40.9,4.1,610.0,314.0,128.0,671.0,68.0,360.0,135.0,1.26,2128.5,140.957113,2.120298427,14.67340868,0.07,0.17,-0.05,0.04,0.99,1.5768,1.0198,222.4,112.773,32.7655
11/1/2011,95.8485,14349.583,98.8201,92.8488,73.9533,3565.0,0.268004811,8.6,40.2,2556.0,2913.0,7706.0,2009.0,389250,18171,775.9,11753,41.0,4.1,711.0,348.0,171.0,706.0,82.0,357.0,164.0,1.26,2182.0,141.9353346,2.121078695,14.75966491,0.08,0.13,-0.07,0.03,0.83,1.5806,1.0248,219.4,112.656,31.9011
12/1/2011,96.3571,14479.33,99.2405,91.7136,74.3759,3768.0,0.287787367,8.5,40.4,2678.0,2873.0,7545.0,1959.0,377000,18225,781.3,11783,41.1,4.0,694.0,326.0,130.0,697.0,76.0,358.0,152.0,1.26,2165.7,141.4181683,2.125760062,14.86769385,0.07,0.11,-0.06,0.05,0.82,1.5587,1.0235,214.4,112.558,24.6171
1/1/2012,96.9318,14518.055,99.663,90.1897,74.9205,3909.0,0.305462218,8.3,40.2,2474.0,2908.0,7433.0,1957.0,377750,18287,790.1,11820,41.2,4.1,723.0,407.0,133.0,712.0,77.0,395.0,131.0,1.25,2201.8,141.556394,2.055749486,15.37232151,0.08,0.18,-0.05,0.04,0.76,1.5524,1.013,223.6,112.684,20.3742
2/1/2012,97.2435,14591.389,99.9425,91.1541,75.1535,3616.0,0.282213377,8.3,39.7,2610.0,2848.0,7293.0,2051.0,363250,18316,796.3,11841,41.2,4.1,704.0,408.0,135.0,738.0,96.0,374.0,143.0,1.25,2207.1,140.9145524,1.99952187,15.81441526,0.1,0.11,-0.01,0.06,0.73,1.5804,0.9967,230.9,112.548,18.3541
3/1/2012,96.74,14635.02,99.1727,89.5062,74.669,3979.0,0.312986707,8.2,39.3,2708.0,2788.0,7176.0,1940.0,366600,18354,799.4,11880,41.1,4.2,695.0,350.0,147.0,806.0,79.0,404.0,191.0,1.25,2227.8,141.2320904,1.968702312,16.03227875,0.13,0.07,-0.05,0.06,0.89,1.5824,0.9938,230.7,112.29,15.8857
4/1/2012,97.4359,14689.558,99.9313,88.6336,74.9465,3793.0,0.299936739,8.2,39.2,2624.0,2878.0,7072.0,1940.0,381750,18365,801.5,11897,41.2,4.2,753.0,400.0,150.0,732.0,90.0,366.0,161.0,1.26,2237.3,141.622921,1.996013743,15.87419748,0.14,0.06,-0.06,0.04,0.75,1.6,0.9928,223.3,112.001,17.876
5/1/2012,97.6609,14687.217,100.2714,89.1415,74.6333,3835.0,0.302922591,8.2,39.6,2550.0,3006.0,7091.0,1690.0,373500,18367,804.1,11908,41.1,4.2,708.0,363.0,159.0,796.0,79.0,421.0,176.0,1.27,2256.2,142.8133066,2.087325197,15.31266843,0.16,0.04,-0.07,0.03,0.6,1.5924,1.0097,216.4,111.94,21.1563
6/1/2012,97.6663,14680.673,100.3321,90.1234,74.7583,3911.0,0.308146864,8.2,40.3,2747.0,2806.0,7227.0,1817.0,379200,18391,801.1,11918,41.1,4.2,757.0,369.0,211.0,794.0,81.0,409.0,184.0,1.29,2275.3,143.8908644,2.13981322,15.07874762,0.16,0.05,-0.07,0.03,0.55,1.5556,1.028,210.2,111.596,21.0661
7/1/2012,97.8713,14586.106,100.159,89.8284,74.5256,3735.0,0.295116941,8.2,39.3,2662.0,2984.0,6983.0,1773.0,372500,18427,799.5,11944,41.1,4.2,740.0,350.0,189.0,849.0,90.0,435.0,204.0,1.3,2315.0,145.609971,2.113822334,15.47860411,0.16,0.08,-0.06,0.03,0.46,1.5593,1.0142,207.0,111.429,17.379
8/1/2012,97.4525,14553.669,100.0051,90.5976,74.345,3809.0,0.305428594,8.1,39.6,2784.0,2811.0,6889.0,1846.0,373250,18440,800.5,11940,40.9,4.1,754.0,379.0,168.0,840.0,82.0,440.0,193.0,1.29,2354.1,146.3989055,2.078212025,15.86706063,0.13,0.06,-0.03,0.05,0.58,1.5722,0.9924,207.8,111.212,15.3024
9/1/2012,97.381,14662.932,99.6603,90.7688,74.1108,3882.0,0.32042922,7.8,39.8,2538.0,2819.0,6775.0,1863.0,381800,18442,795.0,11934,40.9,4.2,847.0,423.0,202.0,930.0,86.0,474.0,220.0,1.29,2386.6,145.4799225,2.049992379,16.25295651,0.14,0.03,-0.03,0.04,0.53,1.6126,0.9783,224.9,110.967,15.4389
10/1/2012,97.7193,14761.628,99.498,92.3895,73.9373,3775.0,0.311365886,7.8,39.6,2635.0,2859.0,6784.0,1796.0,368500,18452,785.3,11941,41.0,4.1,915.0,445.0,231.0,887.0,86.0,457.0,189.0,1.29,2420.1,145.0879523,2.096460846,16.22988644,0.16,0.03,-0.06,0.02,0.55,1.608,0.9872,229.4,110.867,16.5407
11/1/2012,98.0777,14962.471,100.0573,91.9227,74.3212,3878.0,0.32303207,7.7,39.0,2620.0,2776.0,6550.0,1745.0,401250,18458,792.8,11930,41.0,4.1,833.0,444.0,166.0,917.0,76.0,486.0,188.0,1.28,2441.2,144.5831337,2.201251097,15.85094547,0.16,0.05,-0.07,0.02,0.51,1.5968,0.997,222.7,110.849,16.6799
12/1/2012,98.3101,15333.647,100.183,92.0852,74.7755,3970.0,0.322816718,7.9,37.6,2756.0,2901.0,6629.0,1861.0,359000,18512,797.3,11939,41.2,4.2,976.0,458.0,213.0,941.0,95.0,473.0,220.0,1.29,2460.7,142.1622197,2.197160917,16.24094146,0.16,0.01,-0.09,0.0,0.54,1.6145,0.9898,226.4,110.753,17.5331
1/1/2013,98.3342,14568.746,99.9393,94.0156,74.589,3923.0,0.314569802,8.0,35.6,2780.0,3115.0,6572.0,1891.0,353000,18561,802.0,11962,41.1,4.2,888.0,486.0,223.0,940.0,100.0,461.0,226.0,1.29,2476.7,150.3261325,2.130280104,16.88604208,0.14,0.05,-0.07,0.01,0.67,1.5965,0.9921,225.1,110.738,13.3738
2/1/2013,98.7941,14539.752,100.4427,94.1155,74.8632,4004.0,0.335062762,7.7,36.4,2713.0,2799.0,6457.0,1766.0,353000,18616,806.6,11974,41.3,4.3,962.0,498.0,222.0,980.0,87.0,499.0,236.0,1.27,2468.9,151.2785441,2.104286379,17.14196507,0.15,0.01,-0.05,0.01,0.7,1.5474,1.0098,226.4,110.647,13.903
3/1/2013,99.1921,14590.576,100.8102,93.4885,74.7698,4076.0,0.34870391,7.5,37.0,2462.0,2826.0,6393.0,1830.0,351800,18639,808.2,11977,41.4,4.3,1010.0,555.0,218.0,936.0,98.0,485.0,208.0,1.29,2476.3,151.7049303,2.070504182,17.57337411,0.14,0.01,-0.05,0.01,0.68,1.508,1.0244,218.7,110.248,13.0279
4/1/2013,99.1065,14650.083,100.5318,94.1474,74.5484,3988.0,0.339115646,7.6,36.5,2487.0,2908.0,6421.0,1953.0,347250,18631,805.0,11978,41.2,4.4,835.0,408.0,200.0,1012.0,101.0,519.0,224.0,1.3,2504.9,152.0523503,2.068928928,17.85321806,0.15,0.01,-0.09,-0.03,0.56,1.5311,1.0187,205.6,109.912,14.0954
5/1/2013,99.1839,14720.7,100.4697,95.9337,74.7765,4145.0,0.355671872,7.5,36.8,2674.0,2631.0,6333.0,1986.0,347750,18668,808.8,11978,41.3,4.3,930.0,482.0,206.0,1003.0,105.0,509.0,241.0,1.28,2523.5,152.0661633,2.005276938,18.61458831,0.11,0.03,-0.07,0.01,0.73,1.5297,1.0196,199.9,109.788,13.3657
6/1/2013,99.3897,14720.82,100.7807,96.4414,74.9749,4150.0,0.353161433,7.5,36.4,2680.0,2851.0,6231.0,1876.0,344600,18701,811.9,11982,41.2,4.3,839.0,425.0,205.0,942.0,107.0,475.0,216.0,1.29,2521.0,152.6741577,2.055264182,18.32206806,0.09,0.05,-0.04,0.05,1.11,1.5493,1.0314,199.1,109.735,17.1448
7/1/2013,99.0814,14690.118,99.9133,96.4627,74.4051,3885.0,0.342743714,7.3,37.3,2493.0,2768.0,6049.0,1791.0,346000,18684,812.2,11962,41.2,4.3,880.0,396.0,215.0,997.0,118.0,473.0,250.0,1.29,2542.3,153.7693867,2.016364232,18.85308488,0.09,0.05,-0.05,0.03,1.31,1.5179,1.0402,194.7,109.489,13.7966
8/1/2013,99.6543,14715.624,100.5191,96.0756,75.0642,4085.0,0.362177498,7.2,37.6,2475.0,2688.0,5973.0,1677.0,333400,18737,815.1,11992,41.3,4.4,917.0,452.0,207.0,964.0,127.0,440.0,238.0,1.29,2551.3,154.271044,2.037215559,18.79451863,0.08,0.04,-0.04,0.05,1.44,1.5505,1.0407,200.5,109.112,14.141
9/1/2013,100.161,14776.266,100.8306,96.9853,75.1341,4128.0,0.366282165,7.2,37.4,2604.0,2691.0,5929.0,1797.0,314000,18788,816.0,12010,41.3,4.3,850.0,418.0,182.0,1004.0,100.0,517.0,211.0,1.3,2585.5,154.6075548,2.03891724,18.87728985,0.08,0.03,-0.06,0.04,1.52,1.5885,1.0342,199.3,109.037,14.9695
10/1/2013,100.082,14726.182,100.9631,97.9433,75.3083,4222.0,0.379130747,7.2,35.1,2823.0,2639.0,5761.0,1737.0,358500,18832,815.8,12033,41.2,4.3,925.0,413.0,219.0,1044.0,106.0,535.0,241.0,1.3,2631.2,155.905084,2.011399026,19.17227793,0.09,0.03,-0.04,0.03,1.28,1.6098,1.0363,200.4,108.882,15.1417
11/1/2013,100.3158,14763.876,100.8213,96.9999,75.3105,4119.0,0.381848521,6.9,36.6,2409.0,2586.0,5737.0,1695.0,328200,18885,814.8,12054,41.4,4.4,1100.0,576.0,223.0,1029.0,108.0,521.0,237.0,1.29,2638.8,156.4742174,1.950801963,19.75615134,0.08,0.04,-0.01,0.04,1.29,1.61,1.0486,196.4,108.72,12.8516
12/1/2013,100.5175,14797.116,100.964,95.6216,75.2138,4121.0,0.396097655,6.7,36.5,2328.0,2545.0,5539.0,1676.0,346000,18858,813.3,12060,41.1,4.5,1002.0,498.0,274.0,1005.0,116.0,478.0,269.0,1.3,2674.2,156.7538626,1.935523128,19.83087533,0.09,0.05,-0.02,0.04,1.49,1.6383,1.0639,197.1,108.308,14.0258
1/1/2014,100.1599,14872.775,100.0796,94.8718,74.4928,4127.0,0.404528524,6.6,35.1,2473.0,2431.0,5304.0,1696.0,326750,18914,818.2,12058,41.0,4.4,888.0,477.0,235.0,976.0,102.0,489.0,223.0,1.31,2714.1,156.7315098,1.942718965,19.69364842,0.07,0.05,-0.03,0.05,1.58,1.647,1.094,194.1,108.041,14.4177
2/1/2014,100.9168,14955.901,100.9565,94.76,75.2268,4373.0,0.422552904,6.7,36.5,2376.0,2590.0,5404.0,1621.0,335250,18966,823.2,12084,40.8,4.3,944.0,507.0,219.0,1039.0,111.0,542.0,252.0,1.31,2730.2,156.8297882,1.971154552,19.35227664,0.07,0.06,-0.02,0.05,1.45,1.6558,1.1054,194.5,107.698,15.4174
3/1/2014,101.8942,15033.859,101.764,96.0263,75.9245,4388.0,0.422736031,6.7,35.3,2433.0,2561.0,5415.0,1711.0,321000,19013,827.4,12096,41.5,4.5,970.0,483.0,208.0,1067.0,140.0,502.0,259.0,1.3,2749.3,156.7807379,1.944170173,19.50655442,0.08,0.04,-0.03,0.05,1.56,1.6624,1.1107,195.3,107.377,15.0074
4/1/2014,101.9928,15078.809,101.5612,97.1456,75.984,4566.0,0.470624614,6.2,34.9,2424.0,2377.0,4981.0,1502.0,322750,19079,835.0,12109,41.3,4.4,1043.0,487.0,245.0,1090.0,120.0,545.0,265.0,1.3,2774.2,157.1437095,1.963960678,19.251619,0.09,0.03,-0.06,0.02,1.61,1.6748,1.0992,195.4,107.286,14.3339
5/1/2014,102.3836,15120.855,101.7672,95.6395,76.2447,4747.0,0.481488995,6.3,34.4,2586.0,2357.0,4785.0,1425.0,313800,19117,836.6,12120,41.4,4.6,1007.0,557.0,193.0,1018.0,115.0,511.0,228.0,1.3,2785.3,157.5268832,1.957733834,19.26329861,0.09,0.02,-0.06,0.01,1.5,1.6842,1.0894,195.6,106.893,12.2317
6/1/2014,102.735,15177.06,101.728,93.4713,76.5649,4982.0,0.526638478,6.1,33.9,2417.0,2427.0,4619.0,1503.0,313500,19172,841.2,12146,41.5,4.5,911.0,388.0,229.0,1010.0,115.0,475.0,222.0,1.31,2817.2,157.9585904,1.919787991,19.634156,0.1,0.01,-0.06,0.0,1.58,1.6908,1.083,197.6,106.762,11.4496
7/1/2014,102.9632,15218.177,102.0783,94.3744,76.9794,4846.0,0.504371357,6.2,32.7,2601.0,2412.0,4613.0,1477.0,301750,19240,845.4,12165,41.5,4.4,1085.0,526.0,264.0,1076.0,124.0,520.0,252.0,1.3,2837.3,158.3798679,1.913232984,19.733648,0.09,0.04,-0.06,0.02,1.61,1.7066,1.0739,201.0,106.748,12.0922
8/1/2014,102.7688,15295.125,101.5855,92.8592,76.5958,5349.0,0.557245546,6.1,32.0,2620.0,2389.0,4464.0,1506.0,302000,19291,847.0,12182,41.5,4.4,984.0,479.0,207.0,1047.0,121.0,544.0,215.0,1.31,2787.0,158.6246881,1.943380932,19.486049,0.09,0.04,-0.06,0.02,1.54,1.67,1.0926,203.2,106.601,13.3254
9/1/2014,103.0641,15348.309,101.7889,91.8762,76.6653,4914.0,0.530554956,5.9,31.9,2365.0,2560.0,4386.0,1438.0,295000,19347,851.7,12201,41.6,4.5,1023.0,508.0,240.0,1077.0,132.0,534.0,241.0,1.31,2861.2,159.0462491,1.9310366,19.620415,0.09,0.03,-0.07,0.02,1.68,1.629,1.1011,201.5,106.441,13.4618
10/1/2014,103.0764,15426.259,101.7776,90.6242,76.6657,5012.0,0.557508343,5.7,32.3,2494.0,2300.0,4292.0,1400.0,288750,19391,846.6,12233,41.6,4.4,1074.0,598.0,220.0,1094.0,117.0,543.0,280.0,1.32,2880.4,158.8023465,2.0031625,18.961663,0.09,0.03,-0.07,0.01,1.46,1.6074,1.1212,194.5,106.328,18.2073
11/1/2014,103.7126,15514.307,103.0259,90.8486,77.2751,4843.0,0.532783278,5.8,32.7,2474.0,2403.0,4228.0,1400.0,291600,19431,845.8,12260,41.6,4.5,1001.0,455.0,272.0,1059.0,134.0,512.0,270.0,1.34,2888.2,159.0615231,1.9135238,20.009116,0.09,0.04,-0.07,0.04,1.53,1.5771,1.1325,194.7,105.817,13.4181
12/1/2014,103.7044,15620.73,102.6016,93.1,77.2028,5130.0,0.58850522,5.6,32.7,2370.0,2320.0,4069.0,1270.0,284500,19454,842.8,12266,41.6,4.5,1073.0,494.0,294.0,1072.0,94.0,574.0,235.0,1.35,2955.8,159.6581739,1.9199034,20.153424,0.12,0.03,-0.09,0.09,1.52,1.5644,1.1532,193.7,105.262,16.1928
1/1/2015,102.8905,15758.015,102.1872,92.5039,76.8495,5344.0,0.60146314,5.7,32.0,2393.0,2319.0,4151.0,1377.0,287600,19473,834.7,12265,41.5,4.5,1085.0,533.0,305.0,1049.0,116.0,523.0,270.0,1.38,2955.6,160.1290825,1.9671167,19.969474,0.11,0.05,-0.08,0.09,1.26,1.5142,1.2122,187.9,104.93,19.037
2/1/2015,102.2335,15815.476,101.4172,92.6236,76.373,5466.0,0.635655309,5.5,31.2,2392.0,2238.0,3991.0,1333.0,301250,19511,822.8,12275,41.4,4.4,886.0,504.0,239.0,1127.0,90.0,592.0,284.0,1.39,3025.2,160.1934521,1.9380143,20.39658464,0.11,0.04,-0.09,0.11,1.36,1.5329,1.2499,187.2,105.164,15.8675
3/1/2015,101.8914,15786.489,101.5436,92.2497,76.7408,5210.0,0.611861421,5.4,30.5,2444.0,2304.0,3787.0,1245.0,284000,19480,806.9,12286,41.2,4.3,960.0,515.0,199.0,1072.0,125.0,526.0,268.0,1.38,3001.2,161.2749265,1.9620287,20.25997839,0.11,0.03,-0.08,0.14,1.41,1.4958,1.2618,181.8,105.051,14.7123
4/1/2015,101.3355,15833.624,100.8979,92.6484,76.8166,5598.0,0.654736842,5.4,30.9,2716.0,2345.0,3651.0,1091.0,286000,19527,791.6,12291,41.2,4.3,1190.0,519.0,309.0,1166.0,193.0,561.0,265.0,1.38,3002.7,161.5789157,1.9628997,20.38867241,0.12,0.01,-0.1,0.11,1.23,1.4968,1.2337,182.1,105.212,13.5328
5/1/2015,100.8883,15866.779,100.7304,91.0784,76.921,5563.0,0.629726058,5.6,30.7,2471.0,2510.0,3759.0,1256.0,274000,19556,770.4,12306,41.1,4.3,1079.0,513.0,275.0,1272.0,287.0,546.0,264.0,1.38,2978.3,161.8250992,1.9617035,20.510563,0.12,0.03,-0.1,0.12,1.42,1.5456,1.2176,185.7,105.137,13.1924
6/1/2015,100.571,15873.338,100.4841,91.0211,76.6945,5248.0,0.636352613,5.3,28.4,2309.0,2396.0,3560.0,1398.0,273750,19565,765.3,12307,41.2,4.4,1205.0,552.0,288.0,1379.0,281.0,608.0,305.0,1.38,3014.8,162.7851095,1.9882913,20.415111,0.13,0.05,-0.11,0.15,1.55,1.5576,1.2365,179.3,104.971,14.5708
7/1/2015,101.2228,15899.39,101.2406,92.4796,77.3337,6056.0,0.741520754,5.2,28.1,2574.0,2222.0,3389.0,1261.0,277750,19602,754.0,12323,41.2,4.3,1146.0,551.0,268.0,1140.0,118.0,570.0,277.0,1.38,3035.1,163.2038083,2.0054374,20.502192,0.13,0.06,-0.1,0.17,1.5,1.556,1.2863,172.8,104.672,14.6217
8/1/2015,101.0367,15930.975,101.3551,93.142,77.1158,5467.0,0.684059059,5.1,28.4,2073.0,2329.0,3454.0,1283.0,275200,19602,740.5,12318,41.3,4.3,1130.0,622.0,244.0,1165.0,115.0,583.0,293.0,1.4,3014.3,163.7021903,2.0713738,20.176149,0.14,0.12,-0.07,0.24,1.4,1.5578,1.3147,166.1,104.311,19.9964
9/1/2015,100.7547,15973.484,100.8678,94.8052,76.926,5488.0,0.694068547,5.0,25.7,2364.0,2274.0,3332.0,1234.0,269500,19614,727.9,12326,41.2,4.2,1224.0,653.0,302.0,1144.0,117.0,568.0,281.0,1.4,3038.0,164.8745692,2.1862673,19.472876,0.14,0.13,-0.12,0.23,1.35,1.5338,1.3266,168.4,104.428,24.2515
10/1/2015,100.2675,16012.028,100.5541,94.5167,76.827,5773.0,0.728730119,5.0,27.5,2372.0,2277.0,3342.0,1212.0,267000,19651,717.8,12334,41.3,4.3,1058.0,518.0,237.0,1160.0,127.0,597.0,263.0,1.41,3017.9,165.3697027,2.1139432,20.548919,0.12,0.13,-0.1,0.14,1.27,1.5343,1.3072,168.9,104.143,16.4927
11/1/2015,99.5298,16009.52,100.1095,94.6561,76.6246,5708.0,0.7135,5.1,27.9,2382.0,2296.0,3347.0,1273.0,268500,19682,703.5,12329,41.2,4.2,1172.0,607.0,272.0,1244.0,123.0,613.0,303.0,1.41,3074.6,166.0423761,2.0713377,21.443582,0.12,0.18,0.0,0.36,1.55,1.5194,1.3279,160.4,103.808,16.177
12/1/2015,99.0417,16077.429,99.5479,93.6598,76.4118,5845.0,0.739218414,5.0,27.9,2399.0,2191.0,3359.0,1232.0,271000,19709,694.5,12333,41.3,4.2,1146.0,586.0,241.0,1211.0,172.0,609.0,258.0,1.43,3106.3,159.6934314,2.1123812,21.541235,0.24,0.3,-0.01,0.41,1.46,1.4981,1.3713,158.7,103.573,18.3855
1/1/2016,99.5607,16098.568,100.1813,94.8308,76.6964,6012.0,0.788252262,4.8,29.1,2166.0,2290.0,3217.0,1136.0,279600,19717,679.8,12354,41.4,4.3,1092.0,557.0,246.0,1171.0,87.0,571.0,315.0,1.43,3107.2,160.3109101,2.270058,20.38161,0.34,0.23,-0.08,0.2,1.18,1.4392,1.4208,157.1,103.528,23.5714
2/1/2016,99.0445,16107.427,99.7764,98.7491,76.4063,5770.0,0.749156063,4.9,29.4,2235.0,2187.0,3313.0,1163.0,266750,19687,657.8,12337,41.1,4.3,1225.0,625.0,309.0,1172.0,125.0,568.0,302.0,1.43,3142.5,161.2463847,2.295537,20.5080993,0.38,0.16,-0.07,0.15,0.84,1.429,1.3797,163.6,103.402,22.5028
3/1/2016,98.3096,16106.421,99.0723,99.4445,76.3208,6129.0,0.769878156,5.0,28.3,2419.0,2168.0,3379.0,1148.0,263250,19682,638.6,12313,41.0,4.3,1111.0,537.0,260.0,1118.0,98.0,573.0,263.0,1.43,3157.8,161.9020774,2.1701822,21.97261893,0.36,0.19,-0.07,0.3,1.02,1.4249,1.3226,168.6,103.078,15.6595
4/1/2016,98.6421,16081.685,99.5584,97.4237,76.2043,5803.0,0.71935044,5.1,27.9,2594.0,2132.0,3357.0,1209.0,266000,19705,626.6,12325,41.1,4.3,1163.0,601.0,236.0,1160.0,111.0,577.0,285.0,1.43,3200.1,162.5796763,2.123462,22.72964724,0.37,0.18,-0.14,0.19,0.89,1.4319,1.2818,167.8,103.45,14.216
5/1/2016,98.4184,16074.046,99.3129,98.0203,76.1095,5777.0,0.754966022,4.8,26.9,2264.0,2264.0,3022.0,1096.0,274500,19659,615.5,12303,41.1,4.2,1148.0,597.0,277.0,1205.0,106.0,587.0,334.0,1.43,3236.8,163.3174302,2.143093,22.78493467,0.37,0.2,-0.1,0.22,0.93,1.4524,1.2945,168.7,103.112,14.7401
6/1/2016,98.8833,16090.905,99.7744,99.9997,76.2442,5742.0,0.741477273,4.9,28.0,2396.0,2195.0,3103.0,1117.0,265250,19679,605.5,12321,41.2,4.3,1203.0,591.0,305.0,1208.0,118.0,613.0,302.0,1.41,3242.5,163.6542487,2.13351,23.13698725,0.38,0.17,-0.11,0.17,0.79,1.4197,1.2894,170.2,102.49,18.5502
7/1/2016,98.9992,16159.383,99.8553,100.2767,76.2506,5962.0,0.780264363,4.8,27.8,2203.0,2282.0,3165.0,1222.0,259400,19729,601.2,12342,41.3,4.3,1239.0,643.0,305.0,1198.0,110.0,614.0,278.0,1.42,3242.1,163.7715036,2.07780725,24.09668975,0.39,0.23,-0.09,0.12,0.68,1.3134,1.3052,174.8,102.153,13.0704
8/1/2016,98.85,16177.334,99.7564,101.0484,75.904,5677.0,0.729316547,4.9,27.2,2285.0,2352.0,3063.0,1094.0,263500,19702,596.4,12319,41.1,4.3,1171.0,572.0,295.0,1201.0,125.0,593.0,293.0,1.42,3310.8,164.4742337,2.065455215,24.4730789,0.4,0.33,-0.1,0.17,0.73,1.3101,1.2998,174.4,101.912,12.2931
9/1/2016,98.7457,16215.456,99.6543,101.6895,76.0291,5868.0,0.737834779,5.0,26.5,2600.0,2288.0,3117.0,1184.0,251500,19730,594.7,12317,41.2,4.3,1068.0,543.0,279.0,1303.0,152.0,626.0,340.0,1.41,3319.6,164.8413292,2.086954104,24.37261713,0.4,0.35,-0.11,0.19,0.78,1.314,1.3108,173.0,101.825,14.1336
10/1/2016,98.7611,16243.304,99.4284,100.3706,76.0921,5591.0,0.715785431,4.9,26.6,2434.0,2273.0,3136.0,1190.0,255800,19759,593.5,12316,41.3,4.4,1313.0,621.0,339.0,1254.0,120.0,595.0,343.0,1.41,3332.0,165.1086697,2.111661736,24.24287799,0.4,0.32,-0.07,0.26,0.87,1.233,1.3251,175.7,101.603,14.5743
11/1/2016,98.3491,16286.542,98.9559,100.8491,76.0292,5971.0,0.790546803,4.7,25.9,2404.0,2163.0,2973.0,1108.0,245750,19781,596.8,12311,41.3,4.3,1140.0,579.0,265.0,1230.0,116.0,598.0,331.0,1.42,3347.1,165.3764124,2.100548578,24.52572996,0.41,0.3,0.04,0.33,1.19,1.2432,1.3434,181.3,100.88,14.994
12/1/2016,99.0214,16334.247,99.8083,100.8588,76.0673,5964.0,0.792979657,4.7,26.3,2354.0,2117.0,3101.0,1241.0,252200,19789,596.4,12324,41.1,4.2,1252.0,555.0,386.0,1248.0,118.0,612.0,336.0,1.39,3345.4,165.3848392,2.034157828,25.36238663,0.54,0.33,-0.03,0.33,1.42,1.2483,1.3339,179.3,100.611,12.3985
1/1/2017,98.7611,16383.236,99.224,100.1604,76.2213,5617.0,0.752142475,4.7,25.3,2424.0,2034.0,3063.0,1197.0,244000,19821,597.8,12334,41.1,4.1,1190.0,653.0,225.0,1303.0,147.0,665.0,293.0,1.39,3399.1,165.0907938,2.018648101,25.38653551,0.65,0.25,-0.14,0.18,1.27,1.2367,1.3183,181.2,101.088,11.6213
2/1/2017,98.3646,16431.536,98.4992,100.1081,76.1845,5923.0,0.80268329,4.6,25.5,2511.0,2129.0,2835.0,1032.0,230250,19887,605.7,12350,41.2,4.2,1271.0,645.0,333.0,1234.0,108.0,610.0,275.0,1.39,3409.9,165.0427916,1.980906272,25.72972982,0.66,0.21,-0.14,0.16,1.24,1.2495,1.3109,186.6,101.059,11.4539
3/1/2017,99.0137,16491.77,98.9357,100.7606,75.9999,5811.0,0.821575004,4.4,25.1,2327.0,2071.0,2702.0,1024.0,233750,19923,610.1,12361,41.0,4.2,1190.0,635.0,297.0,1272.0,133.0,636.0,318.0,1.39,3455.8,165.180231,1.95959135,25.8888408,0.79,0.19,-0.05,0.22,1.22,1.2347,1.3387,185.1,100.709,11.7747
4/1/2017,100.0224,16521.43,100.1519,101.1634,76.9785,6091.0,0.859218508,4.4,24.1,2324.0,2070.0,2688.0,979.0,227800,19952,618.7,12367,41.2,4.3,1146.0,555.0,302.0,1251.0,125.0,600.0,335.0,1.39,3454.5,165.2632035,1.977696869,25.45676009,0.9,0.13,-0.1,0.14,0.92,1.2639,1.3437,188.1,100.574,13.1576
5/1/2017,100.1408,16626.085,100.3353,101.9848,76.962,5826.0,0.832285714,4.4,24.7,2116.0,1970.0,2796.0,1075.0,239000,19982,624.2,12377,41.3,4.4,1157.0,583.0,325.0,1208.0,123.0,594.0,316.0,1.4,3517.8,164.8771517,1.959630117,25.52454652,0.91,0.14,-0.02,0.21,0.93,1.2929,1.3606,185.5,100.377,10.7091
6/1/2017,100.3471,16642.946,100.1863,101.4723,77.119,6305.0,0.917357777,4.3,24.6,2321.0,1924.0,2570.0,916.0,248000,20029,627.5,12390,41.3,4.3,1249.0,538.0,339.0,1353.0,107.0,660.0,366.0,1.4,3525.5,165.2650482,1.940024404,25.58584297,1.04,0.12,-0.06,0.16,0.73,1.281,1.3295,186.6,100.109,10.4414
7/1/2017,100.1068,16698.803,99.9467,100.3323,76.9178,6238.0,0.905107371,4.3,24.6,2075.0,2026.0,2738.0,1018.0,250800,20038,630.6,12390,41.2,4.4,1206.0,619.0,307.0,1256.0,120.0,640.0,317.0,1.4,3546.3,165.4472402,1.9370305,25.46526452,1.15,0.07,-0.08,0.07,0.72,1.2996,1.269,187.4,99.759,10.2381
8/1/2017,99.6925,16729.216,99.8416,98.8528,76.8894,6276.0,0.886190342,4.4,24.0,2258.0,2065.0,2794.0,1107.0,247750,20120,634.2,12435,41.3,4.4,1159.0,577.0,305.0,1319.0,118.0,630.0,382.0,1.4,3581.8,165.3195384,1.9482511,25.066911,1.16,0.09,-0.15,0.07,0.62,1.2952,1.2608,196.2,99.514,11.9212
9/1/2017,99.7954,16774.796,100.1235,95.5077,77.0102,6320.0,0.922089291,4.3,26.1,2245.0,1905.0,2707.0,1024.0,272400,20141,635.8,12443,41.1,4.4,1181.0,557.0,332.0,1273.0,129.0,605.0,344.0,1.38,3563.6,164.7963543,1.9323342,24.967327,1.15,0.1,-0.12,0.13,0.65,1.334,1.2279,200.1,99.171,10.4955
10/1/2017,101.0247,16841.324,100.8292,99.961,77.9179,6408.0,0.95641791,4.2,26.2,2126.0,1961.0,2534.0,925.0,242250,20174,637.7,12457,41.3,4.5,1257.0,617.0,291.0,1356.0,124.0,655.0,381.0,1.37,3603.9,164.8303116,1.8937557,25.288407,1.15,0.11,-0.08,0.25,0.83,1.3202,1.2607,201.6,99.471,10.0785
11/1/2017,101.2664,16883.564,100.8462,100.4352,78.0466,6271.0,0.925745498,4.2,25.7,2278.0,1886.0,2576.0,987.0,247750,20231,642.1,12472,41.5,4.5,1273.0,653.0,346.0,1299.0,115.0,646.0,354.0,1.36,3622.0,164.9611996,1.8767921,25.331522,1.16,0.16,0.07,0.4,0.89,1.3217,1.2773,199.0,99.185,10.5077
12/1/2017,101.4644,16919.258,101.0804,99.2614,77.9264,6336.0,0.955367913,4.1,24.2,2237.0,1966.0,2448.0,932.0,242600,20286,644.3,12501,41.2,4.4,1177.0,570.0,356.0,1311.0,138.0,606.0,349.0,1.35,3612.6,164.9614244,1.8364773,25.740683,1.3,0.24,0.02,0.4,0.88,1.3404,1.2769,195.3,98.985,10.234
1/1/2018,101.4625,16938.615,101.2039,98.3961,77.7567,6621.0,1.020342117,4.0,24.2,2214.0,1895.0,2418.0,952.0,235250,20318,648.3,12527,41.1,4.5,1299.0,680.0,370.0,1317.0,104.0,673.0,370.0,1.37,3659.1,164.8075961,1.7666738,26.521981,1.41,0.22,0.0,0.39,0.97,1.3824,1.2429,204.3,99.324,10.987
2/1/2018,101.7085,16963.881,101.3201,96.5719,78.4742,6552.0,0.995593375,4.1,22.9,2469.0,1893.0,2306.0,873.0,221000,20442,657.1,12551,41.6,4.7,1277.0,610.0,386.0,1321.0,136.0,639.0,364.0,1.37,3621.3,165.0074407,1.8351348,25.334837,1.42,0.36,0.15,0.54,1.18,1.3961,1.2588,205.0,99.039,22.5922
3/1/2018,102.2067,17008.963,101.4381,97.5772,78.4626,6818.0,1.053461063,4.0,24.0,2303.0,2002.0,2140.0,795.0,225800,20484,664.6,12576,41.6,4.6,1318.0,622.0,395.0,1385.0,128.0,676.0,381.0,1.36,3667.4,164.8833109,1.8499539,25.001027,1.51,0.57,0.19,0.55,1.12,1.3976,1.2933,202.9,98.908,18.8985
4/1/2018,103.3329,17028.008,102.7902,97.8069,79.0447,6877.0,1.0647159,4.0,22.5,2142.0,1994.0,2263.0,888.0,221500,20529,671.3,12595,41.7,4.8,1276.0,674.0,343.0,1378.0,103.0,742.0,339.0,1.36,3664.0,164.9755285,1.8966472,24.210712,1.69,0.51,0.07,0.46,1.01,1.4079,1.2732,205.5,99.09,18.2708
5/1/2018,102.4024,17072.967,101.1808,97.4033,78.4247,7016.0,1.132343447,3.8,21.1,1997.0,1942.0,2167.0,935.0,221250,20623,675.4,12623,41.6,4.5,1357.0,658.0,351.0,1338.0,149.0,642.0,334.0,1.34,3655.7,165.0616005,1.8752614,24.29129,1.7,0.46,0.16,0.57,1.12,1.347,1.2866,206.9,98.91,14.1243
6/1/2018,103.198,17140.662,102.0274,98.2512,78.9473,7230.0,1.121451838,4.0,20.8,2269.0,1865.0,2285.0,881.0,222600,20678,681.4,12656,41.6,4.5,1192.0,571.0,350.0,1345.0,121.0,701.0,344.0,1.35,3655.9,164.5185975,1.8512535,24.46181,1.82,0.37,0.08,0.51,0.96,1.3294,1.3125,208.1,98.532,13.5986
7/1/2018,103.3646,17219.586,101.9203,97.6908,79.0213,7190.0,1.160613398,3.8,23.1,1968.0,1804.0,2422.0,1006.0,209500,20724,680.6,12676,41.6,4.5,1208.0,635.0,290.0,1334.0,135.0,686.0,325.0,1.35,3679.5,164.2832558,1.8413253,24.528192,1.91,0.26,0.05,0.48,0.87,1.3162,1.3133,197.0,98.613,13.2849
8/1/2018,104.0327,17282.357,102.4019,98.9566,79.2129,7208.0,1.170890188,3.8,22.4,2241.0,1730.0,2282.0,995.0,208500,20772,687.5,12688,41.4,4.5,1288.0,669.0,335.0,1273.0,113.0,645.0,321.0,1.35,3686.3,164.3946909,1.8157197,24.770053,1.91,0.28,0.12,0.54,0.86,1.2878,1.3042,191.9,98.351,12.5651
9/1/2018,104.1004,17275.742,102.3139,99.4239,79.2511,7411.0,1.220319447,3.7,24.2,2074.0,1731.0,2288.0,936.0,205200,20823,689.4,12710,41.2,4.5,1250.0,567.0,365.0,1314.0,105.0,688.0,342.0,1.36,3694.8,164.6810462,1.8038939,24.78239,1.95,0.29,0.18,0.61,0.94,1.3066,1.3034,191.9,98.124,12.845
10/1/2018,103.9856,17300.819,102.2128,100.6113,78.9436,7304.0,1.175978103,3.8,23.1,2055.0,1840.0,2268.0,920.0,213000,20861,691.5,12731,41.3,4.5,1221.0,605.0,334.0,1272.0,139.0,626.0,323.0,1.36,3722.9,164.8416405,1.8959167,23.401653,2.19,0.18,0.06,0.46,0.81,1.3012,1.3004,190.7,98.174,19.7307
11/1/2018,104.0681,17339.645,101.9801,100.6524,78.747,7594.0,1.241864268,3.8,22.1,2168.0,1807.0,2131.0,904.0,225250,20861,686.6,12741,41.2,4.5,1181.0,648.0,278.0,1340.0,130.0,709.0,324.0,1.37,3697.3,165.1611906,1.9565002,22.633748,2.2,0.36,0.13,0.5,0.75,1.29,1.3205,188.3,98.271,19.3379
12/1/2018,104.0936,17538.653,101.9889,101.4468,79.0103,7489.0,1.172170919,3.9,21.9,2149.0,2033.0,2240.0,934.0,224600,20900,693.5,12761,41.4,4.5,1095.0,624.0,233.0,1317.0,117.0,708.0,354.0,1.4,3761.0,163.953416,2.0936311,21.107893,2.27,0.42,0.1,0.39,0.41,1.2664,1.3436,189.2,98.259,25.1541
1/1/2019,103.4021,17612.196,101.2723,103.4942,78.3218,7502.0,1.158610039,4.0,20.5,2336.0,1980.0,2168.0,881.0,222750,20960,695.6,12790,41.6,4.4,1226.0,678.0,280.0,1254.0,135.0,619.0,322.0,1.41,3754.1,164.0662701,2.0766616,21.10153,2.4,0.19,-0.03,0.18,0.14,1.2901,1.33,187.3,98.627,19.4215
2/1/2019,102.8371,17652.296,100.8,100.7671,77.8923,7066.0,1.151564537,3.8,21.8,2252.0,1772.0,2177.0,894.0,222500,20920,694.8,12782,40.9,4.4,1121.0,639.0,244.0,1286.0,140.0,681.0,281.0,1.41,3762.3,163.9585945,1.97989493,21.91166197,2.4,0.09,-0.01,0.15,0.09,1.3016,1.3209,192.2,98.562,15.0976
3/1/2019,102.8757,17683.871,100.8592,101.2929,77.7067,7317.0,1.179780716,3.8,22.2,2174.0,1862.0,2170.0,906.0,211800,20955,693.6,12788,41.2,4.4,1191.0,655.0,324.0,1295.0,127.0,672.0,325.0,1.4,3738.4,163.9150368,1.95935777,21.9098888,2.41,0.07,0.0,0.09,-0.03,1.3167,1.3371,192.8,98.197,14.5147
4/1/2019,102.274,17673.034,99.7186,100.538,77.2434,7272.0,1.219929542,3.7,22.5,1966.0,1875.0,2013.0,783.0,209750,20992,691.1,12785,41.1,4.3,1272.0,657.0,317.0,1322.0,141.0,652.0,341.0,1.41,3789.9,164.1131944,1.90508988,22.32612468,2.42,0.05,-0.04,0.0,-0.09,1.3029,1.3378,192.1,97.869,12.7691
5/1/2019,102.392,17679.59,99.9127,100.341,77.2603,7275.0,1.226812816,3.6,24.0,2114.0,1550.0,2083.0,784.0,218500,20994,689.7,12778,41.0,4.2,1293.0,722.0,327.0,1347.0,107.0,712.0,353.0,1.41,3789.2,164.5747677,1.95109777,21.69984049,2.39,0.05,-0.04,-0.05,-0.2,1.2855,1.346,186.8,97.832,16.5037
6/1/2019,102.4375,17707.372,100.2537,99.2047,77.6047,7194.0,1.212131424,3.6,21.6,1889.0,1805.0,2168.0,835.0,225200,21023,686.1,12787,41.2,4.2,1243.0,635.0,315.0,1299.0,128.0,655.0,337.0,1.42,3832.1,164.9416387,1.940275996,21.78981816,2.38,-0.08,-0.21,-0.38,-0.56,1.2675,1.3289,186.9,98.148,15.8726
7/1/2019,101.9408,17701.297,99.727,98.7441,77.0847,7042.0,1.16185448,3.7,19.6,2110.0,1831.0,2125.0,898.0,208500,21044,679.9,12790,40.9,4.2,1240.0,637.0,331.0,1379.0,137.0,699.0,367.0,1.42,3862.5,165.47757,1.884380568,22.3992981,2.4,-0.18,-0.3,-0.44,-0.57,1.2461,1.3105,188.1,97.475,13.309
8/1/2019,102.639,17779.85,100.2005,98.5773,77.6077,7178.0,1.207401178,3.6,21.9,2268.0,1710.0,2104.0,847.0,211000,21038,670.0,12789,41.1,4.2,1375.0,712.0,304.0,1482.0,165.0,774.0,349.0,1.42,3847.1,165.4868232,1.961660992,21.56777456,2.13,-0.07,-0.17,-0.35,-0.63,1.216,1.3273,187.2,97.304,19.4147
9/1/2019,102.2917,17812.342,99.4571,95.471,77.028,7124.0,1.238310447,3.5,22.5,1849.0,1743.0,2184.0,846.0,209500,21051,668.3,12787,41.3,4.2,1311.0,716.0,313.0,1469.0,135.0,773.0,379.0,1.43,3894.0,165.7242508,1.918746035,22.12974745,2.04,-0.01,-0.16,-0.25,-0.49,1.2369,1.3241,189.8,97.33,15.7324
10/1/2019,101.4281,17847.211,98.9116,94.0036,76.426,7289.0,1.241526146,3.6,22.4,1922.0,1760.0,2206.0,915.0,212250,21003,666.2,12733,41.0,4.1,1325.0,677.0,352.0,1523.0,171.0,793.0,377.0,1.44,3926.3,165.8716768,1.933048548,22.04233269,1.83,0.05,-0.18,-0.22,-0.31,1.2657,1.3189,186.3,97.295,15.0714
11/1/2019,101.9372,17908.82,99.9043,93.1336,77.0781,6888.0,1.173824131,3.6,20.3,2067.0,1721.0,2096.0,887.0,224400,21023,655.0,12777,40.9,4.1,1353.0,731.0,340.0,1535.0,172.0,769.0,383.0,1.43,3942.6,165.7214933,1.864791655,22.9720518,1.55,0.22,-0.01,0.02,0.09,1.2884,1.3237,188.0,97.018,12.3952
12/1/2019,101.7003,17826.208,99.7409,91.3079,77.2042,6699.0,1.144541261,3.6,20.7,2090.0,1784.0,2016.0,829.0,236000,20980,644.7,12760,40.8,4.1,1548.0,781.0,402.0,1443.0,146.0,724.0,371.0,1.43,4003.6,166.7313386,1.833320492,23.48367682,1.55,0.21,-0.01,0.0,0.13,1.3109,1.3169,188.7,96.572,13.6104
1/1/2020,101.0338,17999.946,98.9664,90.9997,77.0311,7124.0,1.213835406,3.6,21.9,2050.0,1752.0,2063.0,887.0,215500,20999,631.2,12745,40.8,3.9,1581.0,778.0,430.0,1495.0,171.0,741.0,371.0,1.43,3989.3,164.5801676,1.790214652,24.07985146,1.55,0.1,-0.03,-0.02,0.01,1.3076,1.3089,191.9,96.613,14.0517
2/1/2020,101.3735,18077.882,99.5745,87.6811,77.2279,6966.0,1.210846515,3.5,20.6,2088.0,1780.0,1898.0,789.0,210200,21037,636.1,12743,40.9,4.0,1549.0,872.0,367.0,1455.0,131.0,759.0,371.0,1.43,4001.1,164.1657136,1.804335255,24.07544499,1.58,0.01,-0.06,-0.17,-0.26,1.2953,1.3286,188.4,97.008,19.6207
3/1/2020,97.4078,17829.921,94.7812,79.4061,73.7382,5894.0,0.817929503,4.4,17.0,3422.0,1845.0,1924.0,784.0,2335250,20903,630.3,12684,40.7,3.9,1266.0,712.0,317.0,1346.0,113.0,732.0,340.0,1.51,4266.0,167.136994,2.246295677,19.68147029,0.65,0.7,-0.34,-0.3,-0.04,1.2369,1.396,187.0,96.707,58.0813
4/1/2020,84.5619,19985.052,82.1572,66.3702,62.5589,4606.0,0.199532144,14.8,7.2,14263.0,7066.0,1692.0,782.0,4663250,18523,572.6,11382,38.6,2.7,936.0,576.0,175.0,1076.0,65.0,616.0,251.0,1.74,4804.3,149.3957272,2.158373287,20.89260777,0.05,,0.09,0.13,0.34,1.242,1.4048,180.9,96.01,40.7369
5/1/2020,85.9604,19138.808,85.2488,67.9125,65.3028,5612.0,0.26814468,13.2,10.5,3867.0,14806.0,2208.0,1061.0,2173400,19209,548.6,11610,39.5,3.1,1039.0,511.0,316.0,1250.0,104.0,682.0,293.0,1.56,16231.5,156.2836598,2.042970318,22.43099705,0.05,0.12,0.08,0.11,0.29,1.2302,1.3972,182.3,96.02,30.2692
6/1/2020,91.5934,19132.418,91.2401,71.9805,70.4285,6129.0,0.34721278,11.0,14.4,2909.0,11522.0,3272.0,1917.0,1490250,19688,533.4,11950,39.8,3.3,1266.0,649.0,293.0,1334.0,135.0,697.0,307.0,1.42,16554.5,156.8182432,1.922271119,24.19068873,0.08,0.12,0.08,0.1,0.26,1.2523,1.3552,189.9,95.685,31.207
7/1/2020,95.0256,19315.344,94.7418,75.3448,73.0801,6530.0,0.39933953,10.2,17.0,3140.0,5145.0,8011.0,6468.0,1383500,19738,523.1,11973,40.3,3.7,1526.0,866.0,316.0,1546.0,150.0,777.0,375.0,1.37,16761.7,155.7892275,1.851944749,25.47778751,0.09,0.09,0.04,0.06,0.19,1.2701,1.3497,197.1,96.266,26.6013
8/1/2020,95.9549,18687.291,95.8774,76.7367,74.3046,6429.0,0.477601961,8.4,19.9,2316.0,3105.0,8137.0,6506.0,922400,19786,515.8,11999,40.6,3.7,1396.0,710.0,347.0,1533.0,120.0,836.0,379.0,1.36,16879.5,160.8622062,1.743270111,27.52790727,0.1,0.05,0.01,0.04,0.18,1.3143,1.3229,203.8,97.195,22.8791
9/1/2020,95.9669,18807.121,95.3774,76.4402,74.4348,6511.0,0.518639478,7.8,21.5,2557.0,2735.0,7362.0,4918.0,851750,19871,514.5,12057,40.4,3.9,1473.0,774.0,359.0,1636.0,171.0,861.0,385.0,1.36,17159.2,160.1860478,1.748617102,27.97521576,0.09,0.04,0.02,0.04,0.18,1.2947,1.323,204.7,97.259,27.5874
10/1/2020,96.7394,18795.411,96.177,76.1291,75.295,6798.0,0.613981214,6.9,22.0,2480.0,2342.0,6216.0,2625.0,795400,19943,509.7,12086,40.7,4.0,1543.0,852.0,392.0,1613.0,147.0,856.0,389.0,1.36,17360.5,160.5764739,1.71584497,29.14238201,0.09,0.03,0.01,0.04,0.25,1.298,1.3218,205.5,97.497,29.4362
11/1/2020,97.0816,18640.614,96.3189,75.6376,75.7534,6820.0,0.637740789,6.7,23.3,2491.0,2440.0,5810.0,1886.0,751250,19993,507.3,12118,40.8,4.1,1543.0,791.0,409.0,1703.0,165.0,904.0,401.0,1.36,17618.5,162.1967065,1.64748815,31.15296378,0.09,0.07,0.0,0.03,0.3,1.3198,1.3073,206.1,97.619,24.3898
12/1/2020,98.363,18677.122,97.9149,77.7962,76.3888,6773.0,0.628876509,6.7,23.2,2913.0,2344.0,5541.0,1574.0,836750,20067,509.3,12153,40.9,4.2,1614.0,816.0,442.0,1752.0,149.0,900.0,446.0,1.34,17827.9,161.8125801,1.57710303,33.46935364,0.09,0.08,0.0,0.01,0.3,1.3434,1.2809,215.9,97.888,22.3826
1/1/2021,98.8822,20562.164,98.4113,80.7478,77.1897,7204.0,0.703790543,6.4,25.9,2287.0,2472.0,5381.0,1349.0,827800,20046,494.8,12145,41.1,4.2,1630.0,805.0,404.0,1855.0,186.0,944.0,481.0,1.31,18088.5,146.8899836,1.530509846,35.48044828,0.09,0.05,-0.01,0.01,0.36,1.3641,1.2725,218.3,97.88,25.5982
2/1/2021,95.6149,19073.36,95.8417,74.9713,74.1452,7752.0,0.775587794,6.2,27.5,2197.0,2212.0,5523.0,1380.0,755000,20011,491.1,12179,40.4,4.1,1404.0,751.0,419.0,1711.0,173.0,866.0,429.0,1.34,18349.1,158.5897706,1.489624088,36.93065391,0.08,0.03,-0.04,-0.01,0.46,1.3867,1.2696,222.5,97.935,22.5607
3/1/2021,98.3856,22918.422,97.8167,84.5174,76.4953,8470.0,0.868183682,6.1,29.6,2177.0,1972.0,5566.0,1395.0,669250,20185,507.1,12232,41.1,4.1,1696.0,882.0,383.0,1756.0,156.0,934.0,430.0,1.28,18607.9,131.9116698,1.473808089,37.20013788,0.07,0.03,-0.04,0.01,0.75,1.3863,1.2569,228.7,98.248,21.468
4/1/2021,98.5587,19859.6,97.4366,87.3513,76.6806,9356.0,0.958410162,6.1,28.4,2411.0,1986.0,5322.0,1240.0,589000,20147,507.8,12191,41.1,4.1,1495.0,787.0,377.0,1721.0,176.0,900.0,421.0,1.26,18969.5,152.2432879,1.393580055,38.80193463,0.07,0.04,-0.05,-0.01,0.79,1.3845,1.2494,235.4,99.729,17.1684
5/1/2021,99.4333,19385.541,98.2383,88.4074,77.5331,9905.0,1.068961796,5.8,29.6,1997.0,2181.0,5003.0,1296.0,469200,20164,510.6,12219,40.9,4.2,1589.0,804.0,379.0,1703.0,151.0,921.0,407.0,1.27,19257.9,156.290839,1.386514167,38.05327612,0.06,0.04,-0.04,-0.01,0.76,1.4084,1.2125,257.2,101.369,19.1336
6/1/2021,99.7987,19316.247,98.2672,90.0475,77.5677,10298.0,1.088353414,5.9,32.0,2001.0,2177.0,5315.0,1327.0,409750,20201,513.0,12249,40.6,4.0,1650.0,863.0,441.0,1654.0,139.0,917.0,386.0,1.26,19318.7,162.0174235,1.365227908,37.25346325,0.08,0.01,-0.04,-0.01,0.76,1.4025,1.222,254.7,102.595,16.9236
7/1/2021,100.2519,19435.463,99.1602,90.3585,78.295,11049.0,1.26549078,5.4,29.8,2245.0,1851.0,4637.0,1160.0,370000,20282,515.3,12303,40.9,4.0,1597.0,924.0,417.0,1658.0,133.0,878.0,429.0,1.27,19488.5,160.8421133,1.336664233,36.71353723,0.1,0.0,-0.05,-0.02,0.66,1.3808,1.253,256.054,102.93,17.5754
8/1/2021,100.0437,19407.737,98.876,89.1666,77.9251,10956.0,1.323827936,5.1,29.5,2082.0,1932.0,4356.0,1167.0,360000,20345,518.6,12349,40.8,4.1,1594.0,898.0,330.0,1736.0,154.0,926.0,441.0,1.28,19686.8,161.1352794,1.319905974,35.88510915,0.09,0.01,-0.04,-0.02,0.68,1.3797,1.2599,260.429,103.814,17.0618
9/1/2021,98.8579,19234.211,98.0464,89.1116,77.0224,10879.0,1.421719812,4.7,28.5,2249.0,1728.0,3715.0,1001.0,355500,20434,520.3,12391,41.2,4.1,1577.0,814.0,429.0,1640.0,134.0,896.0,391.0,1.29,19867.8,162.6431115,1.332896303,34.19966022,0.08,0.02,-0.04,0.0,0.78,1.3732,1.2671,267.362,103.839,19.7806
10/1/2021,100.1861,19258.34,98.5471,89.7986,78.1049,11341.0,1.558043687,4.5,26.8,2065.0,1876.0,3345.0,974.0,284800,20543,524.3,12454,40.7,4.1,1579.0,822.0,422.0,1707.0,130.0,896.0,448.0,1.28,20046.4,161.7710439,1.336903747,32.53362974,0.08,0.03,-0.03,0.03,1.03,1.3701,1.2434,277.874,105.188,17.7838
11/1/2021,100.8654,19227.878,99.3175,89.3667,78.5506,11119.0,1.647015257,4.2,28.9,1993.0,1679.0,3065.0,884.0,236500,20635,526.8,12498,41.1,4.2,1705.0,941.0,429.0,1765.0,157.0,954.0,439.0,1.28,20234.8,161.5459296,1.285863876,32.30337878,0.08,0.06,-0.03,0.1,1.12,1.3463,1.2567,267.626,105.807,19.1586
12/1/2021,100.5726,19170.498,98.9529,89.6209,78.4351,11417.0,1.784463895,3.9,28.0,1985.0,1596.0,2787.0,794.0,216250,20709,531.1,12532,41.1,4.2,1722.0,884.0,387.0,1919.0,282.0,949.0,426.0,1.31,20398.8,161.7648403,1.291979756,30.69071402,0.08,0.09,-0.02,0.22,1.15,1.3303,1.28,269.049,106.855,21.2985
1/1/2022,100.1856,19062.795,98.6614,86.3138,77.7378,11238.0,1.725737101,4.0,24.5,2469.0,1610.0,2507.0,850.0,237600,20723,532.7,12560,40.7,4.2,1702.0,925.0,467.0,1920.0,144.0,1028.0,476.0,1.3,20520.9,161.9992862,1.331960219,28.27502994,0.08,0.14,0.07,0.47,1.46,1.3555,1.2622,282.527,108.135,22.9143
2/1/2022,100.8064,19079.074,99.2788,88.0225,78.1748,11661.0,1.850658626,3.8,26.3,2125.0,1769.0,2425.0,736.0,219500,20856,536.4,12608,41.2,4.4,1735.0,978.0,402.0,1857.0,189.0,959.0,476.0,1.31,20640.9,161.8135959,1.385165879,26.04104773,0.08,0.3,0.25,0.92,1.73,1.354,1.2711,296.755,108.485,26.1429
3/1/2022,101.3907,18998.629,99.5817,88.8094,78.5575,12134.0,2.01762554,3.7,24.2,2302.0,1706.0,1995.0,614.0,215000,20961,544.1,12676,40.9,4.2,1712.0,845.0,426.0,1868.0,196.0,980.0,453.0,1.31,20684.5,161.8954344,1.41121001,24.57503673,0.2,0.53,0.24,1.14,1.91,1.3168,1.266,301.98,108.208,26.9368
4/1/2022,101.44,19006.44,99.6109,86.1162,78.4892,11881.0,1.979506831,3.7,24.8,2279.0,1603.0,2015.0,628.0,213200,21022,552.9,12725,40.8,4.1,1820.0,1044.0,423.0,1859.0,177.0,995.0,434.0,1.32,20727.2,162.2348378,1.426761398,23.78695038,0.33,0.58,0.43,1.56,2.45,1.2933,1.2628,304.417,108.19,24.485
5/1/2022,101.3335,18963.136,99.2026,85.6995,78.1251,11483.0,1.919271269,3.6,22.4,2030.0,1760.0,2035.0,741.0,210000,21076,556.8,12739,40.8,4.0,1531.0,849.0,326.0,1704.0,140.0,931.0,402.0,1.34,20669.6,162.5543529,1.567599375,21.20502181,0.77,0.56,0.22,1.3,2.11,1.2438,1.2859,272.069,108.528,29.1728
6/1/2022,101.018,18871.331,98.4609,85.7783,77.6834,11256.0,1.891446816,3.6,22.3,2256.0,1525.0,2105.0,750.0,213500,21137,564.2,12768,40.6,3.9,1551.0,864.0,358.0,1737.0,178.0,933.0,423.0,1.34,20593.2,162.6290154,1.641981937,19.89992472,1.21,0.66,0.3,1.46,2.0,1.232,1.2804,266.501,109.107,28.2445
7/1/2022,101.223,19050.186,98.3842,84.2613,77.7019,11610.0,2.012829404,3.5,22.2,2084.0,1858.0,1817.0,697.0,218200,21203,569.7,12800,40.7,3.9,1381.0,713.0,334.0,1703.0,160.0,935.0,386.0,1.37,20531.7,161.6731911,1.647679586,19.80648214,1.68,0.82,0.58,1.37,1.31,1.1987,1.2936,241.022,108.835,24.5288
8/1/2022,101.0963,19115.806,98.4027,85.4092,77.654,10148.0,1.714478797,3.6,22.4,2190.0,1845.0,2039.0,808.0,216500,21237,566.7,12826,40.6,3.8,1531.0,804.0,363.0,1557.0,147.0,836.0,371.0,1.38,20435.1,161.3448059,1.560287441,20.95535909,2.33,0.43,0.3,0.95,0.7,1.1983,1.2917,244.922,109.369,22.3008
9/1/2022,101.2918,19158.931,98.3972,87.0204,77.6645,10812.0,1.866712707,3.5,20.2,2168.0,1627.0,1981.0,863.0,197750,21289,569.4,12848,40.6,3.8,1488.0,747.0,377.0,1600.0,154.0,860.0,373.0,1.39,20281.5,161.1496749,1.696350032,19.32091956,2.56,0.65,0.55,1.31,1.12,1.132,1.3339,233.27,109.774,27.0915
10/1/2022,101.2529,19196.543,98.6394,85.8158,77.8544,10488.0,1.758551308,3.6,20.8,2204.0,1803.0,1984.0,769.0,202400,21346,573.6,12883,40.7,3.9,1435.0,789.0,313.0,1594.0,121.0,912.0,340.0,1.39,20092.2,160.9778702,1.767345761,18.64100229,3.08,0.77,0.64,1.35,1.1,1.1332,1.3689,226.866,109.469,29.9215
11/1/2022,100.9552,19205.667,98.2188,85.8839,77.2186,10619.0,1.786808009,3.6,21.5,2253.0,1663.0,2039.0,795.0,210750,21384,579.7,12896,40.5,3.8,1424.0,740.0,355.0,1401.0,135.0,790.0,277.0,1.41,19923.0,161.114248,1.694608691,19.73931551,3.78,0.68,0.4,0.98,0.31,1.1727,1.3457,240.346,108.821,23.0367
12/1/2022,99.7664,19259.807,97.5557,82.9313,75.8688,10876.0,1.886229622,3.5,19.4,2229.0,1645.0,1894.0,821.0,208000,21407,581.5,12889,40.3,3.6,1308.0,686.0,305.0,1410.0,141.0,769.0,320.0,1.43,19671.3,160.7783992,1.710467381,19.99553039,4.1,0.41,0.16,0.59,-0.33,1.218,1.3585,244.226,108.584,21.7702
1/1/2023,100.505,19295.401,97.5101,84.2651,77.1602,10393.0,1.808421785,3.5,20.3,1941.0,1796.0,2008.0,921.0,203500,21453,589.0,12897,40.9,3.9,1361.0,795.0,307.0,1410.0,136.0,794.0,303.0,1.4,19527.5,159.9450429,1.700475666,20.41109291,4.33,0.28,0.21,0.36,-0.69,1.2237,1.3422,251.897,108.888,20.2269
2/1/2023,100.6416,19362.608,97.4305,85.1697,77.1498,9846.0,1.651459242,3.6,19.3,2272.0,1841.0,1870.0,814.0,215000,21481,589.7,12900,40.6,3.7,1399.0,772.0,346.0,1618.0,149.0,892.0,385.0,1.41,19384.6,159.203241,1.661402887,21.24548104,4.57,0.17,0.08,0.36,-0.63,1.2084,1.3454,255.57,108.922,20.2141
3/1/2023,101.0205,19448.229,97.5821,85.2789,76.6104,9572.0,1.639321802,3.5,19.5,2275.0,1746.0,1853.0,792.0,228750,21456,590.3,12890,40.4,3.6,1377.0,825.0,237.0,1480.0,169.0,789.0,320.0,1.43,18925.0,158.5982545,1.718759826,20.92068253,4.65,0.26,0.04,0.03,-0.83,1.2138,1.3683,242.279,108.793,22.0446
4/1/2023,101.253,19474.528,98.0634,85.3162,77.2433,9992.0,1.737436968,3.4,20.9,1869.0,1915.0,1851.0,772.0,216600,21482,593.4,12889,40.6,3.6,1354.0,751.0,303.0,1474.0,130.0,817.0,346.0,1.42,18615.2,157.8540978,1.659036953,21.93153273,4.83,0.2,0.09,-0.15,-1.29,1.2446,1.3484,244.57,108.833,17.493
5/1/2023,100.9286,19532.638,97.7899,85.5599,77.0575,9310.0,1.528986697,3.6,21.2,2079.0,1869.0,2050.0,907.0,226250,21481,597.0,12874,40.5,3.6,1584.0,885.0,343.0,1575.0,169.0,847.0,358.0,1.42,18549.1,157.0270337,1.653171016,22.29001649,5.06,0.09,0.09,-0.14,-1.46,1.2484,1.3517,251.809,108.994,17.3964
6/1/2023,100.1196,19553.713,96.8024,85.5389,76.4881,9191.0,1.542631756,3.6,20.7,2082.0,1833.0,2016.0,895.0,251750,21524,596.6,12877,40.5,3.6,1421.0,817.0,340.0,1464.0,136.0,794.0,334.0,1.42,18435.0,157.1838756,1.581222193,23.52751318,5.08,0.14,0.08,0.16,-1.13,1.2627,1.3286,251.261,108.586,14.0327
7/1/2023,100.9067,19596.868,97.6174,85.5925,76.7273,8606.0,1.453716216,3.5,20.6,1994.0,1745.0,2156.0,960.0,234800,21519,596.0,12863,40.5,3.6,1460.0,788.0,384.0,1522.0,122.0,853.0,348.0,1.41,18342.1,156.6721145,1.528613382,24.54982392,5.12,0.23,0.13,0.25,-0.98,1.2893,1.3211,256.294,107.864,13.8333
8/1/2023,100.8393,19622.827,97.6429,86.2283,76.6542,9287.0,1.477880331,3.7,20.4,2198.0,1931.0,2290.0,921.0,245000,21535,595.4,12856,40.6,3.6,1317.0,741.0,289.0,1561.0,155.0,828.0,365.0,1.4,18226.1,154.788287,1.550516695,24.32872528,5.33,0.11,-0.03,0.04,-1.02,1.2706,1.3478,246.357,107.471,15.7822
9/1/2023,101.0211,19628.768,97.5513,86.2524,76.672,9279.0,1.466803667,3.8,21.4,2066.0,2056.0,2282.0,1040.0,219000,21558,594.4,12869,40.5,3.6,1371.0,790.0,300.0,1537.0,131.0,859.0,346.0,1.38,18124.7,154.3290143,1.572049051,24.14467551,5.33,0.16,-0.01,0.11,-0.84,1.2381,1.3531,251.022,107.342,15.0424
10/1/2023,100.4689,19689.563,97.2171,85.5025,76.2599,8550.0,1.319648094,3.9,21.5,2285.0,1835.0,2362.0,1031.0,210250,21550,592.7,12836,40.6,3.5,1368.0,724.0,352.0,1528.0,150.0,865.0,339.0,1.4,18022.5,154.0537983,1.631219997,23.49488183,5.33,0.13,0.01,0.09,-0.56,1.2175,1.3712,245.972,107.206,19.0462
11/1/2023,100.8639,19785.645,97.5648,86.2171,76.5305,8663.0,1.385193476,3.7,19.4,2075.0,2061.0,2145.0,976.0,218000,21579,591.9,12858,40.7,3.5,1514.0,813.0,365.0,1503.0,114.0,811.0,379.0,1.4,17957.4,153.4965076,1.568890427,24.60878013,5.33,0.08,-0.06,-0.05,-0.84,1.2437,1.3707,247.491,106.659,13.8563
12/1/2023,100.6031,19847.006,97.3655,87.608,76.4545,8585.0,1.359461599,3.8,22.2,2204.0,1794.0,2345.0,1072.0,207400,21601,593.9,12865,40.4,3.4,1521.0,814.0,384.0,1519.0,127.0,856.0,334.0,1.4,17915.0,152.7955906,1.500595926,25.79811237,5.33,-0.01,-0.09,-0.37,-1.33,1.2657,1.3416,243.786,106.196,12.696
1/1/2024,99.2223,19932.436,96.1921,85.4628,75.2859,8468.0,1.377134493,3.7,20.8,2143.0,1852.0,2149.0,877.0,210000,21611,590.1,12866,40.0,3.5,1381.0,763.0,346.0,1545.0,148.0,826.0,351.0,1.41,17943.5,151.5887294,1.463518556,26.20635868,5.33,-0.07,-0.11,-0.54,-1.35,1.2701,1.3423,245.198,106.401,13.3453
2/1/2024,100.285,19963.623,97.0936,83.7869,76.2145,8445.0,1.306870938,3.9,20.9,2339.0,1942.0,2183.0,970.0,210750,21622,591.1,12853,40.4,3.6,1552.0,880.0,323.0,1577.0,224.0,796.0,323.0,1.4,17984.0,150.9141724,1.409649984,26.94624684,5.33,-0.11,-0.09,-0.41,-1.14,1.263,1.35,251.021,106.666,13.8808
3/1/2024,100.4575,19992.037,97.1281,85.71,76.2676,8093.0,1.245651839,3.9,21.6,2206.0,1977.0,2234.0,980.0,215000,21645,594.3,12838,40.6,3.5,1312.0,739.0,319.0,1476.0,139.0,798.0,343.0,1.4,17980.5,150.085067,1.369767579,27.47427957,5.33,-0.04,-0.09,-0.34,-1.13,1.2713,1.3536,253.748,106.76,13.7658
4/1/2024,100.2434,20018.113,96.8415,86.5005,75.805,7619.0,1.173598275,3.9,20.0,2273.0,1990.0,2131.0,879.0,210250,21650,588.2,12847,40.3,3.6,1385.0,818.0,284.0,1459.0,152.0,836.0,301.0,1.4,17970.2,149.5528503,1.392832958,26.93949144,5.33,0.0,-0.09,-0.19,-0.77,1.2517,1.3674,263.313,106.529,16.4023
5/1/2024,100.863,20111.997,97.3119,86.2558,76.1923,7901.0,1.19080633,4.0,21.2,2309.0,1922.0,2312.0,964.0,222000,21661,583.8,12849,40.7,3.7,1316.0,747.0,324.0,1407.0,120.0,781.0,323.0,1.41,17994.8,148.9057184,1.367508282,27.41864479,5.33,0.0,-0.08,-0.17,-0.83,1.2636,1.3667,276.464,105.603,12.8609
6/1/2024,100.894,20158.9,97.5133,85.5933,76.006,7412.0,1.082201781,4.1,20.7,2130.0,2108.0,2599.0,1066.0,235600,21665,583.7,12839,40.7,3.6,1327.0,741.0,291.0,1461.0,118.0,809.0,326.0,1.41,18026.5,148.4324284,1.329158482,28.22750124,5.33,-0.05,-0.09,-0.22,-1.01,1.2716,1.3705,278.534,105.548,12.6826
7/1/2024,99.9757,20164.512,96.6225,86.0265,75.3409,7504.0,1.057348175,4.2,20.6,2348.0,2162.0,2620.0,1078.0,236500,21677,583.9,12840,40.5,3.7,1265.0,643.0,271.0,1436.0,140.0,787.0,315.0,1.4,18023.1,148.5676435,1.308242571,28.70513069,5.33,-0.02,-0.13,-0.43,-1.17,1.287,1.3714,276.008,105.314,14.4084
8/1/2024,100.4309,20189.814,96.9989,86.1177,75.6471,7649.0,1.081742328,4.2,21.0,2465.0,2029.0,2698.0,1153.0,230800,21659,583.5,12800,40.5,3.6,1391.0,767.0,294.0,1476.0,142.0,813.0,312.0,1.41,18077.4,148.4919678,1.331186757,28.24319469,5.33,-0.21,-0.28,-0.9,-1.62,1.2945,1.3655,269.226,105.164,19.675
9/1/2024,99.8084,20216.213,96.2724,85.4691,75.1957,7103.0,1.02927112,4.1,22.6,2139.0,1987.0,2747.0,1133.0,225000,21691,585.1,12800,40.6,3.6,1357.0,723.0,289.0,1434.0,123.0,769.0,338.0,1.4,18142.6,148.0322525,1.305756956,28.79453477,5.13,-0.27,-0.41,-1.1,-1.63,1.3219,1.3546,281.02,105.385,17.6597
10/1/2024,99.4695,20263.282,95.5161,87.4505,74.6339,7615.0,1.092226047,4.1,22.9,2109.0,2082.0,2839.0,1231.0,236250,21641,584.7,12750,40.5,3.6,1352.0,664.0,328.0,1428.0,137.0,761.0,330.0,1.41,18199.8,147.3361365,1.27543754,29.49158799,4.83,-0.21,-0.32,-0.63,-0.92,1.3043,1.3757,288.937,105.427,19.9478
11/1/2024,99.2925,20316.65,95.3153,85.525,74.7343,8031.0,1.127791041,4.2,23.6,2208.0,2063.0,2890.0,1236.0,219400,21669,585.8,12770,40.5,3.6,1295.0,711.0,288.0,1508.0,134.0,814.0,339.0,1.4,18311.5,146.9296674,1.253893586,30.05415393,4.64,-0.11,-0.23,-0.32,-0.42,1.2738,1.3973,282.345,105.364,15.9822
12/1/2024,100.3273,20338.298,96.3927,87.2167,74.9627,7508.0,1.090328202,4.1,23.7,2156.0,1997.0,2758.0,1207.0,222250,21673,585.0,12760,40.5,3.6,1514.0,883.0,279.0,1480.0,144.0,804.0,311.0,1.39,18341.3,143.6377987,1.244940822,30.30559634,4.48,-0.02,-0.21,-0.25,-0.23,1.2647,1.4247,284.614,104.852,15.6997
1/1/2025,100.0647,20388.396,96.329,85.8658,74.6327,7762.0,1.133304132,4.0,22.0,2290.0,1935.0,2604.0,1161.0,213500,21662,581.6,12755,40.5,3.5,1358.0,698.0,387.0,1460.0,133.0,796.0,311.0,1.4,18422.6,142.8791412,1.258797,29.79873093,4.33,0.0,-0.12,-0.15,0.1,1.2354,1.4389,286.942,105.175,16.8122
2/1/2025,101.0993,20413.875,97.6361,84.7705,75.523,7480.0,1.060692002,4.1,21.3,2337.0,2152.0,2486.0,1031.0,226000,21686,585.8,12763,40.6,3.7,1490.0,820.0,408.0,1454.0,117.0,803.0,295.0,1.39,18481.5,142.0363037,1.253709,29.78125822,4.33,0.01,-0.11,-0.14,-0.05,1.2542,1.4299,301.002,105.602,17.0705
3/1/2025,101.0404,20547.128,97.6466,85.0647,75.785,7200.0,1.016518424,4.2,22.8,2362.0,2146.0,2501.0,1006.0,223200,21691,585.3,12764,40.8,3.7,1355.0,696.0,288.0,1481.0,119.0,834.0,319.0,1.38,18504.7,143.9997191,1.339647,27.77083987,4.33,-0.04,-0.13,-0.27,-0.29,1.2913,1.4356,320.136,105.55,21.6579
4/1/2025,101.1279,20658.839,97.4625,84.6384,75.6285,7395.0,1.031956461,4.2,23.2,2187.0,2269.0,2662.0,987.0,226000,21693,586.0,12764,40.7,3.6,1398.0,746.0,237.0,1422.0,136.0,762.0,330.0,1.38,18618.8,143.3838146,1.425587642,25.93403246,4.33,-0.01,-0.12,-0.38,-0.42,1.3144,1.3981,310.074,106.066,32.5116
5/1/2025,100.9655,20514.16,97.4001,85.2614,75.468,7712.0,1.065634932,4.2,21.8,2451.0,2208.0,2495.0,1039.0,234000,21680,582.9,12753,40.7,3.6,1282.0,699.0,296.0,1394.0,123.0,742.0,312.0,1.39,18649.6,144.509629,1.324204084,27.77290978,4.33,-0.04,-0.08,-0.24,-0.31,1.3358,1.3867,324.255,106.088,20.362
6/1/2025,101.4785,20494.762,97.6562,85.5153,75.6385,7357.0,1.048752673,4.1,23.0,2241.0,2131.0,2710.0,1063.0,241250,21659,581.5,12736,40.6,3.7,1382.0,707.0,311.0,1393.0,103.0,775.0,297.0,1.38,18745.4,144.0746579,1.28276322,28.48335028,4.33,-0.02,-0.1,-0.27,-0.37,1.3577,1.3668,343.45,106.59,18.3246
7/1/2025,101.8738,20559.297,98.0308,86.0352,75.8731,7208.0,0.996130459,4.2,24.1,2299.0,2034.0,2993.0,1167.0,221250,21643,578.1,12727,40.7,3.8,1429.0,844.0,240.0,1362.0,125.0,742.0,274.0,1.37,18798.9,143.6043227,1.234443,29.4596492,4.33,-0.05,-0.08,-0.25,-0.38,1.3489,1.3691,368.36,106.46,16.4718
8/1/2025,101.6019,20585.615,97.756,86.0421,75.8175,7227.0,0.978737812,4.3,24.5,2476.0,2049.0,2977.0,1047.0,230000,21610,576.5,12716,40.7,3.7,1307.0,667.0,313.0,1330.0,121.0,699.0,308.0,1.37,18836.4,143.3760854,1.21866,29.62857478,4.33,-0.11,-0.21,-0.44,-0.54,1.3456,1.3797,373.092,106.373,15.7545
9/1/2025,101.6729,20603.322,97.7772,85.9553,75.7648,7658.0,1.007233987,4.4,24.1,2227.0,2367.0,3105.0,1290.0,234750,21627,574.2,12711,40.7,3.8,,,,,,,,1.37,18912.8,143.1271399,1.191977,30.05841422,4.22,-0.12,-0.31,-0.57,-0.57,1.3506,1.3834,387.56,106.304,15.6325
10/1/2025,101.616,,97.6602,85.4726,75.4096,7670.0,,,,,,,,226750,21618,576.5,12702,40.6,3.8,,,,,,,,,19004.1,,,30.37736789,4.09,-0.11,-0.26,-0.47,-0.43,1.3357,1.3988,,,18.0058
11/1/2025,101.7935,,97.8038,86.7417,75.3636,,,4.6,23.0,2543.0,2202.0,3099.0,1189.0,217600,21637,572.0,12697,40.8,3.9,,,,,,,,,19025.7,,,,3.88,-0.02,-0.1,-0.22,-0.21,1.3139,1.4056,,,19.3448
